t,px,py,pz,vx,vy,vz,qw,qx,qy,qz
0.0,0.5483466634754786,-3.4246592656081902e-18,1.0193893125536413,-0.14022085218121852,1.89400218590407e-18,-0.010017139866119684,0.99993915051061,-2.619832617253512e-19,0.011031558190889083,3.27369582971761e-20
0.002,0.5480667237457311,-3.4208607162296477e-18,1.0193709236214448,-0.1397153411743923,1.904429954165075e-18,-0.008371872133757082,0.999933521903091,-2.4540299304731e-19,0.01153047156364134,3.509519409254892e-20
0.004,0.5477877883340322,-3.4170427065309976e-18,1.019354414763242,-0.13921618414259757,1.9134028238018392e-18,-0.008137077994089456,0.9999265779832749,-2.2342654642618313e-19,0.012117699561256348,3.7277480117635026e-20
0.006,0.5475098708543499,-3.4132076908033412e-18,1.0193383750525093,-0.13869776237728002,1.921627261265872e-18,-0.00790272027271218,0.9999199657460106,-2.20088453643278e-19,0.012651565219227189,3.772161821483329e-20
0.008,0.5472330141009311,-3.4093559953328875e-18,1.0193228034781716,-0.1381552149493214,1.9298829962868655e-18,-0.007668951791193727,0.999912583582525,-1.9756460440695923e-19,0.013222147833062487,3.80856210658096e-20
0.01,0.5469572627047573,-3.405489228379934e-18,1.0193076989198246,-0.13759263557817505,1.9367538012905938e-18,-0.007435702243779085,0.999905355349813,-1.833443912389918e-19,0.013757919274502846,3.959315596979085e-20
0.012,0.5466826593714951,-3.4016086464233763e-18,1.0192930602357713,-0.1370070065136369,1.9437166249163065e-18,-0.007203085464829875,0.9998975252370603,-1.7194934675659168e-19,0.014315691558623922,4.010315276754324e-20
0.014,0.5464092478696633,-3.397715300303421e-18,1.0192788861916366,-0.13640095714417572,1.9495183701052625e-18,-0.006971061897383604,0.9998897273833135,-1.5512330109353505e-19,0.01485035599985567,4.1221719022080466e-20
0.016,0.5461370706582415,-3.3938102356743457e-18,1.0192651755215494,-0.1357726319862273,1.9555263379272273e-18,-0.006739717795027069,0.999881447712554,-1.520507021763717e-19,0.015397743998596343,4.391113171329322e-20
0.018000000000000002,0.5458661707712902,-3.389893803243492e-18,1.019251926879305,-0.13512373680367396,1.9608680683981292e-18,-0.006509034703913712,0.9998731189171141,-1.462419141474434e-19,0.015929408870450096,4.655370571563029e-20
0.02,0.5455965903219616,-3.385966479531971e-18,1.0192391388806148,-0.13445314894865823,1.9664178374890824e-18,-0.006279079482242058,0.9998643941128428,-1.4046265742193692e-19,0.016467950247592643,4.918946367873238e-20
0.022,0.5453283716911711,-3.382028829255591e-18,1.0192268100700599,-0.1337619915545242,1.9711948485892743e-18,-0.006049847918528046,0.9998555672540622,-1.2922666183513874e-19,0.01699542971086266,5.207416983775441e-20
0.024,0.545061556584318,-3.3780815413655662e-18,1.0192149389501528,-0.13304960397948284,1.976073874766661e-18,-0.0058213932588263295,0.9998464060771861,-1.263362804598761e-19,0.01752610209185455,5.029530391615675e-20
0.026000000000000002,0.5447961867810647,-3.374124993157835e-18,1.0192035239592279,-0.1323167417689353,1.9805096669567225e-18,-0.005593720724493745,0.9998371097370221,-1.2620345596363414e-19,0.01804865625793895,4.822701601533369e-20
0.028,0.5445323035406292,-3.3701589985487744e-18,1.0191925634914054,-0.1315630354816471,1.985483875344726e-18,-0.005366873986171902,0.9998275239683604,-1.315451822702061e-19,0.018572084301361824,4.5919044327757154e-20
0.03,0.5442699480747845,-3.366183354565026e-18,1.0191820558819868,-0.13078900868521492,1.9902314219033066e-18,-0.0051408643659405385,0.999817783574933,-1.368705814269765e-19,0.01908925476040784,4.293168616883697e-20
0.032,0.5440091611729817,-3.362197534133403e-18,1.0191719994211939,-0.12999447541466888,1.9955148797414405e-18,-0.004915728749747417,0.9998077870313877,-1.3661630085300774e-19,0.019605840747050046,4.292912759607658e-20
0.034,0.5437499835008075,-3.3582017751324566e-18,1.0191623923446718,-0.12917981277552856,2.00024276301269e-18,-0.00469148227457946,0.999797625700484,-1.4185775403998604e-19,0.020117346834864894,4.37203057608873e-20
0.036000000000000004,0.5434924553637472,-3.3541955882552764e-18,1.0191532328429969,-0.1283449503373942,2.0059425117596103e-18,-0.004468156956408104,0.9997872335188779,-1.470552137562826e-19,0.02062735302137127,4.4851733730208914e-20
0.038,0.543236616895575,-3.3501784504620787e-18,1.0191445190556347,-0.12749017266745788,2.0111934389466647e-18,-0.004245770192604581,0.9997766726601914,-1.5769014152552397e-19,0.02113302639273656,4.643650977213637e-20
0.04,0.542982507909554,-3.3461497327942683e-18,1.0191362490775848,-0.12661548201724626,2.017631038241715e-18,-0.004024350435170133,0.9997659007860107,-1.6828228479990675e-19,0.02163662694451823,4.836002266932451e-20
0.042,0.5427301680174212,-3.34210844642294e-18,1.019128420955661,-0.12572110441612028,2.023616560745169e-18,-0.003803916293079573,0.9997549605326813,-1.6241271353920062e-19,0.02213637030537018,4.786643674160823e-20
0.044,0.5424796365357335,-3.3380550584637016e-18,1.0191210326932085,-0.12480708776735376,2.0298054844978596e-18,-0.0035844935414076763,0.9997438253605739,-1.620417891086174e-19,0.022633684044046514,4.852389053600901e-20
0.046,0.5422309525610886,-3.33398956185867e-18,1.0191140822479363,-0.1238736209986539,2.0357615200466996e-18,-0.0033661012986847725,0.999732524869637,-1.6714005535416336e-19,0.0231274451200321,4.999027200210911e-20
0.048,0.541984154911254,-3.3299116952427147e-18,1.0191075675353396,-0.12292078061332899,2.0419212027124244e-18,-0.0031487632640198556,0.9997210429936881,-1.4485064230379417e-19,0.023618556171198006,4.8420845972135227e-20
0.05,0.5417392821727943,-3.3258232313444013e-18,1.0191014864275632,-0.12194873195020443,2.0463232042304904e-18,-0.002932498599449393,0.999709400654115,-1.1718521725571223e-19,0.024106311285429442,4.672637880043365e-20
0.052000000000000005,0.5414963726641413,-3.3217261528344713e-18,1.019095836755958,-0.12095756935386709,2.0508270163041574e-18,-0.002717329335035463,0.9996975886961498,-1.2247878874712677e-19,0.024591282095566283,4.822860641326376e-20
0.054,0.5412554644658247,-3.3176200012782426e-18,1.0190906163106237,-0.11994744309040081,2.055432383583322e-18,-0.0025032743699159987,0.9996856222717712,-1.3871925199686288e-19,0.025073025806667117,4.9654748284117504e-20
0.056,0.5410165953973839,-3.3135036662278535e-18,1.0190858228423856,-0.11891845855562458,2.0609011278037307e-18,-0.0022903543411668613,0.9996734967643734,-1.3301045887751822e-19,0.025551905347556497,4.847076999064941e-20
0.058,0.5407798030366343,-3.309377312713674e-18,1.019081454062784,-0.11787075630813527,2.0653784342097966e-18,-0.00207858768604863,0.999661223491491,-1.327999989042008e-19,0.026027643909804145,4.7772416468073717e-20
0.06,0.5405451247053122,-3.305241177177711e-18,1.0190775076456606,-0.11680444850788063,2.0708283150695006e-18,-0.0018679938369024918,0.9996488007989796,-1.4355169321779174e-19,0.026500472847902776,4.736134924535666e-20
0.062,0.5403125974814325,-3.301094334855335e-18,1.0190739812274392,-0.11571966938433649,2.07615752969764e-18,-0.0016585906420906694,0.9996362374527716,-1.6523469937836854e-19,0.02697022008190296,4.689921045904394e-20
0.064,0.5400822581904451,-3.2969353926802545e-18,1.0190708724084503,-0.11461653515305147,2.0826735427978753e-18,-0.0014503964588059705,0.9996235337182872,-1.4842638457091145e-19,0.02743703403366882,4.677249388614834e-20
0.066,0.539854143413241,-3.2927654676713714e-18,1.0190681787533966,-0.11349517583991295,2.0871044313008293e-18,-0.0012434284674987814,0.9996106966579135,-1.207207122526997e-19,0.027900808717330215,4.6004181758658885e-20
0.068,0.5396282894807903,-3.288586471377702e-18,1.0190658977925018,-0.11235571000317943,2.0919632493714546e-18,-0.001037704040756495,0.9995977277683443,-1.2055037183798998e-19,0.028361640297474587,4.4976245613788674e-20
0.07,0.5394047324794075,-3.2843984208055396e-18,1.0190640270220928,-0.11119826480076583,2.0961586127844273e-18,-0.0008332396440197664,0.9995846329676245,-1.3134697531856708e-19,0.02881946451584178,4.357733812705302e-20
0.07200000000000001,0.5391835082475896,-3.2802007892424097e-18,1.0190625639056266,-0.11002296004876633,2.1013261557305926e-18,-0.000630051729917782,0.9995714145306546,-1.2561068161881685e-19,0.029274344624373824,4.3077269924179627e-20
0.074,0.5389646523795593,-3.2759939607522224e-18,1.0190615058743453,-0.10882992087474899,2.1053919268693455e-18,-0.00042815602293401825,0.9995580775990458,-1.2536965413303322e-19,0.029726242724234735,4.273794204909483e-20
0.076,0.538748200223494,-3.271778209866225e-18,1.019060850328218,-0.10761926766395363,2.110212341834255e-18,-0.00022756810326286252,0.9995446249284103,-1.0872080134349136e-19,0.03017520135349246,4.12268576788293e-20
0.078,0.5385341868839867,-3.2675548619416724e-18,1.0190605946366371,-0.10639112403733086,2.1130620541524e-18,-2.8302942458870888e-05,0.9995310611255103,-8.666052395332326e-20,0.03062119927945074,3.9897816454369433e-20
0.08,0.5383226472211582,-3.263325200077429e-18,1.0190607361393007,-0.1051456105105595,2.116563081706932e-18,0.0001696247154884861,0.9995173892317907,-8.111774955980855e-20,0.031064266018457992,3.907569089419224e-20
0.082,0.5381136158524389,-3.2590898480919487e-18,1.019061272146931,-0.10388284952389763,2.1188612071929714e-18,0.0003662006547158728,0.9995036134775469,-8.655086704402262e-20,0.03150439088963631,3.893839083121138e-20
0.084,0.5379071271522421,-3.2548483752887434e-18,1.0190621999421117,-0.10260296144254084,2.122683813876683e-18,0.0005614109386409405,0.9994897370627054,-9.741796324973006e-20,0.03194159523762786,4.0002159826425315e-20
0.08600000000000001,0.5377032152533223,-3.250599916589542e-18,1.0190635167800162,-0.10130606772738297,2.1259556294469607e-18,0.0007552421038019234,0.9994757639448051,-1.1917295145099105e-19,0.03237587507618252,4.209844256789871e-20
0.088,0.5375019140468061,-3.2463427766512333e-18,1.0190652198892103,-0.0999922884118544,2.1312918013909736e-18,0.000947680997108887,0.999461697399243,-1.2992075271110896e-19,0.032807246635832066,4.2120885496438573e-20
0.09,0.5373032571832874,-3.242076174951033e-18,1.019067306472382,-0.09866174410038031,2.1351994105805636e-18,0.0011387149002469483,0.9994475411786666,-1.1333274845195172e-19,0.03323571019126341,3.8161442119734096e-20
0.092,0.5371072780730881,-3.2378012208649193e-18,1.0190697737071173,-0.0973145543763159,2.1397535350670327e-18,0.0013283314229095597,0.9994332985799927,-1.1320187762492097e-19,0.03366127878609812,3.6471399735269466e-20
0.094,0.5369140098871913,-3.2335180392370792e-18,1.0190726187466244,-0.09595083906119037,2.143318114038589e-18,0.0015165185820857623,0.9994189731953891,-1.0742056898934011e-19,0.03408395542002928,3.9738495225038134e-20
0.096,0.5367234855576506,-3.2292270079829273e-18,1.0190758387204866,-0.09457071720982013,2.1479662005480212e-18,0.0017032647316488484,0.999404568308354,-1.3461530968162754e-19,0.03450375116408505,4.206502043678599e-20
0.098,0.536535737778425,-3.224926109108353e-18,1.0190794307353797,-0.093174307903443,2.1529309032552497e-18,0.0018885586123676586,0.9993900873796719,-1.3433186908528066e-19,0.03492067077322927,4.2067971312225543e-20
0.1,0.5363507990058854,-3.220615292498084e-18,1.0190833918758035,-0.09176172961513457,2.1578839490610088e-18,0.0020723893050780835,0.999375533656906,-1.3401429169474071e-19,0.035334724110639086,4.309855844809951e-20
0.10200000000000001,0.536168701459592,-3.2162945813604737e-18,1.0190877192047898,-0.09033310070905057,2.1628254582491487e-18,0.002254746261720787,0.9993609104885713,-1.3365111755354336e-19,0.035745917073904176,4.549640717286987e-20
0.10400000000000001,0.5359894771228645,-3.2119639985730394e-18,1.0190924097646155,-0.08888853903938576,2.1677556447578607e-18,0.002435619273794922,0.9993462210718835,-1.3321877261390756e-19,0.036154258799577454,4.994319045097603e-20
0.106,0.5358131577435271,-3.2076235664762965e-18,1.019097460577498,-0.08742816226432372,2.172565958749151e-18,0.0026149984911145426,0.9993314686557089,-1.2198152749778868e-19,0.03655975594044545,4.98741156230271e-20
0.108,0.5356397748345235,-3.2032740322703052e-18,1.0191028686462928,-0.08595208759229729,2.177039498685412e-18,0.0027928744001570927,0.9993166563777861,-1.32774175162378e-19,0.03696241720887487,4.889513442331285e-20
0.11,0.5354693596746435,-3.198914652372586e-18,1.0191086309551756,-0.0844604319791272,2.1823751137226803e-18,0.0029692378348805306,0.9993017873957368,-1.4347837258210055e-19,0.03736224976746787,4.9287163116658664e-20
0.112,0.5353019433091698,-3.194544794730108e-18,1.0191147444703228,-0.08295331196720078,2.1873717786548993e-18,0.003144079961474315,0.9992868647821356,-1.2681374399680303e-19,0.0377592620941011,4.659879527998316e-20
0.114,0.5351375565505966,-3.1901656083267767e-18,1.0191212061405819,-0.0814308438089826,2.1917043793178163e-18,0.003317392284051427,0.9992718916090331,-1.1022664927400603e-19,0.03815346170540798,4.3918470487838444e-20
0.116,0.5349762299792997,-3.1857784181247492e-18,1.019128012898136,-0.07989314336481747,2.1953760800139386e-18,0.003489166633540681,0.9992568708803925,-9.371674237200364e-20,0.03854485696338263,4.1246147610855304e-20
0.11800000000000001,0.534817993944253,-3.1813845427703952e-18,1.019135161659159,-0.07834032618004334,2.1983900322351323e-18,0.003659395170075844,0.9992418055866029,-7.728367868738136e-20,0.03893345563942343,3.8581785644298664e-20
0.12,0.5346628785637163,-3.1769852946185714e-18,1.0191426493244675,-0.0767725074197927,2.2007493812597998e-18,0.0038280703745669662,0.9992266986610301,-6.08873565193893e-20,0.039319266053429655,3.6952558739656655e-20
0.122,0.5345109137259538,-3.1725819796939402e-18,1.0191504727801606,-0.07518980191687845,2.2024573145108513e-18,0.003995185048965472,0.9992115530151727,-4.454152187830638e-20,0.03970229616795489,3.601361517836585e-20
0.124,0.5343621290899359,-3.16817589762034e-18,1.0191586288982564,-0.07359232412995602,2.2035170426308653e-18,0.004160732309569909,0.999196371510766,-2.827297209663874e-20,0.04008255430633821,3.50781026313813e-20
0.126,0.5342165540860613,-3.163768341598543e-18,1.0191671145373193,-0.0719801881730093,2.2039317736320207e-18,0.004324705585929155,0.9991811569824613,-1.2067741011733725e-20,0.04046004858117857,3.4488381533351267e-20
0.128,0.5340742179168714,-3.159360598419558e-18,1.019175926543081,-0.07035350778827346,2.2037047075593277e-18,0.004487098615273153,0.9991659122199515,4.0607816691831066e-21,0.04083478734698416,3.390162920531148e-20
0.13,0.5339351495577773,-3.154953948483279e-18,1.019185061749054,-0.06871239636414765,2.2028390405600975e-18,0.004647905440546677,0.9991506399826178,2.012667809447485e-20,0.04120677883949205,3.3659796019636306e-20
0.132,0.533799377757784,-3.1505496657933253e-18,1.0191945169771381,-0.06705696691745495,2.201337970174296e-18,0.004807120405572357,0.9991353429881079,3.610205510599863e-20,0.04157603146089259,3.307770650416732e-20
0.134,0.5336669310402239,-3.1461490179842596e-18,1.0192042890382194,-0.06538733210408633,2.199204667053543e-18,0.004964738152533103,0.9991200239218152,5.20300477912495e-20,0.04194255355212332,3.3183239721615316e-20
0.136,0.5335378377034898,-3.1417532663319474e-18,1.0192143747327627,-0.06370360420717702,2.1964423225444573e-18,0.005120753617614773,0.9991046854296096,6.789623625597202e-20,0.04230635357250878,3.363321015728381e-20
0.138,0.533412125821775,-3.1373636657267644e-18,1.019224770851397,-0.062005895143195586,2.1930541307074142e-18,0.005275162028142705,0.9990893301239933,8.368642368167223e-20,0.04266743995591874,3.4083612091672625e-20
0.14,0.5332898232458139,-3.132981464679182e-18,1.0192354741754936,-0.06029431645387938,2.189043269162944e-18,0.005427958898541701,0.9990739605795044,9.940124086670379e-20,0.043025821223823445,3.453481662099708e-20
0.14200000000000002,0.5331709576036288,-3.128607905361763e-18,1.019246481477737,-0.0585689793094793,2.184412902322816e-18,0.005579140027259475,0.9990585793367376,1.1504091204015255e-19,0.0433815058943446,3.4986398211856377e-20
0.14400000000000002,0.5330555563012784,-3.1242442236375133e-18,1.0192577895226897,-0.05682999450309346,2.179166176148295e-18,0.005728701492939955,0.9990431888994664,1.3060592239661891e-19,0.04373450255332176,3.543832755305968e-20
0.146,0.5329436465236108,-3.1198916490882548e-18,1.0192693950673481,-0.055077472452145906,2.173306229025626e-18,0.005876639651219478,0.9990277917372928,1.4611125793060928e-19,0.044084819796723525,3.6232930048269215e-20
0.148,0.5328352552350184,-3.11555140501709e-18,1.0192812948616943,-0.05331152319425981,2.1668361972800666e-18,0.0060229511310469445,0.999012390283875,1.6154225978903793e-19,0.04443246627523648,3.7027036732450826e-20
0.15,0.5327304091801979,-3.111224708466638e-18,1.0192934856492386,-0.051532256387649536,2.1597592066292996e-18,0.006167632831408391,0.998996986938698,1.7691437947167014e-19,0.04477745065771839,3.816254814884002e-20
0.152,0.5326291348849115,-3.1069127702309376e-18,1.0193059641675564,-0.04973978130799138,2.152078379916486e-18,0.006310681917751664,0.9989815840660113,1.922126189728143e-19,0.045119781659091904,3.929671979509631e-20
0.154,0.532531458656753,-3.10261679486917e-18,1.0193187271488173,-0.047934206848156954,2.1437968275812134e-18,0.006452095818675566,0.9989661839960382,2.074373415381149e-19,0.04545946801707115,4.042953161309202e-20
0.156,0.5324374065859152,-3.0983379807351533e-18,1.0193317713203083,-0.04611564151573921,2.1349176445598182e-18,0.006591872222432248,0.9989507890243683,2.225889086566803e-19,0.04579651850952962,4.1560963631726685e-20
0.158,0.5323470045459616,-3.0940775200082857e-18,1.01934509340495,-0.04428419343239645,2.125443910344724e-18,0.006730009073604494,0.9989354014128076,2.376676800688788e-19,0.046130941939600614,4.2690995967470926e-20
0.16,0.5322602781946001,-3.0898365987243767e-18,1.0193586901218048,-0.04243997033181733,2.115378689044035e-18,0.006866504569668994,0.9989200233890653,2.526898210670868e-19,0.046462747146409994,4.416190545425558e-20
0.162,0.5321772529744597,-3.0856162880095272e-18,1.019372558186581,-0.040583079558844874,2.105051391421919e-18,0.0070013571576773076,0.9989046571473733,2.4555853583342774e-19,0.046791942995460786,4.2884687565540995e-20
0.164,0.5320979541138703,-3.0814160945514505e-18,1.0193866943121268,-0.03871362806774349,2.095116137754537e-18,0.007134565530869606,0.9988893048483629,2.4935226744416445e-19,0.04711853838518439,3.9727335159841276e-20
0.166,0.5320224066276444,-3.0772362521734675e-18,1.0194010952089207,-0.036831722421209315,2.0848091959188444e-18,0.007266128625369565,0.9988739686195376,2.3125521310179427e-19,0.047442542240660635,3.829528180610491e-20
0.168,0.5319506353178622,-3.073075652973763e-18,1.0194157575855534,-0.034937468788852455,2.0756547263162103e-18,0.007396045616842224,0.9988586505552712,2.4067294919114233e-19,0.047763963517534855,3.6246678677302494e-20
0.17,0.5318826647746586,-3.0689348634700637e-18,1.0194306781492033,-0.03303097294616014,2.0651448279774376e-18,0.007524315917209744,0.9988433527171887,2.4458627808141897e-19,0.04808281119784447,3.4806879431278845e-20
0.17200000000000001,0.5318185193770127,-3.0648140125808247e-18,1.0194458536061064,-0.031112340273138982,2.0556801369365514e-18,0.007650939171349607,0.9988280771342428,2.4847281522518485e-19,0.048399094292277865,3.371395103332948e-20
0.17400000000000002,0.5317582232935399,-3.060713552177298e-18,1.0194612806620185,-0.029181675753272393,2.0447544610890502e-18,0.007775915253836023,0.998812825803036,2.523572737331576e-19,0.04871282183733231,3.296588143407244e-20
0.176,0.5317018004832864,-3.0566340050218557e-18,1.0194769560226713,-0.027239083972287532,2.0346582290767306e-18,0.007899244265676363,0.9987976006879485,2.671600206491527e-19,0.049024002896530035,3.1344338443829555e-20
0.178,0.5316492746965252,-3.0525763634701188e-18,1.0194928763942221,-0.025284669117132688,2.0228854061740125e-18,0.008020926531081513,0.9987824037214231,2.819517803390422e-19,0.04933264655841878,3.0410715775666626e-20
0.18,0.5316006694755556,-3.04854154373671e-18,1.0195090384836973,-0.02331853497484614,2.0120544049731214e-18,0.008140962594239503,0.9987672368041266,2.6370063288726434e-19,0.04963876193713306,2.8707594152196256e-20
0.182,0.5315560081555032,-3.0445284996886054e-18,1.0195254389994286,-0.021340784931569195,2.0009642016069146e-18,0.008259353216117243,0.9987521018052119,2.73039029469814e-19,0.04994235817092906,2.8383659758146366e-20
0.184,0.5315153138651232,-3.040537784709992e-18,1.0195420746514838,-0.019351521971502153,1.9896169524185687e-18,0.008376099371270897,0.9987370005625011,2.8779537522431962e-19,0.050243444422335894,2.778797358202637e-20
0.186,0.5314786095276051,-3.036570637110186e-18,1.0195589421520905,-0.017350848675962424,1.977361034484135e-18,0.008491202244680843,0.9987219348827335,3.025166855723674e-19,0.05054202987703028,2.7879376812842064e-20
0.188,0.5314459178613794,-3.0326282894296982e-18,1.0195760382160541,-0.015338867222417766,1.9648537619353277e-18,0.008604663228598755,0.9987069065417634,3.2269447329958134e-19,0.0508381237437321,2.872142260065391e-20
0.19,0.5314172613809265,-3.0287120768415462e-18,1.019593359561169,-0.013315679383594955,1.951444090625355e-18,0.008716483919417163,0.9986919172847993,3.2070064920665403e-19,0.05113173525329636,2.725684750101485e-20
0.192,0.5313926623975866,-3.0248218773940933e-18,1.0196109029086238,-0.011281386526583644,1.938768125593194e-18,0.008826666114553555,0.9986769688266115,3.187043463454912e-19,0.05142287365845024,2.5795135685757594e-20
0.194,0.5313721430203723,-3.0209575683218092e-18,1.0196286649834,-0.009236089611998548,1.9256262348539113e-18,0.008935211809355591,0.9986620628517664,3.0578945311454496e-19,0.05171154823302488,2.5584599670006313e-20
0.196,0.5313557251567818,-3.0171181571757086e-18,1.0196466425146657,-0.0071798891931492675,1.9138697866020348e-18,0.00904212319402257,0.9986472010148406,2.929716844626139e-19,0.0519977682715954,2.605722450621591e-20
0.198,0.5313434305136148,-3.0133026562657744e-18,1.019664832236161,-0.005112885415257412,1.901643011269296e-18,0.009147402650547313,0.9986323849406524,2.9123130178722766e-19,0.052281543088803624,2.6982796845968188e-20
0.2,0.5313352805977892,-3.0095108809487006e-18,1.0196832308865793,-0.0030351780146889726,1.890144149751132e-18,0.009251052749675366,0.998617616224481,2.9504506471477117e-19,0.052562882018939744,2.898680978341655e-20
0.202,0.53133129671716,-3.005742937385268e-18,1.0197018352099418,-0.0009468663182268253,1.877847641678209e-18,0.009353076247884375,0.9986028964322957,2.9343647150988494e-19,0.0528417944153252,3.2642622752129255e-20
0.20400000000000001,0.5313314999813382,-3.0019986404064916e-18,1.0197206419559657,0.0011519507576369511,1.8663888735413055e-18,0.009453476084381528,0.9985882271009785,2.8083535300875814e-19,0.0531182896498603,3.618647887408947e-20
0.20600000000000002,0.5313359113025132,-2.9982776231585217e-18,1.0197396478804264,0.003261174707373366,1.854567697274398e-18,0.009552255378121028,0.998573609738553,2.900754756683921e-19,0.05339237711244779,3.684508578122917e-20
0.20800000000000002,0.5313445513962747,-2.994580173135458e-18,1.0197588497455146,0.005380707437066349,1.8428219464283635e-18,0.009649417424840297,0.9985590458244092,2.9929007639220094e-19,0.05366406621052182,3.7845782078014266e-20
0.21,0.5313574407824364,-2.990907009634241e-18,1.019778244320187,0.007510451265030395,1.8301727450581388e-18,0.009744965694116191,0.9985445368095321,3.1397117109473044e-19,0.05393336636849992,3.923535118661148e-20
0.212,0.5313745997858617,-2.987259210445544e-18,1.0197978283805105,0.009650308922404307,1.8177118042529242e-18,0.009838903826440403,0.998530084116728,3.010801840937666e-19,0.05420028702730289,3.9706296820414494e-20
0.214,0.5313960485372893,-2.9836358190412724e-18,1.019817598710001,0.011800183553715,1.8057645492209146e-18,0.009931235630314937,0.9985156891408534,2.882134929581703e-19,0.054464837643827466,3.948961134877837e-20
0.216,0.531421806974161,-2.9800358106358176e-18,1.0198375520999576,0.01395997871741669,1.7943283912336373e-18,0.010021965079367189,0.9985013532490424,2.753897338360144e-19,0.05472702769046319,3.892909115811857e-20
0.218,0.5314518948414497,-2.9764581656290747e-18,1.0198576853497887,0.016129598386401805,1.7834007365849898e-18,0.010111096309485172,0.998487077780936,2.626086514819485e-19,0.05498686665458084,3.8025574847640276e-20
0.22,0.5314863316924892,-2.972901869609972e-18,1.0198779952673345,0.018308946948487045,1.772978990576331e-18,0.010198633615972686,0.99847286404891,2.4987007843972176e-19,0.05524436403805007,3.677989418201616e-20
0.222,0.5315251368898037,-2.969365913351994e-18,1.0198984786691827,0.02049792920687241,1.7630605622146276e-18,0.01028458145072474,0.9984587133383043,2.37192664076212e-19,0.05549952935674045,3.5534616545611286e-20
0.224,0.5315683296059402,-2.9658492928055925e-18,1.019919132380979,0.022696450380575443,1.753642867303525e-18,0.01036894441942317,0.9984446269076518,2.245571753590218e-19,0.05575237214004229,3.3947626493913945e-20
0.226,0.5316159288242994,-2.9623510090867056e-18,1.0199399532377318,0.024904416104839455,1.744723321713914e-18,0.010451727278752685,0.998430605988908,2.1194444461773934e-19,0.056002901930378345,3.167802507387688e-20
0.228,0.5316679533399691,-2.9588702859069816e-18,1.0199609380841115,0.027121732431517227,1.7358645026111875e-18,0.010532934933637288,0.99841665178768,2.2687730480627024e-19,0.05625112828272921,2.992885419764972e-20
0.23,0.5317244217605578,-2.955407945499742e-18,1.019982083774744,0.029348305829429495,1.7265222013513947e-18,0.010612572434497302,0.9984027654834562,2.1450447894396798e-19,0.05649706076415438,3.212229409993738e-20
0.232,0.5317853525070289,-2.9519632117145084e-18,1.0200033871744993,0.031584043184699324,1.7182212661746332e-18,0.010690644974526918,0.9983889482298349,2.1319530094527184e-19,0.056740708953323206,3.471539525235047e-20
0.234,0.5318507638145354,-2.9485359642465287e-18,1.0200248451587743,0.03382885180106199,1.708890740690555e-18,0.010767157886992484,0.9983752011547552,2.337152886481455e-19,0.05698208244004446,3.434508546537153e-20
0.23600000000000002,0.531920673733256,-2.945127533990874e-18,1.0200464546137702,0.036082639400151155,1.6996220930230041e-18,0.010842116642551509,0.9983615253607249,2.211209945373651e-19,0.05722119082480342,3.277390894572513e-20
0.23800000000000002,0.5319951001292303,-2.9417371443265588e-18,1.0200682124367642,0.03834531412176128,1.6908497409120509e-18,0.010915526846592508,0.9983479219250511,2.085872265178494e-19,0.057458043718299344,3.1204325960586045e-20
0.24,0.5320740606851962,-2.9383638052184912e-18,1.0200901155363769,0.04061678452408675,1.6825711336555658e-18,0.010987394236595685,0.9983343919000688,1.9617258834238474e-19,0.05769265074098901,3.0662651803106827e-20
0.242,0.5321575729014264,-2.9350065316884236e-18,1.0201121608328338,0.04289695958393788,1.674783766076189e-18,0.011057724679514583,0.9983209363133704,1.8385668316305103e-19,0.057925021522631785,3.0805207489648516e-20
0.244,0.5322456540965659,-2.9316643437337178e-18,1.0201343452582217,0.045185748696934175,1.6674851665696898e-18,0.011126524169178689,0.9983075561680346,1.7157958698618085e-19,0.05815516570183975,3.060413591438571e-20
0.246,0.53233832140847,-2.928336266280171e-18,1.020156665756739,0.047483061677674965,1.6606728714717103e-18,0.011193798823717105,0.9982942524428552,1.5934117422772355e-19,0.058383092925630105,3.0059454515128644e-20
0.248,0.5324355917950424,-2.9250213291874745e-18,1.0201791192849428,0.049788808759887886,1.6543444152504169e-18,0.01125955488300325,0.9982810260925703,1.4718124327006113e-19,0.05860881284898206,2.9856559963639394e-20
0.25,0.5325374820350732,-2.921718567218278e-18,1.0202017028119896,0.05210290059655529,1.6484973660227356e-18,0.011323798706120724,0.9982678780480898,1.3519931703740884e-19,0.05883233513439631,3.1704653028140096e-20
0.252,0.532644008729078,-2.91842701993239e-18,1.020224413319871,0.054425248260019,1.6431293603503746e-18,0.011386536768850309,0.9982548092167248,1.2333418312709945e-19,0.05905366945145869,3.4573514731324114e-20
0.254,0.5327551883001365,-2.9151459489171074e-18,1.0202472478036446,0.05675576324206352,1.6378033698384651e-18,0.011447775661178146,0.9982418204824147,1.4426177562866073e-19,0.0592728254764067,3.3781225416427565e-20
0.256,0.5328710369947312,-2.911876684142646e-18,1.0202702032716602,0.059094357453978154,1.631432448165902e-18,0.01150752208482516,0.9982289127059547,1.485094437023827e-19,0.059489812891699835,3.1232326846154433e-20
0.258,0.532991570883587,-2.90861957103374e-18,1.0202932767457802,0.061440943226598085,1.6258691784892414e-18,0.011565782850797688,0.9982160867252239,1.3096827517221087e-19,0.059704641385593046,3.204675690543997e-20
0.26,0.5331168058625099,-2.9053733959123837e-18,1.0203164652615966,0.06379543331032489,1.6202403485146659e-18,0.011622564876959457,0.9982033433554116,1.4103729483619718e-19,0.059917320651713825,3.395591104435631e-20
0.262,0.5332467576532262,-2.9021388701121765e-18,1.0203397658686417,0.06615774087512649,1.6142201832056154e-18,0.011677875185624709,0.998190683389244,1.5103738463333334e-19,0.06012786038864242,3.551973723307048e-20
0.264,0.5333814418042218,-2.898916774270293e-18,1.0203631756305949,0.06852777951051713,1.6078107128815123e-18,0.011731720901172754,0.9981781075972105,1.6103069462275552e-19,0.06033627029949564,3.776475050369715e-20
0.266,0.533520873691581,-2.8957076676428506e-18,1.0203866916254842,0.07090546322551722,1.6014486104645223e-18,0.011784109247683748,0.9981656167277891,1.3797524548993856e-19,0.06054256009151378,3.925454059446114e-20
0.268,0.5336650685198255,-2.892510150751889e-18,1.0204103109458835,0.07329070644859371,1.5960029228614676e-18,0.011835047546595928,0.9981532115076711,1.4771970467005157e-19,0.06074673947565098,3.635060052593154e-20
0.27,0.5338140413227537,-2.889324786898875e-18,1.0204340306991049,0.07568342402758095,1.5891872099293998e-18,0.011884543214383992,0.9981408926419894,1.6280804241868014e-19,0.060948818166169136,3.1753902333126405e-20
0.272,0.5339678069642785,-2.8861527161505452e-18,1.0204578480073863,0.07808353122958239,1.582963818952029e-18,0.011932603760258901,0.9981286608145373,1.5063059236808155e-19,0.061148805880234476,3.157655820273507e-20
0.274,0.5341263801392663,-2.8829930455494453e-18,1.020481760008075,0.08049094374085339,1.5767866712080931e-18,0.01197923678388901,0.9981165166879957,1.4394142780447758e-19,0.06134671233751805,3.037954372827294e-20
0.276,0.534289775374375,-2.879845248039035e-18,1.020505763853806,0.0829055776666653,1.5709819452869213e-18,0.012024449973142516,0.9981044609041558,1.481743791829357e-19,0.0615425472597992,2.782819551220968e-20
0.278,0.5344580070288921,-2.876709558774325e-18,1.0205298567126764,0.08532734953115115,1.5647872050517418e-18,0.012068251101851208,0.9980924940841417,1.3616041012226376e-19,0.06173632037057229,2.9373626231325944e-20
0.28,0.5346310892955719,-2.8735852342858493e-18,1.0205540357684146,0.08775617627713311,1.5596167976675083e-18,0.012110648027595544,0.9980806168286318,1.242874385160935e-19,0.06192804139465674,3.2281076700053335e-20
0.28200000000000003,0.5348090362014728,-2.8704714265359453e-18,1.0205782982205467,0.09019197526593198,1.5541614454871926e-18,0.012151648689510986,0.9980688297180812,1.3412566826561468e-19,0.062117720057810216,3.0060357625860424e-20
0.28400000000000003,0.5349918616087943,-2.8673686314336564e-18,1.020602641284556,0.09263466427715893,1.5485320242745482e-18,0.012191261106115646,0.9980571333129418,1.4387567079996152e-19,0.06230536608634507,2.7162082420824044e-20
0.28600000000000003,0.535179579215713,-2.8642777040518513e-18,1.0206270621920404,0.09508416150848978,1.5424025900830034e-18,0.012229493373159145,0.9980455281538827,1.484403769782809e-19,0.062490989206747956,2.974345019843388e-20
0.28800000000000003,0.535372202557219,-2.861198917194738e-18,1.020651558190865,0.09754038557542197,1.5363192278279533e-18,0.012266353661492741,0.9980340147620101,1.584756592870886e-19,0.06267459914530264,3.231818399768076e-20
0.29,0.5355697450059507,-2.858132903596574e-18,1.02067612654531,0.10000325551101452,1.52973828059403e-18,0.012301850214960679,0.9980225936390853,1.4638295917811906e-19,0.06285620562771592,3.318464058568062e-20
0.292,0.53577221977303,-2.8550789531044103e-18,1.0207007645362138,0.10247269076561112,1.5242920333646685e-18,0.01233599134831264,0.9980112652677434,1.3427022861232298e-19,0.06303581837874679,3.302226894653798e-20
0.294,0.5359796399088967,-2.8520361776826467e-18,1.0207254694611139,0.10494861120654665,1.5184542017169119e-18,0.01236878544513744,0.9980000301117105,1.4418814757890287e-19,0.06321344712183863,3.2843777871456237e-20
0.296,0.5361920183041418,-2.8490051778437537e-18,1.0207502386343819,0.10743093711783731,1.5124443468758363e-18,0.01240024095581778,0.99798888861602,1.5950862420943113e-19,0.06338910157875458,3.1978044889837973e-20
0.298,0.5364093676903405,-2.8459873473053137e-18,1.020775069387355,0.10991958919985464,1.5052853828290015e-18,0.012430366395506105,0.9979778412072291,1.8025012182323342e-19,0.06356279146921602,3.111083792526993e-20
0.3,0.5366317006408854,-2.8429840375094824e-18,1.020799959068464,0.11241448856898353,1.4980690871620533e-18,0.01245917034212148,0.9979668882936332,1.736224578745145e-19,0.06373452651054415,3.335970074720779e-20
0.302,0.536859029571817,-2.8399948910759267e-18,1.0208249050433564,0.11491555675726456,1.4911218141599892e-18,0.012486661434367502,0.9979560302654809,1.669824023264902e-19,0.06390431641730454,3.4918043314081547e-20
0.304,0.5370913667426553,-2.8370193712611167e-18,1.0208499046950161,0.11742271571202076,1.4844422621055457e-18,0.012512848369771148,0.9979452674951864,1.6043920672148093e-19,0.06407217090095488,3.7496926192672525e-20
0.306,0.5373287242572302,-2.8340569439056017e-18,1.0208749554238794,0.11993588779546917,1.4780291520695838e-18,0.012537739902742541,0.9979346003375433,1.5390472734017893e-19,0.06423809966949572,3.9726522390315643e-20
0.308,0.5375711140645103,-2.831107077403269e-18,1.0209000546479463,0.12245499578431722,1.4718812069376308e-18,0.012561344842655586,0.9979240291299355,1.4740089955845886e-19,0.06440211242712422,4.194881165771411e-20
0.31,0.5378185479594317,-2.828169242698123e-18,1.020925199802889,0.12497996286934425,1.4659971511312707e-18,0.012583672051949412,0.9979135541925486,1.4090571015692343e-19,0.06456421887389097,4.382308225144562e-20
0.312,0.538071037583726,-2.8252429132888958e-18,1.0209503883421562,0.12751071265496838,1.4603757081246815e-18,0.012604730444250586,0.9979031758285797,1.3444109125620487e-19,0.06472442870535978,4.5691310990037405e-20
0.314,0.5383285944267465,-2.822327565222517e-18,1.020975617737073,0.13004716915879883,1.4550156080433696e-18,0.012624528982516033,0.9978928943244464,1.280068527627308e-19,0.06488275161227043,4.7553528026822885e-20
0.316,0.5385912298262949,-2.8194226770775518e-18,1.0210008854769383,0.13258925681117403,1.4499155858723983e-18,0.012643076677196602,0.9978827099499956,1.21602939541213e-19,0.06503919728020448,4.941016162927088e-20
0.318,0.5388589549694456,-2.8165277299595433e-18,1.0210261890691181,0.13513690045468563,1.445074381095658e-18,0.012660382584421231,0.9978726229587099,1.1522921648382796e-19,0.06519377538925396,5.12612372133967e-20
0.32,0.5391317808933701,-2.813642207490206e-18,1.0210515260391342,0.13769002534368863,1.4404907359774118e-18,0.012676455804201637,0.9978626335879152,1.088186355273513e-19,0.06534649561369307,5.208097585210873e-20
0.322,0.53940971848616,-2.8107655958217116e-18,1.021076893930751,0.14024855714379783,1.4361633761453129e-18,0.012691305478657494,0.9978527420589846,1.0239376369537055e-19,0.0654973676216528,5.221293940875884e-20
0.324,0.539692778487649,-2.8078973836664435e-18,1.021102290306058,0.1428124219313707,1.4320910202788762e-18,0.012704940790261974,0.997842948577544,9.602184338683625e-20,0.0656464010747984,5.2685364872414554e-20
0.326,0.5399809714902335,-2.8050370622888674e-18,1.021127712745548,0.1453815461929771,1.428272394935572e-18,0.01271737096010767,0.9978332533336751,8.965779116199531e-20,0.06579360562800984,5.281442032874936e-20
0.328,0.540274307939693,-2.8021841255008976e-18,1.0211531588481932,0.14795585682485582,1.424706229138138e-18,0.01272860524619276,0.9978236565021181,8.332400810637972e-20,0.06593899092906519,5.2942040576206564e-20
0.33,0.5405727981360087,-2.7993380696503602e-18,1.0211786262315175,0.15053528113235803,1.4213912559595335e-18,0.012738652941727357,0.997814158242473,7.699778129966319e-20,0.06608256661832676,5.2726730995539455e-20
0.332,0.5408764522341809,-2.7964983936192204e-18,1.0212041125316647,0.15311974682937832,1.4183262069331772e-18,0.012747523373460034,0.9978047586993998,7.065649488109963e-20,0.0662243423284302,5.182698949735385e-20
0.334,0.5411852802450459,-2.7936645988351283e-18,1.0212296154034641,0.15570918203777287,1.4155098026883507e-18,0.012755225900024326,0.9977954580028184,6.427760694384463e-20,0.06636432768397643,4.9902529033637027e-20
0.336,0.541499292036091,-2.7908361893000375e-18,1.0212551325204928,0.15830351528676542,1.4129407522026388e-18,0.012761769910305263,0.9977862562681071,5.792931859362301e-20,0.06650253230122635,4.798110420672607e-20
0.338,0.5418184973322692,-2.788012671593678e-18,1.0212806615751346,0.160902675512341,1.4106177706042089e-18,0.012767164821825801,0.9977771535962993,5.163414651070643e-20,0.06663896578779853,4.640503818160002e-20
0.34,0.5421429057168111,-2.7851935548514036e-18,1.0213062002786357,0.16350659205662754,1.4085395840482686e-18,0.01277142007915301,0.9977681500742801,4.5300683032723697e-20,0.06677363774236945,4.3805916759526516e-20
0.342,0.5424725266320375,-2.7823784593364332e-18,1.0213317463611566,0.16611519466726585,1.4063792031649513e-18,0.012774545152324063,0.9977592457749819,6.646366800988008e-20,0.06690655775437687,4.1090893994394315e-20
0.34400000000000003,0.5428073693801694,-2.7795688886625823e-18,1.0213572975718224,0.16872841349676765,1.403268822319626e-18,0.012776549535291849,0.9977504407575777,6.039071878241684e-20,0.06703773540372565,4.363870180300696e-20
0.34600000000000003,0.5431474431241371,-2.776764384961588e-18,1.0213828516787684,0.1713461791018624,1.4012757658063038e-18,0.01277744274439015,0.9977417350676748,4.8820293884765616e-20,0.06716718026049662,4.552123622660164e-20
0.34800000000000003,0.5434927568883879,-2.7739642394313637e-18,1.021408406469184,0.17396842244283248,1.3988740984767311e-18,0.012777234316818315,0.9977331287375069,4.824517134693768e-20,0.06729490188465796,4.6660486893551967e-20
0.35000000000000003,0.5438433195596929,-2.771168254100544e-18,1.021433959749352,0.17659507488283754,1.397043089720267e-18,0.012775933809145323,0.9977246217861241,5.864896066716501e-20,0.06742090982577957,4.739918698956408e-20
0.352,0.5441991398879515,-2.768377245375968e-18,1.0214595093446868,0.17922606818722758,1.3938253652276146e-18,0.012773550795833168,0.9977162142195832,7.995644797929728e-20,0.06754521362274996,4.7397577022983704e-20
0.354,0.5445602264869956,-2.7655927502264595e-18,1.0214850530997681,0.18186133452284534,1.3906387365986756e-18,0.012770094867779426,0.9977079060311363,8.454460977257504e-20,0.06766782280349598,4.5433326536364607e-20
0.356,0.5449265878353916,-2.762815285157356e-18,1.0215105888783729,0.18450080645731795,1.3867229700015552e-18,0.012765575630878979,0.9976996972014182,9.452500182356669e-20,0.06778874688470521,4.207681521843674e-20
0.358,0.5452982322772412,-2.760045582127443e-18,1.0215361145635031,0.18714441695833822,1.3830579314546893e-18,0.012760002704604773,0.9976915876986322,8.278707205627088e-20,0.06790799537155102,4.32928328925759e-20
0.36,0.545675168022981,-2.7572827418848514e-18,1.0215616280574127,0.18979209939293534,1.3798598135552324e-18,0.012753385720607515,0.997683577478736,7.11512628904047e-20,0.06802557775742041,4.51877082953795e-20
0.362,0.5460574031501804,-2.7545258328994396e-18,1.0215871272816293,0.1924437875267356,1.3771263089702468e-18,0.012745734321334176,0.9976756664856254,5.959381658122798e-20,0.06814150352364433,4.741799205315708e-20
0.364,0.546444945604338,-2.751773928235399e-18,1.0216126101769751,0.19509941552321297,1.3748551290508696e-18,0.012737058158665309,0.9976678546513171,4.809104766502659e-20,0.06825578213923085,4.9640640630604805e-20
0.366,0.5468378031996765,-2.749026105523623e-18,1.0216380747035847,0.19775891794292985,1.3730439941795514e-18,0.012727366892570969,0.9976601418961301,3.6666171158792234e-20,0.06836842306060086,5.219755056059667e-20
0.368,0.5472359836199361,-2.7462816640204058e-18,1.021663518840919,0.20042222974276802,1.3713650186847478e-18,0.012716670189785197,0.9976525281288666,4.7057307185180057e-20,0.06847943573132635,5.15370456112898e-20
0.37,0.5476394944191665,-2.7435411368713245e-18,1.0216889405877787,0.20308928627515013,1.3691661458515038e-18,0.012704977722498966,0.997645013246991,4.645996064687814e-20,0.06858882958187144,5.163061153924858e-20
0.372,0.548048343022517,-2.740804439228335e-18,1.0217143379623124,0.20576002328725163,1.3676440278358842e-18,0.012692299167071458,0.997637597136808,3.4926063163722063e-20,0.06869661402933594,5.2476704429647046e-20
0.374,0.5484625367270256,-2.7380708713824867e-18,1.0217397090020248,0.20843437692020347,1.3658190001024304e-18,0.012678644202759626,0.9976302796736399,5.061760225782591e-20,0.06880279847720142,4.904359744943864e-20
0.376,0.5488820827024055,-2.7353415811143127e-18,1.021765051763781,0.21111228370828578,1.363366940003315e-18,0.012664022510465864,0.9976230607220018,6.616426754386568e-20,0.06890739231507996,4.4595157294913784e-20
0.378,0.5493069879918309,-2.7326177108906304e-18,1.0217903643238084,0.21379368057811227,1.3605079736318435e-18,0.012648443771503745,0.9976159401357763,5.985354353684238e-20,0.06901040491846547,4.303745287762008e-20
0.38,0.549737259512721,-2.729899204054683e-18,1.0218156447776963,0.21647850484780612,1.3578947407958047e-18,0.012631917666381698,0.9976089177583864,8.10041279354657e-20,0.06911184564848744,4.0614788370205904e-20
0.382,0.5501729040575222,-2.7271874525994497e-18,1.021840891240393,0.21916669422616694,1.3536809067038366e-18,0.012614453873604492,0.9976019934229682,1.0198348871546636e-19,0.06921172385166735,3.7174888826134475e-20
0.384,0.550613928294488,-2.7244839860299757e-18,1.021866101846201,0.22185818681182923,1.3498274760528883e-18,0.012596062068492467,0.997595166952541,9.01783633319538e-20,0.06931004885967755,3.773151214235662e-20
0.386,0.5510603387684586,-2.7217881933351343e-18,1.0218912747487692,0.22455292109241234,1.3458980563534052e-18,0.012576751922018391,0.9975884381601777,1.0050954067965315e-19,0.06940682998910265,3.949857766809034e-20
0.388,0.5515121419016378,-2.7191004439024006e-18,1.021916408121083,0.22725083594366233,1.3418930561719623e-18,0.012556533099661803,0.9975818068491724,8.879535899999444e-20,0.0695020765412034,4.107556389604779e-20
0.39,0.5519693439943678,-2.7164200918543632e-18,1.0219415001554524,0.22995187062858535,1.3385726466178364e-18,0.012535415260280786,0.9975752728132078,8.258249598835952e-20,0.06959579780168305,4.1924676538577296e-20
0.392,0.5524319512259038,-2.713746422662288e-18,1.0219665490634973,0.23265596479657336,1.3351738290837435e-18,0.012513408055000992,0.9975688358365211,7.083437769220936e-20,0.06968800304045628,4.178488983038995e-20
0.394,0.5528999696551852,-2.7110786523339568e-18,1.0219915530761312,0.23536305848252162,1.332781922044802e-18,0.012490521126121893,0.9975624956940687,5.3553708143179753e-20,0.06977870151142042,4.031630122985612e-20
0.396,0.5533734052216058,-2.708415495145974e-18,1.0220165104435426,0.23807309210593863,1.3303069557077072e-18,0.012466764106040062,0.9975562521516893,6.384438118531011e-20,0.06986790245222926,3.89872064207536e-20
0.398,0.5538522637457826,-2.7057576965666103e-18,1.0220414194351737,0.24078600647004833,1.327423636736037e-18,0.012442146616189432,0.9975501049662662,7.411022736496472e-20,0.06995561508406924,3.8004714789674065e-20
0.4,0.5543365509303216,-2.703106071273321e-18,1.0220662783396979,0.2435017427608848,1.324133991436263e-18,0.012416678265998392,0.997544053885888,8.430350619597775e-20,0.07004184861143804,3.668434021126944e-20
0.402,0.5548262723605832,-2.7004614299024177e-18,1.0220910854649943,0.24622024254637961,1.3204400352211474e-18,0.01239036865186362,0.9975380986500088,9.449644640963902e-20,0.07012661222192569,3.605192172255493e-20
0.404,0.5553214335054447,-2.6978245790625246e-18,1.022115839138121,0.24894144777544194,1.3163437812957394e-18,0.012363227356140528,0.9975322389896057,1.0466513129219169e-19,0.07020991508599789,3.576521387611238e-20
0.406,0.5558220397180612,-2.6951963213388337e-18,1.0221405377052861,0.25166530077703136,1.3118472379682853e-18,0.012335263946150228,0.9975264746273367,1.1483376297955901e-19,0.0702917663567819,3.6164382463533915e-20
0.40800000000000003,0.5563280962366253,-2.6925774553056025e-18,1.0221651795318158,0.2543917442592239,1.306952410987357e-18,0.012306487973202851,0.9975208052776955,1.250023762960441e-19,0.07037217516985476,3.724819627054402e-20
0.41000000000000003,0.5568396081851237,-2.6899687755229835e-18,1.0221897630021228,0.2571207213082709,1.3016613069722911e-18,0.012276908971637149,0.9975152306471672,1.351469230371559e-19,0.07045115064303377,3.8673205933796237e-20
0.41200000000000003,0.5573565805740932,-2.687371072543859e-18,1.0222142865196702,0.2598521753876514,1.295975926177334e-18,0.012246536457876283,0.997509750434381,1.452675539313242e-19,0.07052870187616943,4.043817911294711e-20
0.41400000000000003,0.557879018301374,-2.6847851329275228e-18,1.0222387485069353,0.2625860503371174,1.2898982608728287e-18,0.01221537992949964,0.997504364330262,1.5531619665531629e-19,0.0706048379509407,4.185948373866645e-20
0.41600000000000004,0.5584069261528611,-2.6822117392613597e-18,1.022263147405371,0.2653222903717333,1.283430290378958e-18,0.012183448864330527,0.9974990720181824,1.6526891809489232e-19,0.07067956793065255,4.259529796768487e-20
0.418,0.5589403088032542,-2.6796516701912305e-18,1.022287481675365,0.26806084008090825,1.2765739766084655e-18,0.012150752719539732,0.9974938731741108,1.751744957090896e-19,0.07075290086003587,4.33300239422495e-20
0.42,0.5594791708168053,-2.6771057004508674e-18,1.0223117497961984,0.27080164442742216,1.269331271306575e-18,0.012117300930764732,0.99748876746676,1.8505738076455917e-19,0.07082484576504963,4.4405857977949284e-20
0.422,0.5600235166480645,-2.6745746008785443e-18,1.022335950266001,0.27354464874644613,1.2617041176952067e-18,0.012083102911244484,0.9974837545577347,1.94869287881029e-19,0.07089541165268542,4.5139180653848667e-20
0.424,0.5605733506426238,-2.672059138436866e-18,1.0223600816017058,0.2762897987445563,1.2536944479103832e-18,0.012048168050969688,0.9974788341016769,2.0465905852062656e-19,0.07096460751077416,4.621397987816806e-20
0.426,0.561128677037859,-2.669560076231835e-18,1.0223841423390019,0.27903704049874156,1.2453041882918923e-18,0.012012505715848339,0.9974740057464098,2.1445105521352045e-19,0.07103244230779511,4.797082814929802e-20
0.428,0.5616894999636691,-2.667078173520333e-18,1.0224081310322852,0.2817863204554059,1.2365352603462602e-18,0.011976125246886534,0.9974692691330812,2.241967624292154e-19,0.07109892499268725,4.972490327088607e-20
0.43,0.5622558234432149,-2.664613968773616e-18,1.0224320462546086,0.2845375854293646,1.2278234770655166e-18,0.011939035959384349,0.9974646238963056,2.0093806618197937e-19,0.0711640644946627,5.176385069591004e-20
0.432,0.5628276513936541,-2.662166045254221e-18,1.0224558865976285,0.2872907826028347,1.2201448251856803e-18,0.011901247142146687,0.9974600696643044,2.0498695550543685e-19,0.07122786972302256,4.9792212084357756e-20
0.434,0.5634049876268755,-2.6597343673510415e-18,1.022479650671552,0.2900458595244203,1.2115418288930053e-18,0.011862768056708991,0.9974556060590454,2.089922423106407e-19,0.07129034956697486,4.7483903977489666e-20
0.436,0.5639878358502305,-2.657319404961454e-18,1.0225033371050816,0.292802764108092,1.2034295226683573e-18,0.01182360793657771,0.9974512326963803,2.1838535216273486e-19,0.07135151289545476,4.410799722117456e-20
0.438,0.564576199667263,-2.6549218424320296e-18,1.0225269445453575,0.29556144463216094,1.1939613117520193e-18,0.011783775986485315,0.9974469491861824,2.3317953011523843e-19,0.07141136855694696,3.966522284396356e-20
0.44,0.565170082578437,-2.6525430851480997e-18,1.0225504716579006,0.29832184973824816,1.1848778352586012e-18,0.011743281381659903,0.997442755132481,2.31668892111266e-19,0.07146992537931024,3.880230049223218e-20
0.442,0.5657694879818623,-2.6501828341936502e-18,1.0225739171265515,0.30108392843024806,1.1754187787846947e-18,0.011702133267109074,0.9974386501335964,2.3021426261088153e-19,0.07152719216960425,3.862448254874861e-20
0.444,0.5663744191740175,-2.6478409715911523e-18,1.0225972796534104,0.3038476300732872,1.1665616585647283e-18,0.01166034075691814,0.9974346337822725,2.233111474112439e-19,0.0715831777139184,3.8838601990604627e-20
0.446,0.5669848793504721,-2.6455168386759705e-18,1.022620557958774,0.30661290439267797,1.1576527187787134e-18,0.011617912933562416,0.9974307056658083,2.1089858025714696e-19,0.07163789077720292,3.8417906299651553e-20
0.448,0.5676008716066056,-2.6432094904011616e-18,1.0226437507810715,0.3093797014728677,1.1498850858838847e-18,0.011574858847233551,0.9974268653661882,1.8753430504779285e-19,0.07169134010310212,3.775521584925226e-20
0.45,0.5682223989383242,-2.640917299812813e-18,1.0226668568768,0.31214797175638254,1.142277470921535e-18,0.011531187515179704,0.9974231124602116,1.917818358305114e-19,0.07174353441378967,3.7517237166729854e-20
0.452,0.5688494642427766,-2.638640490730814e-18,1.0226898750204576,0.31491766604276683,1.1345037124236064e-18,0.011486907921059551,0.9974194465196209,1.9598465838468287e-19,0.0717944824098061,3.693814741111014e-20
0.454,0.5694820703190668,-2.6363793946132772e-18,1.022712804004475,0.317688735487518,1.1265646382547325e-18,0.011442029014309879,0.9974158671112269,2.001429426760274e-19,0.07184419276989833,3.601874739031275e-20
0.456,0.5701202198689648,-2.6341343412692865e-18,1.0227356426391476,0.32046113160101697,1.1184610690623404e-18,0.011396559709526756,0.9974123737970353,2.0425691870218163e-19,0.07189267415086134,3.4760238881714814e-20
0.458,0.570763915497615,-2.631905658874075e-18,1.0227583897525643,0.32323480624745377,1.1101938190830355e-18,0.011350508885860052,0.9974089661343706,2.0835135299444091e-19,0.07193993518738197,3.350519548570848e-20
0.46,0.5714131597142434,-2.6296936739781162e-18,1.0227810441905363,0.3260097116437493,1.101763698532751e-18,0.011303885386421297,0.9974056436759985,2.1242635036283942e-19,0.0719859844918846,3.225360178701982e-20
0.462,0.5720679549328618,-2.627498711515563e-18,1.0228036048165245,0.32878580035847266,1.093171514758921e-18,0.011256698017704654,0.9974024059702478,2.1650661976383095e-19,0.0720308306543792,3.134721940492177e-20
0.464,0.5727283034729693,-2.6253210948066286e-18,1.022826070511566,0.33156302531075416,1.0844180731071637e-18,0.011208955549020974,0.9973992525611303,2.205675542265793e-19,0.07207448224231108,3.044385669623265e-20
0.466,0.5733942075602534,-2.623161145563854e-18,1.0228484401741982,0.33434133976919456,1.0755041766954114e-18,0.011160666711944718,0.9973961829884607,2.2465852044532166e-19,0.07211694780041303,3.0225827964223414e-20
0.468,0.5740656693272871,-2.621019183894593e-18,1.0228707127203838,0.3371206973507702,1.0664306271905202e-18,0.011111840199773744,0.9973931967879736,2.2870543003575625e-19,0.0721582358505592,2.966700418091798e-20
0.47000000000000003,0.5747426908142249,-2.618895528307793e-18,1.0228928870834335,0.3399010520197342,1.057198221047598e-18,0.011062484667001708,0.9973902934914405,2.3270844624110176e-19,0.07219835489162117,2.8768186191160364e-20
0.47200000000000003,0.575425273969496,-2.6167904957244384e-18,1.0229149622139275,0.34268235808651376,1.0478077491731973e-18,0.011012608728803074,0.997387472626785,2.366430034890776e-19,0.07223731339932596,2.7188405002181494e-20
0.47400000000000003,0.576113420650496,-2.6147044014923108e-18,1.0229369370796364,0.3454645702066041,1.0382599940994028e-18,0.01096222096053051,0.9973847337181969,2.404845913888e-19,0.07227511982611604,2.4587500113765934e-20
0.47600000000000003,0.5768071326242752,-2.612637559402464e-18,1.0229588106654417,0.3482476433794582,1.0285557299834556e-18,0.010911329897224674,0.9973820762862455,2.442830121362462e-19,0.07231178260101134,2.1651416339455125e-20
0.47800000000000004,0.577506411568226,-2.6105902817040405e-18,1.0229805819732538,0.3510315329473735,1.0186957247221816e-18,0.010859944033136063,0.9973794998479907,2.4803848643878225e-19,0.07234731012947326,1.8381751456770848e-20
0.48,0.5782112590707674,-2.608562879114959e-18,1.0230022500219307,0.3538161945943748,1.008680742393307e-18,0.010808071821259101,0.9973770039170934,2.517758871926416e-19,0.07238171079327056,1.5120651439185086e-20
0.482,0.5789216766320271,-2.6065556608281175e-18,1.0230238138471945,0.35660158434509376,9.985115434020538e-19,0.010755721672878074,0.9973745880039252,2.5544567972324467e-19,0.07241499295034727,1.1184159160161421e-20
0.484,0.5796376656645218,-2.604568717665138e-18,1.023045272501548,0.35938765856364513,9.88622595496695e-19,0.010702901957124913,0.9973722516156763,2.263878069222322e-19,0.07244716493469257,1.1006568825617399e-20
0.486,0.5803592274938348,-2.6025999715147584e-18,1.0230666250541893,0.3621743739524998,9.800967683689965e-19,0.010649621000548731,0.997369994256462,2.1404558745167826e-19,0.07247823505621248,1.2024113551625477e-20
0.488,0.5810863633592919,-2.6006485826245113e-18,1.023087870590927,0.3649616875513545,9.713012612690692e-19,0.010595887086696936,0.9973678154274284,2.071792593993524e-19,0.07250821160060363,1.2298845419043072e-20
0.49,0.5818190744146344,-2.5987139316371036e-18,1.0231090082140935,0.36774955673599846,9.635393553798877e-19,0.010541708455707786,0.9973657146268566,1.9480284861257757e-19,0.07253710282922878,1.1944190088499505e-20
0.492,0.5825573617286905,-2.5967950046441486e-18,1.0231300370424572,0.3705379392171771,9.553960898017984e-19,0.010487093303914362,0.9973636913502668,1.9905149422696192e-19,0.07256491697899438,1.2445000390578212e-20
0.494,0.5833012262860438,-2.5948919492880263e-18,1.0231509562111356,0.37332679303945265,9.476316240090838e-19,0.010432049783459754,0.9973617450905188,1.9777513902301012e-19,0.07259166226222992,1.2658131029130519e-20
0.496,0.5840506689876996,-2.5930048408852785e-18,1.0231717648715057,0.37611607658006196,9.394853212864574e-19,0.010376586001923363,0.9973598753379138,1.9641734713045585e-19,0.07261734686656919,1.184600354599686e-20
0.498,0.5848056906517499,-2.5911335374747216e-18,1.0231924621911146,0.37890574854777137,9.318265898781272e-19,0.010320710021958208,0.9973580815802938,1.9499125413301033e-19,0.07264197895483343,1.001051569513076e-20
0.5,0.5855662920140344,-2.589277933663676e-18,1.0232130473535896,0.381695767981729,9.2378567951699e-19,0.010264429860939128,0.99735636330314,1.934970814377357e-19,0.0726655666649163,7.15368400081835e-21
0.502,0.5863324737288007,-2.5874377799646787e-18,1.0232335195585474,0.3844860942503142,9.165572121426107e-19,0.010207753490621748,0.99735471998967,1.6485527964712338e-19,0.07268811810967073,9.029362401200343e-21
0.504,0.5871042363693612,-2.5856109483104715e-18,1.023253878021502,0.38727668704998464,9.104627345163702e-19,0.010150688836812088,0.9973531511209336,1.3627453441337685e-19,0.07270964137679756,9.870221622667514e-21
0.506,0.5878815804287484,-2.583795284769453e-18,1.0232741219737727,0.39006750640412036,9.051713809086107e-19,0.010093243779046716,0.9973516561759085,1.35294031178139e-19,0.07273014452873604,1.0419212247856044e-20
0.508,0.5886645063203677,-2.5819906331495644e-18,1.0232942506623917,0.3928585126618659,8.99487004513715e-19,0.010035426150283326,0.997350234631593,1.3430517381464175e-19,0.07274963560255618,1.0966735896874342e-20
0.51,0.5894530143786473,-2.5801968738802475e-18,1.0233142633500096,0.39564966649696975,8.943874056194521e-19,0.009977243736601587,0.9973488859630996,1.277783076375996e-19,0.07276812260985278,1.0886247545788972e-20
0.512,0.5902471048596866,-2.57841349048867e-18,1.0233341593148029,0.39844092890662136,8.888940235090355e-19,0.00991870427691423,0.9973476096437455,1.4336684673286482e-19,0.07278561353664144,1.194155425424354e-20
0.514,0.5910467779419019,-2.5766415950846277e-18,1.0233539378503778,0.4012322612102861,8.831167134413357e-19,0.00985981546268815,0.9973464051451438,1.3139196561493698e-19,0.07280211634325615,1.29416471976571e-20
0.516,0.5918520337266696,-2.5748803803021223e-18,1.023373598265676,0.4040236250485379,8.782491593381054e-19,0.009800584937675515,0.9973452719372918,1.1400590599263587e-19,0.07281763896424882,1.4336719037174364e-20
0.518,0.5926628722389676,-2.5731285008018934e-18,1.0233931398848788,0.40681498238188957,8.736362623476682e-19,0.00974102029765466,0.9973442094886598,1.1329399160686028e-19,0.07283218930829048,1.6919405074289404e-20
0.52,0.5934792934280135,-2.5713858106411372e-18,1.0234125620473107,0.4096062954896214,8.690597924471596e-19,0.009681129090180774,0.9973432172662771,1.1263574086863786e-19,0.07284577525807426,2.0179216862747815e-20
0.522,0.5943012971679014,-2.5696522371376893e-18,1.0234318641073428,0.41239752696860743,8.645195778794126e-19,0.009620918814346156,0.9973422947358188,1.120060799776635e-19,0.07285840467022009,2.377320585699e-20
0.524,0.5951288832582354,-2.567927707952103e-18,1.023451045434296,0.4151886397321398,8.600154471922452e-19,0.009560396920549984,0.9973414413616895,1.1125519676686676e-19,0.0728700853751812,2.565048047669413e-20
0.526,0.5959620514247622,-2.5662121510900363e-18,1.023470105412343,0.4179795970087513,8.555472266003789e-19,0.009499570810277478,0.9973406566071071,1.1040830507272582e-19,0.0728808251771523,2.6156050578168598e-20
0.528,0.5968008013199995,-2.564505494906569e-18,1.0234890434404103,0.420770362341036,8.511147405984032e-19,0.009438447835888313,0.9973399399341861,1.0956552539503026e-19,0.07289063185397941,2.6660169754941318e-20
0.53,0.597645132523863,-2.5628076681077967e-18,1.0235078589320796,0.42356089958446796,8.467178142428658e-19,0.009377035300414253,0.9973392908040173,1.087517703896275e-19,0.07289951315707148,2.7504189527458267e-20
0.532,0.5984950445442916,-2.5611185997484466e-18,1.0235265513154896,0.42635117290621866,8.423562735069388e-19,0.009315340457365776,0.9973387086767495,1.0789206506428802e-19,0.07290747681131368,2.766246121863236e-20
0.534,0.5993505368178691,-2.5594382192311512e-18,1.023545120033236,0.42914114678397214,8.380299445203744e-19,0.009253370510547679,0.9973381930116675,1.07036417642584e-19,0.07291453051498237,2.781930108204129e-20
0.536,0.6002116087104442,-2.5577664563058336e-18,1.0235635645422723,0.431930786004739,8.337386540989893e-19,0.009191132613883489,0.9973377432672711,1.062098190797162e-19,0.07292068193966171,2.831686924376211e-20
0.538,0.601078259517748,-2.5561032410675236e-18,1.0235818843138098,0.43472005566366867,8.294822302473702e-19,0.009128633871248614,0.9973373589013514,1.0543720456480554e-19,0.07292593873016198,2.9496514517682434e-20
0.54,0.6019504884660088,-2.5544485039540257e-18,1.0236000788332174,0.4375089211628601,8.252605022087848e-19,0.009065881336312106,0.9973370393710672,1.0474342470418353e-19,0.07293030850443952,3.1698371243916286e-20
0.542,0.6028282947125654,-2.552802175743487e-18,1.023618147599921,0.4402973482101712,8.210733003674609e-19,0.009002882012386916,0.9973367841330194,1.0405337306972796e-19,0.07293379885351829,3.389558153318374e-20
0.544,0.6037116773464767,-2.551164187552628e-18,1.0236360901273027,0.4430853028180267,8.169204556740727e-19,0.008939642852288553,0.9973365926433251,1.0339196957981246e-19,0.07293641734141319,3.642909673002733e-20
0.546,0.6046006353891302,-2.5495344708358288e-18,1.0236539059425993,0.44587275130222487,8.128017994939775e-19,0.008876170758202023,0.99733646435769,1.0270921772679238e-19,0.07293817150505477,3.861543366648492e-20
0.548,0.6054951677948475,-2.547912957384444e-18,1.0236715945868016,0.4486596602807426,8.08717163491025e-19,0.008812472581556954,0.9973363987314805,1.0200510539259421e-19,0.07293906885421579,4.045460673547968e-20
0.55,0.6063952734514869,-2.546299579326168e-18,1.0236891556145522,0.4514459966725398,8.046663796826622e-19,0.008748555122910784,0.9973363952197941,1.0137959284530417e-19,0.07293911687143922,4.331362523214326e-20
0.552,0.607300951181045,-2.5446942691242445e-18,1.023706588594044,0.4542317276963621,8.006492804772294e-19,0.008684425131839925,0.9973364532775291,1.0078259287574845e-19,0.07293832301196795,4.6507790884494316e-20
0.554,0.6082121997402544,-2.543096959576855e-18,1.0237238931069175,0.45701682086954265,7.966656985142835e-19,0.008620089306838786,0.9973365723594527,1.0018901307326893e-19,0.07293669470367596,4.9694156884658484e-20
0.556,0.6091290178211801,-2.5415075838166928e-18,1.0237410687481596,0.4598012440068029,7.927154666593212e-19,0.008555554295226538,0.9973367519202697,9.95738501809215e-20,0.07293423934700116,5.253099435555251e-20
0.558,0.6100514040518129,-2.539926075310385e-18,1.0237581151260002,0.46258496521905224,7.887984181629295e-19,0.008490826693061561,0.9973369914146878,9.888716622791177e-20,0.07293096431487976,5.43356357605266e-20
0.56,0.6109793569966605,-2.5383523678573243e-18,1.0237750318618102,0.4653679529121868,7.849143869882729e-19,0.0084259130450634,0.9973372902974839,9.822905932106986e-20,0.07292687695268217,5.647711993265765e-20
0.562,0.6119128751573365,-2.5367863955886716e-18,1.0237918185899983,0.46815017578588713,7.810632072954534e-19,0.008360819844542195,0.9973376480235685,9.764947290992074e-20,0.07292198457815052,5.963855246309239e-20
0.5640000000000001,0.6128519569731464,-2.5352280929674807e-18,1.0238084749579086,0.4709316028324152,7.772447130748514e-19,0.00829555353333543,0.997338064048049,9.704829593857894e-20,0.07291629448133759,6.245092565670642e-20
0.5660000000000001,0.6137966008216721,-2.5336773947885345e-18,1.023825000625717,0.47371220333541036,7.734587387501587e-19,0.008230120501751936,0.9973385378262927,9.640052584441061e-20,0.07290981392454737,6.457250937144882e-20
0.5680000000000001,0.6147468050193529,-2.532134236176751e-18,1.0238413952663288,0.47649194686868485,7.697051197640234e-19,0.00816452708852301,0.9973390688139878,9.570626417390956e-20,0.07290255014227713,6.60049428364814e-20
0.5700000000000001,0.6157025678220649,-2.530598552584927e-18,1.023857658565275,0.47927080329501814,7.659836928745423e-19,0.008098779580760601,0.9973396564672047,9.501560135229244e-20,0.0728945103411609,6.743376584432181e-20
0.5720000000000001,0.6166638874256978,-2.5290702797917067e-18,1.0238737902206092,0.4820487427649511,7.622942951798162e-19,0.008032884213922403,0.9973403002424551,9.435351221119771e-20,0.07288570169991455,6.920073753059447e-20
0.5740000000000001,0.6176307619667291,-2.527549353901352e-18,1.023889789942804,0.4848257357155789,7.586367641054706e-19,0.007966847171783784,0.997340999596751,9.369494534071865e-20,0.07287613136928231,7.096330805054081e-20
0.5760000000000001,0.6186031895227959,-2.5260357113430902e-18,1.0239056574546481,0.4876017528693442,7.550109371666244e-19,0.007900674586416474,0.9973417539876622,9.308977845687131e-20,0.07286580647198478,7.340417933420722e-20
0.578,0.6195811681132648,-2.524529288871258e-18,1.0239213924911426,0.4903767652328287,7.514166517997639e-19,0.007834372538173864,0.9973425628733735,9.243806282941991e-20,0.07285473410266838,7.515555312691635e-20
0.58,0.6205646956997984,-2.5230300235641615e-18,1.0239369947993973,0.49315074409554516,7.478537468847466e-19,0.007767947055682857,0.9973434257127397,9.173988805123206e-20,0.07284292132785627,7.621906639326016e-20
0.582,0.6215537701869205,-2.5215378528207244e-18,1.0239524641385278,0.4959236610287285,7.443220627637848e-19,0.007701404115842141,0.9973443419653416,9.102032212188599e-20,0.07283037518590078,7.693810200172408e-20
0.584,0.6225483894225777,-2.5200527143576694e-18,1.0239678002795518,0.4986954878841264,7.408214414604133e-19,0.007634749643826856,0.9973453110915393,9.030435118496941e-20,0.07281710268693714,7.765523050369467e-20
0.586,0.6235485511987,-2.5185745462069173e-18,1.0239830030052854,0.5014661967927899,7.3735172531147e-19,0.007567989513099443,0.9973463325525256,8.964185120473039e-20,0.07280311081283877,7.905355517712894e-20
0.588,0.6245542532517574,-2.5171032867160358e-18,1.0239980721102402,0.5042357601638634,7.339127565427561e-19,0.007501129545426701,0.9973474058103777,8.88830570847488e-20,0.07278840651717396,7.908176095793178e-20
0.59,0.6255654932633156,-2.5156388745455884e-18,1.0240130074005191,0.5070041506833743,7.305043804100454e-19,0.007434175510902863,0.997348530328109,8.810295904572642e-20,0.0727729967251639,7.876795145030665e-20
0.592,0.6265822688605879,-2.5141812486637725e-18,1.0240278086937142,0.5097713413130229,7.271264433136514e-19,0.007367133127978648,0.9973497055697191,8.737643990848031e-20,0.07275688833364215,7.913819532404524e-20
0.594,0.627604577616986,-2.512730348346179e-18,1.0240424758188027,0.5125373052889713,7.237787918951942e-19,0.007300008063496198,0.997350931000244,8.660364731456865e-20,0.07274008821101557,7.882426633546711e-20
0.596,0.628632417052667,-2.511286113173163e-18,1.0240570086160434,0.5153020161206332,7.204612749598885e-19,0.007232805932729769,0.9973522060858032,8.575970914226307e-20,0.07272260319722651,7.748563046378961e-20
0.598,0.6296657846350795,-2.5098484830239107e-18,1.0240714069368748,0.5180654475894623,7.171737448244109e-19,0.007165532299432123,0.997353530293649,8.489457971753086e-20,0.0727044401037164,7.580782254588447e-20
0.6,0.6307046777795056,-2.508417398070745e-18,1.0240856706438108,0.5208275737477419,7.139160560212091e-19,0.007098192675886496,0.9973549030922128,8.400832018889405e-20,0.07268560571339085,7.379205392174463e-20
0.602,0.6317490938496019,-2.50699279877485e-18,1.0240997996103391,0.5235883689173737,7.106880646548197e-19,0.007030792522964083,0.9973563239511505,8.315073546925248e-20,0.07266610678058584,7.212182661875055e-20
0.604,0.6327990301579375,-2.5055746258850267e-18,1.0241137937208173,0.5263478076886667,7.074896269373684e-19,0.006963337250186931,0.9973577923413883,8.234668873767893e-20,0.07264595003103551,7.11384829897655e-20
0.606,0.6338544839665294,-2.5041628204388383e-18,1.0241276528703709,0.5291058649191264,7.043205977333653e-19,0.0068958322157961355,0.9973593077351671,8.159606355118792e-20,0.07262514216184117,7.084039505151045e-20
0.608,0.6349154524873759,-2.5027573237653748e-18,1.0241413769647905,0.5318625157322437,7.011808306685754e-19,0.006828282726825295,0.9973608696060855,8.0873875088779e-20,0.07260368984144161,7.088458804774835e-20
0.61,0.6359819328829871,-2.5013580774871044e-18,1.0241549659204296,0.5346177355162848,6.980701795065999e-19,0.006760694039179098,0.9973624774291426,8.013032680109621e-20,0.07258159970958479,7.058754973399148e-20
0.612,0.6370539222669136,-2.4999650235171387e-18,1.024168419664103,0.5373714999230796,6.949884990459223e-19,0.006693071357716956,0.9973641306807798,7.94649082692227e-20,0.0725588783773008,7.131630934410099e-20
0.614,0.638131417704272,-2.4985781040612284e-18,1.0241817381329836,0.5401237848668125,6.919356418243549e-19,0.006625419836341621,0.9973658288389217,7.882778284621304e-20,0.07253553242687615,7.238572877090612e-20
0.616,0.6392144162122686,-2.4971972616209988e-18,1.0241949212745016,0.5428745665228111,6.889114598361786e-19,0.006557744578092677,0.9973675713830163,7.816912090661282e-20,0.07251156841182933,7.311108044050562e-20
0.618,0.6403029147607208,-2.4958224389928564e-18,1.0242079690462422,0.5456238213263375,6.859158064127553e-19,0.006490050635244825,0.9973693577940748,7.751378389829618e-20,0.07248699285688767,7.38345356715036e-20
0.62,0.641396910272575,-2.4944535792655962e-18,1.0242208814158449,0.5483715259713781,6.8294853555766625e-19,0.0064223430094108875,0.9973711875547093,7.688660386898744e-20,0.07246181225796544,7.48978597420702e-20
0.622,0.6424963996244234,-2.493090625820637e-18,1.0242336583609013,0.5511176574094344,6.800095006340583e-19,0.006354626651649448,0.9973730601491713,7.628754552758782e-20,0.07243603308214323,7.630065280961054e-20
0.624,0.643601379647018,-2.4917335223334e-18,1.0242462998688548,0.5538621928483147,6.7709855426707355e-19,0.006286906462576986,0.9973749750633882,7.569169453792525e-20,0.07240966176764864,7.76999445390294e-20
0.626,0.6447118471257814,-2.490382212773801e-18,1.0242588059369002,0.5566051097509254,6.742155498779082e-19,0.0062191872924845515,0.9973769317850003,7.509898040671618e-20,0.0723827047238381,7.909534146080333e-20
0.628,0.6458277988013161,-2.4890366414040136e-18,1.024271176571882,0.5593463858340629,6.713603408713945e-19,0.0061514739414587506,0.9973789298033954,7.455900293880769e-20,0.07235516833118005,8.116997154411692e-20
0.63,0.6469492313699112,-2.4876967527812854e-18,1.0242834117901949,0.5620859990672068,6.68532778870387e-19,0.006083771159507056,0.9973809686097435,7.402211359281453e-20,0.07232705894123921,8.32395088022437e-20
0.632,0.6480761414840465,-2.4863624917603616e-18,1.024295511617684,0.5648239276713126,6.657327155736305e-19,0.0060160836466873245,0.9973830476970316,7.343871316341333e-20,0.07229838287666228,8.462043993465913e-20
0.634,0.6492085257528938,-2.4850338034889694e-18,1.0243074760895443,0.5675601501176055,6.629600063165103e-19,0.005948416053241455,0.997385166560096,7.283367963140329e-20,0.07226914643116458,8.565657033315658e-20
0.636,0.650346380742817,-2.4837106334024446e-18,1.024319305250222,0.5702946451263748,6.602145078346498e-19,0.005880772979733093,0.9973873246956554,7.22565863213592e-20,0.07223935586951814,8.703184218406732e-20
0.638,0.6514897029778685,-2.4823929272224623e-18,1.0243309991533143,0.5730273916657689,6.574960771298435e-19,0.005813158977189321,0.9973895216023421,7.168257630230717e-20,0.07220901742754082,8.840368891192064e-20
0.64,0.6526384889402836,-2.4810806309566277e-18,1.0243425578614715,0.5757583689505904,6.54804570716782e-19,0.005745578547246235,0.9973917567807332,7.116110571439227e-20,0.0721781373120867,9.045484056288144e-20
0.642,0.6537927350709734,-2.479773690901211e-18,1.0243539814462976,0.5784875564410934,6.521398429754516e-19,0.005678036142298363,0.9973940297333812,7.06920661979322e-20,0.07214672170103759,9.318368653932686e-20
0.644,0.6549524377700133,-2.4784721619793605e-18,1.0243652699882526,0.5812149338417796,6.492850823639968e-19,0.00561053616565179,0.9973963399648429,9.197543520301305e-20,0.07211477674329575,9.261404239798344e-20
0.646,0.6561175933971315,-2.4771772902280213e-18,1.0243764235765538,0.5839404811001967,6.457000844131984e-19,0.005543082971680976,0.997398686981709,8.558122078932126e-20,0.07208230855877774,9.095203367390254e-20
0.648,0.657288198272193,-2.4758887614748495e-18,1.0243874423090786,0.5866641784057367,6.430141087370811e-19,0.005475680865989179,0.9974010702926316,7.924160322643899e-20,0.07204932323840946,8.963462213358943e-20
0.65,0.6584642486756824,-2.474606046306274e-18,1.0243983262922671,0.5893860061884356,6.398140853586538e-19,0.00540833410557234,0.9974034894083523,7.844936234302693e-20,0.07201582684412224,8.860735101143044e-20
0.652,0.6596457408491844,-2.4733289787409238e-18,1.0244090756410247,0.5921059451177737,6.372941777051582e-19,0.005341046898986486,0.9974059438417285,7.220531705542056e-20,0.07198182540885019,8.79762464598228e-20
0.654,0.6608326709958605,-2.4720572498533244e-18,1.0244196904786258,0.5948239761014765,6.345835422245492e-19,0.005273823406518428,0.9974084331077601,4.9560914639139086e-20,0.07194732493652857,8.818771297712886e-20
0.656,0.6620250352809254,-2.4707893256894615e-18,1.024430170936617,0.5975400802843175,6.335250280146584e-19,0.005206667740359808,0.997410956723614,2.6997703864347062e-20,0.07191233140209335,8.839748273256771e-20
0.658,0.663222829832119,-2.469523426070082e-18,1.0244405171547217,0.6002542390469207,6.323777509205046e-19,0.005139583964784318,0.99741351420865,2.631613407510768e-20,0.07187685075148177,8.565834427933983e-20
0.66,0.6644260507401776,-2.4682592591799212e-18,1.0244507292807439,0.6029664340045648,6.319006111612363e-19,0.00507257609632814,0.9974161050844441,1.4700330415050232e-20,0.07184088890163413,8.371416699954596e-20
0.662,0.6656346940593015,-2.4669961372287956e-18,1.024460807470473,0.605676647005989,6.311158909609468e-19,0.005005648103973407,0.9974187288748124,3.06651691711908e-20,0.0718044517404966,8.253841840060078e-20
0.664,0.6668487558076212,-2.4657352162473166e-18,1.024470751887589,0.6083848601321982,6.297001412185456e-19,0.004938803909334675,0.9974213851058339,4.655438230540318e-20,0.07176754512702507,8.136816288365299e-20
0.666,0.6680682319676601,-2.4644777551692783e-18,1.0244805627035682,0.6110910556952708,6.27656485265327e-19,0.004872047386848389,0.9974240733058728,6.236833105163891e-20,0.0717301748911902,8.020377138465591e-20
0.668,0.6692931184867962,-2.4632250066961047e-18,1.0244902400975884,0.6137952162371673,6.24988031822728e-19,0.004805382363965192,0.9974267930055998,7.808282098196174e-20,0.07169234683398337,7.870383363773897e-20
0.67,0.67052341127772,-2.46197821732568e-18,1.0244997842564354,0.6164973245285392,6.216978754617827e-19,0.004738812621344993,0.9974295437380134,9.374735140809245e-20,0.07165406672742385,7.755187087432536e-20
0.672,0.6717591062188911,-2.460738627382416e-18,1.02450919537441,0.6191973635675404,6.1778909544251145e-19,0.0046723418930548705,0.9974323250384602,1.0933770825646612e-19,0.07161534031456686,7.640606653477319e-20
0.674,0.6730001991549921,-2.4595074710475607e-18,1.0245184736532347,0.6218953165786384,6.13264754709739e-19,0.004605973866769544,0.9974351364446544,1.2487874823201244e-19,0.07157617330951282,7.56069465843152e-20
0.676,0.6742466858973796,-2.458285976393359e-18,1.024527619301961,0.6245911670114278,6.0812790038837065e-19,0.00453971218397451,0.9974379774966973,1.4032169860524545e-19,0.07153657139741752,7.447051038297178e-20
0.678,0.6754985622245335,-2.4570753654107726e-18,1.0245366325368774,0.6272848985394449,6.023815669245249e-19,0.004473560440171711,0.9974408477370955,1.556914642953062e-19,0.07149654023450334,7.333932051434132e-20
0.68,0.676755823882504,-2.4558768540352793e-18,1.0245455135814174,0.6299764950589829,5.960287745579831e-19,0.004407522185087664,0.9974437467107795,1.709884049075381e-19,0.07145608544807155,7.221334231497603e-20
0.682,0.6780184665853554,-2.454691652176741e-18,1.0245542626660689,0.6326659406879093,5.890725292241512e-19,0.0043416009228839925,0.9974466739651203,1.8618836545027422e-19,0.07141521263651551,7.075075792517642e-20
0.684,0.6792864860156083,-2.4535209637460558e-18,1.024562880028282,0.6353532197644837,5.815158234071431e-19,0.004275800112370321,0.9974496290499468,2.0131620276726128e-19,0.07137392736933493,6.929372487257536e-20
0.686,0.6805598778246794,-2.4523659866830312e-18,1.0245713659123799,0.6380383168461781,5.733616369428537e-19,0.004210123167219463,0.997452611517562,2.1634778671831965e-19,0.07133223518715112,6.750083009690482e-20
0.6880000000000001,0.6818386376333185,-2.4512279129798163e-18,1.0245797205694678,0.6407212167084976,5.646129365442493e-19,0.004144573456184788,0.9974556209227586,2.313079132275122e-19,0.07129014160172323,6.571382678679629e-20
0.6900000000000001,0.6831227610320435,-2.450107928708363e-18,1.024587944257344,0.6434019043438031,5.552726762778433e-19,0.0040791543033197935,0.997458656822834,2.461725199445877e-19,0.07124765209596538,6.359170360746111e-20
0.6920000000000001,0.6844122435815727,-2.449007214045737e-18,1.02459603724041,0.6460803649601352,5.453437958163889e-19,0.0040138689881997576,0.997461718777605,2.61015271182175e-19,0.07120477212396492,6.216019766152977e-20
0.6940000000000001,0.6857070808132554,-2.447926943306657e-18,1.0246039997895824,0.6487565839800397,5.34829218612421e-19,0.0039487207461454095,0.9974648063494225,2.7576325995887554e-19,0.07116150711100144,6.039349364917338e-20
0.6960000000000001,0.6870072682294993,-2.4468682849723426e-18,1.0246118321822044,0.6514305470393943,5.237318557095309e-19,0.003883712768448629,0.9974679191031837,2.904411582843768e-19,0.07111786245356691,5.863335245537265e-20
0.6980000000000001,0.6883128013041964,-2.4458324017141347e-18,1.0246195347019578,0.6541022399862375,5.120546038844627e-19,0.003818848202600011,0.9974710566063465,3.05073697501357e-19,0.07107384351938666,5.722112377374212e-20
0.7000000000000001,0.6896236754831457,-2.4448204504267014e-18,1.0246271076387758,0.6567716488795984,4.998003436235013e-19,0.003754130152518331,0.9974742184289415,3.1970990212583875e-19,0.07102945564744131,5.683995766629363e-20
0.7020000000000001,0.6909398861844748,-2.443833582263274e-18,1.0246345512887562,0.6594387599883282,4.869719358818223e-19,0.003689561678781813,0.9974774041435834,3.3430133768938956e-19,0.0709847041479897,5.680460747011382e-20
0.704,0.6922614287990572,-2.4428729426720467e-18,1.0246418659540748,0.6621035597899338,4.735722244399762e-19,0.0036251457988611194,0.9974806133254837,3.4882390818884475e-19,0.07093959430259258,5.677162654758365e-20
0.706,0.6935882986909293,-2.441939671428711e-18,1.0246490519428995,0.6647660349694122,4.596040391444065e-19,0.00356088548735407,0.9974838455524601,3.6330223270148317e-19,0.07089413136413737,5.70827901164531e-20
0.708,0.6949204911977044,-2.4410349026634604e-18,1.0246561095693043,0.6674261724180874,4.450701950444262e-19,0.0034967836762219325,0.9974871004049483,3.7771233017774415e-19,0.07084832055686371,5.739586898253206e-20
0.71,0.6962580016309832,-2.4401595482753154e-18,1.0246630391531852,0.6700839592324486,4.304067256036499e-19,0.0034328432550273873,0.9974903774660118,3.591201871511015e-19,0.07080216707638999,5.833121652818233e-20
0.712,0.6976008252767639,-2.439312349524448e-18,1.0246698410201749,0.6727393827129896,4.166973629574341e-19,0.0033690670711739447,0.9974936763213506,3.6224862872260123e-19,0.07075567608974069,5.429034686032436e-20
0.714,0.6989489573958488,-2.4384937137852e-18,1.0246765155015587,0.6753924303630511,4.016633121948449e-19,0.0033054579301468553,0.9974969965593112,3.9829558754267667e-19,0.07070885273537464,4.9640958162647364e-20
0.716,0.7003023932242487,-2.4377062849636213e-18,1.0246830629341916,0.6780430898876636,3.8563607454216997e-19,0.003242018595755461,0.9975003377708951,4.178971194486573e-19,0.07066170212321415,4.822324256273901e-20
0.718,0.7016611279735849,-2.436951682704527e-18,1.0246894836604148,0.680691349192393,3.6883736327661157e-19,0.0031787517903768972,0.9975036995497659,4.374056911749376e-19,0.070614229334675,4.681118659515545e-20
0.72,0.7030251568314898,-2.4362314461208967e-18,1.0246957780279726,0.6833371963821873,3.5127101048456984e-19,0.003115660195201099,0.9975070814922582,4.568217955802069e-19,0.07056643942269723,4.540597007053505e-20
0.722,0.7043944749620038,-2.435547106679003e-18,1.024701946389931,0.6859806197602253,3.32940829723712e-19,0.0030527464504770886,0.997510483197384,4.761216936240067e-19,0.07051833741177689,4.366533803884188e-20
0.724,0.7057690775059711,-2.434900188234762e-18,1.0247079891045956,0.6886216078267676,3.138506186777694e-19,0.0029900131557604854,0.9975139042668401,4.952816356172958e-19,0.0704699282979985,4.124785176023088e-20
0.726,0.7071489595814324,-2.4342922070625846e-18,1.0247139065354307,0.691260149278009,2.940041610763027e-19,0.0029274628701621537,0.9975173443050138,5.143504635384859e-19,0.07042121704906848,3.883871117549269e-20
0.728,0.708534116284016,-2.4337246718857974e-18,1.0247196990509788,0.6938962330049327,2.7340522418037117e-19,0.002865098112597988,0.9975208029189895,5.333045177266301e-19,0.07037220860434923,3.6096873928150024e-20
0.73,0.7099245426873257,-2.4331990839098156e-18,1.02472536702478,0.6965298480921671,2.5205755821276714e-19,0.0028029213620397618,0.9975242797185533,5.521924996518735e-19,0.07032290787489422,3.3706323155514717e-20
0.732,0.7113202338433277,-2.4327169368585755e-18,1.0247309108352927,0.6991609838168437,2.2996489489012035e-19,0.0027409350577669886,0.9975277743161989,5.70966596197774e-19,0.07027331974348375,3.0982983577801637e-20
0.734,0.7127211847827333,-2.4322795004058806e-18,1.0247363308658142,0.7017896296474573,2.075641531756822e-19,0.0026791415996197366,0.9975312863271317,5.57029893406572e-19,0.07022344906466153,3.3315214840997284e-20
0.736,0.7141273905153819,-2.43188587193008e-18,1.0247416275044023,0.7044157752427288,1.8626477718005435e-19,0.0026175433482524095,0.9975348153692736,5.37690697830667e-19,0.07017330066477213,3.6024343769467534e-20
0.738,0.7155388460306191,-2.431534503688554e-18,1.0247468011437977,0.7070394104504689,1.650866237728723e-19,0.0025561426253883925,0.997538361063266,5.400921192239424e-19,0.07012287934199914,3.3765602103886856e-20
0.74,0.7169555462976747,-2.431225588297362e-18,1.024751852181345,0.7096605253064446,1.4381200894651252e-19,0.002494941714075481,0.9975419230324739,5.424815935602914e-19,0.07007218986640408,3.1512038001231135e-20
0.742,0.7183774862660367,-2.4309593181685865e-18,1.024756781018917,0.7122791100332476,1.2244144262939664e-19,0.002433942858942163,0.9975455009029889,5.449072335492678e-19,0.07002123697996625,2.994727401031602e-20
0.744,0.7198046608658244,-2.4307358847005533e-18,1.0247615880628376,0.7148951550391646,1.0097542888040383e-19,0.0023731482664546126,0.9975490943036314,5.47297057243809e-19,0.06997002539662309,2.804502556389726e-20
0.746,0.7212370650081582,-2.4305554782851285e-18,1.0247662737238052,0.7175086509170495,7.941447056433945e-20,0.002312560105174375,0.9975527028659539,5.496990546471966e-19,0.06991855980231156,2.6488925836833502e-20
0.748,0.7226746935855279,-2.4304182883121366e-18,1.0247708384168182,0.720119588443199,5.775906639430172e-20,0.002252180506016741,0.9975563262242416,5.520893403184429e-19,0.06986684485501003,2.4937139556780704e-20
0.75,0.7241175414721586,-2.430324503176143e-18,1.0247752825610987,0.7227279585762282,3.6009713268171037e-20,0.0021920115625097,0.9975599640155149,5.544200702206044e-19,0.06981488518478111,2.2706008668456467e-20
0.752,0.7255656035243736,-2.430274310276249e-18,1.0247796065800197,0.7253337524559501,1.416691152340728e-20,0.0021320553310534645,0.9975636158795302,5.566673719659037e-19,0.06976268539381505,1.9454918387632134e-20
0.754,0.7270188745809566,-2.430267896004755e-18,1.024783810901029,0.7279369614022568,-7.768834020757069e-21,0.002072313831180552,0.9975672814587813,5.588792513250919e-19,0.06971025005647405,1.586953358063365e-20
0.756,0.7284773494635098,-2.4303053374472992e-18,1.0247878959555776,0.7305375769140026,-2.958042737294721e-20,0.0020127890458163317,0.9975709603984986,5.448393541536835e-19,0.06965758371933703,1.583305420352804e-20
0.758,0.7299410229768114,-2.4303856644874014e-18,1.024791862179046,0.7331355906678892,-5.0727150696992726e-20,0.001953482921540034,0.9975746523466509,5.418650870845656e-19,0.06960469090124542,1.5712696141912593e-20
0.76,0.7314098899091697,-2.4305086344590436e-18,1.0247957100106708,0.7357309945173544,-7.218743728323215e-20,0.0018943973688461625,0.9975783569539439,5.388222993012495e-19,0.06955157609334939,1.4224544026598135e-20
0.762,0.7328839450327758,-2.4306738988580673e-18,1.024799439893475,0.7383237804914607,-9.309386429455941e-20,0.0018355342624062467,0.9975820738738204,5.303480790486597e-19,0.06949824375915493,1.3462004911453974e-20
0.764,0.7343631831040537,-2.4308809660850477e-18,1.0248030522741944,0.7409139407937891,-1.1388214627534383e-19,0.0017768954413309895,0.9975858027624589,5.16431371555631e-19,0.06944469833457159,1.308246676996317e-20
0.766,0.735847598864008,-2.4311285167022496e-18,1.0248065476032082,0.7435014678013325,-1.3346939253783484e-19,0.0017184827094326282,0.9975895432787731,4.917130809964496e-19,0.06939094422796088,1.4487944099294727e-20
0.768,0.7373371870385699,-2.4314147314379416e-18,1.0248099263344679,0.7460863540633932,-1.5272752568631963e-19,0.0016602978354876318,0.9975932950844099,4.888703526871335e-19,0.06933698582018534,1.2654921538997022e-20
0.77,0.7388319423389405,-2.431739351770521e-18,1.0248131889254277,0.7486685923004818,-1.7187507136048867e-19,0.0016023425534995495,0.9975970578437476,4.860643103182199e-19,0.06928282746465833,1.1167083027784588e-20
0.772,0.7403318594619321,-2.4321021570410885e-18,1.0248163358369755,0.7512481754032192,-1.9091254581400269e-19,0.0015446185629620658,0.9976008312238941,4.832710956821213e-19,0.06922847348739442,9.681777558066358e-21
0.774,0.741836933090308,-2.432502927622098e-18,1.0248193675333637,0.7538250964312404,-2.0984046329080358e-19,0.001487127529122221,0.9976046148946839,4.804906478048551e-19,0.06917392818706049,8.199004320008063e-21
0.776,0.743347157893118,-2.4329414449110786e-18,1.0248222844821413,0.7563993486121005,-2.2865933524115955e-19,0.0014298710832436905,0.9976084085286763,4.777229341596513e-19,0.06911919583502742,6.719167600598751e-21
0.778,0.7448625285260347,-2.4334174913268538e-18,1.024825087154086,0.7589709253401838,-2.473696711428353e-19,0.0013728508228702016,0.9976122118011514,4.750153102288237e-19,0.06906428067542249,5.926353221723621e-21
0.78,0.7463830396316852,-2.433930850309536e-18,1.0248277760231372,0.7615398201756152,-2.659719840524386e-19,0.0013160683120889407,0.9976160243901078,4.723439573183412e-19,0.06900918692518239,5.47627899061685e-21
0.782,0.7479086858399814,-2.434481306326148e-18,1.024830351566329,0.7641060268431732,-2.844667862053163e-19,0.0012595250817939948,0.997619845976258,4.696850374223866e-19,0.0689539187741068,5.0262981817933655e-21
0.784,0.7494394617684489,-2.435068644865003e-18,1.0248328142637249,0.7666695392312065,-3.0285458778553234e-19,0.0012032226299497617,0.9976236762430253,4.670150044778996e-19,0.06889848038491263,4.2357812124769574e-21
0.786,0.7509753620225524,-2.435692652431988e-18,1.0248351645983507,0.7692303513905526,-3.2113589393051993e-19,0.001147162421854276,0.9976275148765394,4.643101425117739e-19,0.06884287589328897,2.763293141357111e-21
0.788,0.7525163811960202,-2.436353116534588e-18,1.0248374030561311,0.7717884575334585,-3.393112023528824e-19,0.001091345890402508,0.9976313615656323,4.616648078932952e-19,0.06878710940795246,1.9770389367830146e-21
0.79,0.7540625138711651,-2.4370498256755986e-18,1.0248395301258244,0.7743438520325046,-3.57381011917201e-19,0.0010357744363494565,0.9976352160018327,4.590554008860836e-19,0.0687311850107034,1.5347585151214844e-21
0.792,0.7556137546192048,-2.437782569358804e-18,1.024841546298958,0.7768965294195306,-3.7534582487846926e-19,0.0009804494285731514,0.9976390778793625,4.564817812699873e-19,0.0686751067564824,1.4344218698030487e-21
0.794,0.757170098000579,-2.4385511380920993e-18,1.0248434520697658,0.7794464843845645,-3.932061413208714e-19,0.0009253722043374469,0.9976429468951306,4.538967497500951e-19,0.06861887867342766,9.923339522655805e-22
0.796,0.7587315385652648,-2.439355323379356e-18,1.0248452479351247,0.7819937117747537,-4.109624567517286e-19,0.0008705440695545966,0.9976468227487278,4.51253259166654e-19,0.06856250476293273,-4.743966389754465e-22
0.798,0.7602980708530896,-2.440194917704517e-18,1.0248469343944924,0.7845382065932985,-4.2861525509757925e-19,0.000815966299047596,0.9976507051424215,4.485512390765128e-19,0.06850598899970499,-2.9645452896813698e-21
0.8,0.7618696893940429,-2.441069714507537e-18,1.0248485119498452,0.787079963998389,-4.461650093379478e-19,0.0007616401368122489,0.9976545937811493,4.458377845102753e-19,0.06844933533182455,-5.791157006853788e-21
0.802,0.763446388708584,-2.4419795081690266e-18,1.024849981105617,0.7896189793021438,-4.636121881810053e-19,0.0007075667962789364,0.9976584883725129,4.43159862447042e-19,0.06839254768080383,-8.269718186481052e-21
0.804,0.7650281633079498,-2.4429240940066722e-18,1.0248513423686383,0.7921552479695518,-4.809572599959432e-19,0.0006537474605740147,0.9976623886267723,4.405173329158375e-19,0.06833562994164759,-1.040145448843097e-20
0.806,0.7666150076944592,-2.443903268274828e-18,1.0248525962480755,0.7946887656174169,-4.98200693599387e-19,0.0006001832827809299,0.9976662942568385,4.379335752083335e-19,0.06827858598291359,-1.184451412533748e-20
0.808,0.7682069163618157,-2.4449168281696233e-18,1.0248537432553713,0.7972195280133041,-5.153429624695053e-19,0.0005468753862008732,0.9976702049782672,4.354552853397729e-19,0.06822141964677375,-1.1917213436361844e-20
0.81,0.7698038837954077,-2.445964571842309e-18,1.0248547839041857,0.7997475310744899,-5.323845487685195e-19,0.0004938248646130791,0.9976741205092516,4.3301209453367562e-19,0.06816413474907584,-1.1648388261479619e-20
0.812,0.7714059044726068,-2.447046298411326e-18,1.0248557187103369,0.8022727708669145,-5.493259357125912e-19,0.00044103278253464836,0.9976780405706155,4.3058051525963207e-19,0.06810673507940573,-1.1380706869065571e-20
0.8140000000000001,0.7730129728630646,-2.4481618079601433e-18,1.0248565481917429,0.8047952436041366,-5.661676061552801e-19,0.000388500175479932,0.9976819648858052,4.282305366336159e-19,0.0680492244011501,-1.0088974077746676e-20
0.8160000000000001,0.7746250834290064,-2.4493109015431107e-18,1.0248572728683643,0.8073149456462914,-5.82910047604595e-19,0.0003362280502194097,0.9976858931808824,4.2591537734075232e-19,0.06799160645155974,-8.458538224624787e-21
0.8180000000000001,0.7762422306255236,-2.4504933811909366e-18,1.0248578932621466,0.8098318734990512,-5.99553748910679e-19,0.0002842173850380551,0.9976898251845165,4.2358830375161993e-19,0.0679338849418133,-7.174340015284812e-21
0.8200000000000001,0.7778644089008633,-2.451709049907632e-18,1.0248584098969633,0.8123460238125887,-6.160991927001266e-19,0.00023246912999318287,0.9976937606279762,4.21225986972835e-19,0.06787606355708155,-6.5770137519102045e-21
0.8220000000000001,0.779491612696717,-2.452957711655464e-18,1.0248588232985605,0.8148573933805426,-6.325468563050568e-19,0.00018098420717171473,0.9976976992451214,4.189215217780835e-19,0.0678181459565922,-5.298256832915816e-21
0.8240000000000001,0.7811238364485058,-2.4542391713526952e-18,1.0248591339945003,0.8173659791389872,-6.488972185209985e-19,0.00012976351094686264,0.9977016407723948,4.166283142946573e-19,0.0677601357736951,-4.023021557352017e-21
0.8260000000000001,0.7827610745856647,-2.4555532348734315e-18,1.0248593425141064,0.8198717781654032,-6.651507548219291e-19,7.880790823419523e-05,0.9977055849488133,4.142997938486026e-19,0.06770203661592795,-3.435037787483361e-21
0.8280000000000001,0.7844033215319239,-2.4568997090348154e-18,1.0248594493884087,0.8223747876776529,-6.813079332971498e-19,2.811823874709282e-05,0.9977095315159595,4.119360248819874e-19,0.06764385206508265,-3.532265856087392e-21
0.8300000000000001,0.7860505717055893,-2.4582784015834583e-18,1.02485945515009,0.8248750050329569,-6.97369215594808e-19,-2.2304684748463845e-05,0.9977134802179723,4.096065937329013e-19,0.0675855856772718,-3.2878543433489256e-21
0.8320000000000001,0.7877028195198195,-2.4596891211879816e-18,1.0248593603334317,0.8273724277268744,-7.133350630009728e-19,-7.246007617979344e-05,0.9977174308015384,4.073114327311205e-19,0.06752724098299596,-2.702611777819177e-21
0.834,0.7893600593829014,-2.4611316774402757e-18,1.0248591654742607,0.8298670533922864,-7.292059364438115e-19,-0.00012234717591406288,0.9977213830158823,4.050503944637916e-19,0.06746882148721128,-1.7773393866378913e-21
0.836,0.7910222856985248,-2.462605880854132e-18,1.0248588711098972,0.8323588797983813,-7.449822987447076e-19,-0.00017196525050562072,0.9977253366127576,4.0280033296112853e-19,0.06741033066939747,-8.547252815564711e-22
0.838,0.792689492866053,-2.464111542868697e-18,1.024858477779102,0.8348479048496434,-7.60664609926882e-19,-0.0002213135924440031,0.9977292913464372,4.0053801702979633e-19,0.06735177198362634,-2.7663582958969937e-22
0.84,0.7943616752807924,-2.4656484758375283e-18,1.0248579860220257,0.8373341265848451,-7.762533254387536e-19,-0.00027039151990277234,0.997733246973703,3.9826346974452437e-19,0.06729314885863075,-4.225186554835155e-23
0.842,0.7960388273342609,-2.4672164930200534e-18,1.0248573963801566,0.8398175431760406,-7.917488946441629e-19,-0.00031919837648903464,0.997737203253837,3.9597663402559297e-19,0.06723446469787397,-1.5075078805233738e-22
0.844,0.7977209434144528,-2.4688154085696865e-18,1.024856709396271,0.8422981529275642,-8.0715176336175595e-19,-0.00036773353099383107,0.9977411599486105,3.937466149212348e-19,0.06717572287961951,4.235290049574038e-22
0.846,0.7994080179061023,-2.470445037532193e-18,1.0248559256143823,0.8447759542750298,-8.224623799861319e-19,-0.000415996377143324,0.9977451168222742,3.915733601042752e-19,0.06711692675700129,1.6793726012601475e-21
0.848,0.8011000451909456,-2.4721051958566888e-18,1.0248550455796919,0.8472509457843351,-8.376811976118574e-19,-0.0004639863333508123,0.997749073641548,3.8943373847814093e-19,0.06705807965809431,3.2736846020184126e-21
0.85,0.8027970196479799,-2.473795700398655e-18,1.0248540698385398,0.8497231261506671,-8.52808669773605e-19,-0.0005117028424695986,0.9977530301756101,3.8728168832198e-19,0.0669991848859857,4.521886176973445e-21
0.852,0.8044989356537213,-2.475516368916353e-18,1.0248529989383561,0.8521924941975116,-8.678452438541925e-19,-0.0005591453715467222,0.9977569861960872,3.850941748144812e-19,0.06694024571884619,5.082915360234419e-21
0.854,0.8062057875824605,-2.4772670200554067e-18,1.024851833427613,0.8546590488756655,-8.827913613019872e-19,-0.0006063134115775825,0.9977609414770431,3.829400631946247e-19,0.06688126541000186,5.9836765819830805e-21
0.856,0.8079175698065161,-2.479047473342422e-18,1.024850573855777,0.8571227892622517,-8.976474620556322e-19,-0.0006532064772614747,0.997764895794968,3.807735156948874e-19,0.06682224718800651,6.540794036379726e-21
0.858,0.8096342766964864,-2.4808575491817835e-18,1.024849220773261,0.8595837145597379,-9.124139830214472e-19,-0.0006998241067580162,0.9977688489287679,3.7861735976496126e-19,0.0667631942567142,7.096172328276264e-21
0.86,0.8113559026214993,-2.482697068848066e-18,1.0248477747313791,0.8620418240949572,-9.27091358020035e-19,-0.0007461658614445399,0.9977728006597534,3.764944231561721e-19,0.06670410979535228,7.991716004735962e-21
0.862,0.8130824419494598,-2.4845658544840815e-18,1.0248462362822996,0.8644971173181325,-9.416800228039678e-19,-0.0007922313256744204,0.997776750771628,3.7440465629217e-19,0.06664499695859476,9.226211618715692e-21
0.864,0.8148138890472961,-2.4864637291050728e-18,1.024844605978999,0.866949593801904,-9.561804112442853e-19,-0.000838020106536362,0.9977806990504773,3.7225654179778605e-19,0.06658585887663605,9.432079327460682e-21
0.866,0.8165502382812032,-2.4883905165847958e-18,1.0248428843752173,0.8693992532403592,-9.705929495910752e-19,-0.0008835318336147103,0.9977846452847579,3.701642618009722e-19,0.06652669865526513,1.0320452458995213e-20
0.868,0.8182914840168849,-2.490346041651407e-18,1.0248410720254129,0.8718460954480666,-9.849180670673317e-19,-0.000928766158750677,0.997788589265285,3.6812776777359257e-19,0.0664675193759399,1.18901164287107e-20
0.87,0.8200376206197938,-2.4923301298950795e-18,1.0248391694847183,0.874290120359112,-9.991561956610915e-19,-0.0009737227558046617,0.9977925307852217,3.6612410693107413e-19,0.06640832409586214,1.379755739870637e-20
0.872,0.8217886424553693,-2.494342607772312e-18,1.0248371773088971,0.8767313280261382,-1.0133077698423473e-18,-0.0010184013204195392,0.9977964696400666,3.641531904414219e-19,0.06634911584805256,1.6041570164690352e-20
0.874,0.823544543889274,-2.496383302608875e-18,1.0248350960542996,0.8791697186193873,-1.0273732248112458e-18,-0.0010628015697850045,0.9978004056276425,3.62169438803839e-19,0.06628989764142633,1.7937140986785808e-20
0.876,0.8253053192876277,-2.498452042597378e-18,1.0248329262778202,0.8816052924257467,-1.0413529898000737e-18,-0.0011069232424029693,0.9978043385480841,3.601501222780861e-19,0.06623067246086896,1.9144413825850583e-20
0.878,0.8270709630172399,-2.500548656782149e-18,1.0248306685368556,0.884038049847798,-1.0552474891746333e-18,-0.0011507660978540024,0.9978082682038266,3.582315233625618e-19,0.06617144326731243,2.1716067221553026e-20
0.88,0.8288414694458401,-2.502672975061915e-18,1.024828323389262,0.8864679914028687,-1.0690571540382267e-18,-0.0011943299165648846,0.9978121943995928,3.5636814499452536e-19,0.06611221299781171,2.4965855944345216e-20
0.882,0.8306168329423065,-2.504824719927737e-18,1.0248258913933148,0.8888951177220875,-1.0825658688315397e-18,-0.001237614499577198,0.9978161169423816,3.3256410827824206e-19,0.06605298456562152,2.8631265467664834e-20
0.884,0.8323970478768923,-2.5070024966170287e-18,1.0248233731076661,0.8913194295494427,-1.0953423710014957e-18,-0.001280619668317063,0.9978200356414557,3.4707710867525023e-19,0.06599376086027349,2.838113004536764e-20
0.886,0.834182108621451,-2.5092072275729973e-18,1.0248207690913056,0.893740927740843,-1.1095557764317355e-18,-0.0013233452643659402,0.997823950308329,3.724854295144005e-19,0.06593454474765359,2.7752082281511435e-20
0.888,0.8359720095496591,-2.511440408015101e-18,1.0248180799035194,0.8961596132631828,-1.1234662415752268e-18,-0.0013657911492325962,0.9978278607567546,3.485377572183628e-19,0.06587533907007986,3.0382673352998496e-20
0.89,0.8377667450372369,-2.5137006740914133e-18,1.0248153061038512,0.8985754871934094,-1.1368587108947303e-18,-0.0014079572041261815,0.9978317668027117,3.5736986628953775e-19,0.0658161466463804,2.8442800865837486e-20
0.892,0.839566309462168,-2.5159885453982627e-18,1.0248124482520626,0.9009885507175941,-1.1511434593623633e-18,-0.0014498433297304213,0.9978356682643942,3.716658328110817e-19,0.06575697027197176,2.648870890178239e-20
0.894,0.8413706972049165,-2.518305081175821e-18,1.0248095069080947,0.9033988051300063,-1.1653422761455003e-18,-0.001491449445979011,0.9978395649621971,3.641688434040313e-19,0.06569781271893747,2.8376950355206024e-20
0.896,0.8431799026486424,-2.520649711947778e-18,1.0248064826320293,0.9058062518321907,-1.17923869370062e-18,-0.0015327754918321424,0.997843456718704,3.567528126603424e-19,0.06563867673610697,3.094331914772198e-20
0.898,0.8449939201794152,-2.5230218344182108e-18,1.024803375984052,0.9082108923320479,-1.1928342143536369e-18,-0.0015738214250541984,0.9978473433586751,3.4941757030950913e-19,0.06557956504913474,3.418661640075865e-20
0.9,0.846812744186426,-2.5254208482938783e-18,1.024800187524414,0.9106127282429181,-1.2061303388600065e-18,-0.00161458722199265,0.9978512247090335,3.4214036081711016e-19,0.0655204803605798,3.7762915740357924e-20
0.902,0.8486363690621973,-2.5278462645544643e-18,1.024796917813395,0.9130117612826678,-1.2194533836273438e-18,-0.0016550728773581254,0.9978551005988533,3.6211774422248455e-19,0.06546142534998528,3.748145055856391e-20
0.904,0.8504647892027908,-2.5302993646039346e-18,1.0247935674112683,0.9154079932727804,-1.2336690533947055e-18,-0.001695278404005674,0.9978589708593458,3.544314938365017e-19,0.0654024026739585,3.592212571839095e-20
0.906,0.8522979990080142,-2.5327798349454205e-18,1.0247901368782621,0.9178014261374492,-1.2467155500196788e-18,-0.0017352038327172446,0.9978628353238473,3.412301211101152e-19,0.06534341496625111,3.369975425664502e-20
0.908,0.8541359928816256,-2.535286749752948e-18,1.024786626774526,0.920192061902674,-1.2603304695214871e-18,-0.0017748492119853704,0.997866693827806,3.6109491904274976e-19,0.06528446483783956,3.2066136387525973e-20
0.91,0.855978765231536,-2.537821352346199e-18,1.0247830376600953,0.9225799026953615,-1.274294442144635e-18,-0.0018142146077980805,0.9978705462087686,3.6463197600379636e-19,0.06522555487700582,3.4249059853268686e-20
0.912,0.8578263104700106,-2.5403840137769346e-18,1.0247793700948555,0.9249649507424279,-1.2883892056116199e-18,-0.00185330010342505,0.9978743923063678,3.6817532373887436e-19,0.0651666876494183,3.676920711379999e-20
0.914,0.8596786230138674,-2.5429747784480128e-18,1.024775624638509,0.9273472083699057,-1.3021810354585074e-18,-0.00189210579920496,0.9978782319623087,3.4419159698438954e-19,0.06510786569821306,3.867672751619682e-20
0.916,0.8615356972846752,-2.5455921024270618e-18,1.0247718018505398,0.9297266780020531,-1.3151297169986108e-18,-0.0019306318123341103,0.9978820650203561,3.420714364294497e-19,0.06504909154407519,3.7096547155948736e-20
0.918,0.8633975277089483,-2.548235784823215e-18,1.0247679022901819,0.9321033621604673,-1.3284312406263516e-18,-0.001968878276656316,0.9978858913263213,3.3993858429189883e-19,0.06499036768532045,3.5177848207317304e-20
0.92,0.8652641087183413,-2.5509053737065515e-18,1.0247639265163846,0.9344772634632005,-1.3412168018632657e-18,-0.0020068453424539833,0.9978897107280483,3.4877018437158314e-19,0.06493169659797711,3.254949675517808e-20
0.922,0.8671354347498402,-2.5536016816588485e-18,1.0247598750877802,0.9368483846238798,-1.35522229291592e-18,-0.0020445331762405385,0.9978935230754017,3.575501373354196e-19,0.06487308073586803,2.9586365595923736e-20
0.924,0.8690115002459535,-2.5563254107331042e-18,1.0247557485626522,0.9392167284508295,-1.368385009078893e-18,-0.0020819419605540386,0.9978973282202523,3.336395442053037e-19,0.06481452253069295,3.150116733538405e-20
0.926,0.8708922996549001,-2.5590749509422263e-18,1.024751547498903,0.9415822978461981,-1.381142535864479e-18,-0.0021190718937520972,0.9979011260164646,3.319174970273961e-19,0.06475602439211092,3.4720982522494764e-20
0.928,0.8727778274307962,-2.5618499277811808e-18,1.024747272454023,0.943945095805087,-1.3938217046906933e-18,-0.002155923189808111,0.9979049163198831,3.302488296804951e-19,0.06469758870782305,3.8615891549697195e-20
0.93,0.8746680780338407,-2.5646499684017925e-18,1.0247429239850587,0.9463051254146838,-1.4059898387837633e-18,-0.002192496078108708,0.9979086989883192,3.010340058357102e-19,0.06463921784365531,4.119769126201596e-20
0.932,0.8765630459304979,-2.5674731137147853e-18,1.0247385026485831,0.9486623898533985,-1.4171077621217018e-18,-0.0022287908032525205,0.9979124738815379,3.045406797371424e-19,0.06458091414364167,3.78811358747809e-20
0.934,0.8784627255936798,-2.57031947116513e-18,1.0247340090006647,0.9510168923900025,-1.429346216667604e-18,-0.002264807624850258,0.9979162408612441,3.1901642457632166e-19,0.0645226799301073,3.454876506054733e-20
0.936,0.8803671115029252,-2.5731901580474917e-18,1.0247294435968377,0.9533686363827721,-1.4415089998321957e-18,-0.002300546817326053,0.9979199997910695,3.3903976162049774e-19,0.06446451750375203,3.292280824478525e-20
0.9380000000000001,0.8822761981445786,-2.5760867922171367e-18,1.0247248069920734,0.9557176252786341,-1.455437237740558e-18,-0.002336008669720115,0.9979237505365592,3.6443931344369824e-19,0.06440642914373394,3.09503203873937e-20
0.9400000000000001,0.884189980011966,-2.579011272471963e-18,1.02472009974075,0.9580638626123157,-1.4688490276197565e-18,-0.0023711934854926883,0.9979274929651584,3.3496221852475234e-19,0.06434841710775319,3.1833613646502204e-20
0.9420000000000001,0.8861084516055703,-2.5819616280496375e-18,1.0247153223966248,0.9604073520054971,-1.4815300204832425e-18,-0.0024061015823293075,0.9979312269461987,3.3309096765127585e-19,0.0642904836321359,3.2655675658350504e-20
0.9440000000000001,0.8880316074332035,-2.5849376653134873e-18,1.0247104755128058,0.9627480971659681,-1.4944585938956305e-18,-0.0024407332919473743,0.9979349523508851,3.311406799099534e-19,0.06423263093191833,3.210725371960744e-20
0.9460000000000001,0.8899594420101791,-2.5879389757632565e-18,1.0247055596417234,0.9650861018867873,-1.5068754440978926e-18,-0.002475088959904046,0.9979386690522822,3.2911125610168945e-19,0.0641748612009311,3.019242991068884e-20
0.9480000000000001,0.8918919498594808,-2.590965620727567e-18,1.0247005753351033,0.9674213700454456,-1.5198652580509346e-18,-0.0025091689454054393,0.9979423769253011,3.379985799926377e-19,0.06411717661188368,2.723704010674299e-20
0.9500000000000001,0.8938291255119316,-2.5940182746109825e-18,1.0246955231439396,0.9697539056030319,-1.532884161977485e-18,-0.002542973621117144,0.9979460758466856,3.52283336486235e-19,0.06405957931644884,2.3253767844807106e-20
0.9520000000000001,0.8957709635063591,-2.5970976814624023e-18,1.0246904036184674,0.9720837126034035,-1.546473497635716e-18,-0.002576503372976059,0.9979497656949992,3.338604439450959e-19,0.06400207144534753,2.4124231211969432e-20
0.9540000000000001,0.8977174583897608,-2.6002028855839913e-18,1.0246852173081369,0.974410795172359,-1.5584653818619087e-18,-0.002609758600003562,0.9979534463506113,3.1546797710650633e-19,0.06394465510843361,2.4307548701167278e-20
0.9560000000000001,0.8996686047174671,-2.603331926060364e-18,1.0246799647615874,0.9767351575168145,-1.570382604519009e-18,-0.002642739714119993,0.9979571176956844,2.8626356541182455e-19,0.06388733239477891,2.5872723913288826e-20
0.9580000000000001,0.9016243970533028,-2.6064827772619127e-18,1.0246746465266219,0.9790568039239842,-1.5803852869743917e-18,-0.002675447139960467,0.9979607796141599,2.625813078804966e-19,0.06383010537275835,2.571163980369441e-20
0.96,0.9035848299697465,-2.6096538572805405e-18,1.0246692631501808,0.9813757387605629,-1.5906480747079143e-18,-0.002707881314692008,0.997964431991745,2.5531154235738087e-19,0.06377297609013516,2.313091281162008e-20
0.962,0.9055498980480892,-2.6128443490121748e-18,1.0246638151783187,0.9836919664719136,-1.5998692251411764e-18,-0.002740042687832037,0.9979680747158998,2.480932475646228e-19,0.06371594657414632,2.124082671853659e-20
0.964,0.9075195958785903,-2.6160537976455764e-18,1.0246583031561785,0.9860054915812569,-1.6094608348997404e-18,-0.0027719317210681505,0.9979717076758232,2.4086485294227645e-19,0.06365901883158802,1.8670231517972896e-20
0.966,0.9094939180606333,-2.619281245684145e-18,1.0246527276279676,0.988316318688865,-1.6180132054905419e-18,-0.0028035488880792637,0.99797533076244,2.3373537901004886e-19,0.06360219484890123,1.712976467371468e-20
0.968,0.9114728592028782,-2.6225264240649005e-18,1.0246470891369344,0.9906244524712584,-1.6271553033108945e-18,-0.0028348946743580643,0.9979789438683875,2.3213250549489593e-19,0.0635454765922575,1.558556603580366e-20
0.97,0.9134564139234139,-2.625789282775598e-18,1.0246413882253445,0.9929298976804065,-1.6356935803679865e-18,-0.002865969577034802,0.9979825468880017,2.3603007293856013e-19,0.06348886600764472,1.4037975832787207e-20
0.972,0.9154445768499079,-2.6290698806978884e-18,1.024635625434458,0.9952326591429311,-1.6448222953529655e-18,-0.0028967741047024285,0.9979861397173048,2.290222816130039e-19,0.06343236502095312,1.3873937176977488e-20
0.974,0.9174373426197548,-2.6323677352338037e-18,1.0246298013045065,0.9975327417593141,-1.6530225903972655e-18,-0.0029273087772430455,0.9979897222539911,2.27540873291524e-19,0.06337597553806118,1.3703431949454284e-20
0.976,0.9194347058802237,-2.6356829073715527e-18,1.0246239163746704,0.9998301505031075,-1.6622482094200953e-18,-0.0029575741256556982,0.9979932943974142,2.423724991179259e-19,0.0633196994449219,1.0781667825599475e-20
0.978,0.9214366612886029,-2.6390162884104e-18,1.0246179711830574,1.0021248904201483,-1.6709784825826175e-18,-0.0029875706918854896,0.9979968560485737,2.2444700384212076e-19,0.06326353860764888,1.2003038631141166e-20
0.98,0.9234432035123442,-2.642366781399661e-18,1.0246119662666804,1.0044169666277754,-1.6795411692727361e-18,-0.0030172990286540585,0.9980004071101017,2.2866657776534563e-19,0.0632074948726027,1.456761731832793e-20
0.982,0.9254543272292048,-2.645734449504644e-18,1.0246059021614362,1.0067063843140505,-1.6879369391475613e-18,-0.003046759699291335,0.9980039474862501,2.1085035096847876e-19,0.06315157006647723,1.6460196985303312e-20
0.984,0.9274700271273884,-2.649117984538356e-18,1.0245997794020847,1.0089931487369828,-1.6956252775477122e-18,-0.0030759532775686696,0.9980074770828765,2.204248339133262e-19,0.06309576599638612,1.5586880200611503e-20
0.986,0.9294902979056834,-2.6525180332408263e-18,1.0245935985222276,1.011277265223757,-1.7045584915186255e-18,-0.00310488034753329,0.9980109958074321,2.3007074817457304e-19,0.06304008444994938,1.6769753779658207e-20
0.988,0.9315151342736017,-2.655935455202054e-18,1.0245873600542887,1.013558739169964,-1.7127816186838505e-18,-0.003133541503344062,0.9980145035689479,2.1217039841975714e-19,0.06298452719537984,1.7628291040407763e-20
0.99,0.9335445309515139,-2.659369013080884e-18,1.0245810645294935,1.0158375760388365,-1.720622789705193e-18,-0.0031619373491085898,0.9980180002780218,1.9435473004025844e-19,0.06292909598156993,1.8482125552026462e-20
0.992,0.9355784826707841,-2.662817078623728e-18,1.024574712477849,1.018113781360486,-1.7273260144853151e-18,-0.0031900684987216537,0.9980214858468055,1.7125114023056895e-19,0.06287379253817835,2.1043797768242434e-20
0.994,0.9376169841739029,-2.6662781398623046e-18,1.0245683044281253,1.0203873607311453,-1.7337635672651106e-18,-0.003217935575704946,0.9980249601889913,1.7552980023769448e-19,0.06281861857571688,2.0504852671950605e-20
0.996,0.9396600302146187,-2.669752244702238e-18,1.0245618409078359,1.0226583198124135,-1.740369480991872e-18,-0.003245539213048167,0.9980284232197997,1.79809662229867e-19,0.06276357578563721,2.0310217513590926e-20
0.998,0.9417076155580681,-2.6732397290262678e-18,1.0245553224432187,1.0249266643305042,-1.7471429178955303e-18,-0.0032728800530513937,0.9980318748559656,1.8409078375001672e-19,0.0627086658404178,2.0458665226389792e-20
1.0,0.9437602247054154,-2.6767423749281344e-18,1.0245526558690752,1.0276791384038537,-1.755536689536523e-18,0.000606726424340323,0.9980585594888733,1.8838100775361942e-19,0.062282516254516966,2.088045758318166e-20
1.002,0.945817805309912,-2.6802604721854604e-18,1.0245536981009202,1.0298977928988244,-1.762588397432261e-18,0.0004359635409236334,0.9980936875440392,1.9265483030651054e-19,0.06171702264967949,2.1275325500382922e-20
1.004,0.9478798041710067,-2.683792784528273e-18,1.0245544019295798,1.0320977175447457,-1.769724769352887e-18,0.0002682793255192711,0.9981254460768156,1.92825304248124e-19,0.06120125729065501,2.2274946949510133e-20
1.006,0.9499461798304487,-2.687339373431236e-18,1.0245547739768304,1.0342743598755737,-1.7768649219291293e-18,0.00010420684649520238,0.9981590971403704,1.9298764969579624e-19,0.06064995297541047,2.326602148259953e-20
1.008,0.9520168890529737,-2.6909002461053266e-18,1.0245548210254127,1.0364314892794284,-1.7840085372545968e-18,-5.674858117314706e-05,0.9981905043308952,1.9312894216007816e-19,0.06013083288656578,2.3918628771655834e-20
1.01,0.9540918903219618,-2.694475409687142e-18,1.024554549581841,1.038566265541003,-1.7911558373449572e-18,-0.00021427199417355902,0.9982229299064336,1.9321884426257266e-19,0.0595901183839591,2.3710778584020928e-20
1.012,0.9561711410635447,-2.69806487137325e-18,1.0245539662216439,1.040681098691242,-1.7983066334840757e-18,-0.00036868531391372097,0.9982538119712,1.9336932562322535e-19,0.0590705246715051,2.4533411566867058e-20
1.014,0.9582545998521195,-2.7016685308172834e-18,1.0245530773185785,1.0427742288961783,-1.805246118507394e-18,-0.0005198085839604911,0.998285173146579,1.770609280469326e-19,0.058538133517421875,2.5639190030142837e-20
1.016,0.960342224659173,-2.705285320922402e-18,1.0245518892588337,1.0448472086853136,-1.8115453015895482e-18,-0.0006678564079311156,0.9983154274634748,1.7739040497016476e-19,0.058019887007975265,2.817359282684318e-20
1.018,0.962433974244832,-2.7089152548558843e-18,1.0245504082734223,1.0468989599453675,-1.818389986823957e-18,-0.0008127323001722194,0.9983458292359394,1.8327614002191763e-19,0.05749439318057947,3.175089073879144e-20
1.02,0.9645298070531763,-2.7125586332946707e-18,1.024548640571145,1.0489304943222884,-1.8250255650804914e-18,-0.0009545841270999346,0.9983753973037788,1.8613649047207603e-19,0.056978645636066104,3.069027804483666e-20
1.022,0.9666296820902512,-2.7162157560865575e-18,1.02454659223495,1.0509411638990547,-1.83220590526054e-18,-0.0010933669172443464,0.998404909871624,1.9171838626688218e-19,0.05645915288270675,2.9475544412000514e-20
1.024,0.9687335582272425,-2.7198871188092496e-18,1.0245442693045375,1.052931639186009,-1.839175725881727e-18,-0.0012291869583735142,0.9984337605327265,1.9451729011006893e-19,0.05594663375464744,2.8078194644385885e-20
1.026,0.9708413947544937,-2.723572910315901e-18,1.0245416777123701,1.0549015437684637,-1.846580840810516e-18,-0.0013620309806463026,0.998462432499937,2.0007643256318675e-19,0.055432579646874806,2.7214976105916016e-20
1.028,0.9729531509419898,-2.727273407710995e-18,1.0245388233350672,1.0568513330344538,-1.8539890239950863e-18,-0.0014919792879902615,0.9984905515314221,2.111157795800987e-19,0.054923751715218204,2.6393614893719548e-20
1.03,0.975068786388963,-2.730989513869181e-18,1.0245357119539873,1.0587808019454008,-1.8621535038996403e-18,-0.0016190380306564298,0.9985184180950515,2.1664028382848474e-19,0.054414784066044344,2.5875825515576083e-20
1.032,0.9771882607467017,-2.7347218060205623e-18,1.0245323492872835,1.0606902702607148,-1.8702105993198126e-18,-0.0017432711936521282,0.998545801751585,2.221076493383184e-19,0.053909941608969746,2.5019929717283527e-20
1.034,0.9793115339391897,-2.738470643312622e-18,1.0245287409657131,1.0625796411423616,-1.878591033170745e-18,-0.0018646967353416525,0.9985728897767971,2.1661149246676538e-19,0.05340584053092732,2.4757972999261977e-20
1.036,0.9814385659883155,-2.7422355953168583e-18,1.0245248925527106,1.0644491488656136,-1.8863254704264636e-18,-0.0019833683105919186,0.9985995407846336,2.0570350254022356e-19,0.05290517124740444,2.5473548768127297e-20
1.038,0.9835693171531427,-2.7460160901850725e-18,1.0245208095296303,1.0662987649296005,-1.8942775964296065e-18,-0.0020993109687934513,0.9986258719493653,2.221121489120184e-19,0.052405799997408534,2.268193128110045e-20
1.04,0.9857037478197144,-2.7498129210397658e-18,1.0245164973083984,1.0681286697537522,-1.9024458741620823e-18,-0.0022125717448979315,0.9986517970208431,2.1113785646387887e-19,0.05190942406769288,2.2705222786173882e-20
1.042,0.9878418185889832,-2.7536252633447645e-18,1.024511961222599,1.0699388780185528,-1.909753525779558e-18,-0.002323179856668926,0.9986773897633752,1.947403820431054e-19,0.05141469804842103,2.3011799446293806e-20
1.044,0.9899834902073599,-2.7574519015517596e-18,1.024507206535529,1.0717295362342887,-1.9167421861986072e-18,-0.0024311780173464576,0.9987025980543728,1.7294856585024996e-19,0.05092269277487788,2.3940775836461865e-20
1.046,0.9921287236222475,-2.7612911235703714e-18,1.0245022384349034,1.0735006863858938,-1.92223047199929e-18,-0.002536597802573174,0.9987274687786799,1.4031016127161325e-19,0.05043255998786511,2.542335468765563e-20
1.048,0.9942774799382875,-2.7651405088340426e-18,1.0244970620380638,1.075252453651557,-1.927085656127122e-18,-0.0026394790272424224,0.9987519709308162,1.296061055786757e-19,0.04994497534095646,2.3396805262123186e-20
1.05,0.9964297204524504,-2.7689991894123752e-18,1.024491682388925,1.0769848972977372,-1.9315260756163377e-18,-0.0027398545036059806,0.9987761347518169,1.1891552686244965e-19,0.049459404062515595,2.0690393151941115e-20
1.052,0.998585406626486,-2.7728663375618537e-18,1.0244861044614206,1.0786981290982978,-1.935553504210063e-18,-0.002837762029693542,0.9987999422972249,1.0825487741284841e-19,0.04897627249045371,1.7647234953966155e-20
1.054,1.0007445001091102,-2.7767411290446657e-18,1.0244803331578367,1.080392219271524,-1.9391696937210755e-18,-0.002933234960189401,0.9988234135008892,9.765802793607556e-20,0.04849524350315782,1.4951759561504097e-20
1.056,1.0029069627186724,-2.7806227431450088e-18,1.0244743733111672,1.0820672711817085,-1.942376406537014e-18,-0.003026309622198221,0.9988465384917957,8.712478208491927e-20,0.048016586123511416,1.2603986003810467e-20
1.058,1.0050727564571948,-2.7845103626923384e-18,1.024468229684305,1.0837233619993034,-1.945175429914291e-18,-0.0031170194833140003,0.9988693308185895,7.667168599343368e-20,0.047540087820934024,1.0945324913652792e-20
1.06,1.007241843499478,-2.7884031741282576e-18,1.0244619069717222,1.0853605898235237,-1.9475685917621566e-18,-0.003205399737957756,0.9988917855962829,6.629878401211646e-20,0.047065918330236885,9.974145512931198e-21
1.062,1.0094141862019945,-2.792300367586681e-18,1.0244554097991918,1.0869790362473626,-1.9495577511159507e-18,-0.00329148370111826,0.9989139124151998,5.598968188993413e-20,0.046593943633883264,9.34693703568853e-21
1.064,1.0115897470960504,-2.7962011369492623e-18,1.0244487427250497,1.0885787960822781,-1.9511448028901486e-18,-0.003375305644276508,0.998935709465431,4.574459114808312e-20,0.04612427077791943,9.062467012080751e-21
1.066,1.0137684888934255,-2.8001046799055515e-18,1.0244419102402447,1.0901599537416555,-1.952331647380561e-18,-0.003456898565959206,0.998957183880298,3.553132562732692e-20,0.04565681519711223,8.435344715874938e-21
1.068,1.0159503744820872,-2.804010197916349e-18,1.0244349167693405,1.0917226019902855,-1.953120153466787e-18,-0.003536295945006144,0.9989783357422947,2.5318097460688796e-20,0.04519164433336856,6.781795890026802e-21
1.07,1.0181353669297724,-2.8079168961124095e-18,1.0244277666707686,1.09326682704499,-1.95351211402271e-18,-0.0036135303626634195,0.9989991706561847,1.513514679606976e-20,0.04472870474598636,4.7889070016945106e-21
1.072,1.020323429481305,-2.8118239831665428e-18,1.0244204642376684,1.0947927204006198,-1.95350929083792e-18,-0.0036886345863583123,0.9990196898649369,4.9673042387940935e-21,0.0442680388334933,2.115153405307312e-21
1.074,1.022514525560874,-2.8157308863952908e-18,1.0244130136982657,1.0963003694297424,-1.9535437397034052e-18,-0.0037616407183577324,0.9990398980186953,2.7829664554549096e-20,0.04380961272133457,7.283618629429289e-22
1.076,1.0247086187703556,-2.819638900487605e-18,1.0244054192166117,1.097789864841144,-1.9543685156094944e-18,-0.0038325808656390183,0.9990597970679078,1.2406865441141634e-20,0.04335345294932438,4.451697394804946e-21
1.078,1.0269056728907624,-2.8235471988723456e-18,1.0243976848930376,1.099261294748484,-1.953936129088668e-18,-0.003901486614099361,0.9990793910627089,1.3433097306809104e-20,0.04289953792018225,6.08126497889252e-21
1.08,1.0291056518811945,-2.8274558561395244e-18,1.0243898147648316,1.1007147493737086,-1.954942546098096e-18,-0.003968389442600106,0.9990986823806116,4.1680266833642685e-20,0.042447884108916006,2.765289318014495e-21
1.082,1.0313085198797598,-2.8313668468431816e-18,1.024381812806739,1.1021503173040208,-1.955981763487914e-18,-0.004033320398414205,0.9991176746906874,4.247607566546675e-20,0.04199847759945676,2.3351270301612725e-21
1.084,1.0335142412029144,-2.835280271484572e-18,1.0243736829315995,1.1035680884573562,-1.957376535359285e-18,-0.004096310353191972,0.9991363706238651,3.77747973275546e-20,0.04155132845732671,1.4511003156995035e-21
1.086,1.035722780346044,-2.8391958358019266e-18,1.0243654289908752,1.1049681517198033,-1.958157524370452e-18,-0.004157389802783665,0.9991547736032076,3.313556404445687e-20,0.04110642754997444,1.2521990659686684e-21
1.088,1.0379341019830457,-2.8431132121247773e-18,1.0243570547752623,1.1063505968147862,-1.9591886850504913e-18,-0.00421658902555656,0.9991728864054512,2.854733455108515e-20,0.04066378083992819,1.738065395939231e-21
1.09,1.040148170966688,-2.847032110411566e-18,1.0243485640152346,1.1077155128113119,-1.9596078226066803e-18,-0.0042739379590780785,0.9991907122908433,1.8531622058797505e-20,0.04022338215162511,3.4729763745396776e-21
1.092,1.042364952328339,-2.850951596227569e-18,1.0243399603816388,1.1090629893016242,-1.9597406660581583e-18,-0.0043294662981346,0.9992082541151659,3.087179520969311e-21,0.03978523480036868,5.4241038762240444e-21
1.094,1.044584411278182,-2.8548704521377642e-18,1.024331247486247,1.1103931154587985,-1.9592653413932992e-18,-0.004383203418909166,0.9992255150269962,9.519489974854223e-21,0.03934933441663837,3.75713526098306e-21
1.096,1.0468065132050302,-2.858789330860929e-18,1.02432242888234,1.1117059807781997,-1.9596914379937914e-18,-0.004435178439782266,0.9992424979196642,1.5866331529302033e-20,0.038915682587719304,1.067300103966755e-21
1.098,1.049031223676446,-2.8627085235330646e-18,1.024313508065264,1.1130016744816302,-1.9593997187578093e-18,-0.004485420174858242,0.9992592058614266,-5.171538270952554e-21,0.038484276025272844,4.785401784421483e-22
1.1,1.051258508438604,-2.8666267411747864e-18,1.024304488473005,1.1142802859836578,-1.958824751115575e-18,-0.004533957171806739,0.999275641757291,-4.1166730634303786e-21,0.038055115169351915,7.568139427807805e-22
1.102,1.0534883334163432,-2.8705438498997123e-18,1.0242953734867477,1.1155419045143924,-1.9582907742457744e-18,-0.004580817683527471,0.9992918086143238,-3.066655326345382e-21,0.03762819735666568,1.0345122532890023e-21
1.104,1.0557206647130568,-2.8744599315116423e-18,1.024286166431443,1.1167866194122862,-1.9577976076341496e-18,-0.004626029691838714,0.99930770933301,-2.0212871744603853e-21,0.037203522247370495,1.3124424724815981e-21
1.106,1.0579554686106964,-2.8783750674501534e-18,1.024276870576366,1.1180145198848448,-1.957345075205104e-18,-0.0046696208903561414,0.9993233468708198,-9.676868196480264e-22,0.03678108751656811,1.9322111754356406e-21
1.108,1.0601927115696723,-2.8822893388288667e-18,1.0242674891356784,1.1192256951919899,-1.9569330260531637e-18,-0.004711618699465833,0.9993387241135022,1.1961303283069862e-22,0.03636089227722228,3.577450822353092e-21
1.11,1.0624323602288228,-2.886202826513543e-18,1.0242580252689841,1.1204202344938012,-1.9565613697133676e-18,-0.004752050256140875,0.9993538439758819,1.2035686089435546e-21,0.03594293436305501,5.21800513450996e-21
1.112,1.0646743814053155,-2.8901156111966298e-18,1.024248482081888,1.1215982269648708,-1.956230001707551e-18,-0.004790942423555107,0.999368709322469,2.246248860469138e-21,0.03552721248762109,5.827007888818845e-21
1.114,1.0669187420945896,-2.8940277733098303e-18,1.0242388626265477,1.1227597616969665,-1.9559387817007815e-18,-0.004828321785197039,0.9993833230295404,3.309189511112798e-21,0.035113724530893814,7.119109885746764e-21
1.116,1.0691654094702525,-2.8979393930362176e-18,1.0242291699022277,1.1239049277698803,-1.955687602287117e-18,-0.004864214651195048,0.9993976879361672,4.392781770087363e-21,0.03470246890123537,9.09308333434559e-21
1.118,1.0714143508840006,-2.9018505503812136e-18,1.024219406855849,1.1250338141887588,-1.9554763903707466e-18,-0.004898647055098288,0.9994118068824264,5.461156476024244e-21,0.03429344345500475,1.071995261124819e-20
1.12,1.0736655338655072,-2.9057613252010982e-18,1.024209576382538,1.1261465099275318,-1.9553050579730695e-18,-0.004931644758190434,0.9994256826791862,6.525647672883604e-21,0.033886646355795046,1.234220388284315e-20
1.122,1.0759189261223239,-2.909671797154031e-18,1.0241996813261727,1.1272431038881336,-1.955173512339066e-18,-0.004963233247930993,0.9994393181316004,7.58667620223607e-21,0.03348207539328412,1.3959834647156618e-20
1.124,1.0781744955397592,-2.913582045726697e-18,1.0241897244799267,1.1283236849266587,-1.9550816592865046e-18,-0.004993437741044636,0.9994527160204658,8.632371726210843e-21,0.03307972852539824,1.5230807182723107e-20
1.1260000000000001,1.0804322101807633,-2.917492150190663e-18,1.0241797085868118,1.1293883418264148,-1.9550293878681923e-18,-0.005022283183001113,0.9994658791166502,9.65158338850687e-21,0.03267960344896147,1.5813871313041358e-20
1.1280000000000001,1.0826920382857945,-2.9214021895671377e-18,1.0241696363402184,1.1304371633132075,-1.9550165407956933e-18,-0.005049794250365098,0.9994788101695748,1.0632495613301534e-20,0.032281697941880086,1.5368202132708072e-20
1.1300000000000001,1.0849539482726887,-2.925312242493818e-18,1.024159510384452,1.13147023803714,-1.955042894764387e-18,-0.005075995350930653,0.9994915119160646,1.15746540269905e-20,0.03188600959259836,1.3895849805818297e-20
1.1320000000000001,1.0872179087365144,-2.9292223871011323e-18,1.0241493333152702,1.1324876545810634,-1.9551081828023147e-18,-0.005100910625629618,0.9995039870732237,1.2544119289971752e-20,0.031492536016155086,1.345375174967331e-20
1.1340000000000001,1.0894838884494271,-2.933132701032293e-18,1.024139107680415,1.1334895014479183,-1.9552121872587156e-18,-0.005124563949083184,0.9995162383438515,1.3530630844923675e-20,0.03110127468379555,1.3698174823750595e-20
1.1360000000000001,1.0917518563605124,-2.937043261538205e-18,1.0241288359801437,1.134475867064897,-1.955354729857576e-18,-0.005146978931251933,0.9995282684120268,1.4502040381069803e-20,0.030712223059477912,1.3599603141144875e-20
1.1380000000000001,1.0940217815956264,-2.9409541454987843e-18,1.0241185206677583,1.1354468397743025,-1.9555356013177145e-18,-0.005168178918257472,0.9995400799464109,1.54155268766842e-20,0.030325378492650986,1.1789687121294513e-20
1.1400000000000001,1.0962936334572262,-2.9448654292974303e-18,1.024108164150131,1.1364025078350308,-1.9557545172080807e-18,-0.005188186993886229,0.9995516755975032,1.6312512910314295e-20,0.029940738304586816,9.641288438236471e-21
1.1420000000000001,1.0985673814241976,-2.948777188710473e-18,1.0240977687882278,1.1373429594156705,-1.956011169683952e-18,-0.005207025980589877,0.9995630579996462,1.723451110985602e-20,0.029558299720994594,8.525633941027688e-21
1.1440000000000001,1.1008429951516734,-2.952689498950285e-18,1.02408733689763,1.1382682825943171,-1.9563053034256178e-18,-0.005224718440911306,0.9995742297693121,1.8171750961167357e-20,0.029178059926706936,8.0977517467248e-21
1.1460000000000001,1.103120444470847,-2.9566024347537048e-18,1.0240768707490526,1.1391785653531104,-1.956636704049825e-18,-0.0052412866786069184,0.9995851935063119,1.9094346872780873e-20,0.028800016023416072,7.32846109328233e-21
1.1480000000000001,1.1053996993887791,-2.960516070442083e-18,1.024066372568861,1.140073895577018,-1.957005149168353e-18,-0.0052567527400362414,0.9995959517927191,2.0011831293552634e-20,0.02842416506439891,6.5611016636598104e-21
1.1500000000000001,1.1076807300882,-2.9644304798738383e-18,1.0240558445395844,1.140954361049304,-1.9574104109819687e-18,-0.005271138415370446,0.9996065071935906,2.09146222288578e-20,0.028050504028095592,5.453142052369442e-21
1.1520000000000001,1.1099635069273024,-2.968345736440698e-18,1.0240452888004263,1.1418200494496848,-1.9578522463949542e-18,-0.00528446523997048,0.9996168622562861,2.182186906225882e-20,0.027679029840243098,4.6904462001207335e-21
1.154,1.112248000439532,-2.9722619130647877e-18,1.0240347074477734,1.142671048350406,-1.958330432244377e-18,-0.005296754495659113,0.9996270195108917,2.2733845477851844e-20,0.02730973935744332,4.2725943769215294e-21
1.156,1.11453418133337,-2.976179082237411e-18,1.024024102535701,1.143507445214026,-1.9588447624878943e-18,-0.005308027212102328,0.9996369814697831,2.364118586762737e-20,0.026942629381353264,3.855829565368567e-21
1.158,1.1168220204921093,-2.980097316046008e-18,1.0240134760764767,1.144329327389901,-1.959395035959274e-18,-0.005318304168130425,0.9996467506278696,2.4543915010941234e-20,0.0265776966485513,3.440149216454108e-21
1.16,1.1191114889736267,-2.984016686176797e-18,1.0240028300410595,1.1451367821117546,-1.9599810526025024e-18,-0.005327605893130959,0.999656329462311,2.5442057562756003e-20,0.026214937839715444,3.025550798375502e-21
1.162,1.121402558010148,-2.9879372639169913e-18,1.023992166359598,1.145929896494442,-1.9606026134670853e-18,-0.0053359526684093415,0.9996657204326524,2.6335638054104763e-20,0.025854349573459688,2.612031796016009e-21
1.164,1.123695199008008,-2.991859120157004e-18,1.0239814869219255,1.1467087575314086,-1.9612595207033454e-18,-0.005343364528597977,0.9996749259806375,2.7224680892524924e-20,0.02549592841234918,2.199589710727387e-21
1.166,1.1259893835474037,-2.9957823253926467e-18,1.0239707935780509,1.1474734520916514,-1.9619515775577233e-18,-0.005349861263049817,0.9996839485302792,2.810921036251213e-20,0.02513967085923837,1.7882220598740674e-21
1.168,1.1282850833821443,-2.999706949727315e-18,1.0239600881386488,1.1482240669171304,-1.962678588368076e-18,-0.00535546241726588,0.9996927904877342,2.898925062596162e-20,0.024785573361289108,1.3779263765833703e-21
1.17,1.1305822704393929,-3.003633062874169e-18,1.0239493723755457,1.148960688619877,-1.9634403585589797e-18,-0.005360187294317215,0.9997014542413368,2.985633266284699e-20,0.024433632307884517,6.261440579088291e-22
1.172,1.1328809168194047,-3.0075607341453036e-18,1.023938648022203,1.1496834036793973,-1.9642366777195985e-18,-0.005364054956291567,0.9997099421615133,3.0727006699698037e-20,0.02408384403338548,2.188087487226826e-22
1.174,1.1351809947952591,-3.011490032436369e-18,1.0239279167741975,1.1503922984398947,-1.9650673461249838e-18,-0.005367084225740372,0.9997182566007944,3.1593285862740494e-20,0.02373620481603615,-1.8665186216148466e-22
1.176,1.1374824768125864,-3.0154210262552923e-18,1.0239171802896994,1.1510874591076905,-1.9659321765097887e-18,-0.0053692936871444505,0.9997263998937572,3.2447149439416034e-20,0.023390710879922616,-9.340277925204476e-22
1.178,1.1397853354892893,-3.0193537837257136e-18,1.0239064401899467,1.1517689717485413,-1.966830961779014e-18,-0.005370701688383356,0.999734374357027,3.3288169400099657e-20,0.023047358394501744,-2.0224973808815528e-21
1.18,1.1420895436152594,-3.023288372530968e-18,1.023895698059717,1.152436922285091,-1.967763474969607e-18,-0.005371326342219515,0.9997421822892368,3.412441870979464e-20,0.022706143476054496,-3.1082784973734336e-21
1.182,1.144395074152088,-3.0272248599024e-18,1.023884955447796,1.15309139649427,-1.96872948727687e-18,-0.005371185527787752,0.9997498259710259,3.493235377900161e-20,0.02236706218760578,-5.21909154752852e-21
1.184,1.1467019002327732,-3.0311633125663452e-18,1.0238742138674441,1.1537324800047895,-1.9697287157734317e-18,-0.005370296892096921,0.9997573076650121,3.5703707317268756e-20,0.022030110540056946,-8.695067199370467e-21
1.186,1.1490099951614192,-3.0351035812759346e-18,1.023863474796858,1.1543602582946124,-1.970330136298551e-18,-0.0053686778515377315,0.9997646296157896,3.627036619833152e-21,0.021695284492350062,-9.38250628459296e-21
1.188,1.151319332412934,-3.0390435791718786e-18,1.023852739679631,1.1549748166884968,-1.9694588954021236e-18,-0.005366345593400769,0.9997717940499115,-1.1801498115687746e-20,0.021362579952395967,-8.028736225444923e-21
1.19,1.1536298856327196,-3.042981768506655e-18,1.02384200992521,1.1555762403555339,-1.9685220593221132e-18,-0.005363317077400962,0.999778803175889,-3.814098993707848e-20,0.021031992777390585,-7.471675331950118e-21
1.192,1.1559416286363584,-3.0469161159719376e-18,1.023831286909348,1.1561646143067421,-1.9655819486466385e-18,-0.005359609037210762,0.9997856591841825,-6.985881007488775e-20,0.02070351877461188,-7.82892846909459e-21
1.194,1.1582545354092948,-3.0508442393448522e-18,1.0238205719745563,1.15674002339267,-1.9624784137489036e-18,-0.005355237981999708,0.9997923642472035,-7.942984782534393e-20,0.020377153701829926,-5.215135589732103e-21
1.196,1.1605685801065118,-3.054765418789208e-18,1.0238098664305504,1.157302552301043,-1.9586741407313956e-18,-0.005350220197981541,0.9997989205193124,-8.35129490280674e-20,0.020052893268019064,-4.0887445147008686e-21
1.198,1.1628837370522032,-3.058679189384876e-18,1.0237991715546952,1.1578522855544278,-1.9550338855177814e-18,-0.005344571749967375,0.9998053301368235,-9.307316553401893e-20,0.019730733133824962,-4.2260072340028656e-21
1.2,1.1651999807394409,-3.062584873619909e-18,1.0237884885924462,1.158389307507934,-1.9504803951325214e-18,-0.005338308482925539,0.9998115952180096,-1.0807601976517616e-19,0.01941066891222115,-4.5979408547697314e-21
1.202,1.1675172858298373,-3.0664812593398336e-18,1.0237778187577873,1.1589137023469374,-1.9458794032057733e-18,-0.005331446023546951,0.9998177178631107,-1.1752055716202456e-19,0.01909269616900989,-4.733630907616992e-21
1.204,1.1698356271532042,-3.0703677500297396e-18,1.023767163233666,1.1594255540848377,-1.940585740521042e-18,-0.005323999781816383,0.9998237001543436,-1.2141877571037174e-19,0.018776810423441512,-4.6319175315387526e-21
1.206,1.1721549797072062,-3.0742438614400863e-18,1.0237565231724253,1.1599249465608392,-1.9354644391342626e-18,-0.005315984952588786,0.999829544155916,-1.2527950982382584e-19,0.01846300714873449,-4.18841523042454e-21
1.208,1.1744753186570105,-3.0781093631729093e-18,1.0237458996962319,1.1604119634377636,-1.9299760979979538e-18,-0.0053074165171707105,0.9998352519140392,-1.2914690705322805e-19,0.01815128177266914,-4.430466116308348e-21
1.21,1.1767966193349315,-3.0819638102701844e-18,1.0237352938975024,1.1608866881998887,-1.924338221230596e-18,-0.005298309244906295,0.9998408254569474,-1.4941000757284562e-19,0.017841629678117695,-3.3465491173895013e-21
1.212,1.179118857240072,-3.085805719597038e-18,1.0237247068393256,1.1613492041508158,-1.9174747762276033e-18,-0.005288677694767647,0.9998462667949161,-1.7505189901626979e-19,0.017534046203619747,-1.1408199423600522e-21
1.214,1.181442008037959,-3.0896333635900982e-18,1.0237141395558806,1.1617995944113646,-1.910145472475524e-18,-0.005278536216949207,0.9998515779202836,-1.787055839768779e-19,0.017228526643916466,-2.752229425199262e-21
1.216,1.1837660475601777,-3.0934462081442878e-18,1.0237035930528542,1.1622379419174966,-1.9026754345054403e-18,-0.005267898954465942,0.9998567608074753,-1.8236096362147981e-19,0.01692506625051239,-5.387609809518941e-21
1.218,1.1860909518039975,-3.097243972375876e-18,1.0236930683078527,1.162664329418264,-1.8950652345534795e-18,-0.00525677984475489,0.9998618174130289,-1.860185720469544e-19,0.016623660232210163,-9.044527212702932e-21
1.22,1.188416696931998,-3.1010263764941545e-18,1.0236825662708118,1.1630788394737879,-1.8873154064139238e-18,-0.005245192621279965,0.9998667496756226,-1.8964974302544668e-19,0.01632430375566157,-1.2008307757798635e-20
1.222,1.1907432592716882,-3.1047931417926723e-18,1.0236720878644028,1.1634815544532633,-1.879426504563477e-18,-0.005233150815139571,0.9998715595161047,-1.932598253441559e-19,0.016026991945900484,-1.462240546605639e-20
1.224,1.193070615315123,-3.108543990692339e-18,1.0236616339844358,1.1638725565329908,-1.8713990978147225e-18,-0.005220667756676851,0.9998762488375259,-1.9685997779527614e-19,0.015731719886885022,-1.7573290678265684e-20
1.226,1.195398741718515,-3.1122786467458366e-18,1.0236512055002593,1.164251927694435,-1.8632337438358797e-18,-0.005207756577092221,0.9998808195251726,-2.004396731003348e-19,0.015438482622027221,-2.017573823165467e-20
1.228,1.197727615301844,-3.1159968346169873e-18,1.023640803255158,1.16461974972231,-1.854931010562751e-18,-0.005194430210058003,0.9998852734466032,-2.0399317991666205e-19,0.015147275154727476,-2.208755742378026e-20
1.23,1.2000572130484601,-3.1196982801457365e-18,1.0236304280667445,1.164976104202693,-1.8464914949635376e-18,-0.005180701393334761,0.9998896124516853,-2.075310552130119e-19,0.014858092448900054,-2.3995224049959137e-20
1.232,1.2023875121046859,-3.12338271035905e-18,1.023620080727351,1.1653210725211611,-1.837915789035897e-18,-0.005166582670389233,0.9998938383726355,-2.1105345821841994e-19,0.014570929429500551,-2.589874855428888e-20
1.234,1.2047184897794128,-3.1270498534722637e-18,1.0236097620044151,1.1656547358609581,-1.829204492335192e-18,-0.005152086392013444,0.9998979530240604,-2.1455016282890172e-19,0.014285780983046663,-2.711249097969853e-20
1.236,1.2070501235436948,-3.130699438924217e-18,1.0235994726408648,1.165977175201185,-1.8203582325511347e-18,-0.005137224717944858,0.9999019582029999,-2.1801107732584006e-19,0.014002641958139135,-2.6952841005265195e-20
1.238,1.209382391030339,-3.1343311974631095e-18,1.0235892133554978,1.166288471315018,-1.8113776918230605e-18,-0.005122009618487264,0.9999058556889722,-2.214455376417548e-19,0.013721507165977451,-2.610872300808865e-20
1.24,1.2117152700334906,-3.1379448612324562e-18,1.0235789848433592,1.166588704767951,-1.8022635731208883e-18,-0.005106452876132123,0.9999096472440199,-2.2486814474359727e-19,0.013442371380874571,-2.561004927119703e-20
1.242,1.2140487385082173,-3.141540163767197e-18,1.0235687877761157,1.1668779559160667,-1.7930165680210446e-18,-0.005090566087180196,0.9999133346127587,-2.2827426823116873e-19,0.013165229340767302,-2.5113373396120357e-20
1.244,1.216382774570088,-3.145116839983831e-18,1.0235586228024263,1.1671563049043292,-1.7836373640239006e-18,-0.0050743606633631595,0.999916919522427,-2.316684998513067e-19,0.012890075747725036,-2.4961323995906785e-20
1.246,1.2187173564947487,-3.1486746261528885e-18,1.0235484905483094,1.167423831664906,-1.7741266246282208e-18,-0.005057847833465005,0.9999204036829374,-2.350556897886593e-19,0.012616905268454671,-2.549490175430325e-20
1.248,1.221052462717496,-3.1522132598516002e-18,1.0235383916175078,1.1676806159155126,-1.764484996773021e-18,-0.005041038644942931,0.9999237887869304,-2.3842265008247983e-19,0.012345712534803481,-2.568539652156322e-20
1.25,1.2233880718328456,-3.1557324799482066e-18,1.0235283265918491,1.1679267371577844,-1.7547131245654108e-18,-0.005023943965547569,0.999927076509828,-2.4177387933126856e-19,0.01207649214425851,-2.5876256297256378e-20
1.252,1.2257241625940993,-3.1592320265975254e-18,1.0235182960316036,1.1681622746756717,-1.7448116504772637e-18,-0.005006574484942291,0.9999302685098909,-2.4511772115779763e-19,0.011809238660443649,-2.6752348779294262e-20
1.254,1.228060713912908,-3.1627116412137282e-18,1.023508300475839,1.168387307533861,-1.734781184266192e-18,-0.004988940716321335,0.9999333664282755,-2.4845468091380193e-19,0.01154394661361347,-2.831204611730549e-20
1.256,1.230397704858831,-3.1661710663985596e-18,1.0234983404427715,1.168601914576221,-1.7246223127736995e-18,-0.00497105299802658,0.9999363718890933,-2.5177662283926937e-19,0.011280610501144567,-2.9868861934146977e-20
1.258,1.2327351146588936,-3.169610045925689e-18,1.0234884164301148,1.1688061744242713,-1.7143356210812028e-18,-0.004952921495162742,0.9999392864994718,-2.5508360790209594e-19,0.011019224788023824,-3.142280499097738e-20
1.26,1.2350729226971402,-3.17302832473668e-18,1.0234785289154236,1.1690001654756785,-1.7039216855746127e-18,-0.0049345562012107795,0.9999421118496158,-2.5837972995511924e-19,0.010759783907334066,-3.331570952383293e-20
1.262,1.2374111085141855,-3.1764256489073233e-18,1.023468678356436,1.1691839659027743,-1.693381069981583e-18,-0.004915966939639297,0.9999448495128709,-2.6166126614341993e-19,0.01050228226073673,-3.520453953482591e-20
1.264,1.2397496518067626,-3.1798017656391256e-18,1.0234588651914116,1.1693576536510988,-1.6827143357117627e-18,-0.004897163365513703,0.9999475010457873,-2.6492827271375646e-19,0.010246714218951864,-3.7089306679365096e-20
1.266,1.2420885324272672,-3.1831564232538435e-18,1.0234490898394675,1.1695213064379668,-1.671922039899604e-18,-0.004878154967102968,0.9999500679881907,-2.681879149423695e-19,0.009993074122235272,-3.9655308555361173e-20
1.268,1.2444277303833007,-3.186489371165646e-18,1.023439352700909,1.1696750017510595,-1.6610047150334887e-18,-0.0048589510674838295,0.9999525518632418,-2.7143706836582887e-19,0.00974135628085282,-4.255869158377731e-20
1.27,1.2467672258372087,-3.189800359833101e-18,1.0234296541575592,1.169818816847038,-1.649962877050865e-18,-0.00483956082614216,0.9999549541775098,-2.7466900625947434e-19,0.009491554975552013,-4.5112962576763695e-20
1.272,1.249106999105618,-3.193089140757844e-18,1.0234199945730846,1.169952828750182,-1.6387970575511733e-18,-0.00481999324057132,0.9999572764210414,-2.778835329389214e-19,0.009243664458030782,-4.7319359684884713e-20
1.274,1.2514470306589707,-3.1963554665101386e-18,1.0234103742933176,1.17007711425105,-1.6275077885142414e-18,-0.004800257147867368,0.999959520067431,-2.8108728894827637e-19,0.008997678951403444,-4.9863188518915014e-20
1.276,1.253787301121055,-3.1995990907228294e-18,1.0234007936465748,1.170191749905165,-1.6160956032893228e-18,-0.004780361226320881,0.9999616865738935,-2.8427390242006464e-19,0.00875359265066393,-5.2058764539537873e-20
1.278,1.256127791268534,-3.202819768098191e-18,1.023391252943974,1.1702968120317216,-1.6045610352180207e-18,-0.004760313997005258,0.999963777381337,-2.8744959398623935e-19,0.00851139972314622,-5.459180424315032e-20
1.28,1.258468482030472,-3.2060172543969888e-18,1.0233817524797466,1.1703923767123154,-1.5929046110807175e-18,-0.00474012382536128,0.9999657939144375,-2.9061141127046847e-19,0.008271094308982022,-5.711926749951515e-20
1.282,1.2608093544878574,-3.2091913064340975e-18,1.0233722925315476,1.1704785197896974,-1.5811268571293163e-18,-0.0047197989227777725,0.999967737581714,-2.937537387844346e-19,0.00803267052155568,-5.895627619820486e-20
1.284,1.2631503898731247,-3.2123416820872804e-18,1.0233628733607618,1.170555316866549,-1.5692283110736754e-18,-0.00469934734816827,0.9999696097756051,-2.968821430173497e-19,0.00779612244795634,-6.078936357016219e-20
1.286,1.2654915695696725,-3.2154681403129137e-18,1.023353495212807,1.1706228433042798,-1.5572095180058667e-18,-0.004678777009543345,0.9999714118725468,-2.999991919861977e-19,0.0075614441494273625,-6.296159918945606e-20
1.288,1.2678328751113799,-3.2185704411530346e-18,1.0233441583174347,1.1706811742218486,-1.5450710058555441e-18,-0.00465809566557863,0.9999731452330505,-3.0310792012649313e-19,0.007328629661812987,-6.581442350895921e-20
1.29,1.2701742881821207,-3.2216483456768175e-18,1.0233348628890273,1.170730384494605,-1.5328132817759052e-18,-0.004637310927178236,0.9999748112017829,-3.062032637073514e-19,0.007097672996002267,-6.866132748896934e-20
1.292,1.2725157906152746,-3.224701615963199e-18,1.0233256091268914,1.1707705487531546,-1.5204368478761095e-18,-0.004616430259033501,0.9999764111076461,-3.092852650701105e-19,0.00686856813837027,-7.150192101890907e-20
1.294,1.274857364393237,-3.2277300150939958e-18,1.0233163972155495,1.1708017413822442,-1.5079422054499304e-18,-0.004595460981176842,0.9999779462638592,-3.123539694781638e-19,0.006641309051216551,-7.433622100326603e-20
1.296,1.2771989916469257,-3.230733522528692e-18,1.0233072273250268,1.1708240365196703,-1.495760613097273e-18,-0.004574410270530605,0.9999794179680404,-2.824961334260935e-19,0.006415889673200909,-7.464107845427251e-20
1.298,1.2795406546552868,-3.233714056095082e-18,1.023298099611137,1.1708375080552076,-1.4849674181500519e-18,-0.004553285162450731,0.99998082750229,-2.7469789999454654e-19,0.006192303919776433,-7.309115276615288e-20
1.3,1.2818823358447964,-3.2366727342308285e-18,1.023289014215763,1.1708422296295602,-1.4738331593043264e-18,-0.004532092552265169,0.9999821761332746,-2.614535396532192e-19,0.00597054568361983,-7.157990464044037e-20
1.302,1.2842240177889628,-3.2396104203407784e-18,1.0232799712671357,1.1708382746333328,-1.4638673965021043e-18,-0.004510839196806791,0.9999834651123115,-2.5373000923012074e-19,0.005750608835059069,-6.832646029947911e-20
1.304,1.2865656832078238,-3.2425275793500624e-18,1.0232709708801095,1.1708257162060234,-1.4531264394282113e-18,-0.004489531715940749,0.9999846956754549,-2.624861884607183e-19,0.005532487222498315,-6.669809865921628e-20
1.306,1.2889073149674448,-3.2454232748342256e-18,1.0232620131564352,1.1708046272350368,-1.4424760277643515e-18,-0.004468176594086081,0.9999858690435816,-2.876387038327991e-19,0.005316174672840187,-6.566884308707509e-20
1.308,1.2912488960794128,-3.2482959645894656e-18,1.023253098185028,1.1707750803547188,-1.4300855998327873e-18,-0.0044467801817315075,0.9999869864224782,-3.0719275536819496e-19,0.005101664991905326,-6.535717324068055e-20
1.31,1.2935904097003301,-3.2511439719874842e-18,1.0232442260422359,1.170737147945411,-1.417794282995437e-18,-0.004425348696945219,0.9999880490029291,-3.2665222944903637e-19,0.004888951964849293,-6.47042146432152e-20
1.312,1.2959318391313044,-3.253965987199012e-18,1.0232353967921006,1.1706909021325254,-1.404309390154996e-18,-0.004403888226878563,0.9999890579608051,-3.1861161200362867e-19,0.0046780293565767996,-6.521543992318595e-20
1.314,1.2982731678174386,-3.256762358378706e-18,1.02322661048662,1.1706364147856405,-1.39211427475422e-18,-0.004382404729263499,0.9999900144571517,-3.215470894047968e-19,0.004468890912153272,-6.533153011875019e-20
1.316,1.3006143793473184,-3.259532930940582e-18,1.0232178671660042,1.170573757517616,-1.3782954058470227e-18,-0.0043609040339037,0.9999909196382805,-3.40933553604894e-19,0.004261530357213764,-6.640138701219084e-20
1.318,1.3029554574524975,-3.2622765098757892e-18,1.0232091668589307,1.1705030016837281,-1.3654442121900332e-18,-0.0043393918441592015,0.9999917746358579,-3.1090231584861998e-19,0.004055941398369225,-6.836487137326328e-20
1.32,1.3052963860069824,-3.2649948838441357e-18,1.0232005095827952,1.1704242183808247,-1.3529101174009316e-18,-0.00431787373842445,0.9999925805669975,-3.1388306036450996e-19,0.0038521177236101175,-6.710610430422469e-20
1.322,1.3076371490267136,-3.267688074530563e-18,1.0231918953439603,1.1703374784464995,-1.3402610293883227e-18,-0.004296355171599674,0.9999933385343509,-3.1684911526514406e-19,0.003650053002707408,-6.585034159787353e-20
1.324,1.309977730669047,-3.270355852571589e-18,1.023183324138001,1.1702428524582869,-1.3274975741779725e-18,-0.004274841476555439,0.9999940496262004,-3.198004905044803e-19,0.00344974088761093,-6.459798401873427e-20
1.326,1.312318115232233,-3.272997989860451e-18,1.0231747959499475,1.1701404107328743,-1.3146203756934975e-18,-0.004253337865590302,0.9999947149165516,-3.2273614818994456e-19,0.0032511750128451223,-6.300636536986567e-20
1.328,1.3146582871548937,-3.275614259534249e-18,1.0231663107545246,1.1700302233253355,-1.3016300596946526e-18,-0.004231849431881461,0.9999953354652263,-3.25656100523913e-19,0.003054348995902161,-6.107629154153158e-20
1.33,1.3169982310154995,-3.27820443599348e-18,1.0231578685163885,1.169912360028381,-1.2885272633144118e-18,-0.004210381150928279,0.999995912317957,-3.2856134156076137e-19,0.0028592564376324755,-5.915122649539618e-20
1.332,1.3193379315318428,-3.2807682949089315e-18,1.0231494691903609,1.1697868903716293,-1.2753126166217237e-18,-0.0041889378819885996,0.9999964465064802,-3.314530646502155e-19,0.002665890922632677,-5.757381941135291e-20
1.334,1.3216773735605114,-3.283305613202367e-18,1.02314111272166,1.1696538836208956,-1.2619867401130243e-18,-0.004167524369507777,0.9999969390486321,-3.3433043177223114e-19,0.0024742460196308853,-5.600058742239055e-20
1.336,1.324016542096361,-3.2858161690288226e-18,1.023132799046129,1.1695134087774985,-1.2485502453278254e-18,-0.004146145244540285,0.9999973909484425,-3.371961931478973e-19,0.002284315281869476,-5.545950285054216e-20
1.338,1.3263554222719847,-3.2882997417373667e-18,1.0231245280904604,1.1693655345775866,-1.235003713557845e-18,-0.004124805026163863,0.9999978031962315,-3.400491082894237e-19,0.0020960922474852514,-5.526279888124678e-20
1.34,1.3286939993571816,-3.29075611182432e-18,1.02311629977242,1.1692103294914822,-1.2213477154700793e-18,-0.0041035081228860595,0.999998176768705,-3.428875467478501e-19,0.0019095704398870376,-5.472393374922728e-20
1.342,1.3310322587584258,-3.293185060931199e-18,1.0231081140010654,1.1690478617230433,-1.207582825177613e-18,-0.004082258834043142,0.9999985126290505,-3.4571229648531986e-19,0.0017247433681307222,-5.418678670870283e-20
1.344,1.3333701860183318,-3.2955863718458833e-18,1.023099970676964,1.168878199209044,-1.1937096145006504e-18,-0.00406106135119124,0.9999988117270344,-3.4852342507367104e-19,0.0015416045272917357,-5.365135508459097e-20
1.346,1.3357077668151198,-3.2979598284969634e-18,1.023091869692406,1.1687014096185717,-1.1797286535540966e-18,-0.004039919759489716,0.9999990749990986,-3.5131988107559247e-19,0.001360147398834984,-5.243231424956402e-20
1.348,1.3380449869620807,-3.300305215968197e-18,1.0230838109316174,1.1685175603524431,-1.1656405309909949e-18,-0.004018838039076578,0.9999993033684581,-3.5410142821404074e-19,0.0011803654509822447,-5.053169250514339e-20
1.35,1.3403818324070378,-3.3026223205343608e-18,1.0230757942709667,1.1683267185426365,-1.1514458430621528e-18,-0.00399782006643595,0.9999994977451985,-3.5686960204744856e-19,0.0010022521390770259,-4.8978683881225536e-20
1.352,1.342718289231809,-3.3049109296544324e-18,1.023067819579173,1.1681289510517425,-1.1371451789210114e-18,-0.0039768696157574945,0.9999996590263734,-3.5962407141261613e-19,0.0008258009059469026,-4.742980450056303e-20
1.354,1.3450543436516678,-3.3071708319614563e-18,1.023059886717507,1.167924324472431,-1.1227391234911793e-18,-0.003955990360287743,0.9999997880961036,-3.623649093986362e-19,0.0006510051822633356,-4.5885045839671804e-20
1.356,1.3473899820148025,-3.3094018172549295e-18,1.0230519955399933,1.1677129051269357,-1.1082282583049291e-18,-0.003935185873673181,0.9999998858256742,-3.650919656227098e-19,0.0004778583868989798,-4.400173802407139e-20
1.358,1.349725190801775,-3.311603676501577e-18,1.0230441458936077,1.1674947590665554,-1.093613174446953e-18,-0.003914459631295138,0.9999999530736342,-3.6780452844765756e-19,0.00030635392728249134,-4.075270075380968e-20
1.36,1.352059956624979,-3.3137764172349425e-18,1.0230363376184723,1.1672699520711718,-1.0793251988225757e-18,-0.003893815011596372,0.9999999906858947,-3.376075919693952e-19,0.00013648519975083837,-3.786455723696734e-20
1.362,1.3543942662280952,-3.3159219852893044e-18,1.023028570548048,1.1670385496487843,-1.0662242143738184e-18,-0.003873255297399239,0.9999999994958283,-3.349661658142138e-19,-3.175441010087215e-05,-3.566443213998866e-20
1.364,1.356728106485549,-3.3180406300244554e-18,1.0230208445093243,1.166800617035061,-1.0523659218028771e-18,-0.0038527836772154654,0.999999980324368,-3.4330129103406803e-19,-0.0001983715270720491,-3.107164942947075e-20
1.366,1.3590614644019638,-3.32013206093415e-18,1.0230131593230074,1.1665562191929064,-1.0391541471839532e-18,-0.0038324032465474078,0.9999999339801064,-3.296777357907715e-19,-0.00036337278601174174,-2.8540975913131856e-20
1.368,1.361394327111616,-3.3221969580410653e-18,1.0230055148037038,1.1663054208120436,-1.0256163483701428e-18,-0.0038121170091808152,0.999999861259396,-3.4901309658562427e-19,-0.0005267648314762276,-2.8769958081616946e-20
1.37,1.3637266818778877,-3.3242340238588677e-18,1.0229979107601035,1.1660482863086152,-1.0113234604155632e-18,-0.0037919278784689548,0.9999997629464473,-3.682569192607455e-19,-0.0006885543173890559,-2.865694756281359e-20
1.372,1.3660585160927197,-3.3262417519684226e-18,1.0229903469951587,1.1657848798247983,-9.962792388934482e-19,-0.0037718386786080994,0.99999963981343,-3.874094573532665e-19,-0.0008487479067035392,-2.8544619230011955e-20
1.374,1.3683898172760627,-3.3282186434438022e-18,1.0229828233062612,1.165515265228435,-9.80487422177984e-19,-0.0037518521459043628,0.9999994926205718,-4.064711436768144e-19,-0.0010073522710676841,-2.8432986458104263e-20
1.3760000000000001,1.3707205730753285,-3.3301632068181316e-18,1.0229753394854177,1.16523950611268,-9.639517320169303e-19,-0.0037319709300317606,0.9999993221162583,-4.254427003858185e-19,-0.0011643740904915543,-2.797940119366015e-20
1.3780000000000001,1.37305077126484,-3.332073958059367e-18,1.0229678953194203,1.1649576657956613,-9.466758811293078e-19,-0.003712197595281507,0.999999129037134,-4.44324104276149e-19,-0.0013198200530170558,-2.752734992857367e-20
1.3800000000000001,1.3753803997452816,-3.333949420540086e-18,1.0229604905900171,1.1646698073201596,-9.28663557615111e-19,-0.003692534621802484,0.9999989141082005,-4.631151456125273e-19,-0.0014736968543901407,-2.776135409833312e-20
1.3820000000000001,1.3777094465431472,-3.335788124979768e-18,1.0229531250740793,1.164375993453299,-9.099184248057784e-19,-0.003672984406832857,0.9999986780429181,-4.818175540904797e-19,-0.0016260111977354167,-2.765263089513364e-20
1.3840000000000001,1.3800378998101892,-3.3375886094137373e-18,1.0229457985437649,1.164076286686256,-8.90444133514215e-19,-0.003653549265922804,0.9999984215433045,-5.004318020263593e-19,-0.0017767697932331566,-2.7202413429302354e-20
1.3860000000000001,1.3823657478228661,-3.3393494191658384e-18,1.0229385107666815,1.163770749233981,-8.70244324139515e-19,-0.0036342314341482854,0.9999981453000361,-5.189569897548104e-19,-0.0019259793577987017,-2.7096847187134013e-20
1.3880000000000001,1.3846929789817901,-3.341069106821227e-18,1.0229312615060464,1.1634594430349368,-8.4932261157670895e-19,-0.0036150330673158696,0.9999978499925466,-5.373931337846551e-19,-0.0020736466147642458,-2.7677384688023184e-20
1.3900000000000001,1.3870195818111732,-3.3427462321615986e-18,1.022924050520843,1.1631424297508486,-8.276825802046666e-19,-0.0035959562431585462,0.9999975362891281,-5.557420215181877e-19,-0.0022197782935629976,-2.8257092360911673e-20
1.3920000000000001,1.3893455449582746,-3.3443793621194167e-18,1.0229168775659767,1.1628197707664722,-8.053277980867401e-19,-0.003577002962522508,0.9999972048470304,-5.740047735632453e-19,-0.0023643811294157087,-2.849373172400218e-20
1.3940000000000001,1.3916708571928451,-3.345967070751727e-18,1.0229097423924267,1.1624915271893739,-7.822618217367868e-19,-0.003558175150544902,0.9999968563125609,-5.921801786632474e-19,-0.002507461863019562,-2.907304481849359e-20
1.3960000000000001,1.3939955074065737,-3.3475079392065996e-18,1.0229026447473968,1.162157759849725,-7.584881824778822e-19,-0.003539474657822469,0.9999964913211844,-6.102687925298038e-19,-0.002649027240239412,-2.999423365465324e-20
1.3980000000000001,1.3963194846125322,-3.3490005556713506e-18,1.0228955843744632,1.161818529300112,-7.340103914608906e-19,-0.0035209032615710935,0.999996110497623,-6.282736460221377e-19,-0.002789084011801367,-3.022892686486082e-20
1.4000000000000001,1.3986427779446198,-3.3504435153486107e-18,1.0228885610137197,1.161473895815358,-7.088319547156867e-19,-0.0035024626667762323,0.9999957144559557,-6.461921777188219e-19,-0.0029276389329887078,-3.0805933189500005e-20
1.4020000000000001,1.4009653766570072,-3.3518356357701133e-18,1.022881574401922,1.1611239193923608,-6.833870287336035e-19,-0.0034841545073341527,0.9999953037997175,-6.311383707163282e-19,-0.003064698763340131,-2.854461488233369e-20
1.4040000000000001,1.4032872701235812,-3.353178001360801e-18,1.0228746242726272,1.1607686597499425,-6.590766637176707e-19,-0.003465980347184046,0.9999948791219991,-6.051889336094816e-19,-0.003200270266350313,-2.6598146183985913e-20
1.4060000000000001,1.405608447837388,-3.3544722299467477e-18,1.0228677103563344,1.1604081763287135,-6.351416395812795e-19,-0.0034479416814309225,0.9999944410055462,-6.067524303063934e-19,-0.003334360209172785,-2.782922027501624e-20
1.408,1.4079288994100767,-3.355718531781649e-18,1.0228608323806196,1.1600425282909503,-6.111499562919582e-19,-0.0034300399374593486,0.9999939900228583,-6.083077669707048e-19,-0.0034669753623251076,-2.940072634183566e-20
1.41,1.4102486145713424,-3.3569167938219795e-18,1.0228539900702713,1.159671774520486,-5.871018882108394e-19,-0.003412276476037897,0.9999935267362878,-6.098561138155855e-19,-0.003598122499396341,-3.0969603422098304e-20
1.412,1.4125675831683693,-3.3580669035701855e-18,1.022847183147422,1.1592959736226143,-5.629977078356889e-19,-0.003394652592414441,0.9999930516981388,-6.113974967995204e-19,-0.0037278083967568027,-3.253585711960464e-20
1.414,1.4148857951652738,-3.3591687490737965e-18,1.0228404113316778,1.1589151839240055,-5.388376868703626e-19,-0.0033771695174021634,0.9999925654507656,-6.129319429700256e-19,-0.0038560398332700982,-3.4099086888218467e-20
1.416,1.417203240642547,-3.3602222189223824e-18,1.0228336743402473,1.1585294634726373,-5.146220950929817e-19,-0.0033598284184563126,0.9999920685266711,-6.144582000199922e-19,-0.003982823590007426,-3.600195827157735e-20
1.418,1.4195199097964968,-3.361227202239173e-18,1.0228269718880665,1.1581388700377369,-4.903511975350281e-19,-0.003342630400741751,0.9999915614486049,-6.15977660347068e-19,-0.004108166449964139,-3.790100679260666e-20
1.42,1.4218357929386913,-3.362183588676501e-18,1.022820303687922,1.1577434611097364,-4.660252568714938e-19,-0.0033255765081911825,0.9999910447296615,-6.174917547113418e-19,-0.004232075197778564,-3.945358226281331e-20
1.422,1.4241508804954004,-3.3630912684137336e-18,1.0228136694505734,1.15734329390024,-4.416445416202903e-19,-0.0033086677245541336,0.9999905188733779,-6.190018265591087e-19,-0.004354556619453061,-4.031825244625667e-20
1.424,1.4264651630070382,-3.363950132182164e-18,1.0228070688848716,1.1569384253420045,-4.172093340068352e-19,-0.003291904974436675,0.9999899843738309,-6.205063232487824e-19,-0.0044756175020773175,-4.083889888684073e-20
1.426,1.4287786311276058,-3.3647600712828637e-18,1.0228005016978767,1.1565289120889322,-3.927199204461032e-19,-0.0032752891243318684,0.9999894417157349,-6.220052722424643e-19,-0.004595264633553879,-4.101633627922425e-20
1.428,1.4310912756241332,-3.3655209775968322e-18,1.0227939675949733,1.1561148105160743,-3.681765946863484e-19,-0.003258820983640913,0.9999888913745383,-6.23501768150502e-19,-0.004713504802325887,-4.016646749405556e-20
1.43,1.4334030873761214,-3.3662327436021598e-18,1.022787466279983,1.1556961767196483,-3.435796605636966e-19,-0.003242501305685048,0.9999883338165205,-6.249877657925779e-19,-0.00483034479710704,-4.0003796597063083e-20
1.432,1.4357140573749854,-3.3668952623810504e-18,1.022780997455276,1.1552730665170665,-3.189294157026175e-19,-0.0032263307887081794,0.9999877694988885,-6.264683087167096e-19,-0.004945791406613749,-3.949994009479883e-20
1.434,1.4380241767234958,-3.3675084276114106e-18,1.0227745608218803,1.1548455354469755,-2.9422616180357353e-19,-0.003210310076870237,0.9999871988698728,-6.279449681507924e-19,-0.005059851419299489,-3.831264176538396e-20
1.436,1.4403334366352223,-3.368072133583667e-18,1.022768156079589,1.1544136387693094,-2.694702070788839e-19,-0.0031944397612312697,0.9999866223688235,-6.29412614144016e-19,-0.005172531623091342,-3.747108596915866e-20
1.438,1.4426418284339755,-3.3685862752014583e-18,1.022761782927065,1.1539774314653521,-2.446618547745148e-19,-0.0031787203807262733,0.9999860404263057,-6.308731748288916e-19,-0.005283838805128709,-3.6632202156324433e-20
1.44,1.4449493435532499,-3.3690507479674828e-18,1.0227554410619448,1.1535369682378132,-2.1980140273651326e-19,-0.0031631524231308084,0.9999854534641951,-6.323230320365489e-19,-0.005393779751504202,-3.6480483967886825e-20
1.442,1.4472559735356672,-3.369465447972197e-18,1.0227491301809395,1.1530923035109133,-1.9488913770482184e-19,-0.0031477363260173285,0.9999848618957724,-6.337623745698084e-19,-0.005502361247006687,-3.7015114672265813e-20
1.444,1.449561710032419,-3.3698302718657292e-18,1.0227428499799347,1.1526434914304824,-1.6992533607857124e-19,-0.0031324724777023402,0.9999842661258184,-6.351968202806384e-19,-0.005609590074866485,-3.720730952148825e-20
1.446,1.4518665448027104,-3.3701451168544207e-18,1.0227366001540874,1.1521905858640678,-1.4491028051342069e-19,-0.0031173612181842813,0.9999836665507078,-6.366300583281158e-19,-0.005715473016502718,-3.637256615985844e-20
1.448,1.4541704697132032,-3.370409880723901e-18,1.0227303803979224,1.1517336404010539,-1.1984426354706814e-19,-0.003102402840072262,0.9999830635585036,-6.380582699210528e-19,-0.00582001685127279,-3.519781768241013e-20
1.45,1.4564734767374599,-3.370624461846962e-18,1.0227241904054258,1.1512727083527923,-9.472758190574331e-20,-0.003087597589505559,0.9999824575290506,-6.394774638736593e-19,-0.005923228356223994,-3.436918008672753e-20
1.452,1.458775557955388,-3.3707887591867143e-18,1.022718029870137,1.150807842752743,-6.956052547383345e-20,-0.0030729456670639745,0.9999818488340679,-6.408837654428211e-19,-0.006025114305847239,-3.457073750499701e-20
1.454,1.4610767055526843,-3.3709026722683786e-18,1.0227118984852392,1.1503390963566267,-4.434336610481368e-20,-0.00305844722866902,0.999981237837243,-6.422773253846535e-19,-0.006125681471832892,-3.580004757826966e-20
1.456,1.463376911820279,-3.3709661011467084e-18,1.0227057959436474,1.1498665216425856,-1.9076362914707826e-20,-0.0030441023864759506,0.999980624894323,-6.436665743775862e-19,-0.006224936622828716,-3.668527141414537e-20
1.458,1.4656761691537814,-3.3709789463917587e-18,1.0226997219380953,1.1493901708113574,6.240225654069809e-21,-0.003029911209756697,0.9999800103532075,-6.450515048529069e-19,-0.006322886524199907,-3.7226411102569665e-20
1.46,1.4679744700529251,-3.3709411090941206e-18,1.0226936761612204,1.1489100957864578,3.1606137539177797e-20,-0.003015873725773681,0.9999793945540398,-6.464277780330432e-19,-0.006419537937791215,-3.8108777870138974e-20
1.462,1.4702718071210135,-3.3708524908668246e-18,1.0226876583056468,1.148426348214373,5.702111517708427e-20,-0.0030019899206445554,0.9999787778292986,-6.477933227724695e-19,-0.006514897621691142,-3.96746228579569e-20
1.464,1.4725681730643663,-3.3707129938270717e-18,1.0226816680640665,1.147938979464764,8.248491041592316e-20,-0.0029882597401978757,0.9999781605038882,-6.491526337361647e-19,-0.00660897232999821,-4.123782871962001e-20
1.466,1.4748635606917657,-3.370522520587129e-18,1.0226757051293196,1.1474480406306788,1.0799727465618917e-19,-0.0029746830908197203,0.9999775428952299,-6.50512429838647e-19,-0.006701768812589292,-4.177084417711245e-20
1.468,1.4771579629139038,-3.370280974266263e-18,1.0226697691944724,1.1469535825287756,1.3355794953747587e-19,-0.0029612598402913386,0.999976925313351,-6.51868102447389e-19,-0.0067932938148899885,-4.196060501581422e-20
1.47,1.4794513727428296,-3.3699882585051764e-18,1.022663859952893,1.1464556556995555,1.5916667325141746e-19,-0.002947989818617771,0.9999763080609755,-6.532127230102007e-19,-0.006883554077647054,-4.28358844576121e-20
1.472,1.481743783291397,-3.3696442774607636e-18,1.0226579770983268,1.1459543104076055,1.8482319341538346e-19,-0.0029348728188474974,0.999975691433612,-6.545440943067114e-19,-0.006972556336702857,-4.4737710504380526e-20
1.474,1.4840351877727143,-3.3692489357820983e-18,1.0226521203249692,1.1454495966418492,2.1052726897918978e-19,-0.0029219085978831813,0.9999750757196436,-6.558741665205932e-19,-0.007060307322771872,-4.595119512388364e-20
1.476,1.4863255794995909,-3.368802138602537e-18,1.0226462893275376,1.1449415641158092,2.3627865472523425e-19,-0.0029090968772834884,0.9999744612004156,-6.572028974279769e-19,-0.0071468137612191755,-4.6477156037806795e-20
1.478,1.488614951883989,-3.368303791554164e-18,1.0226404838013405,1.144430262267877,2.6207709623316354e-19,-0.0028964373440560098,0.9999738481503233,-6.585302139311264e-19,-0.007232082371840975,-4.631722103524782e-20
1.48,1.4909032984364725,-3.3677538007866064e-18,1.0226347034423464,1.1439157402615936,2.879223298990073e-19,-0.002883929651441341,0.9999732368368998,-6.598609751528089e-19,-0.0073161198686471154,-4.478770890732372e-20
1.482,1.4931906127656576,-3.3671520729927176e-18,1.0226289479472506,1.143398046985938,3.138140773178132e-19,-0.002871573419688334,0.9999726275209024,-6.611876203529157e-19,-0.007398932959645603,-4.2919008935862453e-20
1.484,1.4954768885776641,-3.3664985154265715e-18,1.0226232170135399,1.142877231055625,3.3975205683601136e-19,-0.0028593682368205655,0.9999720204563995,-6.625076689115626e-19,-0.007480528346629095,-4.105538832790462e-20
1.486,1.4977621196755675,-3.3657930359047578e-18,1.0226175103395567,1.1423533408114128,3.657359868901796e-19,-0.0028473136593940344,0.9999714158908564,-6.63828793974965e-19,-0.0075609127249633805,-3.8168877835415696e-20
1.488,1.500046299958851,-3.3650357581010315e-18,1.0226118276245613,1.1418264243204184,3.913350083331546e-19,-0.002835409213246137,0.9999708140652206,-6.322383520143606e-19,-0.007640092783377818,-3.6411742453563853e-20
1.49,1.5023294234228588,-3.364228671026738e-18,1.022606168568792,1.1412965293764414,4.1579731808068096e-19,-0.002823654394235934,0.9999702152140071,-6.281758512481245e-19,-0.007718075203757741,-3.761053221267696e-20
1.492,1.5046114841582494,-3.363372211390268e-18,1.0226005328735248,1.1407637035002987,4.405283798579409e-19,-0.0028120486689757838,0.999969619565383,-6.186659701165656e-19,-0.0077948666609388186,-3.8422321998294204e-20
1.494,1.5068924763504505,-3.3624673506066154e-18,1.0225949202411315,1.1402279939401638,4.642346413295728e-19,-0.002800591475554309,0.999969027341251,-6.092091685757769e-19,-0.007870473822503348,-3.8205436369965737e-20
1.496,1.5091723942791135,-3.361514733471894e-18,1.0225893303751354,1.1396894476719193,4.882133487526656e-19,-0.002789282224250816,0.9999684387573341,-5.94330431152318e-19,-0.007944903348578492,-3.760415019325619e-20
1.498,1.5114512323175702,-3.3605156816386786e-18,1.022583762980266,1.139148111399513,5.105264500061612e-19,-0.0027781202982411126,0.999967854023257,-5.685859543916015e-19,-0.008018161891636443,-3.657600419790323e-20
1.5,1.5137289163052874,-3.3594672857524076e-18,1.022582300611006,1.1385323574947512,5.381004464697137e-19,0.0013156930368109065,0.9999641854722081,-5.977982435579146e-19,-0.008463319260305578,-3.612147000976131e-20
1.502,1.5160054093649082,-3.3583672617084604e-18,1.0225850845421982,1.1379568682924868,5.620069191597984e-19,0.0014681710237788373,0.999959093324076,-6.104458099994508e-19,-0.009044980845218297,-3.339007220464343e-20
1.504,1.518280732002258,-3.3572193373439432e-18,1.0225881733746056,1.1373622744207177,5.858105738375374e-19,0.0016205963044133712,0.9999541569189838,-5.928757949887173e-19,-0.009575179394810337,-3.0422671136424756e-20
1.506,1.5205548419332695,-3.356024676427561e-18,1.022591566893633,1.1367439306156057,6.087530494724809e-19,0.0017728492520823558,0.9999485840511994,-5.780991337821008e-19,-0.010140476024316924,-3.072271429044573e-20
1.508,1.5228276951296555,-3.354784391912767e-18,1.0225952647869139,1.1361057614943284,6.31543073508486e-19,0.0019249710839419384,0.9999430511172207,-5.798213176360636e-19,-0.01067213766690975,-3.3091599678650113e-20
1.51,1.5250992494191582,-3.3534985703198406e-18,1.0225992667065311,1.135444885599178,6.541816655365457e-19,0.0020768687614566867,0.9999370004198229,-5.651147897078571e-19,-0.011224757966439108,-3.303924672690415e-20
1.512,1.527369461625757,-3.3521682734036463e-18,1.0226035722183464,1.1347638261615327,6.761272881192981e-19,0.0022285627273249237,0.9999309077053271,-5.61430260607266e-19,-0.011754991093085322,-3.4150312576927263e-20
1.514,1.5296382898400966,-3.3507936545550175e-18,1.022608180846641,1.1340608139647836,6.984675027124629e-19,0.0023799795806453547,0.9999243857195282,-5.687135396623101e-19,-0.012297269754876957,-3.5723184712009266e-20
1.516,1.5319056916157447,-3.3493746132850372e-18,1.0226130920385645,1.1333374882653506,7.204411406261495e-19,0.0025311250647588857,0.999917765806811,-5.485854564567101e-19,-0.012824259195584909,-3.524995456861758e-20
1.518,1.5341716254009212,-3.3479124233237598e-18,1.0226183051957924,1.1325927811486953,7.416168215601804e-19,0.002681940090104987,0.9999107822492658,-5.28557629050989e-19,-0.013357677255486809,-3.4432010980798496e-20
1.52,1.5364360494007754,-3.346408676773023e-18,1.0226238196499997,1.131827774211742,7.619983426301132e-19,0.002832420269994226,0.9999036641767084,-5.086284710676123e-19,-0.013880286956423767,-3.3278225631433133e-20
1.522,1.5386989224801622,-3.3448649581081294e-18,1.022629634685145,1.1310418416642698,7.815895455190147e-19,0.002982516876630492,0.9998962312621374,-4.887977603454902e-19,-0.014405787301442935,-3.178308001854318e-20
1.524,1.5409602034459544,-3.3432828442274534e-18,1.022635749520825,1.1302357132373182,8.003941516350182e-19,0.0031322187327879857,0.9998886412128509,-4.690644055168036e-19,-0.014923309737420638,-2.9952792392607297e-20
1.526,1.5432198516162168,-3.3416639045914396e-18,1.0226421633279072,1.1294090418014258,8.184158943013451e-19,0.0032814846111618,0.9998807729918144,-4.494333210543903e-19,-0.0154414960833513,-2.74409703782723e-20
1.528,1.5454778263674152,-3.3400097012778938e-18,1.0226488752174299,1.1285623350041234,8.35658413653596e-19,0.0034302989332970894,0.9998727349129958,-4.298878652691649e-19,-0.015953494213078352,-2.527982026624365e-20
1.53,1.547734087493192,-3.338321789065909e-18,1.022655884251574,1.1276954212786698,8.521253762856293e-19,0.0035786259347880206,0.9998644467078789,-4.104279191458294e-19,-0.016464756589394492,-2.346691077646194e-20
1.532,1.5499885949186307,-3.3366017154162966e-18,1.0226631894364187,1.1268086680327833,8.678204406244668e-19,0.0037264473172080345,0.9998559828170049,-3.9106462861807637e-19,-0.016970964175380406,-2.1317589428123356e-20
1.534,1.5522413089263352,-3.3348510204785105e-18,1.0226707897296832,1.125902014235827,8.827472418623264e-19,0.003873731346585701,0.9998472907751917,-3.7179694460412715e-19,-0.017475558060045863,-1.8831246096745027e-20
1.536,1.554492189976043,-3.333071237186671e-18,1.0226786840361326,1.124975738665764,8.969093681875602e-19,0.004020458171417771,0.9998384219514943,-3.5261859293258013e-19,-0.017975816797751,-1.6352722990069685e-20
1.538,1.5567411988470135,-3.3312638913101544e-18,1.0226868712131003,1.1240298498122838,9.103104014998974e-19,0.004166599090749237,0.999829342706905,-3.3352321436175175e-19,-0.018473913020223436,-1.4223806809176935e-20
1.54,1.5589882965240733,-3.3294305014452505e-18,1.0226953500676998,1.1230645703662976,9.22953931260702e-19,0.00431213350022524,0.9998200887834638,-3.145042466715968e-19,-0.01896813288194315,-1.2786848705311177e-20
1.542,1.5612334442872187,-3.3275725789801825e-18,1.02270411936083,1.1220799524651273,9.348435886150258e-19,0.00445703504215437,0.9998106392079334,-2.9556201370977416e-19,-0.019459849090476662,-1.2039353446908011e-20
1.544,1.5634766036395522,-3.3256916279993813e-18,1.0227131778056087,1.1210761832303229,9.459830368472557e-19,0.004601282901950063,0.9998010191842455,-2.7670944517198103e-19,-0.019947983310218697,-1.1295213321532776e-20
1.546,1.5657177363635888,-3.3237891452569883e-18,1.022722524070347,1.120053342124536,9.563759331506542e-19,0.004744852590215624,0.9997912162089861,-2.579391388622051e-19,-0.02043340381231074,-1.0896338687442069e-20
1.548,1.5679568044756063,-3.321866620204731e-18,1.022732156777802,1.1190115936340657,9.660259357900254e-19,0.00488772344585567,0.9997812484028971,-2.392440082594755e-19,-0.02091543310441566,-1.118507857327458e-20
1.55,1.5701937702609476,-3.31992553493436e-18,1.0227420745074511,1.1179510342478187,9.749367529117914e-19,0.0050298725211842185,0.9997711088925502,-2.2061015096748593e-19,-0.02139462137456859,-1.2845244823253338e-20
1.552,1.5724285962450242,-3.317967147145085e-18,1.0227522757952905,1.1168718139684486,9.835459556612806e-19,0.005171279549249085,0.9997608110474229,-2.295098170656197e-19,-0.021870543975856728,-1.3376503139370129e-20
1.554,1.5746612452153663,-3.315990900524492e-18,1.022762759135636,1.1157740398107998,9.927230116215538e-19,0.005311922899125057,0.9997503517125249,-2.3835201037239563e-19,-0.022343550538876815,-1.459078871388531e-20
1.556,1.5768916802031234,-3.3139961689875755e-18,1.0227735229812809,1.1146578524295256,1.0021389687507623e-18,0.005451782854649912,0.99973974107213,-2.5811095915731637e-19,-0.022813375923586867,-1.5704385962280048e-20
1.558,1.5791198644967537,-3.3119813911237705e-18,1.0227845657449757,1.1135233652609509,1.0126602451671719e-18,0.005590838945821476,0.9997289784090965,-2.724104000994348e-19,-0.023280243321425084,-1.1551044210361156e-20
1.56,1.5813457616301376,-3.3099457721476944e-18,1.0227958857998198,1.1123707128455051,1.0228712240289246e-18,0.0057290721069521286,0.9997180717696433,-2.592138090911454e-19,-0.023743988232533722,-8.137988517694802e-21
1.562,1.58356933539099,-3.307889859415563e-18,1.0228074814805235,1.11120001244764,1.0330989113350308e-18,0.005866462919835042,0.9997070220201759,-2.6793276013819844e-19,-0.024204754151859638,-7.652581564538939e-21
1.564,1.5857905498131404,-3.3058131494774846e-18,1.0228193510839492,1.1100113945280796,1.043668148516619e-18,0.006002993030535515,0.9996958357663812,-2.766098118048369e-19,-0.024662440093331316,-7.16874887519344e-21
1.566,1.5880093691816108,-3.303714960984223e-18,1.0228314928702233,1.1088049785391763,1.0545771905364464e-18,0.006138643994918236,0.9996845148904315,-2.8523688243848267e-19,-0.0251171393331943,-7.028628164328363e-21
1.568,1.5902257580275199,-3.3015946160483943e-18,1.0228439050633724,1.1075808921403107,1.0658243164123334e-18,0.006273398206312326,0.9996730650205771,-2.938313946131074e-19,-0.02556879098365265,-6.546732976950996e-21
1.57,1.5924396811310542,-3.2994514402369808e-18,1.0228565858523302,1.1063392559327434,1.0774077866658841e-18,0.006407238137948554,0.9996614886786913,-3.02393064227768e-19,-0.026017456691679156,-5.723855843246849e-21
1.572,1.5946511035180209,-3.2972847626009354e-18,1.0228695333916307,1.1050801955761584,1.0893258649700567e-18,0.006540146948718939,0.9996497908221643,-3.108958094983355e-19,-0.02646310089924752,-5.5876639151373545e-21
1.574,1.5968599904614864,-3.295093915634434e-18,1.0228827458023415,1.103803832161043,1.1015768414018086e-18,0.006672107986528277,0.9996379743642771,-3.19375828312739e-19,-0.026905765346584194,-4.766761182127564e-21
1.576,1.5990663074793656,-3.2928782352714263e-18,1.0228962211727888,1.1025102898485435,1.1141589890838867e-18,0.006803105182679914,0.9996260437940282,-3.278056170208417e-19,-0.027345430490307975,-4.290401198327089e-21
1.578,1.601270020335215,-3.2906370608679895e-18,1.022909957559437,1.101199689798047,1.1270706107615524e-18,0.0069331227263738845,0.9996140022526729,-3.361952196937976e-19,-0.027782125555723427,-3.815249279710532e-21
1.58,1.6034710950364703,-3.288369735177917e-18,1.022923952987629,1.0998721549839674,1.1403099971573863e-18,0.007062145320584904,0.9996018538942705,-3.4458186721408136e-19,-0.02821584113824051,-1.9711726977938757e-21
1.582,1.6056694978347041,-3.2860758213398387e-18,1.0229382054524263,1.0985278063653539,1.153550030377769e-18,0.007190157968603827,0.9995896019808048,-3.2547709380317794e-19,-0.028646598608859642,-1.0710867141344164e-21
1.584,1.6078651952242673,-3.283756475641263e-18,1.0229527129193536,1.097166765922424,1.1657062987497688e-18,0.007317146139327854,0.9995772504192347,-3.064828822881369e-19,-0.029074394994967747,5.099676626253514e-22
1.586,1.6100581539422043,-3.2814133539689825e-18,1.022967473325207,1.0957891542400746,1.1773266706990895e-18,0.007443095627021269,0.9995648025221275,-2.82139552394919e-19,-0.029499246751418632,3.271999096583247e-21
1.588,1.612248340967147,-3.2790479593946234e-18,1.022982484578797,1.09439509242179,1.1880883114702787e-18,0.007567992657463394,0.9995522620071169,-2.9072846211072917e-19,-0.02992115499871126,3.3426871658838477e-21
1.59,1.614435723519009,-3.2766600163090536e-18,1.02299774456173,1.0929847005648186,1.1998387604054683e-18,0.007691823795479294,0.9995396321916459,-3.047668399738082e-19,-0.030340133127431106,3.59213026518725e-21
1.592,1.6166202690580342,-3.2742488538871965e-18,1.0230132511291457,1.0915580989661686,1.211271155168627e-18,0.007814576012539076,0.9995269166420344,-2.9675904614065415e-19,-0.030756184875053882,2.1092456274136226e-21
1.594,1.6188019452843494,-3.2718147086679744e-18,1.0230290021104753,1.090115407160119,1.2228218239685517e-18,0.007936236625408792,0.9995141186509566,-2.9428166161270166e-19,-0.031169321734712485,8.025359864133079e-22
1.596,1.6209807201371065,-3.269357850898899e-18,1.0230449953101697,1.088656744677829,1.234056095713964e-18,0.008056793338663264,0.9995012416584685,-2.9730685413265254e-19,-0.03157954912882974,-3.302285018596068e-22
1.598,1.6231565617939416,-3.2668779350799864e-18,1.023061228508438,1.087182230439498,1.2458437119101085e-18,0.008176234203583672,0.9994882889133687,-3.003531483528591e-19,-0.03198687738787203,-7.761094666075419e-22
1.6,1.625329438670173,-3.2643749049415175e-18,1.0230776994619637,1.0856919832325118,1.2572065632695293e-18,0.00829454764436949,0.9994752637460174,-2.979179769580938e-19,-0.032391313030340575,-1.0455062595667819e-21
1.602,1.6274993194181977,-3.2618488488161177e-18,1.0230944059046254,1.084186121327281,1.2687974837847409e-18,0.008411722430193388,0.9994621693491336,-2.8998261599173974e-19,-0.032792865686370194,-2.1645166307735683e-21
1.604,1.6296661729267212,-3.259300468440537e-18,1.0231113455482004,1.0826647627779271,1.2795310824140004e-18,0.008527747690837152,0.9994490089544132,-2.710927748078879e-19,-0.03319154259810413,-3.950337031241831e-21
1.606,1.6318299683201112,-3.256731004301882e-18,1.023128516083068,1.0811280251792081,1.2897372582495145e-18,0.008642612897288822,0.9994357856908082,-2.468151959113702e-19,-0.03358735298586965,-5.552844969018736e-21
1.608,1.6339906749576443,-3.2541423400389348e-18,1.0231459151788995,1.0795760258553277,1.2988766664581532e-18,0.00875630787052782,0.9994225026987751,-2.446650261489114e-19,-0.03398030457952502,-5.493324503085967e-21
1.61,1.6361482624328296,-3.2515349037341746e-18,1.0231635404853447,1.078008881705864,1.3084732148923336e-18,0.008868822767664436,0.9994091630387624,-2.370686877718094e-19,-0.03437040637177298,-4.563352736481977e-21
1.612,1.638302700572663,-3.248909410815388e-18,1.023181389632709,1.076426709324061,1.31700580206999e-18,0.008980148086295032,0.9993957697650694,-2.2954272286595063e-19,-0.03475766643036457,-2.609248662902944e-21
1.614,1.6404539594369276,-3.2462660319224516e-18,1.0231994602326238,1.0748296248989138,1.3264316136804352e-18,0.009090274654236582,0.9993823258668335,-2.4402616156709333e-19,-0.03514209363424805,6.313450813375122e-22
1.616,1.642602009317451,-3.243604105071644e-18,1.0232177498787076,1.0732177442890232,1.335445009530657e-18,0.00919919363102355,0.999368834315761,-2.3645165945614446e-19,-0.03552369629356141,1.8952386616767913e-21
1.618,1.644746820737388,-3.2409240193703016e-18,1.0232362561472232,1.0715911829601252,1.3445906988127232e-18,0.009306896499975108,0.9993552980281301,-2.288892482399102e-19,-0.03590248324429965,2.4701367768013774e-21
1.62,1.6468883644504764,-3.2382264869350028e-18,1.0232549765977235,1.069950056030953,1.3528919771239973e-18,0.009413375067852739,0.999341719895638,-2.104036283612463e-19,-0.03627846297775046,3.435895601456568e-21
1.622,1.649026611440306,-3.2355127588961757e-18,1.0232739087736926,1.0682944782331485,1.360678351377443e-18,0.009518621458443028,0.9993281027609814,-1.919933851953307e-19,-0.0366516443306083,4.397817771386611e-21
1.624,1.6511615329195701,-3.2327844780087274e-18,1.023293050203178,1.0666245639395033,1.3675176868131361e-18,0.009622628111036324,0.9993144494378013,-1.7919810714021041e-19,-0.037022035935698576,6.5239187902544556e-21
1.6260000000000001,1.653293100329324,-3.2300423764996986e-18,1.0233123983994166,1.0649404271380138,1.374716248162088e-18,0.00972538777499671,0.9993007626950297,-1.9929794414935216e-19,-0.03738964665695966,6.397986660064705e-21
1.6280000000000001,1.6554212853382313,-3.227285194514359e-18,1.023331950861452,1.0632421814490398,1.3824890992418835e-18,0.009826893507489352,0.9992870452698023,-1.9728513987617055e-19,-0.037754485242794046,4.354750163593152e-21
1.6300000000000001,1.6575460598418121,-3.224512870897445e-18,1.023351705074746,1.0615299401083083,1.3898580536228172e-18,0.009927138668696626,0.9992732998574589,-1.9525854355459732e-19,-0.038116560600152206,1.2879654846569922e-21
1.6320000000000001,1.6596673959616837,-3.2217254516955194e-18,1.0233716585117814,1.0598038159771128,1.3976932896415292e-18,0.010026116919070864,0.9992595291199253,-2.152483157988411e-19,-0.03847588157567562,-5.540719716054529e-22
1.6340000000000001,1.6617852660448005,-3.2189217889259612e-18,1.023391808632658,1.0580639215309897,1.4059925568700493e-18,0.010123822214976852,0.9992457356793564,-2.0780378112044404e-19,-0.03883245712831197,3.4433643959338583e-23
1.6360000000000001,1.6638996426626882,-3.2161021142115884e-18,1.0234121528856823,1.0563103688655568,1.4135608832193515e-18,0.010220248805649075,0.9992319221236016,-2.0039397715896522e-19,-0.0391862961910545,6.196741929283678e-22
1.6380000000000001,1.6660104986106765,-3.2132673078297073e-18,1.0234326887079481,1.0545432696887946,1.4212690402267052e-18,0.010315391229119189,0.9992180910021958,-1.930198798429469e-19,-0.03953740777956837,1.2028436289919789e-21
1.6400000000000001,1.668117806907127,-3.210417777264134e-18,1.0234534135259115,1.0527627353241649,1.4282491459459189e-18,0.010409244308993737,0.9992042448299476,-1.856797471035811e-19,-0.03988580090476202,1.7836140277389396e-21
1.6420000000000001,1.6702215407926582,-3.2075541079700046e-18,1.0234743247559577,1.0509688767051923,1.4354802016321569e-18,0.010501803150575835,0.999190386084442,-1.8382655382233025e-19,-0.040231484641061604,1.8017990677621387e-21
1.6440000000000001,1.6723216737293674,-3.2046763414003122e-18,1.0234954198049615,1.049161804376895,1.4423103310243458e-18,0.010593063137538515,0.999176517208422,-1.8747330217593972e-19,-0.04057446807104323,1.9412607165967657e-21
1.6460000000000001,1.67441817940005,-3.2017844098789213e-18,1.0235166960708406,1.0473416284918446,1.4497174145316993e-18,0.010683019928182587,0.9991626406082651,-1.9111629691983912e-19,-0.04091476032826225,2.079840718622386e-21
1.6480000000000001,1.6765110317074148,-3.1988778123809083e-18,1.0235381509431003,1.045508458810559,1.4569400460475092e-18,0.010771669452054352,0.9991487586555903,-2.002333040068447e-19,-0.04125237056210816,2.3361728194553997e-21
1.6500000000000001,1.678600204773296,-3.1959560856165355e-18,1.0235597818033735,1.043662404698522,1.4647379709581974e-18,0.01085900790630266,0.9991348736863601,-1.8728303201988244e-19,-0.04158730796458992,7.581059988898624e-22
1.6520000000000001,1.6806856729378647,-3.1930201422071813e-18,1.0235815860259518,1.0418035751259478,1.4711572028465296e-18,0.010945031752272773,0.9991209880019926,-1.6893084042014632e-19,-0.04191958174794753,-5.908536558533657e-22
1.6540000000000001,1.6827674107588346,-3.1900713230190067e-18,1.0236035609783112,1.0399320786654327,1.4775058197875926e-18,0.011029737711939179,0.9991071038688649,-1.451899846090099e-19,-0.04224920116132222,-1.3668669947993823e-21
1.6560000000000001,1.6848453930106666,-3.1871115044601236e-18,1.0236257040216283,1.038048023491349,1.4823741795531929e-18,0.011113122764496388,0.9990932235191079,-1.4356004712343563e-19,-0.04257617547641634,-1.016536059571776e-21
1.6580000000000001,1.6869195946837703,-3.1841407836101527e-18,1.0236480125112932,1.03615151737792,1.4883720164239971e-18,0.011195184142852772,0.9990793491503697,-1.4742933566433149e-19,-0.042900513997787416,-5.585143304600893e-22
1.6600000000000001,1.6889899909837032,-3.181159220208599e-18,1.023670483797412,1.034242667698408,1.4931081918168369e-18,0.011275919330231988,0.9990654829264063,-1.2920924643907601e-19,-0.0432222260535869,-2.9256633484371136e-21
1.6620000000000001,1.6910565573303669,-3.1781678502785193e-18,1.0236931152253048,1.0323215814234805,1.4983236928647178e-18,0.011355326056718726,0.9990516269770126,-1.385826872878565e-19,-0.04354132100183615,-3.735486525059474e-21
1.6640000000000001,1.6931192693572008,-3.1751661140336964e-18,1.0237159041359958,1.0303883651202919,1.5034742098483446e-18,0.011433402295879858,0.9990377833984834,-1.42522958927217e-19,-0.043857808224371284,-2.2499030582670548e-21
1.666,1.695178102910374,-3.172153851877991e-18,1.0237388478666967,1.0284431249510597,1.508668771294939e-18,0.011510146261356513,0.9990239542536526,-1.189676267430202e-19,-0.04417169713058824,-1.6194049603412343e-21
1.668,1.6972330340479744,-3.169132639858412e-18,1.0237619437512837,1.0264859666721042,1.512388587613675e-18,0.01158555640351113,0.9990101415722716,-1.0648079943839041e-19,-0.044482997153412585,-1.1345484245431683e-21
1.67,1.6992840390391954,-3.166103649390542e-18,1.0237851891207677,1.0245169956325804,1.516483743907638e-18,0.011659631406062604,0.9989963473511176,-9.959066548793956e-20,-0.0447917177514515,4.722668527530119e-22
1.672,1.701331094363521,-3.1630675409685646e-18,1.0238085813037572,1.0225363167735144,1.5195428921428023e-18,0.011732370182763428,0.9989825735543206,-9.271744089883069e-20,-0.04509786840624371,1.7328716202116038e-21
1.674,1.7033741767099078,-3.1600246109695055e-18,1.0238321176269156,1.0205440346266588,1.5235222790097038e-18,0.011803771874076083,0.9989688221135168,-1.13248389455876e-19,-0.045401458623409774,1.75433151958366e-21
1.676,1.705413262975966,-3.15697370921154e-18,1.023855795415411,1.0185402533135497,1.5272250677810644e-18,0.011873835843883275,0.9989550949281422,-8.989231513820717e-20,-0.0457024979307123,3.768725850954561e-21
1.678,1.707448330267138,-3.153916327675217e-18,1.02387961199336,1.0165250765444633,1.5300027819026815e-18,0.011942561676204656,0.9989413938656159,-6.666198610415268e-20,-0.046000995878577554,6.118387177995891e-21
1.68,1.7094793558958743,-3.1508543119756043e-18,1.023903564684264,1.01449860761751,1.5318599516766557e-18,0.012009949171942239,0.9989277207616126,-4.35254140511738e-20,-0.04629696203866972,8.11755084410114e-21
1.682,1.711506317380809,-3.147789498676997e-18,1.023927650811441,1.0124609494176755,1.5328011055777072e-18,0.012075998345637148,0.998914077420266,-2.0450803411217664e-20,-0.04659040600401889,9.082478714846386e-21
1.684,1.7135291924459322,-3.1447237152619506e-18,1.0239518676984483,1.0104122044159616,1.5328307967111604e-18,0.012140709422251877,0.9989004656144275,2.5300370696272454e-21,-0.04688133738792252,9.699819163346815e-21
1.686,1.715547959019761,-3.14165878010535e-18,1.023976212669501,1.0083524746685042,1.5319535677282926e-18,0.012204082833967013,0.9988868870858829,2.5385857137659065e-20,-0.047169765823828196,1.0655021937202087e-20
1.688,1.7175625952345102,-3.1385965025326916e-18,1.024000683049883,1.0062818618157643,1.5301739325802186e-18,0.012266119217001567,0.9988733435456036,4.813315784477108e-20,-0.04745570096444425,1.1605440362062618e-20
1.69,1.719573079425258,-3.135538682864142e-18,1.0240252761663518,1.0042004670817162,1.5274963736383548e-18,0.012326819408449891,0.9988598366739706,7.074035663594735e-20,-0.047739152481470835,1.3234881246130196e-20
1.692,1.7215793901291139,-3.1324871125034753e-18,1.0240499893475377,1.0021083912730921,1.5239253257201156e-18,0.01238618444314111,0.9988463681210218,9.319184940041518e-20,-0.04802013006484544,1.5884457934282677e-20
1.694,1.723581506084383,-3.129443357240027e-18,1.024074819924335,1.0000057347786357,1.5198987837759476e-18,0.012444215550516563,0.9988329395066815,8.274567103506111e-20,-0.048298643422381125,1.557667680726323e-20
1.696,1.7255794062297296,-3.1264068071500405e-18,1.0240997652302892,0.997892597568402,1.5167198211892228e-18,0.012500914151529097,0.9988195524210053,7.231568328623054e-20,-0.04857470227909998,1.5955889781428256e-20
1.698,1.7275730697033382,-3.1233766385251026e-18,1.0241248226019766,0.9957690791930726,1.513516984939892e-18,0.012556281855561466,0.9988062084244126,6.190287954428056e-20,-0.048848316376815686,1.7020099844835923e-20
1.7,1.7295624758420753,-3.1203522124268183e-18,1.0241499893793775,0.993635278783311,1.5108325264988302e-18,0.012610320457366186,0.9987929090479302,7.90735529374004e-20,-0.04911949547352538,1.5999404832102728e-20
1.702,1.7315476041806481,-3.117334590303032e-18,1.024175262906245,0.9914912950491376,1.5064968557204773e-18,0.012663031934025251,0.9987796557934279,1.0169196316422617e-19,-0.04938824934295989,1.3878883507495943e-20
1.704,1.7335284344507627,-3.1143257298003135e-18,1.024200640530466,0.9893372262793393,1.5024690750754066e-18,0.01271441844193121,0.9987664501338605,9.670435456629486e-20,-0.049654587774015234,1.2801889694198315e-20
1.706,1.7355049465802808,-3.1113250152294508e-18,1.0242261196044165,0.9871731703409026,1.4982062480891093e-18,0.012764482313788579,0.9987532935135056,9.725014090868653e-20,-0.04991852057028535,1.1316368152405578e-20
1.708,1.737477120692376,-3.1083326988362197e-18,1.0242516974853118,0.9849992246784774,1.4940347924500215e-18,0.012813226055636659,0.998740187348205,1.0872667728213672e-19,-0.05018005754952135,1.072361560445633e-20
1.71,1.7394449371046885,-3.105349610446002e-18,1.02427737153555,0.9828154863138657,1.488870221001527e-18,0.01286065234389306,0.9987271330256033,1.2562445093903596e-19,-0.05043920854315608,1.0406208531272808e-20
1.712,1.741408376328479,-3.1023771174313915e-18,1.02430313912305,0.9806220518455389,1.483476084007553e-18,0.012906764022418693,0.9987141319053895,1.4245850883022733e-19,-0.05069598339578364,9.745075897099759e-21
1.714,1.743367419067781,-3.0994163638392323e-18,1.0243289976215832,0.9784190174481803,1.4773119730847226e-18,0.012951564099603798,0.9987011853195362,1.3718921697769407e-19,-0.0509503919646815,1.036751133005593e-20
1.716,1.7453220462185537,-3.0964672593972457e-18,1.0243549444111,0.9762064788722556,1.4716823338895543e-18,0.0129950557454755,0.998688294572541,1.5383419654046292e-19,-0.0512024441193056,1.2106068055133494e-20
1.718,1.7472722388678326,-3.093531086534795e-18,1.0243809768780496,0.973984531443608,1.4642001877186343e-18,0.013037242288826719,0.9986754609416665,1.9231500785624262e-19,-0.05145214974081373,1.4961499463578518e-20
1.72,1.7492179782928794,-3.0906105310490547e-18,1.0244070924156954,0.9717532700630792,1.4563912218788654e-18,0.013078127214366658,0.9986626856771804,1.8678906789225678e-19,-0.05169951872157316,1.6233371681757787e-20
1.722,1.751159245960333,-3.0877053766510243e-18,1.0244332884244234,0.969512789206157,1.4487989153216908e-18,0.01311771415989285,0.9986499700025966,1.8125470760346256e-19,-0.051944560964687476,1.8187681651242285e-20
1.724,1.753096023525357,-3.0848151911763635e-18,1.0244595623120458,0.9672631829226463,1.4414221121244787e-18,0.013156006913484921,0.998637315114915,1.7571195184491788e-19,-0.052187286383514865,2.082280508287973e-20
1.726,1.7550282928307892,-3.0819395447890236e-18,1.0244859114940992,0.9650045448363664,1.4342596399964529e-18,0.013193009410720085,0.9986247221848625,1.7017870227826703e-19,-0.0524277049011999,2.3794926820377072e-20
1.728,1.7569560359062886,-3.0790780100043895e-18,1.0245123333941362,0.9627369681448719,1.4273103193327023e-18,0.01322872573191045,0.9986121923571324,1.6465493079181587e-19,-0.05266582645020116,2.7103240984966366e-20
1.73,1.7588792349674827,-3.076230378451811e-18,1.0245388254440122,0.9604605456191979,1.4201394755891575e-18,0.01326316009936217,0.9985997267506249,1.8665932146386495e-19,-0.052901660971828794,2.9453965824532784e-20
1.732,1.7607978724151143,-3.0733980325698947e-18,1.024565385084167,0.9581753696036301,1.4123143380437776e-18,0.013296316874656579,0.998587326458687,1.703435553154802e-19,-0.05313521841578074,2.77133098573568e-20
1.734,1.7627119308341883,-3.0705796029375968e-18,1.0245920097639003,0.9558815320154974,1.4062227141423618e-18,0.013328200555953231,0.9985749925493518,1.4308256992788768e-19,-0.05336650873968656,2.6764793997112446e-20
1.736,1.764621392993117,-3.0677734726741935e-18,1.0246186969416426,0.9535791243449883,1.3999058326481933e-18,0.013358815775315018,0.9985627260655783,1.5433444543694196e-19,-0.05359554190865175,2.6500947222497602e-20
1.738,1.7665262418428656,-3.0649799838057187e-18,1.0246454440852202,0.9512682376549904,1.3934732196300851e-18,0.013388167296055312,0.99855052802549,1.6552696686350018e-19,-0.0538223278948081,2.657939076511958e-20
1.74,1.7684264605160978,-3.0622001984448237e-18,1.0246722486721145,0.9489489625809528,1.3861665544329811e-18,0.013416260010107223,0.9985383994226145,1.7664832819834243e-19,-0.05404687667686577,2.6998684454259042e-20
1.742,1.7703220323263207,-3.059435246511859e-18,1.0246991081897174,0.9466213893307714,1.3786402310248426e-18,0.013443098935414994,0.9985263412261214,1.9865246426967036e-19,-0.05426919823967039,2.8008566443207486e-20
1.744,1.7722129407670295,-3.0566866858080462e-18,1.0247260201355806,0.9442856076846953,1.369812052189111e-18,0.013468689213347582,0.9985143543810605,2.205656062996712e-19,-0.05448930257376253,2.9014688106899415e-20
1.746,1.7740991695108523,-3.0539559583631183e-18,1.0247529820176593,0.9419417069952559,1.3609881859059927e-18,0.013493036106134377,0.9985024398086002,2.09671078142158e-19,-0.05470719967494169,2.5829107342770116e-20
1.748,1.7759807024086944,-3.051242440668886e-18,1.0247799913545521,0.9395897761872184,1.3526019712585648e-18,0.013516144994323218,0.998490598406264,1.9886487995822702e-19,-0.05492289954383305,2.1968505627722115e-20
1.75,1.7778575234888832,-3.0485454762020854e-18,1.0248070456757348,0.9372299037575533,1.3443262644423995e-18,0.013538021374260564,0.9984788310481681,2.0989351759223522e-19,-0.05513641218545828,2.1376102684750703e-20
1.752,1.7797296169563115,-3.0458656761318597e-18,1.024834142521789,0.9348621777754303,1.3354017202580142e-18,0.01355867085559397,0.9984671385852579,2.1537088170404303e-19,-0.055347747608809436,2.1166723142180528e-20
1.754,1.7815969671915834,-3.0432035046518422e-18,1.0248612794446277,0.9324866858822324,1.326697760815648e-18,0.01357809915879682,0.9984555218455434,2.207590077171424e-19,-0.055556915826426606,2.232672326823322e-20
1.756,1.7834595587501578,-3.040559424486331e-18,1.0248884540077126,0.9301035152915906,1.317346773809896e-18,0.013596312112715298,0.9984439816343355,2.2605236460917446e-19,-0.05576392685397885,2.4509354060713802e-20
1.758,1.7853173763614931,-3.0379337149576152e-18,1.0249156637862697,0.9277127527894397,1.3083272843516172e-18,0.01361331565213767,0.9984325187344804,2.2039170972637153e-19,-0.05596879070984871,2.5732902131184127e-20
1.76,1.787170404928192,-3.0353260757622025e-18,1.0249429063674986,0.9253144847340931,1.2994207282370125e-18,0.013629115815385841,0.998421133906594,2.0384882875859106e-19,-0.056171517414719985,2.565755716217698e-20
1.762,1.7890186295251462,-3.0327353781837863e-18,1.0249701793507766,0.9229087970563387,1.2911684520193054e-18,0.01364371874192916,0.9984098278892968,2.2036236498942177e-19,-0.05637211699116907,2.5037051020223348e-20
1.764,1.790862035398682,-3.030162593212593e-18,1.0249974803478592,0.9204957752595535,1.2817253373685898e-18,0.013657130670020546,0.9983986013994455,2.202983857013542e-19,-0.0565705994632596,2.4857420146135878e-20
1.766,1.7927006079657044,-3.027607603587183e-18,1.0250248069830752,0.918075504419838,1.273264758626933e-18,0.013669357934354804,0.9983874551323667,2.2025422541245935e-19,-0.0567669748561405,2.433648085285555e-20
1.768,1.794534332812844,-3.025070580294588e-18,1.025052156893517,0.9156480691861693,1.2637229763522225e-18,0.01368040696374926,0.9983763897620889,2.201773555949979e-19,-0.05696125319564738,2.4158486750086316e-20
1.77,1.7963631956956023,-3.0225515850418366e-18,1.0250795277292266,0.9132135537805732,1.255272916773264e-18,0.013690284278846596,0.9983654059415734,2.2010772107527198e-19,-0.057153444507907304,2.363845832966423e-20
1.772,1.7981871825374982,-3.0200505340347903e-18,1.0251069171533778,0.9107720419983157,1.2457427052251091e-18,0.013698996489839922,0.998354504302945,2.200443748534208e-19,-0.05734355881894686,2.277674267387715e-20
1.774,1.8000062794292142,-3.0175674147873183e-18,1.0251343228424517,0.9083236172081115,1.2375217233578586e-18,0.01370655029422001,0.9983436854577221,2.144882976414065e-19,-0.05753160615430354,2.1944746062316778e-20
1.776,1.8018204726277443,-3.0151016731319857e-18,1.02516174248641,0.9058683623523514,1.2282205705651375e-18,0.013712952474544737,0.9983329499970458,2.0892559843653612e-19,-0.05771759653864047,2.1457158388952198e-20
1.778,1.8036297485555408,-3.0126532615431534e-18,1.0251891737888623,0.9034063599473475,1.2203360212556943e-18,0.013718209896230661,0.998322298491908,2.0345544942987653e-19,-0.05790153999536434,1.9603124567098336e-20
1.78,1.8054340937996631,-3.010221447668392e-18,1.0252166144672306,0.9009376920835966,1.2114780669286038e-18,0.013722329505366697,0.9983117314933799,2.1433769237369027e-19,-0.058083446546246684,2.0760497576913086e-20
1.782,1.807233495110926,-3.0078068746903003e-18,1.0252440622529073,0.8984624404260596,1.2032760136291192e-18,0.013725318326549907,0.9983012495328383,1.9224968614106062e-19,-0.05826332621104836,2.137248481241498e-20
1.784,1.8090279394030484,-3.0054081251593617e-18,1.0252715148914109,0.8959806862144591,1.1955094015926168e-18,0.013727183460743336,0.9982908531221911,1.8687847868430597e-19,-0.05844118900714723,1.986629957204243e-20
1.786,1.8108174137518045,-3.003024692211249e-18,1.0252989701425361,0.8934925102635944,1.1879592634306083e-18,0.013727932083155783,0.9982805427541039,1.8147250131626452e-19,-0.05861704494916921,1.9390945981703907e-20
1.788,1.812601905394173,-3.0006561439589412e-18,1.0253264257805006,0.8909979929636719,1.1806245320676042e-18,0.013727571441143657,0.9982703189022235,1.7597194095066145e-19,-0.058790904048622326,2.0970211226522472e-20
1.79,1.814381401727489,-2.9983020506927648e-18,1.025353879594087,0.8884972142806526,1.1735040982237614e-18,0.013726108852134683,0.9982601820214014,1.7047783323262928e-19,-0.05896277631353411,2.288928605065073e-20
1.792,1.8161558903085953,-2.995961984936729e-18,1.0253813293867813,0.8859902537566169,1.1665968450130994e-18,0.013723551701573508,0.9982501325479168,1.6503039162589927e-19,-0.059132671748092086,2.4461996290444502e-20
1.794,1.8179253588529953,-2.993635521432509e-18,1.0254087729769061,0.8834771905101432,1.1599016720095507e-18,0.013719907440889124,0.9982401708996986,1.5962929182122985e-19,-0.059300600352287486,2.56895500859094e-20
1.796,1.8196897952340068,-2.9913222371079686e-18,1.0254362081977515,0.8809581032367046,1.153417493396814e-18,0.013715183585484115,0.9982302974765453,1.5425400952262839e-19,-0.059466572121562006,2.6915218205055823e-20
1.798,1.8214491874819154,-2.9890217110559195e-18,1.0254636328977005,0.87843307020908,1.1471432255302636e-18,0.01370938771274556,0.9982205126603461,1.4888423005624724e-19,-0.05963059704645781,2.848065369855384e-20
1.8,1.8232035237831303,-2.9867335245380383e-18,1.0254910449403511,0.8759021692777804,1.1410777895054802e-18,0.013702527460077671,0.9982108168152988,1.4358089734826186e-19,-0.05979268511227056,2.9359682561860205e-20
1.802,1.8249527924793394,-2.9844572609544968e-18,1.0255184422046346,0.8733654778714914,1.135220119838367e-18,0.01369461052295601,0.9982012102881287,1.3828253297312451e-19,-0.05995284629870557,3.05792650206469e-20
1.804,1.826696982066667,-2.9821925058381805e-18,1.0255458225849292,0.8708230729975298,1.1295691532988654e-18,0.013685644653003265,0.9981916934083052,1.3298895415396776e-19,-0.06011109057953707,3.213939050255087e-20
1.806,1.8284360811948306,-2.9799388468465992e-18,1.0255731839911713,0.8682750312423151,1.1241238224331473e-18,0.013675637656086542,0.9981822664882576,1.2767969679884116e-19,-0.06026742792227049,3.4381295604144786e-20
1.808,1.8301700786663004,-2.97769587378576e-18,1.0256005243489612,0.8657214287718561,1.1188830536759392e-18,0.013664597390436014,0.9981729298235911,1.2241649529261336e-19,-0.060421868287807816,3.627763331205778e-20
1.81,1.8318989634354588,-2.975463178593348e-18,1.0256278415996667,0.8631623413322512,1.1138457839985588e-18,0.01365253176478502,0.9981636836932998,1.1719926861089706e-19,-0.06057442163011604,3.782840415665625e-20
1.812,1.8336227246077605,-2.9732403553245235e-18,1.0256551337005217,0.8605978442502031,1.109010963108979e-18,0.013639448736531399,0.9981545283599802,1.1202778540052432e-19,-0.06072509789589849,3.9034413325203754e-20
1.814,1.835341351438895,-2.971027000120799e-18,1.025682398624722,0.8580280124335474,1.104377553521037e-18,0.01362535630992003,0.998145464070043,1.0683939322780126e-19,-0.060873907024269355,4.0922551462545776e-20
1.816,1.837054833333949,-2.9688227112013362e-18,1.0257096343615175,0.8554529203717952,1.0999445127134062e-18,0.013610262534246555,0.9981364910539243,1.0165502551442052e-19,-0.06102085894643105,4.314998513506918e-20
1.818,1.8387631598465701,-2.9666270888724687e-18,1.0257368389162997,0.8528726421366888,1.095710795757132e-18,0.013594175502082164,0.9981276095262951,9.649553435889672e-20,-0.061165963585354644,4.537347108216262e-20
1.82,1.8404663206781327,-2.964439843831991e-18,1.0257640103106873,0.8502872513827711,1.0913504576601428e-18,0.013577103347519355,0.99811881968627,1.133967238566267e-19,-0.06130923085546321,4.653944228027632e-20
1.822,1.8421643056769028,-2.962262312475363e-18,1.0257911465826068,0.8476968213479682,1.086106031794489e-18,0.013559054244438646,0.9981101217176153,1.2477404227748676e-19,-0.061450670662318164,4.6680179539544647e-20
1.824,1.843857104837207,-2.9600951748072535e-18,1.0258182457863712,0.8451014248541847,1.0809571309918702e-18,0.013540036404796068,0.9981015157889548,1.2523712614977216e-19,-0.06159029290230849,4.47780480700371e-20
1.826,1.8455447082985996,-2.9579386010185885e-18,1.0258453059927537,0.842501134307912,1.0756865661609543e-18,0.013520058076931473,0.9980930020539763,1.2022532331246724e-19,-0.06172810746234295,4.2542433452733466e-20
1.828,1.8472271063450334,-2.955792147146353e-18,1.0258723252890591,0.8398960217008489,1.0707288505286272e-18,0.013499127543897463,0.9980845806516349,1.2063301611917807e-19,-0.061864124219545125,4.167668640471208e-20
1.83,1.8489042894040302,-2.953656019691662e-18,1.0258993017791918,0.8372861586105352,1.065324064547703e-18,0.01347725312180893,0.9980762517063566,1.2646816394916635e-19,-0.06199835304095141,4.183627872289944e-20
1.832,1.850576248045853,-2.9515304971649797e-18,1.0259262335837196,0.8346716162009972,1.0601240191216604e-18,0.01345444315821309,0.9980680153282405,1.3222512819453308e-19,-0.06213080378321185,4.302246284651108e-20
1.834,1.8522429729826804,-2.9494159650651837e-18,1.0259531188399358,0.8320524652234045,1.0545865850181007e-18,0.013430706030479913,0.9980598716132592,1.16096223892072e-19,-0.062261486292293874,4.215781235243552e-20
1.836,1.8539044550677808,-2.94731100186529e-18,1.0259799557019167,0.8294287760167403,1.050446234197886e-18,0.01340605014421287,0.9980518206434587,9.995033798505443e-20,-0.06239041040318883,4.3008169401840506e-20
1.838,1.8555606852946889,-2.9452146976973295e-18,1.0260067423405768,0.8268006185084821,1.045854937046421e-18,0.013380483931679909,0.9980438624871569,1.0026258290944461e-19,-0.0625175859396214,4.5227244030454675e-20
1.84,1.8572116547963835,-2.943126833555727e-18,1.02603347694372,0.8241680622152944,1.0421145067618839e-18,0.013354015850264586,0.9980359971991413,7.88357655693009e-20,-0.06264302271376179,4.367659097968419e-20
1.842,1.8588573548444667,-2.9410460365203505e-18,1.0260601577160895,0.8215311762437324,1.0386787930265107e-18,0.013326654380937185,0.998028224820864,7.951767350830162e-20,-0.06276673052594081,4.179754611703295e-20
1.844,1.8604977768483442,-2.9389721325442808e-18,1.0260867828794118,0.8188900292909576,1.0352214716932053e-18,0.013298408026745815,0.9980205453806381,8.02176144221809e-20,-0.06288871916436763,3.958178320727181e-20
1.846,1.862132912354407,-2.9369051646857684e-18,1.026113350672441,0.8162446896454636,1.031742702996418e-18,0.013269285311327348,0.9980129588938303,8.095686545645035e-20,-0.06300899840485041,3.668810294445688e-20
1.848,1.8637627530452152,-2.934845175673135e-18,1.026139859350997,0.8135952251878134,1.0282426519516062e-18,0.013239294777438074,0.9980054653630542,8.167079886346944e-20,-0.06312757801051967,3.4143255155781916e-20
1.85,1.8653872907386828,-2.932792207909936e-18,1.0261663071880038,0.8109417033913866,1.0247214786019098e-18,0.013208444985504055,0.9979980647783607,8.238112776850505e-20,-0.06324446773155436,3.1604436504444684e-20
1.852,1.8670065173872639,-2.930746303484533e-18,1.0261926924735223,0.8082841913231381,1.0211793391792502e-18,0.013176744512190945,0.9979907571174286,8.302289312800746e-20,-0.06335967730491074,3.0097155171157605e-20
1.854,1.868620425077141,-2.928707504184804e-18,1.0262190135147817,0.8056227556443665,1.017616374330051e-18,0.013144201948993304,0.997983542345753,8.363980224008184e-20,-0.06347321645405395,2.8935841937372905e-20
1.856,1.8702290060274138,-2.926675851529827e-18,1.0262452686362078,0.8029574626114926,1.0140327161406104e-18,0.013110825900843235,0.9979764204168337,8.427537587562072e-20,-0.0635850948886923,2.743532657976697e-20
1.858,1.8718322525892912,-2.9246513867710057e-18,1.0262714561794486,0.8002883780768485,1.0104285001893335e-18,0.01307662498473825,0.9979693912723601,8.492954606929303e-20,-0.06369532230451419,2.5596411727923625e-20
1.86,1.8734301572452827,-2.922634150885852e-18,1.0262975745033969,0.7976155674894759,1.0068038657543676e-18,0.013041607828388244,0.9979624548423973,8.562407378873524e-20,-0.06380390838292789,2.30779326591805e-20
1.862,1.8750227126083938,-2.9206241845625656e-18,1.0263236219842105,0.7949390958959348,1.0031589618420033e-18,0.013005783068881524,0.9979556110455695,8.627141836580552e-20,-0.06391086279080373,2.1248946765099488e-20
1.864,1.8766099114213213,-2.918621528201041e-18,1.0263495970153294,0.7922590279411211,9.994939253477227e-19,0.012969159351369696,0.9979488597892425,8.689376586562687e-20,-0.0640161951802192,1.976627698010639e-20
1.866,1.8781917465556506,-2.9166262219346604e-18,1.0263754980074908,0.7895754278690944,9.958088873690902e-19,0.0129317453277714,0.9979422009697045,8.749108214396686e-20,-0.0641199151882065,1.8629096490697455e-20
1.868,1.8797682110110552,-2.914638305642413e-18,1.0264013233887417,0.7868883595239141,9.921039710059096e-19,0.012893549655494689,0.9979356344723469,8.808555309566214e-20,-0.06422203243650285,1.749464008458655e-20
1.87,1.8813392979144974,-2.9126578189565756e-18,1.0264270716044481,0.7841978863504855,9.883793026192216e-19,0.012854580996178037,0.9979291601718422,8.876498018241264e-20,-0.06432255653130332,1.4995070313768165e-20
1.872,1.882905000519431,-2.910684801242963e-18,1.0264527411173023,0.7815040713954146,9.846350209045303e-19,0.012814848014449758,0.9979227779323212,8.944111039234863e-20,-0.06442149706301632,1.2501030605996804e-20
1.874,1.8844653122050055,-2.908719291587798e-18,1.026478330407328,0.7788069773078711,9.808712675929503e-19,0.012774359376705804,0.9979164876075497,9.013595265635127e-20,-0.06451886360602166,9.67096044761309e-21
1.8760000000000001,1.886020226475272,-2.9067613287897465e-18,1.026503837971882,0.7761066663404614,9.770881880129467e-19,0.012733123749905808,0.9979102890411025,9.084941732657652e-20,-0.06461466571843118,6.5056534426738434e-21
1.8780000000000001,1.8875697369583908,-2.904810951352833e-18,1.026529262325655,0.773403200350109,9.732859303696543e-19,0.012691149800387231,0.9979041820665375,9.155937447080391e-20,-0.06470891294185196,3.3478531628859945e-21
1.8800000000000001,1.8891138374058414,-2.9028681974864554e-18,1.0265546020006684,0.7706966407989435,9.694646410807923e-19,0.012648446192697534,0.9978981665075674,9.226585508955658e-20,-0.06480161480115208,1.9754327980794795e-22
1.8820000000000001,1.8906525216916334,-2.900933105108759e-18,1.02657985554627,0.7679870487551984,9.65624465604487e-19,0.012605021588444223,0.9978922421782302,9.301326867999293e-20,-0.06489278080422886,-3.629176964361629e-21
1.8840000000000001,1.89218578381152,-2.8990057118418744e-18,1.0266050215291267,0.7652744848941165,9.61765554880349e-19,0.0125608846451627,0.9978864088830598,9.375703433819659e-20,-0.06498242044177968,-7.44723360426471e-21
1.8860000000000001,1.893713617882212,-2.897086055005172e-18,1.0266300985332157,0.7625590094988639,9.578880600862097e-19,0.012516044015201731,0.9978806664172527,9.449719104452095e-20,-0.06507054318707534,-1.1256238262225706e-20
1.8880000000000001,1.895236018140596,-2.8951741716175976e-18,1.0266550851598126,0.7598406824614509,9.539921294711129e-19,0.01247050834462647,0.9978750145668359,9.521150161859922e-20,-0.06515715849573583,-1.4714680852163314e-20
1.8900000000000001,1.896752978942952,-2.8932700984084734e-18,1.0266799800274777,0.7571195632836615,9.500779042490577e-19,0.012424286272138917,0.9978694531088319,9.594473760776868e-20,-0.06524227580550863,-1.8506848264955922e-20
1.8920000000000001,1.898264494764174,-2.8913738718243543e-18,1.0267047817720407,0.7543957110779903,9.462537702742443e-19,0.012377386428015658,0.9978639818114232,8.548691760334819e-20,-0.06532590453604951,-1.9243749314796846e-20
1.8940000000000001,1.8997705601969928,-2.889484806799973e-18,1.0267294890465823,0.7516691845685867,9.42843851000498e-19,0.012329817433062771,0.9978586004341148,9.137961825232365e-20,-0.0654080540887057,-1.719223066581445e-20
1.8960000000000001,1.9012711699511995,-2.8876030874325996e-18,1.0267541005214145,0.7489400420922063,9.388722140467378e-19,0.012281587897587829,0.997853308727896,9.170624893404641e-20,-0.06548873384630162,-1.4479200621654525e-20
1.8980000000000001,1.9027663188528727,-2.8857288962924848e-18,1.0267786148840583,0.7462083415991705,9.354238754069046e-19,0.012232706420388803,0.9978481064354005,8.649344244920839e-20,-0.06556795317292695,-1.1105383497114317e-20
1.9000000000000001,1.9042560018436057,-2.8838619106890955e-18,1.0268030308392202,0.7434741406543314,9.314139505229815e-19,0.0121831815877598,0.9978429932910652,1.0881629545475107e-19,-0.06564572141372718,-8.334312205550569e-21
1.9020000000000001,1.9057402139797368,-2.8820038293440523e-18,1.0268273471087659,0.7407374964380457,9.26520316624138e-19,0.012133021972513496,0.9978379690212879,1.3101083344501622e-19,-0.06572204789469652,-5.2312312402670714e-21
1.9040000000000001,1.9072189504315815,-2.8801561988206374e-18,1.026851562431692,0.7379984657471539,9.211803054211671e-19,0.012082236133020103,0.9978330333445832,1.204783551208908e-19,-0.06579694192247322,-7.378058512284933e-21
1.9060000000000001,1.9086922064826664,-2.8783183932771765e-18,1.0268756755640973,0.7352571049959673,9.168032446810406e-19,0.012030832612262858,0.9978281859717376,9.90993118631183e-20,-0.06587041278413736,-1.0923325235338656e-20
1.9080000000000001,1.9101599775289648,-2.876488852186599e-18,1.0268996852791497,0.7325134702172608,9.12734785082786e-19,0.011978819936909755,0.997823426605963,9.95465557181586e-20,-0.06594246974701082,-1.06183179302982e-20
1.9100000000000001,1.9116222590781353,-2.8746674654911475e-18,1.0269235903670533,0.7297676170632725,9.086488633462645e-19,0.0119262066164015,0.9978187549430487,9.999168622501825e-20,-0.06601312205845979,-1.0313980928418459e-20
1.9120000000000001,1.9130790467487608,-2.872854268029029e-18,1.0269473896350134,0.7270196008067105,9.045455654905267e-19,0.011873001142055592,0.9978141706715125,1.0043471224493324e-19,-0.06608237894569952,-1.0010312476537597e-20
1.9140000000000001,1.9145303362695911,-2.8710492944667363e-18,1.0269710819071989,0.724269476341764,9.00424977670822e-19,0.011819211986186278,0.9978096734727494,1.0089826323440991e-19,-0.06615024961560147,-1.0049224800206332e-20
1.9160000000000001,1.9159761234787869,-2.869252579295113e-18,1.0269946660247034,0.7215172981851229,8.962871887577694e-19,0.011764847601240375,0.9978052630211811,1.0138229519776968e-19,-0.0662167432545027,-1.0429905651408464e-20
1.9180000000000001,1.9174164043231654,-2.8674641568257e-18,1.0270181408455048,0.7187631204770017,8.92132291841349e-19,0.011709916418948777,0.9978009389844017,1.0195469696828722e-19,-0.06628186902801768,-1.2176874923990852e-20
1.92,1.9188511748574488,-2.865684061170305e-18,1.0270415052444233,0.7160069969821704,8.879603925640506e-19,0.011654426849493565,0.9977967010233237,1.0259249676844e-19,-0.06634563608085225,-1.494539657521657e-20
1.922,1.9202804312435144,-2.863912326220468e-18,1.027064758113077,0.7132489810909903,8.837716046187569e-19,0.011598387280690525,0.9977925487923222,1.032273485789677e-19,-0.06640805353662003,-1.7706922195298985e-20
1.924,1.9217041697496466,-2.8621489856402254e-18,1.0270878983598364,0.7104891258204566,8.795660417637446e-19,0.011541806077187019,0.9977884819393767,1.0390476710560275e-19,-0.06646913049766096,-2.114527876357488e-20
1.926,1.923122386749791,-2.8603940728614266e-18,1.0271109249097776,0.7077274838152456,8.753438234733627e-19,0.011484691579675025,0.9977845001062146,1.0464739795324607e-19,-0.06652887604486214,-2.560158174180103e-20
1.928,1.9245350787228117,-2.858647729294019e-18,1.0271338367046334,0.7049641073487681,8.71105070909861e-19,0.011427052104119265,0.997780602928449,1.1056097620871563e-19,-0.06658729923748101,-2.5238218562651806e-20
1.93,1.925942242251749,-2.8569099517549884e-18,1.027156632702743,0.7021990483242277,8.668500391246089e-19,0.011368895941000292,0.9977767900357193,9.44640185112572e-20,-0.0666444091129706,-2.4626010005905088e-20
1.932,1.92734387402308,-2.855179943032617e-18,1.0271793118790007,0.6994323582756852,8.63119224815784e-19,0.011310231354572367,0.9977730610518278,1.1150674749968497e-19,-0.06670021468680719,-2.5238445749147887e-20
1.934,1.928739970825982,-2.8534587150093978e-18,1.027201873224802,0.6966640883691271,8.579615650894336e-19,0.011251066582136019,0.9977694155948763,1.2841328188104047e-19,-0.06675472495231997,-2.4826241048742523e-20
1.936,1.9301305295515971,-2.8517477438576626e-18,1.0272243157479897,0.6938942894035401,8.527908220482456e-19,0.01119140983332521,0.9977658532774001,1.4520389659718755e-19,-0.06680794888052308,-2.4076106186033587e-20
1.938,1.9315155471922996,-2.850048426171818e-18,1.0272466384727976,0.6911230118119903,8.463086251763948e-19,0.011131269289408887,0.9977623737065024,1.563989532411779e-19,-0.06685989541994979,-2.3013947267055148e-20
1.94,1.932895020840964,-2.8483618633179258e-18,1.027268840439793,0.6883503056627072,8.402529460022499e-19,0.01107065310260688,0.9977589764839863,1.675379192721172e-19,-0.0669105734964888,-2.2299538553041813e-20
1.942,1.9342689476902386,-2.8466883567819566e-18,1.0272909207058178,0.6855762206601724,8.333247986475348e-19,0.011009569395419954,0.997755661206485,1.567199997201696e-19,-0.06695999201322271,-2.2714286498213664e-20
1.944,1.9356373250318168,-2.8450273025290098e-18,1.027312878343929,0.682800806146214,8.279085370355644e-19,0.010948026259973959,0.9977524274655921,1.349440280376203e-19,-0.06700815985026874,-2.28347008058692e-20
1.946,1.9370001502557146,-2.843377306717468e-18,1.0273347124433363,0.6800241111011037,8.219411232540211e-19,0.010886031757377854,0.9977492748479895,1.5168781809445657e-19,-0.06705508586462149,-2.2431792610813252e-20
1.948,1.9383574208495473,-2.841739470459459e-18,1.0273564221093408,0.6772461841446608,8.158576336535259e-19,0.010823593917095578,0.9977462029355743,1.6294085559809673e-19,-0.06710077888999784,-2.3082478417187363e-20
1.95,1.939709134397811,-2.8401145658564794e-18,1.0273780064632696,0.6744670735373584,8.090099034288357e-19,0.010760720736331565,0.9977432113055844,1.630723892613371e-19,-0.06714524773668405,-2.2760417420554838e-20
1.952,1.941055288581164,-2.8385028552332946e-18,1.0273994646424118,0.6716868271814355,8.025913482674155e-19,0.010697420179429833,0.9977402995307225,1.7421558087590965e-19,-0.06718850119138485,-2.2384332133177778e-20
1.954,1.9423958811757118,-2.836905178911813e-18,1.027420795799952,0.6689054926220127,7.950840719444186e-19,0.010633700177286464,0.9977374671792798,1.7977979804641888e-19,-0.06723054801707466,-2.1352954884445703e-20
1.956,1.9437309100522941,-2.835321905563533e-18,1.027441999104902,0.6661231170482123,7.882246178603607e-19,0.010569568626775416,0.9977347138152569,1.8527156062472748e-19,-0.06727139695285096,-1.9640942582740022e-20
1.958,1.9450603731757736,-2.833753401575667e-18,1.0274630737420332,0.6633397472942821,7.802788159170873e-19,0.010505033390187445,0.9977320389984847,1.9627642290985919e-19,-0.06731105671378969,-1.8589697474169267e-20
1.96,1.9463842686043278,-2.83220035571019e-18,1.0274840189118066,0.6605554298407239,7.726585495936589e-19,0.010440102294682155,0.997729442284743,2.0724208772498904e-19,-0.06734953599080265,-1.7542430469495124e-20
1.962,1.9477025944887423,-2.8306638141271554e-18,1.0275048338303017,0.657770210815425,7.636306053742649e-19,0.010374783131752875,0.9977269232258789,2.236489153401945e-19,-0.06738684345049702,-1.6471001492412252e-20
1.964,1.9490153490717066,-2.829145395651241e-18,1.027525517729145,0.6549841359947941,7.548244976852507e-19,0.010309083656704372,0.9977244813699229,2.3997796590634483e-19,-0.06742298773503688,-1.5404091847805243e-20
1.966,1.950322530687113,-2.827645811162065e-18,1.0275460698554366,0.6521972508049013,7.447249935684578e-19,0.010243011588143235,0.9977221162612042,2.562065307550774e-19,-0.06745797746200684,-1.400018711852001e-20
1.968,1.9516241377593564,-2.826166197845218e-18,1.0275664894716774,0.6494096003226206,7.350704048290059e-19,0.010176574607480766,0.9977198274404647,2.2854835592038197e-19,-0.0674918212242775,-1.5220563340651683e-20
1.97,1.952920168802637,-2.824704800930913e-18,1.0275867758556927,0.6466212292767772,7.26507724997253e-19,0.010109780358448292,0.9977176144449715,2.0102122708773613e-19,-0.06752452758987314,-1.6432968817649717e-20
1.972,1.9542106224202656,-2.8232594420188024e-18,1.0276069283005576,0.6438321820492976,7.190315409105525e-19,0.010042636446624788,0.9977154768086288,1.7362452287967956e-19,-0.06755610510184118,-1.7637471742845164e-20
1.974,1.955495497303971,-2.8218279535083112e-18,1.0276269461145195,0.6410425026763631,7.126364657169401e-19,0.009975150438976633,0.9977134140620871,1.4635765207922664e-19,-0.06758656227812383,-1.8834544885502408e-20
1.976,1.9567747922332102,-2.8204081785462852e-18,1.0276468286209213,0.6382522348495671,7.073171388357063e-19,0.009907329863409406,0.9977114257328533,1.1921997146669965e-19,-0.06761590761143155,-2.002384905041159e-20
1.978,1.9580485060744788,-2.8189981873654886e-18,1.0276665751581215,0.6354614219170752,7.0263544576076435e-19,0.009839182208331604,0.9977095113453972,1.1974634299236014e-19,-0.06764414956911849,-2.2086923190306725e-20
1.98,1.9593166377806268,-2.8175977910824907e-18,1.0276861850794161,0.6326701068847888,6.978303634556322e-19,0.009770714922230155,0.9977076704212585,1.0941279174912412e-19,-0.06767129659306,-2.5910727526566603e-20
1.982,1.9605791863901747,-2.816206370047284e-18,1.0277056577529573,0.6298783324175113,6.934434824831419e-19,0.009701935413257574,0.9977059024791519,1.263627931781477e-19,-0.06769735709953192,-2.6159219996521215e-20
1.984,1.9618361510266324,-2.8148251107114153e-18,1.0277249925616732,0.6270861408401185,6.877413215503417e-19,0.009632851048830679,0.9977042070350707,1.4334855975495052e-19,-0.06772233947909191,-2.811909022460283e-20
1.986,1.9630875308978208,-2.81345494133109e-18,1.0277441889031858,0.6242935741387301,6.824623298089112e-19,0.009563469155240702,0.9977025836023895,1.327984050147805e-19,-0.06774625209646258,-3.056672698992465e-20
1.988,1.964333325295195,-2.8120955934698223e-18,1.0277632461897277,0.6215006739618858,6.767392371693223e-19,0.009493797017274727,0.997701031691966,1.5494304822613973e-19,-0.06776910329041662,-2.838633168717418e-20
1.99,1.9655735335931712,-2.810748566971446e-18,1.0277821638480598,0.6187074816217236,6.701416609458656e-19,0.009423841877848263,0.9976995508122406,1.7702909361575773e-19,-0.06779090137366382,-2.689826833657555e-20
1.992,1.9668081552484535,-2.809415606461852e-18,1.0278009413193863,0.6159140380951603,6.626739392325558e-19,0.009353610937648903,0.9976981404693358,1.990104681153822e-19,-0.06781165463273989,-2.541711274697151e-20
1.994,1.9680371897993665,-2.808098447911344e-18,1.02781957805927,0.6131203840250757,6.543403898792012e-19,0.009283111354790857,0.9976968001671538,2.208644164523691e-19,-0.0678313713278972,-2.3600940292683014e-20
1.996,1.969260636865187,-2.8067988186752127e-18,1.0278380735375479,0.6103265597214985,6.451453091107833e-19,0.00921235024448036,0.9976955294074727,2.425915328145642e-19,-0.06785005969299741,-2.1450912836038737e-20
1.998,1.9704784961454802,-2.805518437538371e-18,1.0278564272382433,0.607532605162795,6.350929712838585e-19,0.009141334678691704,0.9976943276900427,2.6419234488053526e-19,-0.06786772793540592,-1.896738009246082e-20
2.0,1.9716907674194375,-2.8042590147586613e-18,1.0278746386594804,0.6047385599968605,6.2418762959005265e-19,0.009070071685853873,0.9976931945126793,2.8569061449856644e-19,-0.06788438423588809,-1.6492563976285658e-20
2.0020000000000002,1.9728974505452164,-2.8030222521075794e-18,1.027892707313396,0.6019444635423135,6.124335170399989e-19,0.008998568250547602,0.9976921293713567,3.0708685110774997e-19,-0.0679000367485074,-1.4026814194511396e-20
2.004,1.9740985454592834,-2.801809842910839e-18,1.0279106327260528,0.5991503547896901,5.998348464595004e-19,0.00892683131321275,0.9976911317602996,3.28358267618351e-19,-0.06791469360052539,-1.1228204192296045e-20
2.0060000000000002,1.9752940521757594,-2.8006232557254105e-18,1.027928414437349,0.5963562724026441,5.867203557642308e-19,0.008854867769865925,0.9976902011720733,3.2234193488278355e-19,-0.06792836289230332,-1.2694191654345152e-20
2.008,1.9764839707857662,-2.7994623650070695e-18,1.027946052000931,0.593562254719146,5.74174249411686e-19,0.008782684471828117,0.9976893370976739,3.1633104188840726e-19,-0.06794105269720575,-1.3814358982077577e-20
2.0100000000000002,1.977668301456777,-2.798326722104595e-18,1.027963544984102,0.5907683397526862,5.614362902077324e-19,0.008710288225462378,0.9976885390266159,3.2121873766863925e-19,-0.06795277106150584,-1.3159595101215157e-20
2.012,1.978847044431969,-2.7972163492539554e-18,1.0279808929677337,0.5879745651934792,5.490485041924008e-19,0.008637685791921288,0.9976878064470192,3.043562131980307e-19,-0.0679635260042924,-1.604703051868708e-20
2.0140000000000002,1.9800202000295768,-2.7961302951587354e-18,1.0279980955461738,0.5851809684096708,5.37008824843366e-19,0.008564883886904193,0.9976871388456952,3.0929052983680346e-19,-0.06797332551737875,-1.5041456541308207e-20
2.016,1.9811877686422508,-2.7950686956260724e-18,1.0280151523271566,0.582387586448546,5.245579521050958e-19,0.008491889180424017,0.9976865357082317,3.0876774327023084e-19,-0.06798217756521337,-1.4752436865703273e-20
2.0180000000000002,1.982349750736416,-2.7940316141894437e-18,1.0280320629317097,0.5795944560377398,5.124546541712305e-19,0.008418708296583609,0.9976859965190764,3.137638700864133e-19,-0.06799009008479209,-1.4774757617370704e-20
2.02,1.9835061468516342,-2.7930195108587376e-18,1.028048826994063,0.5768016135864493,4.996161456067699e-19,0.008345347813361449,0.9976855207616194,3.241234325440889e-19,-0.06799707098557231,-1.3400057427767895e-20
2.0220000000000002,1.9846569575999675,-2.7920328068837997e-18,1.0280654441615567,0.5740090951866478,4.872358290829231e-19,0.008271814262406637,0.9976851079182742,3.0172058741056885e-19,-0.06800312814938869,-1.5633389475115887e-20
2.024,1.9858021836653468,-2.791069974383567e-18,1.028081914094547,0.5712169366143002,4.757439678845161e-19,0.008198114128843003,0.9976847574705583,2.794939703098468e-19,-0.06800826943037071,-1.888313318517771e-20
2.0260000000000002,1.986941825802939,-2.7901293490169775e-18,1.0280982364663138,0.5684251733305807,4.648116497205256e-19,0.008124253851082279,0.9976844688991722,2.8465256569667057e-19,-0.06801250265486178,-1.923180968492959e-20
2.028,1.9880758848385203,-2.789211041018997e-18,1.0281144109629672,0.5656338404830915,4.536792463382495e-19,0.008050239820646163,0.997684241684077,2.568846290944619e-19,-0.06801583562134023,-2.0792816477109064e-20
2.0300000000000002,1.989204361667849,-2.7883131044755803e-18,1.0281304372833533,0.5628429729070832,4.445115259561425e-19,0.007976078381997233,0.9976840753045718,2.292120551329127e-19,-0.06801827610034177,-2.2004832855697555e-20
2.032,1.990327257256043,-2.7874333498831564e-18,1.0281463151389596,0.5600526051266767,4.352440316909587e-19,0.007901775832378501,0.9976839692393693,2.2918310382613014e-19,-0.06801983183438379,-2.3736995235899036e-20
2.0340000000000003,1.9914445726369583,-2.7865716888697408e-18,1.0281620442538209,0.5572627713560866,4.2641794196129553e-19,0.00782733842166161,0.9976839229666705,2.291778907820706e-19,-0.06802051053789125,-2.5806695688083704e-20
2.036,1.9925563089125702,-2.7857278898215927e-18,1.028177624364424,0.5544735055008457,4.1749023040849087e-19,0.00775277235220346,0.997683935964238,2.0166050457283579e-19,-0.06802031989712418,-2.734323840376855e-20
2.0380000000000003,1.9936624672523575,-2.784900099506736e-18,1.0281930552196135,0.551684841159031,4.106247701225543e-19,0.007678083778711185,0.9976840077094687,1.5785097498471284e-19,-0.06801926757010683,-2.999199684979517e-20
2.04,1.994763048892689,-2.784085067950202e-18,1.0282083365804948,0.548896811622491,4.044056841605981e-19,0.007603278808115428,0.9976841376794654,1.5801855664352836e-19,-0.06801736118655857,-2.998705198160147e-20
2.0420000000000003,1.9958580551362117,-2.7832824798824843e-18,1.0282234682203397,0.5461094498780739,3.981812860780574e-19,0.007528363499451671,0.9976843253511067,1.5816209141858563e-19,-0.06801460834782623,-2.964054835111377e-20
2.044,1.9969474873512425,-2.7824923458984525e-18,1.0282384499244899,0.5433227886088567,3.919516052766093e-19,0.0074533438637496945,0.9976845702011171,1.5828163528145618e-19,-0.06801101662681812,-2.895329637660589e-20
2.0460000000000003,1.9980313469711617,-2.7817146765340627e-18,1.0282532814902612,0.5405368601953771,3.857166712216053e-19,0.007378225863930885,0.9976848717061346,1.5840052399651215e-19,-0.06800659356793974,-2.826756720735248e-20
2.048,1.999109635493809,-2.7809494822663233e-18,1.028267962726847,0.5377516967168633,3.7947651353389736e-19,0.007303015414713375,0.9976852293427779,1.584488702010667e-19,-0.06800134668703088,-2.6558159237790227e-20
2.05,2.0001823544808826,-2.7801967735121766e-18,1.0282824934552217,0.5349673299524682,3.732311626787697e-19,0.007227718382524887,0.9976856425877132,1.584501072214434e-19,-0.06799528347130447,-2.416896328749122e-20
2.052,2.0012495055573396,-2.779456560626773e-18,1.0282968735080442,0.5321837913825018,3.66980649974834e-19,0.007152340585423176,0.9976861109177185,1.5842764214463234e-19,-0.06798841137928692,-2.1443460089786598e-20
2.054,2.0023110904108004,-2.7787288539020084e-18,1.0283111027295613,0.5294011121896662,3.607250071971361e-19,0.00707688779302393,0.9976866338097484,1.5847466473112086e-19,-0.06798073784076002,-1.9749111326298322e-20
2.056,2.0033671107909536,-2.7780136635668776e-18,1.0283251809755105,0.5266193232602906,3.544642653002686e-19,0.007001365726436129,0.9976872107409971,1.5859104884780588e-19,-0.06797227025670442,-1.9083877939309854e-20
2.058,2.004417568508966,-2.777310999789361e-18,1.0283391081130226,0.523838455185567,3.481984545596006e-19,0.006925780058204605,0.99768784118896,1.5863692687543041e-19,-0.0679630159992446,-1.7394918740160158e-20
2.06,2.0054624654368913,-2.776620872676117e-18,1.0283528840205254,0.5210585382627876,3.419276062827155e-19,0.0068501364122598085,0.9976885246314956,1.586357119139313e-19,-0.06795298241159539,-1.502612603365435e-20
2.062,2.0065018035070867,-2.775943292269846e-18,1.0283665085876452,0.5182796024965813,3.356517529030496e-19,0.006774440363874645,0.997689260546885,1.5865734637647906e-19,-0.06794217680801003,-1.3004314693253272e-20
2.064,2.0075355847116256,-2.77527826854836e-18,1.0283799817151107,0.5155016776001525,3.293709267275467e-19,0.006698697439628291,0.9976900484138912,1.587018046629356e-19,-0.06793060647372967,-1.1329068088555793e-20
2.066,2.0085638111017183,-2.7746258114252857e-18,1.028393303314655,0.5127247929965192,3.230851595837935e-19,0.006622913117376835,0.9976908877118171,1.588156208553723e-19,-0.06791827866493447,-1.06837100133642e-20
2.068,2.009586484787132,-2.7739859307522254e-18,1.028406473308918,0.5099489778197522,3.167944813806599e-19,0.0065470928262307115,0.9976917779205631,1.5897540678307215e-19,-0.06790520060869605,-1.0724333505751982e-20
2.07,2.010603607935613,-2.773358636322611e-18,1.028419491631349,0.507174260916215,3.1049892087886245e-19,0.006471241946538797,0.9976927185206829,1.5911123582859552e-19,-0.0678913795029316,-1.0423702629868752e-20
2.072,2.011615182772315,-2.772743937871791e-18,1.0284323582261092,0.5044006708458032,3.0419850757286603e-19,0.006395365809879054,0.9976937089934387,1.5922315121016554e-19,-0.06787682251635924,-9.782627940274999e-21
2.074,2.0126212115792255,-2.7721418450755286e-18,1.0284450730479746,0.5016282358831857,2.9789327107027173e-19,0.006319469699055613,0.997694748820856,1.5938095164521373e-19,-0.06786153678845502,-9.826718817566135e-21
2.076,2.013621696694597,-2.7715523675517513e-18,1.0284576360622373,0.49885698401904505,2.915832396453461e-19,0.006243558848102272,0.9976958374857764,1.595380281285495e-19,-0.06784552942941129,-9.870608420311592e-21
2.078,2.0146166405123807,-2.770975514862218e-18,1.0284700472446093,0.4960869429613185,2.852684412083345e-19,0.006167638442292217,0.9976969744719102,1.5971763261079476e-19,-0.06782880752009648,-1.0256169688715697e-20
2.08,2.015606045481662,-2.7704112965141265e-18,1.0284823065811242,0.49331814013643954,2.789489025128951e-19,0.006091713618153896,0.9976981592638882,1.5994296796208073e-19,-0.06781137811201643,-1.1324464787168604e-20
2.082,2.0165899141060986,-2.769859721962496e-18,1.0284944140680399,0.49055060269057943,2.726246487799719e-19,0.0060157894634929885,0.9976993913473118,1.6019069295754882e-19,-0.06779324822727698,-1.2732003201365214e-20
2.084,2.0175682489433613,-2.769320800613501e-18,1.0285063697117411,0.48778435749088883,2.662957035248379e-19,0.005939871017420341,0.997700670208803,1.6046077775859376e-19,-0.06777442485854802,-1.4477979952339676e-20
2.086,2.0185410526045775,-2.7687945418278213e-18,1.0285181735286424,0.48501943112673984,2.5996208909259866e-19,0.005863963270385757,0.997701995336053,1.607299165686842e-19,-0.06775491496902906,-1.621931493688694e-20
2.088,2.019508327753776,-2.7682809549218472e-18,1.02852982554509,0.48225584991096776,2.5362382729689537e-19,0.005788071164217578,0.9977033662178698,1.6097489965263123e-19,-0.06773472549241602,-1.7614145558970793e-20
2.09,2.0204700771073365,-2.7677800491680237e-18,1.028541325797266,0.47949363988111315,2.4728094049409897e-19,0.005712199592167933,0.9977047823442259,1.6121901942633768e-19,-0.06771386333286952,-1.900557370279919e-20
2.092,2.0214263034334388,-2.767291833794165e-18,1.0285526743310898,0.476732826800664,2.409334509218445e-19,0.005636353398963616,0.9977062432063037,1.6148553999354038e-19,-0.06769233536498448,-2.0736293199410302e-20
2.094,2.0223770095515174,-2.766816317984652e-18,1.0285638712021221,0.4739734361602974,2.3458137963771767e-19,0.0055605373808624145,0.9977077482965412,1.6172800148735225e-19,-0.06767014843376107,-2.2121343654483448e-20
2.096,2.023322198331716,-2.7663535108813626e-18,1.0285749164754676,0.47121549317912176,2.2822474818700194e-19,0.005484756285714865,0.9977092971086757,1.6196958296731545e-19,-0.0676473093545771,-2.3502611493771405e-20
2.098,2.0242618726943458,-2.765903421583508e-18,1.0285858102256782,0.46845902280591817,2.2186357732099145e-19,0.005409014813031335,0.9977108891377882,1.6230304276450351e-19,-0.06762382491316167,-2.6247609956487318e-20
2.1,2.025196035609347,-2.7654660591531195e-18,1.0285965525366567,0.4657040497203823,2.1549788269517008e-19,0.005333317614054287,0.997712523880345,1.6272821800856223e-19,-0.06759970186557013,-3.035310350354135e-20
2.102,2.02612469009575,-2.7650412163312565e-18,1.0286071435015605,0.4629505983343658,2.0956026607926635e-19,0.005257669291835676,0.9977142008342403,1.301466885233741e-19,-0.06757494693816049,-3.393787587245715e-20
2.104,2.0270478392211437,-2.764626596012889e-18,1.0286175832227042,0.46019869279311726,2.0502209969500296e-19,0.005182074401319463,0.9977159194988368,1.1942498918078081e-19,-0.06754956682757103,-3.363460767412866e-20
2.106,2.0279654861011402,-2.7642214611795672e-18,1.028627871811465,0.4574483569765232,2.0025477784652728e-19,0.005106537449428991,0.9977176793750061,1.0331716567262924e-19,-0.06752356820069925,-3.4384440236965135e-20
2.108,2.0288776338988486,-2.763824394048142e-18,1.0286380093881855,0.4546996145003487,1.9688179680533564e-19,0.005031062895159224,0.9977194799651675,9.280199491771869e-20,-0.06749695769468216,-3.5442995056727175e-20
2.11,2.029784285824345,-2.7634346315545768e-18,1.0286479960820787,0.4519524887174774,1.9284166438653746e-19,0.004955655149673878,0.9977213207733269,9.879333474204906e-20,-0.06746974191687768,-3.607168386064679e-20
2.112,2.0306854451341505,-2.7630525680474653e-18,1.028657832031132,0.4492070027191516,1.892189571284764e-19,0.004880318576407053,0.9977232013051145,9.929948767646015e-20,-0.06744192744484769,-3.70700084973919e-20
2.114,2.0315811151307077,-2.7626783087654753e-18,1.028667517382012,0.44646317933621144,1.8503745216251284e-19,0.004805057491169618,0.9977251210678201,9.978041659682117e-20,-0.06741352082634179,-3.7724897510359247e-20
2.116,2.0324712991618616,-2.762311886589168e-18,1.0286770522899695,0.44372104114033384,1.8127372000841543e-19,0.004729876162260152,0.9977270795704343,1.1666953907741005e-19,-0.0673845285792831,-3.72686232606755e-20
2.118,2.0333560006203424,-2.7619545232805086e-18,1.028686436918745,0.4409806104452709,1.7587096743698085e-19,0.004654778810580108,0.9977290763236766,1.3887958175776156e-19,-0.06735495719175437,-3.542096197432866e-20
2.12,2.034235222943251,-2.7616079750204035e-18,1.0286956714404725,0.4382419093080878,1.7078388015312393e-19,0.004579769609753507,0.9977311108400347,1.3373609555673295e-19,-0.06732481312198606,-3.713783433663269e-20
2.122,2.0351089696115467,-2.7612717906519623e-18,1.0287047560355866,0.43550495953040014,1.6547086305859476e-19,0.00450485268625083,0.997733182633797,1.3411053848838863e-19,-0.06729410279834538,-3.8822071125997893e-20
2.124,2.0359772441495374,-2.7609457002310483e-18,1.028713690892728,0.43276978265961036,1.607979959772864e-19,0.004430032119517112,0.9977352912210855,1.0698433270754799e-19,-0.06726283261932658,-3.9953335866980063e-20
2.126,2.0368400501243733,-2.760627885658857e-18,1.0287224762086487,0.4300363999901441,1.5719416801961005e-19,0.004355311942104117,0.9977374361198885,7.994049148670384e-20,-0.06723100895354239,-4.039375712632198e-20
2.128,2.0376973911455405,-2.760316430426572e-18,1.0287311121881195,0.4273048325646853,1.5422153074113825e-19,0.004280696139806562,0.9977396168500915,8.600691080610917e-20,-0.06719863813971681,-4.100957682453919e-20
2.13,2.038549270864361,-2.7600115902795694e-18,1.0287395990438364,0.4245751011754109,1.5057926959822116e-19,0.004206188651802255,0.9977418329335083,9.20448514338524e-20,-0.06716572648667896,-4.1624834814035356e-20
2.132,2.0393956929734904,-2.7597138360322727e-18,1.0287479369963266,0.42184722636522465,1.4724395647403017e-19,0.004131793370796079,0.9977440838939108,9.25611642038978e-20,-0.06713228027335812,-4.226588266435667e-20
2.134,2.0402366612064227,-2.759423059621449e-18,1.028756126273857,0.4191212284289902,1.4356539990786441e-19,0.0040575141431678,0.9977463692570588,9.307521482601906e-20,-0.06709830574878013,-4.2904612100483406e-20
2.136,2.0410721793369944,-2.7591393689232893e-18,1.0287641671123404,0.41639712741476337,1.400861643492904e-19,0.003983354769123558,0.9977486885507282,9.905717979868296e-20,-0.06706380913206471,-4.3173974557818017e-20
2.138,2.0419022511788927,-2.758863304004038e-18,1.0287720597552448,0.4136749431250235,1.3593980592643652e-19,0.003909319002850958,0.9977510413047386,1.1048125618694981e-19,-0.06702879661242406,-4.3075895566164345e-20
2.14,2.0427268805851644,-2.758595474714069e-18,1.0287798044535,0.41095469511790406,1.3199507536839268e-19,0.003835410552677749,0.9977534270509812,9.43391797945866e-20,-0.06699327434916268,-4.2423613177338204e-20
2.142,2.04354607144773,-2.7583349015355243e-18,1.0287874014654066,0.40823640270842204,1.286831952158864e-19,0.0037616330812339374,0.9977558453234449,7.825027843141628e-20,-0.06695724847167818,-4.1428388734211485e-20
2.144,2.0443598276968977,-2.7580803218886235e-18,1.0287948510565457,0.40552008496970665,1.2600104620141442e-19,0.0036879902056173313,0.9977582956582416,6.228305794347246e-20,-0.06692072507946331,-4.111592294547864e-20
2.146,2.0451681533008808,-2.7578304794202327e-18,1.0288021534996865,0.4028057607342271,1.239455213307554e-19,0.0036144854975623587,0.9977607775936322,4.641418510309084e-20,-0.06688371024210917,-4.114353681354427e-20
2.148,2.0459710522653185,-2.7575841239781922e-18,1.0288093090746968,0.40009344859501883,1.2251352635303508e-19,0.003541122483612199,0.9977632906700508,3.059742351326192e-20,-0.06684620999930935,-4.082665791524078e-20
2.15,2.0467685286327972,-2.757340011583409e-18,1.0288163180684524,0.3973831669069096,1.2170198387781583e-19,0.0034679046452940226,0.9977658344301279,1.485532508173712e-20,-0.06680823036086543,-4.0508023860409616e-20
2.152,2.047560586482376,-2.7570969043956682e-18,1.028823180774747,0.39467493378774354,1.2150783070107853e-19,0.003394835419297383,0.9977684084187143,-7.895612946863367e-22,-0.06676977730669334,-4.052874221704257e-20
2.154,2.0483472299291132,-2.756853570687978e-18,1.0288298974942034,0.3919687671196046,1.2192801756062703e-19,0.0033219181976555955,0.9977710121829032,-1.6383386767603425e-20,-0.06673085678683097,-4.020505023468084e-20
2.156,2.0491284631235978,-2.756608784816474e-18,1.0288364685341838,0.3892646845500389,1.229595114640318e-19,0.003249156327930119,0.9977736452720518,-3.1880729789506636e-20,-0.06669147472144678,-4.022158232034608e-20
2.158,2.049904290251479,-2.7563613271881347e-18,1.028842894208701,0.3865627034932756,1.2459929296236667e-19,0.003176553113397773,0.9977763072378031,-4.735055193810093e-20,-0.06665163700084951,-3.9551450959636e-20
2.16,2.050674715533003,-2.7561102005022926e-18,1.0288491748383304,0.3838628411314469,1.2641181982947853e-19,0.0031041118132408307,0.9977789976341056,-3.5258397578174453e-20,-0.06661134948549899,-3.910479037297204e-20
2.162,2.0514397432225486,-2.7558562147608568e-18,1.0288553107501222,0.3811651144158065,1.2742268044098514e-19,0.003031835642739804,0.9977817160172343,-2.3223375293408228e-20,-0.06657061800601786,-3.8661109539401967e-20
2.164,2.052199377608168,-2.755600248182748e-18,1.0288613022775128,0.378469540067947,1.286093864518926e-19,0.0029597277734689513,0.9977844619458089,-3.32998213091786e-20,-0.06652944836320458,-3.72870607662036e-20
2.166,2.0529536230111276,-2.755341516119816e-18,1.0288671497602386,0.3757761345810157,1.3018785653020798e-19,0.002887791333494382,0.9977872349808139,-4.3328965050386794e-20,-0.06648784632804723,-3.5914726537372894e-20
2.168,2.053702483785452,-2.7550792369725952e-18,1.0288728535442486,0.3730849142209297,1.3215616369981238e-19,0.0028160294075747117,0.997790034685615,-5.3333802310297363e-20,-0.06644581764173851,-3.420261937200495e-20
2.17,2.054445964317473,-2.754812632984472e-18,1.0288784139816183,0.3703958950275889,1.345123923674034e-19,0.002744445037364185,0.9977928606259782,-6.329177699691547e-20,-0.06640336801569166,-3.2493058031941534e-20
2.172,2.0551840690253753,-2.7545409302200474e-18,1.0288838314304634,0.3677090928160881,1.372546355617706e-19,0.0026730412216182265,0.9977957123700856,-7.320306896120583e-20,-0.06636050313155743,-3.078604687806333e-20
2.174,2.0559168023587513,-2.754263574814242e-18,1.0288891062548546,0.36502452317792755,1.399484659106628e-19,0.0026018209164013367,0.9977985894885526,-5.0131179644448684e-20,-0.06631722864124213,-2.86089732143998e-20
2.176,2.056644168798153,-2.7539818899626383e-18,1.0288942388247322,0.362342201482222,1.4183702526443424e-19,0.0025307870352972712,0.9978014915544433,-5.428101210762824e-20,-0.06627355016692649,-3.167647090382616e-20
2.178,2.0573661728546506,-2.7536956789293644e-18,1.0288992295158212,0.35966214287690834,1.4433033247291562e-19,0.002459942449621442,0.9978044181432856,-4.7446672658699026e-20,-0.06622947330108568,-3.435123154524008e-20
2.18,2.0580828190693885,-2.753405718672746e-18,1.0289040787095476,0.35698436228995173,1.4558645160165626e-19,0.002389289988635491,0.997807368833086,-3.515068003026069e-20,-0.06618500360651028,-3.6999905539200994e-20
2.182,2.0587941120131488,-2.7531126756305256e-18,1.0289087867929532,0.3543088744305503,1.475576664895924e-19,0.0023188324397639243,0.9978103432043438,-5.03556311079931e-20,-0.06614014661632807,-4.0090878530918e-20
2.184,2.059500056285914,-2.7528157348805013e-18,1.0289133541586137,0.35163569379033804,1.4926741724267257e-19,0.002248572548812821,0.9978133408400647,-3.286860086653701e-20,-0.06609490783402704,-3.7920035772150455e-20
2.186,2.0602006565164337,-2.752516067871684e-18,1.028917781204555,0.3489648346445864,1.5028447516182316e-19,0.0021785130201905168,0.9978163613257737,-1.5487363751885173e-20,-0.06604929273347909,-3.5415205452444473e-20
2.188,2.0608959173617922,-2.752215056555196e-18,1.02892206833417,0.3462963110534041,1.5061227220124808e-19,0.002108656517130158,0.9978194042495274,1.8111320547751104e-21,-0.0660033067589649,-3.291866376803825e-20
2.19,2.0615858435069803,-2.751914076034228e-18,1.0289262159561379,0.3436301368629353,1.502542238252348e-19,0.002039005661914152,0.9978224692019264,1.9049952412007902e-20,-0.06595695532519956,-3.077268526282674e-20
2.192,2.0622704396644673,-2.751614494599448e-18,1.028930224484341,0.34096632570655644,1.4921372846526317e-19,0.0019695630361004027,0.9978255557761266,3.6184236427623367e-20,-0.06591024381735926,-2.829339914112749e-20
2.194,2.062949710573779,-2.7513176737583384e-18,1.0289340943377845,0.3383048910060707,1.4749416984294339e-19,0.001900331180750297,0.9978286635678502,5.32369718925033e-20,-0.06586317759110877,-2.5822677622605265e-20
2.196,2.0636236610010728,-2.751024968266885e-18,1.0289378259405155,0.3356458459729015,1.4509891627353548e-19,0.0018313125966583348,0.9978317921753956,7.016339006153807e-20,-0.06581576197262999,-2.2676644300227458e-20
2.198,2.06429229573872,-2.75073772615667e-18,1.0289414197215425,0.33298920360928375,1.4203132418469978e-19,0.0017625097445834396,0.9978349411996484,8.703155235238923e-20,-0.06576800225865131,-1.9881824875885678e-20
2.2,2.0649556196048886,-2.750457288763226e-18,1.0289448761147555,0.33033497670945366,1.3829473181096496e-19,0.0016939250454817776,0.9978381102440901,1.0386438824103814e-19,-0.06571990371647782,-1.7779280198983393e-20
2.202,2.0656136374431275,-2.750184990765119e-18,1.028948195558847,0.32768317786083656,1.3389245788800694e-19,0.0016255608807411556,0.9978412989148069,1.2057211878363705e-19,-0.0656714715840225,-1.5000070386253806e-20
2.204,2.066266354121955,-2.749922160217983e-18,1.0289513784972333,0.3250338194452329,1.2882780803686715e-19,0.0015574195924168003,0.9978445068204989,1.3722270478059452e-19,-0.06562271106983832,-1.2571545354666601e-20
2.206,2.066913774534448,-2.749670118581784e-18,1.028954425377975,0.32238691364000255,1.2310407243723603e-19,0.0014895034834686179,0.9978477335724876,1.5374907291769923e-19,-0.06557362735315102,-9.468301079540468e-21
2.208,2.0675559035978357,-2.749429964491678e-18,1.0289573366537,0.319742472419247,1.1715703913629473e-19,0.001421814817999763,0.9978509787847237,1.4295509095321636e-19,-0.06552422558389305,-9.882132791152372e-21
2.21,2.0681927462530916,-2.749200988869016e-18,1.0289601127815258,0.3171005075549902,1.118531843592739e-19,0.0013543558214965177,0.9978542420737943,1.3216737729433162e-19,-0.06547451088273804,-9.610205885580137e-21
2.212,2.0688243074645336,-2.748982413889876e-18,1.0289627542229824,0.3144610306183566,1.0675597579883985e-19,0.0012871286810694088,0.9978575230589288,1.1599509663734246e-19,-0.06542448834113641,-1.0037253536013125e-20
2.214,2.069450592219421,-2.748773106514689e-18,1.028965261443936,0.3118240529807482,1.026211198211842e-19,0.001220135545695523,0.9978608213620064,9.994425263311712e-20,-0.06537416302135161,-1.1144585890899592e-20
2.216,2.0700716055275574,-2.7485719398952805e-18,1.0289676349145125,0.309189585815019,9.847054891875605e-20,0.0011533785264619967,0.9978641366075606,1.112340952411488e-19,-0.06532353995649734,-9.086547299408813e-21
2.218,2.070687352420895,-2.7483795225663927e-18,1.0289698751090228,0.3065576400966476,9.387218663075456e-20,0.0010868596968105389,0.9978674684227851,1.2251485213012284e-19,-0.06527262415057543,-7.718973888518978e-21
2.22,2.07129783795314,-2.7481967478855475e-18,1.0289719825058867,0.30392822660490815,8.882825445204516e-20,0.0010205810927830532,0.9978708164375392,1.3378672376191483e-19,-0.06522142057851472,-7.039397762210877e-21
2.222,2.0719030671993623,-2.7480245047837838e-18,1.0289739575875594,0.30130135592403867,8.334095991081987e-20,0.000954544713268251,0.9978741802843509,1.4500514296570803e-19,-0.06516993418621071,-6.363125804316501e-21
2.224,2.072503045255606,-2.7478636777877323e-18,1.0289758008404566,0.2986770384444078,7.741249885035131e-20,0.0008887525202491681,0.9978775595984227,1.5614808431995202e-19,-0.06511816989056583,-5.348200164970396e-21
2.226,2.073097777238503,-2.7477151470414067e-18,1.0289775127548813,0.2960552843636792,7.104505968705494e-20,0.0008232064390516459,0.997880954017634,1.6719347634670981e-19,-0.06506613257953076,-3.653887080155414e-21
2.228,2.073687268284889,-2.7475797883174842e-18,1.0289790938249508,0.2934361036879742,6.42408248856401e-20,0.0007579083585936155,0.9978843631825445,1.7818628392025408e-19,-0.06501382711214636,-1.965653187156905e-21
2.23,2.0742715235514213,-2.747458473032724e-18,1.028980544548524,0.29081950623303154,5.700196720203633e-20,0.0006928601316352123,0.9978877867363977,1.8912672928404293e-19,-0.06496125831858646,-2.8306574500974357e-22
2.232,2.0748505482141995,-2.747352068268924e-18,1.0289818654271294,0.2882055016253661,4.93306486102512e-20,0.0006280635750296429,0.9978912243251227,2.0003733780424882e-19,-0.06490843100020138,1.0519650747680413e-21
2.234,2.0754243474683873,-2.7472614367960455e-18,1.0289830569658935,0.28559409930342455,4.122901957550261e-20,0.0005635204699747739,0.9978946755973369,2.1085161293110147e-19,-0.0648553499295623,3.0652806765852904e-21
2.236,2.0759929265278387,-2.747187437089562e-18,1.02898411967347,0.2829853085187391,3.2699225211124575e-20,0.0004992325622654142,0.9978981402043471,2.2156980592462484e-19,-0.0648020198505062,5.755686404111527e-21
2.238,2.076556290624725,-2.747130923339112e-18,1.0289850540619683,0.28037913833707917,2.3743404807158493e-20,0.00043520156254617395,0.9979016178001512,2.3223668647158726e-19,-0.06474844547818175,8.438114985578168e-21
2.24,2.077114445009163,-2.747092745465072e-18,1.028985860646885,0.27777559763960075,1.4363689189974926e-20,0.00037142914656495277,0.9979051080414392,2.428524602949068e-19,-0.06469463149909585,1.111259524358184e-20
2.242,2.077667394948851,-2.747073749135314e-18,1.028986539947033,0.2751746951239934,4.562198955105732e-21,0.0003079169554269485,0.9979086105875934,2.5341738724953717e-19,-0.06464058257116091,1.3779159366574797e-20
2.244,2.0782151457286964,-2.7470747757872608e-18,1.0289870924844733,0.27257643930562514,-5.6589564076815154e-21,0.00024466659584919897,0.9979121251006893,2.639538946800595e-19,-0.06458630332374281,1.609589574989442e-20
2.246,2.0787577026504587,-2.747096662652261e-18,1.0289875187844457,0.2699808385186848,-1.6297678714693728e-20,0.00018167964041552326,0.9979156512454949,2.74440000841013e-19,-0.06453179835770965,1.840558907063542e-20
2.248,2.079295071032385,-2.747140242773932e-18,1.028987819375302,0.26738790091732245,-2.7351879264083495e-20,0.00011895762783194085,0.9979191886894705,2.8485378638536326e-19,-0.06447707224548126,2.105061900712824e-20
2.25,2.079827256208851,-2.7472063450260086e-18,1.0289879947884368,0.264797634476787,-3.8819477243393454e-20,5.650206318242741e-05,0.9979227371027685,2.951734920247929e-19,-0.0644221295310792,2.4371746623393563e-20
2.2520000000000002,2.080354263530005,-2.747295794128317e-18,1.0289880455582223,0.262210046994562,-5.0698398311311214e-20,-5.685581814951127e-06,0.9979262961582308,3.0548768711521925e-19,-0.0643669747301777,2.7000391572242888e-20
2.254,2.0808760983614145,-2.7474094106627864e-18,1.0289879722219406,0.25962514609149856,-6.298658052068463e-20,-6.760386855165342e-05,0.997929865531389,3.1579659201855953e-19,-0.06431161233015517,2.893739849736678e-20
2.2560000000000002,2.0813927660837117,-2.7475480111030646e-18,1.028987775319718,0.25704293921294613,-7.568197815888782e-20,-0.00012925139127198512,0.9979334449004617,3.2605631890227e-19,-0.06425604679014635,3.086832584063019e-20
2.258,2.0819042720922454,-2.747712407843324e-18,1.0289874553944602,0.25446343362988083,-8.878255583098812e-20,-0.00019062677681617958,0.9979370339463526,3.362670626335151e-19,-0.06420028254109524,3.279319661117867e-20
2.2600000000000002,2.082410621796733,-2.7479034092168563e-18,1.0289870129917864,0.25188663644003134,-1.0228628791682697e-19,-0.0002517286843633709,0.9979406323526484,3.464290811530511e-19,-0.06414432398580863,3.471163079791212e-20
2.262,2.082911820620916,-2.748121819513877e-18,1.0289864486599654,0.2493125545690024,-1.161911568222544e-19,-0.0003125558051743076,0.9979442398056156,3.5652058694741605e-19,-0.06408817549901034,3.696560772596258e-20
2.2640000000000002,2.0834078740022135,-2.7483684389968245e-18,1.0289857629498518,0.2467411947713956,-1.304951526098795e-19,-0.00037310686233406684,0.9979478559941981,3.665198750967819e-19,-0.06403184142739604,3.9896704950118023e-20
2.266,2.0838987873913863,-2.7486438476663757e-18,1.0289849564148221,0.24417256363192802,-1.4487190095883307e-19,-0.0004333806104945952,0.9979514806100134,3.492461426366383e-19,-0.06397532608968876,3.901276921433797e-20
2.2680000000000002,2.0843845662521945,-2.748947036650674e-18,1.0289840296107124,0.24160666756654806,-1.5823996531477183e-19,-0.0004933758356172624,0.9979551133473492,3.3752567009759257e-19,-0.063918633776695,3.8484821187609126e-20
2.27,2.084865216061062,-2.7492769306190094e-18,1.0289829830957558,0.23904351282354894,-1.716853728971419e-19,-0.0005530913547154071,0.9979587539031598,3.313319183752363e-19,-0.06386176875136163,3.831084092511626e-20
2.2720000000000002,2.085340742306743,-2.7496332516286256e-18,1.0289818174305203,0.23648310548467952,-1.8466711370955912e-19,-0.000612526015596886,0.9979624019770614,3.360973432287591e-19,-0.06380473524883312,3.883814574683898e-20
2.274,2.08581115048999,-2.7500162637163222e-18,1.028980533177848,0.23392545146625265,-1.9848442491567793e-19,-0.000671678696606692,0.9979660572713285,3.5182656999324193e-19,-0.0637475374765097,3.937967993354785e-20
2.2760000000000002,2.0862764461232226,-2.750427202163345e-18,1.0289791309027942,0.23137055652025088,-2.1259306909646832e-19,-0.0007305483063696896,0.9979697194908884,3.7300956434898145e-19,-0.06369017961410589,3.9584070170201514e-20
2.278,2.086736634730202,-2.7508674053023927e-18,1.0289776111725664,0.22881842623542958,-2.2753221342197096e-19,-0.0007891337835334288,0.9979733883433167,3.6117630278890565e-19,-0.06363266581370981,3.905763503744623e-20
2.2800000000000002,2.0871917218457035,-2.751336222288575e-18,1.0289759745564648,0.22626906603841748,-2.4113511806858516e-19,-0.0008474340965111529,0.9979770635388319,3.4942979764677234e-19,-0.06357500019984291,3.784876746129376e-20
2.282,2.0876417130151954,-2.751832536479644e-18,1.028974221625824,0.22372248119481444,-2.5513799510955435e-19,-0.0009054482432249987,0.99798074479029,3.4326713474786446e-19,-0.06351718686952047,3.631049901379505e-20
2.2840000000000003,2.0880866137945167,-2.7523558852680445e-18,1.028972352953953,0.2211786768102868,-2.6824207913509126e-19,-0.0009631752508493773,0.9979844318131792,3.4261845651470452e-19,-0.06345922989231259,3.5126392555301986e-20
2.286,2.0885264297495585,-2.752906313930143e-18,1.0289703691160774,0.2186376578316598,-2.8228988938914017e-19,-0.001020614175554652,0.9979881243256133,3.4747519977246097e-19,-0.0634011333104057,3.3608459137485694e-20
2.2880000000000003,2.0889611664559484,-2.7534841555042076e-18,1.028968270689282,0.21609942904800752,-2.9533039191569094e-19,-0.00107776410225105,0.9979918220483258,3.2482999658442626e-19,-0.06334290113866475,3.2064542158358246e-20
2.29,2.0893908294987344,-2.754087615045822e-18,1.028966058252453,0.21356399509173993,-3.0812489187596543e-19,-0.001134624144332934,0.9979955247046634,3.239524577474712e-19,-0.06328453736469596,3.5679020988993734e-20
2.2920000000000003,2.089815424472074,-2.754716635502119e-18,1.0289637323862213,0.2110313604396874,-3.2089132094821074e-19,-0.0011911934434233726,0.9979992320205794,3.230563350971424e-19,-0.06322604594890995,3.9627872182916766e-20
2.294,2.090234956978924,-2.755370944577845e-18,1.0289612936729073,0.20850152941418235,-3.33197283691438e-19,-0.0012474711691190814,0.998002943724627,2.9500042153427303e-19,-0.06316743082458567,3.875652971929266e-20
2.2960000000000003,2.0906494326307308,-2.756048757334082e-18,1.0289587426964637,0.20597450618413818,-3.4461203459391024e-19,-0.001303456518735767,0.9980066595479519,2.9455258297963183e-19,-0.06310869589793472,3.756964476190166e-20
2.298,2.0910588570471282,-2.7567498107374985e-18,1.0289560800424216,0.20345029476612547,-3.563298258581034e-19,-0.0013591487170539057,0.9980103792242853,2.831421513197528e-19,-0.0630498450481662,3.603571087658738e-20
2.3000000000000003,2.0914632358556307,-2.7574731943799175e-18,1.0289533062978349,0.20092889902544528,-3.6683442597026433e-19,-0.0014145470160649206,0.9980141024899358,2.7175148538107994e-19,-0.06299088212755216,3.484836935960471e-20
2.302,2.0918625746913326,-2.7582178209450333e-18,1.0289504220512267,0.19841032267719977,-3.776451864928387e-19,-0.0014696506947178935,0.9980178290837826,2.5494317885679955e-19,-0.06293181096149351,3.3320265073646e-20
2.3040000000000003,2.0922568791966096,-2.7589824635084934e-18,1.0289474278925355,0.19589456928735996,-3.868149114352503e-19,-0.0015244590586667316,0.9980215587472663,2.273791122153163e-19,-0.0628726353485865,2.9399213585230157e-20
2.306,2.0926461550208213,-2.7597652171450378e-18,1.0289443244130618,0.19338164227383062,-3.9597336892090916e-19,-0.0015789714400178821,0.9980252912243818,2.2711098083640825e-19,-0.06281335906068966,3.0292624510942984e-20
2.308,2.0930304078200157,-2.7605658444052116e-18,1.028941112205416,0.19087154490751235,-4.0468862613769397e-19,-0.0016331871970786073,0.9980290262616699,2.2140647421222467e-19,-0.06275398584299124,3.049925387491723e-20
2.31,2.0934096432566363,-2.761383929679581e-18,1.0289377918634655,0.18836428031336083,-4.132873979347273e-19,-0.001687105714105772,0.998032763608208,2.103217221664673e-19,-0.06269451941407725,2.9336689353273387e-20
2.312,2.0937838669992312,-2.762218374909438e-18,1.0289343639822839,0.18585985147144307,-4.2112101045265334e-19,-0.0017407264010553122,0.9980365030156023,1.992895547703012e-19,-0.06263496346599981,2.817858215504998e-20
2.314,2.0941530847221657,-2.763068626736331e-18,1.0289308291580992,0.18335826121799095,-4.2916633640135445e-19,-0.0017940486933322665,0.9980402442379782,1.9926196310695027e-19,-0.06257532166434611,2.736973009724198e-20
2.316,2.094517302105334,-2.763934639524643e-18,1.0289271879882431,0.1808595122464516,-4.36882061215731e-19,-0.0018470720515414807,0.9980439870319716,2.0471943704884328e-19,-0.06251559764830786,2.6906739855919255e-20
2.318,2.0948765248338743,-2.764816729052775e-18,1.0289234410711015,0.17836360710853522,-4.452429091295851e-19,-0.0018997959612389668,0.9980477311567199,2.1017279066804057e-19,-0.06245579503075111,2.6102111730527275e-20
2.32,2.0952307585978893,-2.765715317408211e-18,1.0289195890060643,0.17587054821525952,-4.533807226306206e-19,-0.0019522199326839497,0.9980514763738519,2.1562193042314985e-19,-0.06239591739828664,2.4956650294669854e-20
2.322,2.095580009092162,-2.7666307526067585e-18,1.0289156323934763,0.17338033783799162,-4.620536315515317e-19,-0.0020043435005916255,0.998055222447479,2.210372791833207e-19,-0.062335968311340695,2.415597575788402e-20
2.324,2.095924282015881,-2.767563309304662e-18,1.0289115718345887,0.1708929781094867,-4.703938481311231e-19,-0.0020561662238866556,0.9980589691441849,2.0433415467955298e-19,-0.06227595130422629,2.5066546633314705e-20
2.326,2.0962635830723615,-2.768511998607661e-18,1.028907407931511,0.16840847102492384,-4.782948733862414e-19,-0.0021076876854574165,0.9980627162330158,2.0972550962764033e-19,-0.062215869885214874,2.5291194871371953e-20
2.328,2.096597917968773,-2.769476953768612e-18,1.028903141287163,0.1659268184429388,-4.867316187424787e-19,-0.0021589074919110005,0.9980664634854706,2.0953417387788498e-19,-0.062155727536608474,2.6541450247659707e-20
2.33,2.096927292415866,-2.770458559050347e-18,1.0288987725052277,0.16344802208665377,-4.948367890096847e-19,-0.002209825273329045,0.9980702106754906,2.0935153018946864e-19,-0.06209552771481225,2.7447192801595244e-20
2.332,2.0972517121277034,-2.7714565490278354e-18,1.0288943021901047,0.16097208354470416,-5.0304432147567515e-19,-0.0022604406830243353,0.9980739575794492,1.9825986770965993e-19,-0.06203527385040748,2.732876796044401e-20
2.334,2.097571182821391,-2.7724699387399715e-18,1.0288897309468643,0.15849900427226235,-5.101648726320386e-19,-0.002310753397298266,0.9980777039761412,1.7079616977904189e-19,-0.061974969348225,2.653474738136206e-20
2.336,2.0978857102168127,-2.7734968836064283e-18,1.0288850593812011,0.15602878559205835,-5.167444085979458e-19,-0.0023607631151991264,0.9980814496467725,1.6550772230680948e-19,-0.061914617587418994,2.4368985650168685e-20
2.338,2.098195300036366,-2.7745367730597762e-18,1.028880288099389,0.1535614286953975,-5.231096309403654e-19,-0.0024104695582812916,0.998085194374949,1.6022363985002887e-19,-0.06185422192154123,2.2550795129572054e-20
2.34,2.098499958004701,-2.775589179541161e-18,1.0288754177082369,0.15109693464317495,-5.292616062888092e-19,-0.0024598724703652473,0.9980889379466664,1.5492256877317958e-19,-0.06179378567861573,2.142175263706147e-20
2.342,2.098799689848459,-2.7766536776126252e-18,1.0288704488150435,0.1486353043668872,-5.352013876884149e-19,-0.002508971617298558,0.9980926801502982,1.4958323587051119e-19,-0.06173331216121374,2.132181343946582e-20
2.344,2.099094501296017,-2.777729843928347e-18,1.0288653820275542,0.14617653866964053,-5.409300166943674e-19,-0.00255776678671774,0.9980964207765853,1.4424799525679377e-19,-0.06167280464652921,2.1564924421012352e-20
2.346,2.09938439807723,-2.778817257217583e-18,1.0288602179539177,0.1437206382271562,-5.464485257458227e-19,-0.002606257787811062,0.9981001596186246,1.3893788990995886e-19,-0.06161226638645455,2.180825615066861e-20
2.348,2.099669385923178,-2.779915498268526e-18,1.0288549572026426,0.14126760358877266,-5.51757942437697e-19,-0.002654444451082329,0.9981038964718576,1.3367390894442329e-19,-0.061551700607656835,2.1710198524465056e-20
2.35,2.0999494705659134,-2.7810241499226047e-18,1.028849600382556,0.13881743517844466,-5.56859292959275e-19,-0.0027023266281155866,0.998107631134059,1.2845590059883752e-19,-0.06149111051165437,2.1271962947550176e-20
2.352,2.100224657738213,-2.7821427970717496e-18,1.0288441481027601,0.13637013329573905,-5.617536005310136e-19,-0.002749904191340835,0.9981113634053249,1.232626099565995e-19,-0.06143049927489359,2.0835955179974584e-20
2.354,2.1004949531733295,-2.7832710266490502e-18,1.0288386009725925,0.13392569811682759,-5.664418836416079e-19,-0.002797177033800746,0.9981150930880613,1.1811501539251147e-19,-0.061369870048826325,2.00597459955602e-20
2.356,2.1007603626047437,-2.78440842762294e-18,1.0288329596015835,0.13148412969547651,-5.70925159970052e-19,-0.0028441450689183816,0.9981188199869725,1.1299198346680815e-19,-0.06130922595998747,1.9286155623169882e-20
2.358,2.101020891765924,-2.785554590993536e-18,1.028827224599417,0.129045427964033,-5.752044409237043e-19,-0.002890808230265947,0.9981225439090486,1.0783026902848101e-19,-0.06124857011007295,1.9541216438343197e-20
2.36,2.1012765463900815,-2.7867091097705387e-18,1.0288213965758894,0.1266095927344084,-5.792807250951193e-19,-0.0029371664713345623,0.9981262646635543,1.0269280209152383e-19,-0.06118790557601805,1.9796833249427916e-20
2.362,2.101527332209933,-2.7878715789538825e-18,1.0288154761408708,0.12417662369905809,-5.831550056393516e-19,-0.0029832197653051405,0.998129982062016,9.760049700300001e-20,-0.06112723541007608,1.971098384656941e-20
2.364,2.10177325495746,-2.7890415955277528e-18,1.0288094639042649,0.12174652043195862,-5.8682827433874025e-19,-0.0030289681048202583,0.9981336959182104,9.25322645278351e-20,-0.061066562639897355,1.9626494259114328e-20
2.366,2.102014320363676,-2.7902187584564145e-18,1.0288033604759712,0.11931928238958106,-5.90301517577372e-19,-0.003074411501757168,0.998137406048152,8.74670737438231e-20,-0.06100589026860856,1.9884564688091937e-20
2.368,2.1022505341583897,-2.7914026686699512e-18,1.0287971664658464,0.11689490891186154,-5.935757161638126e-19,-0.0031195499870018658,0.9981411122700805,8.248849523569459e-20,-0.060945221274892325,1.9116693119285593e-20
2.37,2.102481902069974,-2.7925929290627963e-18,1.0287908824836667,0.1144733992231683,-5.966518551456637e-19,-0.003164383610224288,0.9981448144044486,7.761727573462016e-20,-0.06088455861306725,1.6983289456947318e-20
2.372,2.1027084298251353,-2.7937891445069172e-18,1.02878450913909,0.11205475243326572,-5.99530926045082e-19,-0.003208912439654621,0.9981485122739094,7.276965308255525e-20,-0.060823905213168106,1.4855688327591932e-20
2.374,2.102930123148687,-2.7949909218546656e-18,1.0287780470416197,0.10963896753827485,-6.022139158054334e-19,-0.003253136561860707,0.9981522057033042,6.79245856053599e-20,-0.06076326398102647,1.3076299468430131e-20
2.376,2.1031469877633207,-2.7961978699245597e-18,1.028771496800568,0.10722604342163083,-6.047018048867737e-19,-0.0032970560815266327,0.9981558945196494,6.312369871525899e-20,-0.060702637798351555,1.0959831857098106e-20
2.378,2.1033590293893836,-2.7974095994942376e-18,1.0287648590250194,0.10481597885503706,-6.069955724982548e-19,-0.003340671121232423,0.9981595785521239,5.836691468015732e-20,-0.060642029522811364,8.507084599287962e-21
2.38,2.1035662537446553,-2.7986257232983726e-18,1.028758134323796,0.10240877249941593,-6.090961952369524e-19,-0.003383981821234948,0.9981632576320568,5.3633231004129414e-20,-0.06058144198811417,6.060876896343121e-21
2.382,2.1037686665441275,-2.7998458560207905e-18,1.0287513233054215,0.10000442290585643,-6.110046462055249e-19,-0.0034269883392499317,0.998166931592914,4.8943337476229924e-20,-0.0605208780040902,3.2791588607196335e-21
2.384,2.1039662734997844,-2.8010696142887905e-18,1.0287444265780872,0.09760292851655833,-6.127218959137222e-19,-0.0034696908502351957,0.9981706002702856,4.427633639942327e-20,-0.0604603403567737,5.047542685976978e-22
2.386,2.104159080320387,-2.802296616667148e-18,1.0287374447496171,0.09520428766577312,-6.142489109198361e-19,-0.003512089546175071,0.9981742635018727,3.9632117930107045e-20,-0.060399831808485176,-2.2623589819478554e-21
2.388,2.1043470927112575,-2.8035264836489294e-18,1.0287303784274349,0.09280849858074161,-6.155866525504646e-19,-0.003554184635865999,0.9981779211274747,3.498985530444083e-20,-0.06033935509791392,-4.6801683247700186e-21
2.39,2.104530316374066,-2.804758837642867e-18,1.0287232282185295,0.09041555938262821,-6.16736075558193e-19,-0.00359597634470336,0.9981815729889763,3.0370140278212683e-20,-0.06027891294020086,-7.09113809324566e-21
2.392,2.1047087570066205,-2.8059933029622197e-18,1.028715994729423,0.08802546808745183,-6.176981295854977e-19,-0.0036374649144694775,0.998185218930334,2.5752233945176518e-20,-0.06021850802702159,-9.153656155073484e-21
2.394,2.1048824203026557,-2.8072295058120593e-18,1.0287086785661377,0.08563822260701351,-6.184737562628118e-19,-0.003678650603122888,0.9981888587975634,2.1156670842045108e-20,-0.06015814302666969,-1.121059508147982e-20
2.396,2.105051311951627,-2.8084670742753954e-18,1.0287012803341637,0.0832538207498206,-6.190638929921434e-19,-0.0037195336845888263,0.9981924924387258,1.662463751902146e-20,-0.06009782058414028,-1.394645710886917e-20
2.398,2.1052154376385044,-2.809705638311616e-18,1.0286938006384279,0.08087226022200772,-6.194694798384932e-19,-0.00376011444855093,0.998196119703915,1.2135394437757955e-20,-0.060037543321213804,-1.70171849629509e-20
2.4,2.105374803043568,-2.810944829758533e-18,1.0286862400832617,0.07849353862825419,-6.196914521670027e-19,-0.003800393200244214,0.998199740445244,7.606372104341264e-21,-0.05997731383654008,-1.905382352941492e-20
2.402,2.105529413842207,-2.8121842823129933e-18,1.0286785992723713,0.0761176534726982,-6.197307351482337e-19,-0.0038403702602492896,0.9982033545168316,3.099238700127082e-21,-0.05991713470572253,-2.1084149979557627e-20
2.404,2.105679275704719,-2.813423631516453e-18,1.028670878808806,0.07374460215984756,-6.195882471428538e-19,-0.0038800459642878275,0.9982069617747897,-1.4476971422258986e-21,-0.059857008481402706,-2.2082859455322273e-20
2.406,2.105824394296112,-2.814662514734006e-18,1.028663079294929,0.07137438199548705,-6.192648928956412e-19,-0.003919420663019311,0.9982105620772089,-6.034496633808259e-21,-0.05979693769334493,-2.2052407671753208e-20
2.408,2.1059647752759068,-2.815900571127366e-18,1.0286552013323873,0.0690069901875824,-6.187615655153916e-19,-0.003958494721839036,0.9982141552841461,-1.059960554938113e-20,-0.05973692484852127,-2.202138055984445e-20
2.41,2.106100424297944,-2.8171374416381123e-18,1.0286472455220828,0.0666424238471808,-6.180791519020186e-19,-0.003997268520677416,0.9982177412576103,-1.5102183615600696e-20,-0.059676972431196657,-2.267428914496804e-20
2.412,2.1062313470101897,-2.8183727689827472e-18,1.0286392124641428,0.0642806799893081,-6.172185421088442e-19,-0.004035742453800534,0.9982213198615497,-1.954233121903634e-20,-0.059617082903014165,-2.400910352014975e-20
2.414,2.106357549054545,-2.8196061976585805e-18,1.0286311027578923,0.061921755533862505,-6.161806247227717e-19,-0.004073916929612011,0.9982248909618381,-2.4002015608489276e-20,-0.05955725870308061,-2.4656820477107576e-20
2.416,2.106479036066656,-2.820837373933897e-18,1.028622917001825,0.05956564730650489,-6.149662821350559e-19,-0.0041117923704561445,0.9982284544262612,-2.8440457191302296e-20,-0.05949750224805224,-2.530196035919633e-20
2.418,2.106595813675727,-2.8220659458350544e-18,1.0286146557935767,0.05721235203954568,-6.135763894957235e-19,-0.0041493692124223705,0.9982320101245034,-3.291902548982101e-20,-0.05943781593222064,-2.4917969510580115e-20
2.42,2.1067078875043337,-2.82329156312618e-18,1.0286063197298971,0.05486186637282828,-6.120118091638481e-19,-0.004186647905151007,0.9982355579281341,-3.7417345632926345e-20,-0.05937820212759885,-2.38497558567378e-20
2.422,2.1068152631682406,-2.8245138772859566e-18,1.0285979094066233,0.052514186854609055,-6.102733940211889e-19,-0.004223628911640306,0.9982390977105943,-4.1915028908433085e-20,-0.05931866318400766,-2.2441406029974763e-20
2.424,2.1069179462762175,-2.825732541490759e-18,1.0285894254186534,0.0501693099424339,-6.083619883512213e-19,-0.0042603127080548244,0.9982426293471829,-4.6391860429250773e-20,-0.05925920142916202,-2.1035791646328813e-20
2.426,2.1070159424298596,-2.8269472106007966e-18,1.02858086835992,0.047827232004011316,-6.062784338575368e-19,-0.004296699783535113,0.9982461527150434,-5.080724486092159e-20,-0.059199819168757724,-2.0317023523230247e-20
2.428,2.1071092572234074,-2.8281575411612082e-18,1.0285722388233645,0.045487949318082053,-6.040235745653918e-19,-0.004332790640008684,0.9982496676931498,-5.516129486634821e-20,-0.05914051868655815,-2.0283472378820878e-20
2.43,2.1071978962435716,-2.8293631914086243e-18,1.0285635374009119,0.043151458075285254,-6.015982547258388e-19,-0.004368585792002347,0.9982531741622941,-5.953534616905779e-20,-0.05908130224448123,-1.9565275786143725e-20
2.432,2.107281865069357,-2.8305638212578227e-18,1.028554764683446,0.04081775437902117,-5.99003309443818e-19,-0.004404085766455862,0.9982566720050715,-6.390921942416086e-20,-0.059022172082686584,-1.8505720028827698e-20
2.434,2.1073611692718877,-2.831759092287628e-18,1.0285459212607841,0.038486834246310386,-5.962395675344823e-19,-0.004439291102536871,0.9982601611058677,-6.822222440492753e-20,-0.05896313041966276,-1.8132212934489113e-20
2.436,2.1074358144142367,-2.8329486677343025e-18,1.0285370077216534,0.036158693608649525,-5.933078593537278e-19,-0.0044742023514572305,0.998263641350845,-7.249469677793331e-20,-0.05890417945231464,-1.8101062948329126e-20
2.438,2.1075058060512553,-2.8341322124954146e-18,1.0285280246536663,0.03383332831286353,-5.902090149163099e-19,-0.004508820076290606,0.9982671126279289,-7.67065722232039e-20,-0.058845321356051,-1.875393386301637e-20
2.44,2.1075711497294045,-2.8353093931306017e-18,1.028518972643298,0.031510734121954424,-5.869438665385319e-19,-0.004543144851791451,0.9982705748267943,-8.089828585681801e-20,-0.05878655828487221,-1.9405474305284504e-20
2.442,2.107631850986588,-2.8364798778609087e-18,1.028509852275862,0.029190906715946565,-5.835132421176852e-19,-0.004577177264215288,0.9982740278388521,-8.509018533822677e-20,-0.05872789237145804,-1.9712814743951088e-20
2.444,2.107687915351987,-2.837643336556185e-18,1.0285006641354884,0.026873841692728426,-5.799179616413008e-19,-0.004610917911140352,0.9982774715572359,-8.930245400467257e-20,-0.05866932572725564,-1.93355187905625e-20
2.446,2.1077393483458975,-2.8387994407179882e-18,1.028491408805101,0.024559534568890855,-5.761588385560786e-19,-0.0046443674012905485,0.9982809058767881,-9.347481459033512e-20,-0.05861086044256758,-1.929980093200816e-20
2.448,2.1077861554795683,-2.8399478634700504e-18,1.0284820868663949,0.022247980780561834,-5.722366801450967e-19,-0.00467752635435976,0.9982843306940464,-9.768774780485596e-20,-0.058552498586640085,-1.8238192863970766e-20
2.45,2.10782834225504,-2.8410882795413104e-18,1.028472698899815,0.019939175684237725,-5.6815228526143525e-19,-0.0047103954008375064,0.9982877459072307,-1.0186095646843375e-19,-0.05849424220775133,-1.7520610473461774e-20
2.452,2.107865914164987,-2.8422203652554917e-18,1.0284632454845348,0.017633114557610997,-5.639064499749712e-19,-0.004742975181835918,0.9982911514162291,-1.0601460030621562e-19,-0.058436093333299896,-1.6804572153164132e-20
2.454,2.1078988766925626,-2.8433437985245063e-18,1.028453727198435,0.015329792600394439,-5.594999665364907e-19,-0.004775266348918087,0.9982945471225849,-1.1012877118908835e-19,-0.05837805396989327,-1.6431747807442593e-20
2.456,2.107927235311241,-2.844458258844558e-18,1.028444144618083,0.013029204935141848,-5.54933628033434e-19,-0.004807269563927707,0.9982979329294827,-1.1420357614512423e-19,-0.05832012610343648,-1.640051148573013e-20
2.458,2.1079509954846647,-2.845563427297343e-18,1.028434498318712,0.010731346608065198,-5.502082258214628e-19,-0.0048389854988201255,0.9983013087417353,-1.1823919370766566e-19,-0.05826231169922089,-1.6710058888856807e-20
2.46,2.107970162666494,-2.846658986545923e-18,1.0284247888742015,0.008436212589848264,-5.453245501698927e-19,-0.004870414835494678,0.9983046744657702,-1.2221571112791266e-19,-0.05820461270201295,-1.7702473174929982e-20
2.462,2.1079847423002547,-2.8477446208356016e-18,1.0284150168570578,0.0061437977764567265,-5.402833940901377e-19,-0.004901558265628394,0.9983080300096161,-1.2615319948152665e-19,-0.05814703103614319,-1.903405477674762e-20
2.464,2.1079947398191914,-2.848820015998598e-18,1.0284051828383938,0.003854096989944737,-5.350855504402803e-19,-0.004932416490511033,0.9983113752828897,-1.3005179718848778e-19,-0.05808956860559517,-2.0704002771375816e-20
2.466,2.108000160646119,-2.849884859451383e-18,1.0283952873879103,0.0015671049792579436,-5.297318102232428e-19,-0.004962990220881478,0.9983147101967823,-1.3395142885266881e-19,-0.05803222729409462,-2.2027757942098518e-20
2.468,2.108001010193278,-2.8509388401876615e-18,1.0283853310738775,-0.0007171835789670242,-5.242229591578089e-19,-0.0049932801767654435,0.9983180346640464,-1.378323151751071e-19,-0.05797500896519858,-2.3347824662884298e-20
2.47,2.1079972938621907,-2.8519816487669302e-18,1.0283753144631163,-0.002998774079606608,-5.185597778377327e-19,-0.005023287087314555,0.9983213485989826,-1.4169450281128543e-19,-0.057917915462384645,-2.4664618903248776e-20
2.472,2.1079890170435185,-2.853012977306641e-18,1.0283652381209802,-0.005277671988257931,-5.127430441425092e-19,-0.005053011690646735,0.9983246519174259,-1.4549839281748166e-19,-0.05786094860914028,-2.6661917189385252e-20
2.474,2.107976185116921,-2.8540325194815382e-18,1.0283551026113382,-0.007553882840449942,-5.06773537481622e-19,-0.005082454733687963,0.9983279445367333,-1.493036097674467e-19,-0.05780411020905221,-2.8311845046638934e-20
2.476,2.1079588034509196,-2.8550399705191867e-18,1.0283449084965561,-0.009827412240858127,-5.006520296016047e-19,-0.005111616972015317,0.9983312263757699,-1.531697341591223e-19,-0.05774740204589584,-2.8588970058678537e-20
2.478,2.107936877402755,-2.8560350271780962e-18,1.0283346563374804,-0.01209826586252276,-4.943792800973366e-19,-0.005140499169701416,0.9983344973548959,-1.569779430924707e-19,-0.05769082588372476,-2.954868011576494e-20
2.48,2.107910412318256,-2.8570173877339226e-18,1.0283243466934209,-0.01436644944607071,-4.879560475505753e-19,-0.00516910209916014,0.9983377573959538,-1.6078763321266823e-19,-0.05763438346696031,-3.016430300340188e-20
2.482,2.1078794135317027,-2.8579867519738283e-18,1.0283139801221344,-0.01663196879894081,-4.813830836159267e-19,-0.005197426540993713,0.9983410064222548,-1.645989454029388e-19,-0.05757807652048115,-3.0436256067652595e-20
2.484,2.1078438863656945,-2.8589428211820863e-18,1.0283035571798087,-0.018894829794612777,-4.746611351543745e-19,-0.005225473283841101,0.9983442443585661,-1.684118846560359e-19,-0.05752190674971294,-3.036494781924303e-20
2.486,2.107803836131018,-2.8598852981310454e-18,1.0282930784210462,-0.0211550383718397,-4.677909414856906e-19,-0.005253243124227738,0.9983474711310978,-1.722660538173589e-19,-0.057465875840718036,-2.92662010562067e-20
2.488,2.107759268126517,-2.86081388705857e-18,1.0282825443988484,-0.023412600533884078,-4.60773228948415e-19,-0.005280736866416592,0.99835068666749,-1.761614271757648e-19,-0.057409985460285175,-2.714326904737797e-20
2.49,2.107710187638967,-2.861728293643833e-18,1.0282719556646007,-0.02566752234775743,-4.536087129091171e-19,-0.005307955322260522,0.9983538908967998,-1.8003890805472723e-19,-0.057354237256019264,-2.5025276216479413e-20
2.492,2.1076565999429437,-2.8626282249915803e-18,1.0282613127680575,-0.02791980994346345,-4.462981053450298e-19,-0.005334899311055976,0.9983570837494884,-1.8387889221079833e-19,-0.05729863285643119,-2.3253901904530618e-20
2.494,2.1075985103007024,-2.8635133896299717e-18,1.0282506162573273,-0.03016946951324476,-4.388421169376575e-19,-0.005361569659398013,0.9983602651574082,-1.8770116188483293e-19,-0.057243173871027606,-2.148622952360951e-20
2.496,2.1075359239620517,-2.8643834975052874e-18,1.0282398666788581,-0.03241650731083319,-4.3124145437914495e-19,-0.0053879672010366236,0.9983634350537902,-1.9154506725405357e-19,-0.057187861890400815,-1.9038055740924515e-20
2.498,2.107468846164232,-2.8652382599684753e-18,1.0282290645774235,-0.034660929650703644,-4.2349681590306473e-19,-0.005414092776734344,0.9983665933732312,-1.954302307068151e-19,-0.0571326984863186,-1.5568897455329202e-20
2.5,2.1073972821317937,-2.8660776060091348e-18,1.0282182104961082,-0.03690274290733154,-4.1604139400668423e-19,-0.005439947234125218,0.9983697400516806,-1.7181224644438306e-19,-0.05707768521181411,-1.2593511158630603e-20
2.5020000000000002,2.1073207780873453,-2.866902224826823e-18,1.0282113333224074,-0.03959792746032166,-4.089820315422767e-19,-0.0014368408678029874,0.9983941063324794,-1.2081607791007755e-19,-0.05664987590956491,-1.0180513387436303e-20
2.504,2.107239382357922,-2.867715887297671e-18,1.0282083115284992,-0.041794103084794525,-4.0490489823273086e-19,-0.0015845340637324298,0.9984262278911271,-8.932042754207309e-20,-0.05608090101892524,-7.088274170826859e-21
2.5060000000000002,2.107153613484502,-2.8685222836915133e-18,1.0282049973059675,-0.043971394202431575,-4.014731939787999e-19,-0.001729309775653716,0.9984552589021082,-8.673240172152087e-20,-0.05556164118097501,-5.3609394530524536e-21
2.508,2.107063513231094,-2.8693216711612735e-18,1.0282013969074137,-0.046125252119983313,-3.979317905786759e-19,-0.0018706881085556034,0.998485972539975,-8.400105698641738e-20,-0.055006932662161966,-6.206514707258791e-21
2.5100000000000002,2.106969125134064,-2.870114260985993e-18,1.028197516724314,-0.048259446716672934,-3.9465760818018953e-19,-0.002009121235983142,0.9985146210364977,-8.405947691271544e-20,-0.05448441590343689,-6.3428555536023374e-21
2.512,2.1068704910078124,-2.8709000849947577e-18,1.0281933628900142,-0.05037114092530061,-3.911659743574203e-19,-0.0021443276898924966,0.9985441580862474,-8.413705978715055e-20,-0.05394037775012972,-6.1386773744371444e-21
2.5140000000000002,2.106767653719609,-2.8716792108618468e-18,1.0281889415930865,-0.05246274574947525,-3.8804906646638416e-19,-0.0022766024698655084,0.9985722671566024,-7.044675758758738e-20,-0.053417480900192126,-6.5622283843659e-21
2.516,2.10666065498497,-2.8724525839385636e-18,1.028184258831925,-0.054532504082208756,-3.853590405377271e-19,-0.0024057866806316925,0.9986007761339253,-6.510576496541789e-20,-0.05288184853729368,-6.05805985565164e-21
2.5180000000000002,2.106549537118134,-2.87322062577991e-18,1.0281793206088268,-0.05658196974026015,-3.8266392072160635e-19,-0.002532077838223387,0.9986282539672674,-6.805797599528277e-20,-0.05236038940158916,-4.96413202760439e-21
2.52,2.106434341641112,-2.8739831646906172e-18,1.0281741327784184,-0.05861006705232771,-3.7985618551367536e-19,-0.0026553926584383645,0.998655832090163,-7.097931689072033e-20,-0.05183173769326508,-4.215659557208321e-21
2.5220000000000002,2.1063151103879147,-2.87473997591269e-18,1.0281687011679246,-0.06061780915455971,-3.7693631167437173e-19,-0.0027758681203760723,0.9986826271657057,-7.388771654234354e-20,-0.05131286580774217,-3.468039907330033e-21
2.524,2.1061918846269427,-2.875490835654559e-18,1.028163031483659,-0.06260455037762223,-3.739047799270645e-19,-0.0028934674828948134,0.9987093398746036,-7.676584070683173e-20,-0.05079029875116716,-3.064062124229522e-21
2.5260000000000002,2.1060647057575146,-2.8762355210863407e-18,1.0281571293856235,-0.06457096285056103,-3.7076208307953354e-19,-0.0030082900523727657,0.9987354255919972,-7.963096549620351e-20,-0.050274741844899364,-2.660689060555732e-21
2.528,2.105933614756119,-2.876973810380621e-18,1.0281510004299228,-0.06651667227232574,-3.675087142426969e-19,-0.0031203276422393103,0.998761318635939,-8.253517598811734e-20,-0.049757696857870085,-1.2319180434496465e-21
2.5300000000000002,2.105798652615744,-2.8777054826231716e-18,1.0281446501151126,-0.06844213572864874,-3.6414509858844556e-19,-0.003229656032528487,0.9987866837954302,-8.54446961550756e-20,-0.04924591630710726,5.370927390136204e-22
2.532,2.1056598599964516,-2.878430317718071e-18,1.0281380838468344,-0.0703471502004153,-3.606716276014248e-19,-0.003336284461586058,0.9988117907133479,-8.834264745691086e-20,-0.048734040792802226,2.30202866799184e-21
2.5340000000000003,2.1055172775024524,-2.8791480963426148e-18,1.0281313069666937,-0.0722320371908649,-3.5708869065442514e-19,-0.0034402739337242414,0.9988364336197388,-9.119560731299115e-20,-0.04822632967373823,3.378356488036156e-21
2.536,2.105370945461593,-2.8798585999888657e-18,1.028124324730635,-0.07409670181356305,-3.5339672154445063e-19,-0.0035416442276789656,0.9988607803697547,-9.403605955684436e-20,-0.047719403172334765,4.451558171505549e-21
2.5380000000000003,2.105220904100074,-2.880561611038415e-18,1.0281171423270175,-0.07594138011196207,-3.495961617395861e-19,-0.003640446983777188,0.9988847051807899,-9.68646099973965e-20,-0.04721594810957015,5.523081554367509e-21
2.54,2.1050671934032685,-2.881256912740487e-18,1.0281097648634854,-0.07776604548622713,-3.4568744363902697e-19,-0.0037367082635270292,0.9989083130035161,-9.968113385881962e-20,-0.04671383320247296,6.592329382382103e-21
2.5420000000000003,2.104909853225877,-2.881944289220968e-18,1.0281021973783673,-0.07957088013389339,-3.416710097579167e-19,-0.0038304736893896413,0.9989315274681153,-1.024856611526024e-19,-0.04621475338262606,7.659473378756232e-21
2.544,2.104748923204063,-2.8826235254814137e-18,1.0280944448327969,-0.08135590059724893,-3.3754729616080387e-19,-0.003921772973262325,0.998954414656646,-1.0526224553737592e-19,-0.045717364731542046,8.38209516998091e-21
2.5460000000000003,2.1045844428248803,-2.8832944074255114e-18,1.0280865121179845,-0.0831212551650585,-3.333167714619815e-19,-0.004010647788278924,0.9989769287136441,-1.0799495604129347e-19,-0.04522273651443399,8.418834596797681e-21
2.548,2.104416451370792,-2.883956721938615e-18,1.028078404050584,-0.08486698765221977,-3.2897995383461195e-19,-0.004097129869677151,0.9989991117068439,-1.1066794547796312e-19,-0.044730021338425234,7.429344457752498e-21
2.5500000000000003,2.104244987963412,-2.88461025700796e-18,1.0280701253774136,-0.08659322500944253,-3.2453742046800754e-19,-0.004181258219841126,0.9990209366164194,-1.1334267580533568e-19,-0.04423989378435568,6.784997860391365e-21
2.552,2.1040700915284556,-2.8852548017643436e-18,1.0280616807728278,-0.08830002830610426,-3.199897254123651e-19,-0.004263065592081264,0.9990424306734799,-1.1605017207966243e-19,-0.0437518195510106,7.169537801817206e-21
2.5540000000000003,2.10389180082329,-2.885890146375145e-18,1.0280530748418621,-0.0899875110784274,-3.153373427751571e-19,-0.00434258910831203,0.9990635784782982,-1.1879101061265198e-19,-0.04326622421862356,8.579732983088604e-21
2.556,2.103710154414777,-2.886516081879707e-18,1.028044312118843,-0.0916557453236607,-3.1058068028926436e-19,-0.00441986191916376,0.9990843980942637,-1.215355001023473e-19,-0.04278277088527072,1.0328837545007527e-20
2.5580000000000003,2.103525190696615,-2.8871324000968447e-18,1.028035397069559,-0.0933048361554908,-3.05720107773687e-19,-0.0044949197546440825,0.9991048812846826,-1.2429864615907642e-19,-0.042301728015758995,1.2758820335227843e-20
2.56,2.1033369478753245,-2.887738893532015e-18,1.0280263340906348,-0.09493486250135164,-3.007559495988532e-19,-0.004567795779724012,0.9991250404457993,-1.2705158866499227e-19,-0.04182288314043949,1.5183325946796333e-20
2.562,2.1031454639811553,-2.8883353553405602e-18,1.0280171275111014,-0.09654592419500861,-2.956885346062294e-19,-0.004638524634723499,0.9991448717513682,-1.2979384228335234e-19,-0.0413464055625291,1.7602004829111655e-20
2.564,2.1029507768592155,-2.88892179442861e-18,1.0280077815922402,-0.09813810456569834,-2.908408372824331e-19,-0.004707139263012994,0.9991643840914275,-1.0507944275604589e-19,-0.04087216122494133,1.9778394008226154e-20
2.566,2.102752924176323,-2.8894997253753687e-18,1.0279983005287816,-0.09971150014331574,-2.870721640387061e-19,-0.004773673402424823,0.9991835763505575,-1.0225465632709879e-19,-0.04040025682231107,1.7970593712180403e-20
2.568,2.1025519434153894,-2.8900696520232378e-18,1.0279886884490397,-0.10126619705752009,-2.8297996291500693e-19,-0.004838159629732501,0.9992024552460836,-8.300814178646764e-20,-0.03993060768630226,1.717397988895646e-20
2.57,2.1023478718797195,-2.8906329735720483e-18,1.0279789494158804,-0.10280228977455758,-2.805025158063386e-19,-0.004900630896543125,0.9992210213241146,-5.837449593298693e-20,-0.039463280958283276,1.7283139170526773e-20
2.572,2.102140746689451,-2.8911914786568316e-18,1.0279690874270337,-0.10431986620801863,-2.780194224611409e-19,-0.004961119324311386,0.9992392799518073,-5.573013755611106e-20,-0.03899822305430071,1.5840106040741747e-20
2.574,2.101930604784254,-2.89174547865324e-18,1.02795910641592,-0.10581901953662534,-2.759615883336153e-19,-0.005019657150980194,0.9992572326890539,-5.861548890744946e-20,-0.03853547610466776,1.55570838396246e-20
2.576,2.1017174829210723,-2.8922947823678137e-18,1.02794901025207,-0.10729983881047318,-2.7335900221985614e-19,-0.0050762759888128865,0.9992748840599632,-6.151429786377657e-20,-0.038075006066268,1.5616931083819274e-20
2.578,2.101501417675818,-2.8928392345755613e-18,1.0279388027418643,-0.10876241640421018,-2.71074231058566e-19,-0.005131007407770562,0.999292236238352,-6.439838850137437e-20,-0.03761683923129231,1.5334095967165904e-20
2.58,2.101282445441944,-2.8933785726452363e-18,1.0279284876290178,-0.11020684208992514,-2.682449547212307e-19,-0.005183882478663829,0.9993092932177382,-6.726956890320895e-20,-0.0371609538180002,1.50518266487668e-20
2.582,2.1010606024315086,-2.8939125708739413e-18,1.0279180685952627,-0.1116332077371088,-2.657344883652874e-19,-0.0052349321326624785,0.9993260575389926,-7.007478308188764e-20,-0.03670736606695113,1.3400505090575942e-20
2.584,2.100835924674276,-2.89444096882523e-18,1.027907549260875,-0.11304160357235665,-2.6268056490689335e-19,-0.005284186880295342,0.9993425328574008,-7.833203930931047e-20,-0.036256061867692334,1.0866478448113044e-20
2.586,2.100608448018393,-2.8949632556722013e-18,1.02789693318532,-0.11443212114260605,-2.5951599818891493e-19,-0.005331677033049662,0.9993587219284179,-8.658533872698632e-20,-0.035807051059790124,9.023758771553522e-21
2.588,2.100378208129828,-2.895478600202211e-18,1.0278862238678037,-0.11580485095431535,-2.5570265858876287e-19,-0.0053774325307228595,0.9993746281873871,-9.481123459050046e-20,-0.03536032431018263,7.52948546215226e-21
2.59,2.1001452404928083,-2.8959862104802338e-18,1.027875424747894,-0.11715988434119556,-2.5188968650254683e-19,-0.005421483078100162,0.9993902545101162,-1.0299537890936402e-19,-0.03491588736098312,6.383345037765702e-21
2.592,2.0999095804094767,-2.896485729087823e-18,1.0278645392060854,-0.11849731197358757,-2.4753952180934105e-19,-0.0054638580390550745,0.9994056041846333,-1.1116504184439824e-19,-0.03447373383240967,5.925209386712721e-21
2.594,2.099671263000184,-2.8969765867457085e-18,1.027853570564405,-0.11981722503517488,-2.434083195755775e-19,-0.00550458652095968,0.9994206801487908,-9.730642171599958e-20,-0.03403386682303599,4.1694728657628194e-21
2.596,2.0994303232032925,-2.8974597230404422e-18,1.0278425220869836,-0.12111971428130268,-2.398177616020735e-19,-0.005543697309898225,0.9994354855877927,-8.35112422615903e-20,-0.03359628175695806,2.416976051426995e-21
2.598,2.0991867957753794,-2.8979362167747243e-18,1.0278313969806518,-0.122404870779824,-2.3676535777213334e-19,-0.005581218922926747,0.9994500234653849,-6.977952142532798e-20,-0.03316098000725432,6.677028914906712e-22
2.6,2.098940715291137,-2.898407141770755e-18,1.0278201983955126,-0.12367278531571099,-2.3424862845994983e-19,-0.0056171795686081735,0.9994642968911109,-5.609933217632041e-20,-0.03272795807802865,-1.4204103193776833e-21
2.602,2.0986921161435292,-2.898873459318626e-18,1.0278089294255297,-0.12492354885698492,-2.319423020499945e-19,-0.005651607179509668,0.9994783088321272,-6.997030946392932e-20,-0.03229721619692719,-1.661857481406452e-21
2.604,2.098441032543758,-2.8993341539159512e-18,1.0277975931091003,-0.12615725217778875,-2.286620616757123e-19,-0.005684529388334492,0.9994920623388187,-8.373000140898042e-20,-0.03186875149256715,-2.928224884617577e-21
2.606,2.098187498521393,-2.8997882871403173e-18,1.0277861924296372,-0.1273739861509278,-2.2538136328211534e-19,-0.005715973548283317,0.9995055603677017,-9.192118336252512e-20,-0.03144256341405235,-4.701049972744097e-21
2.608,2.0979315479243845,-2.900235284668736e-18,1.0277747303161398,-0.12857384150876844,-2.2167019139499066e-19,-0.005745966718795949,0.9995188059199516,-7.819456789619278e-20,-0.03101864942827505,-4.066519054368528e-21
2.61,2.0976732144191863,-2.9006760822885555e-18,1.02776320964377,-0.12975690902643194,-2.192527764506817e-19,-0.00577453567846929,0.9995318019326002,-5.899943690370712e-20,-0.03059700843823047,-4.976400340835466e-21
2.612,2.0974125314908023,-2.901111969990331e-18,1.027751633234422,-0.13092327936965548,-2.1661628849848453e-19,-0.005801706916724247,0.9995445513635401,-6.187484813932554e-20,-0.03017763806958933,-4.158511365726584e-21
2.614,2.0971495324429057,-2.9015428333401192e-18,1.0277400038572921,-0.1320730432090362,-2.141927135563214e-19,-0.005827506642166594,0.999557057124693,-7.021590026680837e-20,-0.02976053682686237,-3.1648847854129484e-21
2.616,2.0968842503979155,-2.9019683081354462e-18,1.027728324229445,-0.1332062911227703,-2.113356013188584e-19,-0.0058519607779117435,0.9995693221341321,-5.654578804405028e-20,-0.02934570238231572,-3.2332299497733284e-21
2.618,2.0966167182971187,-2.9023892880378886e-18,1.0277165970163793,-0.13432311366742938,-2.0966154052333887e-19,-0.005875094967162812,0.9995813492750361,-4.83897289666067e-20,-0.028933132936102304,-4.48988669650854e-21
2.62,2.0963469689007703,-2.90280633970215e-18,1.02770482483259,-0.13542360131533906,-2.0733547819531746e-19,-0.005896934570798409,0.9995931414276202,-5.113843191106442e-20,-0.02852282613734687,-8.801428812699699e-21
2.622,2.0960750347882238,-2.9032193465682798e-18,1.0276930102421284,-0.13650784449796138,-2.0576044700083332e-19,-0.005917504671257798,0.9996047014439259,-3.7465169874710646e-20,-0.028114779942222137,-1.0921085816846282e-20
2.624,2.0958009483580478,-2.903629090454109e-18,1.0276811557591614,-0.13757593356514686,-2.0385684040263988e-19,-0.005936830071533669,0.9996160321673596,-5.682540566219039e-20,-0.027708991933737024,-1.087868074557008e-20
2.626,2.095524741828169,-2.9040342690635198e-18,1.027669263848526,-0.13862795881126166,-2.0119576243288423e-19,-0.005954935298033434,0.9996271364172046,-7.608488536475125e-20,-0.027305459863167906,-1.1177572650582706e-20
2.628,2.0952464472360046,-2.904433371157188e-18,1.027657336926284,-0.13966401044826066,-1.9778092558222476e-19,-0.0059718446004490425,0.9996380170005595,-9.521531170549985e-20,-0.026904181221303967,-1.2844127651535284e-20
2.63,2.0949660964386165,-2.9048251082357744e-18,1.0276453773602718,-0.1406841786209545,-1.939389717833913e-19,-0.005987581954004615,0.9996486767028161,-8.688823340835106e-20,-0.02650515358017079,-1.2397695244566266e-20
2.632,2.094683721112861,-2.905209776900547e-18,1.02763338747065,-0.1416885533888244,-1.9085576331046054e-19,-0.006002171059878403,0.99965911829494,-7.859203685211631e-20,-0.02610837432286564,-1.2295282749892901e-20
2.634,2.0943993527555516,-2.9055882812719586e-18,1.0276213695304492,-0.14267722473446284,-1.8777433456761927e-19,-0.006015635347087882,0.9996693445276098,-6.487590904486004e-20,-0.02571384085932492,-1.1708162336698966e-20
2.636,2.0941130226836258,-2.9059616287801423e-18,1.0276093257661134,-0.14365028255092602,-1.856625140874668e-19,-0.006027997973263624,0.9996793581356449,-4.5748970133684206e-20,-0.025321550456178673,-1.1325106242910656e-20
2.638,2.09382476203432,-2.9063312152993368e-18,1.0275972583580415,-0.14460781664589262,-1.8408451402874294e-19,-0.006039281826325316,0.9996891618343909,-2.1213519208778783e-20,-0.02493150037307646,-1.1490294473702069e-20
2.64,2.0935346017653496,-2.9066988599282516e-18,1.0275851694411255,-0.14554991673253295,-1.8357643565603277e-19,-0.006049509525484001,0.9996987583224031,-2.4228790930883247e-20,-0.024543687755620946,-1.0626865359751719e-20
2.642,2.0932425726550954,-2.9070645085691508e-18,1.0275730611052862,-0.1464766724309904,-1.8187341761299255e-19,-0.006058703422802422,0.99970815027921,-4.3651793640216046e-20,-0.02415810972158858,-1.0512029283527514e-20
2.644,2.0929487053027978,-2.9074268887871426e-18,1.0275609353960067,-0.1473881732614923,-1.8070320096745948e-19,-0.006066885604349204,0.9997173403669315,-1.3659080763482502e-20,-0.023774763293644398,-9.547141210983555e-21
2.646,2.0926530301287563,-2.9077881053497956e-18,1.0275487943148625,-0.14828450864416626,-1.8070883820017902e-19,-0.006074077891700063,0.999726331228889,1.6199760088701538e-20,-0.023393645453959704,-8.928365581449607e-21
2.648,2.092355577374535,-2.908150504192825e-18,1.0275366398200492,-0.14916576789358846,-1.8188455380287436e-19,-0.0060803018431964066,0.9997351254905738,4.590884620118711e-20,-0.023014753102014326,-7.970575639701542e-21
2.65,2.0920563771031753,-2.9085164197044392e-18,1.0275244738269083,-0.15003204021757324,-1.8422458601070488e-19,-0.006085578755421415,0.9997437257587781,7.549276403053162e-20,-0.022638083089280465,-7.701473946992528e-21
2.652,2.091755459199414,-2.9088879595069667e-18,1.0275122982084484,-0.15088341471265146,-1.8729263226966134e-19,-0.006089929664533236,0.9997521346221682,7.746844119042497e-20,-0.022263632192845165,-5.315091080311006e-21
2.654,2.091452853369907,-2.909265498189724e-18,1.0275001147958651,-0.15171998036223547,-1.9033094095504458e-19,-0.006093375347736168,0.999760354650737,9.038158136149846e-20,-0.02189139713751996,-2.6907945354865187e-21
2.656,2.0911485891434607,-2.909649945392009e-18,1.0274879253790572,-0.15254182603270758,-1.9398544298616491e-19,-0.006095936324669505,0.9997683883961381,8.136798249627026e-20,-0.0215213745794388,-3.2938323621503595e-21
2.658,2.0908426958712667,-2.9100404483706644e-18,1.0274757317071408,-0.1533490404712143,-1.9631523766902431e-19,-0.006097632858885451,0.9997762383913374,5.596849344871189e-20,-0.02115356112023511,-4.933406312705357e-21
2.66,2.090535202727145,-2.910435475909111e-18,1.0274635354889596,-0.15414171230216256,-1.988336621578561e-19,-0.0060984849592815,0.9997839071508026,7.450603678834307e-20,-0.020787953296928976,-4.613406956582216e-21
2.662,2.090226138707791,-2.9108362668440157e-18,1.027451338393593,-0.15491993002480325,-2.0207805752102699e-19,-0.006098512381591605,0.9997913971702791,9.294124595921077e-20,-0.02042454759109904,-3.609195665327805e-21
2.664,2.08991553263303,-2.911244269513216e-18,1.027439142050861,-0.15568378201000746,-2.0604482086475388e-19,-0.006097734629853951,0.9997987109268952,1.1129556829136553e-19,-0.020063340422734006,-2.95016868408674e-21
2.666,2.089603413146077,-2.9116609250739325e-18,1.0274269480518257,-0.15643335649774018,-2.107303785279272e-19,-0.006096170957918757,0.9998058508790147,1.2956966791961627e-19,-0.01970432815624573,-2.6363196063174436e-21
2.668,2.089289808713798,-2.9120876675663252e-18,1.0274147579492903,-0.15716874159403588,-2.1613118306010075e-19,-0.006093840370945876,0.9998128194662931,1.4774344720961594e-19,-0.019347507096818782,-1.6394614628379208e-21
2.67,2.0889747476269855,-2.912525923923249e-18,1.0274025732582956,-0.1578900252684256,-2.2224366904628057e-19,-0.0060907616269306715,0.9998196191095794,1.6580372610568532e-19,-0.018992873494429085,7.239691014552349e-22
2.672,2.0886582580006308,-2.9129770062470772e-18,1.027390395456612,-0.15859729535106107,-2.287412604654826e-19,-0.006086953238227458,0.9998262522109446,1.564082058518533e-19,-0.018640423541766836,5.048959994151294e-22
2.674,2.0883403677742063,-2.913440246775905e-18,1.0273782259852293,-0.15929063953013475,-2.344381429806161e-19,-0.006082433473093752,0.9998327211536167,1.4708399619307803e-19,-0.01829015337699506,-3.9758347612979737e-22
2.676,2.088021104711953,-2.9139149454803718e-18,1.027366066248844,-0.1599701453491203,-2.403073943640381e-19,-0.006077220357236491,0.9998390283019932,1.433045422246492e-19,-0.01794205908266263,-2.2252507966661064e-21
2.678,2.087700496403171,-2.9144009442559195e-18,1.0273539176163422,-0.1606359002042105,-2.4559480258859563e-19,-0.006071331675374249,0.9998451760015992,1.395514160077872e-19,-0.017596136687665936,-4.391183480922336e-21
2.68,2.087378570262518,-2.9148977998689396e-18,1.0273417814212802,-0.16128799134165336,-2.513797666653605e-19,-0.006064784972803838,0.999851166579092,1.5770802872097163e-19,-0.017252382166784156,-3.42502386632239e-21
2.682,2.087055353530311,-2.915406936904598e-18,1.027329658962362,-0.16192650585522375,-2.5787566030433033e-19,-0.00605759755697965,0.9998570023422353,1.757842642406708e-19,-0.01691079144213613,-2.8051295943475214e-21
2.684,2.086730873272835,-2.915929773695006e-18,1.0273175515039128,-0.16255153068364167,-2.650789507434824e-19,-0.006049786499098604,0.9998626855799018,1.9376266958305208e-19,-0.016571360383105884,-1.502856905395483e-21
2.686,2.086405156382654,-2.916467506156397e-18,1.0273054602763507,-0.1631631526080873,-2.725554454927528e-19,-0.006041368635695561,0.9998682185620583,1.787930239368242e-19,-0.01623408480747898,-2.4628377852410327e-21
2.688,2.086078229578929,-2.917019063359845e-18,1.027293386476654,-0.16376145824969324,-2.7890415637123398e-19,-0.006032360570244802,0.9998736035397697,1.5292025465066897e-19,-0.015898960481611945,-2.912566888696252e-21
2.69,2.085750119407741,-2.917582841016939e-18,1.0272813312688256,-0.16434653406710853,-2.8488426763415253e-19,-0.006022778674770374,0.9998788427451928,1.5450511394235448e-19,-0.01556598312136428,8.439434300617761e-22
2.692,2.0854208522424185,-2.91815864218545e-18,1.027269295784354,-0.16491846635405932,-2.9092758297807106e-19,-0.006012639091462428,0.9998839383915823,1.5607441379216679e-19,-0.015235148392419535,4.934265558172339e-21
2.694,2.0850904542838697,-2.918746377410102e-18,1.027257281122673,-0.1654773412369656,-2.967105793843376e-19,-0.006001957734301241,0.9998888926732925,1.357478989860555e-19,-0.014906451911086246,5.9395025213252255e-21
2.696,2.084758951560919,-2.919344736810791e-18,1.0272452883516139,-0.16602324467256654,-3.015882717903809e-19,-0.005990750290686937,0.9998937077657867,1.2649192319170576e-19,-0.014579889244712466,6.4210955342830176e-21
2.698,2.0844263699306484,-2.9199529196264992e-18,1.0272333185078593,-0.16655626244559185,-3.06534277282722e-19,-0.0059790322230758655,0.9998983858256448,1.2276597410004251e-19,-0.01425545591240184,6.638992721491201e-21
2.7,2.0840927350787455,-2.9205706311936493e-18,1.0272213725973898,-0.1670764801664493,-3.11224721770017e-19,-0.005966818770622299,0.999902928990577,1.245319920175665e-19,-0.01393314738548489,6.591682419661075e-21
2.702,2.0837580725198523,-2.9211981158447167e-18,1.0272094515959302,-0.16758398326895188,-3.1630739899530886e-19,-0.0059541249508258814,0.9999073393794368,1.3178453386856353e-19,-0.013612959088179383,6.62041868753231e-21
2.704,2.0834224075979226,-2.921835654002256e-18,1.0271975564493903,-0.16807885700806566,-3.211345325083112e-19,-0.005940965561183923,0.9999116190922387,1.1712099214990735e-19,-0.013294886398095212,3.951106351566586e-21
2.706,2.0830857654865804,-2.922482376753789e-18,1.027185688074303,-0.16856118645769314,-3.256001312832611e-19,-0.005927355180848644,0.9999157702101771,1.2442003865443388e-19,-0.012978924646857447,4.320643158480145e-21
2.708,2.082748171189485,-2.9231387474897004e-18,1.0271738473582608,-0.16903105650848013,-3.3078220514285246e-19,-0.005913308172288769,0.9999197947956477,1.3715745442834774e-19,-0.012665069120630234,4.417665204013721e-21
2.71,2.0824096495406987,-2.9238056572562527e-18,1.0271620351603457,-0.1694885518656555,-3.3624652222065807e-19,-0.0058988386829553026,0.999923694892271,1.5533000484104723e-19,-0.01235331506071411,4.583494852377332e-21
2.712,2.082070225205062,-2.9244844236179535e-18,1.0271502523115588,-0.169933757046896,-3.4242288388884896e-19,-0.00588396064695113,0.9999274725249182,1.4050589429933735e-19,-0.012043657664079705,5.713165490626071e-21
2.714,2.0817299226785684,-2.9251740612371328e-18,1.0271384996152448,-0.17036675638022206,-3.47046360609058e-19,-0.005868687786704171,0.9999311296997397,1.1477408140806255e-19,-0.011736092083946673,6.7081655696945206e-21
2.716,2.081388766288747,-2.9258726915050616e-18,1.0271267778475137,-0.1707876340019198,-3.515240051162737e-19,-0.005853033614643679,0.999934668404195,1.0563450064899143e-19,-0.01143061343032138,5.8385658926665165e-21
2.718,2.0810467801950483,-2.926579485620137e-18,1.0271150877576594,-0.17119647385449266,-3.5521049619421945e-19,-0.005837011434879582,0.9999380906070844,9.104911713234482e-20,-0.011127216770562054,5.592938155840358e-21
2.72,2.0807039883892324,-2.927293367840602e-18,1.0271034300685742,-0.17159335968463968,-3.5864845218525397e-19,-0.005820634344884365,0.9999413982585846,7.652831386712962e-20,-0.010825897129916828,5.689972686245259e-21
2.722,2.0803604146957637,-2.9280132678661027e-18,1.0270918054771607,-0.1719783750412626,-3.611928591147274e-19,-0.005803915237177342,0.9999445932902841,6.208063094654154e-20,-0.010526649492078018,5.444410189218921e-21
2.724,2.0800160827722087,-2.9287379774523855e-18,1.0270802146547404,-0.17235160327349966,-3.633866769541274e-19,-0.005786866801011007,0.9999476776152221,4.222232617655211e-20,-0.010229468799718217,4.799345114121021e-21
2.726,2.0796710161096366,-2.9294658634486485e-18,1.0270686582474575,-0.1727131275287877,-3.643698911798136e-19,-0.005769501524059099,0.9999506531279287,2.2462662426237323e-20,-0.009934349955035551,3.8131933438478355e-21
2.728,2.079325238033025,-2.9301955874367587e-18,1.0270571368766814,-0.17306303075095092,-3.654406370247684e-19,-0.005751831694106258,0.9999535217044675,3.5666204803405385e-20,-0.009641287820286374,5.554709301258151e-21
2.73,2.07897877170167,-2.9309279711002003e-18,1.0270456511394042,-0.17340139567831722,-3.6702914561076607e-19,-0.00573386940073887,0.9999562852024787,4.880628496623796e-20,-0.009350277218322666,7.291332016814259e-21
2.732,2.0786316401095966,-2.9316640473373976e-18,1.0270342016086353,-0.1737283048418614,-3.691327919515924e-19,-0.005715626537036873,0.9999589454612265,6.189281785710306e-20,-0.009061312933120435,7.995938847244983e-21
2.734,2.0782838660859775,-2.932404843838351e-18,1.0270227888337937,-0.1740438405633752,-3.7174900096435436e-19,-0.0056971148012662995,0.9999615043016465,7.492338252500535e-20,-0.008774389710309995,8.012807611612605e-21
2.736,2.077935472295553,-2.9331513831943828e-18,1.0270114133410948,-0.1743480849536643,-3.748752424732455e-19,-0.005678345698572219,0.9999639635263946,8.788622896076514e-20,-0.008489502257699491,8.714560113601087e-21
2.738,2.077586481239053,-2.9339046829289953e-18,1.0270000756339352,-0.17464111991077147,-3.7850897179218185e-19,-0.005659330542671922,0.9999663249198993,1.0078417789941337e-19,-0.00820664524579855,9.757725229268776e-21
2.74,2.0772369152536276,-2.9346657554697636e-18,1.0269887761932743,-0.1749230271182265,-3.82647641555806e-19,-0.005640080457547979,0.9999685902484146,1.1362045037750098e-19,-0.007925813308336584,1.0798024983587794e-20
2.742,2.0768867965132736,-2.9354356081587714e-18,1.0269775154780116,-0.1751938880433222,-3.8728871679916848e-19,-0.005620606379141025,0.999970761260074,1.2639815558534854e-19,-0.0076470010427800925,1.149280880547301e-20
2.744,2.076536147029272,-2.9362152432961916e-18,1.0269662939253617,-0.17545378393541655,-3.924296899089794e-19,-0.005600919057041988,0.9999728396849482,1.3911767677711603e-19,-0.007370203010845543,1.1842888891986885e-20
2.746,2.076184988650624,-2.937005658185937e-18,1.0269551119512244,-0.17570279582426077,-3.980680709677805e-19,-0.005581029056183505,0.9999748272351022,1.5177415227893209e-19,-0.007095413739010537,1.2534378234472854e-20
2.748,2.075833343064493,-2.937807845154522e-18,1.0269439699505531,-0.17594100451835315,-4.042013700310404e-19,-0.005560946758530322,0.9999767256046552,1.6436283010626185e-19,-0.0068226277190211165,1.4251358070454523e-20
2.75,2.0754812317966476,-2.9386227915331237e-18,1.026932868297719,-0.1761684906033186,-4.1082707688969935e-19,-0.005540682364768398,0.9999785364698418,1.7689317911043238e-19,-0.006551839408396935,1.5621993249426223e-20
2.7520000000000002,2.075128676211909,-2.9394514796369692e-18,1.0269218073468713,-0.1763853344403135,-4.179427004320781e-19,-0.005520245895992563,0.9999802614890747,1.8936361648818866e-19,-0.006283043230932918,1.698934757408696e-20
2.754,2.0747756975146023,-2.940294886818506e-18,1.0269107874322956,-0.17659161616445607,-4.255457550710362e-19,-0.005499647195392435,0.9999819023030089,2.017718279720592e-19,-0.006016233577198524,1.8695260687360992e-20
2.7560000000000002,2.0744223167490095,-2.9411539854540265e-18,1.026899808868767,-0.17678741568328163,-4.3363375986520365e-19,-0.00547889592993637,0.9999834605346072,2.141225113684207e-19,-0.0057514048050337305,2.0053207571194784e-20
2.758,2.0740685547998265,-2.942029742988566e-18,1.0268888719519023,-0.17697281267522313,-4.422042656216964e-19,-0.005458001592053307,0.9999849377892075,2.2641819205056217e-19,-0.005488551240042438,2.0721757266247014e-20
2.7600000000000002,2.0737144323926233,-2.942923122004885e-18,1.0268779769585055,-0.17714788658811628,-4.512548544748232e-19,-0.005436973501312225,0.9999863356545908,2.386552893972362e-19,-0.00522766717608276,2.1388660364042926e-20
2.762,2.073359970094305,-2.943835080257152e-18,1.0268671241469136,-0.1773127166377294,-4.607831185914396e-19,-0.005415820806099004,0.9999876557010515,2.5083041397395873e-19,-0.004968746875754635,2.2738819848893173e-20
2.7640000000000002,2.0730051883135787,-2.944766570687822e-18,1.0268563137573363,-0.17746738180631788,-4.707866459580593e-19,-0.0053945524852905295,0.9999888994814681,2.6295057758768374e-19,-0.004711784570884412,2.3400385230038736e-20
2.766,2.0726501073014223,-2.9457185414262973e-18,1.0268455460121937,-0.1776119608412028,-4.812630465344283e-19,-0.005373177349925809,0.999990068531376,2.750113911882358e-19,-0.004456774463006701,2.4401736307382318e-20
2.7680000000000002,2.0722947471515547,-2.9466919358414545e-18,1.02683482111645,-0.17774653225337386,-4.922099457365769e-19,-0.005351704044873885,0.9999911643690409,2.870162739490146e-19,-0.004203710723843268,2.505755636521752e-20
2.77,2.0719391278009103,-2.94768769257233e-18,1.0268241392579447,-0.17787117431611643,-5.0362498320858525e-19,-0.0053301410504983755,0.9999921884955342,2.989624456820425e-19,-0.0039525874957791534,2.6053972628270773e-20
2.7720000000000002,2.071583269030116,-2.9487067455293513e-18,1.0268135006077195,-0.17798596506366207,-5.155057946830627e-19,-0.00530849668431846,0.9999931423948086,3.108513700730054e-19,-0.0037033988923358897,2.704710435348229e-20
2.774,2.07122719046397,-2.949750023912795e-18,1.0268029053203425,-0.17809098228986317,-5.278500348195613e-19,-0.005286779102666091,0.9999940275337758,3.226836633299381e-19,-0.0034561389986419236,2.803735889328243e-20
2.7760000000000002,2.0708709115719244,-2.950818452236378e-18,1.0267923535342287,-0.1781863035468909,-5.40655356889488e-19,-0.005264996302339285,0.9999948453623845,3.344530871018645e-19,-0.0032108018719001633,3.073803001080252e-20
2.778,2.0705144516685703,-2.951912734916156e-18,1.026781845371958,-0.17827200614395655,-5.534886474610967e-19,-0.0052431561222512435,0.9999955973137007,3.1327806325339334e-19,-0.0029673815418527335,3.0927519593306215e-20
2.7800000000000002,2.0701578299141237,-2.953031634484574e-18,1.0267713809405885,-0.17834816714605609,-5.653805924417163e-19,-0.005221266245075263,0.9999962848039878,3.141405075854791e-19,-0.0027258720112428797,2.91254075506127e-20
2.782,2.069801065314916,-2.9541750326368796e-18,1.0267609603319683,-0.17841486337273774,-5.78059006634198e-19,-0.005199334198885061,0.9999969092327888,3.204822607664361e-19,-0.0024862672562740756,2.7342900617912324e-20
2.7840000000000003,2.0694441767238865,-2.9553432780582756e-18,1.026750583623042,-0.1784721713968925,-5.900123006141382e-19,-0.0051773673587905715,0.9999974719830087,2.9937659055926755e-19,-0.0022485612270663068,2.755196118262455e-20
2.786,2.0690871828410757,-2.9565349592907997e-18,1.0267402508761556,-0.1785201675435673,-6.016749417016022e-19,-0.005155372948568826,0.9999979744209986,3.002975194843911e-19,-0.0020127478481095583,2.918019159121335e-20
2.7880000000000003,2.068730102214123,-2.9577499994488485e-18,1.026729962139358,-0.17855892788880076,-6.133711905759288e-19,-0.005133358042289953,0.9999984178966403,3.012149730234399e-19,-0.0017788210187144981,3.011802305985164e-20
2.79,2.0683729532387654,-2.958988465530732e-18,1.0267197174466975,-0.17858852825848123,-6.251008312904041e-19,-0.005111329565937979,0.9999988037434323,3.0212706892277823e-19,-0.0015467746134603757,3.139548061244207e-20
2.7920000000000003,2.0680157541593402,-2.96025042410214e-18,1.0267095168185176,-0.1786090442272273,-6.368636424810946e-19,-0.0050892942990263795,0.9999991332785759,3.030336001959713e-19,-0.0013166024826401276,3.301216486082191e-20
2.794,2.0676585230692868,-2.961535941271104e-18,1.0266993602617478,-0.17862055111728997,-6.486593915178788e-19,-0.005067258876208174,0.9999994078030637,3.039351309357548e-19,-0.0010882984527027112,3.462461065955033e-20
2.7960000000000003,2.0673012779116533,-2.9628450826827287e-18,1.0266892477701917,-0.1786231239974772,-6.604878511575391e-19,-0.005045229788880405,0.9999996286017673,3.048322227765355e-19,-0.0008618563266926584,3.589016697533819e-20
2.798,2.0669440364796055,-2.9641779135403883e-18,1.0266791793248118,-0.1786168376820998,-6.723488013048552e-19,-0.005023213386782935,0.9999997969435266,3.0572445751596e-19,-0.0006372698846868718,3.7151504948752833e-20
2.8000000000000003,2.0665868164169345,-2.9655344986084207e-18,1.0266691548940117,-0.178601766729939,-6.842420275634135e-19,-0.00500121587959131,0.9999999140812403,3.066124552038853e-19,-0.0004145328842286552,3.772412418987437e-20
2.802,2.0662296352185714,-2.9669149022434225e-18,1.026659174433914,-0.17857798544323558,-6.96167340010403e-19,-0.004979243338503597,0.999999981251957,3.07496327309986e-19,-0.00019363906075899547,3.7952318686113e-20
2.8040000000000003,2.0658725102310997,-2.968319188439776e-18,1.0266492378886365,-0.17854556786670006,-7.081245622869503e-19,-0.004957301697821118,0.999999999676966,3.0837602897179083e-19,2.5417871954903237e-05,3.8179566199025645e-20
2.806,2.065515458653272,-2.969747420839946e-18,1.0266393451905633,-0.17850458778654407,-7.201135124594961e-19,-0.004935396756522816,0.9999999705618906,3.092512918564195e-19,0.00024264422139382168,3.8747718102936883e-20
2.8080000000000003,2.065158497536527,-2.9711996627154723e-18,1.026629496260615,-0.17845511872953257,-7.32134010822938e-19,-0.004913534179833247,0.9999998950967809,3.1012226060753763e-19,0.00045804631586346227,3.862920034645723e-20
2.81,2.0648016437855112,-2.972675976997186e-18,1.0266196910085141,-0.1783972339620569,-7.441858929298894e-19,-0.004891719500783992,0.9999997744562077,3.109891958967207e-19,0.0006716305040741082,3.851055724063025e-20
2.8120000000000003,2.0644449141585994,-2.974176426290255e-18,1.0266099293330475,-0.17833100648922842,-7.56268995152548e-19,-0.004869958121768406,0.9999996097993572,3.118522736640716e-19,0.0008834031547230011,3.873445044644095e-20
2.814,2.0640883252684175,-2.9757010728636307e-18,1.026600211122327,-0.17825650905399254,-7.683831477585178e-19,-0.0048482553160895635,0.9999994022701257,3.127109798980795e-19,0.0010933706560794286,3.86151514835177e-20
2.816,2.0637318935823683,-2.9772499786582808e-18,1.0265905362540453,-0.17817381413626304,-7.805281887327046e-19,-0.004826616229501254,0.9999991529972163,3.1356563791591434e-19,0.0013015394155725165,3.849572902297562e-20
2.818,2.063375635423159,-2.9788232052876768e-18,1.02658090459573,-0.17808299395207655,-7.927039586622652e-19,-0.004805045881742007,0.9999988630942342,3.1441596251176196e-19,0.0015079158593817165,3.803433429040273e-20
2.82,2.06301956696933,-2.980420814062251e-18,1.0265713160049936,-0.17798412045276693,-8.049103124528458e-19,-0.004783549168061899,0.9999985336597851,3.152626282204205e-19,0.0017125064320299818,3.757443871969884e-20
2.822,2.0626637042557823,-2.9820428660053167e-18,1.0265617703297818,-0.1778772653241595,-8.171471048379833e-19,-0.004762130860742121,0.9999981657775712,3.161043358197304e-19,0.0019153175959796243,3.643071713913844e-20
2.824,2.0623080631743136,-2.9836894218659958e-18,1.0265522674086167,-0.17776249998578483,-8.294142136746152e-19,-0.0047407956106072305,0.9999977605164903,3.169415148257502e-19,0.002116355831230849,3.4604383603907564e-20
2.826,2.0619526594741484,-2.985360542170504e-18,1.0265428070708396,-0.17763989559011206,-8.417115335915607e-19,-0.004719547948529863,0.9999973189307341,3.177754860548623e-19,0.002315627634922949,3.278197163150987e-20
2.828,2.0615975087624743,-2.9870562872386446e-18,1.026533389136848,-0.1775095230218015,-8.540389581807785e-19,-0.00469839228692791,0.9999968420598878,3.186077053029327e-19,0.0025131395209381665,3.1648387148694543e-20
2.83,2.0612426265049777,-2.9887767171563675e-18,1.0265240134183324,-0.1773714528969765,-8.663963627321386e-19,-0.0046773329212540125,0.9999963309290288,3.1943718164684955e-19,0.0027088980195081997,3.085974352429109e-20
2.832,2.060888028026382,-2.9905218917523922e-18,1.0265146797185076,-0.17722575556251413,-8.787836156312716e-19,-0.004656374031477291,0.9999957865488275,3.202622023555683e-19,0.002902909676823357,2.972990249283436e-20
2.834,2.0605337285109866,-2.9922918705957227e-18,1.0265053878323427,-0.17707250109535488,-8.912005892321289e-19,-0.004635519683557215,0.999995209915647,3.210847039374345e-19,0.0030951810546443457,2.8944993045145246e-20
2.836,2.060179743003208,-2.9940867129934125e-18,1.0264961375467878,-0.17691175930183092,-9.036471470851237e-19,-0.004614773830909525,0.9999946020116448,3.2190456462922055e-19,0.003285718729916693,2.8504198053424063e-20
2.838,2.0598260864081204,-2.9959064779705437e-18,1.0264869286409972,-0.17674359971701303,-9.161231483823422e-19,-0.0045941403158641205,0.9999939638048734,3.2272086492609664e-19,0.003474529294387782,2.806404173678329e-20
2.84,2.059472773492,-2.9977512242759576e-18,1.0264777608865507,-0.17656809160407572,-9.286284526009057e-19,-0.004573622871114781,0.9999932962493823,3.2353110923610016e-19,0.0036616193542265076,2.693920440761798e-20
2.842,2.05911981888287,-2.9996210103854158e-18,1.026468634047671,-0.1763853039536807,-9.41162932651512e-19,-0.004553225121160748,0.9999926002853197,3.2433927148433525e-19,0.0038469955296455333,2.6159285844824547e-20
2.844,2.0587672370710433,-3.0015158945187433e-18,1.0264595478814382,-0.17619530548337844,-9.537264550762596e-19,-0.004532950583739954,0.9999918768390347,3.251437892620179e-19,0.0040306644545261465,2.5381216773351548e-20
2.846,2.0584150424096728,-3.0034359346307737e-18,1.0264505021380033,-0.17599816463702753,-9.663188932736e-19,-0.004512802671253936,0.9999911268231805,3.2594090787385505e-19,0.004212632776045706,2.3577015538346854e-20
2.848,2.0580632491152975,-3.0053811884437924e-18,1.026441496560796,-0.1757939495842318,-9.789401383985466e-19,-0.0044927846921842774,0.9999903511368166,3.2673773792621727e-19,0.004392907154307668,2.2462407049734603e-20
2.85,2.057711871268392,-3.0073517134504514e-18,1.026432530886732,-0.17558272821979526,-9.915900652257923e-19,-0.004472899852500546,0.9999895506655121,3.2753397115270726e-19,0.004571494261974187,2.2035352107773826e-20
2.852,2.057360922813916,-3.0093475668768424e-18,1.026423604846416,-0.17536456816319407,-1.0042685372866966e-18,-0.004453151257059639,0.9999887262814494,3.2832515829016254e-19,0.0047484007839012875,2.1266246507110875e-20
2.854,2.0570104175618664,-3.0113688056803086e-18,1.0264147181643433,-0.17513953675806632,-1.0169754195507104e-18,-0.004433541910996497,0.9999878788435275,3.2911601468278784e-19,0.004923633416776586,2.1183468653870736e-20
2.856,2.056660369187829,-3.013415486533632e-18,1.0264058705590973,-0.1749077010717185,-1.0297105629174568e-18,-0.004414074721106082,0.9999870091974659,3.299048029617162e-19,0.005097198868759567,2.1443141036368222e-20
2.858,2.0563107912335323,-3.0154876658027105e-18,1.026397061743545,-0.17466912789464922,-1.0424738104228231e-18,-0.004394752497216588,0.9999861181759085,3.3068978907665163e-19,0.005269103859124402,2.1701389052225452e-20
2.86,2.0559616971074,-3.0175853995397707e-18,1.0263882914250293,-0.17442388374008977,-1.0552650061481125e-18,-0.004375577953553786,0.9999852065985285,3.3147105321204285e-19,0.0054393551179053,2.195862211120398e-20
2.862,2.055613100085108,-3.019708743484729e-18,1.0263795593055591,-0.17417203484356128,-1.0680839918134198e-18,-0.004356553710096524,0.9999842752721317,3.322503041133538e-19,0.005607959385544386,2.255750015603148e-20
2.864,2.055265013310138,-3.0218577530531204e-18,1.0263708650819967,-0.17391364716244842,-1.0809306032332122e-18,-0.004337682293923193,0.9999833249907619,3.330276159087001e-19,0.005774923412542095,2.34972132991731e-20
2.866,2.0549174497943357,-3.024032483325105e-18,1.0263622084462418,-0.17364878637558961,-1.0938046673690954e-18,-0.004318966140549269,0.999982356535805,3.338009139000206e-19,0.005940253959110074,2.4434298833700293e-20
2.868,2.054570422418469,-3.02623298903353e-18,1.0263535890854134,-0.17337751788288344,-1.1067060111009764e-18,-0.004300407595255707,0.9999813706760938,3.34570217816555e-19,0.006103957794826592,2.5367951045814133e-20
2.87,2.0542239439327847,-3.028459324566214e-18,1.026345006682029,-0.17309990680491108,-1.1196344658114558e-18,-0.004282008914408307,0.9999803681680134,3.3533154033274433e-19,0.006266041698294434,2.5613679481280405e-20
2.872,2.053878026957568,-3.0307115439901876e-18,1.0263364609141812,-0.17281601798257482,-1.1325898807044816e-18,-0.0042637722667678655,0.9999793497556052,3.3608507692554665e-19,0.006426512456801291,2.5173114042327746e-20
2.874,2.0535326839837014,-3.032989701091226e-18,1.0263279514557115,-0.17252591597675226,-1.1455721230641134e-18,-0.004245699734791144,0.9999783161706725,3.3683090750500725e-19,0.0065853768659826116,2.4047881464329767e-20
2.876,2.0531879273732274,-3.03529384940444e-18,1.026319477976382,-0.17222966506796636,-1.1585810762983617e-18,-0.004227793315922601,0.9999772681328852,3.3756690217186353e-19,0.006742641729486935,2.1896544189020788e-20
2.878,2.0528437693599075,-3.0376240422580362e-18,1.0263110401420432,-0.1719273292560708,-1.1716166524435795e-18,-0.00421005492387682,0.9999762063498852,3.382934060877882e-19,0.0068983138586436775,1.8721938781757335e-20
2.88,2.052500222049784,-3.039980332826535e-18,1.0263026376148012,-0.17161897225995085,-1.1846787793979173e-18,-0.004192486389911618,0.9999751315173907,3.390196734286699e-19,0.0070524000721333725,1.589669959395183e-20
2.882,2.052157297421743,-3.042362774136618e-18,1.026294270053181,-0.17130465751723944,-1.1977673814222392e-18,-0.004175089464091817,0.9999740443193025,3.397432825691976e-19,0.007204907195660356,1.3077752109307748e-20
2.884,2.051815007328077,-3.0447714190622546e-18,1.026285937112287,-0.1709844481840484,-1.2108823842789556e-18,-0.004157865816543556,0.9999729454278073,3.4046186673406075e-19,0.00735584206162788,9.922428556215153e-21
2.886,2.051473363495048,-3.0472063203335255e-18,1.0262776384439627,-0.17065840713471445,-1.224023715581211e-18,-0.004140817038699244,0.9999718355034847,3.411854538791621e-19,0.007505211508815661,7.801323486497249e-21
2.888,2.0511323775234502,-3.0496675305213174e-18,1.0262693736969464,-0.17032659696156022,-1.237191285222887e-18,-0.004123944644533007,0.9999707151954101,3.419061159668777e-19,0.007653022382059837,5.685250355191447e-21
2.89,2.0507920608891768,-3.052155102009996e-18,1.0262611425170245,-0.16998907997466986,-1.2503850044528518e-18,-0.004107250071786679,0.9999695851412611,3.4261629415935064e-19,0.007799281531935345,2.546647303946211e-21
2.892,2.0504524249437828,-3.054669087024079e-18,1.0262529445471833,-0.16964591820167915,-1.2636048004607125e-18,-0.004090734683186226,0.9999684459674217,3.4332134705689183e-19,0.007943995814440694,-9.271655276836624e-22
2.894,2.05011348091505,-3.0572095376519972e-18,1.0262447794277574,-0.16929717338758005,-1.2768506086166087e-18,-0.0040743997676486775,0.9999672982890869,3.440239948960865e-19,0.008087172090685131,-4.3931485715386764e-21
2.896,2.0497752399075537,-3.059776505853947e-18,1.0262366467965764,-0.16894290699453948,-1.2901223646598484e-18,-0.004058246541479494,0.9999661427103678,3.447242320706746e-19,0.008228817226578188,-7.851319886581819e-21
2.898,2.0494377129032273,-3.0623700434606695e-18,1.0262285462891092,-0.1685831802017322,-1.303420003399173e-18,-0.004042276149560283,0.9999649798243954,3.454220531260466e-19,0.008368938092521613,-1.1301697477532197e-20
2.9,2.0491009107619296,-3.0649902021716056e-18,1.026220477538605,-0.16821805390518782,-1.316743458725686e-18,-0.004026489666527,0.9999638102134256,3.4611745275823044e-19,0.008507541563103665,-1.4744299295056154e-20
2.902,2.0487648442220094,-3.0676368182216775e-18,1.026212440176233,-0.16784758871765135,-1.3296619980753335e-18,-0.004010888097938452,0.9999626344489432,3.1941580710996674e-19,0.008644634516795759,-1.5890030978573862e-20
2.904,2.048429523900875,-3.0703080418510124e-18,1.026204433831219,-0.16747184496845782,-1.34163897305309e-18,-0.003995472381435203,0.9999614530917657,3.2027323783725773e-19,0.008780223835651482,-1.4873215754572064e-20
2.906,2.0480949602955585,-3.0730039338921497e-18,1.026196458130981,-0.16709088270342032,-1.3542944931189373e-18,-0.0039802433878887945,0.9999602666921477,3.2111745691907043e-19,0.008914316405007934,-1.4886706704434512e-20
2.908,2.0477611637832838,-3.0757246633346836e-18,1.0261885127012609,-0.16670476168473133,-1.3665480410349023e-18,-0.0039652019225413365,0.9999590757898841,3.274180624396658e-19,0.009046919113189398,-1.5976414521580363e-20
2.91,2.047428144622035,-3.0784707927277048e-18,1.0261805971662543,-0.16631354139087767,-1.3794790933949962e-18,-0.003950348726135398,0.999957880914414,3.227533681133758e-19,0.009178038851213353,-1.6622175301107352e-20
2.912,2.047095912951122,-3.0812415566980656e-18,1.0261727111487393,-0.16591728101656839,-1.391254710560951e-18,-0.003935684476034174,0.9999566825849238,3.071784745801267e-19,0.009307682512498796,-1.6481189740594966e-20
2.914,2.04676447879175,-3.0840360140658977e-18,1.0261648542702015,-0.16551603947267585,-1.4030652251229731e-18,-0.003921209787332041,0.9999554813104506,2.9715305745801155e-19,0.009435856992576867,-1.5706041745522197e-20
2.916,2.0464338520475858,-3.0868530848456334e-18,1.0261570261509578,-0.16510987538618965,-1.414047781684805e-18,-0.003906925213955327,0.9999542775899849,2.9264745480770508e-19,0.00956256918880377,-1.4641448614178517e-20
2.918,2.046104042505326,-3.089692553353172e-18,1.0261492264102772,-0.16469884710018337,-1.4252837412723282e-18,-0.003892831249753405,0.999953071912573,2.7720487938809246e-19,0.009687826000075997,-1.4159972504235592e-20
2.92,2.0457750598352655,-3.092553130265042e-18,1.0261414546665002,-0.16428301267379403,-1.4351565766137764e-18,-0.003878928329580107,0.9999518647574198,2.5635658020303135e-19,0.00981163432654783,-1.1913842504873194e-20
2.922,2.0454469135918645,-3.095433387703188e-18,1.0261337105371557,-0.16386242988221397,-1.445072570921099e-18,-0.003865216830365388,0.9999506565939907,2.5751909064384983e-19,0.009934001069351111,-1.1600989670676956e-20
2.924,2.0451196132143163,-3.0983331250021075e-18,1.0261259936390759,-0.16343715621669525,-1.4547081748435998e-18,-0.0038516970721772736,0.9999494478821136,2.586728987849815e-19,0.01005493313031728,-1.1631792409703375e-20
2.926,2.044793168027117,-3.101252644113464e-18,1.0261183035885082,-0.16300724888456625,-1.4649260363194147e-18,-0.0038383693192741344,0.9999482390720803,2.6528697559003924e-19,0.01017443741170167,-1.206042895631084e-20
2.928,2.0444675872406304,-3.104192460804585e-18,1.026110640001227,-0.1625727648092605,-1.4749696623893199e-18,-0.0038252337811472245,0.9999470306047481,2.7186992954043903e-19,0.010292520815910054,-1.2488194100533811e-20
2.93,2.044142879951658,-3.107153088295618e-18,1.0261030024926412,-0.16213376063035756,-1.4858083189175444e-18,-0.003812290613553501,0.9999458229116402,2.838978534077238e-19,0.010409190245227417,-1.2286100485757629e-20
2.932,2.0438190551440063,-3.1101353591838184e-18,1.0260953906779013,-0.16169029270363564,-1.4963614866036222e-18,-0.0037995399195387934,0.9999446164150475,2.6843260079034084e-19,0.010524452601548974,-1.4197666380601704e-20
2.934,2.0434961216890533,-3.1131381287248476e-18,1.0260878041720034,-0.16124241710113627,-1.5063074593106969e-18,-0.0037869817504512402,0.9999434115281275,2.5303037663202916e-19,0.010638314786113405,-1.713332242998072e-20
2.936,2.043174088346317,-3.116160400890567e-18,1.0260802425898916,-0.16079018961124036,-1.5160799069809112e-18,-0.00377461610694507,0.9999422086550056,2.7062077535603373e-19,0.010750783699238303,-1.8014561903377144e-20
2.938,2.042852963764022,-3.1192032300488833e-18,1.0260727055465586,-0.16033366573875607,-1.5266485908000434e-18,-0.003762442939974672,0.9999410081908741,2.7171384386741177e-19,0.010861866240057819,-1.563296329090039e-20
2.94,2.0425327564796665,-3.122266624803931e-18,1.026065192657144,-0.15987290070501786,-1.5368249766069399e-18,-0.003750462151779053,0.9999398105220916,2.782854215142595e-19,0.010971569306262514,-1.434449051803189e-20
2.942,2.0422134749205902,-3.125351275282354e-18,1.026057703537031,-0.15940794944799708,-1.5479041932879122e-18,-0.003738673596856601,0.9999386160262824,2.7934517783281195e-19,0.011079899793841398,-1.4027933916785988e-20
2.944,2.0418951274045396,-3.128457188501646e-18,1.0260502378019405,-0.15893886662242346,-1.557836490730105e-18,-0.0037270770829302344,0.9999374250724345,2.6394182019470903e-19,0.01118686459682614,-1.4558091836770596e-20
2.946,2.041577722140235,-3.131583079703565e-18,1.0260427950680238,-0.15846570659991796,-1.5681338466178913e-18,-0.0037156723719029452,0.9999362380209987,2.65077424474182e-19,0.011292470607037452,-1.3558086577147887e-20
2.948,2.041261267227936,-3.1347293913781195e-18,1.0260353749519533,-0.15798852346913642,-1.5782568387072253e-18,-0.0037044591808036782,0.9999350552239857,2.771702752278192e-19,0.011396724713833638,-1.1656872727235377e-20
2.95,2.040945770660009,-3.137896744245528e-18,1.0260279770710117,-0.157507371035924,-1.5890670101926127e-18,-0.003693437182723672,0.9999338770250639,2.7271614745558296e-19,0.011499633803861292,-1.3340911116416238e-20
2.952,2.0406312403214892,-3.1410846786628164e-18,1.0260206010431785,-0.15702230282348043,-1.5987308766614354e-18,-0.003682606007743223,0.9999327037596563,2.4088809421007114e-19,0.011601204760808139,-1.333558746583496e-20
2.954,2.0403176839906503,-3.1442912298782213e-18,1.0260132464872151,-0.15653337207253584,-1.6077923600165494e-18,-0.0036719652438488852,0.9999315357550373,2.3664441259038324e-19,0.011701444465158013,-1.056634924438047e-20
2.956,2.040005109339565,-3.147515734583722e-18,1.0260059130227486,-0.1560406317415371,-1.6166844939283465e-18,-0.003661514437841141,0.9999303733304294,2.3241245883107275e-19,0.011800359793947973,-8.489321673671359e-21
2.958,2.039693523934672,-3.15075785487764e-18,1.0259986002703525,-0.1555441345068444,-1.6254080757774895e-18,-0.00365125309623257,0.9999292167970985,2.2819620619152316e-19,0.011897957620527517,-6.7606275257231e-21
2.96,2.039382935237339,-3.1540172544553177e-18,1.025991307851627,-0.15504393276293832,-1.6339639045285644e-18,-0.0036411806861365087,0.9999280664584492,2.240037369745968e-19,0.011994244814319918,-4.6937557471205146e-21
2.962,2.039073350604427,-3.1572935986018606e-18,1.0259840353892764,-0.15454007862263677,-1.6423527690608358e-18,-0.0036312966361462633,0.9999269226101204,2.1983889738259248e-19,0.012089228240585666,-1.9472703860944684e-21
2.964,2.038764777288852,-3.1605865541697726e-18,1.025976782507186,-0.1540326239173223,-1.650575450480652e-18,-0.0036216003372049146,0.9999257855400793,2.1568515036440461e-19,0.012182914760187988,1.0708145439797299e-22
2.966,2.0384572224401487,-3.1638957895758623e-18,1.0259695488304958,-0.15352162019717902,-1.6586327323930799e-18,-0.003612091143465644,0.9999246555287158,2.1155498834387142e-19,0.01227531122936047,2.4988528212024144e-21
2.968,2.038150693105033,-3.1672209748012475e-18,1.0259623339856736,-0.1530071187314395,-1.6665253928007797e-18,-0.0036027683731427217,0.9999235328489361,2.0744399114200145e-19,0.012366424499476735,4.885020725620738e-21
2.97,2.037845196227962,-3.1705617813761275e-18,1.025955137600586,-0.15248917050864144,-1.6742542066724322e-18,-0.0035936313093531368,0.9999224177662557,2.0333950961911186e-19,0.012456261416822205,6.236883457208602e-21
2.972,2.037540738651697,-3.173917882391774e-18,1.0259479593045677,-0.1519678262368938,-1.6818199590441414e-18,-0.003584679200948862,0.9999213105388924,1.9924581366125924e-19,0.012544828822367909,6.899125463469053e-21
2.974,2.0372373271178637,-3.177288952516764e-18,1.0259407987284892,-0.15144313634415252,-1.6892234438985102e-18,-0.0035759112633398558,0.9999202114178585,1.9516297013974727e-19,0.012632133551546347,6.874602928480974e-21
2.976,2.03693496826751,-3.1806746680126284e-18,1.025933655504823,-0.15091515097850552,-1.6964654560387871e-18,-0.0035673266793077784,0.999919120647052,1.9110376451917942e-19,0.012718182434029397,7.192040097928866e-21
2.978,2.0366336686416697,-3.184074706723785e-18,1.025926529267708,-0.15038392000846718,-1.7035467843463836e-18,-0.0035589245998104914,0.9999180384633488,1.870637431060613e-19,0.012802982293508246,7.508403510723186e-21
2.98,2.0363334346819166,-3.1874887480682482e-18,1.025919419653012,-0.14984949302328174,-1.7104682143065156e-18,-0.003550704144777302,0.999916965096693,1.8304285020066831e-19,0.01288653994747535,7.824106129936739e-21
2.982,2.036034272730926,-3.1909164730309836e-18,1.0259123262983934,-0.14931191933323607,-1.7172305275587126e-18,-0.0035426644038950832,0.9999159007701872,1.790498221651915e-19,0.012968862207008413,8.824014060585725e-21
2.984,2.0357361890330323,-3.1943575641523155e-18,1.0259052488433609,-0.1487712479699811,-1.7238344952523353e-18,-0.003534804437385253,0.9999148457001822,1.750711348533313e-19,0.013049955876556364,9.478613357478414e-21
2.986,2.0354391897347828,-3.1978117055110896e-18,1.0258981869293315,-0.14822752768686237,-1.7302808896845071e-18,-0.003527123276771624,0.9999138000963667,1.710890183204813e-19,0.013129827753727341,8.418195610520573e-21
2.988,2.0351432808854977,-3.201278582746572e-18,1.0258911401996873,-0.14768080695925925,-1.736570498167548e-18,-0.003519619925639201,0.9999127641618556,1.6711701225700708e-19,0.013208484629078655,6.674725260166061e-21
2.99,2.034848468437824,-3.2047578830776102e-18,1.0258841082998302,-0.14713113398493277,-1.742704112529133e-18,-0.003512293360383946,0.9999117380932787,1.6315956675958566e-19,0.013285933285908744,4.592457567823462e-21
2.992,2.0345547582482895,-3.2082492953094512e-18,1.0258770908772363,-0.14657855668438208,-1.7486825250402007e-18,-0.0035051425309535504,0.9999107220808682,1.5922113680061853e-19,0.013362180500051096,2.514019241219389e-21
2.994,2.034262156077859,-3.2117525098266675e-18,1.025870087581507,-0.14602312270120935,-1.754506522613141e-18,-0.0034981663615792536,0.9999097163085459,1.5531531975754762e-19,0.01343723303967013,1.4681111489990338e-21
2.996,2.0339706675924867,-3.2152672185731943e-18,1.0258630980644208,-0.14546487940249314,-1.76017687590255e-18,-0.0034913637514987403,0.9999087209540101,1.5145104449543656e-19,0.013511097665059047,2.137553365748203e-21
2.998,2.033680298363668,-3.218793115013726e-18,1.0258561219799818,-0.14490387387916986,-1.765694335282497e-18,-0.0034847335756701633,0.9999077361888214,1.4760960569786817e-19,0.013583781128439611,3.148170446944237e-21
3.0,2.0333910538689923,-3.2223298941021775e-18,1.025849158984468,-0.14434015294642352,-1.7710596417984983e-18,-0.0034782746854773285,0.9999067621784891,1.4378627404636764e-19,0.013655290173763875,4.156121794164388e-21
3.0020000000000002,2.033102939492695,-3.2258772522708742e-18,1.0258422087364776,-0.1437737631440835,-1.7762735325153976e-18,-0.0034719859094260726,0.9999057990825551,1.3998562223601275e-19,0.013725631536517844,5.504047837123327e-21
3.004,2.0328159605262064,-3.2294348874191798e-18,1.0258352708969738,-0.14320475073703037,-1.7813367382042943e-18,-0.0034658660538319135,0.9999048470546794,1.3620284908123303e-19,0.013794811943527047,6.848111745558313e-21
3.0060000000000002,2.032530122168701,-3.2330024989063495e-18,1.025828345129329,-0.1426331617156095,-1.786249986752754e-18,-0.003459913903498953,0.9999039062427241,1.3243787493585634e-19,0.01386283811276403,8.188326888509483e-21
3.008,2.0322454295276473,-3.23657978754161e-18,1.0258214310993672,-0.14205904179605253,-1.791014001493192e-18,-0.0034541282223901344,0.9999029767888362,1.286953526046995e-19,0.013929716753157746,9.867741477660581e-21
3.0100000000000002,2.0319618876193553,-3.2401664555766783e-18,1.0258145284754039,-0.14148243642090652,-1.795629500385723e-18,-0.0034485077542888605,0.999902058829531,1.2497516986856755e-19,0.013995454564404854,1.1885555940807749e-20
3.012,2.031679501369523,-3.2437622066911815e-18,1.0258076369282874,-0.14090339075947067,-1.800097193716006e-18,-0.0034430512234520367,0.9999011524957742,1.212819841646085e-19,0.014060058236782887,1.4583194650852336e-20
3.0140000000000002,2.031398275613782,-3.2473667459775584e-18,1.025800756131436,-0.14032194970824055,-1.804417783608818e-18,-0.0034377573352545646,0.9999002579130638,1.176156770248462e-19,0.014123534450965312,1.795905051001426e-20
3.016,2.0311182150982443,-3.2509797799229996e-18,1.025793885760876,-0.13973815789135985,-1.808591962742976e-18,-0.0034326247768253558,0.9998993752015114,1.1396643796919782e-19,0.014185889877838457,2.1326672046026142e-20
3.0180000000000002,2.030839324480046,-3.2546010163956915e-18,1.0257870254952766,-0.1391520596610793,-1.8126204204477545e-18,-0.003427652217674888,0.9998985044759227,1.103293522306678e-19,0.014247131178320296,2.434304937263554e-20
3.02,2.0305616083278886,-3.2582301646434085e-18,1.0257801750159852,-0.13856369909822291,-1.8165038487378742e-18,-0.0034228383103143685,0.9998976458458774,1.0669471809599073e-19,0.014307265003181092,2.6324982427809655e-20
3.0220000000000002,2.030285071122584,-3.261866935303186e-18,1.025773334007061,-0.13797312001266138,-1.8202429431902905e-18,-0.0034181816908665083,0.9998967994158093,1.0308205453615737e-19,0.014366297992865883,2.86446209880846e-20
3.024,2.030009717257595,-3.2655110403991074e-18,1.0257665021553064,-0.13738036594379255,-1.823838394221231e-18,-0.0034136809796680456,0.9998959652850846,9.950105619749564e-20,0.014424236777318805,3.198601536120411e-20
3.0260000000000002,2.029735551039575,-3.2691624085929144e-18,1.0257596791502985,-0.13678548016102876,-1.8277214170414388e-18,-0.0034093347818639833,0.9998951435480804,1.233271205820608e-19,0.014481087975809236,3.355295604285223e-20
3.028,2.0294625766889087,-3.2728225475968832e-18,1.025752864684419,-0.1361885056642912,-1.8323214433518023e-18,-0.0034051416879935866,0.9998943342942627,1.0863147282577066e-19,0.014536858196759777,3.3274261486173083e-20
3.0300000000000002,2.0291907983402497,-3.2764903390310883e-18,1.0257460584528821,-0.13558948518451094,-1.8352666730767824e-18,-0.0034011002745682555,0.9998935376082635,7.755462227019528e-20,0.014591554037576024,3.289209071241035e-20
3.032,2.0289202200430587,-3.2801637725714075e-18,1.0257392601537632,-0.13498846118413677,-1.838287411185858e-18,-0.003397209104641267,0.9998927535699575,9.59581552833296e-20,0.014645182084478157,3.144665175883334e-20
3.0340000000000003,2.0286508457621393,-3.283843861458849e-18,1.0257324694880239,-0.1343854758576496,-1.8418138179473757e-18,-0.003393466728369444,0.999891982254538,9.236160908521157e-20,0.014697748912334312,3.13542350552833e-20
3.036,2.0283826793781734,-3.2875304303295657e-18,1.025725686159538,-0.13378057113208344,-1.8447675916867073e-18,-0.0033898716835668273,0.9998912237325922,8.879508936951836e-20,0.01474926108449575,3.1261635791555346e-20
3.0380000000000003,2.028115724688256,-3.291223233504143e-18,1.025718909875116,-0.13317378866755283,-1.848119901069915e-18,-0.0033864224962503746,0.9998904780701764,9.073475573438804e-20,0.014799725152633798,3.2458872646110385e-20
3.04,2.0278499854064287,-3.2949225996763247e-18,1.0257121403445273,-0.13256516985778657,-1.8513304420795706e-18,-0.003383117681177717,0.99988974532889,1.0362613319033249e-19,0.014849147656578554,3.417641810667741e-20
3.0420000000000003,2.027585465164211,-3.2986291427395525e-18,1.0257053772805225,-0.13195475583066785,-1.8551529723788352e-18,-0.0033799557423771225,0.9998890255659494,9.448054247518033e-20,0.014897535124159368,3.2104219544636955e-20
3.044,2.0273221675111324,-3.302342217824736e-18,1.0256986203988547,-0.1313425874487805,-1.857647491005994e-18,-0.0033769351736695663,0.9998883188342609,6.347098965046147e-20,0.014944894071047059,3.17337229935732e-20
3.0460000000000003,2.027060095915262,-3.306059497606256e-18,1.0256918694182988,-0.13072870530996145,-1.8595739740954358e-18,-0.0033740544591830965,0.9998876251824933,5.458511094992002e-20,0.014991231000597878,3.3434183234162265e-20
3.048,2.0267992537637376,-3.3097802806119207e-18,1.025685124060671,-0.13011314974785915,-1.8611509900375124e-18,-0.0033713120738594424,0.9998869446551496,4.575155505682093e-20,0.015036552403699223,3.581549489314445e-20
3.0500000000000003,2.026539644363293,-3.3135038696236363e-18,1.025678384050846,-0.12949596083249798,-1.8623802524057375e-18,-0.0033687064839530347,0.9998862772926387,3.6980339101205265e-20,0.015080864758617066,3.956170536787381e-20
3.052,2.0262812709407854,-3.3172297860883523e-18,1.0256716491167748,-0.1288771783708486,-1.863693969043549e-18,-0.003366236147522352,0.9998856231313459,5.562936979757614e-20,0.0151241745308451,4.0829546319258845e-20
3.0540000000000003,2.026024136643721,-3.3209592400720686e-18,1.0256649189894993,-0.12825684190740402,-1.8657378151044887e-18,-0.0033638995149137658,0.9998849822037027,5.223118815902492e-20,0.015166488172955598,4.037094442845975e-20
3.056,2.0257682445407776,-3.3246921086770672e-18,1.0256581934031685,-0.12763499072476142,-1.867216321851538e-18,-0.00336169502923785,0.9998843545382569,6.531573197631375e-20,0.015207812124451988,4.103429534721941e-20
3.0580000000000003,2.0255135976223313,-3.3284291660912597e-18,1.0256514720950518,-0.12701166384420973,-1.869854637015093e-18,-0.0033596211268382766,0.999883740159741,6.741594117876022e-20,0.015248152811623098,4.2891121162439735e-20
3.06,2.0252601988009746,-3.3321705381370025e-18,1.0256447548055525,-0.12638690002632255,-1.8713872184734015e-18,-0.003357676237753308,0.999883139089141,4.203391502174678e-20,0.015287516647399104,4.276401011303398e-20
3.0620000000000003,2.02500805091204,-3.3359145549879553e-18,1.0256380412782193,-0.1257607377715568,-1.872571896029851e-18,-0.0033558587861699475,0.9998825513437637,3.319470227366767e-20,0.01532591003120916,4.16993466677729e-20
3.064,2.0247571567141183,-3.339660307658571e-18,1.0256313312597585,-0.12513321532085672,-1.8731951482785855e-18,-0.0033541671908708156,0.999881976937304,2.4415648675448622e-20,0.015363339348840675,4.097887294254104e-20
3.0660000000000003,2.024507518889578,-3.3434073224268938e-18,1.0256246245000435,-0.1245043706562631,-1.8736907676122235e-18,-0.003352599865673797,0.9998814158799113,1.5683568266420202e-20,0.015399810972300275,4.060238614571091e-20
3.068,2.0242591400450807,-3.3471546627910205e-18,1.0256179207521248,-0.12387424150152793,-1.8735211020478712e-18,-0.0033511552198645035,0.9998808681782559,6.990090890364328e-21,0.015435331259676405,3.919880288801953e-20
3.0700000000000003,2.0240120227120992,-3.3509016117767666e-18,1.0256112197722382,-0.12324286532273414,-1.8733355352095164e-18,-0.0033498316586216405,0.9998803338355937,-7.1545151826044e-21,0.015469906555003582,3.71976047016857e-20
3.072,2.023766169347432,-3.3546473125655035e-18,1.0256045213198133,-0.12261027932892057,-1.8724885900878022e-18,-0.0033486275834352813,0.999879812851831,6.219952334809335e-21,0.015503543188128273,3.751712029707862e-20
3.074,2.023521582333714,-3.358392957465053e-18,1.0255978251574795,-0.12197652047271192,-1.873243271069695e-18,-0.003347541392518152,0.9998793052235893,3.5985015835732715e-20,0.015536247474576423,3.895164355333802e-20
3.076,2.023278263979932,-3.3621403430488027e-18,1.0255911310510735,-0.12134162545095359,-1.874192562676668e-18,-0.003346571481209956,0.9998788109442678,4.36517357989229e-20,0.015568025715422582,3.798419690452475e-20
3.078,2.023036216521935,-3.365890467175027e-18,1.025584438769643,-0.12070563070535163,-1.875981575647775e-18,-0.0033457162423748002,0.9998783300041073,5.67641054784638e-20,0.015598884197160651,3.693352965118044e-20
3.08,2.0227954421229417,-3.3696440727573973e-18,1.0255777480854524,-0.12006857242311739,-1.8775301171251906e-18,-0.0033449740667917806,0.9998778623902518,4.2436799660251527e-20,0.01562882919157624,3.837033836983207e-20
3.082,2.022555942874051,-3.3734002126603787e-18,1.0255710587739866,-0.1194304865376169,-1.8785163414417072e-18,-0.003344343343538782,0.9998774080868108,2.817207955570589e-20,0.015657866955620617,3.9460961753351793e-20
3.084,2.0223177207947485,-3.377157765031059e-18,1.0255643706139532,-0.11879140872902506,-1.8789430276077623e-18,-0.003343822460369544,0.99987696707492,1.3985718735765847e-20,0.015686003731286226,4.1233686280559916e-20
3.086,2.0220807778334122,-3.3809156135590352e-18,1.0255576833872857,-0.11815137442498438,-1.8788129389714144e-18,-0.0033434098040840297,0.9998765393328022,-1.280254064558511e-22,0.015713245745483818,4.3345101972651424e-20
3.088,2.021845115867816,-3.3846726474457142e-18,1.0255509968791443,-0.1175104188012683,-1.8781288246363523e-18,-0.003343103760892224,0.9998761248358267,-1.4164095621014437e-20,0.015739599209921133,4.6135819859593925e-20
3.09,2.0216107367056346,-3.3884278689956354e-18,1.0255443108779172,-0.1168685767824489,-1.8772162772130077e-18,-0.0033429027167713255,0.9998757235565694,-7.726048553084209e-22,0.015765070320983145,4.5404371403757054e-20
3.092,2.021377642084943,-3.3921822579914134e-18,1.0255376251752206,-0.11622588304256927,-1.8773675159412343e-18,-0.003342805057816447,0.999875335464871,1.8024387163023205e-20,0.015789665259613873,4.458811641338662e-20
3.094,2.0211458336747197,-3.3959371835016566e-18,1.025530939565898,-0.11558237200581994,-1.8775010984176172e-18,-0.003342809170584871,0.999874960527895,9.344399153244416e-21,0.015813390191199723,4.557861390047971e-20
3.096,2.0209153130753426,-3.3996920353140045e-18,1.0255242538480192,-0.1149380778472198,-1.8772940876545732e-18,-0.003342913442433891,0.9998745987101864,7.1098529099675145e-22,0.01583625126545438,4.690823730489166e-20
3.098,2.0206860818190884,-3.403446133927086e-18,1.0255175678228778,-0.11429303449330111,-1.8767481681628534e-18,-0.0033431162618523303,0.999874249973727,-7.892283295066588e-21,0.015858254616305238,4.7549959213840634e-20
3.1,2.020458141370629,-3.4071988032029435e-18,1.0255108812949896,-0.1136472756227988,-1.875865017791233e-18,-0.0033434160187857903,0.9998739142779934,-1.6460180864823593e-20,0.015879406361781336,4.784681864843426e-20
3.102,2.0202314931275267,-3.4109493703515605e-18,1.0255041940720881,-0.11300083466734372,-1.8746463076336995e-18,-0.003343811104955619,0.9998735915800117,-2.4998300220896528e-20,0.015899712603902823,4.7457022267182134e-20
3.104,2.0200061384207255,-3.4146971659202086e-18,1.025497505965122,-0.11235374481215997,-1.8730937038713732e-18,-0.0033442999141717836,0.999873281834413,-3.3512217348326866e-20,0.015919179428571916,4.6039992935108393e-20
3.106,2.0197820785150458,-3.418441523783142e-18,1.025490816788249,-0.11170603899676622,-1.871208866703079e-18,-0.003344880842639567,0.9998729849934885,-4.198575045185997e-20,0.015937812905465372,4.4625215440494565e-20
3.108,2.019559314609674,-3.4221817811272186e-18,1.0254841263588328,-0.11105774991568088,-1.868993448489081e-18,-0.0033455522892602532,0.9998727010072429,-5.04300173252584e-20,0.015955619087928443,4.252745632871579e-20
3.11,2.019337847838652,-3.425917278437172e-18,1.0254774344974358,-0.1104089100191311,-1.8664490951359475e-18,-0.003346312655925783,0.9998724298234483,-5.883969612842309e-20,0.015972604012870317,4.009095956476912e-20
3.112,2.019117679271364,-3.4296473594824943e-18,1.0254707410278134,-0.10975955151376557,-1.8635774450569516e-18,-0.0033471603478074734,0.9998721713876966,-6.720949508345036e-20,0.01598877370066102,3.7659965664197567e-20
3.114,2.0188988099130247,-3.433371371301448e-18,1.0254640457769073,-0.10910970636337101,-1.8603801289950162e-18,-0.0033480937736388543,0.9998719256434526,-7.554505370649696e-20,0.01600413415502982,3.4892663216010285e-20
3.116,2.0186812407051637,-3.4370886641862918e-18,1.0254573485748377,-0.10845940628959232,-1.8568587698069995e-18,-0.0033491113459926765,0.999871692532105,-8.384109351870523e-20,0.016018691362965038,3.2131662368791235e-20
3.118,2.018464972526108,-3.440798591666911e-18,1.0254506492548956,-0.10780868277265626,-1.8530149823646016e-18,-0.0033502114815521238,0.9998714719930176,-9.211975495487324e-20,0.016032451294615366,2.800648549451838e-20
3.12,2.0182500061914657,-3.4445007257234547e-18,1.0254439476535344,-0.10715756705209874,-1.8492808288765164e-18,-0.0033513926013763206,0.9998712639635805,-7.290588730797844e-20,0.016045419903192592,2.6191473872511745e-20
3.122,2.0180363424546055,-3.4481963265438694e-18,1.025437243610361,-0.1065060901274955,-1.8461941809027084e-18,-0.003352653131160171,0.9998710683792605,-8.664141080428464e-20,0.01605760312487578,2.6965889472913105e-20
3.124,2.0178239820071364,-3.451884209736265e-18,1.0254305369681254,-0.10585428275919624,-1.8414919710821144e-18,-0.003353991501488663,0.9998708851736468,-1.112680451532954e-19,0.016069006878716808,2.7570853562911365e-20
3.126,2.0176129254793853,-3.4555626224537518e-18,1.0254238275727117,-0.10520217546906208,-1.836903824591794e-18,-0.0033554061480854636,0.9998707142785053,-1.1381737847707478e-19,0.01607963706654749,2.987723931620877e-20
3.128,2.017403173440873,-3.4592313269670737e-18,1.0254171152731273,-0.10454979854120625,-1.831783846786565e-18,-0.0033568955120561574,0.9998705556238239,-1.1634355926793547e-19,0.016089499572887928,3.2863785438758416e-20
3.13,2.0171947264007897,-3.462890230753006e-18,1.0254103999214916,-0.10389718202273814,-1.8271031772658062e-18,-0.003358458040125993,0.9998704091378605,-1.0798209248918799e-19,0.016098600264856367,3.018575524924739e-20
3.132,2.0169875848084673,-3.4665397441175373e-18,1.025403681373025,-0.10324435572451036,-1.822536647556581e-18,-0.0033600921848722424,0.9998702747471906,-9.417840618554889e-20,0.01610694499208043,2.742621006551072e-20
3.134,2.0167817490538518,-3.470180919887677e-18,1.0253969594860362,-0.10259134922186909,-1.8186215868318685e-18,-0.0033617964049512524,0.9998701523767534,-1.0231448606875293e-19,0.016114539586609723,2.913864712926493e-20
3.136,2.0165772194679734,-3.473813334817448e-18,1.0253902341219105,-0.10193819185540728,-1.8138477158974145e-18,-0.0033635691653202157,0.9998700419498981,-9.945565645535991e-20,0.016121389862829846,3.1013727915988944e-20
3.138,2.0163739963234155,-3.477437212357471e-18,1.0253835051450972,-0.10128491273172102,-1.810155764511716e-18,-0.003365408937453723,0.9998699433884298,-8.567060692265412e-20,0.016127501617377756,3.202274633561061e-20
3.14,2.016172079834781,-3.481053527117849e-18,1.0253767724230956,-0.1006315407241688,-1.8061409439106453e-18,-0.0033673141995551577,0.9998698566126538,-8.844813779281471e-20,0.016132880629058502,3.0896707500510737e-20
3.142,2.015971470159159,-3.4846621363735745e-18,1.0253700358264415,-0.0999781044736336,-1.8024503458494367e-18,-0.0033692834367629785,0.9998697815414205,-9.119592443347797e-20,0.01613753265876333,3.080114572188724e-20
3.144,2.015772167396589,-3.488262718486293e-18,1.0253632952286935,-0.0993246323892879,-1.7981138863461514e-18,-0.00337131514135194,0.9998697180921685,-9.939043663565411e-20,0.016141463449389108,3.2164306916101427e-20
3.146,2.0155741715905227,-3.4918549888602905e-18,1.0253565505064184,-0.09867115264936144,-1.79431812591446e-18,-0.003373407812929376,0.9998696661809691,-7.470652866534529e-20,0.016144678725759126,3.059490355305502e-20
3.148,2.0153774827282858,-3.495440421558138e-18,1.0253498015391762,-0.09801769320191163,-1.7910602259046464e-18,-0.0033755599586264445,0.9998696257225679,-8.298108367775607e-20,0.016147184194545205,3.2644856318530545e-20
3.15,2.0151821007415376,-3.4990185461449955e-18,1.025343048209505,-0.09736428176559678,-1.7870460573746973e-18,-0.003377770093284573,0.9998695966304276,-9.120719180577744e-20,0.016148985544191145,3.6060367043167325e-20
3.152,2.0149880255067285,-3.502588785754497e-18,1.025336290402905,-0.09671094583045178,-1.7831395512491385e-18,-0.0033800367396370446,0.9998695788167697,-9.950121342834475e-20,0.016150088444837486,3.364365944966772e-20
3.154,2.014795256845557,-3.506150422242739e-18,1.0253295280078236,-0.09605771265866651,-1.778478976899781e-18,-0.0033823584284857606,0.9998695721926153,-1.1325085929781794e-19,0.016150498548247592,3.132037492333681e-20
3.156,2.014603794525425,-3.509702739822458e-18,1.0253227609156377,-0.09540460928536659,-1.7739285909498648e-18,-0.003384733698873357,0.9998695766678259,-9.949479201870097e-20,0.016150221487735015,3.129974969041895e-20
3.158,2.0144136382598896,-3.513246496625636e-18,1.025315989020638,-0.09475166251939672,-1.7699177737758354e-18,-0.0033871610982505983,0.9998695921511438,-8.579838173386194e-20,0.01614926287809217,3.162197845146006e-20
3.16,2.0142247877091157,-3.516782769124956e-18,1.0253092122200118,-0.0940988989441064,-1.7664438625694e-18,-0.0033896391826391654,0.9998696185502309,-7.216132359822065e-20,0.016147628315520312,3.2286642329655976e-20
3.162,2.0140372424803274,-3.520312628480362e-18,1.0253024304138254,-0.09344634491813797,-1.763504207338026e-18,-0.0033921665167898963,0.9998696557717083,-5.860545777942462e-20,0.016145323377560757,3.192245058739258e-20
3.164,2.0138510021282547,-3.523837140564238e-18,1.025295643505007,-0.09279402657621695,-1.761096170465322e-18,-0.003394741674336509,0.9998697037211945,-4.513044160074286e-20,0.01614235362302741,3.053183011338653e-20
3.166,2.0136660661555816,-3.527357365985837e-18,1.0252888513993281,-0.09214196982994474,-1.759217126374497e-18,-0.003397363237944853,0.9998697623033441,-3.1730392222292014e-20,0.016138724591940542,2.8460631138885785e-20
3.168,2.013482434013391,-3.530874360115248e-18,1.0252820540053864,-0.09149020036859336,-1.757864461534138e-18,-0.0034000297994577836,0.9998698314218839,-1.8382867292993118e-20,0.016134441805461832,2.7080516393541745e-20
3.17,2.01330010510161,-3.534389173107948e-18,1.0252752512345862,-0.09083874365990251,-1.7570355749278588e-18,-0.0034027399600356804,0.999869910979651,-5.093113301357231e-21,0.016129510765830638,2.604762548649713e-20
3.172,2.0131190787694506,-3.5379028499299506e-18,1.0252684430011196,-0.09018762495087859,-1.75672787813033e-18,-0.0034054923302926643,0.999870000878629,8.14467255080682e-21,0.016123936956301547,2.570292869830054e-20
3.174,2.01293935431585,-3.541416430383242e-18,1.0252616292219487,-0.08953686926859593,-1.7569387955511354e-18,-0.0034082855304285627,0.9998701010199835,2.1319709587841118e-20,0.01611772584108313,2.5359143648404635e-20
3.176,2.012760930989911,-3.544930949131006e-18,1.025254809816785,-0.08888650142099987,-1.7576657638728764e-18,-0.0034111181903566765,0.9998702113040979,3.443780714139772e-20,0.016110882865277936,2.5358468014195298e-20
3.178,2.01258380799134,-3.548447435722193e-18,1.0252479847080707,-0.08823654599771193,-1.758906232203676e-18,-0.003413988949827462,0.9998703316306087,4.748822890583644e-20,0.016103413454823714,2.501606180091076e-20
3.18,2.01240798447088,-3.551966914615857e-18,1.025241153820958,-0.08758702737083683,-1.7606576613141998e-18,-0.0034168964585480333,0.9998704618984386,6.04547214141168e-20,0.016095323016435823,2.330527952460582e-20
3.182,2.012233459530748,-3.5554901899950116e-18,1.0252343170832903,-0.0869379696957714,-1.7624871063155567e-18,-0.0034198393762977183,0.999870602005832,4.049051730606694e-20,0.016086616937550872,2.3499754019802625e-20
3.184,2.0120602322250654,-3.55901601763169e-18,1.0252274744255805,-0.0862893969120153,-1.763425746642554e-18,-0.00342281637303956,0.9998707518503875,4.259259286401517e-20,0.016077300586271548,2.60811320398141e-20
3.186,2.011888301560291,-3.56254466556222e-18,1.025220625780992,-0.08564133274398349,-1.765307251864375e-18,-0.003425826129027926,0.999870911329091,5.563563392631921e-20,0.016067379311312645,2.848117308095844e-20
3.188,2.0117176664956475,-3.566076759314715e-18,1.0252137710853169,-0.08499380070182048,-1.7667277796789105e-18,-0.0034288673349122008,0.9998710803383483,4.6680472526910236e-20,0.01605685844194824,2.9857670358576455e-20
3.19,2.011548325943552,-3.569611988709799e-18,1.0252069102769557,-0.08434682408221623,-1.7686583796413423e-18,-0.003431938691836681,0.9998712587740171,7.063707409755994e-20,0.01604574328796009,2.933105466434022e-20
3.192,2.0113802787700408,-3.573152018009692e-18,1.025200043296896,-0.0837004259692237,-1.7715269411986325e-18,-0.0034350389115366618,0.9998714465314381,9.448560561503676e-20,0.016034039139587182,2.9148766433236223e-20
3.194,2.011213523795194,-3.57669850329031e-18,1.0251931700886912,-0.08305462923507792,-1.7750060177097678e-18,-0.0034381667164307904,0.9998716435054669,9.07787336136807e-20,0.016021751267476413,2.735118842825312e-20
3.196,2.0110480597935583,-3.580251514115048e-18,1.025186290598439,-0.08240945654101675,-1.777909129120607e-18,-0.0034413208397097547,0.9998718495905033,8.16184191048552e-20,0.01600888492263448,2.6330752989912625e-20
3.198,2.010883885494568,-3.583810224034445e-18,1.02517940477476,-0.08176493033810303,-1.78077713103818e-18,-0.0034445000254213283,0.9998720646805225,7.799985556073686e-20,0.015995445336380868,2.6252422391262764e-20
3.2,2.0107209995829654,-3.5873743478835934e-18,1.0251725125687756,-0.08112107286804818,-1.783394990914572e-18,-0.0034477030285518075,0.999872288669104,8.53751943868916e-20,0.015981437720301993,2.5998899435178693e-20
3.202,2.010559400699217,-3.590944535132369e-18,1.0251656139340866,-0.0804779061640373,-1.7869479034900645e-18,-0.0034509286151039624,0.9998725214494613,1.0367936080138856e-19,0.015966867266206487,2.557096665728086e-20
3.204,2.0103990874399322,-3.594522006415838e-18,1.0251587088267504,-0.07983545205155557,-1.7904633392883803e-18,-0.0034541755621714555,0.9998727629144697,9.447292319041935e-20,0.015951739146081594,2.3868270467957314e-20
3.206,2.010240058358275,-3.598106148185618e-18,1.025151797205259,-0.079193732149216,-1.7936186741633514e-18,-0.003457442658009858,0.9998730129566956,8.532096180992365e-20,0.015936058512050676,2.2854444042089246e-20
3.208,2.0100823119643794,-3.601696242016875e-18,1.025144879030517,-0.07855276786958852,-1.7964156842875364e-18,-0.0034607287021042525,0.9998732714684236,7.623417842669954e-20,0.015919830496331857,2.3212285475888245e-20
3.21,2.009925846725759,-3.6052915730315184e-18,1.0251379542658186,-0.07791258042003016,-1.798856139827915e-18,-0.0034640325052334928,0.999873538341684,6.719050257917212e-20,0.015903060211197743,2.35688912134834e-20
3.212,2.009770661067717,-3.608891429883607e-18,1.0251310228768244,-0.0772731908035166,-1.8009418028255773e-18,-0.0034673528895311887,0.9998738134682795,5.819517973371894e-20,0.015885752748936246,2.4266889767017822e-20
3.214,2.0096167533737557,-3.6124951047443555e-18,1.0251240848315406,-0.07663461981947485,-1.802674428611818e-18,-0.0034706886885434297,0.9998740967398119,4.9264348289640456e-20,0.01586791318181249,2.633292731998885e-20
3.216,2.0094641219859795,-3.616101893289974e-18,1.0251171401002939,-0.07599688806461691,-1.804055767043518e-18,-0.0034740387472833143,0.9998743880477078,4.038146353312904e-20,0.015849546562031816,2.873631939787172e-20
3.218,2.0093127652055025,-3.6197110946900715e-18,1.0251101886557097,-0.07536001593377468,-1.8050875609448864e-18,-0.0034774019222823236,0.9998746872832446,3.1530008422303044e-20,0.015830657921703836,3.0448824728683174e-20
3.22,2.0091626812928505,-3.6233220115904504e-18,1.0251032304726888,-0.07472402362073585,-1.805771543810922e-18,-0.003480777081638584,0.9998749943375751,2.272607154359379e-20,0.015811252272807576,3.2499131385598327e-20
3.222,2.009013868468361,-3.62693395009611e-18,1.0250962655283844,-0.07408893111908073,-1.806109441741957e-18,-0.0034841631050620742,0.9998753091017524,1.396946964357594e-20,0.015791334607157665,3.488685139578398e-20
3.224,2.0088663249125855,-3.630546219757679e-18,1.0250892938021783,-0.07345475822302008,-1.8061029740652032e-18,-0.0034875588839168234,0.9998756314667543,5.265399054398762e-21,0.015770909896371577,3.795340449274412e-20
3.226,2.008720048766684,-3.634158241157265e-18,1.0250823152756579,-0.07282152452823394,-1.8060766512284025e-18,-0.0034909633212601462,0.9998759613235068,2.397991136951369e-20,0.015749983091837914,3.852431748164599e-20
3.228,2.0085750381328236,-3.637771409939457e-18,1.025075329932593,-0.07218924943271116,-1.8072138251112075e-18,-0.0034943753318789246,0.9998762985629078,3.1596548176690576e-20,0.015728559124685747,3.72117550557496e-20
3.23,2.0084312910745727,-3.641386397746987e-18,1.0250683377589118,-0.07155795213758989,-1.8077880100442387e-18,-0.0034977938423230346,0.9998766430758502,3.919759369008433e-20,0.01570664290575497,3.555954446541741e-20
3.232,2.0082888056172936,-3.645003695105458e-18,1.025061338742678,-0.07092765164799894,-1.8096306528012258e-18,-0.0035012177909359435,0.9998769947532438,5.771869669718486e-20,0.015684239325567676,3.408129910502164e-20
3.234,2.0081475797485333,-3.648624577679462e-18,1.0250543328740662,-0.0702983667738997,-1.8112292708861463e-18,-0.0035046461278825007,0.9998773534860382,4.879840435884851e-20,0.015661353254300563,3.5777917445607083e-20
3.236,2.0080076114184138,-3.652248594408012e-18,1.0250473201453394,-0.06967011613092894,-1.8126933540108614e-18,-0.0035080778151740165,0.9998777191652446,3.444405526672621e-20,0.01563798954175834,3.7898638263462886e-20
3.238,2.0078688985400186,-3.65587483070984e-18,1.0250403005508242,-0.06904291814124226,-1.8137002685830998e-18,-0.0035115118266905777,0.9998780916819563,5.848075631395727e-20,0.015614153017348148,3.7015490838294336e-20
3.24,2.0077314389897802,-3.659504706650512e-18,1.025033274086888,-0.0684167910343582,-1.8160812700507113e-18,-0.003514947148200769,0.9998784709273707,4.9535704929419347e-20,0.015589848490054951,3.733478032803517e-20
3.242,2.0075952306078646,-3.663137627651058e-18,1.0250262407519144,-0.06779175284800291,-1.8168173381656665e-18,-0.003518382777378747,0.9998788567928092,4.0617087426849e-20,0.015565080748417953,3.66250966772461e-20
3.244,2.007460271198552,-3.6667732166862845e-18,1.0250192005462802,-0.06716782142895546,-1.818821227310396e-18,-0.0035218177238187515,0.9998792491697375,5.3660660935488967e-20,0.015539854560507957,3.591822184595605e-20
3.246,2.0073265585306204,-3.670411995324216e-18,1.0250121534723304,-0.06654501443389363,-1.819934889669022e-18,-0.003525251009047083,0.9998796479497856,3.926182602295839e-20,0.015514174673905737,3.666875038293949e-20
3.248,2.0071940903377237,-3.6740531912433314e-18,1.0250050995343556,-0.06592334933024029,-1.82113127366544e-18,-0.0035286816665316043,0.999880053024767,1.9441703668036533e-20,0.015488045815681356,3.784442313660155e-20
3.25,2.007062864318769,-3.677695247163595e-18,1.0249980387385673,-0.06530284339701013,-1.820903103521514e-18,-0.0035321087416887763,0.9998804642866979,1.6134857726868822e-20,0.015461472692374443,3.70483193740031e-20
3.2520000000000002,2.006932878138293,-3.681337796260965e-18,1.024990971093074,-0.06468351372565694,-1.8216245528544645e-18,-0.0035355312918883006,0.9998808816278154,1.2848894731411516e-20,0.01543445998997544,3.659659550498469e-20
3.254,2.0068041294268375,-3.684980760387867e-18,1.024983896607858,-0.06406537722092116,-1.82146161251343e-18,-0.003538948386455415,0.9998813049405963,3.1514436103832414e-20,0.01540701237390778,3.717720315190429e-20
3.2560000000000002,2.0066766157813194,-3.688625423967521e-18,1.0249768152947503,-0.06344845060167795,-1.8231082340987237e-18,-0.003542359106670849,0.9998817341177748,3.3619333135133655e-20,0.015379134489011018,3.629700108824392e-20
3.258,2.006550334765404,-3.69227173838291e-18,1.024969727167408,-0.06283275040178542,-1.823112382179839e-18,-0.0035457625457685025,0.9998821690523597,1.92789296024671e-20,0.0153508309595249,3.635714071875585e-20
3.2600000000000002,2.006425283909873,-3.695918972657026e-18,1.0249626322412897,-0.062218292970933266,-1.824171913645412e-18,-0.003549157808930894,0.9998826096376521,2.687914172219815e-20,0.015322106389074337,3.3338783491710594e-20
3.262,2.0063014607129914,-3.6995675828625985e-18,1.0249555305336313,-0.06160509447549163,-1.8244522944041715e-18,-0.003552544013282385,0.9998830557672619,3.4456013432070624e-20,0.015292965360655325,3.0327649684402786e-20
3.2640000000000002,2.006178862640875,-3.7032180954093755e-18,1.0249484220634228,-0.06099317089936016,-1.826109966813104e-18,-0.003555920287880265,0.9998835073351241,3.6533072873382035e-20,0.015263412436621762,2.7750994417976714e-20
3.266,2.006057487127853,-3.706870604535521e-18,1.0249413068513842,-0.06038253804481731,-1.8264488910912887e-18,-0.0035592857737037228,0.9998839642355152,3.3136282759793146e-20,0.015233452158673173,2.5607021228293e-20
3.2680000000000002,2.005937331576831,-3.710524881802409e-18,1.0249341849199414,-0.05977321153336973,-1.8278423451695457e-18,-0.0035626396236407044,0.9998844263630686,2.976590228955629e-20,0.01520308904784335,2.415201871190488e-20
3.27,2.0058183933596525,-3.714180771624275e-18,1.0249270562932027,-0.05916520680660186,-1.828025598577918e-18,-0.0035659810024727483,0.9998848936127906,2.6382668880459398e-20,0.015172327604489872,2.1671852707256593e-20
3.2720000000000002,2.0057006698174558,-3.717838298149279e-18,1.0249199209969353,-0.05855853912702555,-1.829586745650573e-18,-0.003569309086857825,0.9998853658800745,5.042502925978609e-20,0.015141172308284505,1.878151712394695e-20
3.274,2.0055841582610334,-3.721498741231945e-18,1.0249127790585408,-0.057953223578929756,-1.8307981174032185e-18,-0.003572623065311183,0.999885843060716,3.602622777283592e-20,0.015109627618204505,1.7849654145816927e-20
3.2760000000000002,2.0054688559711864,-3.725161474515749e-18,1.024905630507032,-0.05734927506923029,-1.831985073093046e-18,-0.003575922138184269,0.9998863250509274,4.36623918855482e-20,0.015077697972524775,1.8301836263255703e-20
3.278,2.0053547601990784,-3.728826880438474e-18,1.0248984753730095,-0.05674670832831954,-1.8334705203538325e-18,-0.0035792055176418008,0.9998868117473518,5.1272748448482033e-20,0.015045387788810899,1.9438037547882714e-20
3.2800000000000002,2.0052418681665887,-3.732495554512156e-18,1.024891313688637,-0.056145537910916116,-1.83525299023035e-18,-0.0035824724276369165,0.9998873030470761,5.886266743442109e-20,0.015012701463913028,2.1599253085016904e-20
3.282,2.005130177066661,-3.736168089322674e-18,1.0248841454876196,-0.05554577819691453,-1.8373310247257335e-18,-0.003585722103884552,0.9998877988476451,6.641684123007858e-20,0.01497964337396063,2.3755992149220406e-20
3.2840000000000003,2.0050196840636554,-3.7398450745477326e-18,1.0248769708051784,-0.05494744339223467,-1.839703173589881e-18,-0.0035889537938330256,0.9998882990470745,7.392519280226342e-20,0.014946217874358078,2.5223420253115166e-20
3.286,2.004910386293691,-3.743527096969862e-18,1.024869789678028,-0.05435054752967118,-1.8423679908375094e-18,-0.0035921667566338675,0.9998888035438634,8.139297998498368e-20,0.014912429299781088,2.6344978054652155e-20
3.2880000000000003,2.0048022808649955,-3.747214740483783e-18,1.0248626021443539,-0.05375510446974273,-1.8453240355354593e-18,-0.003595360263109949,0.9998893122370067,8.882039550071785e-20,0.01487828196417398,2.7121480339162637e-20
3.29,2.004695364858246,-3.750908586107283e-18,1.0248554082437868,-0.053161127901541,-1.8485698709054015e-18,-0.003598533595721934,0.9998898250260072,9.619738192377259e-20,0.014843780160747772,2.6868899983769447e-20
3.2920000000000003,2.004589635326913,-3.754609211986932e-18,1.0248482080173822,-0.0525686313435795,-1.852104062253998e-18,-0.003601686048533088,0.9998903418108874,1.0352918653616985e-19,0.014808928161979098,2.5931889702420678e-20
3.294,2.0044850892975994,-3.758317193402176e-18,1.024841001507595,-0.05197762814464216,-1.8559251775149833e-18,-0.0036048169271724975,0.9998908624922013,1.1081597438873906e-19,0.014773730219609938,2.4312067557458752e-20
3.2960000000000003,2.0043817237703796,-3.762033102771487e-18,1.024833788758258,-0.051388131484631554,-1.8600317883234155e-18,-0.0036079255487966866,0.9998913869710451,1.1806299585757287e-19,0.01473819056464816,2.2352859200093316e-20
3.298,2.004279535719136,-3.765757509661337e-18,1.0248265698145576,-0.05080015437541692,-1.864422470794688e-18,-0.003611011242049726,0.9998919151490683,1.2527040739505298e-19,0.014702313407368845,2.005547103480942e-20
3.3000000000000003,2.0041785220918955,-3.769490980795493e-18,1.0248193447230118,-0.05021370966168174,-1.86909580658855e-18,-0.0036140733470218294,0.9998924469284844,1.3245352739146633e-19,0.014666102937316447,1.844897912567412e-20
3.302,2.004078679811161,-3.773234080070159e-18,1.0248121135314472,-0.04962881002177102,-1.8740503863148042e-18,-0.003617111215206494,0.9998929822120812,1.3959742881741791e-19,0.014629563323307691,1.6504679854568232e-20
3.3040000000000003,2.003980005774245,-3.776987368568115e-18,1.0248048762889754,-0.049045467968538134,-1.8792848049416767e-18,-0.0036201242094561596,0.9998935209032305,1.4669719636302576e-19,0.014592698713435303,1.3879933669762003e-20
3.306,2.003882496853599,-3.780751404564283e-18,1.0247976330459718,-0.04846369585019127,-1.8847976604549393e-18,-0.0036231117039365306,0.9998940629058978,1.537530131436407e-19,0.014555513235072474,1.0576349259417376e-20
3.3080000000000003,2.003786149897142,-3.784526635939791e-18,1.0247903838540515,-0.0478835058511394,-1.890264774915184e-18,-0.0036260730840794726,0.9998946081246526,1.3888198717735443e-19,0.014518010994878129,9.997958113370298e-21
3.31,2.0036909617285876,-3.788311894726531e-18,1.0247831287660476,-0.04730490999283777,-1.894933210860177e-18,-0.0036290077465345955,0.9998951564646762,1.2957645692246658e-19,0.014480196078802932,9.339773282870272e-21
3.3120000000000003,2.003596929147768,-3.792106664205907e-18,1.024775867835989,-0.04672792013463288,-1.899883348227981e-18,-0.003631915099119522,0.9998957078317716,1.312689607320349e-19,0.014442072552096067,7.83875135512935e-21
3.314,2.0035040489309583,-3.795910933229322e-18,1.024768601119078,-0.04615254797460695,-1.9042533791994003e-18,-0.0036347945607688933,0.999896262132372,1.110599908834964e-19,0.014403644459312763,9.055987323657597e-21
3.3160000000000003,2.0034123178311987,-3.799723148919962e-18,1.0247613286716675,-0.04557880505042179,-1.907830643737069e-18,-0.003637645561482099,0.9998968192735487,9.094198687996355e-20,0.014364915824322562,9.926164904044203e-21
3.318,2.003321732578613,-3.803541729665927e-18,1.0247540505512394,-0.045006702740162094,-1.9106190590540947e-18,-0.003640467542269832,0.9998973791630192,7.090954244152441e-20,0.014325890650318328,1.0108306897035613e-20
3.3200000000000003,2.003232289880728,-3.807365101667754e-18,1.024746766816383,-0.04443625226317811,-1.9126225209026584e-18,-0.0036432599550994408,0.9998979417091558,5.0972059891545144e-20,0.01428657291982599,1.0289309650680523e-20
3.322,2.0031439864227893,-3.8111916988979164e-18,1.0247394775267724,-0.043867464680927656,-1.9138449057451158e-18,-0.003646022262839106,0.9998985068209918,3.112908910716359e-20,0.014246966594715006,1.046918879229126e-20
3.3240000000000003,2.003056818868078,-3.815019963063966e-18,1.0247321827431455,-0.043300350897817516,-1.914290072566527e-18,-0.0036487539392009555,0.9998990744082301,1.1394843469946366e-20,0.014207075616209552,1.167502713387258e-20
3.326,2.002970783858222,-3.818848558763032e-18,1.0247248825272814,-0.04273492166204406,-1.914392236995224e-18,-0.0036514544686830287,0.9998996443812496,2.4617191963696957e-20,0.014166903904900427,1.0353415111360687e-20
3.3280000000000003,2.0028858780135073,-3.8226782373575325e-18,1.02471757694198,-0.042171187566433184,-1.915336776717552e-18,-0.0036541233465101834,0.9999002166511121,3.2297888503140606e-20,0.014126455360757661,8.427606907820998e-21
3.33,2.002802097933191,-3.826509460296534e-18,1.0247102660510399,-0.041609159049279525,-1.9157211563126053e-18,-0.0036567600785739982,0.9999007911295684,7.083755364307778e-21,0.014085733863143822,9.37010371765278e-21
3.332,2.002719440195806,-3.8303404634500534e-18,1.024702949919237,-0.041048846395184836,-1.9151177740023824e-18,-0.00365936418137164,0.999901367729066,-1.8020428132510754e-20,0.014044743270828023,9.625078435295037e-21
3.334,2.0026379013594693,-3.834169276180413e-18,1.0246956286123043,-0.040490259735895644,-1.913531511841237e-18,-0.003661935181943752,0.9999019463627532,-4.300561181718201e-20,0.014003487422000627,9.878213520696376e-21
3.336,2.0025574779621866,-3.837993937589466e-18,1.0246883021969095,-0.03993340905114001,-1.9109672275975054e-18,-0.0036644726178114142,0.9999025269444864,-6.786755559908971e-20,0.013961970134288612,1.0472562563330323e-20
3.338,2.0024781665221556,-3.8418124964726785e-18,1.0246809707406355,-0.03937830416946348,-1.9074297576932085e-18,-0.003666976036912165,0.9999031093888353,-9.261158782983713e-20,0.013920195204771642,1.1064703428539886e-20
3.34,2.002399963538067,-3.8456230112762745e-18,1.0246736343119585,-0.038824954769064154,-1.9029239163930018e-18,-0.003669444997535114,0.999903693611088,-1.172287271612395e-19,0.013878166409998787,1.2339912671011846e-20
3.342,2.0023228654894054,-3.8494236576483836e-18,1.024666292980228,-0.03827337037862687,-1.8977772751478626e-18,-0.0036718790682552056,0.9999042795272561,-1.1434255207061886e-19,0.013835887506005923,1.151774563689087e-20
3.344,2.002246868836746,-3.8532145923176395e-18,1.024658946815646,-0.03772356037815643,-1.893176172820603e-18,-0.0036742778278666317,0.9999048670540803,-1.060201723713251e-19,0.013793362228333779,9.251879766952181e-21
3.346,2.0021719700220526,-3.8569961500895225e-18,1.024651595889247,-0.03717553399980994,-1.8882566610944648e-18,-0.0036766408653154236,0.9999054561090343,-1.2511462666082756e-19,0.013750594292046657,9.767401344871703e-21
3.348,2.002098165468972,-3.860767121384997e-18,1.0246442402728773,-0.03662930032872811,-1.8825902895866e-18,-0.0036789677796312753,0.9999060466103292,-1.4411378967756661e-19,0.013707587391751768,1.062334321820266e-20
3.35,2.002025451583126,-3.8645260161867565e-18,1.0246368800391752,-0.03608486830386563,-1.8761807576518597e-18,-0.0036812581798585757,0.9999066384769186,-1.630275048113079e-19,0.013664345201619249,1.1134057187094277e-20
3.352,2.0019538247524054,-3.868271351857847e-18,1.024629515261551,-0.035542246718820496,-1.869031746005525e-18,-0.003683511684986709,0.9999072316285021,-1.8184684940194319e-19,0.013620871375402781,1.1984819226419238e-20
3.354,2.0018832813472573,-3.872001653105341e-18,1.024622146014167,-0.03500144422266227,-1.8611469190462433e-18,-0.003685727923879652,0.999907825985529,-2.005722184928961e-19,0.013577169546460866,1.317564562093724e-20
3.356,2.001813817720975,-3.875715451950334e-18,1.024614772371918,-0.034462469320759366,-1.852529925827138e-18,-0.003687906535204857,0.999908421469202,-2.1920868727648095e-19,0.013533243327778699,1.43639230150244e-20
3.358,2.001745430209984,-3.879411287696084e-18,1.0246073944104117,-0.03392533037560515,-1.843184399471381e-18,-0.0036900471673615076,0.9999090180014809,-2.377520351687186e-19,0.01348909631199069,1.589148537614052e-20
3.36,2.001678115134127,-3.883087706895104e-18,1.0246000122059495,-0.03339003560764301,-1.8331139558242515e-18,-0.0036921494784081,0.9999096155050857,-2.562212055970519e-19,0.01344473207140357,1.6387424038430745e-20
3.362,2.0016118687969477,-3.886743263310501e-18,1.0245926258355071,-0.03285659309609027,-1.8223221892507695e-18,-0.0036942131359894237,0.9999102139034992,-2.74607404681371e-19,0.013400154158020126,1.6539049496763572e-20
3.364,2.0015466874859706,-3.890376517873983e-18,1.024585235376715,-0.032325010779760945,-1.810812673893506e-18,-0.003696237817262943,0.9999108131209703,-2.92901853220094e-19,0.01335536610356352,1.7032448988103884e-20
3.366,2.0014825674729835,-3.8939860386486856e-18,1.0245778409078405,-0.03179529645788734,-1.7985889683527087e-18,-0.0036982232088246083,0.9999114130825165,-3.111141125426457e-19,0.013310371419502217,1.71815600490288e-20
3.368,2.001419505014314,-3.897570400796745e-18,1.0245704425077677,-0.03126745779094046,-1.7856546115313653e-18,-0.0037001690066341257,0.9999120137139266,-3.2925375590607603e-19,0.0132651735970755,1.6302759063473166e-20
3.37,2.0013574963511074,-3.9011281865357824e-18,1.02456304025598,-0.030741502301449182,-1.7720131199153745e-18,-0.0037020749159396957,0.9999126149417621,-3.4731209574659837e-19,0.013219776107319557,1.5082942461719554e-20
3.372,2.0012965377096004,-3.90465798509549e-18,1.024555634232541,-0.03021743737481824,-1.757667989197512e-18,-0.0037039406512022546,0.9999132166933603,-3.652941109272572e-19,0.013174182401094164,1.3179890776777589e-20
3.374,2.001236625301396,-3.9081585002669616e-18,1.024548224518076,-0.029695270260144888,-1.742837878670206e-18,-0.0037057659360192354,0.9999138188968356,-3.6123558047523248e-19,0.013128395909109934,1.3047371031949045e-20
3.376,2.001177755323734,-3.911629769027572e-18,1.024540811193754,-0.029175008071034344,-1.7284931805826993e-18,-0.0037075505030478616,0.9999144214810816,-3.57196191522336e-19,0.013082420041956125,1.2914991912796238e-20
3.378,2.0011199239597626,-3.915072365484212e-18,1.02453339434127,-0.02865665778641391,-1.7140937215345181e-18,-0.003709294093928004,0.9999150243757718,-3.4769393899374145e-19,0.01303625819012902,1.2711433107423566e-20
3.38,2.0010631273788055,-3.91848693370893e-18,1.0245259740428267,-0.028140226251345785,-1.700608108536911e-18,-0.0037109964592046602,0.9999156275113623,-3.327545598821234e-19,0.012989913724060864,1.2437278919150661e-20
3.382,2.00100736173663,-3.921874795559603e-18,1.024518550381117,-0.02762572017783852,-1.6873869694500797e-18,-0.003712657358249957,0.9999162308190919,-3.1239095925740417e-19,0.012943389994149344,1.2092944660296732e-20
3.384,2.000952623175711,-3.9252374472673624e-18,1.0245111234393058,-0.027113146145657158,-1.6751821532183914e-18,-0.0037142765591848727,0.9999168342309833,-3.030480580158843e-19,0.012896690330787615,1.4975759584135602e-20
3.386,2.000898907825496,-3.928575230205815e-18,1.0245036933010137,-0.02660251060313195,-1.6625896410159904e-18,-0.0037158538388005376,0.9999174376798446,-3.1571301315622057e-19,0.012849818044394874,1.5393874118504135e-20
3.388,2.0008462118026666,-3.931887765159376e-18,1.0244962600502987,-0.026093819867965714,-1.6498268841122716e-18,-0.00371738898247924,0.9999180410992693,-3.2834865855084326e-19,0.012802776425447457,1.444033638673359e-20
3.39,2.000794531211399,-3.935173923146344e-18,1.0244888237716396,-0.025587080128039758,-1.6363566055994802e-18,-0.0037188817841150765,0.9999186444236372,-3.2445186685217333e-19,0.012755568744510474,1.4305923644071307e-20
3.392,2.000743862143622,-3.938433907179173e-18,1.024481384549919,-0.025082297442218363,-1.6235809966891304e-18,-0.0037203320460343506,0.9999192475881145,-3.315464686420058e-19,0.012708198252269957,1.4654703023834164e-20
3.394,2.0006942006792765,-3.941666986455265e-18,1.0244739424704066,-0.024579477741151844,-1.6092368884395164e-18,-0.0037217395789156866,0.9999198505286546,-3.659962298959242e-19,0.012660668179565543,1.7064067922680836e-20
3.396,2.000645542886568,-3.9448708912051095e-18,1.0244664976187423,-0.0240786268280781,-1.5947302299744766e-18,-0.003723104201709852,0.9999204531819976,-3.5644694668673133e-19,0.012612981737423644,1.8227592872096987e-20
3.398,2.0005978848222234,-3.9480461591635714e-18,1.0244590500809199,-0.023579750379622712,-1.5805998021819069e-18,-0.003724425741559388,0.9999210554856705,-3.46955788825886e-19,0.01256514211709115,1.836164866289251e-20
3.4,2.0005512225317417,-3.9511935409490065e-18,1.0244515999432708,-0.023082853946597495,-1.5668437623992273e-18,-0.0037257040337179857,0.9999216573779869,-3.3752253832220476e-19,0.012517152490069619,1.7467857629816863e-20
3.402,2.0005055520496455,-3.954313783495096e-18,1.024444147292448,-0.022587942954797553,-1.5534602683892194e-18,-0.003726938921469682,0.999922258798047,-3.281427447983672e-19,0.012469016008149958,1.5891285920967258e-20
3.404,2.000460869399731,-3.957407630053902e-18,1.0244366922154098,-0.022095022705796784,-1.5404474820558288e-18,-0.0037281302560478557,0.9999228596857365,-3.188075759042082e-19,0.012420735803447618,1.4319221259685726e-20
3.406,2.000417170595313,-3.960475820210908e-18,1.0244292347994042,-0.02160409837774181,-1.5278035751311256e-18,-0.003729277896554076,0.9999234599817264,-3.095083067613272e-19,0.012372314988438245,1.3435698802945849e-20
3.408,2.000374451639475,-3.9635190899061104e-18,1.0244217751319533,-0.021115175026144333,-1.515526730601819e-18,-0.0037303817098767724,0.999924059627472,-3.0024897672745444e-19,0.01232375665599384,1.2897257818054133e-20
3.41,2.0003327085253098,-3.966538171457133e-18,1.0244143133008377,-0.020628257584671916,-1.5036151426705728e-18,-0.0037314415706098175,0.9999246585652124,-2.910462731850284e-19,0.012275063879419373,1.1332939274584112e-20
3.412,2.0002919372361645,-3.9695337935736084e-18,1.024406849394081,-0.02014335086593711,-1.4920670077144219e-18,-0.003732457360970944,0.999925256737969,-2.8189585035083024e-19,0.012226239712489876,9.086587815488055e-21
3.414,2.0002521337458816,-3.972506681359779e-18,1.024399383499935,-0.019660459562284988,-1.480880525053216e-18,-0.0037334289707200885,0.9999258540895445,-2.727974661021545e-19,0.012177287189488004,6.1610330033601755e-21
3.416,2.0002132940190385,-3.9754573411418696e-18,1.0243919157068642,-0.019179588246579,-1.4696235371339226e-18,-0.003734356297077653,0.9999264505645219,-2.965896230437417e-19,0.01212820932524205,7.412724662122184e-21
3.418,2.000175414011185,-3.9783841249778e-18,1.0243844461035316,-0.018700741372985198,-1.4570053191669813e-18,-0.0037352392446426985,0.9999270461082628,-3.257384025944393e-19,0.012079009115164413,9.755641242795923e-21
3.42,2.0001384896690815,-3.981285034601086e-18,1.0243769747787839,-0.018223923277754742,-1.4438936840886848e-18,-0.0037360777253110703,0.9999276406669058,-3.2737941862783974e-19,0.012029689535290527,8.334760722359401e-21
3.422,2.000102516930933,-3.98415965995409e-18,1.024369501821636,-0.01774913818000475,-1.4307210961784781e-18,-0.0037368716581935063,0.9999282341873651,-3.2902940959701653e-19,0.011980253542318218,5.54673448251966e-21
3.424,2.0000674917266226,-3.987007879424913e-18,1.0243620273212584,-0.01727639018249739,-1.4174878486307516e-18,-0.0037376209695337273,0.9999288266173285,-3.306719448066586e-19,0.011930704073647512,2.764538035836647e-21
3.426,2.0000334099779433,-3.989829571985298e-18,1.0243545513669612,-0.016805683272417292,-1.4041942320098269e-18,-0.003738325592626504,0.9999294179052558,-3.32302962156947e-19,0.01188104404742088,3.316066730487091e-22
3.428,2.000000267598829,-3.992624617187727e-18,1.0243470740481813,-0.016337021322147174,-1.3908405376033637e-18,-0.003738985467735759,0.9999300080003765,-3.3392245582450297e-19,0.011831276362563897,-1.7528882160567535e-21
3.43,1.9999680604955827,-3.9953928951705514e-18,1.0243395954544683,-0.015870408090041734,-1.377427059551614e-18,-0.003739600542012639,0.999930596852688,-3.355304634686076e-19,0.011781403898826339,-3.4905850568181935e-21
3.432,1.9999367845671046,-3.998134286659186e-18,1.0243321156754706,-0.015405847221199755,-1.3639540889849352e-18,-0.0037401707694136857,0.9999311844129536,-3.371513405790063e-19,0.0117314295168237,-6.936912413955738e-21
3.434,1.9999064357051166,-4.000848888132135e-18,1.0243246348009216,-0.014943342248234428,-1.3508522712245362e-18,-0.0037406961106190213,0.9999317706326991,-3.0584759266556736e-19,0.011681356058079106,-8.705121720109694e-21
3.436,1.999877009794388,-4.0035389473524576e-18,1.0243171529206274,-0.014482896592041859,-1.3391956829389269e-18,-0.003741176532950627,0.9999323554642119,-2.856326603791271e-19,0.011631186345065663,-8.284290710472238e-21
3.438,1.9998485027129569,-4.006205553787485e-18,1.0243096701244523,-0.014024513562567767,-1.3272554058207423e-18,-0.003741612010290648,0.9999329388605371,-3.09375189764253e-19,0.011580923181249193,-7.697138811209076e-21
3.44,1.9998209103323517,-4.0088473514527404e-18,1.0243021865023065,-0.013568196359572345,-1.3143876487527586e-18,-0.003742002522999862,0.999933520775476,-3.330210633298195e-19,0.011530569351131368,-8.482112889273095e-21
3.442,1.999794228517811,-4.0114627051601176e-18,1.024294702144133,-0.013113948073393266,-1.3010273623532512e-18,-0.003742348057836177,0.9999341011635828,-3.2363792611701955e-19,0.01148012762029326,-7.589274303274616e-21
3.444,1.9997684531285016,-4.014052139596479e-18,1.0242872171398953,-0.012661771685706829,-1.288468088494561e-18,-0.003742648607873309,0.9999346799801621,-3.142911715805471e-19,0.011429600735439248,-6.0125492980582625e-21
3.446,1.999743580017735,-4.016616248584752e-18,1.0242797315795642,-0.012211670070287232,-1.2755222228915076e-18,-0.0037429041724195444,0.9999352571812653,-3.3243627113263675e-19,0.011378991424441338,-6.181612830196983e-21
3.448,1.9997196050331822,-4.019153757496728e-18,1.0242722455531057,-0.011763645993763951,-1.2618685746160898e-18,-0.0037431147569366723,0.9999358327236887,-3.5049148444777023e-19,0.011328302396383848,-6.0080590506472316e-21
3.45,1.9996965240170879,-4.021663254278628e-18,1.0242647591504688,-0.011317702116377212,-1.2475106530242722e-18,-0.003743280372959056,0.9999364065649697,-3.6846107983845144e-19,0.011277536341608482,-5.8357387986641825e-21
3.452,1.9996743328064814,-4.024143333878648e-18,1.0242572724615737,-0.010873840992731549,-1.2324519499490999e-18,-0.003743401038012875,0.9999369786633838,-3.8634165078490497e-19,0.011226695931759751,-5.322001838291338e-21
3.454,1.9996530272333883,-4.026592598213813e-18,1.0242497855762993,-0.01043206507254742,-1.2166959435402889e-18,-0.0037434767755355463,0.9999375489779415,-4.0412968432077796e-19,0.011175783819830792,-4.124199265470956e-21
3.456,1.9996326031250389,-4.0290098713278535e-18,1.0242422985844721,-0.009992376701410894,-1.2006764628435172e-18,-0.0037435076147953237,0.9999381174683848,-3.8895516619123297e-19,0.011124802640209517,-4.668636947485408e-21
3.458,1.9996130563040755,-4.0313962424707385e-18,1.024234811575854,-0.009554778121521368,-1.1859010922300728e-18,-0.0037434935908111098,0.9999386840951837,-3.57405972303912e-19,0.011073755008725148,-5.393881596411814e-21
3.46,1.9995943825887592,-4.033753979056042e-18,1.0242273246401312,-0.009119271472437315,-1.171933336914186e-18,-0.003743434744272464,0.9999392488195332,-3.4242640785380354e-19,0.011022643522695073,-3.535080627209782e-21
3.462,1.999576577793174,-4.036084369063434e-18,1.0242198378669032,-0.008685858791820055,-1.1585540539456653e-18,-0.003743331121459856,0.9999398116033494,-3.2750999374271203e-19,0.01097147076097208,-9.949540193565215e-22
3.464,1.9995596377274296,-4.038388371379902e-18,1.0242123513456711,-0.008254542016175516,-1.1454375941699294e-18,-0.0037431827741651056,0.9999403724092659,-3.3462693646758467e-19,0.010920239283991908,-1.3035630313809846e-21
3.466,1.9995435581978636,-4.040665792155974e-18,1.0242048651658273,-0.007825322981594,-1.1319367852356386e-18,-0.0037429897596121214,0.9999409312006298,-3.30762517094598e-19,0.010868951633821155,-2.0750233924086392e-21
3.468,1.9995283350072406,-4.042916581873413e-18,1.0241973794166441,-0.007398203424487921,-1.1188064984245568e-18,-0.0037427521403778476,0.9999414879414986,-3.3788664078326753e-19,0.010817610334205512,-4.438664058768958e-21
3.47,1.999513963954952,-4.045140296496775e-18,1.0241898941872634,-0.0069731849823275165,-1.1048619080986855e-18,-0.003742469984313489,0.9999420425966361,-3.5045968718966246e-19,0.010766217890618318,-6.73873157908822e-21
3.472,1.9995004408372121,-4.047336243550421e-18,1.0241824095666863,-0.006550269194374503,-1.0911827693619118e-18,-0.0037421433644660015,0.999942595131508,-3.3554355800741325e-19,0.010714776790309457,-7.614719337512227e-21
3.474,1.999487761447255,-4.049505419877594e-18,1.0241749256437627,-0.006129457502413683,-1.0780907183921117e-18,-0.0037417723589998767,0.9999431455122786,-3.206982201191878e-19,0.01066328950235456,-8.488194563530749e-21
3.476,1.9994759215755273,-4.051648996759364e-18,1.0241674425071812,-0.005710751251482487,-1.065582862116093e-18,-0.0037413570511191855,0.9999436937058066,-3.059270093874338e-19,0.010611758477704531,-9.7018118308465e-21
3.478,1.9994649170098822,-4.053768139699787e-18,1.0241599602454585,-0.005294151690598425,-1.0536563162325594e-18,-0.0037408975289899616,0.9999442396796407,-2.912333076316633e-19,0.010560186149235378,-1.159741282448672e-20
3.48,1.99945474353577,-4.055864008444135e-18,1.024152478946931,-0.004879659973484459,-1.0423082085661208e-18,-0.003740393885662865,0.9999447834020156,-2.7659495594498805e-19,0.010508574931798357,-1.2118347026371022e-20
3.482,1.9994453969364283,-4.057937757015013e-18,1.024144998699743,-0.004467277159292262,-1.0315356888431527e-18,-0.00373984621899616,0.9999453248418482,-2.6202239419377246e-19,0.010456927222270413,-1.2294589240089165e-20
3.484,1.9994368729930705,-4.059990533753066e-18,1.0241375195918396,-0.0040570042133233775,-1.0213359236297792e-18,-0.0037392546315790317,0.9999458639687326,-2.4751534568870637e-19,0.010405245399604926,-1.2127774761535837e-20
3.486,1.9994291674850724,-4.062023481346065e-18,1.0241300417109551,-0.003648842007748241,-1.0117060941661272e-18,-0.0037386192306552205,0.9999464007529365,-2.3308061397381385e-19,0.010353531824882736,-1.230319664906556e-20
3.488,1.9994222761901583,-4.064037736858006e-18,1.0241225651446053,-0.0032427913223230798,-1.0026433946168464e-18,-0.0037379401280470113,0.9999469351653962,-2.18714329636463e-19,0.010301788841363471,-1.2478625120468182e-20
3.49,1.9994161948845846,-4.066034431751824e-18,1.0241150899800773,-0.002838852845104659,-9.941450302092885e-19,-0.003737217440079565,0.9999474671777128,-2.0442678547105514e-19,0.010250018774537165,-1.368118345305581e-20
3.492,1.9994109193433225,-4.068014691909777e-18,1.0241076163044216,-0.00243702717316288,-9.862082130593155e-19,-0.0037364512875055914,0.999947996762147,-1.9021419199113763e-19,0.010198223932176129,-1.556579883381653e-20
3.494,1.99940644534024,-4.069979637644283e-18,1.0241001442044426,-0.002037314813291206,-9.788301635286273e-19,-0.0037356417954304225,0.9999485238916151,-1.7606569560587007e-19,0.010146406604387133,-1.7103336094977795e-20
3.496,1.9994027686482807,-4.071930383723546e-18,1.0240926737666904,-0.0016397161827149194,-9.720081167996362e-19,-0.003734789093237409,0.9999490485396846,-1.619774853113673e-19,0.010094569063663832,-1.7951574063408847e-20
3.498,1.9993998850396428,-4.073868039402527e-18,1.024085205077452,-0.0012442316097971912,-9.657393251318209e-19,-0.0037338933145137343,0.9999495706805689,-1.4796306883095524e-19,0.010042713564939475,-1.9481916219998315e-20
3.5,1.9993977902859563,-4.075793708453304e-18,1.024077738222743,-0.0008508613347429543,-9.600210509310339e-19,-0.003732954596976587,0.9999500902891234,-1.340221999428265e-19,0.009990842345639881,-2.169437502605171e-20
3.5020000000000002,1.9993964801584583,-4.077708273996353e-18,1.0240702732882996,-0.00045960551030057515,-9.54420201230167e-19,-0.0037319730823997402,0.9999506073408403,-1.5301753681797776e-19,0.009938957625736652,-2.1174887032141275e-20
3.504,1.9993959504281669,-4.079610463009913e-18,1.0240628103595704,-7.046420246131069e-05,-9.47537520201586e-19,-0.003730948916540499,0.9999511218118439,-1.8288390158244444e-19,0.009887061607800668,-2.0205838068003177e-20
3.5060000000000002,1.999396196866055,-4.081498076640825e-18,1.0240553495217084,0.0003165626088434568,-9.4002506203378e-19,-0.003729882249067122,0.9999516336788861,-1.9071341721598564e-19,0.009835156477055825,-2.2883440172803126e-20
3.508,1.9993972152432204,-4.0833705762237666e-18,1.0240478908595638,0.0007014750290472186,-9.325313027863345e-19,-0.003728773233486551,0.9999521429193414,-1.7107432681023416e-19,0.009783244401433005,-2.3768591106681544e-20
3.5100000000000002,1.9993990013310572,-4.0852291473821196e-18,1.024040434457676,0.0010842732482555767,-9.26131891909442e-19,-0.0037276220270726483,0.9999526495112023,-1.5699718591893674e-19,0.009731327531624305,-2.3226949626583438e-20
3.512,1.9994015509014236,-4.087074825773906e-18,1.0240329804002657,0.0014649575405557321,-9.194229174738726e-19,-0.003726428790794801,0.999953153433074,-1.7589743803950942e-19,0.009679408001137507,-2.4079356251966754e-20
3.5140000000000002,1.999404859726809,-4.088906347233215e-18,1.0240255287712285,0.0018435282633282317,-9.119755431022908e-19,-0.003725193689246978,0.9999536546641695,-1.947182125809194e-19,0.009627487926350771,-2.595808868748037e-20
3.516,1.9994089235805008,-4.090722453784294e-18,1.024018079654127,0.0022199858565609804,-9.041161830398846e-19,-0.0037239168905772104,0.9999541531843055,-1.860085970871082e-19,0.009575569406567563,-2.5013691882028642e-20
3.5180000000000002,1.9994137382367483,-4.092523471823395e-18,1.0240106331321839,0.0025943308421655306,-8.970302163497179e-19,-0.00372259856641751,0.9999546489738961,-1.7186103704259367e-19,0.009523654524071815,-2.4465647758075725e-20
3.52,1.9994192994709257,-4.0943105141296984e-18,1.0240031892882757,0.0029665638232956515,-8.89960692191033e-19,-0.003721238891814235,0.9999551420139488,-1.7974591082863594e-19,0.009471745344183298,-2.7478403590610555e-20
3.5220000000000002,1.9994256030596944,-4.096083218483812e-18,1.023995748204925,0.003336685483668193,-8.829076872034335e-19,-0.0037198380451589105,0.9999556322860593,-1.6015933009653475e-19,0.009419843915313232,-2.834570310878579e-20
3.524,1.9994326447811634,-4.097842945393647e-18,1.0239883099642941,0.0037046965868862483,-8.768391005885735e-19,-0.00371839620811947,0.9999561197724063,-1.5710620628427636e-19,0.009367952269020086,-2.6999962836447375e-20
3.5260000000000002,1.999440420415048,-4.099590008345531e-18,1.0239808746481798,0.004070597975764621,-8.70243635861218e-19,-0.0037169135655720055,0.9999566044557462,-1.5408351182558185e-19,0.009316072420065607,-2.737055999624733e-20
3.528,1.9994489257428276,-4.1013245396933124e-18,1.023973442338005,0.004434390571657609,-8.641998096272766e-19,-0.003715390305532935,0.9999570863194085,-1.5657041771339975e-19,0.009264206366471057,-2.9059703714000415e-20
3.5300000000000002,1.9994581565479026,-4.103046455459317e-18,1.0239660131148136,0.004796075373789113,-8.578431421081498e-19,-0.003713826619091656,0.9999575653472904,-1.48091111720169e-19,0.009212356089573638,-2.913339517397347e-20
3.532,1.9994681086157489,-4.104756566908393e-18,1.0239585870592647,0.005155653458585067,-8.522517754262686e-19,-0.0037122227003436627,0.9999580415238515,-1.4512796509753128e-19,0.009160523554083132,-2.8469692180057576e-20
3.5340000000000003,1.9994787777340721,-4.10645478581281e-18,1.0239511642516261,0.005513125979008214,-8.460222354864592e-19,-0.003710578746324179,0.999958514834109,-1.4215988168959293e-19,0.00910871070813873,-2.5751602121981028e-20
3.536,1.99949015969296,-4.108141452955322e-18,1.0239437447717685,0.005868494163895216,-8.406639760374913e-19,-0.0037088949569421947,0.9999589852636325,-1.5020195803603576e-19,0.009056919483366056,-2.499495366899889e-20
3.5380000000000003,1.9995022502850326,-4.109816333588739e-18,1.0239363286991603,0.006221759317296128,-8.342358908292597e-19,-0.0037071715349150315,0.9999594527985382,-1.4178123490566811e-19,0.009005151794934368,-2.5416639824238432e-20
3.54,1.9995150453055932,-4.111479696308225e-18,1.0239289161128613,0.006572922817816213,-8.29109937201609e-19,-0.0037054086857034128,0.9999599174254845,-1.3339418607332774e-19,0.008953409541613963,-2.5151838443551203e-20
3.5420000000000003,1.9995285405527765,-4.113131806955366e-18,1.023921507091518,0.0069219861179601345,-8.229118305952887e-19,-0.003703606617446973,0.9999603791316665,-1.579564900377424e-19,0.00890169460583375,-2.6306591053099675e-20
3.544,1.999542731827695,-4.114771530446834e-18,1.0239141017133577,0.007268950743478512,-8.1683104827227305e-19,-0.0037017655409002934,0.9999608379048104,-1.5498533994213646e-19,0.008850008853738994,-2.5647127461399573e-20
3.5460000000000003,1.999557614934586,-4.1163988499865576e-18,1.0239067000561841,0.0076138182927168565,-8.105435663089638e-19,-0.0036998856693694214,0.9999612937331688,-1.520411279194589e-19,0.008798354135249254,-2.4989849001700133e-20
3.548,1.9995731856809549,-4.118013998667753e-18,1.0238993021973715,0.007956590435966887,-8.046959638686832e-19,-0.0036979672186489123,0.9999617466055148,-1.4910482528847848e-19,0.008746732284116465,-2.364956956600353e-20
3.5500000000000003,1.9995894398777194,-4.119617280102352e-18,1.02389190821386,0.008297268914820242,-7.985327756479442e-19,-0.0036960104069593395,0.9999621965111377,-1.5166756130055794e-19,0.00869514511798321,-2.2607088927998948e-20
3.552,1.9996063733393514,-4.1212084232418446e-18,1.0238845181821512,0.008635855541524573,-7.927012875481928e-19,-0.0036940154548853288,0.9999626434398365,-1.377879296684859e-19,0.008643594438441137,-2.51367314700874e-20
3.5540000000000003,1.9996239818840171,-4.12278823406106e-18,1.0238771321783031,0.008972352198342057,-7.869848395963799e-19,-0.0036919825853140927,0.9999630873819157,-1.56853806957543e-19,0.00859208203108954,-2.5662501196185546e-20
3.556,1.9996422613337168,-4.124355542360221e-18,1.023869750277926,0.0093067608369103,-7.80414541729141e-19,-0.0036899120233744942,0.9999635283281795,-1.483996802693607e-19,0.008540609665594103,-2.4367041816273006e-20
3.5580000000000003,1.999661207514423,-4.1259108689084165e-18,1.0238623725561768,0.00963908347760566,-7.750386924357408e-19,-0.003687803996376575,0.9999639662699262,-1.3998839616313834e-19,0.008489179095745786,-2.341712036815029e-20
3.56,1.9996808162562167,-4.127455054910824e-18,1.0238549990877568,0.009969322208908988,-7.691302805962579e-19,-0.00368565873375167,0.9999644011989438,-1.3162856665205968e-19,0.008437792059519857,-2.383905484277353e-20
3.5620000000000003,1.9997010833934243,-4.128988579680941e-18,1.0238476299469057,0.010297479186773791,-7.645206548404316e-19,-0.003683476466992976,0.9999648331075036,-1.1234368389119302e-19,0.008386450279135083,-2.4353145133436795e-20
3.564,1.9997220047647504,-4.130512779650908e-18,1.0238402652073983,0.01062355663399682,-7.596972919779668e-19,-0.0036812574295966797,0.9999652619883559,-1.1506539542672109e-19,0.008335155461113047,-2.2968460682718006e-20
3.5660000000000003,1.9997435762134115,-4.1320276220650305e-18,1.0238329049425408,0.010947556839591095,-7.551990486902153e-19,-0.003679001857003588,0.9999656878347227,-1.1777686358542138e-19,0.008283909296337603,-2.1929754946389346e-20
3.568,1.999765793587268,-4.133533074495591e-18,1.023825549225166,0.01126948215816137,-7.502715320080145e-19,-0.003676709986541229,0.9999661106402975,-1.1497592118189715e-19,0.008232713460114501,-1.88838886873766e-20
3.5700000000000003,1.9997886527389546,-4.135029320595432e-18,1.0238181981276306,0.011589335009282033,-7.459926358643241e-19,-0.0036743820573666036,0.9999665303992331,-1.0122297859138519e-19,0.008181569612231073,-1.5934238248455584e-20
3.572,1.9998121495260095,-4.136517009133155e-18,1.0238108517218114,0.01190711787687746,-7.416060397823241e-19,-0.00367201831040936,0.9999669471061405,-1.149592919489008e-19,0.008130479397016109,-1.5850982700793454e-20
3.5740000000000003,1.9998362798110028,-4.1379953870358584e-18,1.0238035100791012,0.012222833308604818,-7.366824266492426e-19,-0.0036696189883155365,0.9999673607560831,-1.2863329533890543e-19,0.00807944444339983,-1.6110831539317046e-20
3.576,1.999861039461663,-4.139463382926387e-18,1.023796173270406,0.01253648391523933,-7.312244510502874e-19,-0.0036671843353918094,0.9999677713445703,-1.422452906040099e-19,0.00802846636497399,-1.6712967897282577e-20
3.5780000000000003,1.9998864243510026,-4.140919930721406e-18,1.0237888413661416,0.01284807237006199,-7.252347518951897e-19,-0.0036647145975503017,0.9999681788675534,-1.5579286509671226e-19,0.007977546760052086,-1.731433235932709e-20
3.58,1.999912430357443,-4.142363969601734e-18,1.0237815144362306,0.013157601408249755,-7.18715955918261e-19,-0.003662210022253885,0.9999685833214199,-1.6926807087996458e-19,0.007926687211729695,-1.688697217035967e-20
3.5820000000000003,1.9999390533649368,-4.143794443996425e-18,1.0237741925500987,0.013465073826268194,-7.11670685881077e-19,-0.003659670858462033,0.9999689847029878,-1.826684075955682e-19,0.00787588928794491,-1.5090266487036622e-20
3.584,1.999966289263091,-4.1452103035778566e-18,1.023766875776673,0.01377049248126662,-7.041015601774579e-19,-0.0036570973565772185,0.9999693830095007,-1.9600503117653278e-19,0.00782515454153889,-1.3297654682374158e-20
3.586,1.9999941339472864,-4.146610503243476e-18,1.0237595641843773,0.014073860290475694,-6.960111868546002e-19,-0.003654489768391833,0.9999697782386222,-2.092782127467665e-19,0.007774484510316514,-1.1509530192433768e-20
3.588,2.0000225833187986,-4.14799400309663e-18,1.0237522578411316,0.014375180230607508,-6.874021624070013e-19,-0.0036518483470356347,0.9999701703884313,-2.224829081235198e-19,0.007723880717107138,-9.040577204493402e-21
3.59,2.0000516332849148,-4.149359768424866e-18,1.0237449568143475,0.014674455337258153,-6.782770750020675e-19,-0.0036491733469237396,0.9999705594574164,-2.356273668646349e-19,0.007673344669825443,-6.919953944561743e-21
3.592,2.000081279759052,-4.150706769677931e-18,1.0237376611709272,0.014971688704312777,-6.6863849754649e-19,-0.0036464650237051388,0.9999709454444707,-2.4871193652635895e-19,0.007622877861532382,-5.1472374123476745e-21
3.594,2.0001115186608738,-4.152033982436861e-18,1.02373037097726,0.015266883483353125,-6.584889892278149e-19,-0.0036437236342117623,0.9999713283488862,-2.617316665321297e-19,0.007572481770496223,-3.0362971626508074e-21
3.596,2.000142345916402,-4.153340387389555e-18,1.0237230862992204,0.015560042883067586,-6.478310985216073e-19,-0.0036409494364080777,0.9999717081703492,-2.7468941286908932e-19,0.007522157860253673,-9.297716628355141e-22
3.598,2.0001737574581346,-4.154624970311325e-18,1.023715807202166,0.01585117016866372,-6.366673626790727e-19,-0.003638142689341211,0.9999720849089345,-2.8758808810022923e-19,0.0074719075796710905,8.28888705420361e-22
3.6,2.000205749225155,-4.155886722035951e-18,1.023708533750935,0.016140268661283305,-6.250003045070965e-19,-0.0036353036530916306,0.9999724585651009,-3.004202869991196e-19,0.007421732363005785,3.267654530430041e-21
3.602,2.000238317163244,-4.157124746027559e-18,1.0237012660098452,0.016427341737419866,-6.131552143653198e-19,-0.0036324325887243185,0.9999728291396851,-2.9126927843908335e-19,0.007371633629967385,4.5097075063824464e-21
3.604,2.0002714572249913,-4.158339692166415e-18,1.0236940040426905,0.01671239282833872,-6.017787151368097e-19,-0.003629529758240538,0.9999731966338974,-2.9311627680105045e-19,0.0073216127857792974,7.200832905325761e-21
3.606,2.0003051653699027,-4.1595313830576826e-18,1.0236867479127403,0.01699542541949953,-5.899000282713527e-19,-0.0036265954245301153,0.999973561049316,-2.949515764613306e-19,0.00727167122124022,1.0228207852479765e-20
3.608,2.0003394375645085,-4.160699892757371e-18,1.0236794976827372,0.017276443049981365,-5.788127667929852e-19,-0.0036236298513242044,0.9999739223878821,-2.639033339074098e-19,0.007221810312785747,1.026796101297669e-20
3.61,2.0003742697824705,-4.1618472316115515e-18,1.0236722534148959,0.01755544931191027,-5.685130351321789e-19,-0.003620633303148677,0.9999742806518945,-2.659142785009923e-19,0.0071720314225500225,8.14756494773465e-21
3.612,2.0004096580046875,-4.162973463475223e-18,1.0236650151709006,0.017832447849889358,-5.575982440623937e-19,-0.0036176060452779773,0.9999746358440048,-2.733935155194856e-19,0.00712233589842747,6.756798639205035e-21
3.614,2.0004455982193994,-4.164078078207416e-18,1.023657783011905,0.01810744236043142,-5.471471827400231e-19,-0.0036145483436895495,0.9999749879672121,-2.5340554387164784e-19,0.00707272507413458,7.916001824235935e-21
3.616,2.0004820864222905,-4.165162468244645e-18,1.0236505569985297,0.018380436591394038,-5.37157746476461e-19,-0.003611460465018781,0.9999753370248577,-2.609414064601969e-19,0.007023200269271752,6.868113541435685e-21
3.618,2.000519118616592,-4.166226119404037e-18,1.0236433371908618,0.018651434341417247,-5.264444850389042e-19,-0.0036083426765144816,0.9999756830206209,-2.6843603015066097e-19,0.006973762789385199,4.794543157994919e-21
3.62,2.0005566908131818,-4.167268699648042e-18,1.0236361236484528,0.018920439459363683,-5.163022451164661e-19,-0.0036051952459949074,0.9999760259585132,-2.4298622402462413e-19,0.006924413926028899,4.551067407221464e-21
3.622,2.0005947990306865,-4.168291994776304e-18,1.0236289164303185,0.019187455843761293,-5.071585796418534e-19,-0.0036020184418042674,0.9999763658428731,-2.1766185877608424e-19,0.0068751549568266,3.622880839510097e-21
3.624,2.0006334392955782,-4.169297889413312e-18,1.0236217155949372,0.019452487442248544,-4.986857840606942e-19,-0.003598812532769843,0.9999767026783619,-2.1437800639589355e-19,0.006825987145533871,4.219107023600033e-21
3.626,2.000672607642273,-4.170286645308175e-18,1.0236145212002494,0.019715538251022176,-4.900198223542049e-19,-0.003595577788159555,0.9999770364699581,-2.110942047809818e-19,0.006776911742100194,5.155729465379863e-21
3.628,2.000712300113228,-4.171258630751618e-18,1.0236073333036566,0.019976612314287472,-4.821304996620694e-19,-0.003592314477640125,0.9999773672229525,-1.8589480570269718e-19,0.006727929982731103,4.227401576177612e-21
3.63,2.0007525127590355,-4.172215826832112e-18,1.0236001519620204,0.020235713723711062,-4.752296771488664e-19,-0.0035890228712357137,0.9999776949429436,-1.6081494005304752e-19,0.006679043089950354,3.3016804561160925e-21
3.632,2.0007932416385183,-4.173160205665052e-18,1.023592977231662,0.020492846617876263,-4.69312473232839e-19,-0.0035857032392871023,0.9999780196358323,-1.3585405757960064e-19,0.006630252272662146,2.3785544585429675e-21
3.634,2.0008344828188234,-4.174093729625378e-18,1.023585809168362,0.020748015181740943,-4.6437403000810435e-19,-0.0035823558524114255,0.9999783413078173,-1.1100474479601857e-19,0.00658155872621335,2.485973434763706e-21
3.636,2.000876232375513,-4.175018243809263e-18,1.0235786478273594,0.02100122364609793,-4.60194332526379e-19,-0.0035789809814623756,0.9999786599653899,-1.0821891531878111e-19,0.006532963632455796,3.392853038673791e-22
3.638,2.000918486392657,-4.175934078177908e-18,1.0235714932633508,0.021252476287037952,-4.55694210589802e-19,-0.003575578897490967,0.9999789756153298,-1.0543138682419777e-19,0.006484468159808569,-1.4605104500538312e-21
3.64,2.000961240962921,-4.176841418244981e-18,1.0235643455304915,0.021501777425415085,-4.516282139173678e-19,-0.0035721498717068085,0.9999792882646993,-1.0813963912527301e-19,0.006436073463320335,-3.220037279753181e-21
3.642,2.001004492187658,-4.17774009004782e-18,1.0235572046823933,0.021749131426314783,-4.469184353752893e-19,-0.003568694175439908,0.9999795979208395,-1.218069058344723e-19,0.006387780684731694,-5.932821761326033e-21
3.644,2.001048236176995,-4.178629167660151e-18,1.0235500707721257,0.02199454269852441,-4.42213763971394e-19,-0.003565212080102952,0.9999799045913644,-1.1347097101537366e-19,0.006339590952537547,-7.40884840786566e-21
3.646,2.001092469049918,-4.1795091638708665e-18,1.0235429438522152,0.022238015694006328,-4.378367732901748e-19,-0.003561703857154168,0.9999802082841577,-1.0517471681317464e-19,0.0062915053820494825,-8.88165499527414e-21
3.648,2.0011371869343617,-4.1803807324148424e-18,1.0235358239746457,0.022479554907373495,-4.3378583724972e-19,-0.003558169778060637,0.9999805090073666,-9.692014064105316e-20,0.0062435250754581785,-1.0693499261414411e-20
3.65,2.0011823859672915,-4.1812445237800205e-18,1.023528711190858,0.022719164875367633,-4.3005933596273077e-19,-0.0035546101142621546,0.9999808067693977,-8.87091774604005e-20,0.006195651121895814,-1.3187046370700992e-20
3.652,2.001228062294788,-4.182100970034253e-18,1.0235216055517498,0.022956850176339916,-4.26225285299672e-19,-0.003551025137135587,0.9999811015789126,-1.1341736684197622e-19,0.0061478845974984936,-1.3072167343862584e-20
3.654,2.001274212072129,-4.182948420942083e-18,1.0235145071076763,0.02319261542973419,-4.211005352274539e-19,-0.0035474151179597482,0.9999813934448228,-1.3801707860652543e-19,0.006100226565468676,-1.2272531097678703e-20
3.656,2.0013208314638735,-4.183785090499579e-18,1.0235074159084505,0.023426465295572744,-4.1555237454255873e-19,-0.0035437803278807636,0.9999816823762854,-1.4056988616148593e-19,0.006052678076137607,-1.366493450370788e-20
3.658,2.001367916643939,-4.184610565113411e-18,1.0235003320033431,0.02365840447394461,-4.0990566924790794e-19,-0.003540121037877957,0.9999819683826984,-1.4310862450628544e-19,0.006005240167027761,-1.471141789615808e-20
3.66,2.0014154637956842,-4.18542464817897e-18,1.023493255441083,0.023888437704496394,-4.0416090285021042e-19,-0.00353643751873023,0.9999822514736958,-1.45635482314815e-19,0.005957913862915266,-1.5756268039407415e-20
3.662,2.001463469111985,-4.186227144054908e-18,1.0234861862698577,0.02411656976592566,-3.9831855690444563e-19,-0.0035327300409829414,0.9999825316591436,-1.4815046453049883e-19,0.005910700175892347,-1.6799082722541863e-20
3.664,2.001511928795314,-4.1870178580627385e-18,1.023479124537314,0.024342805475476834,-3.923791112376821e-19,-0.003528998874915304,0.9999828089491355,-1.5065364059918866e-19,0.0058636001054297475,-1.7839460310335622e-20
3.666,2.0015608390578157,-4.1877965964804824e-18,1.0234720702905586,0.024567149688439652,-3.8634304274618933e-19,-0.003525244290508213,0.9999830833539873,-1.5314708888271375e-19,0.005816614638439153,-1.9219655666580166e-20
3.668,2.001610196121384,-4.1885631665358816e-18,1.0234650235761584,0.02478960729765014,-3.8021082362598306e-19,-0.0035214665574126733,0.9999833548842336,-1.5563488035234597e-19,0.005769744749335593,-2.1624580246894866e-20
3.67,2.0016599962177346,-4.189317376391776e-18,1.0234579844401412,0.025010183232994122,-3.7398291637156666e-19,-0.0035176659449186283,0.999983623550623,-1.5811713518031502e-19,0.0057229914000998475,-2.5051804377788646e-20
3.672,2.0017102355884804,-4.190059035127101e-18,1.023450952927997,0.025228882460913284,-3.676597755390485e-19,-0.003513842721924301,0.9999838893641133,-1.6058601599914447e-19,0.005676355540340824,-2.8128281544623033e-20
3.674,2.0017609104852028,-4.190787952728409e-18,1.0234439290846777,0.025445709983913732,-3.6124185451024527e-19,-0.003509997156906041,0.999984152335868,-1.6304352262047992e-19,0.005629838107357921,-3.1197092746524866e-20
3.676,2.0018120171695237,-4.1915039400871174e-18,1.0234369129545995,0.02566067084007712,-3.547296054963897e-19,-0.003506129517888642,0.9999844124772512,-1.654877487427747e-19,0.005583440026203377,-3.3916006257329436e-20
3.678,2.001863551913177,-4.19220680899972e-18,1.0234299045816426,0.025873770102574283,-3.4812347990566763e-19,-0.003502240072416136,0.9999846697998237,-1.6791878289124162e-19,0.005537162209744594,-3.628585110312216e-20
3.68,2.0019155109980775,-4.1928963721645515e-18,1.023422904009153,0.02608501287918141,-3.4142393065976637e-19,-0.0034983290875230714,0.9999849243153387,-1.7033470761541622e-19,0.005491005558726433,-3.7965204904437316e-20
3.682,2.0019678907163887,-4.193572443189307e-18,1.0234159112799426,0.026294404311798737,-3.346314125322378e-19,-0.0034943968297062845,0.9999851760357372,-1.7273558218041334e-19,0.0054449709618334926,-3.8955298096050504e-20
3.684,2.002020687370593,-4.194234836594128e-18,1.023408926436291,0.02650194957597178,-3.277463849431569e-19,-0.0034904435648970937,0.9999854249731446,-1.7511764677047101e-19,0.005399059295752349,-3.857326435335155e-20
3.686,2.002073897273556,-4.194883367824909e-18,1.0234019495199473,0.026707653880415082,-3.2076931318114327e-19,-0.00348646955843404,0.9999856711398656,-1.774846548572303e-19,0.005353271425233775,-3.750726279571859e-20
3.688,2.002127516748595,-4.195517853260786e-18,1.0233949805721294,0.026911522466538475,-3.13700664885834e-19,-0.003482475075036025,0.9999859145483808,-1.798403359338185e-19,0.0053076082031549175,-3.6443821436565836e-20
3.69,2.0021815421295406,-4.196138110215012e-18,1.023388019633527,0.02711356060797589,-3.0654090550560244e-19,-0.003478460378775952,0.9999861552113422,-1.8218841064905316e-19,0.005262070470581444,-3.6067840970332825e-20
3.692,2.002235969760804,-4.19674395692623e-18,1.0233810667443024,0.02731377361011666,-2.9929049529646754e-19,-0.0034744257330548214,0.9999863931415691,-1.8452351895414576e-19,0.005216659056829655,-3.535053388181498e-20
3.694,2.0022907959974376,-4.197335212551848e-18,1.0233741219440915,0.027512166809639367,-2.919498936856851e-19,-0.0034703714005763033,0.9999866283520443,-1.8684745713308669e-19,0.005171374779528547,-3.463495999437259e-20
3.696,2.0023460172051983,-4.197911697166648e-18,1.0233671852720059,0.027708745574048167,-2.845195566909597e-19,-0.0034662976433217202,0.9999868608559102,-1.8916745519469366e-19,0.005126218444681846,-3.5290929737447437e-20
3.698,2.002401629760609,-4.198473231747019e-18,1.0233602567666336,0.027903515301211677,-2.769999295133441e-19,-0.003462204722525545,0.9999870906664641,-1.9148185368994063e-19,0.005081190846729989,-3.697253467638663e-20
3.7,2.0024576300510173,-4.1990196381504866e-18,1.023353336466041,0.02809648141890434,-2.6939144961635397e-19,-0.0034580928986513064,0.9999873177971552,-1.9378195866572635e-19,0.005036292768612064,-3.7964870925068305e-20
3.702,2.0025140144746567,-4.199550739109784e-18,1.0233464244077743,0.02828764938435032,-2.616945553505276e-19,-0.0034539624313679592,0.9999875422615802,-1.9607297333407355e-19,0.0049915249818277005,-3.929713748733894e-20
3.704,2.002570779440704,-4.200066358231607e-18,1.0233395206288616,0.028477024683769885,-2.539096813256073e-19,-0.003449813579526692,0.9999877640734793,-1.9835499621282707e-19,0.004946888246498908,-4.096974660719575e-20
3.706,2.002627921369337,-4.200566319987649e-18,1.0233326251658135,0.028664612831928317,-2.460372578320082e-19,-0.0034456466011381914,0.9999879832467327,-2.0062639328374986e-19,0.004902383311431868,-4.2639234144156806e-20
3.708,2.0026854366917917,-4.2010504497059406e-18,1.023325738054626,0.028850419371687308,-2.3807771112586793e-19,-0.003441461753350345,0.9999881997953565,-2.0289395988721273e-19,0.0048580109141786705,-4.5675424277014474e-20
3.71,2.0027433218504163,-4.201518788744093e-18,1.0233188593307811,0.02903444987355888,-2.304618303822524e-19,-0.003437259292426361,0.999988413733499,-1.722459582851627e-19,0.00481377178109899,-4.6808310257276763e-20
3.712,2.002801573298728,-4.2019733508162766e-18,1.0233119890292501,0.029216709935261764,-2.2404883088585687e-19,-0.0034330394737233498,0.9999886250754373,-1.691262777086594e-19,0.00476966662742171,-4.437969494143831e-20
3.714,2.0028601875014664,-4.202414239937188e-18,1.0233051271844935,0.029397205181280327,-2.168964636457544e-19,-0.0034288025516713036,0.9999888338355729,-1.7149064069865337e-19,0.004725696157306484,-4.193031314035759e-20
3.716,2.002919160934647,-4.202841738478929e-18,1.0232982738304646,0.029575941262425947,-2.105148711219245e-19,-0.0034245487797525532,0.9999890400284288,-1.6287690959355529e-19,0.004681861063905236,-3.919593051429831e-20
3.718,2.002978490085612,-4.203255914199882e-18,1.02329142900061,0.029752923855400903,-2.0350173514220157e-19,-0.003420278410481575,0.9999892436686452,-1.8171301764881106e-19,0.004638162029423597,-3.8395603493397987e-20
3.72,2.0030381714530825,-4.203655793634319e-18,1.0232845927278733,0.029928158662364746,-1.9639848961785746e-19,-0.003415991695385305,0.9999894447709763,-1.7853932350424158e-19,0.004594599725182275,-3.975545532587642e-20
3.722,2.0030982015472096,-4.204041592538328e-18,1.023277765044695,0.03010165141050315,-1.8942110488278983e-19,-0.0034116888849837976,0.9999896433502867,-1.7537764598949074e-19,0.004551174811678362,-4.042673908273585e-20
3.724,2.003158576889623,-4.204413562012021e-18,1.023270945983016,0.030273407851599255,-1.8256896043488293e-19,-0.0034073702287713416,0.9999898394215476,-1.7223100756120247e-19,0.004507887938646568,-4.1095997263973986e-20
3.726,2.0032192940134808,-4.204771951918748e-18,1.0232641355742795,0.030443433761607484,-1.7584143942785727e-19,-0.0034030359751979797,0.9999900329998336,-1.6910091264081237e-19,0.00446473974512038,-4.210629914035308e-20
3.728,2.003280349463516,-4.205117010889386e-18,1.0232573338494326,0.030611734940229837,-1.69237925459312e-19,-0.00339868637165143,0.9999902241003189,-1.6598578551471914e-19,0.004421730859493159,-4.311417870250172e-20
3.73,2.003341739796085,-4.2054489863232265e-18,1.0232505408389285,0.030778317210494646,-1.6275780498752836e-19,-0.003394321664439423,0.9999904127382744,-1.6288702756264235e-19,0.004378861899579153,-4.4462706602085434e-20
3.732,2.003403461579213,-4.205768124395097e-18,1.0232437565727295,0.03094318641833782,-1.5640046497516342e-19,-0.003389942098772417,0.9999905989290635,-1.5980615065148438e-19,0.004336133472674435,-4.649332753093032e-20
3.734,2.00346551139264,-4.2060746700513415e-18,1.023236981080308,0.031106348432186542,-1.501652913235009e-19,-0.0033855479187467523,0.9999907826881396,-1.56743046949636e-19,0.0042935461756177665,-4.92044253074096e-20
3.736,2.003527885827864,-4.206368867009848e-18,1.0232302143906493,0.03126780914254543,-1.4405166844037988e-19,-0.003381139367328159,0.9999909640310419,-1.5369771062402394e-19,0.004251100594851378,-5.259438713089245e-20
3.738,2.003590581488187,-4.2066509577551475e-18,1.0232234565322547,0.031427574461585145,-1.3805897952024655e-19,-0.0033767166863356984,0.9999911429733931,-1.5066713477570538e-19,0.004208797306481669,-5.597628773027351e-20
3.74,2.0036535949887555,-4.2069211835403965e-18,1.023216707533142,0.031585650322733506,-1.3218661028018372e-19,-0.003372280116426054,0.9999913195308952,-1.476526896990974e-19,0.004166636876339822,-5.969280508398343e-20
3.742,2.003716922956605,-4.207179784391903e-18,1.0232099674208497,0.031742042680268985,-1.2654154242911778e-19,-0.003367829897078231,0.9999914937193267,-1.3915170295740835e-19,0.004124619860042335,-5.896836627256143e-20
3.744,2.003780562030699,-4.2074273575921586e-18,1.023203236222438,0.031896757508916684,-1.2101524171239028e-19,-0.0033633662665786385,0.9999916655545397,-1.471241665246112e-19,0.004082746803051462,-5.475114310330635e-20
3.746,2.0038445088619716,-4.2076634219792564e-18,1.0231965139644918,0.03204980080344678,-1.1506884353542453e-19,-0.0033588894620065423,0.9999918350524559,-1.4411173069771155e-19,0.004041018240735574,-5.50429242073048e-20
3.748,2.0039087601133647,-4.2078882517448175e-18,1.0231898006731235,0.03220117857827536,-1.097805263581639e-19,-0.00335439971921989,0.9999920022290645,-1.3562836897107619e-19,0.003999434698429419,-5.46708289182725e-20
3.75,2.0039733124598698,-4.208102371219615e-18,1.0231830963739745,0.032350896867067755,-1.043942404744178e-19,-0.0033498972728415294,0.999992167100418,-1.3264774098688219e-19,0.003957996691494297,-5.2564779603928807e-20
3.7520000000000002,2.0040381625885635,-4.208306123352667e-18,1.0231764010922184,0.03249896172234423,-9.944895899342296e-20,-0.003345382356245781,0.9999923296826303,-1.2419856500119076e-19,0.003916704725378138,-5.0484589037414775e-20
3.754,2.004103307198647,-4.208500064875027e-18,1.0231697148525634,0.032645379215088186,-9.461923437205438e-20,-0.0033408552015453613,0.9999924899918728,-1.1030799841573802e-19,0.00387555929567549,-4.8773390223573e-20
3.7560000000000002,2.004168743001481,-4.208685251305866e-18,1.0231630376792544,0.0327901554343567,-9.044230273951525e-20,-0.0033363160395787055,0.9999926480443719,-1.2391959667662004e-19,0.003834560888187403,-4.970191773423397e-20
3.758,2.004234466720622,-4.208860868165547e-18,1.0231563695960766,0.03293329648689357,-8.530122030429654e-20,-0.003331765099897611,0.9999928038564055,-1.1003179562433528e-19,0.0037937099789812196,-4.833492798289548e-20
3.7600000000000002,2.0043004750918576,-4.209027934327111e-18,1.0231497106263565,0.033074808496744726,-8.189126120973989e-20,-0.0033272026107552654,0.9999929574443011,-9.61926998955733e-20,0.003753007034450268,-4.5943132472553356e-20
3.762,2.0043667648632404,-4.209187285836527e-18,1.0231430607929661,0.03321469760487606,-7.740682009035599e-20,-0.003322628799094615,0.9999931088244315,-1.0983694400404656e-19,0.0037124525113734473,-4.4825050016637793e-20
3.7640000000000002,2.004433332795122,-4.20933803285146e-18,1.0231364201183246,0.033352969968793666,-7.325124180517378e-20,-0.003318043890537067,0.9999932580132131,-1.1246431475769181e-19,0.0036720468569747125,-4.3749997253196977e-20
3.766,2.004500175660184,-4.209479790827264e-18,1.0231297886244013,0.033489631762166495,-6.845372803916044e-20,-0.0033134481093715826,0.9999934050271028,-1.1507786771357915e-19,0.003631790508982458,-4.233567507688732e-20
3.7680000000000002,2.004567290243472,-4.209612355939804e-18,1.0231231663327183,0.0336246891744514,-6.409441104029141e-20,-0.0033088416785440576,0.9999935498825948,-1.2314594516245197e-19,0.003591683895688792,-4.022036408678001e-20
3.77,2.0046346733424265,-4.209735275287851e-18,1.023116553264353,0.033758148410520564,-5.877226614278512e-20,-0.0033042248196470674,0.9999936925962185,-1.3119108644939148e-19,0.003551727436008705,-3.8794602604708467e-20
3.7720000000000002,2.004702321766912,-4.2098478829798504e-18,1.0231099494399412,0.03389001569029134,-5.378300675048169e-20,-0.0032995977529099527,0.9999938331845353,-1.3919672371173206e-19,0.0035119215395391303,-3.7030043071255456e-20
3.774,2.0047702323392484,-4.209949372810924e-18,1.0231033548796793,0.03402029724835847,-4.772646907487968e-20,-0.003294960697189222,0.9999939716641358,-1.4715124842865356e-19,0.003472266606617889,-3.526978687207949e-20
3.7760000000000002,2.004838401894238,-4.210039480369816e-18,1.0230967696033277,0.034148999333628666,-4.254426955287488e-20,-0.003290313869959311,0.9999941080516379,-1.3864986512596673e-19,0.003432763028382533,-3.4598776162800856e-20
3.778,2.0049068272791954,-4.210119089707596e-18,1.0230901936302133,0.03427612820895759,-3.7156171222473216e-20,-0.0032856574873036215,0.9999942423636833,-1.2472038718411046e-19,0.003393411186829065,-3.4290730086288667e-20
3.7800000000000002,2.004975505353975,-4.2101888658914645e-18,1.0230836269792318,0.034401690150789206,-3.2639125646917763e-20,-0.0032809917639059273,0.9999943746169355,-1.217960151321311e-19,0.003354211454870551,-3.394659457037106e-20
3.782,2.0050444329909975,-4.2102491838883536e-18,1.0230770696688514,0.034525691448797476,-2.780548720489463e-20,-0.0032763169130420548,0.9999945048280771,-1.0243666034782823e-19,0.0033151641963956135,-3.3316174711184765e-20
3.7840000000000003,2.005113607075275,-4.210301564449449e-18,1.0230705217171148,0.03464813840553044,-2.4808682902510156e-20,-0.003271633146571929,0.9999946330138068,-7.220277019631526e-20,0.0032762697663268094,-3.238079518547262e-20
3.786,2.005183024504438,-4.210348166641195e-18,1.0230639831416426,0.03476903733605662,-2.1811079136060238e-20,-0.00326694067493189,0.9999947591908381,-7.500690415258388e-20,0.0032375285106788863,-3.510892586950583e-20
3.7880000000000003,2.0052526821887593,-4.210388880751372e-18,1.0230574539596358,0.03488839456761385,-1.8813177514178538e-20,-0.0032622397071273204,0.9999948833758958,-8.875129259741187e-20,0.003198940766616925,-3.813781657267243e-20
3.79,2.005322577051177,-4.210422737583922e-18,1.023050934187879,0.035006216439260336,-1.5061818106004344e-20,-0.003257530450725599,0.9999950055857137,-8.049385560369122e-20,0.0031605068625143525,-3.9173832748065085e-20
3.7920000000000003,2.0053927060273207,-4.210450206814178e-18,1.0230444238427432,0.03512250930152818,-1.2389453919466333e-20,-0.003252813111849354,0.9999951258370329,-7.775822232931902e-20,0.0031222271180108402,-4.0190820506099716e-20
3.794,2.0054630660655306,-4.210471504769883e-18,1.0230379229401882,0.035237279516079155,-8.854594016893071e-21,-0.003248087895169989,0.9999952441465985,-8.599643716540202e-20,0.003084101844070075,-3.980050735876244e-20
3.7960000000000003,2.005533654126882,-4.2104861654617036e-18,1.0230314314957665,0.035350533455362834,-5.860039142833646e-21,-0.0032433550039015113,0.999995360531158,-7.774467478004592e-20,0.003046131343037403,-3.843393248583872e-20
3.798,2.005604467185205,-4.210494621795363e-18,1.023024949524625,0.03546227750227707,-2.6499803094004756e-21,-0.003238614639794679,0.9999954750074589,-7.502079201528285e-20,0.003008315908697352,-3.9110613093886777e-20
3.8000000000000003,2.0056755022271067,-4.210497232414956e-18,1.0230184770415092,0.035572518049830755,2.1708645927256098e-23,-0.0032338670031314123,0.999995587592246,-7.231981024422537e-20,0.0029706558263310236,-3.87584684195377e-20
3.802,2.005746756251989,-4.210494174544541e-18,1.0230120140607648,0.03568126150080894,3.01859186637601e-21,-0.0032291122927194755,0.9999956983022599,-6.962637468983704e-20,0.002933151372773355,-3.669425122008074e-20
3.8040000000000003,2.0058182262720687,-4.2104858036968124e-18,1.0230055605963422,0.035788514267440216,5.1553622861400375e-21,-0.0032243507058874743,0.9999958071542341,-3.952387030326567e-20,0.0028958028164702554,-3.6085997211732676e-20
3.806,2.0058899093123976,-4.210474231637763e-18,1.0229991166617978,0.03589428277106643,6.435921861362369e-21,-0.003219582438480106,0.9999959141648934,-3.6980801849891906e-20,0.0028586104175356065,-3.6771050901776033e-20
3.8080000000000003,2.005961802410878,-4.210459731388828e-18,1.0229926822702984,0.03599857344181471,8.047682736813856e-21,-0.0032148076848536795,0.9999960193509514,-3.992046439021565e-20,0.002821574427808134,-3.778108411128983e-20
3.81,2.0060339026182805,-4.210442180568818e-18,1.0229862574346231,0.03610139271827173,9.558130917259719e-21,-0.0032100266378719453,0.9999961227291086,-4.832875869783937e-20,0.002784695090908145,-3.8773275984182425e-20
3.8120000000000003,2.0061062069982625,-4.21042074072558e-18,1.0229798421671672,0.03620274704716034,1.1936447058823674e-20,-0.003205239488902135,0.9999962243160506,-6.218089006970327e-20,0.002747972642294128,-4.009056706175976e-20
3.814,2.0061787126273813,-4.210394684180075e-18,1.0229734364799445,0.03630264288301841,1.3995166957279752e-20,-0.0032004464278113016,0.9999963241284454,-4.307550808158729e-20,0.002711407309319222,-3.806980757071623e-20
3.8160000000000003,2.006251416595112,-4.210365151421594e-18,1.022967040384591,0.03640108668787999,1.562843626890871e-20,-0.0031956476429629227,0.9999964221829419,-5.147894901676014e-20,0.002674999311287544,-3.8035352028916833e-20
3.818,2.0063243160038597,-4.2103316277300265e-18,1.0229606538923668,0.036498084930958706,1.7914111127181493e-20,-0.003190843321213742,0.9999965184961678,-5.436097689560558e-20,0.0026387488595103815,-3.835754873040781e-20
3.8200000000000003,2.006397407968976,-4.210293851582173e-18,1.0229542770141602,0.03659364408833348,1.9880803158551082e-20,-0.0031860336479109003,0.9999966130847275,-5.72274834955385e-20,0.0026026561573622453,-3.799287100580094e-20
3.822,2.006470689618771,-4.2102514910370414e-18,1.0229479097604903,0.03668777064263643,2.2498419026487905e-20,-0.0031812188068892602,0.9999967059652011,-6.556208067158617e-20,0.0025667214003367808,-3.7271337671734595e-20
3.8240000000000003,2.0065441580945262,-4.210204072006684e-18,1.02294155214151,0.0367804710827431,2.490316512511531e-20,-0.003176398980469014,0.9999967971541409,-6.289281267761814e-20,0.0025309447761025406,-3.692237516385348e-20
3.826,2.0066178105505066,-4.210151840372749e-18,1.022935204167009,0.03687175190346486,2.720351206405522e-20,-0.0031715743494535585,0.9999968866680711,-4.3787657782090884e-20,0.0024953264645586125,-3.6273196339967986e-20
3.8280000000000003,2.006691644153973,-4.2100961884532836e-18,1.022928865846417,0.036961619605243634,2.8324042649550174e-20,-0.003166745093127559,0.999996974523485,-1.9290395664639812e-20,0.0024598666378901042,-3.5639127614806665e-20
3.83,2.0067656560851916,-4.2100388242423374e-18,1.0229225371888067,0.03705008069384879,2.902424138474633e-20,-0.003161911389255292,0.9999970607368438,-1.6860196916385683e-20,0.002424565460623486,-3.8036792191472493e-20
3.8320000000000003,2.006839843537447,-4.209980155179076e-18,1.0229162182028966,0.03713714168007629,2.9628973225729617e-20,-0.0031570734140791935,0.9999971453245745,-1.4442568392071754e-20,0.0023894230896817853,-4.077142055143058e-20
3.834,2.0069142037170478,-4.209920371710655e-18,1.0229099088970546,0.037222809079450074,3.013872379011962e-20,-0.0031522313423186636,0.9999972283030685,-1.203576643151358e-20,0.0023544396744396385,-4.31572994012426e-20
3.8360000000000003,2.0069887338433396,-4.209859663317328e-18,1.0229036092793002,0.03730708941192561,3.0553975307803074e-20,-0.0031473853471690894,0.9999973096886793,-9.640565980231548e-21,0.00231961535677819,-4.553750980809871e-20
3.838,2.0070634311487123,-4.209798218517273e-18,1.0228973193573085,0.03738998920159575,3.0875206379716016e-20,-0.0031425356003010898,0.9999973894977218,-7.255273443849878e-21,0.002284950271139849,-4.722674439978079e-20
3.84,2.007138292878607,-4.209736224877644e-18,1.0228910391384127,0.037471514976398675,3.110289044945625e-20,-0.0031376822718599865,0.9999974677464696,-4.880618885019646e-21,0.0022504445445828934,-4.8568895546900586e-20
3.842,2.0072133162915247,-4.209673869022381e-18,1.022884768629607,0.037551673267828135,3.123749667188089e-20,-0.0031328255304654898,0.9999975444511543,-2.516538307668066e-21,0.0022160982968359236,-4.9565192188035424e-20
3.844,2.0072884986590327,-4.209611336641523e-18,1.0228785078375497,0.037630470610645825,3.1279489882368443e-20,-0.0031279655432115885,0.9999976196279635,-1.6219533318091402e-22,0.0021819116403521675,-4.987338755043424e-20
3.846,2.0073638372657707,-4.209548812501366e-18,1.022872256768567,0.037707913542595964,3.122932907084933e-20,-0.003123102475666689,0.9999976932930392,2.182482666020854e-21,0.002147884680363631,-4.949551892440107e-20
3.848,2.0074393294094572,-4.20948648045525e-18,1.0228660154286553,0.03778400860412206,3.1087467910160084e-20,-0.0031182364918739074,0.9999977654624764,4.516820600747843e-21,0.0021140175149350956,-4.877587325927778e-20
3.85,2.007514972400893,-4.209424523454246e-18,1.0228597838234843,0.03785876233808584,3.085435576604326e-20,-0.0031133677543516438,0.9999978361523215,6.839420189340164e-21,0.0020803102350179657,-4.8400582072774824e-20
3.852,2.007590763563968,-4.2093631235506905e-18,1.0228535619584003,0.03793218128948835,3.0530442605600364e-20,-0.003108496424094293,0.9999979053785713,9.148852699288313e-21,0.002046762924503958,-4.9053744304501876e-20
3.854,2.007666700235663,-4.209302461895208e-18,1.022847349838429,0.038004272005193206,3.0116179871152374e-20,-0.00310362266057317,0.9999979731571708,1.1447290352660264e-20,0.002013375660278636,-4.970534620065908e-20
3.856,2.007742779766055,-4.209242718736758e-18,1.0228411474682786,0.038075041033652016,2.9612017031369185e-20,-0.00309874662173764,0.9999980395040124,1.3736877353060337e-20,0.0019801485122747874,-4.93278154709497e-20
3.858,2.0078189995183187,-4.209184073431504e-18,1.0228349548523434,0.038144494924631935,2.9018396902239255e-20,-0.0030938684640164603,0.9999981044349344,1.6017028289758393e-20,0.0019470815435256464,-4.826584631198949e-20
3.86,2.007895356868729,-4.209126704456233e-18,1.022828771994706,0.03821264022894537,2.83357562832061e-20,-0.003088988342319284,0.9999981679657194,1.828846912443561e-20,0.0019141748102179568,-4.617840037584774e-20
3.862,2.007971849206665,-4.209070789421041e-18,1.0228225988991406,0.03827948349818181,2.756452515077093e-20,-0.003084106410038363,0.9999982301120932,2.0549968467260465e-20,0.0018814283617448766,-4.3752417883281154e-20
3.864,2.0080484739346076,-4.209016505080436e-18,1.0228164355691163,0.0383450312844418,2.670512956649452e-20,-0.0030792228190504424,0.9999982908897235,2.280091629978508e-20,0.0018488422407587218,-4.1332174348314607e-20
3.866,2.0081252284681432,-4.208964027338961e-18,1.0228102820078,0.03840929014007301,2.575799401985184e-20,-0.003074337719718827,0.9999983503142186,2.5040705547546158e-20,0.0018164164832235514,-3.9260316988772445e-20
3.868,2.0082021102359624,-4.208913531252252e-18,1.0228041382180595,0.03847226661740844,2.4723542418205677e-20,-0.003069451260895618,0.9999984084011262,2.7268141517102967e-20,0.0017841511184675909,-3.82213417424505e-20
3.87,2.008279116679861,-4.208865191026528e-18,1.022798004202466,0.03853396726850674,2.360220149554143e-20,-0.003064563589924157,0.999998465165932,2.9484445208934486e-20,0.0017520461692354925,-3.7527478449290143e-20
3.872,2.008356245254737,-4.208819180013382e-18,1.022791879963298,0.03859439864489459,2.239439755125116e-20,-0.0030596748526415985,0.999998520624059,3.1691513153682855e-20,0.0017201016517404356,-3.614952033719303e-20
3.874,2.008433493428593,-4.208775670716848e-18,1.0227857655025434,0.038653567297311224,2.1100552136631267e-20,-0.003054785193381695,0.9999985747908657,3.3888222803725114e-20,0.0016883175757160607,-3.47748169507973e-20
3.876,2.0085108586825293,-4.208734834799782e-18,1.022779660821903,0.03871147977545501,1.9721085095975926e-20,-0.00304989475497773,0.999998627681645,3.6073432847349447e-20,0.00165669394446824,-3.408868240402841e-20
3.878,2.008588338510747,-4.208696843085457e-18,1.022773565922794,0.03876814262773212,1.825641638121834e-20,-0.003045003678765606,0.999998679311624,3.824890774193089e-20,0.0016252307549266857,-3.30619078012856e-20
3.88,2.0086659304205408,-4.208661865559199e-18,1.0227674808063514,0.03882356240100727,1.6706963982216943e-20,-0.0030401121045871156,0.9999987296959618,4.041355989417766e-20,0.0015939279976963892,-3.2380216384893493e-20
3.882,2.0087436319322975,-4.2086300713709725e-18,1.0227614054734329,0.03887774564035653,1.5073144989576767e-20,-0.003035220170793349,0.999998778849749,4.2566345819002543e-20,0.0015627856571088965,-3.2728518279369717e-20
3.884,2.008821440579493,-4.208601628834754e-18,1.0227553399246208,0.03893069888882221,1.33553796214952e-20,-0.003030328014248272,0.9999988267880064,4.470617308333324e-20,0.0015318037112734154,-3.478928779997996e-20
3.886,2.0088993539086863,-4.208576705418102e-18,1.0227492841602248,0.038982428687169765,1.1554093780448005e-20,-0.0030254357703324588,0.9999988735256846,4.6834116282170273e-20,0.001500982132127757,-3.7872737545284594e-20
3.888,2.0089773694795157,-4.208555467733952e-18,1.0227432381802857,0.039032941573646764,9.669715617472795e-21,-0.0030205435729469417,0.9999989190776623,4.895280124000098e-20,0.001470320885489106,-4.026313817477566e-20
3.89,2.0090554848646933,-4.208538081542279e-18,1.0227372019845775,0.03908224408374391,7.702668570489627e-21,-0.003015651554517276,0.9999989634587454,5.1062338035679804e-20,0.0014398199311046256,-4.196253867563472e-20
3.892,2.009133697649999,-4.208524711761475e-18,1.0227311755726114,0.03913034274995807,5.653371818068318e-21,-0.003010759845997687,0.9999990066836666,5.3161251755886055e-20,0.0014094792227018907,-4.4000560119806714e-20
3.894,2.0092120054342746,-4.2085155224727264e-18,1.022725158943638,0.03917724410155735,3.5222433895621144e-21,-0.00300586857687537,0.9999990487670841,5.52495932820014e-20,0.0013792987080391526,-4.637599372097426e-20
3.896,2.0092904058294168,-4.2085106769221114e-18,1.02271915209665,0.03922295466434818,1.3097003631804955e-21,-0.003000977875174958,0.9999990897235808,5.73283575838698e-20,0.0013492783289554306,-4.840312358676837e-20
3.898,2.0093688964603706,-4.2085103375237565e-18,1.0227131550303863,0.039267480960444384,-9.838425900085537e-22,-0.0029960878674630854,0.9999991295676631,5.93966688645456e-20,0.0013194180214204352,-5.076728530609226e-20
3.9,2.0094474749651217,-4.208514665864572e-18,1.022707167743333,0.03931082950803832,-3.3579731220057542e-21,-0.0029911986788531413,0.9999991683137607,6.145549982983103e-20,0.0012897177155843187,-5.278357608829807e-20
3.902,2.0095261389946875,-4.2085238227097194e-18,1.0227011902337284,0.03935300682117394,-5.812281693579207e-21,-0.0029863104330100816,0.9999992059762253,6.35053401720005e-20,0.001260177335827252,-5.4109753234517e-20
3.904,2.009604886213109,-4.208537968009757e-18,1.0226952224995645,0.03939401940952189,-8.34636363150804e-21,-0.0029814232521554367,0.99999924256933,6.554583450070725e-20,0.0012307968008088296,-5.50897076208989e-20
3.906,2.0096837142974424,-4.208557260909924e-18,1.0226892645385903,0.039433873778156596,-1.0959817429075643e-20,-0.002976537257072388,0.9999992781072686,6.757615472935562e-20,0.001201576023517302,-5.640998831004512e-20
3.908,2.009762620937749,-4.208581859752796e-18,1.0226833163483149,0.03947257642733526,-1.3652242125291972e-20,-0.002971652567111032,0.9999993126041544,6.95951035983505e-20,0.0011725149113186331,-5.909777209987484e-20
3.91,2.0098416038370863,-4.208611922076658e-18,1.0226773779260097,0.039510133852278924,-1.6423233875844208e-20,-0.002966769300193702,0.9999993460740201,7.160471093962268e-20,0.0011436133660053822,-6.143691759265715e-20
3.912,2.009920660711496,-4.208647604614143e-18,1.0226714492687121,0.03954655254295541,-1.927239204067988e-20,-0.0029618875728204337,0.9999993785308164,7.36058668611815e-20,0.0011148712838454126,-6.274252270235593e-20
3.914,2.009999789289995,-4.2086890633021084e-18,1.0226655303732277,0.03958183898386425,-2.2199321092327265e-20,-0.0029570075000745653,0.9999994099884122,7.559668497280398e-20,0.0010862885556304242,-6.473074943291611e-20
3.916,2.010078987314563,-4.208736453286703e-18,1.0226596212361334,0.03961599965382357,-2.5203625334407892e-20,-0.002952129195628431,0.999999440460593,7.757755591844014e-20,0.0010578650667243093,-6.705772453974918e-20
3.918,2.010158252540132,-4.208789928922978e-18,1.0226537218537801,0.0396490410257589,-2.828490974974964e-20,-0.0029472527717491425,0.999999469961061,7.954927205112096e-20,0.0010296006971113342,-6.903691645703e-20
3.92,2.0102375827345735,-4.208849643779019e-18,1.0226478322222956,0.0396809695664939,-3.144278251586772e-20,-0.0029423783393045235,0.9999994985034341,8.151117363369473e-20,0.0010014953214441404,-7.135406589273142e-20
3.922,2.0103169756786867,-4.208915535455884e-18,1.0226419523375874,0.03971179173654305,-3.435407651602461e-20,-0.0029375060077691225,0.9999995261012451,6.153504706038212e-20,0.000973548809091571,-7.192962882779443e-20
3.924,2.010396429166185,-4.2089863221500125e-18,1.0226360821953455,0.03974151398990624,-3.626669088341868e-20,-0.00293263588523034,0.9999995527679418,4.165363724547143e-20,0.0009457610241863187,-7.250386782533611e-20
3.926,2.010475941003683,-4.2090605138688975e-18,1.022630221791045,0.03977014277386522,-3.7939036454652335e-20,-0.0029277680783946487,0.9999995785168858,4.3793757552449347e-20,0.0009181318256723951,-7.618188462614355e-20
3.928,2.0105555090106835,-4.209138133856602e-18,1.022624371119949,0.039797684528782074,-3.969489221302808e-20,-0.0029229026925939134,0.9999996033613521,4.5927365106864294e-20,0.0008906610673524214,-7.573923884724528e-20
3.93,2.010635131019563,-4.209219133535034e-18,1.0226185301771111,0.03982414568789943,-4.121106990476328e-20,-0.002918039831791817,0.999999627314529,2.6122497215069556e-20,0.0008633485979347398,-7.322172721455581e-20
3.932,2.010714804875556,-4.209302531707186e-18,1.022612698957379,0.0398495326771427,-4.227323623748884e-20,-0.0029131795985903593,0.9999996503895169,4.477488255187897e-20,0.0008361942610803464,-7.279931134539096e-20
3.934,2.010794528436743,-4.209389396306096e-18,1.0226068774553956,0.039873851914924124,-4.471286758769763e-20,-0.0029083220942364707,0.9999996725993284,6.335186489314391e-20,0.0008091978954496431,-7.237705419248031e-20
3.936,2.0108742995740325,-4.209481148828835e-18,1.0226010656656033,0.039897109811948696,-4.7232396958908635e-20,-0.0029034674186286754,0.9999996939568879,8.185323710866106e-20,0.0007823593347490101,-7.264108947219764e-20
3.938,2.010954116171147,-4.209579347959825e-18,1.022595263582246,0.039919312771021974,-5.101544590548969e-20,-0.00289861567032396,0.9999997144750303,8.930088468214584e-20,0.0007556784077771962,-7.39234559399951e-20
3.94,2.011033976124606,-4.209684613102329e-18,1.0225894711993715,0.039940467186859736,-5.411877206041807e-20,-0.0028937669465444967,0.9999997341665016,8.025268556124592e-20,0.0007291549384715294,-7.48476605100403e-20
3.942,2.011113877343711,-4.209796340707862e-18,1.0225836885108348,0.03996057944589949,-5.772923747146126e-20,-0.0028889213431847072,0.9999997530439579,9.866179313498507e-20,0.000702788745953947,-7.373410874356735e-20
3.944,2.0111938177505277,-4.2099156865171835e-18,1.0225779155103003,0.0399796559261138,-6.162881418458795e-20,-0.0028840789548182258,0.9999997711199652,1.0053670538650586e-19,0.0006765796445768415,-7.158361320075013e-20
3.946,2.011273795279869,-4.2100429040403015e-18,1.0225721521912445,0.03999770299682552,-6.560089460939273e-20,-0.0028792398747050233,0.999999788406999,1.024025976060211e-19,0.000650527443968726,-6.978086395687019e-20
3.948,2.011353807879278,-4.210178137930647e-18,1.022566398546959,0.04001472701852478,-6.964512512659249e-20,-0.0028744041947985806,0.9999998049174441,1.0426020643815803e-19,0.0006246319490797169,-6.7297052610657e-20
3.95,2.0114338535090086,-4.210321532137617e-18,1.0225606545705526,0.040030734342687814,-7.376115543313704e-20,-0.0028695720057531605,0.999999820663594,1.0610936559933746e-19,0.0005988929602268349,-6.447686094641852e-20
3.952,2.01151393014201,-4.210473229912937e-18,1.0225549202549538,0.04004573131159763,-7.794863861393602e-20,-0.002864743396931099,0.9999998356576509,1.0794992675473451e-19,0.0005733102731391207,-6.166334149937602e-20
3.954,2.0115940357639057,-4.2106333738174916e-18,1.022549195592914,0.04005972425816646,-8.220722947526172e-20,-0.002859918456410212,0.9999998499117249,1.0978210825025066e-19,0.0005478836790025706,-5.851381700140132e-20
3.956,2.0116741683729757,-4.2108021057229934e-18,1.0225434805770097,0.04007271950575999,-8.653658495492197e-20,-0.0028550972709912516,0.9999998634378343,1.1160595735565194e-19,0.0005226129645048845,-5.502908384167728e-20
3.958,2.0117543259801374,-4.210979566818617e-18,1.022537775199645,0.040084723368023434,-9.093636585005237e-20,-0.002850279926205469,0.9999998762479051,1.1342172581317185e-19,0.0004974979118800345,-5.0867275153133533e-20
3.96,2.0118345066089254,-4.21116568243558e-18,1.0225320794530541,0.04009574214870934,-9.49758689250751e-20,-0.0028454665063221258,0.9999998883537718,8.233255143960878e-20,0.00047253829895264714,-4.875451528020832e-20
3.962,2.0119147082954716,-4.2113583340927356e-18,1.022526393329304,0.040105782141507194,-9.758096255478627e-20,-0.0028406570943562345,0.9999998997671729,7.332032250368048e-20,0.0004477338991821981,-4.837046019889127e-20
3.964,2.011994929088485,-4.211556632914382e-18,1.0225207168202972,0.0401148496298748,-1.0058744959840445e-19,-0.0028358517720762,0.9999999104997567,5.886842724941192e-20,0.0004230844817070302,-4.7642201836741345e-20
3.966,2.012075167049231,-4.211759550989865e-18,1.0225150499177735,0.040122950886871386,-1.0216480095086578e-19,-0.0028310506200116183,0.999999920563078,3.90020486402471e-20,0.00039858981138817933,-4.794134311236236e-20
3.968,2.012155420251512,-4.211965563985112e-18,1.022509392613313,0.040130092174992506,-1.0382652633881493e-19,-0.0028262537174610605,0.9999999299685977,4.117399947176646e-20,0.0003742496488530182,-4.6192568277540444e-20
3.97,2.012235686781643,-4.212174589787461e-18,1.0225037448983385,0.040136279746006656,-1.0524926954177392e-19,-0.0028214611424999883,0.9999999387276832,3.785333743301653e-20,0.00035006375053871507,-4.410321954866657e-20
3.972,2.0123159647384323,-4.2123868691495765e-18,1.0224981067641177,0.04014151984079363,-1.0718769626903784e-19,-0.0028166729719886546,0.9999999468516088,6.194752456660984e-20,0.000326031868735506,-4.442745010866169e-20
3.974,2.0123962522331587,-4.212603969102532e-18,1.022492478201766,0.04014581868918463,-1.1006911285605449e-19,-0.0028118892815800823,0.999999954351554,8.592746564618331e-20,0.00030215375162978174,-4.475088747126754e-20
3.976,2.01247654738955,-4.2128277709600685e-18,1.0224868592022485,0.04014918250980407,-1.138888571881365e-19,-0.0028071101457280887,0.9999999612386051,1.097937187270116e-19,0.00027842914334699005,-4.507353263733781e-20
3.978,2.0125568483437597,-4.213059931551455e-18,1.0224812497563829,0.040151617509913105,-1.1831951602811677e-19,-0.00280233563769535,0.9999999675237542,1.0613471355954124e-19,0.00025485778399434887,-4.2646056611864195e-20
3.98,2.012637153244344,-4.21330052136657e-18,1.022475649854841,0.04015312988525486,-1.2228233183350202e-19,-0.002797565829561517,0.9999999732178992,1.0797569952515977e-19,0.00023143940970337643,-4.0568385215703904e-20
3.982,2.0127174602522393,-4.213549647083525e-18,1.0224700594881524,0.04015372581990137,-1.2685536174653624e-19,-0.002792800792231355,0.999999978331844,1.207728339310587e-19,0.00020817375267223292,-3.9868810591823463e-20
3.984,2.012797767540738,-4.213807880823285e-18,1.0224644786467052,0.04015341148610222,-1.3128245273044282e-19,-0.002788040595442945,0.9999999828762977,1.0611005923601777e-19,0.00018506054120787771,-3.642388085010512e-20
3.986,2.0128780732954654,-4.21407460840449e-18,1.0224589073207497,0.04015219304413484,-1.3556484218680885e-19,-0.002783285307775919,0.9999999868618757,1.2441212222474236e-19,0.00016209949976803703,-3.470610162197938e-20
3.988,2.0129583757143554,-4.214351048442225e-18,1.0224533455004003,0.04015007664215647,-1.4077915969618296e-19,-0.0027785349966597175,0.999999990299099,1.261794754482858e-19,0.00013929034900298672,-3.4360760631014755e-20
3.99,2.0130386730076255,-4.2146370873375244e-18,1.0224477931756373,0.040147068416057856,-1.4519967969582457e-19,-0.0027737897283819047,0.999999993198394,1.1699962625079217e-19,0.00011663280579714779,-3.195954529465155e-20
3.992,2.013118963397753,-4.214932361297798e-18,1.0224422503363098,0.04014317448931854,-1.501221017480274e-19,-0.0027690495680964926,0.9999999955700929,1.297935781082546e-19,9.412658331049378e-05,-3.093721633735493e-20
3.994,2.0131992451194494,-4.215237549129982e-18,1.0224367169721376,0.04013840097286382,-1.5500547862349282e-19,-0.002764314579832302,0.9999999974244335,1.205833674191388e-19,7.17713910197731e-05,-3.162853680607043e-20
3.996,2.0132795164196353,-4.215552141798835e-18,1.0224311930727137,0.040132753964923384,-1.5952722378379823e-19,-0.0027595848265013706,0.9999999987715592,1.1141683033223518e-19,4.956693475954129e-05,-3.197554692621485e-20
3.998,2.013359775557415,-4.2158754178229794e-18,1.022425678627506,0.04012623955089154,-1.6368911818019914e-19,-0.0027548603699073873,0.9999999996215195,1.0229375249893782e-19,2.751291676300807e-05,-3.197865712303416e-20
4.0,2.013440020804051,-4.2162066592761034e-18,1.0224201736258607,0.04011886380318912,-1.6749293583020935e-19,-0.002750141270754113,0.9999999999842691,9.321394123393994e-20,5.6090357026960384e-06,-3.198093828240224e-20
4.002,2.0135202504429373,-4.2165451517719504e-18,1.0224146780570027,0.04011063278112694,-1.7094044253017442e-19,-0.0027454275886538947,0.9999999998696691,8.41771783492871e-20,-1.6145013269088843e-05,-3.1641355820498395e-20
4.0040000000000004,2.0136004627695727,-4.216890184447585e-18,1.0224091919100395,0.04010155253077097,-1.7403339581294761e-19,-0.002740719382136127,0.9999999992874861,7.518327441280602e-20,-3.774953847997301e-05,-3.233055397010732e-20
4.006,2.0136806560915357,-4.2172410499443896e-18,1.0224037151739624,0.04009162908480901,-1.7677354194228197e-19,-0.002736016708655799,0.9999999982473927,6.623198960823478e-20,-5.9204851697419626e-05,-3.404650067782542e-20
4.008,2.0137608287284565,-4.2175970443847956e-18,1.0223982478376488,0.040080868462419046,-1.79162616057508e-19,-0.0027313196246020162,0.9999999967589679,5.732306181040801e-20,-8.051126808882145e-05,-3.575837219605395e-20
4.01,2.0138409790119898,-4.217957467352555e-18,1.0223927898898642,0.04006927666913914,-1.8120234487372043e-19,-0.0027266281853065883,0.9999999948316964,4.8456312893874865e-20,-0.00010166910618177995,-3.7466178611345664e-20
4.0120000000000005,2.0139211052857875,-4.218321621876686e-18,1.0223873413192646,0.04005685969673895,-1.8289444614652373e-19,-0.0027219424450525736,0.9999999924749698,3.963163975296203e-20,-0.00012267868782457343,-4.053976346378864e-20
4.014,2.0140012059054713,-4.218689029592235e-18,1.0223819021143987,0.040043623523092785,-1.845633996766618e-19,-0.002717262457082898,0.9999999896980857,5.826139457418677e-20,-0.00014354033814681312,-4.1889386218827445e-20
4.016,2.0140812792386047,-4.219060685038579e-18,1.0223764722637096,0.040029574112054246,-1.870698720769134e-19,-0.002712588273608947,0.9999999865102485,5.487207417791746e-20,-0.00016425438552028563,-4.015500554119633e-20
4.018,2.014161323664665,-4.219436608962175e-18,1.022371051755537,0.04001471741333244,-1.8890379538910827e-19,-0.00270791994581918,0.9999999829205691,5.699437446116948e-20,-0.0001848211615199858,-3.773769149814606e-20
4.0200000000000005,2.0142413375750143,-4.21981693102285e-18,1.0223656405781194,0.03999905936236974,-1.9146802985091607e-19,-0.002703257523887776,0.9999999789380657,5.3636950241744376e-20,-0.00020524100088533607,-3.429912931324566e-20
4.022,2.014321319372872,-4.220201386789408e-18,1.0223602387195956,0.03998260588022107,-1.9282234033671073e-19,-0.0026986010569832676,0.9999999745716632,2.2870095131707056e-20,-0.00022551424148159352,-3.293030829363447e-20
4.024,2.014401267473284,-4.220587776556946e-18,1.0223548461680074,0.03996536287343474,-1.9351066049074546e-19,-0.0026939505932771874,0.9999999698301941,1.4193079375098005e-20,-0.0002456412242614462,-3.464290519108892e-20
4.026,2.0144811803030946,-4.220975202764462e-18,1.022349462911301,0.03994733623393483,-1.9385904902009533e-19,-0.0026893061799527205,0.9999999647223982,5.556824018292928e-21,-0.0002656222932267966,-3.498079048186145e-20
4.0280000000000005,2.0145610563009186,-4.2213629872273644e-18,1.0223440889373294,0.03992853183890507,-1.9386918349320331e-19,-0.0026846678632133835,0.9999999592569228,-3.038584744254082e-21,-0.0002854577953907316,-3.4974801331853035e-20
4.03,2.0146408939171097,-4.221750455109608e-18,1.022338724233854,0.03990895555067424,-1.935427352409032e-19,-0.002680035688291673,0.9999999534423234,-1.1593326923261514e-20,-0.0003051480807396842,-3.4626971664716686e-20
4.032,2.014720691613731,-4.222136934911439e-18,1.0223333687885467,0.03988861321660309,-1.9288136860566591e-19,-0.0026754096994577384,0.9999999472870635,-2.0107602590373336e-20,-0.0003246935021957793,-3.3937300005000327e-20
4.034,2.0148004478645247,-4.2225217584543504e-18,1.0223280225889921,0.03986751066897276,-1.9188674097675701e-19,-0.0026707899400280574,0.9999999407995149,-2.85815842375363e-20,-0.0003440944155793695,-3.2906190991996596e-20
4.0360000000000005,2.014880161154884,-4.222904260868481e-18,1.0223226856226888,0.03984565372487464,-1.9056050322084736e-19,-0.002666176452374108,0.9999999339879581,-3.7015463433372794e-20,-0.0003633511795717575,-3.1534860548699794e-20
4.038,2.01495982998182,-4.2232837805781264e-18,1.0223173578770517,0.0398230481861018,-1.8890429867578168e-19,-0.0026615692779310383,0.9999999268605821,-4.5409313362842194e-20,-0.00038246415567810767,-3.0166370890713574e-20
4.04,2.0150394528539315,-4.223659659287134e-18,1.0223120393394138,0.03979969983904182,-1.869197639426251e-19,-0.0026569684572063383,0.9999999194254857,-5.3763815631092645e-20,-0.00040143370819054394,-2.743128849139123e-20
4.042,2.015119028291376,-4.2240313495583506e-18,1.022306729997028,0.03977561445457114,-1.8493130208522616e-19,-0.002652374029788503,0.9999999116906765,-3.4664884423426124e-20,-0.0004202602041514353,-2.6748462694850672e-20
4.0440000000000005,2.0151985548258358,-4.224399991875599e-18,1.022301429837069,0.03975079778795083,-1.8369189957843867e-19,-0.0026477860343556855,0.9999999036640719,-4.306830655922728e-20,-0.00043894401331687053,-2.8820901854463425e-20
4.046,2.0152780310004887,-4.224765143171252e-18,1.0222961388466347,0.03972525557872384,-1.81476403911719e-19,-0.0026432045086843764,0.9999998953534994,-4.5949368154009525e-20,-0.00045748550812031887,-3.088682974948115e-20
4.048,2.015357455369976,-4.22512657769706e-18,1.0222908570127487,0.0396989935506137,-1.8001108168991139e-19,-0.002638629489658029,0.9999998867666967,-4.333441796967231e-20,-0.0004758850636364786,-3.26030985559727e-20
4.05,2.0154368265003697,-4.2254846087655996e-18,1.0222855843223617,0.039672017411424634,-1.778935476023774e-19,-0.002634061013275708,0.9999998779113118,-4.6215139472985e-20,-0.0004941430575453113,-3.294726989893245e-20
4.0520000000000005,2.0155161429691426,-4.22583883176241e-18,1.022280320762353,0.0396443328529431,-1.7631068990613528e-19,-0.0026294991146607475,0.9999998687949041,-4.9082697594563054e-20,-0.0005122598700962679,-3.226264240574712e-20
4.054,2.0155954033651335,-4.226189237497437e-18,1.0222750663195328,0.039615945550840796,-1.7418396512496178e-19,-0.002624943828069329,0.9999998594249437,-4.0970443344072657e-20,-0.0005302358840726961,-3.362917809048278e-20
4.056,2.015674606288518,-4.226536427186401e-18,1.0222698209806436,0.039586861164579025,-1.7302266434583835e-19,-0.0026203951868991227,0.9999998498088125,-3.8378402959228795e-20,-0.0005480714847564376,-3.670870277503279e-20
4.058,2.0157537503507723,-4.226880461320767e-18,1.022264584732362,0.03955708533731452,-1.708847056771258e-19,-0.0026158532236978905,0.9999998399538041,-5.775691482267344e-20,-0.0005657670598926137,-3.636716710155662e-20
4.0600000000000005,2.015832834174645,-4.227219820326189e-18,1.0222593575613,0.039526623695806624,-1.683123583770869e-19,-0.002611317970172058,0.9999998298671245,-7.703108186000975e-20,-0.0005833229996545943,-3.4998429133820355e-20
4.062,2.0159118563941196,-4.2275530997132475e-18,1.0222541394540074,0.03949548185032588,-1.6509259275368918e-19,-0.0026067894571952864,0.9999998195558922,-7.428234773206762e-20,-0.0006007396966091556,-3.567609219084124e-20
4.064,2.015990815654385,-4.227880515728587e-18,1.0222489303969733,0.039463665394564,-1.6219794213941442e-19,-0.0026022677148170342,0.9999998090271385,-8.798141502088861e-20,-0.0006180175456818246,-3.636203310895773e-20
4.066,2.0160697106117995,-4.2282008870273745e-18,1.0222437303766267,0.039431179905545254,-1.5812002772548353e-19,-0.0025977527722711065,0.9999997982878079,-9.613318933716346e-20,-0.0006351569441224071,-3.6699474678013106e-20
4.0680000000000005,2.01614853993386,-4.228513754203939e-18,1.0222385393793396,0.039398030943539136,-1.5480166320277643e-19,-0.002593244657984165,0.9999997873447589,-9.328244021423702e-20,-0.0006521582914707052,-3.4973180706532895e-20
4.07,2.016227302299167,-4.228819234705934e-18,1.0222333573914277,0.039364224051974483,-1.5062576054173713e-19,-0.0025887433995842417,0.9999997762047638,-9.591493439175998e-20,-0.0006690219895224198,-3.29118978006528e-20
4.072,2.0163059963973895,-4.2291171234554184e-18,1.0222281843991525,0.03932976475735489,-1.4731749830052938e-19,-0.0025842490239092143,0.9999997648745093,-8.758272452046677e-20,-0.0006857484422952377,-3.084858488367956e-20
4.074,2.016384620929234,-4.229407968218956e-18,1.0222230203887221,0.039294658569175495,-1.434739266010645e-19,-0.0025797615570152884,0.9999997533605971,-1.0121887602783171e-19,-0.0007023380559951052,-3.086159768237648e-20
4.0760000000000005,2.016463174606409,-4.229690808360409e-18,1.0222178653462939,0.0392589109798411,-1.39205793989399e-19,-0.002575281024185423,0.9999997416695439,-1.202602410214707e-19,-0.0007187912389826887,-3.0535340819052104e-20
4.078,2.016541656151589,-4.229964043222599e-18,1.0222127192579749,0.03922252746458561,-1.3397674319734386e-19,-0.002570807449937769,0.9999997298077822,-1.337416989414804e-19,-0.0007351084017400168,-3.0205498878768505e-20
4.08,2.016620064298384,-4.2302268673181856e-18,1.0222075821098242,0.039185513481392854,-1.2875949717251846e-19,-0.002566340858034056,0.9999997177816604,-1.4168918211903777e-19,-0.0007512899568373124,-3.055773020239602e-20
4.082,2.0166983977913007,-4.230478371928186e-18,1.022202453887854,0.039147874470918595,-1.226934521660572e-19,-0.0025618812714879825,0.9999997055974433,-1.5506805119922625e-19,-0.0007673363189000051,-3.15985580704372e-20
4.0840000000000005,2.0167766553857107,-4.230717724287578e-18,1.0221973345780313,0.039109615856413996,-1.1664352433088925e-19,-0.0025574287125735636,0.9999996932613127,-1.6290071783657804e-19,-0.000783247904575932,-3.2975363845450554e-20
4.086,2.0168548358478144,-4.2309442400547904e-18,1.022192224166279,0.039070743043650276,-1.098571875783895e-19,-0.0025529832028334623,0.9999996807793675,-1.7068379387106753e-19,-0.0007990251325027213,-3.36635744534306e-20
4.088,2.0169329379546066,-4.2311573464688224e-18,1.0221871226384782,0.03903126142084474,-1.0319846438803367e-19,-0.002548544763087267,0.9999996681576246,-1.7844435530706633e-19,-0.0008146684232753594,-3.263685928705279e-20
4.09,2.0170109604938404,-4.231356401298283e-18,1.0221820299804685,0.038991176358588016,-9.580584435794454e-20,-0.0025441134134397904,0.9999996554020188,-1.8616888405092689e-19,-0.0008301781994139441,-3.058378379223214e-20
4.0920000000000005,2.0170889022639926,-4.2315410162864126e-18,1.0221769461780503,0.038950493209772646,-8.897404269988767e-20,-0.0025396891732893064,0.9999996425184037,-1.6095930202396324e-19,-0.0008455548853316214,-3.0906897603164e-20
4.094,2.0171667620742277,-4.231712956866782e-18,1.0221718712169858,0.03890921730952289,-8.31306545606521e-20,-0.00253527206133577,0.9999996295125516,-1.3586896082170282e-19,-0.0008607989073027035,-3.157197284425513e-20
4.096,2.017244538744363,-4.231874194983764e-18,1.0221668050830006,0.03886735397512583,-7.827080098493395e-20,-0.002530862095589007,0.9999996163901547,-1.1089728901244945e-19,-0.0008759106934309744,-3.257819717346964e-20
4.098,2.0173222311048327,-4.232026585256792e-18,1.0221617477617848,0.03882490850596369,-7.417444660430816e-20,-0.002526459293376864,0.9999996031568247,-1.02494446052435e-19,-0.0008908906736181735,-3.0512553962057836e-20
4.1,2.0173998379966513,-4.2321708972779226e-18,1.0221566992389945,0.03878188618344748,-7.029987898808214e-20,-0.0025220636713533576,0.9999995898180942,-8.316649330233971e-20,-0.0009057392795326679,-2.809940452144935e-20
4.102,2.0174773582713783,-4.232308506146419e-18,1.0221516595002536,0.03873829227095178,-6.729137830990984e-20,-0.0025176752455067404,0.9999995763794164,-8.585646549554098e-20,-0.0009204569445783033,-3.0166484492146965e-20
4.104,2.017554790791082,-4.23243927440147e-18,1.022146628531154,0.03869413201375085,-6.342357007424063e-20,-0.002513294031167581,0.9999995628461659,-9.400333380201798e-20,-0.0009350441038634384,-3.223410774998559e-20
4.106,2.0176321344283026,-4.2325627431412544e-18,1.0221416063172581,0.03864941063895587,-5.988452542155051e-20,-0.002508920043016804,0.999999549223639,-1.0211193869930469e-19,-0.0009495011941701618,-3.395415964918282e-20
4.108,2.017709388066017,-4.23267802632111e-18,1.0221365928440993,0.03860413335545353,-5.538188405524352e-20,-0.0025045532950936805,0.9999995355170544,-1.0467389888221809e-19,-0.0009638286539236908,-3.532304647666468e-20
4.11,2.0177865505976014,-4.232785175007991e-18,1.0221315880971837,0.03855830535384568,-5.175011141227809e-20,-0.0025001938008037835,0.9999995217315538,-1.0174083658717437e-19,-0.0009780269231619532,-3.702606967650502e-20
4.112,2.017863620926794,-4.232884348996274e-18,1.0221265920619913,0.03851193180639033,-4.7478820123308144e-20,-0.0024958415729269177,0.9999995078722016,-9.333748457799275e-20,-0.000992096443505347,-4.043301681486472e-20
4.114,2.017940597967661,-4.232976065564978e-18,1.022121604723977,0.0384650178669437,-4.4077251231033395e-20,-0.00249149662362505,0.9999994939439865,-1.069057309456601e-19,-0.0010060376581266849,-4.24834350127434e-20
4.116,2.018017480644556,-4.233059548586616e-18,1.022116626068572,0.03841756867090359,-3.960432555199199e-20,-0.0024871589644501198,0.9999994799518209,-8.203366846249239e-20,-0.001019851011721318,-4.243398730841164e-20
4.118,2.018094267892086,-4.2331367507482704e-18,1.022111656081185,0.03836958933515386,-3.7831483158400753e-20,-0.0024828286063518974,0.9999994659005426,-4.0832468999104524e-20,-0.0010335369504774388,-4.168262794285453e-20
4.12,2.0181709586550722,-4.233210225516789e-18,1.0221066947472035,0.038321084958010086,-3.5624612945246724e-20,-0.0024785055596857355,0.9999994517949139,-5.465271754286425e-20,-0.0010470959220465683,-4.0647157615523866e-20
4.122,2.018247551888515,-4.233279607787845e-18,1.0221017420519949,0.03827206061916643,-3.384691889920387e-20,-0.002474189834220355,0.9999994376396233,-5.1971614144618745e-20,-0.0010605283755142187,-4.062407529581673e-20
4.124,2.0183240465575545,-4.233344964978449e-18,1.0220967979809072,0.0382225213796436,-3.1527807986652706e-20,-0.0024698814391455183,0.9999994234392854,-4.9290231516780026e-20,-0.0010738347613707384,-4.0601045547719415e-20
4.126,2.018400441637435,-4.2334063289439306e-18,1.0220918625192714,0.03817247228173803,-2.9746021277499817e-20,-0.0024655803830796966,0.9999994091984427,-6.306929752759657e-20,-0.001087015531482337,-4.059493177461535e-20
4.128,2.018476736113466,-4.2334625117929155e-18,1.022086935652401,0.038121918348972154,-2.6131940245333844e-20,-0.002461286674077793,0.9999993949215614,-1.0419667152971271e-19,-0.0011000711390622832,-3.99332787111075e-20
4.13,2.0185529289809856,-4.233510789076351e-18,1.0220820173655945,0.03807086458604586,-2.2200192662119097e-20,-0.002457000319638625,0.9999993806130391,-9.581144764383763e-20,-0.0011130020386422928,-3.9560693007031764e-20
4.132,2.018629019245322,-4.2335515322279356e-18,1.0220771076441357,0.03801931597878904,-1.8597548305940012e-20,-0.0024527213267125153,0.9999993662772003,-8.74652163625804e-20,-0.001125808686044086,-3.987353175562271e-20
4.134,2.0187050059217566,-4.2335853978302536e-18,1.0220722064732952,0.03796727749411527,-1.5322384483392926e-20,-0.002448449701708806,0.9999993519182985,-7.91585567792217e-20,-0.0011384915383511234,-4.0186065525935607e-20
4.136,2.0187808880354856,-4.2336130392277765e-18,1.0220673138383312,0.03791475407997663,-1.237308591303452e-20,-0.0024441854505033354,0.9999993375405162,-7.089128165196235e-20,-0.0011510510538805243,-4.049788827889697e-20
4.138,2.018856664621582,-4.233635106542495e-18,1.0220624297244905,0.03786175066531962,-9.748045274698338e-21,-0.0024399285784458507,0.9999993231479659,-6.266359426437747e-20,-0.0011634876921551597,-4.046633985151698e-20
4.14,2.018932334724958,-4.2336522466895836e-18,1.02205755411701,0.03780827216004215,-7.445663014063518e-21,-0.0024356790903674124,0.9999993087446906,-5.447412024109431e-20,-0.001175801913875922,-4.112021711579105e-20
4.142,2.019007897400326,-4.233665103391779e-18,1.0220526870011175,0.03775432345495167,-5.464346213887263e-21,-0.0024314369905877333,0.9999992943346638,-4.6322281859038313e-20,-0.001187994180894173,-4.2800555920350056e-20
4.144,2.0190833517121605,-4.2336743171919586e-18,1.0220478283620325,0.03769990942172436,-3.8025076614536834e-21,-0.002427202282922468,0.9999992799217908,-3.820913097592391e-20,-0.0012000649561843659,-4.447693899214145e-20
4.146,2.0191586967346615,-4.233680525465615e-18,1.0220429781849674,0.03764503491286541,-2.458567777720119e-21,-0.002422974970690491,0.9999992655099087,-3.013487829064184e-20,-0.0012120147038168464,-4.5806713872448453e-20
4.148,2.019233931551714,-4.233684362437254e-18,1.0220381364551285,0.03758970476167036,-1.4309548530007919e-21,-0.0024187550567211077,0.9999992511027869,-2.2098102019004736e-20,-0.0012238438889308275,-4.7818685055314926e-20
4.15,2.0193090552568496,-4.233686459194548e-18,1.022033303157717,0.03753392378218753,-7.181035490248773e-22,-0.0024145425433612163,0.9999992367041278,-1.4099056816168876e-20,-0.0012355529777075406,-5.016897981843541e-20
4.152,2.0193840669532106,-4.233687443701233e-18,1.0220284782779292,0.03747769676918148,-3.184558682522004e-22,-0.00241033743248245,0.9999992223175674,-6.13965443740891e-21,-0.0012471424373435608,-5.114389584012714e-20
4.154,2.019458965753508,-4.233687940814386e-18,1.0220236618009593,0.03742102849809756,-2.3046316045160333e-22,-0.0024061397254882427,0.9999992079466761,1.7815814278449055e-21,-0.001258612736024308,-5.1773051652410145e-20
4.156,2.019533750779985,-4.2336885723023155e-18,1.0220188537119983,0.03736392372502745,-4.525847325034846e-22,-0.00240194942332087,0.9999991935949581,9.666109217431543e-21,-0.0012699643428977212,-5.3085249700199624e-20
4.158,2.019608421164377,-4.233689956858358e-18,1.022014053996236,0.03730638718667579,-9.832864068201245e-22,-0.002397766526468462,0.9999991792658535,1.7512798101969207e-20,-0.0012811977280481066,-5.4052511320234273e-20
4.16,2.019682976047874,-4.2336927101147036e-18,1.0220092626388615,0.03724842360032782,-1.8210415841194874e-21,-0.00239359103497193,0.9999991649627373,2.5322715316094244e-20,-0.0012923133624701602,-5.536016356639358e-20
4.162,2.019757414581081,-4.233697444657657e-18,1.022004479625065,0.03719003766381803,-2.964330451685201e-21,-0.0023894229484318717,0.9999991506889214,3.3096021535651836e-20,-0.0013033117180431628,-5.700739899210763e-20
4.164,2.019831735923979,-4.233704770040466e-18,1.0219997049400367,0.03713123405549986,-4.411640106135357e-21,-0.0023852622660154453,0.9999991364476541,4.0831559654337275e-20,-0.0013141932675053488,-5.796542862926605e-20
4.166,2.0199059392458865,-4.233715292798618e-18,1.02199493856897,0.03707201743421637,-6.161465805507267e-21,-0.0023811089864631345,0.9999991222421212,4.8530418286178675e-20,-0.0013249584844284457,-5.892080167380325e-20
4.168,2.0199800237254197,-4.23372961646545e-18,1.0219901804970608,0.03701239243927194,-8.212309746951608e-21,-0.0023769631080955466,0.9999991080754459,5.619366082293868e-20,-0.0013356078431923874,-6.055843997795844e-20
4.17,2.0200539885504547,-4.233748341585136e-18,1.0219854307095086,0.03695236369040497,-1.0562680665421733e-20,-0.002372824628820121,0.9999990939506902,6.382009000744937e-20,-0.0013461418189601969,-6.184914846469328e-20
4.172,2.0201278329180865,-4.233772065726351e-18,1.021980689191518,0.03689193578776153,-1.3211094511861457e-20,-0.002368693546137772,0.9999990798708547,7.141034466399539e-20,-0.0013565608876530428,-6.313640999877272e-20
4.174,2.020201556034591,-4.233801383497094e-18,1.0219759559282982,0.036831113311870035,-1.6156074719487728e-20,-0.0023645698571495475,0.9999990658388808,7.896367467936564e-20,-0.0013668655259254662,-6.373531603768162e-20
4.176,2.020275157115386,-4.233836886560252e-18,1.0219712309050653,0.03676990082361689,-1.9396152756284616e-20,-0.0023604535585632098,0.9999990518576463,8.648026316027465e-20,-0.001377056211140771,-6.364709151478545e-20
4.178,2.020348635384991,-4.2338791636498355e-18,1.0219665141070422,0.036708302864223066,-2.2929868153070332e-20,-0.0023563446466997114,0.9999990379299729,9.396028266043361e-20,-0.0013871334213465994,-6.287377071155984e-20
4.18,2.0204219900769886,-4.2339288005865226e-18,1.0219618055194595,0.03664632395522168,-2.6755768263422975e-20,-0.002352243117499701,0.9999990240586225,1.0140391325803125e-19,-0.0013970976352506612,-6.141616472628247e-20
4.182,2.0204952204339843,-4.233986380294098e-18,1.0219571051275562,0.0365839685984365,-3.0872408626123404e-20,-0.0023481489665299424,0.9999990102462984,1.0881133157665047e-19,-0.0014069493321966422,-5.927589497670739e-20
4.184,2.020568325707568,-4.23405248281496e-18,1.0219524129165807,0.03652124127596143,-3.527835241676265e-20,-0.002344062188989697,0.9999989964956462,1.161836738859688e-19,-0.0014166889921402752,-5.713990122214166e-20
4.186,2.0206413051582737,-4.2341276853251304e-18,1.021947728871791,0.03645814645014089,-3.9972169791923843e-20,-0.0023399827797170552,0.9999989828092539,1.235211029919629e-19,-0.0014263170956255854,-5.500857887355155e-20
4.188,2.02071415805554,-4.2342125621475655e-18,1.0219430529784563,0.03639468856355115,-4.495243769611828e-20,-0.002335910733195219,0.9999989691896531,1.3082378750240698e-19,-0.001435834123761298,-5.288232239877732e-20
4.19,2.020786883677672,-4.234307684765861e-18,1.0219383852218569,0.03633087203898265,-5.0217739607400185e-20,-0.0023318460435587398,0.999998955639319,1.3809188493073298e-19,-0.001445240558197416,-5.076111923119898e-20
4.192,2.0208594813117995,-4.234413621837119e-18,1.0219337255872851,0.03626670127942311,-5.576666586439434e-20,-0.002327788704599706,0.9999989421606711,1.453240824119551e-19,-0.0014545368811019657,-4.761697360597345e-20
4.194,2.0209319502538388,-4.234530724030304e-18,1.0219290740600462,0.03620218066804167,-6.116746102392686e-20,-0.002323738709773865,0.9999989287560738,1.196280771394827e-19,-0.0014637235751379068,-4.5556123813331346e-20
4.196,2.021004289808453,-4.234657296143322e-18,1.0219244306254585,0.036137314568173914,-6.545255950989171e-20,-0.002319696052206715,0.9999989154278369,1.214692916475833e-19,-0.0014728011234402109,-4.5173239753363346e-20
4.198,2.0210764992890113,-4.2347933364679704e-18,1.0219197952688548,0.036072107323307734,-7.056389021803466e-20,-0.002315660724699552,0.9999989021782164,1.1781921458471193e-19,-0.0014817700095931033,-4.4798927730734815e-20
4.2,2.0211485780175513,-4.234938628348883e-18,1.0219151679755827,0.03600656325707015,-7.477578454700954e-20,-0.0023116327197354246,0.9999988890094144,1.196435400338115e-19,-0.0014906307176074717,-4.476005553726207e-20
4.202,2.0212205253247366,-4.235093313006531e-18,1.0219105487310047,0.035940686673215,-7.992066248627413e-20,-0.002307612029485115,0.9999988759235802,1.2693032103031192e-19,-0.00149938373189844,-4.574069546299429e-20
4.204,2.0212923405498193,-4.23525785272014e-18,1.0219059375204995,0.03587448185561149,-8.459475158983442e-20,-0.002303598645812995,0.9999988629228105,1.287004777577075e-19,-0.001508029537263105,-4.706990739740483e-20
4.206,2.021364023040599,-4.2354323128126034e-18,1.0219013343294623,0.035807953068233665,-8.987693418633569e-20,-0.0022995925602828813,0.9999988500091505,1.1950801195051875e-19,-0.001516568618858438,-4.704183589389247e-20
4.208,2.021435572153383,-4.2356160416852005e-18,1.0218967391433056,0.035741104555150685,-9.372036618692841e-20,-0.0022955937641638054,0.9999988371845936,9.9391397743961e-20,-0.0015250014621793504,-4.531711183364051e-20
4.21,2.021506987252948,-4.235807673988434e-18,1.0218921519474595,0.03567394054051799,-9.796013242315666e-20,-0.00229160224843577,0.9999988244510828,1.0675915322048821e-19,-0.0015333285530369205,-4.4925679873006485e-20
4.212,2.0215782677124974,-4.236007642314792e-18,1.0218875727273726,0.035606465228569355,-1.02056160974468e-19,-0.0022876180037954175,0.9999988118105103,1.1409197535952548e-19,-0.0015415503775367844,-4.453438117334025e-20
4.214,2.0216494129136247,-4.236216520599836e-18,1.0218830014685123,0.035538682803609715,-1.0686986379718668e-19,-0.0022836410206616906,0.999998799264719,1.2139058446081497e-19,-0.0015496674220576898,-4.448668804953444e-20
4.216,2.021720422246271,-4.236434951576767e-18,1.0218784381563653,0.035470597430008896,-1.1164440396262189e-19,-0.002279671289181399,0.9999987868155024,1.2864475217643213e-19,-0.0015576801732302087,-4.649429851127741e-20
4.218,2.021791295108687,-4.236663430909069e-18,1.0218738827764384,0.035402213252196155,-1.1681049145356688e-19,-0.002275708799234763,0.9999987744646053,1.2490545132155938e-19,-0.0015655891179156144,-4.406003898736167e-20
4.22,2.021862030907392,-4.236901663618834e-18,1.021869335314259,0.035333534394655544,-1.213978978186931e-19,-0.002271753540440908,0.9999987622137243,1.2118392376919563e-19,-0.0015733947431849158,-4.1631931168340375e-20
4.222,2.0219326290571336,-4.2371494634934926e-18,1.0218647957553753,0.03526456496192211,-1.2648536011072576e-19,-0.0022678055021632874,0.9999987500645084,1.3392724349914864e-19,-0.0015810975362980544,-3.8841014939567546e-20
4.224,2.02200308898085,-4.2374075418677045e-18,1.0218602640853571,0.035195309038578884,-1.3153263675764715e-19,-0.0022638646735150918,0.9999987380185597,1.3017978709904716e-19,-0.0015886979846832625,-3.882402360140629e-20
4.226,2.0220734101096274,-4.237675638909505e-18,1.0218557402897965,0.0351257706892547,-1.365400915829555e-19,-0.0022599310433645534,0.9999987260774332,1.2646415273973432e-19,-0.0015961965759165755,-3.9492348903607006e-20
4.228,2.022143591882662,-4.2379537117961435e-18,1.0218512243543076,0.03505595395862282,-1.4172377276948806e-19,-0.0022560046003402673,0.9999987142426385,1.44692641385094e-19,-0.001603593797701508,-3.772543329126809e-20
4.23,2.0222136337472185,-4.2382429735745364e-18,1.021846716264528,0.03498586287140033,-1.4740556955047242e-19,-0.0022520853328363956,0.9999987025156393,1.2993065460001926e-19,-0.0016108901378488866,-3.875641679344514e-20
4.232,2.022283535158592,-4.238542371797608e-18,1.021842216006118,0.03491550143234836,-1.5196817798036213e-19,-0.002248173229017877,0.9999986908978542,1.2070712088736457e-19,-0.001618086084256839,-3.909075646137675e-20
4.234,2.022353295580067,-4.238851251994082e-18,1.0218377235647627,0.034844873626273025,-1.5681610367965257e-19,-0.002244268276825552,0.9999986793906576,1.0604528608160177e-19,-0.0016251821248909417,-3.977538440883233e-20
4.236,2.022422914482877,-4.239168353798186e-18,1.0218332389261708,0.03477398341802722,-1.601184302051663e-19,-0.0022403704639812547,0.9999986679953796,8.047369916279502e-20,-0.001632178747764526,-3.9790843858174034e-20
4.238,2.0224923913461668,-4.239492027384105e-18,1.0218287620760764,0.03470283475251314,-1.6371144177247189e-19,-0.002236479777992822,0.9999986567133072,1.0436596733969374e-19,-0.0016390764409191377,-3.9382150892966407e-20
4.24,2.022561725656949,-4.239823822506275e-18,1.0218242930002384,0.03463143155468555,-1.6823922560039163e-19,-0.002232596206159146,0.9999986455456843,1.2814553632671128e-19,-0.0016458756924051551,-3.931717190100787e-20
4.242,2.0226309169100674,-4.240165604083654e-18,1.0218198316844411,0.03455977772955588,-1.7369715951822714e-19,-0.0022287197355750237,0.9999986344937123,1.518123707818392e-19,-0.0016525769902625599,-3.9252429224874435e-20
4.244,2.022699964608156,-4.240519012637374e-18,1.0218153781144954,0.03448787716219697,-1.7965029256947057e-19,-0.002224850353136072,0.9999986235585518,1.4247551610970105e-19,-0.001659180822501867,-4.164172163720608e-20
4.246,2.022768868261598,-4.240883600501521e-18,1.0218109322762383,0.03441573371774864,-1.8480494912242103e-19,-0.0022209880455436397,0.999998612741319,1.2768845414860127e-19,-0.001665687677085198,-4.4719742369300614e-20
4.248,2.0228376273884883,-4.241258276311768e-18,1.0218064941555334,0.034343351241423986,-1.899180098434853e-19,-0.0022171327993094885,0.999998602043092,1.3489666054775894e-19,-0.0016720980419075277,-4.467032678411459e-20
4.25,2.0229062415145913,-4.241643459664141e-18,1.0218020637382716,0.03427073355851637,-1.953122676750449e-19,-0.0022132846007605804,0.9999985914649078,1.4207126660510625e-19,-0.0016784124047780663,-4.496370695560184e-20
4.252,2.0229747101733024,-4.242039711557356e-18,1.0217976410103717,0.034197884474407185,-2.009863281877926e-19,-0.0022094434360437607,0.9999985810077633,1.4921243303110496e-19,-0.0016846312534018015,-4.559906975998387e-20
4.2540000000000004,2.0230430329056084,-4.2424475902078205e-18,1.0217932259577798,0.034124807774574294,-2.0693880362087753e-19,-0.0022056092911303805,0.9999985706726161,1.5631686820032908e-19,-0.001690755075361194,-4.452045057427485e-20
4.256,2.023111209260046,-4.242867651064239e-18,1.0217888185664705,0.03405150722460123,-2.1316831406105882e-19,-0.0022017821518209,0.9999985604603849,1.6338590489706253e-19,-0.0016967843580980228,-4.241642123711871e-20
4.258,2.0231792387926637,-4.243300446823024e-18,1.021784418822447,0.03397798657018705,-2.196734871045364e-19,-0.0021979620037494256,0.9999985503719501,1.7042087113391485e-19,-0.001702719588895381,-3.9974733659178195e-20
4.26,2.0232471210669822,-4.243746527442822e-18,1.0217800267117412,0.03390424953715697,-2.264529571682492e-19,-0.0021941488323881943,0.999998540408154,1.7742192437683842e-19,-0.0017085612548598255,-3.719618766795045e-20
4.2620000000000005,2.023314855653953,-4.244206440157643e-18,1.0217756422204145,0.033830299831473586,-2.335053653236391e-19,-0.002190342623052011,0.9999985305698015,1.8439039615648468e-19,-0.001714309842903675,-3.476690304749891e-20
4.264,2.02338244213192,-4.2446807294900625e-18,1.0217712653345576,0.033756141139248894,-2.408293588541308e-19,-0.0021865433609026567,0.9999985208576609,1.9132702458140415e-19,-0.0017199658397274574,-3.3029524544625723e-20
4.266,2.0234498800865803,-4.2451699372628825e-18,1.0217668960402913,0.03368177712675692,-2.4842359081431934e-19,-0.002182751030953214,0.999998511272464,1.9823019281467937e-19,-0.0017255297318025085,-3.0954428790243836e-20
4.268,2.023517169110942,-4.2456746026115974e-18,1.021762534323766,0.03360721144044706,-2.562867209498143e-19,-0.0021789656180723604,0.9999985018149062,2.051000656100144e-19,-0.0017310020053537176,-2.854160351724998e-20
4.2700000000000005,2.023584308805288,-4.246195261997785e-18,1.021758180171163,0.03353244770695808,-2.6441741543305795e-19,-0.0021751871069886504,0.999998492485648,2.119379776147868e-19,-0.0017363831463424206,-2.647717058298471e-20
4.272,2.023651298777134,-4.246732449221479e-18,1.0217538335686942,0.03345748953313281,-2.728143466036867e-19,-0.0021714154822946616,0.9999984832853146,2.1874348800785924e-19,-0.0017416736404494444,-2.4417642731686418e-20
4.274,2.023718138641189,-4.2472866954336165e-18,1.0217494945026022,0.033382340506033434,-2.814761930207582e-19,-0.0021676507284511632,0.9999984742144968,2.255167498338252e-19,-0.0017468739730582949,-2.2363007818258447e-20
4.276,2.023784828019317,-4.247858529148507e-18,1.021745162959161,0.0333070041929575,-2.904016395627908e-19,-0.0021638928297912333,0.9999984652737515,2.322567217464066e-19,-0.0017519846292384936,-1.9627931915959387e-20
4.2780000000000005,2.0238513665404976,-4.248448261082612e-18,1.0217408389246758,0.03323148414145455,-2.992666161386556e-19,-0.0021601417705243006,0.9999984564636017,2.115560821128353e-19,-0.0017570060937290594,-1.9346002542869052e-20
4.28,2.023917753840784,-4.249054622310011e-18,1.0217365223854842,0.0331557838793434,-3.069957124119136e-19,-0.0021563975347401363,0.9999984477845378,1.9643794888949249e-19,-0.001761938850922137,-2.008298876954307e-20
4.282,2.0239839895632667,-4.2496764942727656e-18,1.021732213327955,0.03307990691473003,-3.1499299463805244e-19,-0.002152660106412835,0.9999984392370171,2.142827205268446e-19,-0.0017667833848467689,-1.8361563747217543e-20
4.284,2.0240500733580324,-4.250314843381844e-18,1.0217279117384892,0.03300385673602615,-3.232571311483124e-19,-0.002148929469404715,0.9999984308214652,1.9915289664955252e-19,-0.0017715401791528137,-1.978634478649573e-20
4.2860000000000005,2.0241160048821243,-4.250968766417605e-18,1.0217236176035207,0.03292763681196834,-3.304955807756226e-19,-0.002145205607470171,0.9999984225382759,1.840823956744127e-19,-0.0017762097170950075,-2.1550759960595806e-20
4.288,2.0241817837995044,-4.251637077168372e-18,1.0217193309095156,0.032851250591637876,-3.378963498597057e-19,-0.0021414885042595013,0.9999984143878113,1.9649256528419385e-19,-0.0017807924815171677,-2.1205852898416655e-20
4.29,2.0242474097810126,-4.252320674283586e-18,1.021715051642973,0.03277470150448108,-3.457815603632129e-19,-0.002137778143322679,0.9999984063704036,2.0884451155532485e-19,-0.001785288954836543,-2.1204461844426616e-20
4.292,2.024312882504328,-4.253020524243603e-18,1.0217107797904246,0.03269799296033035,-3.5414881162792824e-19,-0.0021340745081130687,0.999998398486354,2.211379017229409e-19,-0.001789699619028301,-2.120311066404396e-20
4.2940000000000005,2.02437820165393,-4.253737588738836e-18,1.021706515338436,0.032621128349425786,-3.6299571436237696e-19,-0.0021303775819911017,0.999998390735934,2.3337301338838626e-19,-0.0017940249556101632,-2.1201798281128143e-20
4.296,2.0244433669210595,-4.254472824692463e-18,1.0217022582736053,0.03254411104243735,-3.72319890581423e-19,-0.0021266873482279126,0.9999983831193859,2.4555012138385617e-19,-0.001798265445627177,-2.1200523633518748e-20
4.298,2.024508378003678,-4.2552271842829636e-18,1.0216980085825649,0.0324669443904877,-3.8211897365198244e-19,-0.0021230037900089056,0.9999983756369228,2.5766888736571835e-19,-0.0018024215696366304,-2.0856624789320857e-20
4.3,2.0245732346064305,-4.256001614967067e-18,1.0216937662519805,0.03238963172517555,-3.9239060843602206e-19,-0.0021193268904373176,0.9999983682887296,2.697295892037468e-19,-0.0018064938076931068,-2.017091293468614e-20
4.3020000000000005,2.0246379364406057,-4.256797059502631e-18,1.0216895312685519,0.03231217635859962,-4.0313245114355086e-19,-0.0021156566325376868,0.9999983610749628,2.817331181766229e-19,-0.0018104826393336786,-1.9486858217755246e-20
4.304,2.0247024832240967,-4.257614455971041e-18,1.0216853036190128,0.0322345815833832,-4.143421690832856e-19,-0.0021119929992593125,0.9999983539957512,2.9367912477558872e-19,-0.0018143885435632418,-1.846179490758105e-20
4.306,2.0247668746813625,-4.258454737799618e-18,1.0216810832901309,0.03215685067269922,-4.260174410035863e-19,-0.0021083359734796444,0.999998347051197,3.0556602421728274e-19,-0.0018182119988399874,-1.6069360021428712e-20
4.308,2.024831110543389,-4.2593186186114436e-18,1.0216768702687085,0.03207898688029592,-4.378331969345934e-19,-0.002104685538007646,0.9999983402413748,2.8998930911195206e-19,-0.0018219534830610112,-1.6816415284852724e-20
4.3100000000000005,2.02489519054765,-4.2602051228095904e-18,1.0216726645415821,0.032000993440523075,-4.484978615199842e-19,-0.0021010416755871033,0.9999983335663335,2.690038606788547e-19,-0.0018256134735480632,-1.7572412676159237e-20
4.312,2.024959114438069,-4.261112598729849e-18,1.0216684660956232,0.031922873568358746,-4.58984880937731e-19,-0.0020974043688999047,0.9999983270260958,2.7004569829592664e-19,-0.0018291924470334303,-1.6915421939095733e-20
4.314,2.0250228819649805,-4.262041087457222e-18,1.0216642749177376,0.03184463045943663,-4.69510636318407e-19,-0.002093773600569234,0.9999983206206591,2.7108447525748884e-19,-0.0018326908796459586,-1.728795613972476e-20
4.316,2.02508649288509,-4.262990666262124e-18,1.0216600909948659,0.031766267290073896,-4.800749262566963e-19,-0.002090149353162765,0.9999983143499954,2.7211895577565955e-19,-0.0018361092468972102,-1.8002253206132206e-20
4.3180000000000005,2.0251499469614367,-4.2639614120128945e-18,1.0216559143139838,0.03168778721729957,-4.906775500854534e-19,-0.002086531609195801,0.9999983082140524,2.731485311142474e-19,-0.0018394480236677562,-1.8715248294966665e-20
4.32,2.0252132439633543,-4.2649534011774134e-18,1.021651744862102,0.03160919337888347,-5.013183080737844e-19,-0.0020829203511343545,0.9999983022127534,2.7417322509204896e-19,-0.0018427076841936025,-1.9426538364722562e-20
4.322,2.025276383666434,-4.265966709825061e-18,1.0216475826262663,0.03153048889336565,-5.119970013936708e-19,-0.0020793155613981974,0.9999982963459979,2.7519495310958854e-19,-0.0018458887020527523,-2.1164109989589912e-20
4.324,2.0253393658524836,-4.2670014136280984e-18,1.0216434275935575,0.03145167686008637,-5.2271343171300625e-19,-0.002075717222363858,0.9999982906136621,2.762137286745064e-19,-0.001848991550151902,-2.3925530504560084e-20
4.3260000000000005,2.0254021903094905,-4.268057587862636e-18,1.021639279751092,0.03137276035921655,-5.334674012195708e-19,-0.0020721253163675903,0.9999982850155988,2.7722893627489746e-19,-0.0018520167007132664,-2.736571216165845e-20
4.328,2.0254648568315843,-4.269135092236953e-18,1.0216351390860214,0.03129374245178879,-5.438283672495413e-19,-0.0020685398257082846,0.9999982795516388,2.5082329009630843e-19,-0.0018549646252615422,-2.9135189330450844e-20
4.33,2.0255273652189962,-4.270232173122481e-18,1.0216310055855329,0.031214626179728835,-5.532598191190571e-19,-0.0020649607326503503,0.9999982742215903,2.5193952923094927e-19,-0.0018578357946110007,-2.913702073171122e-20
4.332,2.0255897152780236,-4.2713488774496284e-18,1.0216268792368488,0.031135414565887566,-5.633799649702273e-19,-0.0020613880194265254,0.9999982690252397,2.475580880647859e-19,-0.00186063067885271,-3.086316150944418e-20
4.3340000000000005,2.0256519068209893,-4.272484749885944e-18,1.0216227600272274,0.031056110614073488,-5.72464011274241e-19,-0.0020578216682407024,0.9999982639623519,2.4321105114753817e-19,-0.0018633497473418924,-3.2928623135731096e-20
4.336,2.0257139396662054,-4.2736394092012186e-18,1.0216186479439624,0.030976717309085692,-5.821312016420333e-19,-0.0020542616612706528,0.9999982590326713,2.3341632026723187e-19,-0.001865993468685409,-3.568426020267183e-20
4.338,2.0257758136379342,-4.274812189912306e-18,1.0216145429743833,0.0308972376167473,-5.905496787755507e-19,-0.002050707980670743,0.9999982542359209,2.236407567578506e-19,-0.0018685623107293746,-3.774884512306347e-20
4.34,2.0258375285663512,-4.2760023925823965e-18,1.021610445105855,0.0308176744839394,-5.995533787967574e-19,-0.002047160608574602,0.9999982495718042,2.303462601895389e-19,-0.0018710567405469027,-3.9777362162856503e-20
4.3420000000000005,2.025899084287506,-4.277210144843012e-18,1.0216063543257785,0.030738030838635425,-6.08170785629161e-19,-0.002043619527097727,0.9999982450400041,2.205671313831684e-19,-0.0018734772244259784,-3.909057297893576e-20
4.344,2.0259604806432865,-4.278435142384125e-18,1.0216022706215906,0.030658309589936032,-6.1672723846203445e-19,-0.002040084718340096,0.9999982406401847,2.108350123544686e-19,-0.00187582422785746,-3.8748420304921777e-20
4.346,2.026021717481379,-4.279676474457327e-18,1.0215981939807637,0.030578513628104424,-6.244697574875246e-19,-0.0020365561643886873,0.9999982363719906,1.956696668173827e-19,-0.001878098215523208,-4.0130609662689266e-20
4.348,2.026082794655231,-4.2809330549706245e-18,1.021594124390806,0.030498645824602124,-6.3215545910380165e-19,-0.002033033847320011,0.9999982322350476,2.0250458301480941e-19,-0.0018802996512843402,-4.043986615792952e-20
4.3500000000000005,2.026143712024016,-4.2822052731433566e-18,1.021590061839262,0.03041870903212521,-6.401072050322067e-19,-0.002029517749202542,0.9999982282289632,2.0930581278638744e-19,-0.0018824289981696153,-4.006349099312673e-20
4.352,2.0262044694525922,-4.283493659741548e-18,1.0215860063137114,0.030338706084641,-6.483236736672024e-19,-0.0020260078520991567,0.9999982243533271,2.1607544633853993e-19,-0.00188448671836394,-4.00302790929812e-20
4.354,2.0262650668114683,-4.2847987428941805e-18,1.0215819578017702,0.030258639797425154,-6.56803549541831e-19,-0.002022504138069533,0.999998220607711,2.228149229786505e-19,-0.001886473273197002,-4.102473817927444e-20
4.356,2.0263255039767647,-4.286121048105337e-18,1.0215779162910903,0.03017851296709925,-6.655455232428444e-19,-0.002019006589172471,0.9999982169916697,2.2952180760291294e-19,-0.0018883891231320292,-4.1674600757634016e-20
4.358,2.0263857808301755,-4.287461098266503e-18,1.0215738817693594,0.030098328371668755,-6.745482915916527e-19,-0.0020155151874682144,0.9999982135047407,2.3619754609595567e-19,-0.0018902347277546718,-4.2665598678635575e-20
4.36,2.0264458972589336,-4.2888194136689665e-18,1.0215698542243008,0.03001808877056145,-6.838105575698271e-19,-0.0020120299150207153,0.9999982101464451,2.428409931652771e-19,-0.001892010545762008,-4.3312007328376696e-20
4.362,2.026505853155771,-4.2901965120162135e-18,1.0215658336436741,0.029937796904666247,-6.933310304145188e-19,-0.002008550753899866,0.9999982069162877,2.4945230153061344e-19,-0.0018937170349516733,-4.3614236913557546e-20
4.364,2.026565648418884,-4.291592908436452e-18,1.0215618200152747,0.029857455496372455,-7.031084255777225e-19,-0.0020050776861836794,0.9999982038137575,2.560322704083403e-19,-0.0018953546522111123,-4.3915763607926675e-20
4.366,2.0266252829518945,-4.293009115494934e-18,1.0215578133269334,0.029777067249609435,-7.131414646590443e-19,-0.0020016106939604733,0.9999982008383279,2.625803994996597e-19,-0.0018969238535069515,-4.387392779787144e-20
4.368,2.0266847566638138,-4.294445643206246e-18,1.0215538135665174,0.029696634849886664,-7.234288753843964e-19,-0.0019981497593309487,0.9999981979894572,2.6909618796416583e-19,-0.0018984250938744944,-4.3146475989860516e-20
4.37,2.026744069469006,-4.295902999046622e-18,1.0215498207219293,0.029616160964334216,-7.339693916988082e-19,-0.001994694864410293,0.9999981952665887,2.7557913818409435e-19,-0.001899858827407337,-4.1392778194569824e-20
4.372,2.0268032212871514,-4.297381687966386e-18,1.0215458347811075,0.029535648241743616,-7.447617537233085e-19,-0.001991245991330223,0.9999981926691514,2.8203200340354793e-19,-0.001901225507247104,-3.9985097547409165e-20
4.374,2.0268622120432096,-4.2988822124021074e-18,1.0215418557320264,0.02945509931260911,-7.558047075687859e-19,-0.0019878031222409715,0.9999981901965597,2.884523247751261e-19,-0.0019025255855733038,-3.755318853007897e-20
4.376,2.0269210416673826,-4.3004050722886485e-18,1.0215378835626956,0.029374516789169303,-7.67097005408952e-19,-0.0019843662393132892,0.9999981878482145,2.948415542717452e-19,-0.0019037595135933038,-3.478398788393898e-20
4.378,2.0269797100950786,-4.301950765071188e-18,1.0215339182611607,0.02929390326544919,-7.786374053745132e-19,-0.0019809353247403506,0.9999981856235031,3.0120114228670847e-19,-0.0019049277415324236,-3.236402241076959e-20
4.38,2.027038217266876,-4.3035197857169904e-18,1.0215299598155028,0.02921326131730257,-7.904246714075257e-19,-0.0019775103607396595,0.9999981835217993,3.0753123002455935e-19,-0.0019060307186241454,-3.029246386530122e-20
4.382,2.0270965631284867,-4.305112626727e-18,1.0215260082138384,0.02913259350245482,-8.024575732346161e-19,-0.001974091329554923,0.9999981815424643,3.1383195735078457e-19,-0.0019070688931004426,-2.8568079853926384e-20
4.384,2.0271547476307195,-4.306729778147379e-18,1.0215220634443196,0.02905190236054604,-8.147348863503373e-19,-0.0019706782134578703,0.9999981796848467,3.201034654385574e-19,-0.001908042712182226,-2.719045314158028e-20
4.386,2.0272127707294447,-4.308371727581001e-18,1.0215181254951342,0.028971190413174572,-8.272553919500559e-19,-0.0019672709947500385,0.9999981779482826,3.263471985647486e-19,-0.0019089526220699045,-2.6843270747882844e-20
4.388,2.0272706323855583,-4.3100389601987915e-18,1.0215141943545047,0.02889046016394087,-8.400178768916911e-19,-0.0019638696557645534,0.9999981763320963,3.3256329422196785e-19,-0.0019097990679340633,-2.752490196204113e-20
4.39,2.027328332564945,-4.311731958751006e-18,1.0215102700106897,0.028809714098491732,-8.530211336492858e-19,-0.001960474178867831,0.9999981748356005,3.387512326176191e-19,-0.0019105824939062565,-2.889024690949889e-20
4.392,2.0273858712384434,-4.313451203578524e-18,1.0215063524519825,0.02872895468456486,-8.662639603694308e-19,-0.001957084546461267,0.9999981734580964,3.449098412291856e-19,-0.0019113033430699135,-3.025236293130004e-20
4.394,2.027443248381809,-4.315197172624208e-18,1.0215024416667116,0.028648184372033803,-8.797451609180214e-19,-0.0019537007409829157,0.9999981721988741,3.5103926057745113e-19,-0.0019119620574513606,-3.16116634015459e-20
4.396,2.027500463975679,-4.316970341444388e-18,1.0214985376432406,0.028567405592953204,-8.934635448780698e-19,-0.0019503227449090917,0.9999981710572131,3.571376632244408e-19,-0.001912559078010956,-3.193976608388791e-20
4.398,2.0275575180055383,-4.3187711832203084e-18,1.0214946403699683,0.028486620761604412,-9.074179275853844e-19,-0.001946950540755974,0.9999981700323823,3.6320584623722124e-19,-0.0019130948446343366,-3.158096348011796e-20
4.4,2.027614410461681,-4.3206001687695815e-18,1.0214907498353283,0.028405832274541402,-9.216071300584667e-19,-0.001943584111081137,0.9999981691236406,3.6924526141005177e-19,-0.0019135697961237775,-3.1222611147819117e-20
4.402,2.027671141339178,-4.322457766557474e-18,1.0214868660277892,0.028325042510637045,-9.360299789297818e-19,-0.001940223438485084,0.9999981683302379,3.7525407899500596e-19,-0.0019139843701896672,-2.983713136089183e-20
4.404,2.0277277106378393,-4.3243444427081425e-18,1.0214829889358539,0.028244253831129683,-9.506853064462772e-19,-0.001936868505612805,0.9999981676514114,3.8123440534380595e-19,-0.0019143390034420807,-2.8454128587980706e-20
4.406,2.0277841183621805,-4.3262606610157805e-18,1.0214791185480605,0.02816346857967003,-9.655719504003599e-19,-0.0019335192951551567,0.9999981670863919,3.8718572261324333e-19,-0.0019146341313824857,-2.673256025914955e-20
4.408,2.0278403645213867,-4.328206882955694e-18,1.0214752548529815,0.028082689082368398,-9.806887540927342e-19,-0.001930175789850307,0.9999981666344003,3.931101328983788e-19,-0.0019148701883955385,-2.5700398705772282e-20
4.41,2.0278964491292775,-4.330183567695243e-18,1.0214713978392236,0.0280019176478422,-9.960345662774904e-19,-0.0019268379724851523,0.9999981662946489,3.990077672457322e-19,-0.0019150476077409977,-2.5356415540301108e-20
4.412,2.0279523722042723,-4.33219117210474e-18,1.0214675474954282,0.027921156567263808,-1.011608241149568e-18,-0.0019235058258966684,0.9999981660663413,4.048794118523077e-19,-0.001915166821545748,-2.6041639973588314e-20
4.414,2.028008133769356,-4.334230150768314e-18,1.021463703810271,0.02784040811440866,-1.0274086383265715e-18,-0.0019201793329732524,0.9999981659486727,4.1072519445731454e-19,-0.0019152282607959282,-2.7753632056850874e-20
4.416,2.0280637338520426,-4.336300955994746e-18,1.0214598667724615,0.02775967454570371,-1.0434346228467187e-18,-0.0019168584766560198,0.9999981659408308,4.165439292841629e-19,-0.001915232355329172,-2.9804229914540615e-20
4.418,2.028119172484343,-4.338404037828312e-18,1.0214560363707434,0.02767895810027613,-1.0596850651629264e-18,-0.0019135432399401005,0.999998166041995,4.223350901537175e-19,-0.0019151795338269507,-3.1849969789678374e-20
4.42,2.0281744497027283,-4.340539844059593e-18,1.021452212593895,0.027598261000002337,-1.0761588411224495e-18,-0.0019102336058758626,0.9999981662513376,4.2809880810863076e-19,-0.001915070223807028,-3.3890862865189116e-20
4.422,2.028229565548096,-4.342708820236235e-18,1.0214483954307274,0.02751758544955727,-1.092854831938256e-18,-0.0019069295575701358,0.9999981665680239,4.338339017925416e-19,-0.0019149048516160162,-3.5242004820908894e-20
4.424,2.0282845200657365,-4.344911409673644e-18,1.0214445848700862,0.027436933636463982,-1.109771924152824e-18,-0.0019036310781873993,0.9999981669912118,4.395418148066557e-19,-0.0019146838424220403,-3.658953966489652e-20
4.426,2.028339313305297,-4.347148053465621e-18,1.02144078090085,0.02735630773114348,-1.1269090096170616e-18,-0.001900338150950935,0.9999981675200528,4.452233331670052e-19,-0.0019144076202075077,-3.827654254487769e-20
4.428,2.02839394532075,-4.349419190494969e-18,1.0214369835119317,0.027275709886964837,-1.1442649854758086e-18,-0.0018970507591439662,0.9999981681536919,4.508772718043622e-19,-0.0019140766077619807,-3.9616886883532215e-20
4.43,2.0284484161703564,-4.35172525744403e-18,1.0214331926922768,0.0271951422402956,-1.1618387541140439e-18,-0.001893768886110739,0.9999981688912679,4.565031037545087e-19,-0.0019136912266751536,-4.0268733282429665e-20
4.432,2.0285027259166335,-4.354066688805118e-18,1.0214294084308644,0.027114606910552435,-1.179629223116425e-18,-0.0018904925152576258,0.9999981697319137,4.621029266404773e-19,-0.001913251897329934,-4.1261695832061424e-20
4.434,2.0285568746263207,-4.35644391689093e-18,1.0214256307167067,0.027034106000252023,-1.1976353052884477e-18,-0.0018872216300541277,0.9999981706747563,4.676768659286052e-19,-0.0019127590388956246,-4.2594965660328687e-20
4.436,2.028610862370345,-4.35885737184499e-18,1.021421859538849,0.02695364159506225,-1.215855918639882e-18,-0.0018839562140339338,0.9999981717189175,4.732243904663571e-19,-0.001912213069321211,-4.392507501759686e-20
4.438,2.028664689223788,-4.3613074816520054e-18,1.0214180948863691,0.026873215763853608,-1.2342899863442399e-18,-0.0018806962507958722,0.9999981728635134,4.787462803349783e-19,-0.0019116144053287455,-4.5594285788655934e-20
4.44,2.0287183552658528,-4.363794672148196e-18,1.0214143367483781,0.026792830558750865,-1.2529364367433548e-18,-0.0018774417240049063,0.9999981741076558,4.84243314317423e-19,-0.001910963462406838,-4.7944454691699854e-20
4.442,2.0287718605798295,-4.366319367031637e-18,1.0214105851140192,0.026712488015184974,-1.27179420333738e-18,-0.0018741926173930536,0.9999981754504509,4.897136513065827e-19,-0.0019102606548042436,-4.994720326665425e-20
4.444,2.028825205253063,-4.368881987872489e-18,1.021406839972468,0.026632190151945217,-1.2908622247074975e-18,-0.0018709489147603021,0.9999981768910009,4.951580696300539e-19,-0.0019095063955235517,-5.194520331993962e-20
4.446,2.0288783893769184,-4.371482954123147e-18,1.0214031013129332,0.02655193897123159,-1.3101394445092535e-18,-0.0018677105999754737,0.9999981784284034,5.005780013400183e-19,-0.0019087010963149734,-5.462378743893006e-20
4.448,2.0289314130467497,-4.374122467958955e-18,1.0213993691246548,0.026471736458707405,-1.329194472539595e-18,-0.0018644776569771086,0.9999981800617521,4.730722418979765e-19,-0.0019078451676702306,-5.496018256229026e-20
4.45,2.028984276361865,-4.376798794038804e-18,1.0213956433969054,0.026391584583552143,-1.3471677109585625e-18,-0.001861250069774284,0.9999981817901364,4.731025537097248e-19,-0.001906939018816538,-5.147406276509636e-20
4.452,2.029036979425494,-4.3795118194988e-18,1.0213919241189893,0.026311485298514518,-1.3658939365390335e-18,-0.0018580278224474343,0.9999981836126424,4.786361157094774e-19,-0.0019059830577106884,-5.20984441074849e-20
4.454,2.0290895223447567,-4.382261755815337e-18,1.0213882112802426,0.026231440539965747,-1.3839708113616154e-18,-0.0018548108991491194,0.9999981855283523,4.677003096345104e-19,-0.0019049776910332334,-5.515132044981904e-20
4.456,2.029141905230628,-4.385048060059785e-18,1.0213845048700332,0.02615145222795306,-1.4024773730961621e-18,-0.001851599284104776,0.9999981875363454,4.897052764841692e-19,-0.0019039233241827584,-5.470801977414263e-20
4.458,2.029194128197908,-4.38787223599534e-18,1.02138080487776,0.02607152226625341,-1.4218418200790935e-18,-0.0018483929616134771,0.9999981896356978,5.116065761505292e-19,-0.0019028203612702571,-5.460850498329804e-20
4.46,2.029246191365187,-4.39073588754831e-18,1.0213771112928536,0.02599165254242738,-1.4418447267529207e-18,-0.001845191916048612,0.9999981918254826,5.169517654793434e-19,-0.0019016692051136003,-5.214197033443833e-20
4.462,2.029298094854815,-4.3936394632215784e-18,1.0213734241047758,0.02591184492787332,-1.4618375824827339e-18,-0.0018419961318585924,0.9999981941047702,5.27767819275563e-19,-0.0019004702572320976,-5.0013490333822385e-20
4.464,2.0293498387928683,-4.39658369637517e-18,1.0213697433030193,0.02583210127788166,-1.4822507560000808e-18,-0.0018388055935675014,0.9999981964726287,5.111145451088363e-19,-0.0018992239178411575,-5.2054129676773646e-20
4.466,2.0294014233091184,-4.399567595165568e-18,1.0213660688771078,0.025752423431689434,-1.501790627917581e-18,-0.001835620285775747,0.9999981989281238,5.329156437195838e-19,-0.001897930585847038,-5.2646299618170985e-20
4.468,2.0294528485369985,-4.402592718075549e-18,1.0213624008165956,0.025672813212535,-1.5233666150912226e-18,-0.0018324401931606577,0.9999982014703191,5.436430437844147e-19,-0.0018965906588416927,-5.0517068269328757e-20
4.47,2.029504114613572,-4.40565964860409e-18,1.0213587391110674,0.02559327242771292,-1.5434186912970281e-18,-0.00182926530047709,0.9999982040982763,5.269249077886255e-19,-0.001895204533097708,-5.1186158313318115e-20
4.472,2.0295552216795025,-4.408767246160791e-18,1.0213550837501388,0.02551380286862908,-1.564105884740397e-18,-0.0018260955925580012,0.9999982068110553,5.157686108834183e-19,-0.0018937726035633349,-5.1843170766310284e-20
4.474,2.0296061698790187,-4.41191469837073e-18,1.0213514347234554,0.02543440631085593,-1.5832736905934752e-18,-0.0018229310543149812,0.9999982096077146,5.046652072418156e-19,-0.0018922952638576094,-5.249814448341935e-20
4.476,2.029656959359886,-4.415101125636099e-18,1.0213477920206926,0.025355084514187953,-1.6030812845825397e-18,-0.0018197716707387963,0.999998212487311,4.936118588380653e-19,-0.0018907729062655663,-5.178166034550074e-20
4.478,2.029707590273373,-4.4183254734463246e-18,1.0213441556315561,0.02527583922269727,-1.6212663860704659e-18,-0.0018166174268998926,0.9999982154489006,4.826238988486293e-19,-0.0018892059217335427,-5.106555828585686e-20
4.48,2.0297580627742215,-4.421587158563292e-18,1.0213405255457815,0.025196672164789456,-1.6405264313357596e-18,-0.0018134683079488588,0.9999982184915378,4.881233994627782e-19,-0.0018875946998645726,-5.066188125973237e-20
4.482,2.029808377020614,-4.424886497124148e-18,1.0213369017531335,0.02511758505325948,-1.658811990018143e-18,-0.0018103242991169262,0.9999982216142769,4.771296389455041e-19,-0.0018859396289138705,-4.68640316152432e-20
4.484,2.0298585331741426,-4.428222978472532e-18,1.0213332842434069,0.025038579585347852,-1.6777412822782475e-18,-0.0018071853857163742,0.999998224816171,4.936027742921937e-19,-0.001884241095784403,-4.4051395933127514e-20
4.486,2.029908531399779,-4.431597278169572e-18,1.0213296730064252,0.02495965744279689,-1.6964506055687062e-18,-0.0018040515531409771,0.9999982280962729,4.771198749599206e-19,-0.0018824994860225494,-4.3705249656745245e-20
4.488,2.0299583718658427,-4.4350083469351665e-18,1.0213260680320413,0.02488082029190717,-1.7145108619665652e-18,-0.0018009227868663906,0.999998231453635,4.607151160005878e-19,-0.0018807151838138513,-4.335982799082475e-20
4.49,2.0300080547439703,-4.438454889827453e-18,1.021322469310137,0.02480206978359414,-1.7319252409693594e-18,-0.0017977990724505387,0.9999982348873094,4.443881269223382e-19,-0.001878888571978848,-4.3015130533694525e-20
4.492,2.0300575802090854,-4.441935618268401e-18,1.0213188768306232,0.02472340755344484,-1.7486969169257627e-18,-0.001794680395533971,0.9999982383963484,4.2813789516767716e-19,-0.0018770200319689998,-4.232849604840092e-20
4.494,2.030106948439367,-4.4454492500135074e-18,1.0213152905834388,0.02464483522177482,-1.764829048980246e-18,-0.001791566741840219,0.9999982419798041,4.1196341023427653e-19,-0.0018751099438626972,-4.095848163864499e-20
4.496,2.0301561596162196,-4.448994509121339e-18,1.021311710558552,0.024566354393685163,-1.7803247810964997e-18,-0.0017884580971761028,0.9999982456367292,3.958649523457065e-19,-0.0018731586863613566,-3.924936926810447e-20
4.498,2.030205213924243,-4.4525701259233346e-18,1.0213081367459587,0.024487966659119665,-1.7951872421996794e-18,-0.0017853544474320416,0.9999982493661765,3.7984280046858933e-19,-0.0018711666367855987,-3.7544218695978484e-20
4.5,2.0302541115512005,-4.4561748369938764e-18,1.021304569135683,0.02440967359292216,-1.8094195463574537e-18,-0.0017822557785823487,0.9999982531671998,3.6389723523528885e-19,-0.0018691341710715152,-3.618568260458629e-20
4.502,2.030302852687992,-4.459807385120775e-18,1.021301007717777,0.02433147675489395,-1.8230247928866855e-18,-0.0017791620766854789,0.9999982570388531,3.4802725380269574e-19,-0.0018670616637670163,-3.483068591461237e-20
4.5040000000000004,2.0303514375286214,-4.46346651927569e-18,1.021297452482321,0.0242533776898514,-1.8360060663662038e-18,-0.0017760733278842943,0.9999982609801917,3.322318579183364e-19,-0.001864949488028264,-3.313656062799159e-20
4.506,2.0303998662701663,-4.46715099458472e-18,1.0212939034194224,0.024175377927683633,-1.848366436664122e-18,-0.0017729895184062843,0.9999982649902717,3.1651260941971864e-19,-0.0018627980156161888,-3.213168819014785e-20
4.508,2.03044813911275,-4.47085957229928e-18,1.021290360519216,0.024097478983410355,-1.860108959294363e-18,-0.0017699106345637956,0.9999982690681501,3.008697914935447e-19,-0.0018606076168930863,-3.2156690721305086e-20
4.51,2.0304962562595112,-4.474591019767587e-18,1.0212868237718646,0.02401968235723981,-1.8712366755509966e-18,-0.0017668366627542065,0.9999982732128858,2.8530177273957296e-19,-0.0018583786608192985,-3.252421266518918e-20
4.5120000000000005,2.030544217916574,-4.4783441104061955e-18,1.0212832931675573,0.023941989534626843,-1.8817526124172018e-18,-0.0017637675894601281,0.9999982774235386,2.698081993229207e-19,-0.0018561115149499752,-3.323344329453968e-20
4.514,2.030592024293018,-4.482117623671282e-18,1.0212797686965107,0.023864401986331073,-1.891659782560363e-18,-0.0017607034012495503,0.99999828169917,2.5438617500751505e-19,-0.0018538065454319166,-3.291293044258955e-20
4.516,2.0306396756008516,-4.485910345029806e-18,1.0212762503489679,0.023786921168475188,-1.9009611840571126e-18,-0.0017576440847759897,0.9999982860388432,2.3903662257605767e-19,-0.0018514641170004978,-3.2250031692850055e-20
4.518,2.030687172054978,-4.489721065930429e-18,1.0212727381151987,0.02370954852260334,-1.9096598005918766e-18,-0.0017545896267786212,0.999998290441623,2.237592007335793e-19,-0.00184908459297667,-3.124677810439141e-20
4.5200000000000005,2.030734513873172,-4.4935485837749314e-18,1.0212692319854995,0.02363228547573964,-1.9177586015907236e-18,-0.0017515400140824108,0.9999982949065764,2.085548308390253e-19,-0.0018466683352640436,-3.058848701416382e-20
4.522,2.0307817012760454,-4.4973917018898866e-18,1.0212657319501925,0.023555133440446772,-1.9252605424960857e-18,-0.0017484952335981838,0.9999982994327723,1.934225377178282e-19,-0.0018442157043460502,-2.993168099141963e-20
4.524,2.030828734487023,-4.501249229498732e-18,1.0212622379996266,0.023478093814884676,-1.9321685646345956e-18,-0.0017454552723227205,0.9999983040192818,1.7836007955615485e-19,-0.0018417270592831821,-2.82483750832622e-20
4.526,2.0308756137323094,-4.5051199816931895e-18,1.021258750124176,0.023401167982869356,-1.938485594968091e-18,-0.0017424201173388157,0.9999983086651781,1.633671179452502e-19,-0.0018392027577103093,-2.554140967862319e-20
4.5280000000000005,2.030922339240864,-4.509002779404638e-18,1.0212552683142415,0.02332435731393176,-1.9442145462577626e-18,-0.0017393897558153472,0.999998313369537,1.4844584058219696e-19,-0.0018366431558340744,-2.3183449570037118e-20
4.53,2.0309689112443707,-4.512896449376124e-18,1.0212517925602485,0.02324766316337675,-1.9493583174320703e-18,-0.0017363641750072927,0.9999983181314369,1.3359465095459672e-19,-0.001834048608430365,-2.0488752960154437e-20
4.532,2.0310153299772096,-4.5168000393020145e-18,1.021248322852648,0.023171086872342178,-1.954242544630216e-18,-0.0017333433622557638,0.9999983229499586,1.4623299906736648e-19,-0.0018314194688418604,-2.117670570492428e-20
4.534,2.031061595676429,-4.5207141796130966e-18,1.021244859181917,0.023094629767858012,-1.959944172061434e-18,-0.0017303273049879971,0.9999983278241857,1.5881270316144132e-19,-0.001828756088975657,-2.254839837096067e-20
4.5360000000000005,2.031107708581717,-4.524639711948451e-18,1.0212414015385567,0.02301829316290557,-1.965490734067814e-18,-0.0017273159907173791,0.9999983327532047,1.4391363737370043e-19,-0.0018260588193009645,-2.0539598515596298e-20
4.538,2.0311536689353744,-4.528575967813672e-18,1.0212379499130937,0.022942078356476818,-1.9707757473606353e-18,-0.0017243094070433925,0.9999983377361048,1.5101798484931262e-19,-0.0018233280088468817,-1.986608740467784e-20
4.54,2.0311994769822856,-4.5325232151965825e-18,1.021234504296079,0.02286598663363374,-1.976446170185461e-18,-0.0017213075416516077,0.9999983427719786,1.4712350320918102e-19,-0.0018205640052002439,-1.9214190577255972e-20
4.542,2.031245132969891,-4.5364811107989536e-18,1.0212310646780887,0.02279001926556779,-1.9814240875647587e-18,-0.0017183103823136137,0.9999983478599216,1.3776677455561108e-19,-0.001817767154503543,-1.9601780370257787e-20
4.5440000000000005,2.0312906371481594,-4.540449061547831e-18,1.0212276310497221,0.0227141775096594,-1.9864656607054044e-18,-0.001715317916886968,0.9999983529990324,1.3392461552443968e-19,-0.0018149378014529244,-2.0321936367437444e-20
4.546,2.0313359897695618,-4.544426512564586e-18,1.0212242034016041,0.022638462609537554,-1.99081680614397e-18,-0.001712330133315137,0.9999983581884133,1.081536482525045e-19,-0.001812076289296252,-1.902381807399093e-20
4.548,2.0313811910890416,-4.548411655301485e-18,1.0212207817243826,0.022562875795139437,-1.994158179868008e-18,-0.0017093470196273704,0.99999836342717,8.25060846629339e-20,-0.0018091829598312497,-1.8413983684738385e-20
4.55,2.0314262413639885,-4.552402475203971e-18,1.0212173660087298,0.022487418282770132,-1.99649476700108e-18,-0.001706368563938642,0.9999983687144113,5.698072492318365e-20,-0.0018062581534037112,-1.8147736435883352e-20
4.5520000000000005,2.031471140854212,-4.556396967664156e-18,1.0212139562453417,0.022412091275162378,-1.997831529111372e-18,-0.0017033947544495102,0.99999837404925,3.1576990882668154e-20,-0.0018033022089057832,-1.822466970898571e-20
4.554,2.031515889821913,-4.560393137973949e-18,1.0212105524249375,0.02233689596153637,-1.998173404393309e-18,-0.0017004255794460085,0.9999983794308025,6.2943108967312146e-21,-0.001800315463774318,-1.8644783940184646e-20
4.556,2.0315604885316567,-4.564389001278267e-18,1.0212071545382597,0.022261833517659643,-1.997525307740357e-18,-0.0016974610272995083,0.9999983848581889,-1.88678878533301e-20,-0.001797298253989296,-1.9406455079759145e-20
4.558,2.031604937250348,-4.568382582528632e-18,1.0212037625760744,0.022186905105906957,-1.995892130834863e-18,-0.001694501086466572,0.9999983903305333,-4.3912021160882864e-20,-0.00179425091407232,-1.948170475398329e-20
4.5600000000000005,2.031649236247202,-4.572371916436516e-18,1.0212003765291702,0.022112111875320268,-1.9932787418499263e-18,-0.0016915457454887849,0.9999983958469636,-6.883865834693783e-20,-0.0017911737770851762,-1.8871349423502443e-20
4.562,2.031693385793719,-4.576355047426194e-18,1.021196996388359,0.022037454961668725,-1.9896899855380755e-18,-0.0016885949929925973,0.9999984014066119,-9.364713153272187e-20,-0.0017880671746284642,-1.8261931454572487e-20
4.564,2.0317373861636576,-4.580330029588426e-18,1.021193622144475,0.021962935487508706,-1.9851306836560895e-18,-0.0016856488176891246,0.9999984070086142,-1.1833738717981184e-19,-0.0017849314368402966,-1.7996111074933632e-20
4.566,2.0317812376330084,-4.584294926634595e-18,1.0211902537883752,0.0218885545622439,-1.9796056350845193e-18,-0.0016827072083739835,0.9999984126521109,-1.4291059483367232e-19,-0.0017817668923950656,-1.7731632853710373e-20
4.5680000000000005,2.0318249404799675,-4.588247811851129e-18,1.0211868913109385,0.021814313282185402,-1.9731196160295774e-18,-0.0016797701539270655,0.9999984183362465,-1.673660857825829e-19,-0.0017785738685022754,-1.815341078700032e-20
4.57,2.031868494984911,-4.5921868756376486e-18,1.0211835347030664,0.021740212730611882,-1.966000129812094e-18,-0.0016768376433123385,0.9999984240601698,-1.6429642431535556e-19,-0.001775352690905444,-1.6468558385612448e-20
4.572,2.031911901430368,-4.596112217599211e-18,1.0211801839556822,0.021666253977829737,-1.9593259735129648e-18,-0.0016739096655776031,0.9999984298230342,-1.6124255697860932e-19,-0.0017721036838810678,-1.4102396723609226e-20
4.574,2.031955160100996,-4.600023829504355e-18,1.021176839059731,0.021592438081233303,-1.9521265342953546e-18,-0.001670986209854286,0.9999984356239974,-1.8561180198231865e-19,-0.0017688271702376553,-1.4188660905516392e-20
4.5760000000000005,2.0319982712835536,-4.6039200891017076e-18,1.0211735000061792,0.021518766085365074,-1.9439744213791966e-18,-0.0016680672653571762,0.9999984414622217,-2.0986733936240846e-19,-0.0017655234713148235,-1.3246642252838796e-20
4.578,2.032041235266876,-4.607799310927467e-18,1.0211701667860156,0.021445239021975957,-1.935197097944549e-18,-0.0016651528213841727,0.999998447336874,-2.1207275677664528e-19,-0.0017621929069824593,-1.5008924832154903e-20
4.58,2.0320840523418497,-4.611661037454519e-18,1.0211668393902495,0.021371857910085532,-1.9264433303029364e-18,-0.001662242867316042,0.9999984532471259,-2.197508704517074e-19,-0.0017588357956399472,-1.6434028668225768e-20
4.582,2.0321267228013857,-4.615504669509098e-18,1.0211635178099119,0.021298623756042332,-1.9170670026732916e-18,-0.0016593373926161205,0.9999984591921536,-2.3287696322805403e-19,-0.0017554524542154582,-1.6837390248168212e-20
4.5840000000000005,2.032169246940396,-4.619329324092361e-18,1.0211602020360542,0.021225537553584146,-1.9076097952869377e-18,-0.0016564363868300518,0.9999984651711381,-2.2947588160349396e-19,-0.001752043198165303,-1.9608666971832132e-20
4.586,2.0322116250557665,-4.6231351992320335e-18,1.0211568920597491,0.021152600283898332,-1.898287454014332e-18,-0.0016535398395854893,0.9999984711832655,-2.260914942813401e-19,-0.001748608341473348,-2.203114176246216e-20
4.588,2.032253857446334,-4.6269225640038885e-18,1.0211535878720899,0.02107981291568213,-1.889099322925775e-18,-0.0016506477405918022,0.9999984772277265,-2.2272072277470336e-19,-0.001745148196650495,-2.5818945653621227e-20
4.59,2.032295944412859,-4.630691471009504e-18,1.0211502894641902,0.021007176405202988,-1.879614417733494e-18,-0.0016477600796397588,0.999998483303717,-2.5226732078690116e-19,-0.001741663074734218,-2.6229403013554436e-20
4.5920000000000005,2.0323378862580035,-4.634440036160522e-18,1.021146996827184,0.0209346916963589,-1.8688659674215304e-18,-0.0016448768466012281,0.9999984894104377,-2.5974952719981236e-19,-0.001738153285288168,-2.317356334255063e-20
4.594,2.032379683286304,-4.6381676401887436e-18,1.0211437099522258,0.020862359720738726,-1.8587970555491244e-18,-0.0016419980314288437,0.9999984955470943,-2.452476340998101e-19,-0.0017346191364018323,-2.31707521722336e-20
4.596,2.0324213358041487,-4.6418752813203896e-18,1.0211404288304895,0.020790181397682544,-1.848866760273033e-18,-0.0016391236241556759,0.999998501712898,-2.362940812400248e-19,-0.00173106093469026,-2.4890829978469856e-20
4.598,2.0324628441197516,-4.6455637022192255e-18,1.0211371534531695,0.020718157634341962,-1.8397200741172413e-18,-0.0016362536148948927,0.9999985079070647,-2.1092461354301017e-19,-0.0017274789852938423,-2.5207736675458768e-20
4.6000000000000005,2.0325042085431293,-4.6492348256150775e-18,1.0211338838114794,0.020646289325740457,-1.831568470666766e-18,-0.0016333879938394214,0.9999985141288158,-1.8567481765926513e-19,-0.001723873591878155,-2.5866663710388174e-20
4.602,2.0325454293860763,-4.652890421596223e-18,1.0211306198966525,0.02057457735483368,-1.824084293578941e-18,-0.0016305267512615846,0.999998520377378,-1.8796232084461903e-19,-0.0017202450566338597,-2.3830106953748032e-20
4.604,2.0325865069621405,-4.656530673490854e-18,1.0211273616999417,0.02050302259256978,-1.816081011064677e-18,-0.001627669877512743,0.9999985266519831,-1.9023959871538637e-19,-0.0017165936802766633,-2.1455713304952942e-20
4.606,2.0326274415866004,-4.660155334259694e-18,1.0211241092126186,0.020431625897949692,-1.8087442646369946e-18,-0.0016248173630229214,0.9999985329518684,-1.650885147831753e-19,-0.0017129197620473359,-2.178117508625766e-20
4.6080000000000005,2.0326682335764406,-4.66376630848401e-18,1.0211208624259747,0.020360388118087422,-1.802393686667308e-18,-0.0016219691983004503,0.9999985392762762,-1.4005607359917142e-19,-0.0017092235997117832,-2.2448633549308813e-20
4.61,2.0327088832503275,-4.6673653484661135e-18,1.0211176213313193,0.020289310088270313,-1.7965940807086596e-18,-0.0016191253739315692,0.999998545624455,-1.425598617128676e-19,-0.001705505489561182,-2.042018299017482e-20
4.612,2.0327493909285868,-4.670952404690142e-18,1.0211143859199814,0.020218392632019296,-1.790374145040408e-18,-0.0016162858805800373,0.9999985519956579,-1.5053555462207912e-19,-0.0017017657264121666,-1.7720157484205303e-20
4.614,2.032789756933179,-4.674526997612113e-18,1.0211111561833082,0.02014763656114912,-1.784274554271516e-18,-0.0016134507089867504,0.999998558389144,-1.4200807038320719e-19,-0.0016980046036070748,-1.773977956802356e-20
4.616,2.0328299815876774,-4.678089726708287e-18,1.0211079321126653,0.02007704267582855,-1.7785100548679337e-18,-0.0016106198499693462,0.9999985648041777,-1.3351984340383857e-19,-0.001694222413014247,-1.8445121696019473e-20
4.618,2.032870065217243,-4.681641260510614e-18,1.0211047136994367,0.020006611764640553,-1.773078997363611e-18,-0.0016077932944217738,0.9999985712400292,-1.2507126401494082e-19,-0.001690419445028384,-1.949189699451877e-20
4.62,2.032910008148604,-4.685182264260211e-18,1.0211015009350244,0.019936344604642445,-1.7679797402646822e-18,-0.0016049710333139,0.9999985776959742,-1.1666330454902864e-19,-0.0016865959885709561,-2.0194379869222097e-20
4.622,2.0329498107100292,-4.6887133999227466e-18,1.0210982938108486,0.019866241961426022,-1.763210649644886e-18,-0.0016021530576910846,0.9999985841712938,-1.0829635372503283e-19,-0.0016827523310906695,-2.02103188536986e-20
4.624,2.032989473231309,-4.692235326203562e-18,1.0210950923183473,0.019796304589177645,-1.7587700991237876e-18,-0.0015993393586737615,0.9999985906652751,-9.996906737338192e-20,-0.0016788887585639835,-2.0225444337215886e-20
4.626,2.0330289960437296,-4.69574869856292e-18,1.021091896448976,0.0197265332307383,-1.7546564699710067e-18,-0.0015965299274570053,0.9999985971772106,-9.168068349202613e-20,-0.0016750055554956831,-2.0582418694821062e-20
4.628,2.033068379480052,-4.6992541692313604e-18,1.0210887061942078,0.01965692861766363,-1.7508681512474492e-18,-0.001593724755310093,0.9999986037063987,-8.343216151884721e-20,-0.0016711030049195055,-2.059592146219764e-20
4.63,2.033107623874489,-4.7027523872251555e-18,1.0210855215455332,0.0195874914702839,-1.7474035395418426e-18,-0.0015909238335760872,0.9999986102521434,-7.522274389370713e-20,-0.0016671813883988161,-2.060942726012507e-20
4.632,2.0331467295626835,-4.706243998361269e-18,1.0210823424944602,0.019518222497763967,-1.744261038942618e-18,-0.0015881271536713692,0.9999986168137546,-6.705395975875232e-20,-0.0016632409860273397,-1.959535886560639e-20
4.634,2.033185696881685,-4.709729645271919e-18,1.0210791690325134,0.019449122398163158,-1.7414390605632676e-18,-0.0015853347070851854,0.9999986233905479,-5.892619795397097e-20,-0.0016592820764299407,-1.7213084476040955e-20
4.636,2.0332245261699278,-4.7132097522535036e-18,1.0210760011512348,0.01938019185849515,-1.7385056927343416e-18,-0.0015825464853792145,0.9999986299818446,-8.372903144378811e-20,-0.0016553049367634574,-1.6947851471125282e-20
4.638,2.03326321776721,-4.716682661541673e-18,1.0210728388421828,0.01931143155478778,-1.7342779120172694e-18,-0.0015797624801871068,0.9999986365869722,-1.0294469706642349e-19,-0.0016513098427175844,-1.6674504417047302e-20
4.64,2.0333017720146698,-4.720146794559368e-18,1.0210696820969327,0.019242842152142798,-1.729837600445657e-18,-0.0015769826832140034,0.9999986432052635,-1.1110469257181414e-19,-0.0016472970685158057,-1.6040965050212205e-20
4.642,2.033340189254766,-4.723601655665202e-18,1.0210665309070766,0.0191744243047956,-1.7249703073171717e-18,-0.001574207086236084,0.9999986498360577,-1.0827497778455952e-19,-0.001643266886916379,-1.470553513337333e-20
4.644,2.0333784698312543,-4.727047289444332e-18,1.0210633852642224,0.01910617865617489,-1.7206460464612836e-18,-0.0015714356811001007,0.9999986564786993,-1.0546208572007542e-19,-0.001639219569213369,-1.1318131087871559e-20
4.646,2.033416614089166,-4.730483919047293e-18,1.0210602451599944,0.01903810583896228,-1.7160019894275792e-18,-0.0015686684597228935,0.9999986631325394,-1.0264169207123298e-19,-0.0016351553852377294,-1.2735596319321116e-20
4.648,2.0334546223747885,-4.733911803240287e-18,1.0210571105860333,0.01897020647515186,-1.7120081314113673e-18,-0.001565905414090922,0.9999986697969343,-9.435543665025964e-20,-0.001631074603358431,-1.2085596771970516e-20
4.65,2.0334924950356412,-4.737331737501797e-18,1.0210539815339956,0.01890248117610968,-1.7079083577587467e-18,-0.001563146536259775,0.9999986764712467,-9.159497615034889e-20,-0.0016269774904836447,-9.047488195043193e-21
4.652,2.0335302324204565,-4.7407437255195595e-18,1.0210508579955535,0.01883493054263322,-1.7041335233598349e-18,-0.0015603918183536925,0.9999986831548452,-8.8839815106306e-20,-0.0016228643120619643,-1.0813035494916579e-20
4.654,2.033567834879157,-4.744148020762415e-18,1.021047739962395,0.018767555165010726,-1.7002513583531673e-18,-0.0015576412525650676,0.9999986898471039,-8.061678308171587e-20,-0.0016187353320836807,-1.153874855871448e-20
4.656,2.0336053027628367,-4.747545233984954e-18,1.0210446274262235,0.018700355623080565,-1.696907720092708e-18,-0.0015548948311539647,0.9999986965474035,-9.437936557422531e-20,-0.0016145908130821038,-1.0242329583824654e-20
4.658,2.0336426364237377,-4.7509343591492605e-18,1.0210415203787582,0.018633332486290448,-1.6921638117054643e-18,-0.0015521525464476296,0.9999987032551302,-1.1354740325729092e-19,-0.0016104310161349283,-8.272848622788856e-21
4.66,2.033679836215231,-4.754314144734305e-18,1.021038418811733,0.018566486313756632,-1.6877480386000688e-18,-0.0015494143908399633,0.9999987099696763,-9.972416896105056e-20,-0.0016062562008656456,-9.338126429923506e-21
4.662,2.033716902491796,-4.757685461156292e-18,1.0210353227168973,0.018499817654323025,-1.6837658565125412e-18,-0.0015466803567910667,0.9999987166904402,-7.501539278176633e-20,-0.0016020666254450036,-9.698020231663228e-21
4.664,2.033753835608999,-4.761049962307083e-18,1.0210322320860157,0.018433327046620235,-1.6808602796537789e-18,-0.0015439504368267038,0.999998723416826,-6.687753613826714e-20,-0.0015978625465925096,-6.31383004888636e-21
4.666,2.033790635923473,-4.764408540186795e-18,1.0210291469108672,0.01836701501912455,-1.677734665686399e-18,-0.0015412246235377992,0.9999987301482441,-6.426729022846475e-20,-0.0015936442195779773,-7.058001080468028e-21
4.668,2.0338273037928998,-4.7677613294105954e-18,1.021026067183246,0.01830088209021683,-1.6751433493400799e-18,-0.001538502909579944,0.9999987368841109,-6.1655307222732e-20,-0.0015894118982231217,-8.486533025105535e-21
4.67,2.0338638395759854,-4.77110875104028e-18,1.0210229928949606,0.018234928768241343,-1.6722235480360835e-18,-0.0015357852876728697,0.9999987436238484,-5.905678855750153e-20,-0.0015851658349031934,-9.226368125336983e-21
4.672,2.033900243632444,-4.774450830744474e-18,1.0210199240378341,0.018169155551564495,-1.6699447860839904e-18,-0.0015330717505999472,0.999998750366885,-5.098854077518268e-20,-0.0015809062805486585,-9.613108873430917e-21
4.674,2.0339365163229766,-4.777788130988825e-18,1.021016860603704,0.01810356292863352,-1.6672287589360556e-18,-0.001530362291207675,0.999998757112655,-7.036222806623794e-20,-0.0015766334846469227,-7.643654051270949e-21
4.676,2.0339726580092505,-4.781119240729012e-18,1.0210138025844222,0.018038151378035064,-1.6637548823470447e-18,-0.0015276569024051535,0.9999987638605984,-8.964463576828158e-20,-0.0015723476952440953,-5.336135829155006e-21
4.678,2.0340086690538812,-4.784442863178618e-18,1.0210107499718544,0.01797292136855368,-1.6599572299889245e-18,-0.001524955577163568,0.9999987706101616,-8.141792161374788e-20,-0.0015680491589467973,-6.074457782662879e-21
4.68,2.034044549820411,-4.787759429486635e-18,1.0210077027578803,0.017907873359230272,-1.6565909889056804e-18,-0.0015222583085156634,0.9999987773607969,-8.418073146339519e-20,-0.0015637381209240113,-7.856218590585301e-21
4.682,2.034080300673292,-4.79106872427364e-18,1.021004660934394,0.01784300779942042,-1.6526857949891882e-18,-0.001519565089555236,0.9999987841119625,-8.692881703360625e-20,-0.001559414824908972,-1.0662542847927649e-20
4.684,2.0341159219778637,-4.79437053295764e-18,1.0210016244933027,0.017778325128852638,-1.6492125536035824e-18,-0.0015168759134365978,0.9999987908631226,-8.417750443113186e-20,-0.001555079513201097,-1.5851878107652887e-20
4.686,2.0341514141003367,-4.797665108026044e-18,1.0209985934265275,0.017713825777686536,-1.6454162339662383e-18,-0.001514190773374063,0.9999987976137474,-8.144771730929095e-20,-0.0015507324266679611,-1.5547160678138912e-20
4.688,2.034186777407772,-4.8009525935155016e-18,1.0209955677260032,0.01764951016657089,-1.6421587505657022e-18,-0.001511509662641419,0.999998804363313,-7.873035218359983e-20,-0.0015463738047473072,-1.5585838389198852e-20
4.69,2.0342220122680623,-4.804233383428005e-18,1.0209925473836776,0.017585378706701633,-1.6385771303719895e-18,-0.0015088325745713886,0.9999988111113016,-7.602479663981624e-20,-0.0015420038854490998,-1.6309758098535278e-20
4.692,2.0342571190499137,-4.8075075121057996e-18,1.0209895323915121,0.017521431799879743,-1.6355332927791797e-18,-0.0015061595025551134,0.9999988178572015,-7.33310047378085e-20,-0.0015376229053576166,-1.7716889280863466e-20
4.694,2.034292098122826,-4.8107751562863505e-18,1.0209865227414814,0.01745766983856903,-1.6321642710319895e-18,-0.0015034904400416146,0.9999988246005066,-7.613095114857828e-20,-0.0015332310996335782,-2.0156703465968367e-20
4.696,2.0343269498570753,-4.814036420114136e-18,1.0209835184255727,0.01739409320595384,-1.6292247482988234e-18,-0.0015008253805372733,0.9999988313407169,-5.699097637416655e-20,-0.001528828702016319,-2.0158880460802464e-20
4.698,2.0343616746236943,-4.81729255544551e-18,1.0209805194357864,0.01733070227599666,-1.6270351811456314e-18,-0.0014981643176052932,0.9999988380773384,-3.7939639725858123e-20,-0.0015244159448259932,-2.1531766943373998e-20
4.7,2.0343962727944547,-4.820544843323333e-18,1.0209775257641358,0.01726749741349561,-1.6251615407200063e-18,-0.0014955072448651766,0.999998844809883,-4.639409807191902e-20,-0.0015199930589658215,-2.1229952310815266e-20
4.702,2.0344307447418486,-4.823792765311252e-18,1.0209745374026469,0.01720447897414186,-1.6226336927946556e-18,-0.0014928541559921717,0.9999988515378685,-5.480848837896009e-20,-0.0015155602739243721,-2.0928823594400464e-20
4.704,2.03446509083907,-4.827035626114172e-18,1.0209715543433582,0.017141647304576915,-1.6201007016393126e-18,-0.0014902050447167681,0.9999988582608185,-6.316998666305985e-20,-0.001511117817777882,-2.0628359837831764e-20
4.706,2.034499311459998,-4.83027284213108e-18,1.0209685765783207,0.017079002742449827,-1.6171326081861435e-18,-0.001487559904824154,0.9999988649782627,-6.052722292131122e-20,-0.001506665917192613,-1.996894281212869e-20
4.708,2.0345334069791776,-4.833504585861306e-18,1.020965604099598,0.01701654561647427,-1.6145925573105332e-18,-0.0014849187301536602,0.9999988716897367,-6.336708951978782e-20,-0.001502204797427244,-1.8976679293042933e-20
4.71,2.0345673777718023,-4.836730779073283e-18,1.0209626368992655,0.016954276246485534,-1.6116179534893204e-18,-0.0014822815145982668,0.9999988783947815,-6.072186622808682e-20,-0.0014977346823353002,-1.9348374441292938e-20
4.712,2.034601224213697,-4.839951558650688e-18,1.0209596749694112,0.016892194943497415,-1.6092864223454011e-18,-0.0014796482521040252,0.9999988850929447,-4.712350220395377e-20,-0.001493255794367615,-2.0045437214139525e-20
4.714,2.0346349466812987,-4.843167849129022e-18,1.0209567183021349,0.016830302009758963,-1.6069491301761491e-18,-0.0014770189366695601,0.999998891783779,-5.552298543137057e-20,-0.0014887683545748319,-1.8716865818859233e-20
4.716,2.0346685455516416,-4.846379136457154e-18,1.0209537668895483,0.01676859773881116,-1.6042835323926153e-18,-0.0014743935623455229,0.9999988984668434,-6.388215495630849e-20,-0.0014842725826099367,-1.7734076113726998e-20
4.718,2.034702021202337,-4.849584765648806e-18,1.0209508207237754,0.016707082415543455,-1.601291252822749e-18,-0.0014717721232340544,0.9999989051417025,-7.220017732153937e-20,-0.001479768696730826,-1.7781570934077044e-20
4.72,2.034735374011558,-4.852784084958272e-18,1.0209478797969516,0.016645756316250208,-1.5979739081660938e-18,-0.0014691546134882607,0.9999989118079269,-8.04782553372367e-20,-0.0014752569138029087,-1.8172398620975556e-20
4.722,2.0347686043580224,-4.855976445865872e-18,1.0209449441012237,0.016584619708687007,-1.5943331077015257e-18,-0.0014665410273116658,0.9999989184650926,-8.87180949007822e-20,-0.0014707374493017425,-1.787695031612699e-20
4.724,2.0348017126209736,-4.859161203062543e-18,1.0209420136287506,0.01652367285212687,-1.5903704526543496e-18,-0.0014639313589576907,0.9999989251127815,-9.692039259949674e-20,-0.0014662105173157023,-1.6553379828400958e-20
4.726,2.0348346991801662,-4.8623377144332905e-18,1.020939088371702,0.016462915997416342,-1.5860875358419271e-18,-0.001461325602729115,0.9999989317505815,-1.0508533444151948e-19,-0.001461676330548682,-1.4205342902036282e-20
4.728,2.0348675644158476,-4.8655053410405105e-18,1.0209361683222595,0.016402349387031463,-1.5814859419344803e-18,-0.0014587237529775584,0.999998938378086,-1.1321109671841864e-19,-0.00145713510032283,-1.2205506377216818e-20
4.73,2.034900308708742,-4.86866344710851e-18,1.0209332534726159,0.01634197325513361,-1.5765672483520894e-18,-0.001456125804102929,0.9999989449948938,-1.212973580841824e-19,-0.0014525870365813124,-1.0894894052666174e-20
4.732,2.0349329324400336,-4.871811400009333e-18,1.0209303438149748,0.016281787827625252,-1.5713330252540352e-18,-0.0014535317505528997,0.9999989516006099,-1.293458017146289e-19,-0.0014480323478911143,-9.244701595959302e-21
4.734,2.0349654359913503,-4.874948570247687e-18,1.0209274393415513,0.016221793322205528,-1.5657848351605807e-18,-0.0014509415868223918,0.9999989581948446,-1.3735710427399825e-19,-0.0014434712414458678,-6.913073203727101e-21
4.736,2.034997819744747,-4.878074331445548e-18,1.020924540044571,0.01616198994842576,-1.559924232753503e-18,-0.001448355307453033,0.999998964777214,-1.4533194507378655e-19,-0.0014389039230687125,-3.5589633992892056e-21
4.738,2.03503008408269,-4.8811881679074555e-18,1.0209216459162707,0.0161023779077448,-1.5540755086427835e-18,-0.0014457729070326325,0.9999989713473396,-1.258531724749898e-19,-0.0014343305972151872,-2.2293012635250084e-21
4.74,2.0350622293880405,-4.884291430767656e-18,1.0209187569488976,0.01604295739358428,-1.5492065001889092e-18,-0.0014431943801946545,0.9999989779048487,-1.2840759548053297e-19,-0.0014297514669761506,-2.6480447244067596e-21
4.742,2.035094256044038,-4.8873839942045894e-18,1.02091587313471,0.015983728591383712,-1.5432686683933329e-18,-0.001440619721617697,0.9999989844493741,-1.3641899650134937e-19,-0.001425166734080734,-3.416270286328993e-21
4.744,2.035126164434285,-4.890465231485829e-18,1.020912994465977,0.015924691678655477,-1.5379880892997753e-18,-0.0014380489260249552,0.999998990980554,-1.3343975768452083e-19,-0.001420576598899321,-4.509702417739823e-21
4.746,2.0351579549427314,-4.893535378319312e-18,1.0209101209349776,0.015865846825039682,-1.5322857096587324e-18,-0.0014354819881837006,0.9999989974980323,-1.249930250390931e-19,-0.0014159812604465564,-4.907444276412089e-21
4.748,2.035189627953659,-4.89659513553018e-18,1.0209072525340015,0.01580719419235888,-1.527454763139497e-18,-0.0014329189029047716,0.9999990040014581,-1.2755294690942819e-19,-0.0014113809163843894,-4.2922230133054315e-21
4.75,2.035221183851665,-4.899644268851263e-18,1.0209043892553487,0.015748733934672663,-1.5215543180025204e-18,-0.0014303596650420568,0.9999990104904865,-1.4106589583389517e-19,-0.0014067757630251375,-3.693523412123827e-21
4.752,2.0352526230216466,-4.9026816844403896e-18,1.0209015310913294,0.015690466198332136,-1.5157733954711092e-18,-0.0014278042694919398,0.9999990169647773,-1.5450227891188298e-19,-0.0014021659953345836,-2.75352072407608e-21
4.7540000000000004,2.0352839458487866,-4.9057062942656644e-18,1.0208986780342642,0.015632391122034236,-1.5087131951845656e-18,-0.0014252527111928187,0.9999990234239964,-1.6786438789131753e-19,-0.0013975518069350996,-1.027863716250137e-22
4.756,2.0353151527185376,-4.908717267481452e-18,1.0208958300764834,0.01557450883687593,-1.5023165018615695e-18,-0.0014227049851245669,0.9999990298678145,-1.5374742012897229e-19,-0.001392933390108798,5.240508468884551e-22
4.758,2.0353462440166066,-4.9117153912860186e-18,1.0208929872103278,0.01551681946640828,-1.4957199048594628e-18,-0.0014201610863080383,0.9999990362959081,-1.6710548043562665e-19,-0.0013883109358007097,-2.315441982766329e-21
4.76,2.03537722012894,-4.914699907241638e-18,1.020890149428148,0.015459323126690358,-1.4888166485562322e-18,-0.0014176210098045309,0.9999990427079589,-1.5847272666063449e-19,-0.0013836846336219885,-3.06093769777354e-21
4.7620000000000005,2.0354080814417097,-4.917671315564642e-18,1.0208873167223038,0.015402019926343043,-1.4826837252776597e-18,-0.0014150847507152862,0.9999990491036537,-1.4988185150790622e-19,-0.0013790546718531432,-3.1193747515708302e-21
4.764,2.0354388283412965,-4.9206304725389326e-18,1.0208844890851654,0.015344909966602663,-1.4764575375813762e-18,-0.0014125523041809943,0.9999990554826846,-1.4679937947247575e-19,-0.0013744212374472962,-4.555078544580288e-21
4.766,2.035469461214277,-4.923577658371552e-18,1.0208816665091125,0.015287993341374508,-1.4708917898079768e-18,-0.001410023665381256,0.9999990618447494,-1.2180355778423226e-19,-0.0013697845160334648,-4.243944283712856e-21
4.768,2.035499980447408,-4.9265146932391784e-18,1.0208788489865346,0.0152312701372862,-1.4663057974390102e-18,-0.0014074988295340804,0.9999990681895505,-9.692623816885499e-20,-0.001365144691919872,-3.933630406434356e-21
4.7700000000000005,2.0355303864276117,-4.92944353181294e-18,1.0208760365098304,0.015174740433740917,-1.462694724467108e-18,-0.0014049777918954116,0.9999990745167959,-7.216685883810792e-20,-0.0013605019480972796,-3.6241339421150506e-21
4.772,2.0355606795419634,-4.932366119114946e-18,1.0208732290714082,0.01511840430297049,-1.4600537578976223e-18,-0.0014024605477586014,0.9999990808261986,-4.752439288347679e-20,-0.0013558564662423471,-3.658113049895747e-21
4.774,2.035590860177675,-4.935284390564395e-18,1.0208704266636857,0.015062261810088332,-1.4583781077854093e-18,-0.0013999470924539003,0.9999990871174766,-2.2998283347441955e-20,-0.0013512084267210149,-4.034752566477182e-21
4.776,2.035620928722081,-4.938200272023575e-18,1.0208676292790897,0.015006313013142253,-1.457663007156878e-18,-0.0013974374213479859,0.9999990933903533,1.4115594778437888e-21,-0.0013465580085919122,-4.410578162811064e-21
4.7780000000000005,2.0356508855626254,-4.94111567984355e-18,1.0208648369100566,0.014950557963167103,-1.4579037117137637e-18,-0.0013949315298434465,0.9999990996445569,2.5705686775862705e-20,-0.0013419053896097874,-4.785590800002056e-21
4.78,2.035680731086848,-4.944032520909314e-18,1.0208620495490317,0.014894996704237285,-1.4590954996787193e-18,-0.0013924294133782862,0.9999991058798207,4.98841878439585e-20,-0.0013372507462289637,-4.817536449001488e-21
4.782,2.035710465682369,-4.9469526926846395e-18,1.0208592671884695,0.014839629273519124,-1.461233671474945e-18,-0.0013899310674254514,0.999999112095883,7.394714673784219e-20,-0.0013325942536068164,-4.164566250882192e-21
4.784,2.035740089736876,-4.9498778680943054e-18,1.0208564898208337,0.014784455701323071,-1.4638832262087323e-18,-0.0013874364874923105,0.9999991182924871,6.500375352740856e-20,-0.0013279360856072728,-5.955683120539805e-21
4.7860000000000005,2.0357696036381108,-4.952807560221659e-18,1.0208537174385963,0.014729476011155776,-1.4657506668026798e-18,-0.0013849456691202033,0.9999991244693812,5.610233545415725e-20,-0.0013232764148043371,-7.399864245695488e-21
4.788,2.0357990077738553,-4.955741069348885e-18,1.0208509500342389,0.014674690219772009,-1.4678080831108343e-18,-0.0013824586078839312,0.9999991306263185,5.820828120438471e-20,-0.0013186154124856342,-8.826083555317302e-21
4.79,2.035828302531918,-4.958678631218512e-18,1.0208481876002513,0.014620098337226418,-1.4697316236489312e-18,-0.0013799752993912647,0.9999991367630571,6.030427183913285e-20,-0.0013139532486559768,-1.0249740266000057e-20
4.792,2.0358574883001217,-4.961620481122615e-18,1.0208454301291325,0.014565700366925158,-1.472275353980017e-18,-0.0013774957392825042,0.9999991428793596,8.431929494683913e-20,-0.001309290092040956,-1.06124171151227e-20
4.7940000000000005,2.0358865654662885,-4.964568143766605e-18,1.0208426776133903,0.014511496305677343,-1.4753284573551774e-18,-0.0013750199232299485,0.9999991489749938,8.08048863217928e-20,-0.0013046261100905499,-8.955044705331975e-21
4.796,2.0359155344182276,-4.967521379074655e-18,1.0208399300455406,0.014457486143746371,-1.4779198472456408e-18,-0.0013725478469374566,0.9999991550497321,7.730845452671163e-20,-0.0012999614689827542,-8.329572507312824e-21
4.798,2.035944395543723,-4.970480054993249e-18,1.0208371874181084,0.014403669864901075,-1.480697455885034e-18,-0.0013700795061399713,0.9999991611033517,6.834691891232234e-20,-0.0012952963336272355,-8.397614537448964e-21
4.8,2.035973149230519,-4.973443503091396e-18,1.0208344497236268,0.014350047446466733,-1.4825847239187846e-18,-0.0013676148966030445,0.9999991671356344,5.394438713158141e-20,-0.0012906308676690012,-7.787652415509898e-21
4.8020000000000005,2.036001795866308,-4.976410448788432e-18,1.0208317169546375,0.014296618859375916,-1.4843389421736448e-18,-0.0013651540141223465,0.9999991731463668,3.9611020506691174e-20,-0.0012859652334920929,-7.863195391301373e-21
4.804,2.036030335838719,-4.9793799456386155e-18,1.0208289891036906,0.014243384068219189,-1.4849928808073086e-18,-0.0013626968545232359,0.9999991791353401,1.438088533365581e-20,-0.0012812995922232978,-8.294464907669053e-21
4.806,2.0360587695353027,-4.9823501565271085e-18,1.0208262661633443,0.014190343031295639,-1.4851971188296508e-18,-0.0013602434136602763,0.9999991851023501,1.1190331104009123e-20,-0.0012766341037358788,-1.0752519549057611e-20
4.808,2.036087097343521,-4.985320650716363e-18,1.0208235481261654,0.01413749570066327,-1.4852762807987411e-18,-0.001357793687416784,0.9999991910471971,8.013176794729603e-21,-0.0012719689266533257,-1.1834093291975931e-20
4.8100000000000005,2.036115319650733,-4.988291178673509e-18,1.0208208349847288,0.01408484202218922,-1.4852309853748301e-18,-0.001355347671704364,0.9999991969696862,4.8506569328244846e-21,-0.001267304218353124,-1.2570026362132425e-20
4.812,2.0361434368441844,-4.991261492099712e-18,1.0208181267316174,0.014032381935599825,-1.485061848117054e-18,-0.0013529053624624589,0.9999992028696266,1.704446603758261e-21,-0.0012626401349705415,-1.4332188886193612e-20
4.814,2.0361714493109933,-4.9942313439249715e-18,1.0208154233594224,0.013980115374530536,-1.484769482360889e-18,-0.0013504667556579059,0.9999992087468323,-1.4255220488864731e-21,-0.001257976831402435,-1.7118148425244244e-20
4.816,2.036199357438139,-4.997200488303704e-18,1.0208127248607428,0.013928042266575656,-1.484354499087668e-18,-0.0013480318472844732,0.9999992146011216,-4.5406172465837055e-21,-0.0012533144613110737,-1.9897900962885557e-20
4.8180000000000005,2.0362271616124508,-5.0001686806095214e-18,1.0208100312281858,0.01387616253333793,-1.4838175064283184e-18,-0.0013456006333624143,0.9999992204323173,-7.641342727557429e-21,-0.0012486531771279796,-2.2328394050667945e-20
4.82,2.0362548622205945,-5.003135677429144e-18,1.0208073424543664,0.013824476090477975,-1.4831591094569893e-18,-0.0013431731099380424,0.9999992262402464,-1.0727766106800373e-20,-0.0012439931300577867,-2.441045566899868e-20
4.822,2.036282459649062,-5.00610123655651e-18,1.0208046585319077,0.013772982847763538,-1.4823799102684198e-18,-0.0013407492730832676,0.9999992320247403,-1.3798250084724253e-20,-0.0012393344700821164,-2.751515036594968e-20
4.824,2.0363099542841576,-5.00906511698733e-18,1.0208019794534404,0.013721682709118603,-1.4814805087382922e-18,-0.0013383291188951776,0.9999992377856347,-1.685243250386538e-20,-0.00123467734596347,-3.1983121496532426e-20
4.8260000000000005,2.0363373465119894,-5.012027078915141e-18,1.020799305211603,0.013670575572672325,-1.4804615023298218e-18,-0.0013359126434955965,0.9999992435227697,-1.9898865765515903e-20,-0.0012300219052491373,-3.095791439232374e-20
4.828,2.0363646367184547,-5.0149869913026245e-18,1.0207966357990417,0.013619661330807812,-1.4795386430495473e-18,-0.0013334998430306463,0.9999992492359894,-1.7449153601373786e-20,-0.0012253682942751217,-2.9243062716207875e-20
4.83,2.036391825289231,-5.01794493940945e-18,1.0207939712084106,0.013568939870210728,-1.4784973155439018e-18,-0.0013310907136703234,0.9999992549251422,-1.498296136916451e-20,-0.0012207166581700804,-2.924474490980182e-20
4.832,2.036418912609762,-5.020901009371268e-18,1.0207913114323712,0.013518411071917747,-1.4774451758371263e-18,-0.001328685251608074,0.9999992605900806,-2.8990464460369e-20,-0.0012160671408592814,-2.823854079436447e-20
4.8340000000000005,2.0364458990652485,-5.023854138738965e-18,1.0207886564635928,0.013468074811364828,-1.4756288758846555e-18,-0.0013262834530603747,0.9999992662306614,-3.7448564794408727e-20,-0.0012114198850685764,-2.7571081732988024e-20
4.836,2.0364727850406377,-5.026803664207512e-18,1.020786006294752,0.013417930958435334,-1.4739133439265888e-18,-0.001323885314266308,0.9999992718467451,-4.585483965394798e-20,-0.0012067750323283843,-2.587799382286273e-20
4.838,2.0364995709206095,-5.0297491419308605e-18,1.020783360918533,0.013367979377507984,-1.4714379507363484e-18,-0.001321490831487146,0.9999992774381967,-5.422127477099364e-20,-0.0012021327229776975,-2.4188895514654393e-20
4.84,2.036526257089568,-5.032689629363863e-18,1.0207807203276278,0.013318219927504624,-1.4689591728333898e-18,-0.0013191000010059398,0.9999992830048849,-6.80306537383297e-20,-0.0011974930961680943,-2.2510368431762e-20
4.8420000000000005,2.0365528439316294,-5.035624294974684e-18,1.0207780845147352,0.013268652461937855,-1.4657241368956296e-18,-0.0013167128191271054,0.9999992885466825,-5.984179259610666e-20,-0.0011928562898677706,-2.2865487112432157e-20
4.844,2.0365793318306116,-5.038553495051906e-18,1.0207754534725617,0.013219276828958466,-1.4634575251789979e-18,-0.0013143292821760138,0.9999992940634661,-5.717637799212363e-20,-0.0011882224408655843,-2.1513427801135944e-20
4.846,2.0366057211700235,-5.0414774402070234e-18,1.0207728271938212,0.013170092871402727,-1.460540852026742e-18,-0.0013119493864986054,0.9999992995551163,-5.45244343786735e-20,-0.0011835916847751137,-1.947925898291859e-20
4.848,2.0366320123330546,-5.044396483262236e-18,1.0207702056712347,0.013121100426839484,-1.458483622604655e-18,-0.0013095731284609674,0.9999993050215177,-5.736766495107489e-20,-0.001178964156038728,-1.7456002809811355e-20
4.8500000000000005,2.0366582057025635,-5.047310509911789e-18,1.0207675888975305,0.013072299327617104,-1.4553451488791905e-18,-0.001307200504448946,0.9999993104625584,-6.569463809919212e-20,-0.0011743399879316726,-1.4072963246012503e-20
4.852,2.0366843016610696,-5.0502185814856766e-18,1.0207649768654443,0.013023689400910247,-1.4527441350446222e-18,-0.0013048315108677435,0.9999993158781306,-6.298780265968652e-20,-0.0011697193125661661,-1.3425896148492353e-20
4.854,2.0367103005907405,-5.053121197936849e-18,1.0207623695677188,0.012975270468766462,-1.4499257172434419e-18,-0.0013024661441415422,0.9999993212681302,-5.48230066099246e-20,-0.0011651022608955112,-1.3802362612502755e-20
4.856,2.0367362028733833,-5.05601871419891e-18,1.0207597669971038,0.012927042348152612,-1.4475361126031357e-18,-0.0013001044007131034,0.9999993266324567,-6.86296373893725e-20,-0.001160488962718216,-1.2147543573551043e-20
4.8580000000000005,2.0367620088904337,-5.058910299423862e-18,1.0207571691463562,0.01287900485100114,-1.4440667429167578e-18,-0.0012977462770433843,0.9999993319710133,-7.690284781762435e-20,-0.00115587954668213,-9.119617421733243e-21
4.86,2.0367877190229464,-5.0617956283645375e-18,1.02075457600824,0.012831157784256144,-1.4414593846483896e-18,-0.0012953917696111596,0.999999337283707,-4.6755645025997593e-20,-0.0011512741402885892,-8.794963391155295e-21
4.862,2.036813333651585,-5.0646764218936665e-18,1.0207519875755262,0.012783500949919294,-1.4391718814400105e-18,-0.0012930408749126483,0.9999993425704483,-6.608117560718347e-20,-0.0011466728698965752,-8.870615328403258e-21
4.864,2.0368388531566124,-5.067551416708914e-18,1.020749403840993,0.012736034145095573,-1.435589635044098e-18,-0.0012906935894611159,0.9999993478311513,-9.626686731492809e-20,-0.0011420758607268839,-9.301255622092812e-21
4.866,2.0368642779178807,-5.0704185318521925e-18,1.0207468247974252,0.012688757162038843,-1.4316876056113113e-18,-0.0012883499097865335,0.9999993530657334,-8.244762868898109e-20,-0.0011374832368663053,-1.0707873198506174e-20
4.868,2.0368896083148216,-5.073278636825795e-18,1.0207442504376147,0.012641669788197236,-1.4284355971269606e-18,-0.0012860098324351925,0.9999993582741159,-7.965827332345666e-20,-0.0011328951212718173,-1.2808989449250415e-20
4.87,2.0369148447264367,-5.076131808713577e-18,1.0207416807543606,0.01259477180625838,-1.4247544336844492e-18,-0.0012836733539693351,0.9999993634562234,-8.236390475872478e-20,-0.001128311635774784,-1.5597072942859954e-20
4.872,2.036939987531289,-5.078978087404951e-18,1.0207391157404682,0.012548062994194443,-1.4216141196575869e-18,-0.0012813404709667937,0.9999993686119839,-7.411033833501858e-20,-0.0011237329010851712,-1.3225859187649289e-20
4.874,2.036965037107492,-5.0818180862592e-18,1.02073655538875,0.012501543125306993,-1.4184744252650016e-18,-0.0012790111800206512,0.9999993737413289,-6.040036030966731e-20,-0.001119159036795766,-1.0854112992627997e-20
4.876,2.036989993832702,-5.0846525957724606e-18,1.0207339996920255,0.012455211968271712,-1.4159809984637044e-18,-0.0012766854777388557,0.9999993788441929,-6.318706420563399e-20,-0.0011145901613864105,-1.1247708255515853e-20
4.878,2.0370148580841074,-5.087481506324448e-18,1.0207314486431207,0.012409069287182906,-1.4129472704385077e-18,-0.0012743633607438943,0.9999993839205142,-6.047758825733371e-20,-0.0011100263922282426,-1.19765078067214e-20
4.88,2.03703963023842,-5.0903050672289416e-18,1.0207289022348682,0.012363114841597852,-1.410667042034952e-18,-0.001272044825672425,0.9999993889702343,-6.327576181114269e-20,-0.0011054678455879481,-1.3394603841668632e-20
4.882,2.0370643106718673,-5.09312331099725e-18,1.0207263604601078,0.012317348386580966,-1.4076301361646042e-18,-0.0012697298691749404,0.9999993939932976,-5.510962854646398e-20,-0.0011009146366320192,-1.3770052770583487e-20
4.884,2.0370888997601813,-5.095936628507656e-18,1.0207238233116853,0.012271769672747802,-1.4056689811152855e-18,-0.001267418487915414,0.9999993989896521,-5.2438038529087284e-20,-0.0010963668794310253,-1.483515079224352e-20
4.886,2.037113397878591,-5.098745230448247e-18,1.0207212907824539,0.012226378446308864,-1.4029504287520549e-18,-0.0012651106785709903,0.9999994039592487,-4.976421763444573e-20,-0.001091824686963889,-1.7611023188057218e-20
4.888,2.0371378054018145,-5.101549255582068e-18,1.0207187628652727,0.012181174449113246,-1.4009845120204772e-18,-0.00126280643783162,0.9999994089020416,-6.355190105393957e-20,-0.0010872881711221723,-1.937029726402994e-20
4.89,2.037162122704048,-5.104347838200324e-18,1.0207162395530083,0.012136157418692095,-1.3975083410564568e-18,-0.0012605057623997318,0.9999994138179882,-6.63082988102753e-20,-0.0010827574427143725,-2.1798766125128174e-20
4.892,2.0371863501589598,-5.107140726645898e-18,1.0207137208385328,0.012091327088301896,-1.3953262850656674e-18,-0.0012582086489899206,0.9999994187070487,-6.356901487241466e-20,-0.001078232611470223,-2.4215535517001622e-20
4.894,2.037210488139679,-5.1099279934161625e-18,1.020711206714726,0.012046683186967585,-1.3919584710116386e-18,-0.0012559150943286035,0.9999994235691865,-6.081707447867072e-20,-0.0010737137860450023,-2.6283894295726992e-20
4.896,2.037234537018789,-5.1127097837312016e-18,1.0207086971744732,0.012002225439525468,-1.389885774733336e-18,-0.0012536250951537015,0.9999994284043681,-5.805289258500547e-20,-0.0010692010740238527,-2.7662007179725994e-20
4.898,2.03725849716832,-5.115486207779252e-18,1.020706192210667,0.011957953566665984,-1.3863052391908216e-18,-0.0012513386482143256,0.9999994332125628,-9.368207260928307e-20,-0.001064694581926104,-2.7021114952696805e-20
4.9,2.0372823689597372,-5.118255045230938e-18,1.020703691816206,0.011913867284976268,-1.382623022086576e-18,-0.001249055750270459,0.9999994379937428,-7.97987673994297e-20,-0.0010601944152096054,-2.6671778120399808e-20
4.902,2.037306152763937,-5.121017062980828e-18,1.0207011959839956,0.011869966306982553,-1.3794851068400112e-18,-0.0012467763980926387,0.9999994427478834,-6.598128279207021e-20,-0.0010557006782750634,-2.632330457665738e-20
4.904,2.037329848951236,-5.123773346944439e-18,1.0206987047069471,0.011826250341192383,-1.3768888072944655e-18,-0.001244500588461658,0.9999994474749626,-5.2229306740777174e-20,-0.0010512134744703864,-2.5975691896169496e-20
4.906,2.0373534578913635,-5.126524977677742e-18,1.020696217977979,0.011782719092136648,-1.3748314500498282e-18,-0.0012422283181682434,0.9999994521749613,-3.85425286783268e-20,-0.0010467329060950368,-2.5628937665359024e-20
4.908,2.037376979953454,-5.129273030402598e-18,1.0206937357900157,0.01173937226041144,-1.3733103743870267e-18,-0.0012399595840127773,0.9999994568478632,-2.492028083469678e-20,-0.0010422590744043876,-2.5625700721906776e-20
4.91,2.03740041550604,-5.132018575032324e-18,1.0206912581359882,0.011696209542719736,-1.3723229325332981e-18,-0.0012376943828049719,0.9999994614936545,-1.1362609836023662e-20,-0.0010377920796140856,-2.5621692961268357e-20
4.912,2.037423764917043,-5.134762676197259e-18,1.0206887850088335,0.01165323063191289,-1.3718664891696454e-18,-0.0012354327113635998,0.9999994661123245,2.1304287271880146e-21,-0.0010333320209044198,-2.527425461861827e-20
4.914,2.0374470285537662,-5.137506393269439e-18,1.0206863164014957,0.011610435217031955,-1.3719384213267568e-18,-0.0012331745665161732,0.999999470703865,1.5559850946653216e-20,-0.001028878996424697,-2.5270334123119348e-20
4.916,2.0374702067828876,-5.140250780387623e-18,1.0206838523069244,0.01156782298334882,-1.3725361188458134e-18,-0.0012309199450986738,0.9999994752682705,2.892631942575763e-20,-0.001024433103297621,-2.595177810420034e-20
4.918,2.0374932999704516,-5.1429968864831486e-18,1.020681392718076,0.011525393612407162,-1.373656984272672e-18,-0.0012286688439552627,0.999999479805538,4.2229780203091446e-20,-0.0010199944376236758,-2.6974300411205504e-20
4.92,2.037516308481862,-5.145745755304925e-18,1.020678937627913,0.011483146782063233,-1.3752984327459176e-18,-0.0012264212599380033,0.9999994843156673,5.547053539378471e-20,-0.0010155630944855166,-2.8336686108980975e-20
4.922,2.037539232681875,-5.14849842544472e-18,1.0206764870294045,0.01144108216652645,-1.3774578919159116e-18,-0.0012241771899065609,0.9999994887986605,6.864888345896822e-20,-0.0010111391679523624,-3.003853538484218e-20
4.924,2.0375620729345916,-5.151255930361983e-18,1.0206740409155255,0.011399199436399814,-1.3801328017905252e-18,-0.0012219366307279547,0.9999994932545224,8.176442888072366e-20,-0.0010067227510843968,-3.1394532991854416e-20
4.926,2.03758482960345,-5.154019298408268e-18,1.0206715992792577,0.011357498258720143,-1.3833206144732727e-18,-0.0012196995792762677,0.9999994976832604,9.481815912827313e-20,-0.0010023139359371677,-3.309000868144311e-20
4.928,2.0376075030512197,-5.156789337692834e-18,1.0206691621135884,0.011315978296998128,-1.3865884766053798e-18,-0.001217466032432378,0.999999502084884,7.491213383912867e-20,-0.0009979128135659964,-3.241583903242481e-20
4.93,2.0376300936399927,-5.159564593203089e-18,1.0206667294115117,0.011274639211258207,-1.3885374573347233e-18,-0.0012152359870836876,0.9999995064594053,4.413496085194377e-20,-0.0009935194740303863,-3.141150116736216e-20
4.932,2.0376526017311782,-5.162343078913491e-18,1.0206643011660277,0.011233480658078252,-1.3899271253820703e-18,-0.001213009440123883,0.9999995108068387,4.0904960555051794e-20,-0.0009891340063984376,-3.175289404271127e-20
4.934,2.0376750276854954,-5.165124217116317e-18,1.0206618773701426,0.011192502290629087,-1.3911900499480885e-18,-0.0012107863884526526,0.9999995151272011,3.7690273209783255e-20,-0.0009847564987512643,-3.2092657782006937e-20
4.936,2.0376973718629654,-5.16790775495028e-18,1.020659458016869,0.011151703758713813,-1.3923268563106574e-18,-0.0012085668289754411,0.9999995194205117,3.449150896130688e-20,-0.0009803870381874156,-3.3116524960095426e-20
4.938,2.037719634622907,-5.170693440802076e-18,1.0206570430992257,0.011111084708806956,-1.3933381671194874e-18,-0.0012063507586031789,0.9999995236867919,3.1308256856608594e-20,-0.0009760257108272985,-3.4480618934158815e-20
4.94,2.037741816323928,-5.173481024300926e-18,1.0206546326102373,0.011070644784093439,-1.3942246022996586e-18,-0.0012041381742520566,0.9999995279260655,2.8139778984725877e-20,-0.0009716726018176051,-3.549962302220892e-20
4.942,2.0377639173239186,-5.176270256312933e-18,1.020652226542935,0.011030383624507357,-1.394986778605961e-18,-0.0012019290728432642,0.9999995321383582,2.4985664071389537e-20,-0.0009673277953357397,-3.5831694034099484e-20
4.944,2.037785937980047,-5.179060888934265e-18,1.0206498248903562,0.010990300866770589,-1.3956253094196208e-18,-0.0011997234513027456,0.9999995363236982,2.1846171606980957e-20,-0.0009629913745942517,-3.5820309366069804e-20
4.946,2.0378078786487506,-5.1818526754846685e-18,1.020647427645544,0.010950396144431216,-1.3961408051151072e-18,-0.0011975213065609698,0.9999995404821157,1.872222655487292e-20,-0.0009586634218452692,-3.64934547756738e-20
4.948,2.0378297396857312,-5.1846453705021155e-18,1.020645034801548,0.010910669087901762,-1.3965338734001541e-18,-0.001195322635552672,0.999999544613643,1.561309836673634e-20,-0.0009543440183849341,-3.716580967800771e-20
4.95,2.0378515214459485,-5.1874387297371815e-18,1.0206426463514233,0.010871119324497249,-1.3968051192983104e-18,-0.0011931274352166479,0.9999995487183148,1.2519048529592391e-20,-0.000950033244557839,-3.8178818933784613e-20
4.952,2.0378732242836133,-5.190232510147825e-18,1.0206402622882322,0.010831746478473079,-1.396955145083533e-18,-0.0011909357024955027,0.9999995527961673,9.440003737112899e-21,-0.0009457311797614666,-3.953208125717216e-20
4.954,2.037894848552182,-5.193026469893909e-18,1.0206378826050424,0.010792550171062723,-1.3969845504368373e-18,-0.0011887474343354222,0.9999995568472392,6.376546505115041e-21,-0.0009414379024506303,-4.191051885361413e-20
4.956,2.0379163946043506,-5.195820368332339e-18,1.0206355072949278,0.010753530020515236,-1.3968939328176741e-18,-0.0011865626276859624,0.999999560871571,3.3279658442719996e-21,-0.0009371534901419155,-4.462637919050551e-20
4.958,2.037937862792049,-5.198613966012467e-18,1.0206331363509684,0.010714685642132588,-1.3966838869825882e-18,-0.0011843812794998078,0.9999995648692053,2.9354269160285036e-22,-0.0009328780194181231,-4.699394608910319e-20
4.96,2.037959253466434,-5.201407024670155e-18,1.0206307697662502,0.010676016648306814,-1.396355004900524e-18,-0.001182203386732579,0.9999995688401864,-2.7255042872616473e-21,-0.0009286115659327121,-5.038387807132456e-20
4.962,2.0379805669778848,-5.204199307222913e-18,1.0206284075338656,0.010637522648556975,-1.3959078758191712e-18,-0.0011800289463425948,0.9999995727845606,-1.1217569941691148e-20,-0.0009243542044142455,-4.8630939990742036e-20
4.964,2.038001803675997,-5.206990398547581e-18,1.0206260496469128,0.010599203249565953,-1.395235674217643e-18,-0.001177857955290665,0.9999995767023764,-1.4200462854662353e-20,-0.0009201060086708339,-4.6191760062195893e-20
4.966,2.038022963909576,-5.209779993220084e-18,1.020623696098496,0.010561058055217043,-1.3943396816874633e-18,-0.0011756904105398901,0.9999995805936835,-1.715180284496017e-20,-0.0009158670515945813,-4.8555601391713085e-20
4.968,2.038044048026633,-5.2125676803713134e-18,1.0206213468817258,0.010523086666630382,-1.3933282448098012e-18,-0.0011735263090554404,0.999999584458534,-2.0089439517892363e-20,-0.0009116374051660305,-5.05711718392989e-20
4.97,2.0380650563743785,-5.215353229685795e-18,1.0206190019897188,0.01048528868219919,-1.392201936329996e-18,-0.0011713656478043687,0.9999995882969814,-2.3012814281310496e-20,-0.0009074171404586094,-5.2924213449110615e-20
4.972,2.038085989299217,-5.218136411990835e-18,1.0206166614155974,0.010447663697625823,-1.390961326286636e-18,-0.001169208423755391,0.9999995921090813,-2.5922929435977473e-20,-0.0009032063276430753,-5.458634860967013e-20
4.974,2.038106847146741,-5.2209169992507515e-18,1.0206143251524902,0.010410211305957649,-1.3896069816186257e-18,-0.0011670546338787085,0.9999995958948906,-2.881985410222832e-20,-0.0008990050359919603,-5.555880897025011e-20
4.976,2.0381276302617284,-5.2236947645606136e-18,1.020611993193532,0.010372931097622749,-1.388139466176848e-18,-0.001164904275145806,0.9999995996544683,-3.170334429495743e-20,-0.0008948133338840153,-5.618589066165979e-20
4.978,2.038148338988133,-5.226469482140311e-18,1.0206096655318635,0.010335822660465423,-1.3865593410648278e-18,-0.0011627573445292564,0.9999996033878746,-3.4571926020163235e-20,-0.0008906312888086554,-5.818131274409824e-20
4.98,2.038168973669084,-5.2292409273300054e-18,1.0206073421606314,0.010298885579781526,-1.3848671654533223e-18,-0.00116061383900254,0.999999607095172,-3.7425965845924975e-20,-0.0008864589673704016,-6.119998273693109e-20
4.982,2.038189534646876,-5.2320088765861224e-18,1.0206050230729888,0.010262119438353616,-1.3830634963429848e-18,-0.0011584737555398435,0.9999996107764241,-4.026735746994322e-20,-0.0008822964352933221,-6.318350746550343e-20
4.984,2.03821002226297,-5.234773107476053e-18,1.0206027082620943,0.010225523816485924,-1.3811488876251452e-18,-0.0011563370911158975,0.999999614431696,-4.309556346625657e-20,-0.0008781437574254747,-6.481885101847455e-20
4.986,2.038230436857982,-5.2375333986720284e-18,1.020600397721113,0.010189098292039142,-1.3791238903076565e-18,-0.0011542038427057872,0.9999996180610548,-4.591034411099316e-20,-0.0008740009977433456,-6.64503122947939e-20
4.988,2.0382507787716837,-5.2402895299456425e-18,1.020598091443216,0.010152842440465028,-1.376989052767068e-18,-0.0011520740072847777,0.9999996216645686,-4.871206261652044e-20,-0.000869868219356287,-6.773523925193192e-20
4.99,2.0382710483429936,-5.243041282162388e-18,1.02059578942158,0.01011675583484083,-1.3747449204147912e-18,-0.0011499475818281383,0.9999996252423076,-5.1501384185576165e-20,-0.0008657454845109538,-6.798994300007695e-20
4.992,2.038291245909975,-5.2457884372754504e-18,1.0205934916493884,0.010080838045903534,-1.3723920356205542e-18,-0.0011478245633109625,0.9999996287943428,-5.427777537621529e-20,-0.0008616328545957376,-6.790178207899219e-20
4.994,2.0383113718098302,-5.248530778319929e-18,1.0205911981198303,0.010045088642083927,-1.369930937881944e-18,-0.0011457049487080323,0.9999996323207471,-5.704100611084217e-20,-0.0008575303901452,-6.781382443912704e-20
4.996,2.038331426378896,-5.251268089407212e-18,1.0205889088261009,0.010009507189540474,-1.3673621640416198e-18,-0.0011435887349936157,0.9999996358215947,-5.979172787351732e-20,-0.0008534381508445026,-6.704074704492529e-20
4.998,2.0383514099526394,-5.254000155719469e-18,1.0205866237614012,0.00997409325219303,-1.3646862480483145e-18,-0.0011414759191413206,0.9999996392969611,-6.252941821783929e-20,-0.000849356195533834,-6.62690904201161e-20
5.0,2.0383713228656526,-5.2567267635041805e-18,1.0205843429189387,0.00993884639175635,-1.3619037213198484e-18,-0.001139366498123937,0.9999996427469233,-6.525384332037805e-20,-0.0008452845822128379,-6.584191866030438e-20
5.002,2.038391165451649,-5.2594477000693534e-18,1.020582066291927,0.00990376616777344,-1.3590151129335112e-18,-0.0011372604689132723,0.9999996461715596,-6.796564604089229e-20,-0.0008412233680450327,-6.507309264532553e-20
5.0040000000000004,2.03841093804346,-5.2621627537784655e-18,1.020579793873585,0.009868852137648714,-1.3560209492089513e-18,-0.0011351578284799996,0.9999996495709493,-7.06648910489411e-20,-0.0008371726093622344,-6.396342227022636e-20
5.006,2.038430640973029,-5.264871714044954e-18,1.0205775256571386,0.009834103856680975,-1.3529217538988423e-18,-0.0011330585737935174,0.9999996529451735,-7.335077445302465e-20,-0.0008331323616689731,-6.354088719008161e-20
5.008,2.038450274571407,-5.2675743713275185e-18,1.020575261635819,0.009799520878096213,-1.3497180485679308e-18,-0.0011309627018217965,0.999999656294314,-7.602335477272802e-20,-0.0008291026796469068,-6.380467091444411e-20
5.01,2.038469839168751,-5.270270517125993e-18,1.0205730018028643,0.009765102753080233,-1.346410352660769e-18,-0.001128870209531214,0.9999996596184542,-7.868354706257489e-20,-0.0008250836171592333,-6.372556884510264e-20
5.0120000000000005,2.0384893350943174,-5.272959943976437e-18,1.0205707461515177,0.009730849030811093,-1.3429991830502101e-18,-0.0011267810938864421,0.9999996629176785,-8.133112835371529e-20,-0.0008210752272550972,-6.364664898326296e-20
5.014,2.0385087626764595,-5.2756424454463194e-18,1.020568494675029,0.009696759258491366,-1.3394850541849122e-18,-0.0011246953518502859,0.9999996661920727,-8.396587537056386e-20,-0.0008170775621739939,-6.391097836533457e-20
5.016,2.0385281222426226,-5.278317816129627e-18,1.0205662473666544,0.009662832981380223,-1.3358684782350105e-18,-0.0011226129803835502,0.9999996694417236,-8.658812724955061e-20,-0.0008130906733501717,-6.41746759720213e-20
5.018,2.038547414119341,-5.28098585164232e-18,1.0205640042196553,0.009629069742825338,-1.3321499649056407e-18,-0.0011205339764449034,0.999999672666719,-8.91976666914719e-20,-0.0008091146114170264,-6.478121689039264e-20
5.0200000000000005,2.038566638632233,-5.2836463486174896e-18,1.0205617652273,0.009595469084294614,-1.3283300216978017e-18,-0.0011184583369907573,0.9999996758671479,-9.179510375062895e-20,-0.0008051494262114962,-6.50444658593985e-20
5.022,2.0385857961059997,-5.286299104700711e-18,1.0205595303828625,0.009562030545407723,-1.324409153504986e-18,-0.0011163860589751254,0.9999996790431005,-9.438077878288586e-20,-0.0008011951667784497,-6.462135698239976e-20
5.024,2.0386048868644173,-5.288943918544561e-18,1.020557299679623,0.009528753663967484,-1.3203878623607295e-18,-0.001114317139349491,0.999999682194668,-9.695530301698228e-20,-0.0007972518813750701,-6.282860070519203e-20
5.026,2.0386239112303377,-5.2915805898024455e-18,1.0205550731108677,0.009495637975991046,-1.3162666471152097e-18,-0.001112251575062689,0.9999996853219424,-9.951791635987223e-20,-0.0007933196174752358,-6.069742759399666e-20
5.0280000000000005,2.0386428695256824,-5.2942089191229e-18,1.0205528506698889,0.009462683015740901,-1.312046004164226e-18,-0.0011101893630607828,0.999999688425017,-1.0206785359525236e-19,-0.0007893984217738955,-5.925662381054397e-20
5.03,2.0386617620714396,-5.29682870814515e-18,1.0205506323499853,0.009429888315755718,-1.3077264278224038e-18,-0.0011081305002869524,0.9999996915039858,-1.0460544394792649e-19,-0.0007854883401914416,-5.816189163785436e-20
5.032,2.0386805891876607,-5.299439759494946e-18,1.0205484181444615,0.009397253406880999,-1.3033084102481838e-18,-0.0011060749836813624,0.999999694558944,-1.0713128324692434e-19,-0.000781589417878074,-5.67274942658253e-20
5.034,2.0386993511934577,-5.3020418767799146e-18,1.020546208046628,0.009364777818299556,-1.2987924411253598e-18,-0.0011040228101810636,0.9999996975899875,-1.0964516294665157e-19,-0.0007777016992181628,-5.529649206772874e-20
5.0360000000000005,2.038718048406999,-5.3046348645846356e-18,1.0205440020498018,0.009332461077561817,-1.2941790077625015e-18,-0.0011019739767198604,0.9999997005972132,-1.121471380352978e-19,-0.000773825227834605,-5.386928314445135e-20
5.038,2.0387366811455068,-5.30721852846602e-18,1.0205418001473059,0.009300302710615944,-1.2894685951568017e-18,-0.0010999284802282237,0.9999997035807191,-1.1463726684080475e-19,-0.0007699600465931759,-5.244504630328124e-20
5.04,2.0387552497252526,-5.309792674948629e-18,1.0205396023324693,0.00926830224183779,-1.2846616860736029e-18,-0.001097886317633167,0.9999997065406037,-1.1711533798349704e-19,-0.0007661061976068749,-5.1366029736228705e-20
5.042,2.0387737544615563,-5.312357111520502e-18,1.0205374085986274,0.009236459194060659,-1.2797587611001183e-18,-0.0010958474858581459,0.9999997094769664,-1.195821975005697e-19,-0.0007622637222402659,-4.9604243430006996e-20
5.0440000000000005,2.0387921956687816,-5.314911646628248e-18,1.0205352189391217,0.00920477308860491,-1.2747602981692537e-18,-0.0010938119818229603,0.9999997123899076,-1.2203790528908738e-19,-0.0007584326611138137,-4.7160899718759996e-20
5.046,2.038810573660333,-5.317456089671646e-18,1.0205330333472997,0.009173243445307372,-1.2696667725785399e-18,-0.001091779802443652,0.9999997152795284,-1.244822554763678e-19,-0.0007546130541082124,-4.4380275504212125e-20
5.048,2.0388288887486534,-5.319990250998518e-18,1.0205308518165153,0.009141869782550589,-1.2644786570442639e-18,-0.0010897509446324092,0.9999997181459307,-1.2691582285863928e-19,-0.0007508049403687094,-4.0578659872536914e-20
5.05,2.0388471412452214,-5.3225139418994546e-18,1.020528674340128,0.009110651617291889,-1.2591964216438187e-18,-0.0010877254052974463,0.9999997209892171,-1.2933788903334083e-19,-0.0007470083583094243,-3.6785644737781764e-20
5.0520000000000005,2.0388653314605474,-5.325026974602827e-18,1.0205265009115045,0.009079588465092273,-1.2538205341712535e-18,-0.0010857031813429473,0.9999997238094909,-1.31747737535939e-19,-0.0007432233456176595,-3.402959985160321e-20
5.054,2.0388834597041723,-5.327529162270884e-18,1.020524331524017,0.009048679840145138,-1.2483514607504554e-18,-0.0010836842696689605,0.999999726606856,-1.3414567350739185e-19,-0.0007394499392582065,-3.1965812018064316e-20
5.056,2.0389015262846635,-5.330020318996311e-18,1.0205221661710437,0.009017925255304815,-1.2427896656199403e-18,-0.0010816686671713152,0.9999997293814173,-1.3653226174465029e-19,-0.0007356881754776454,-2.990691157553497e-20
5.058,2.038919531509613,-5.332500259798149e-18,1.02052000484597,0.008987324222114942,-1.237135610957374e-18,-0.001079656370741509,0.9999997321332802,-1.3890755239428686e-19,-0.0007319380898086386,-2.785248084511636e-20
5.0600000000000005,2.038937475685635,-5.334968800617704e-18,1.0205178475421863,0.008956876250836661,-1.2313897567249341e-18,-0.0010776473772666528,0.9999997348625506,-1.412718535692297e-19,-0.0007281997170742162,-2.545984792466051e-20
5.062,2.0389553591183622,-5.337425758313735e-18,1.02051569425309,0.008926580850476632,-1.225552560424715e-18,-0.001075641683629388,0.9999997375693351,-1.436254696437917e-19,-0.0007244730913920573,-2.2387559286036215e-20
5.064,2.038973182112444,-5.339870950657569e-18,1.0205135449720846,0.008896437528814886,-1.219624477141373e-18,-0.001073639286707791,0.9999997402537412,-1.4596770816918117e-19,-0.0007207582461787622,-1.9664397767384228e-20
5.066,2.0389909449715455,-5.342304196328527e-18,1.0205113996925796,0.0088664457924325,-1.2136059598755938e-18,-0.0010716401833752991,0.9999997429158766,-1.4829861923698293e-19,-0.0007170552141541195,-1.7290348064408354e-20
5.0680000000000005,2.039008647998342,-5.344725314910076e-18,1.0205092584079913,0.008836605146739097,-1.2074974597114426e-18,-0.0010696443705006389,0.9999997455558496,-1.5061874725260013e-19,-0.0007133640273453663,-1.45792599976301e-20
5.07,2.03902629149452,-5.347134126885486e-18,1.0205071211117416,0.008806915096000173,-1.201299425299424e-18,-0.0010676518449477665,0.9999997481737691,-1.5292863870027694e-19,-0.0007096847170914392,-1.0847015936968144e-20
5.072,2.0390438757607723,-5.3495304536327694e-18,1.0205049877972592,0.008777375143364258,-1.1950123027709392e-18,-0.0010656626035757703,0.9999997507697447,-1.5522761317498434e-19,-0.0007060173140472198,-7.12361432778477e-21
5.074,2.039061401096798,-5.351914117419962e-18,1.0205028584579787,0.008747984790889902,-1.1886365360573606e-18,-0.0010636766432388148,0.9999997533438862,-1.5751572225150587e-19,-0.0007023618481877752,-3.409034231995284e-21
5.0760000000000005,2.0390788678012974,-5.3542849414008725e-18,1.0205007330873412,0.008718743539572483,-1.1821725670281956e-18,-0.0010616939607860747,0.9999997558963043,-1.5979301601159209e-19,-0.0006987183488125856,2.9674524020666443e-22
5.078,2.039096276171974,-5.3566427496109714e-18,1.0204986116787942,0.008689650889370853,-1.1756208353787262e-18,-0.0010597145530616748,0.9999997584271096,-1.6206002812701275e-19,-0.0006950868445497687,4.6790676135035725e-21
5.08,2.039113626505529,-5.3589873669626964e-18,1.0204964942257915,0.008660706339233808,-1.1688742005931033e-18,-0.001057738416904609,0.9999997609364137,-1.7527838993669392e-19,-0.0006914673633602957,4.588787305269211e-21
5.082,2.0391309190976608,-5.361317974051897e-18,1.0204943807217928,0.008631909387126392,-1.161826053945694e-18,-0.0010557655491487067,0.9999997634243282,-1.610322599996301e-19,-0.0006878599325421995,1.775992550477449e-21
5.0840000000000005,2.0391481542430623,-5.363635475700982e-18,1.0204922711602646,0.008603259530056022,-1.1555531628834241e-18,-0.0010537959466225479,0.9999997658909653,-1.6330352036647469e-19,-0.000684264578734773,2.0420747616398187e-21
5.086,2.0391653322354197,-5.365939553570006e-18,1.0204901655346799,0.00857475626409845,-1.1485459516491014e-18,-0.0010518296061494195,0.9999997683364376,-1.6553755575832093e-19,-0.0006806813279227631,1.6230378514997684e-21
5.088,2.039182453367411,-5.368230249935997e-18,1.0204880638385174,0.008546399084423562,-1.1421000105660924e-18,-0.0010498665245472641,0.9999997707608581,-1.7324310698548398e-19,-0.0006771102054405547,5.163499554913414e-22
5.09,2.039199517930703,-5.370506855153059e-18,1.0204859660652628,0.008518187485320985,-1.1344908160410885e-18,-0.0010479066986286045,0.9999997731643401,-1.864079318652011e-19,-0.0006735512359763457,-2.483553163179426e-22
5.0920000000000005,2.0392165262159505,-5.372768518276248e-18,1.0204838722084077,0.00849012096022555,-1.127014887766086e-18,-0.0010459501252005235,0.9999997755469971,-1.9951010647931671e-19,-0.0006700044435763164,-1.3530753467986615e-21
5.094,2.039233478512794,-5.375013747828039e-18,1.0204817822614507,0.008462199001742578,-1.118165313939525e-18,-0.0010439968010645944,0.9999997779089433,-2.1802020503545823e-19,-0.0006664698516487882,-1.7734971585308617e-21
5.096,2.039250375109859,-5.3772414529273586e-18,1.020479696217896,0.008434421101672989,-1.109347572033519e-18,-0.0010420467230168387,0.9999997802502928,-2.4192581885421335e-19,-0.0006629474829683749,-1.1685622571408825e-21
5.098,2.039267216294754,-5.379449761029469e-18,1.0204776140712546,0.008406786751038252,-1.0987331987076071e-18,-0.0010400998878476832,0.9999997825711602,-2.657174231241254e-19,-0.0006594373596801259,-1.5921945898957336e-21
5.1000000000000005,2.039284002354067,-5.381636772892557e-18,1.0204755358150444,0.008379295440105171,-1.0882673114140876e-18,-0.0010381562923419169,0.9999997848716603,-2.6197237041847332e-19,-0.0006559395033036602,1.0864410890298911e-21
5.102,2.0393007335733677,-5.383802714154239e-18,1.0204734614427888,0.008351946658410495,-1.077626621615016e-18,-0.0010362159332786478,0.9999997871519083,-2.637274577428041e-19,-0.0006524539347372913,3.412465018208837e-21
5.104,2.039317410237204,-5.3859476667328635e-18,1.0204713909480185,0.008324739894785367,-1.067457979053211e-18,-0.001034278807431249,0.9999997894120195,-2.4354233940480423e-19,-0.000648980674262145,3.348252119046671e-21
5.106,2.0393340326290996,-5.388073074940499e-18,1.0204693243242702,0.0082976746373796,-1.0580816247058786e-18,-0.0010323449115673363,0.9999997916521094,-2.2345313785871174e-19,-0.000645519741546267,3.627228845415813e-21
5.1080000000000005,2.039350601031555,-5.3901805194454154e-18,1.0204672615650872,0.0082707503736858,-1.0494936534225281e-18,-0.0010304142424487313,0.9999997938722938,-2.0345873151744505e-19,-0.0006420711556487219,3.2201917685934322e-21
5.11,2.0393671157260442,-5.3922715731244225e-18,1.020465202664019,0.008243966590563308,-1.041690178828865e-18,-0.0010284867968314317,0.9999997960726885,-1.8355910969719408e-19,-0.0006386349350236819,2.81368382768678e-21
5.112,2.039383576993015,-5.394347801100087e-18,1.0204631476146222,0.008217322774261992,-1.0346673330971542e-18,-0.0010265625714655658,0.9999997982534099,-1.6375360384460802e-19,-0.0006352110975245096,2.0662609947956565e-21
5.114,2.039399985111887,-5.396410760777852e-18,1.0204610964104595,0.00819081841044586,-1.0284212668572225e-18,-0.0010246415630953522,0.9999998004145741,-1.4404220326947676e-19,-0.000631799660407828,1.6632420730592553e-21
5.1160000000000005,2.03941634036105,-5.398462001882573e-18,1.0204590490451,0.00816445298421652,-1.0229481488753098e-18,-0.0010227237684590962,0.9999998025562976,-1.2442468004813738e-19,-0.0006284006403375839,1.9464722787876846e-21
5.118,2.0394326430178644,-5.400503066494594e-18,1.0204570055121194,0.008138225980136466,-1.0182441657945411e-18,-0.0010208091842891483,0.9999998046786969,-1.0490059364223586e-19,-0.000625014053389101,2.914325163893951e-21
5.12,2.039448893358658,-5.402535489085237e-18,1.0204549658051003,0.008112136882252213,-1.0143055219809798e-18,-0.0010188978073118779,0.9999998067818887,-8.546928907072478e-20,-0.0006216399150531221,4.22251677248688e-21
5.122,2.039465091658727,-5.404560688974721e-18,1.0204529299176315,0.008086185174117256,-1.0108057066602483e-18,-0.0010169896342476397,0.9999998088659898,-9.354152686427015e-20,-0.0006182782402398443,3.1115026211240888e-21
5.124,2.0394812381923346,-5.406578070744624e-18,1.0204508978433084,0.008060370338814874,-1.0064517935699132e-18,-0.0010150846618107718,0.9999998109311173,-1.1254085809025748e-19,-0.0006149290432829425,2.3390160837630475e-21
5.126,2.0394973332327084,-5.4085863243657296e-18,1.0204488695757332,0.008034691858980772,-1.0017857246137673e-18,-0.0010131828867095418,0.9999998129773879,-1.150042769667677e-19,-0.000611592337943585,4.6624552882686855e-21
5.128,2.039513377052042,-5.410585150317749e-18,1.0204468451085142,0.008009149216825552,-9.970242006016789e-19,-0.0010112843056461814,0.9999998150049187,-1.1745645654603772e-19,-0.0006082681374144365,7.665713895299636e-21
5.13,2.0395293699214925,-5.412574358165471e-18,1.020444824435267,0.00798374189415704,-9.921676959774826e-19,-0.0010093889153167943,0.9999998170138268,-1.1989766508079454e-19,-0.0006049564543236555,1.1689841821718266e-20
5.132,2.039545312111181,-5.414553650842276e-18,1.0204428075496133,0.007958469372402426,-9.871091051295451e-19,-0.0010074967124114066,0.9999998190042292,-1.2780721195664097e-19,-0.0006016573007388783,1.12465206569265e-20
5.134,2.0395612038901896,-5.416522445458081e-18,1.0204407944451814,0.007933331132630278,-9.816339360774846e-19,-0.0010056076936139006,0.9999998209762431,-1.4117503123423013e-19,-0.0005983706881711935,1.1144429364460002e-20
5.136,2.0395770455265634,-5.418480017817744e-18,1.0204387851156067,0.007908326655572359,-9.760664743385914e-19,-0.001003721855602035,0.9999998229299856,-1.2708183853213158e-19,-0.000595096627579108,1.4828270021083307e-20
5.138,2.0395928372873087,-5.4204272247340234e-18,1.0204367795545308,0.00788345542164531,-9.711605629804292e-19,-0.001001839195047428,0.9999998248655738,-1.1852138544235754e-19,-0.0005918351293725004,1.2333012035688249e-20
5.14,2.0396085794383914,-5.422364524912695e-18,1.020434777755602,0.007858716910972166,-9.66051808959093e-19,-0.0009999597086155188,0.9999998267831249,-1.319454216004631e-19,-0.0005885862034165683,1.0858654585487807e-20
5.142,2.039624272244738,-5.424291297754284e-18,1.0204327797124755,0.007834110603403707,-9.608487973476053e-19,-0.0009980833929655838,0.9999998286827559,-1.1241113312419548e-19,-0.0005853498590357593,1.0778224706202432e-20
5.144,2.039639915970235,-5.4262087906885685e-18,1.020430785418813,0.007809635978539662,-9.567355218261035e-19,-0.0009962102447507266,0.999999830564584,-9.295564405410212e-20,-0.0005821261050176972,9.327321062625197e-21
5.146,2.0396555108777266,-5.428118317271171e-18,1.0204287948682833,0.007785292515749743,-9.527384057802483e-19,-0.0009943402606178633,0.9999998324287259,-1.0100629139313847e-19,-0.0005789149496170943,9.576773171450916e-21
5.148,2.0396710572290164,-5.430019534991583e-18,1.0204268080545613,0.007761079694194532,-9.484269092739428e-19,-0.0009924734372077175,0.9999998342752987,-1.090183762372825e-19,-0.0005757164005596552,9.141135032808786e-21
5.15,2.0396865552848658,-5.431911816647295e-18,1.020424824971329,0.007736996992846204,-9.43802589507642e-19,-0.0009906097711548216,0.9999998361044192,-1.1699287214520923e-19,-0.0005725304650459689,9.39145762409616e-21
5.152,2.039702005304994,-5.433794538142632e-18,1.020422845612275,0.007713043890509094,-9.38866996160435e-19,-0.0009887492590875074,0.9999998379162043,-1.2492976121697756e-19,-0.0005693571497553897,9.983859643284541e-21
5.154,2.0397174075480775,-5.435667078473808e-18,1.0204208699710948,0.007689219865840111,-9.33621671388235e-19,-0.000986891897627904,0.9999998397107704,-1.3282902839468679e-19,-0.0005661964608499094,1.0575274913932736e-20
5.156,2.0397327622717505,-5.437528819713876e-18,1.0204188980414906,0.007665524397368995,-9.2806814990709e-19,-0.0009850376833919513,0.9999998414882343,-1.4069124196313126e-19,-0.0005630484039780169,1.1850622336566535e-20
5.158,2.039748069732604,-5.439379146997776e-18,1.0204169298171712,0.007641956963518417,-9.222079588640062e-19,-0.0009831866129893778,0.9999998432487123,-1.485165803766586e-19,-0.0005599129842785477,1.3807874556752434e-20
5.16,2.0397633301861853,-5.441217448507201e-18,1.0204149652918524,0.0076185170426239235,-9.160426179142214e-19,-0.0009813386830237216,0.9999998449923205,-1.5630483449002264e-19,-0.0005567902063845231,1.5760092398693632e-20
5.162,2.039778543886999,-5.4430431154559026e-18,1.0204130044592568,0.00759520411295373,-9.09573639434481e-19,-0.0009794938900923298,0.9999998467191753,-1.6405599051099886e-19,-0.0005536800744269763,1.7365032477195774e-20
5.164,2.0397937110885054,-5.444855542075238e-18,1.0204110473131136,0.0075720176527283595,-9.02802528752597e-19,-0.0009776522307863664,0.9999998484293927,-1.7177022187793879e-19,-0.0005505825920387703,1.862392402791649e-20
5.166,2.039808832043122,-5.446654125600265e-18,1.020409093847159,0.007548957140140125,-8.957307842072487e-19,-0.0009758137016908016,0.9999998501230885,-1.794478915625282e-19,-0.0005474977623584025,1.9879842513866606e-20
5.168,2.0398239070022215,-5.4484382662556334e-18,1.020407144055136,0.0075260220533724595,-8.883598970209547e-19,-0.0009739782993844274,0.9999998518003782,-1.8708936149106037e-19,-0.0005444255880337988,2.1475456300552368e-20
5.17,2.0398389362161344,-5.4502073672412315e-18,1.0204051979307946,0.0075032118706191,-8.80691351237321e-19,-0.0009721460204398779,0.9999998534613773,-1.9469461732094104e-19,-0.0005413660712260967,2.3067704868945758e-20
5.172,2.039853919934147,-5.451960834717965e-18,1.0204032554678912,0.007480526070103109,-8.727266238279928e-19,-0.0009703168614236251,0.9999998551062013,-2.0226401594009328e-19,-0.0005383192136134176,2.4998851401034165e-20
5.174,2.039868858404502,-5.453698077793508e-18,1.0204013166601895,0.007457964130095748,-8.644671845734718e-19,-0.0009684908188959986,0.9999998567349649,-2.0979754509205358e-19,-0.000535285016394627,2.6925025033498603e-20
5.176,2.0398837518743984,-5.455418508508115e-18,1.02039938150146,0.007435525528935207,-8.559144962890584e-19,-0.0009666678894111887,0.9999998583477834,-2.1729537368666628e-19,-0.0005322634802930833,2.8846237502051457e-20
5.178,2.039898600589993,-5.4571215418206716e-18,1.0203974499854802,0.007413209745045177,-8.470700148205778e-19,-0.0009648480695172595,0.999999859944771,-2.247578547312794e-19,-0.0005292546055603761,3.110597412778565e-20
5.18,2.039913404796398,-5.458806595594748e-18,1.0203955221060343,0.007391016256953266,-8.3793518899996465e-19,-0.0009630313557561756,0.9999998615260425,-2.321849747754443e-19,-0.0005262583919800518,3.336077105346936e-20
5.182,2.039928164737684,-5.4604730905846655e-18,1.0203935978569134,0.00736894454330928,-8.285114607501102e-19,-0.0009612177446637851,0.9999998630917117,-2.395769011316277e-19,-0.0005232748388713275,3.561023382167864e-20
5.184,2.039942880656879,-5.462120450421748e-18,1.0203916772319157,0.007346994082903343,-8.188002651848161e-19,-0.0009594072327698816,0.9999998646418927,-2.469337995156838e-19,-0.0005203039450927951,3.785437502878245e-20
5.186,2.039957552795968,-5.46374810160072e-18,1.0203897602248462,0.007325164354683873,-8.088030305016992e-19,-0.0009575998165981924,0.9999998661766992,-2.542561962951362e-19,-0.0005173457090461119,4.077812388443512e-20
5.188,2.039972181395895,-5.465355473465658e-18,1.020387846829517,0.007303454837775411,-7.985211779788307e-19,-0.0009557954926663932,0.9999998676962446,-2.6154372132139704e-19,-0.0005144001286796813,4.335269751225121e-20
5.19,2.039986766696561,-5.466941998196562e-18,1.0203859370397472,0.007281865011496297,-7.879561221908622e-19,-0.00095399425748613,0.9999998692006419,-2.6879636388631187e-19,-0.0005114672014923198,4.523585604210474e-20
5.192,2.040001308936828,-5.468507110796058e-18,1.0203840308493628,0.007260394355376207,-7.771092712762908e-19,-0.0009521961075630543,0.999999870690004,-2.7601498745456987e-19,-0.0005085469245369133,4.77998838709741e-20
5.194,2.040015808354515,-5.47005046423046e-18,1.0203821282521965,0.007239042349173531,-7.664123349941617e-19,-0.0009504010393968342,0.9999998721644433,-2.503032176945209e-19,-0.0005056392944240608,4.900392764792376e-20
5.196,2.040030265186402,-5.4715735779114445e-18,1.0203802292420885,0.007217808472892619,-7.568329466152911e-19,-0.000948609049481167,0.9999998736240723,-2.5211169124561444e-19,-0.0005027443073257073,4.7108093326983904e-20
5.198,2.0400446796682297,-5.473076960016747e-18,1.0203783338128858,0.007196692206800872,-7.466448714478488e-19,-0.0009468201343038126,0.9999998750690027,-2.429594131472782e-19,-0.0004998619589787651,4.522145035780906e-20
5.2,2.0400590520346986,-5.4745609739872684e-18,1.0203764419584425,0.007175693031445687,-7.374646132613403e-19,-0.0009450342903466217,0.9999998764993463,-2.393199217602148e-19,-0.0004969922446887206,4.2993874581610774e-20
5.202,2.040073382519471,-5.4760259451980005e-18,1.0203745536726194,0.007154810427671264,-7.275661399520427e-19,-0.0009432515140855499,0.9999998779152143,-2.35697841180137e-19,-0.0004941351593332317,4.1114237483145677e-20
5.204,2.0400876713551708,-5.477472089951225e-18,1.020372668949285,0.007134043876635265,-7.1878147967596e-19,-0.0009414718019906795,0.9999998793167176,-2.156451725626453e-19,-0.0004912906973657115,3.924718037410245e-20
5.206,2.0401019187733853,-5.4789008418210846e-18,1.0203707877823143,0.007113392859825326,-7.1002919879396585e-19,-0.0009396951505262646,0.999999880703967,-2.1213699147154746e-19,-0.0004884588528189013,4.0803060033820566e-20
5.208,2.040116125004665,-5.480312802871342e-18,1.0203689101655897,0.007092856859075432,-7.020621841285561e-19,-0.000937921556150738,0.9999998820770727,-1.97693626999675e-19,-0.00048563961930843017,4.304551520214958e-20
5.21,2.040130290278524,-5.48170885894999e-18,1.0203670360930004,0.007072435356582145,-6.939087102303855e-19,-0.0009361510153167542,0.9999998834361445,-2.1071698950275596e-19,-0.0004828329900363628,4.1842719107800297e-20
5.212,2.040144414823441,-5.483088099415886e-18,1.020365165558443,0.007052127834920691,-6.852469753744982e-19,-0.0009343835244712059,0.9999998847812923,-2.2367793796966743e-19,-0.00048003895779473487,3.927214469901799e-20
5.214,2.040158498866861,-5.484449725423076e-18,1.020363298555821,0.007031933777060904,-6.764022305616622e-19,-0.0009326190800552629,0.9999998861126251,-2.0916517265452134e-19,-0.0004772575149690775,3.809148441172042e-20
5.216,2.0401725426351947,-5.4857946276110875e-18,1.0203614350790453,0.007011852666383033,-6.685585652334191e-19,-0.0009308576785044014,0.9999998874302519,-1.947220257866849e-19,-0.00047448865354192675,3.8626508385362805e-20
5.218,2.0401865463538202,-5.487123799487366e-18,1.0203595751220336,0.006991883986693401,-6.605280351140166e-19,-0.0009290993162484234,0.9999998887342811,-2.0775911947319696e-19,-0.00047173236509632247,3.674942447756102e-20
5.22,2.0402005102470837,-5.488436401064842e-18,1.0203577186787107,0.006972027222239934,-6.519886708491313e-19,-0.0009273439897115034,0.9999998900248208,-2.2073407090408174e-19,-0.00046898864081929584,3.4191076894837606e-20
5.222,2.0402144345383,-5.48973141719988e-18,1.020355865743009,0.0069522818577275386,-6.429429952044525e-19,-0.0009255916953122182,0.9999998913019786,-2.3364765593924917e-19,-0.00046625747150534234,3.198065846544651e-20
5.224,2.040228319449755,-5.491008052936221e-18,1.0203540163088676,0.006932647378333348,-6.338238264942432e-19,-0.000923842429463583,0.999999892565862,-2.1360547493379651e-19,-0.00046353884755988235,3.1847613588530734e-20
5.226,2.0402421652027036,-5.492267776334746e-18,1.0203521703702332,0.006913123269721829,-6.260300359015194e-19,-0.0009220961885730623,0.9999998938165778,-1.8817636794723868e-19,-0.0004608327590027115,3.308723807138618e-20
5.228,2.0402559720173743,-5.4935122996155706e-18,1.0203503279210593,0.0068937090180597495,-6.184794844757656e-19,-0.0009203529690426353,0.9999998950542326,-1.9027930278402754e-19,-0.00045813919547143595,3.122771838748271e-20
5.23,2.040269740112967,-5.4947416408729696e-18,1.020348488955307,0.006874404110031005,-6.108480778725679e-19,-0.0009186127672688183,0.9999998962789325,-1.9237209642368638e-19,-0.00045545814622489667,2.902994851901716e-20
5.232,2.040283469707656,-5.495955638804426e-18,1.020346653466944,0.006855208032851316,-6.031362235651035e-19,-0.0009168755796426864,0.9999998974907831,-1.944554260586269e-19,-0.0004527896001465798,2.786456356673362e-20
5.234,2.040297161018591,-5.497154132920162e-18,1.0203448214499462,0.006836120274282781,-5.953443268515137e-19,-0.0009151414025499517,0.9999998986898897,-1.965287165781057e-19,-0.0004501335457480157,2.635928305432864e-20
5.236,2.0403108142618978,-5.498336963539037e-18,1.0203429928982957,0.006817140322648296,-5.874727911203179e-19,-0.0009134102323709536,0.9999998998763572,-1.985921682380138e-19,-0.00044748997117216544,2.4856761811380878e-20
5.238,2.0403244296526784,-5.4995039717848346e-18,1.0203411678059824,0.0067982676668458435,-5.7952201791877625e-19,-0.0009116820654807186,0.9999999010502899,-2.0064551926868806e-19,-0.0004448588641967921,2.2671670504859577e-20
5.24,2.040338007405014,-5.500654999582792e-18,1.0203393461670034,0.006779501796362638,-5.714924071434342e-19,-0.0009099568982490041,0.9999999022117918,-2.026888151107905e-19,-0.00044224021223782285,1.980562707231529e-20
5.242,2.040351547731966,-5.501789889656272e-18,1.020337527975363,0.006760842201289141,-5.633843570711037e-19,-0.0009082347270403299,0.9999999033609666,-2.0472210068797521e-19,-0.0004396340023526958,1.6261463968332613e-20
5.244,2.040365050845575,-5.502908485523563e-18,1.020335713225073,0.006742288372332947,-5.551982642582662e-19,-0.000906515548214019,0.9999999044979172,-2.0674587731370775e-19,-0.0004370402212436954,1.3068366645190499e-20
5.246,2.0403785169568645,-5.504010631494071e-18,1.0203339019101518,0.006723839800832526,-5.469345233113562e-19,-0.0009047993581242285,0.9999999056227463,-2.087601896950654e-19,-0.0004344588552612733,1.0225502940674364e-20
5.248,2.0403919462758418,-5.505096172664475e-18,1.020332094024626,0.00670549597877084,-5.385935268622005e-19,-0.000903086153120017,0.9999999067355562,-2.1076463657240938e-19,-0.0004318898904073586,6.704058479831e-21
5.25,2.040405339011498,-5.506165170068408e-18,1.020330289562529,0.006687256398788828,-5.304983959384646e-19,-0.0009013759295453615,0.9999999078364484,-1.9082982279836463e-19,-0.00042933331233865424,4.571081604779118e-21
5.252,2.04041869537181,-5.507218796400211e-18,1.0203284885179016,0.006669120554198754,-5.229708244490658e-19,-0.0008996686837391959,0.9999999089255244,-2.0388603215464843e-19,-0.0004267891063699191,4.826835998067957e-21
5.2540000000000004,2.0404320155637437,-5.508255995311964e-18,1.0203266908847917,0.006651087938997428,-5.140714657035058e-19,-0.0008979644120354891,0.9999999100028849,-2.278325164377042e-19,-0.00042425725747724063,5.076512154546029e-21
5.256,2.0404452997932516,-5.509275428768068e-18,1.020324896657255,0.006633158047879294,-5.055288412829774e-19,-0.0008962631107632392,0.9999999110686303,-2.0232209087959808e-19,-0.0004217377503012901,5.00389484546159e-21
5.258,2.0404585482652777,-5.510278778206347e-18,1.020323105829354,0.00661533037624939,-4.979866568975352e-19,-0.0008945647762465542,0.9999999121228604,-1.7693231238842606e-19,-0.0004192305691505694,4.246102656824834e-21
5.26,2.0404717611837566,-5.5112678244150296e-18,1.0203213183951594,0.006597604420236174,-4.910096710957609e-19,-0.0008928694048046834,0.9999999131656746,-1.845596876288903e-19,-0.00041673569800464134,6.5598382720065205e-21
5.2620000000000005,2.040484938751616,-5.512242259541401e-18,1.0203195343487483,0.006579979676704227,-4.834115847804983e-19,-0.0008911769927520618,0.9999999141971717,-1.9216406178015753e-19,-0.00041425312051734774,9.210754162278543e-21
5.264,2.0404980811707794,-5.51320163335483e-18,1.0203177536842059,0.0065624556432668235,-4.760562554500743e-19,-0.0008894875363983561,0.9999999152174502,-1.777876455818015e-19,-0.00041178282002001686,8.437871205613333e-21
5.266,2.040511188642164,-5.514146861249943e-18,1.0203159763956242,0.006545031818298373,-4.6926522079545235e-19,-0.0008878010320485107,0.9999999162266081,-1.6347881203613681e-19,-0.00040932477952465373,6.2965679011581094e-21
5.268,2.0405242613656864,-5.515078961456912e-18,1.020314202477103,0.006527707700946738,-4.627129705626642e-19,-0.0008861174760027899,0.9999999172247429,-1.7665169741678044e-19,-0.0004068789817271213,6.547736453569557e-21
5.2700000000000005,2.0405372995402615,-5.515996939476136e-18,1.0203124319227495,0.006510482791145419,-4.552151592003186e-19,-0.0008844368645568166,0.9999999182119514,-1.952447224517546e-19,-0.00040444540901030546,6.796092733155495e-21
5.272,2.0405503033638053,-5.516899733364057e-18,1.0203106647266782,0.0064933565896256205,-4.476369073950913e-19,-0.0008827591940016376,0.9999999191883302,-1.8634856939743783e-19,-0.0004020240434472696,4.3136699783285756e-21
5.274,2.0405632730332357,-5.5177877207850034e-18,1.0203089008830108,0.006476328597928185,-4.404084165057387e-19,-0.0008810844606237705,0.9999999201539752,-1.7749513116509677e-19,-0.0003996148668043939,3.2069575774269993e-21
5.276,2.0405762087444743,-5.51866159953901e-18,1.020307140385877,0.006459398318415406,-4.3352796601410482e-19,-0.0008794126607052279,0.9999999211089818,-1.6868379599943585e-19,-0.0003972178605445024,2.445116540065349e-21
5.2780000000000005,2.0405891106924487,-5.51952206399312e-18,1.0203053832294133,0.00644256525428271,-4.2699384346845537e-19,-0.0008777437905235875,0.9999999220534451,-1.5991381874261417e-19,-0.00039483300582997683,6.570899445320855e-22
5.28,2.0406019790710936,-5.520369805097839e-18,1.0203036294077643,0.006425828909570225,-4.2080434485212107e-19,-0.0008760778463520261,0.9999999229874594,-1.5118513429757203e-19,-0.00039246028352585716,-1.8124344509375782e-21
5.282,2.040614814073353,-5.521205510404008e-18,1.0203018789150815,0.006409188789174211,-4.1495777442890094e-19,-0.0008744148244593784,0.9999999239111187,-1.4249795126245788e-19,-0.0003900996742029295,-3.934263126316648e-21
5.284,2.0406276158911805,-5.522029864079e-18,1.020300131745524,0.00639264439885838,-4.094524444291393e-19,-0.0008727547211101891,0.9999999248245163,-1.3385234257912073e-19,-0.0003877511581408001,-5.023085180919381e-21
5.2860000000000005,2.040640384715543,-5.52284354692231e-18,1.0202983878932586,0.0063761952452650855,-4.042866747105662e-19,-0.0008710975325647487,0.9999999257277452,-1.2524824920779569e-19,-0.0003854147153309551,-4.738281674631157e-21
5.288,2.0406531207364216,-5.5236472363806925e-18,1.0202966473524593,0.006359840835926396,-3.99458792671722e-19,-0.0008694432550791537,0.999999926620898,-1.1668508100200376e-19,-0.00038309032547981074,-4.111092784731085e-21
5.29,2.040665824142813,-5.5244416065634204e-18,1.0202949101173078,0.00634358067927504,-3.949671334713946e-19,-0.0008677918849053384,0.9999999275040663,-1.0816251281002988e-19,-0.0003807779680117453,-3.485397581207495e-21
5.292,2.0406784951227315,-5.525227328257947e-18,1.0202931761819931,0.006327414284655233,-3.908100401444702e-19,-0.0008661434182911481,0.9999999283773416,-9.968074356411557e-20,-0.00037847762207212184,-1.833208287100767e-21
5.2940000000000005,2.0406911338632114,-5.526005068945428e-18,1.020291445540712,0.006311341162333391,-3.8698586326701913e-19,-0.0008644978514803792,0.9999999292408148,-9.123945605242874e-20,-0.00037618926653029683,5.011927843369074e-22
5.296,2.040703740550309,-5.526775492815707e-18,1.0202897181876687,0.006295360823508709,-3.8349296106199045e-19,-0.0008628551807128242,0.9999999300945761,-8.283806904960085e-20,-0.00037391287998261304,2.488204357748728e-21
5.298,2.040716315369102,-5.527539260782985e-18,1.0202879941170746,0.006279472780323634,-3.803296996486172e-19,-0.0008612154022243455,0.9999999309387153,-7.447626379531673e-20,-0.0003716484407553815,3.785176264001263e-21
5.3,2.040728858503696,-5.528297030501662e-18,1.0202862733231493,0.006263676545874213,-3.7749445306525294e-19,-0.0008595785122468931,0.9999999317733218,-6.615423448090572e-20,-0.00036939592690785045,5.4209161549361205e-21
5.3020000000000005,2.040741370137221,-5.5290494563818715e-18,1.0202845558001192,0.0062479716342203236,-3.749856030153951e-19,-0.0008579445070085762,0.9999999325984841,-5.787166727014794e-20,-0.00036715531623515935,7.05277188035904e-21
5.304,2.0407538504518388,-5.529797189604848e-18,1.0202828415422187,0.006232357560395785,-3.7280153891685216e-19,-0.0008563133827337194,0.9999999334142906,-4.9628246907717926e-20,-0.0003649265862712799,8.338091268311303e-21
5.306,2.04076629962874,-5.53054087813843e-18,1.0202811305436899,0.006216833840418358,-3.7094065792260475e-19,-0.0008546851356428997,0.9999999342208289,-4.142391325673455e-20,-0.0003627097142919458,9.620357166387949e-21
5.308,2.04077871784815,-5.531281166752407e-18,1.020279422798782,0.006201399991299619,-3.694013648382321e-19,-0.000853059761953007,0.9999999350181862,-3.325823178055813e-20,-0.0003605046773175655,1.0214660143576416e-20
5.3100000000000005,2.0407911052893275,-5.532018697033913e-18,1.0202777183017517,0.006186055531054726,-3.6818207223284243e-19,-0.0008514372578772972,0.9999999358064491,-2.5131139740316858e-20,-0.0003583114521161253,1.0464886238053276e-20
5.312,2.0408034621305697,-5.532754107402957e-18,1.020276017046864,0.006170799978712065,-3.672812003682422e-19,-0.000849817619625436,0.9999999365857036,-1.7042576810656672e-20,-0.0003561300152060771,1.071491858397901e-20
5.314,2.040815788549212,-5.5334880331276016e-18,1.020274319028391,0.006155632854322783,-3.66697177006655e-19,-0.0008482008434035626,0.9999999373560353,-8.992361670280076e-21,-0.0003539603428592117,1.0964351544181367e-20
5.316,2.0408280847216314,-5.534221106338858e-18,1.0202726242406122,0.006140553678970205,-3.6642843732653844e-19,-0.0008465869254143341,0.9999999381175293,-9.804336520518386e-22,-0.00035180241110352196,1.1555441848828276e-20
5.3180000000000005,2.040840350823248,-5.534953956045465e-18,1.020270932677815,0.006125561974779138,-3.6647342387832607e-19,-0.0008449758618569817,0.9999999388702699,6.993508010070402e-21,-0.0003496561957260498,1.2145530491665844e-20
5.32,2.040852587028527,-5.535687208148617e-18,1.0202692443342944,0.006110657264925065,-3.668305865956444e-19,-0.0008433676489273755,0.9999999396143413,1.4929525216937056e-20,-0.0003475216722757218,1.3076875156294366e-20
5.322,2.040864793510981,-5.5364214854567155e-18,1.020267559204353,0.006095839073643215,-3.674983826537785e-19,-0.0008417622828180493,0.9999999403498265,2.2827793867467895e-20,-0.00034539881606616887,1.4348666957324915e-20
5.324,2.0408769704431724,-5.537157407699665e-18,1.020265877282301,0.006081106926237537,-3.684752764813362e-19,-0.0008401597597182818,0.9999999410768087,3.0688732148939345e-20,-0.00034328760217853534,1.527518223186389e-20
5.3260000000000005,2.0408891179967155,-5.537895591543635e-18,1.020264198562456,0.00606646034908955,-3.697597398572387e-19,-0.0008385600758141396,0.9999999417953701,3.85122809361002e-20,-0.00034118800546427354,1.654175001052266e-20
5.328,2.0409012363422776,-5.538636650605578e-18,1.0202625230391438,0.006051898869667083,-3.71350251802275e-19,-0.0008369632272885232,0.9999999425055924,4.629885209149743e-20,-0.00033910000054792423,1.746345979773053e-20
5.33,2.040913325649583,-5.539381195467765e-18,1.020260850706697,0.006037422016532914,-3.732452985917375e-19,-0.0008353692103212345,0.999999943207557,5.4048503751929516e-20,-0.0003370235618298844,1.8383384341558874e-20
5.332,2.0409253860874137,-5.5401298336922125e-18,1.0202591815594566,0.006023029319353283,-3.7544337371573276e-19,-0.0008337780210890223,0.9999999439013446,6.176152788305567e-20,-0.0003349586634891624,1.8958866482753726e-20
5.3340000000000005,2.0409374178236117,-5.54088316983516e-18,1.0202575155917708,0.006008720308906312,-3.779429778725851e-19,-0.0008321896557656367,0.9999999445870352,6.94376381845423e-20,-0.0003329052794861181,2.0560556090970823e-20
5.336,2.0409494210250827,-5.541641805461157e-18,1.0202558527979957,0.005994494517090307,-3.8074261862410604e-19,-0.0008306041105218809,0.9999999452647085,7.707700594976865e-20,-0.0003308633835651907,2.3186426806258718e-20
5.338,2.0409613958577966,-5.542406231580602e-18,1.0202541931724949,0.005980351476931946,-3.835180822383426e-19,-0.0008290213815256857,0.9999999459344435,6.275083915964031e-20,-0.0003288329492576128,2.2714858109744828e-20
5.34,2.040973342486791,-5.543175215853306e-18,1.0202525367096398,0.0059662907225943775,-3.8540887716546617e-19,-0.0008274414649421256,0.999999946596319,4.302289488343441e-20,-0.00032681394988411187,2.2584468552222336e-20
5.3420000000000005,2.0409852610761723,-5.543947531703076e-18,1.0202508834038093,0.00595231178938519,-3.8674260995699364e-19,-0.0008258643569335086,0.9999999472504126,2.3375139091609913e-20,-0.0003248063585575969,2.348238304221907e-20
5.344,2.0409971517891194,-5.544721744010562e-18,1.0202492332493902,0.005938414213764291,-3.8762858715969327e-19,-0.0008242900536594127,0.9999999478968021,4.2185944039847375e-20,-0.00032281014818583294,2.3362661109785302e-20
5.346,2.0410090147878845,-5.5454991125283434e-18,1.020247586240777,0.005924597533351672,-3.898983219612593e-19,-0.0008227185512767437,0.9999999485355642,6.0920123598793e-20,-0.0003208252914741013,2.461426423946614e-20
5.348,2.041020850233797,-5.546280855923437e-18,1.0202459423723715,0.0059108612869350685,-3.918235902231034e-19,-0.0008211498459397862,0.9999999491667753,5.215345217470614e-20,-0.0003188517609278475,2.3112799920632942e-20
5.3500000000000005,2.0410326582872647,-5.547066501262108e-18,1.0202443016385836,0.0058972050144775155,-3.938363961302275e-19,-0.0008195839338002744,0.9999999497905113,4.342846243914136e-20,-0.0003168895288553154,2.1271833385332927e-20
5.352,2.041044439107776,-5.547855542212622e-18,1.0202426640338307,0.005883628257124802,-3.9507603810050476e-19,-0.0008180208110074102,0.9999999504068475,3.474495000367804e-20,-0.00031493856737016594,1.9092981597660702e-20
5.354,2.0410561928539037,-5.548647045609436e-18,1.020241029552538,0.0058701305572128135,-3.9629919682031574e-19,-0.0008164604737079695,0.9999999510158586,2.611561305145423e-20,-0.00031299884839408685,1.691930484517786e-20
5.356,2.041067919683306,-5.549440190103351e-18,1.0202393981891382,0.005856711458274781,-3.9664568555424546e-19,-0.0008149029180463106,0.9999999516176189,-4.403892330625947e-21,-0.0003110703436593849,1.714336468212535e-20
5.3580000000000005,2.041079619752729,-5.5502329393070465e-18,1.0202377699380722,0.005843370505048414,-3.9612000481302505e-19,-0.0008133481401644469,0.999999952212202,-7.365373016916026e-21,-0.0003091530247115675,1.600439153132056e-20
5.36,2.0410912932180105,-5.551024988135964e-18,1.0202361447937882,0.005830107243482947,-3.9601703492071276e-19,-0.0008117961362021068,0.9999999527996809,6.391499633913686e-22,-0.00030724686291190844,1.5556829107963368e-20
5.362,2.0411029402340803,-5.5518168570261556e-18,1.0202345227507421,0.00581692122074607,-3.9579629831172255e-19,-0.0008102469022967802,0.9999999533801285,-7.855864847651531e-21,-0.0003053518294400036,1.7847367749889443e-20
5.364,2.0411145609549646,-5.552607951672778e-18,1.0202329038033977,0.005803811985230766,-3.9524305462732166e-19,-0.0008087004345837724,0.9999999539536166,-1.631061804635719e-20,-0.0003034678952963099,2.0132889281251495e-20
5.3660000000000005,2.041126155533787,-5.5533976087053545e-18,1.0202312879462265,0.005790779086562043,-3.943589462694376e-19,-0.0008071567291962665,0.999999954520217,-2.472561263954953e-20,-0.0003015950313046735,2.344017146626221e-20
5.368,2.041137724122772,-5.554185383181955e-18,1.0202296751737077,0.005777822075603572,-3.9357591118829593e-19,-0.0008056157822653698,0.9999999550800004,-5.686881961194301e-21,-0.0002997332081148435,2.366474747046301e-20
5.37,2.041149266873247,-5.55497251784148e-18,1.0202280654803282,0.005764940504464217,-3.934316699839131e-19,-0.0008040775899201639,0.9999999556330375,-1.9633076672071198e-20,-0.00029788239620497136,2.113722037318455e-20
5.372,2.0411607839356445,-5.555757990972824e-18,1.0202264588605827,0.00575213392650447,-3.9198653284775764e-19,-0.0008025421482877764,0.999999956179398,-3.351283697045216e-20,-0.00029604256588410015,1.758811631255265e-20
5.3740000000000006,2.0411722754595054,-5.5565408928244735e-18,1.0202248553089739,0.005739401896342791,-3.910760574109866e-19,-0.0008010094534934165,0.9999999567191514,-1.441910524655829e-20,-0.0002942136872946373,1.6798062403251733e-20
5.376,2.0411837415934815,-5.557322362734411e-18,1.0202232548200119,0.005726743969861842,-3.903747060591415e-19,-0.0007994795016604488,0.9999999572523668,-1.734713318765648e-20,-0.0002923957304148156,1.908777461862222e-20
5.378,2.0411951824853367,-5.5581023153847475e-18,1.0202216573882144,0.005714159704214632,-3.8955888846888445e-19,-0.0007979522889104197,0.9999999577791123,-2.0261390758889712e-20,-0.00029058866506114113,2.171472292110829e-20
5.38,2.041206598281951,-5.55888052240896e-18,1.0202200630081073,0.005701648657830556,-3.886291701456028e-19,-0.0007964278113631345,0.9999999582994558,-2.3162043452959894e-20,-0.0002887924608908267,2.5020363228788115e-20
5.382,2.041217989129322,-5.559656756568693e-18,1.020218471674224,0.005689210390421345,-3.87586113733145e-19,-0.0007949060651367007,0.9999999588134645,-2.6048960161012623e-20,-0.00028700708740421357,2.831817007796607e-20
5.384,2.041229355172569,-5.560430791748114e-18,1.0202168833811058,0.0056768444629869165,-3.86430279169477e-19,-0.0007933870463475899,0.9999999593212051,-2.8922302767170306e-20,-0.00028523251394717834,3.1950011213243664e-20
5.386,2.041240696555934,-5.561202402948609e-18,1.020215298123302,0.005664550437821131,-3.8516222370447383e-19,-0.0007918707511106902,0.9999999598227439,-3.1782038820417e-20,-0.00028346870971352866,3.557324566790189e-20
5.388,2.0412520134227843,-5.561971366283378e-18,1.0202137158953688,0.005652327878517453,-3.8378250192100997e-19,-0.0007903571755393588,0.9999999603181466,-3.462823268737232e-20,-0.00028171564374738383,3.9187893840451045e-20
5.39,2.041263305915617,-5.562737458972166e-18,1.020212136691871,0.005640176349974515,-3.8229166578323137e-19,-0.0007888463157454638,0.9999999608074785,-3.746104496332472e-20,-0.0002799732849455427,4.313663749490655e-20
5.392,2.0412745741760596,-5.563500566911658e-18,1.0202105605073812,0.005628095418401594,-3.807978403306093e-19,-0.0007873381678394427,0.9999999612908042,-2.931412379284883e-20,-0.00027824160205983914,4.296715627220601e-20
5.394,2.041285818344873,-5.564260971178225e-18,1.0202089873364792,0.005616084651323991,-3.7962359888000207e-19,-0.0007858327279303861,0.9999999617681876,-3.765299203534901e-20,-0.00027652056369948394,4.073833890564786e-20
5.396,2.041297038561955,-5.565018412727535e-18,1.020207417173753,0.005604143617588313,-3.777995231743682e-19,-0.000784329992126038,0.9999999622396926,-4.046993024834976e-20,-0.00027481013833339276,3.920164924995649e-20
5.398,2.0413082349663423,-5.5657726350027476e-18,1.0202058500137983,0.0055922718873676735,-3.765119878841701e-19,-0.0007828299565328994,0.9999999627053823,-2.682566220174863e-20,-0.00027311029429250255,3.7330462813144996e-20
5.4,2.041319407696213,-5.566524422162882e-18,1.0202042858512184,0.005580469032166793,-3.7522063591081865e-19,-0.0007813326172562364,0.9999999631653191,-3.516368945104255e-20,-0.0002714209997720731,3.648570151791917e-20
5.402,2.04133055688889,-5.5672733001772674e-18,1.0202027246806247,0.005568734624827011,-3.7360310073058673e-19,-0.0007798379704001728,0.9999999636195653,-4.346209042877423e-20,-0.0002697422228339767,3.529947456518297e-20
5.404,2.041341682680843,-5.568018618293916e-18,1.0202011664966364,0.0055570682395312074,-3.7166099555029793e-19,-0.0007783460120677079,0.9999999640681825,-5.1721053604386727e-20,-0.00026807393140897433,3.3773403584595065e-20
5.406,2.0413527852076916,-5.56875972897963e-18,1.0201996112938803,0.005545469451808634,-3.6939592596661436e-19,-0.0007768567383607995,0.9999999645112314,-5.994085684381555e-20,-0.00026641609329897917,3.2250143308622084e-20
5.408,2.041363864604207,-5.569495987904864e-18,1.0201980590669908,0.005533937838539655,-3.668094900474441e-19,-0.0007753701453804066,0.9999999649487729,-6.812150189715921e-20,-0.0002647686761793058,3.0045582592383605e-20
5.41,2.0413749210043166,-5.570226753928711e-18,1.0201965098106105,0.005522472977960404,-3.639032783552838e-19,-0.0007738862292265287,0.9999999653808669,-7.626335594867115e-20,-0.0002631316476009069,2.784625307955439e-20
5.412,2.0413859545411053,-5.57095138908386e-18,1.0201949635193897,0.005511074449667343,-3.606788739209292e-19,-0.0007724049859982668,0.9999999658075729,-8.436660297607152e-20,-0.0002615049749925998,2.565214236646423e-20
5.414,2.041396965346818,-5.571669258561532e-18,1.0201934201879863,0.005499741834621741,-3.571378522513503e-19,-0.0007709264117938904,0.99999996622895,-9.243142608445594e-20,-0.0002598886256632743,2.3463238079062697e-20
5.416,2.0414079535528633,-5.572379730696474e-18,1.0201918798110663,0.0054884747151540654,-3.532817813923876e-19,-0.0007694505027108643,0.9999999666450567,-1.0045773924834126e-19,-0.0002582825668040921,2.0251543625782596e-20
5.418,2.041418919289816,-5.573082392103302e-18,1.0201903423833034,0.005477272674968279,-3.495425241622284e-19,-0.0007679772548459107,0.9999999670559511,-7.555120353429697e-20,-0.00025668676549067205,1.9796443068651513e-20
5.42,2.0414298626874197,-5.57377891128229e-18,1.020188807899379,0.005466135299146061,-3.4710300771294305e-19,-0.0007665066642950628,0.9999999674616906,-6.719838030505149e-20,-0.0002551011886852615,2.276480217657011e-20
5.422,2.0414407838745894,-5.5744701606798036e-18,1.0201872763539823,0.005455062174150933,-3.4402147411715935e-19,-0.0007650387271537199,0.9999999678623325,-7.533203701734411e-20,-0.0002535258032388963,2.229612278574639e-20
5.424,2.0414516829794143,-5.5751552166597315e-18,1.0201857477418104,0.005444052887832306,-3.4094570085834036e-19,-0.0007635734395166802,0.999999968257933,-8.342704226989203e-20,-0.00025196057589354647,2.1485898295350147e-20
5.426,2.0414625601291605,-5.5758335168127065e-18,1.0201842220575683,0.005433107029429439,-3.373376151940208e-19,-0.0007621107974782282,0.9999999686485485,-8.600100191518149e-20,-0.00025040547328424945,2.033672580238552e-20
5.428,2.0414734154502745,-5.576504931979126e-18,1.0201826992959686,0.005422224189575316,-3.3406079419228953e-19,-0.0007606507971321378,0.9999999690342343,-8.856266495302778e-20,-0.0002488604619412309,1.8848430172390256e-20
5.43,2.041484249068385,-5.577169262452097e-18,1.020181179451732,0.005411403960300435,-3.302530012384011e-19,-0.0007591934345717624,0.9999999694150455,-9.111226726845078e-20,-0.0002473255082920123,1.7706325848879594e-20
5.432,2.0414950611083067,-5.577826237886543e-18,1.0201796625195865,0.00540064593503652,-3.267776367314978e-19,-0.0007577387058900665,0.9999999697910368,-9.363677990466995e-20,-0.00024580057866350444,1.65665279107015e-20
5.434,2.041505851694042,-5.578475876643958e-18,1.0201781484942685,0.005389949708620147,-3.2288054407690735e-19,-0.000756286607179681,0.9999999701622623,-9.066648652502682e-20,-0.0002442856392840913,1.440279715525765e-20
5.436,2.0415166209487845,-5.57911830561964e-18,1.0201766373705219,0.005379314877296282,-3.1953198954366246e-19,-0.0007548371345329506,0.9999999705287754,-8.769718312447721e-20,-0.00024278065628569834,1.1901535860686055e-20
5.438,2.041527368994922,-5.579753544024741e-18,1.0201751291430985,0.005368741038721751,-3.1554644763035037e-19,-0.0007533902840419851,0.9999999708906296,-1.1215569890172753e-19,-0.00024128559570584917,1.2826161178208618e-20
5.44,2.041538095954039,-5.580380069005317e-18,1.020173623806758,0.005358227791968617,-3.109268987823585e-19,-0.0007519460517987105,0.9999999712478774,-1.1456760381963463e-19,-0.00023980042348970834,1.2382443060048136e-20
5.442,2.0415488019469192,-5.580997405423616e-18,1.0201721213562678,0.005347774737527478,-3.0632210170310874e-19,-0.000750504433894918,0.9999999716005711,-1.2793315408418768e-19,-0.0002383251054921134,1.1594487946732409e-20
5.444,2.041559487093549,-5.5816046857438434e-18,1.0201706217864028,0.005337381477310693,-3.009787905017545e-19,-0.000749065426422311,0.9999999719487622,-1.2478800275698093e-19,-0.0002368596074795928,1.2525635937524483e-20
5.446,2.04157015151312,-5.5822019431577354e-18,1.0201691250919465,0.00532704761465552,-2.9629909778087683e-19,-0.0007476290254725564,0.999999972292502,-1.271404297252954e-19,-0.00023540389513237067,1.3795532481574392e-20
5.448,2.0415807953240317,-5.582789174525273e-18,1.0201676312676895,0.005316772754327174,-2.9098867548510936e-19,-0.0007461952271373269,0.9999999726318415,-1.185166236954504e-19,-0.00023395793404636122,1.5408069791043245e-20
5.45,2.041591418643895,-5.583366771506344e-18,1.0201661403084306,0.005306556502521815,-2.86556868558494e-19,-0.0007447640275083657,0.9999999729668309,-1.263810524261215e-19,-0.00023252168973514735,1.5298813346044352e-20
5.452,2.0416020215895343,-5.583934262581329e-18,1.020164652208976,0.005296398466869453,-2.8095456013916284e-19,-0.0007433354226775148,0.99999997329752,-1.287514440501397e-19,-0.00023109512763194934,1.450576694763834e-20
5.454,2.0416126042769904,-5.584491607134839e-18,1.0201631669641402,0.005286298256436769,-2.764462790066887e-19,-0.0007419094087367772,0.9999999736239582,-1.2014590916588472e-19,-0.0002296782130915792,1.5773104973403146e-20
5.456,2.041623166821524,-5.585039446249087e-18,1.0201616845687456,0.005276255481729875,-2.714128256054594e-19,-0.0007404859817783545,0.9999999739461946,-1.1708943256424866e-19,-0.0002282709113923845,1.566552413168492e-20
5.458,2.041633709337619,-5.585578057833205e-18,1.0201602050176217,0.00526626975469698,-2.6725442752464e-19,-0.00073906513789471,0.9999999742642774,-1.08577779685821e-19,-0.0002268731877381765,1.5215972268366034e-20
5.46,2.041644231938983,-5.5861080758972805e-18,1.0201587283056066,0.005256340688730989,-2.6289084350134184e-19,-0.0007376468731785968,0.9999999745782548,-8.912823762812565e-20,-0.00022548500726014947,1.442812357539211e-20
5.462,2.0416547347385534,-5.58663099234739e-18,1.0201572544275457,0.0052464678986720295,-2.6025978575715554e-19,-0.000736231183723116,0.9999999748881744,-6.428839271875156e-20,-0.00022410633501878402,1.3986030193766684e-20
5.464,2.041665217848498,-5.5871485427285095e-18,1.0201557833782924,0.005236651000809895,-2.570936183939902e-19,-0.0007348180656217763,0.9999999751940832,-9.440520604825341e-20,-0.00022273713600574104,1.3875343631759735e-20
5.466,2.041675681380218,-5.587658581416663e-18,1.020154315152708,0.005226889612886419,-2.527490266259273e-19,-0.0007334075149685087,0.999999975496028,-1.2437931978422299e-19,-0.00022137737514574127,1.410759734206613e-20
5.468,2.041686125444353,-5.588158864968219e-18,1.0201528497456611,0.005217183354097772,-2.474469864686166e-19,-0.0007319995278577348,0.999999975794055,-1.322802422127098e-19,-0.00022002701729843216,1.0917963829885636e-20
5.47,2.0416965501507818,-5.5886486668083276e-18,1.0201513871520291,0.005207531845096691,-2.4226747531996786e-19,-0.0007305941003844157,0.9999999760882099,-1.4015653934115559e-19,-0.00021868602726024468,7.050164055195279e-21
5.472,2.041706955608625,-5.589127550256658e-18,1.0201499273666963,0.005197934707994627,-2.3667235759026113e-19,-0.0007291912286440813,0.9999999763785382,-1.2057017977373076e-19,-0.00021735436976623522,5.9384202447185546e-21
5.474,2.0417173419262507,-5.589596731023497e-18,1.0201484703845551,0.005188391566363826,-2.3270762012174917e-19,-0.000727790908732892,0.9999999766650847,-1.0107659566430164e-19,-0.00021603200949191627,4.487047026949559e-21
5.476,2.041727709211274,-5.590057884302551e-18,1.020147016200506,0.00517890204523934,-2.2842903006487824e-19,-0.0007263931367476807,0.9999999769478939,-1.0361941651578825e-19,-0.00021471891105507546,6.118317051952138e-21
5.478,2.0417380575705626,-5.590510920540308e-18,1.0201455648094568,0.005169465771120958,-2.2459065760429557e-19,-0.0007249979087859885,0.9999999772270098,-1.006675339904709e-19,-0.0002134150390175814,7.404238083616302e-21
5.48,2.0417483871102378,-5.590955929541791e-18,1.0201441162063236,0.005160082371975074,-2.203300704751647e-19,-0.0007236052209461189,0.9999999775024762,-1.0319908660086534e-19,-0.00021212035788717722,8.000213878399793e-21
5.482,2.041758697935679,-5.591392606757792e-18,1.0201426703860297,0.0051507514772364815,-2.1629480898935598e-19,-0.0007222150693271917,0.999999977774336,-1.0571842286064555e-19,-0.00021083483211926192,7.566794631189578e-21
5.484,2.041768990151526,-5.5918208278269416e-18,1.0201412273435069,0.0051414727178101,-2.1194571853695679e-19,-0.0007208274500291543,0.9999999780426323,-1.0274286522993863e-19,-0.00020955842611866012,5.423065705751993e-21
5.486,2.041779263861681,-5.5922409354172575e-18,1.0201397870736941,0.0051322457260726245,-2.0814546463529008e-19,-0.0007194423591528656,0.9999999783074073,-9.428547078204867e-20,-0.00020829110424137984,1.5722619030868002e-21
5.488,2.0417895191693134,-5.592653236120974e-18,1.0201383495715388,0.005123070135874117,-2.0403107974628794e-19,-0.000718059792800114,0.9999999785687028,-1.1875101471781815e-19,-0.0002070328307963572,-5.629597042090072e-22
5.49,2.0417997561768613,-5.59305631426253e-18,1.0201369148319956,0.005113945582539522,-1.9906709451144678e-19,-0.0007166797470736628,0.9999999788265604,-1.21171096306226e-19,-0.00020578357004718916,1.4225577807072071e-21
5.492,2.041809974986035,-5.593449873492138e-18,1.020135482850027,0.005104871702870115,-1.944405260698555e-19,-0.0007153022180773141,0.9999999790810213,-1.2357956697854264e-19,-0.0002045432862138554,2.718860156887751e-21
5.494,2.0418201756978194,-5.593833619230577e-18,1.0201340536206038,0.005095848135144885,-1.892896213184996e-19,-0.0007139272019159177,0.9999999793321261,-1.2596369999047717e-19,-0.00020331194347442588,4.354755802833893e-21
5.496,2.0418303584124784,-5.5942074021143926e-18,1.020132627138704,0.00508687451912185,-1.845853203176377e-19,-0.0007125546946954596,0.9999999795799152,-1.1737157794295937e-19,-0.00020208950596675918,7.01698928240917e-21
5.498,2.0418405232295562,-5.594571826367478e-18,1.0201312033993135,0.005077950496039304,-1.7978720576677777e-19,-0.0007111846925230519,0.9999999798244281,-1.2528038659355447e-19,-0.0002008759377901862,6.928290959567824e-21
5.5,2.0418506702478814,-5.594926560630728e-18,1.0201297823974262,0.0050690757086169986,-1.7511072576181296e-19,-0.0007098171915070148,0.9999999800657047,-1.057382302844372e-19,-0.000199671203007184,4.1032103948667655e-21
5.502,2.041860799565569,-5.5952728170282196e-18,1.0201283641280439,0.005060249801057261,-1.709860941409872e-19,-0.0007084521877569042,0.9999999803037838,-1.1917176287176179e-19,-0.00019847526564503701,4.018731138247892e-21
5.5040000000000004,2.0418709112800246,-5.5956096156442204e-18,1.0201269485861757,0.005051472419046043,-1.6568921913775908e-19,-0.0007070896773835598,0.9999999805387042,-1.2705916360903011e-19,-0.00019728808969748544,4.620870153309331e-21
5.506,2.0418810054879457,-5.595936231584254e-18,1.0201255357668388,0.005042743209753909,-1.6105467096103322e-19,-0.0007057296564991272,0.9999999807705041,-1.2942672801130172e-19,-0.00019610963912636346,5.90799080448834e-21
5.508,2.0418910822853267,-5.5962528035909624e-18,1.0201241256650582,0.005034061821836958,-1.5557364254137028e-19,-0.0007043721212171266,0.9999999809992215,-1.3178300384576578e-19,-0.00019493987786322397,6.848588710866597e-21
5.51,2.0419011417674597,-5.596559112911696e-18,1.0201227182758663,0.005025427905437681,-1.5075619967598914e-19,-0.0007030170676524673,0.9999999812248936,-1.2864566313253278e-19,-0.00019377876981095245,8.471726061643026e-21
5.5120000000000005,2.0419111840289395,-5.596855264261566e-18,1.020121313594304,0.005016841112185757,-1.454155743400439e-19,-0.000701664491921511,0.9999999814475578,-1.2552313380631958e-19,-0.00019262627884536932,9.748353867347686e-21
5.514,2.0419212091636654,-5.597141468820184e-18,1.020119911615419,0.005008301095198785,-1.4073750993511508e-19,-0.0007003143901421067,0.9999999816672507,-1.3339363891895097e-19,-0.00019148236881681992,1.1361689404079931e-20
5.516,2.041931217264844,-5.5974171471847064e-18,1.0201185123342675,0.004999807509082955,-1.348896242697251e-19,-0.0006989667584336159,0.9999999818840086,-1.467091544886585e-19,-0.00019034700355175313,1.1600321820303598e-20
5.518,2.041941208424993,-5.59768136422678e-18,1.0201171157459135,0.004991360009933654,-1.2927668533745656e-19,-0.000697621592916966,0.9999999820978674,-1.5994854951473596e-19,-0.00018922014685428758,1.1838397924198053e-20
5.5200000000000005,2.0419511827359433,-5.5979330831485026e-18,1.020115721845428,0.004982958255336017,-1.2228442451439e-19,-0.0006962788897146858,0.9999999823088629,-1.7311251089464601e-19,-0.000188101762507768,1.378882001302118e-20
5.522,2.0419611402888433,-5.5981712733265335e-18,1.0201143306278906,0.004974601904365409,-1.1607115940285409e-19,-0.0006949386449509557,0.9999999825170302,-1.5330512561992913e-19,-0.00018699181427630774,1.3342185945754465e-20
5.524,2.041971081174161,-5.59839734743419e-18,1.020112942088388,0.0049662906175878515,-1.0998844859179205e-19,-0.0006936008547516162,0.999999982722404,-1.5552151929863265e-19,-0.00018589026590632094,1.0493059696063906e-20
5.526,2.0419810054816856,-5.598611170477291e-18,1.0201115562220155,0.004958024057060389,-1.0382016367096031e-19,-0.0006922655152442443,0.9999999829250189,-1.5772733439939673e-19,-0.00018479708112804447,7.308027382007058e-21
5.5280000000000005,2.0419909133005336,-5.598812571737062e-18,1.020110173023875,0.004949801886331394,-9.75667337716473e-20,-0.0006909326225581578,0.999999983124909,-1.5992268351081508e-19,-0.00018371222365704446,4.130140529492649e-21
5.53,2.0420008047191494,-5.599001381350973e-18,1.020108792489077,0.0049416237704408145,-9.1228585996881e-20,-0.000689602172824493,0.9999999833221079,-1.6210749051397866e-19,-0.00018263565719571606,2.744654749243772e-22
5.532,2.0420106798253084,-5.599177430308734e-18,1.0201074146127396,0.004933489375920363,-8.48061454442191e-20,-0.0006882741621762051,0.9999999835166491,-1.6428268316668102e-19,-0.0001815673454347684,5.398687296439158e-22
5.534,2.0420205387061214,-5.599340550447674e-18,1.0201060393899881,0.004925398370793645,-7.829983462111783e-20,-0.0006869485867481187,0.9999999837085656,-1.6096486028148052e-19,-0.00018050725205469873,1.2072348183001003e-22
5.5360000000000005,2.0420303814480367,-5.599490932860789e-18,1.0201046668159561,0.0049173504245762336,-7.21400332751125e-20,-0.000685625442676972,0.99999998389789,-1.5218024112005805e-19,-0.0001794553407272577,4.6222324959362035e-23
5.538,2.042040208136843,-5.599629197569041e-18,1.0201032968857848,0.004909345208275682,-6.611005582216966e-20,-0.0006843047261014386,0.9999999840846546,-1.6538115356840617e-19,-0.00017841157511689956,3.05150371780953e-21
5.54,2.042050018857672,-5.5997547061912716e-18,1.0201019295946232,0.004901382394391487,-5.945607300125149e-20,-0.000682986433162181,0.9999999842688915,-1.5110620766354697e-19,-0.00017737591888222312,3.998590244368528e-21
5.542,2.0420598136950026,-5.599868150492786e-18,1.0201005649376276,0.004893461656914985,-5.411700894024071e-20,-0.0006816705600018732,0.9999999844506321,-1.3689912151436408e-19,-0.00017634833567740173,5.97059870290497e-21
5.5440000000000005,2.0420695927326626,-5.599970683800062e-18,1.0200992029099625,0.004885582671329204,-4.858049642591186e-20,-0.0006803571027652522,0.9999999846299077,-1.2275933132579742e-19,-0.00017532878915360099,7.596078410782445e-21
5.546,2.042079356053833,-5.600063417900624e-18,1.0200978435067998,0.004877745114608653,-4.413790257670566e-20,-0.0006790460575991371,0.9999999848067492,-1.3064241831879303e-19,-0.00017431724296038603,6.472558986154048e-21
5.548,2.042089103741049,-5.600145916132975e-18,1.0200964867233193,0.004869948665219053,-3.841650417072997e-20,-0.0006777374206524789,0.9999999849811874,-1.3301842146148868e-19,-0.00017331366074711728,4.666118951400073e-21
5.55,2.0420988358762053,-5.6002184242389564e-18,1.0200951325547083,0.004862193003117029,-3.4219566364529726e-20,-0.0006764311880763799,0.9999999851532522,-9.152285324162027e-20,-0.00017231800616433434,4.9275327483041315e-21
5.5520000000000005,2.042108552540558,-5.6002830881775146e-18,1.0200937809961619,0.004854477809749728,-3.0356070711039105e-20,-0.0006751273560241435,0.9999999853229737,-1.0502396017371891e-19,-0.00017133024286513079,5.864190300421693e-21
5.554,2.042118253814727,-5.600339496927192e-18,1.020092432042883,0.004846802768054397,-2.5964796068754068e-20,-0.0006738259206512966,0.9999999854903816,-1.1846118248983414e-19,-0.00017035033450651666,7.483956533391707e-21
5.556,2.0421279397786996,-5.600386597543154e-18,1.020091085690082,0.004839167562457904,-2.104835357949571e-20,-0.000672526878115635,0.999999985655505,-1.3183494070297223e-19,-0.00016937824475076827,1.0470535086078646e-20
5.558,2.042137610511834,-5.600423557439585e-18,1.020089741932977,0.004831571878876206,-1.5932065814180067e-20,-0.0006712302245772436,0.9999999858183727,-1.2321450780956267e-19,-0.00016841393726677048,1.0713275808110727e-20
5.5600000000000005,2.042147266092861,-5.6004507676505965e-18,1.0200884007667943,0.004824015404713763,-1.1370117304537209e-20,-0.0006699359561985516,0.9999999859790134,-1.2011734968421338e-19,-0.00016745737573134594,9.926530765685708e-21
5.562,2.042156906599889,-5.6004686885016185e-18,1.0200870621867668,0.004816497828862902,-6.606751593592624e-21,-0.0006686440691443424,0.9999999861374554,-1.1155223396001864e-19,-0.00016650852383057332,8.799500583892202e-21
5.564,2.0421665321104037,-5.6004779580454646e-18,1.020085726188136,0.004809018841703135,-2.82611920195327e-21,-0.0006673545595818005,0.9999999862937269,-8.658008464951945e-20,-0.00016556734526109484,8.364012876346434e-21
5.566,2.042176142701275,-5.600480107108017e-18,1.0200843927661507,0.004801578135100412,7.296532344673583e-22,-0.0006660674236805379,0.9999999864478551,-1.0558732714982288e-19,-0.00016463380373141461,9.978254745525011e-21
5.5680000000000005,2.0421857384487563,-5.600474220496406e-18,1.0200830619160675,0.004794175402406338,5.0296746373929136e-21,-0.0006647826576126383,0.9999999865998677,-9.70910968595413e-20,-0.00016370786296318314,8.851899960465147e-21
5.57,2.0421953194284908,-5.600460822220137e-18,1.0200817336331502,0.0047868103384573315,8.241666297114976e-21,-0.0006635002575526717,0.9999999867497914,-8.864808134393144e-20,-0.000162789486692473,7.38473649356653e-21
5.572,2.0422048857155115,-5.6004404688368775e-18,1.020080407912671,0.0047794826395737375,1.2200277555938158e-20,-0.0006622202196777394,0.9999999868976531,-1.0767139006463994e-19,-0.00016187863867104477,8.31561939139709e-21
5.574,2.042214437384246,-5.600411741409121e-18,1.0200790847499093,0.004772192003558888,1.668683734432732e-20,-0.0006609425401674975,0.9999999870434791,-1.2660451816345836e-19,-0.00016097528266759896,9.244709742273594e-21
5.5760000000000005,2.04222397450852,-5.600373227393003e-18,1.020077764140152,0.004764938129698116,2.191456249768663e-20,-0.0006596672152042084,0.9999999871872955,-1.235173921402178e-19,-0.00016007938246902022,9.14674555744979e-21
5.578,2.0422334971615577,-5.6003247401262895e-18,1.020076446078694,0.004757720718757719,2.669595684301723e-20,-0.0006583942409727423,0.9999999873291283,-1.423623476869932e-19,-0.00015919090188161095,9.730827398930333e-21
5.58,2.042243005415987,-5.600265090040992e-18,1.0200751305608375,0.004750539472983878,3.307679677418195e-20,-0.0006571236136606101,0.9999999874690029,-1.6660054787928974e-19,-0.00015830980473231172,1.0312659834936659e-20
5.582,2.0422524993438413,-5.600192664085477e-18,1.0200738175818926,0.004743394096101527,3.93276428314727e-20,-0.0006558553294580278,0.9999999876069443,-1.6331071119770725e-19,-0.00015743605486991346,9.527223242077634e-21
5.5840000000000005,2.0422619790165637,-5.6001074352595716e-18,1.0200725071371768,0.004736284293313171,4.5879769149216976e-20,-0.0006545893845579134,0.9999999877429776,-1.600364680283488e-19,-0.00015656961616625881,8.744460287817545e-21
5.586,2.042271444505009,-5.600009663092819e-18,1.0200711992220153,0.004729209771297667,5.187108517734918e-20,-0.0006533257751559365,0.9999999878771275,-1.5677774671236862e-19,-0.00015571045251743128,7.963552392164505e-21
5.588,2.042280895879447,-5.599899677476224e-18,1.020069893831741,0.00472217023820895,5.805754685446051e-20,-0.0006520644974505274,0.9999999880094181,-1.480649376659803e-19,-0.0001548585278449373,7.528008245816387e-21
5.59,2.042290333209564,-5.599778200435383e-18,1.0200685909616942,0.004715165403674719,6.32552051040615e-20,-0.0006508055476429254,0.9999999881398737,-1.2294568629059823e-19,-0.00015401380609687492,7.096041143663501e-21
5.5920000000000005,2.0422997565644683,-5.599646918425986e-18,1.020067290607223,0.004708194978795072,6.800664184247675e-20,-0.0006495489219372038,0.999999988268518,-1.1986242755503693e-19,-0.00015317625124909215,3.920422470286911e-21
5.594,2.042309166012692,-5.599506255277344e-18,1.0200659927636828,0.0047012586761410995,7.263643985259036e-20,-0.0006482946165402836,0.9999999883953744,-1.1679356855091815e-19,-0.00015234582730633782,-6.179088883765599e-22
5.596,2.042318561622193,-5.599356561244934e-18,1.020064697426437,0.004694356209753437,7.69300462794066e-20,-0.00064704262766199,0.9999999885204662,-9.729244322964462e-20,-0.00015152249830339878,1.0249281372771976e-21
5.598,2.0423279434603594,-5.5991990813799024e-18,1.020063404590856,0.004687487295140764,8.056622475148482e-20,-0.0006457929515150523,0.9999999886438163,-1.0528358916712469e-19,-0.00015070622830622935,1.9743899714968947e-21
5.6000000000000005,2.042337311594011,-5.599033549448338e-18,1.0200621142523187,0.004680651649278267,8.49460068929751e-20,-0.0006445455843151452,0.9999999887654475,-1.0227132015643192e-19,-0.0001498969814130689,5.246271750198201e-22
5.602,2.042346666089404,-5.598859987878297e-18,1.0200608264062105,0.004673848990606056,8.866775790429138e-20,-0.000643300522280929,0.9999999888853819,-1.1025226579785253e-19,-0.00014909472175554967,4.21738829486623e-21
5.604,2.042356007012232,-5.598678023386662e-18,1.0200595410479252,0.004667079039027539,9.313353232305169e-20,-0.0006420577616340553,0.9999999890036418,-8.529957923171462e-20,-0.00014829941349979653,5.849929465927489e-21
5.606,2.0423653344276307,-5.598489328227349e-18,1.0200582581728634,0.004660341515907754,9.543497241571533e-20,-0.0006408172985991917,0.9999999891202492,-7.689932913046972e-20,-0.00014751102084751194,3.365030454734955e-21
5.6080000000000005,2.0423746484001795,-5.598294671017207e-18,1.020056977776434,0.0046536361440716574,9.923927607140875e-20,-0.0006395791294040821,0.9999999892352256,-9.046963394431361e-20,-0.00014672950803705617,3.624075446702721e-21
5.61,2.042383948993905,-5.59809320375275e-18,1.0200556998540526,0.004646962647802371,1.0228046409624813e-19,-0.0006383432502795282,0.9999999893485922,-8.7527859679593e-20,-0.0001459548393445142,3.884518829902006e-21
5.612,2.042393236272283,-5.59788447695902e-18,1.0200544244011434,0.00464032075283939,1.0649881151773379e-19,-0.0006371096574594534,0.9999999894603704,-1.1199944602528966e-19,-0.0001451869790847523,7.129186615568628e-22
5.614,2.0424025102982446,-5.597667289256207e-18,1.0200531514131372,0.0046337101863767475,1.1059726693073616e-19,-0.000635878347180899,0.9999999895705807,-1.0895559483449904e-19,-0.00014442589161246789,9.786254515948188e-22
5.6160000000000005,2.0424117711341743,-5.597441629431418e-18,1.020051880885473,0.00462713067706114,1.1500688597802612e-19,-0.0006346493156840787,0.9999999896792439,-1.0592617488385846e-19,-0.0001436715413232271,1.2445141479195607e-21
5.618,2.0424210188419165,-5.5972076652365555e-18,1.0200506128135967,0.004620581954990011,1.1897344716392012e-19,-0.0006334225592123814,0.9999999897863803,-1.0839374849014514e-19,-0.00014292389265449122,1.850833576552059e-21
5.62,2.042430253482777,-5.596965133142666e-18,1.0200493471929621,0.004614063751709596,1.2357470849757953e-19,-0.0006321980740124105,0.9999999898920098,-1.1633206144087942e-19,-0.00014218291008663664,1.4269493061400534e-21
5.622,2.042439475117526,-5.5967136629170595e-18,1.0200480840190305,0.004607575800212929,1.279472758286941e-19,-0.0006309758563340046,0.9999999899961524,-1.1328056900478078e-19,-0.00014144855814396328,1.0052241353261444e-21
5.6240000000000006,2.0424486838064015,-5.596453137093438e-18,1.0200468232872704,0.004601117834937807,1.3263031611328715e-19,-0.0006297559024302573,0.9999999900988277,-1.157132273631332e-19,-0.00014072080139569226,1.2690473187353155e-21
5.626,2.0424578796091115,-5.596183510078459e-18,1.0200455649931581,0.004594689591764721,1.3697667559294247e-19,-0.0006285382085575322,0.999999990200055,-1.181344495259185e-19,-0.00013999960445695503,2.2175693622956727e-21
5.628,2.042467062584837,-5.5959047370931825e-18,1.0200443091321774,0.004588290808014743,1.4174035327998134e-19,-0.0006273227709755158,0.9999999902998535,-1.1506161366047082e-19,-0.00013928493198977343,3.1646119885928184e-21
5.63,2.042476232792236,-5.595617025026911e-18,1.0200430556998192,0.004581921222447378,1.4595179496848891e-19,-0.0006261095859472251,0.999999990398242,-1.1201624585436244e-19,-0.0001385767487040296,3.424490769369993e-21
5.632,2.042485390289444,-5.595320471345497e-18,1.0200418046915822,0.004575580575258382,1.5058206285200538e-19,-0.0006248986497390199,0.999999990495239,-1.144679470246381e-19,-0.00013787501935842494,4.025654741117797e-21
5.634,2.0424945351340797,-5.595015136496331e-18,1.0200405561029726,0.004569268608077533,1.5476882978309187e-19,-0.0006236899586206526,0.9999999905908633,-1.0595576070948926e-19,-0.00013717970876143135,3.942394494177198e-21
5.636,2.042503667383246,-5.59470143913941e-18,1.020039309929504,0.0045629850639663785,1.5883717531647388e-19,-0.0006224835088652572,0.9999999906851328,-9.19883032378296e-20,-0.00013649078177223228,3.517421796421886e-21
5.638,2.042512787093533,-5.5943805844683965e-18,1.0200380661666972,0.004556729687415936,1.619265769520043e-19,-0.000621279296749408,0.9999999907780656,-7.808696646748089e-20,-0.0001358082033016545,2.4085356253625802e-21
5.64,2.0425218943210215,-5.594053449794175e-18,1.0200368248100806,0.004550502224344362,1.6533275792526937e-19,-0.0006200773185531125,0.9999999908696792,-9.714721489602152e-20,-0.00013513193831308972,2.6680459180401444e-21
5.642,2.042530989121286,-5.593718756659088e-18,1.0200355858551904,0.004544302422094587,1.6948444682171655e-19,-0.0006188775705598508,0.9999999909599913,-1.1611705718188309e-19,-0.0001344619518234077,2.5834739759510834e-21
5.644,2.0425400715493964,-5.593375017736835e-18,1.0200343492975696,0.00453813002943191,1.743779568993395e-19,-0.0006176800490565971,0.9999999910490192,-1.3499706059760795e-19,-0.00013379820890386035,3.1844319359187194e-21
5.646,2.0425491416599217,-5.593020753057029e-18,1.020033115132769,0.004531984796541565,1.8000961898737286e-19,-0.0006164847503338317,0.9999999911367798,-1.5378765216171318e-19,-0.00013314067468097446,4.4692948648725304e-21
5.648,2.0425581995069333,-5.5926544899701114e-18,1.0200318833563469,0.0045258664750262466,1.863757814010691e-19,-0.0006152916706855738,0.9999999912232902,-1.7248916447860152e-19,-0.0001324893143374371,5.7511188324753494e-21
5.65,2.0425672451440064,-5.592274763112527e-18,1.0200306539638686,0.004519774817903608,1.9347280981573962e-19,-0.0006141008064093861,0.999999991308567,-1.9110215646238153e-19,-0.0001318440931129715,8.05789534102806e-21
5.652,2.042576278624224,-5.59188032952026e-18,1.0200294269509074,0.00451370957960372,2.0097436486273304e-19,-0.0006129121538064174,0.9999999913926265,-1.8769631007257462e-19,-0.00013120497630520373,8.30613346407098e-21
5.654,2.0425853000001792,-5.591471100243942e-18,1.0200282023130434,0.004507670515966497,2.083402305541533e-19,-0.0006117257091813997,0.999999991475485,-2.007414067735095e-19,-0.00013057192927051875,8.894288069657648e-21
5.656,2.0425943093239787,-5.5910461982867055e-18,1.0200269800458643,0.004501657384239095,2.1664664130748464e-19,-0.0006105414688426917,0.9999999915571586,-2.1372475194451122e-19,-0.0001299449174249092,1.0166376327331783e-20
5.658,2.042603306647244,-5.590604822955339e-18,1.0200257601449654,0.004495669943073271,2.245980539295259e-19,-0.0006093594291022839,0.999999991637663,-1.9375055928686062e-19,-0.00012932390624481452,7.670453162281978e-21
5.66,2.042612292021117,-5.59014811381835e-18,1.0200245426059489,0.004489707952522717,2.320886403102444e-19,-0.0006081795862758265,0.9999999917170138,-2.0128423548938212e-19,-0.00012870886126795117,7.232864409521254e-21
5.662,2.04262126549626,-5.589675842119251e-18,1.0200233274244248,0.004483771174040352,2.403038145343082e-19,-0.0006070019366826382,0.9999999917952266,-2.142648680536926e-19,-0.00012809974809413312,7.480933295092018e-21
5.664,2.0426302271228596,-5.589186920765906e-18,1.0200221145960104,0.004477859370475592,2.4859437498213755e-19,-0.0006058264766457426,0.9999999918723164,-2.107229540028712e-19,-0.00012749653238608476,5.674559131376717e-21
5.666,2.042639176950629,-5.588681558713719e-18,1.0200209041163304,0.004471972306071587,2.5674462317693896e-19,-0.0006046532024918647,0.9999999919482984,-2.0719791671355573e-19,-0.00012689917987024335,4.557789456624117e-21
5.668,2.042648115028813,-5.5881600359013775e-18,1.0200196959810164,0.004466109746462422,2.6475524440297306e-19,-0.0006034821105514734,0.9999999920231872,-2.036895015654015e-19,-0.00012630765633755273,2.759156179251302e-21
5.67,2.042657041406187,-5.587622630900312e-18,1.0200184901857077,0.004460271458670294,2.726269206505266e-19,-0.0006023131971587859,0.9999999920969977,-2.0019767281046792e-19,-0.0001257219276442499,6.225308662331109e-22
5.672,2.0426659561310636,-5.587069620921227e-18,1.0200172867260509,0.004454457211102654,2.8036033065016143e-19,-0.0006011464586517873,0.9999999921697442,-1.9672239478434662e-19,-0.00012514195971264142,-1.5090300183114857e-21
5.674,2.0426748592512927,-5.5865012818206075e-18,1.0200160855976999,0.004448666773549323,2.8795614989980203e-19,-0.0005999818913722574,0.999999992241441,-1.9326354598575977e-19,-0.0001245677185318711,-3.97819991309402e-21
5.676,2.042683750814265,-5.585917888107165e-18,1.020014886796316,0.004442899917179578,2.9541505066695695e-19,-0.000598819491665782,0.9999999923121021,-1.898210480822089e-19,-0.00012399917015867943,-6.784178569072121e-21
5.678,2.042692630866915,-5.5853197129483055e-18,1.0200136903175674,0.004437156414539204,3.0273770201333527e-19,-0.0005976592558817616,0.9999999923817415,-1.8639495145565418e-19,-0.000123436280718153,-8.898995594447349e-21
5.68,2.0427014994557244,-5.584707028176427e-18,1.0200124961571302,0.004431436039547524,3.09924769886602e-19,-0.0005965011803734489,0.9999999924503729,-1.8298522151920008e-19,-0.00012287901640446852,-9.981221765564159e-21
5.682,2.0427103566267233,-5.584080104295111e-18,1.0200113043106875,0.004425738567494397,3.1697691717412134e-19,-0.0005953452614979403,0.9999999925180096,-1.7959182420162066e-19,-0.00012232734348162393,-9.691049406917375e-21
5.684,2.042719202425494,-5.5834392104851996e-18,1.0200101147739296,0.0044200637750371925,3.238948036999629e-19,-0.0005941914956162328,0.9999999925846653,-1.7621455631220623e-19,-0.00012178122828416477,-9.058497542897881e-21
5.686,2.0427280368971736,-5.582784614610991e-18,1.020008927542554,0.004414411440197728,3.3067908621014475e-19,-0.0005930398790931938,0.9999999926503531,-1.7285342581434865e-19,-0.00012124063721789906,-7.39946101638758e-21
5.688,2.0427368600864564,-5.582116583226327e-18,1.0200077426122656,0.004408781342359188,3.3733041840285057e-19,-0.000591890408297606,0.9999999927150858,-1.6950823207834e-19,-0.00012070553676060577,-5.743951142314892e-21
5.69,2.042745672037597,-5.58143538158074e-18,1.0200065599787769,0.004403173262263014,3.4384945088617905e-19,-0.0005907430796021824,0.9999999927788764,-1.6617885782954132e-19,-0.00012017589346273435,-4.435839346493044e-21
5.692,2.042754472794413,-5.580741273625666e-18,1.020005379637807,0.004397586982005763,3.5023683113853935e-19,-0.0005895978893835612,0.9999999928417375,-1.6286518609544059e-19,-0.0001196516739480954,-3.8165574829803885e-21
5.694,2.0427632624002867,-5.580034522020714e-18,1.0200042015850828,0.004392022285035949,3.564932035230923e-19,-0.0005884548340223604,0.9999999929036817,-1.595671834021856e-19,-0.00011913284491454267,-3.541811353362497e-21
5.696,2.0427720408981695,-5.579315388139865e-18,1.020003025816338,0.004386478956150846,3.6261920929048583e-19,-0.0005873139099031596,0.9999999929647213,-1.5628469298139145e-19,-0.00011861937313464805,-4.294888786780031e-21
5.698,2.042780808330584,-5.578584132077717e-18,1.0200018523273138,0.004380956781493281,3.6861548658685248e-19,-0.000586175113414517,0.9999999930248683,-1.530176816097592e-19,-0.00011811122545636782,-5.7310981613503755e-21
5.7,2.042789564739625,-5.577841012655654e-18,1.0200006811137587,0.004375455548548384,3.7448267048143573e-19,-0.0005850384409490078,0.9999999930841349,-1.497662373045337e-19,-0.0001176083688036992,-6.47939286146025e-21
5.702,2.042798310166965,-5.577086287427917e-18,1.019999512171428,0.0043699750461403284,3.8022139307154327e-19,-0.0005839038889032236,0.9999999931425329,-1.465303277266225e-19,-0.0001171107701773315,-6.19792984844158e-21
5.704,2.042807044653855,-5.576320212687473e-18,1.0199983454960848,0.004364515064429038,3.8583228353466274e-19,-0.000582771453677782,0.9999999932000738,-1.4330979976701015e-19,-0.00011661839665528564,-5.574472887574843e-21
5.706,2.042815768241128,-5.575543043471885e-18,1.0199971810834987,0.004359075394906871,3.9131596808158593e-19,-0.0005816411316773576,0.9999999932567695,-1.4010450011866319e-19,-0.00011613121539354884,-5.295561606355654e-21
5.708,2.042824480969201,-5.5747550335692935e-18,1.019996018929447,0.0043536558303952835,3.9667306992461645e-19,-0.0005805129193106566,0.9999999933126311,-1.3691439599613894e-19,-0.00011564919362670026,-5.017311769433208e-21
5.71,2.0428331828780775,-5.573956435524383e-18,1.019994859029714,0.004348256165041465,4.0190420932128444e-19,-0.0005793868129905165,0.99999999336767,-1.3373937626845812e-19,-0.00011517229866852709,-5.081977124561989e-21
5.712,2.042841874007351,-5.573147500644282e-18,1.0199937013800913,0.004342876194314953,4.070100035571315e-19,-0.0005782628091338141,0.9999999934218972,-1.3057936863285192e-19,-0.0001147004979126344,-5.489150960551095e-21
5.714,2.0428505543962077,-5.572328479004506e-18,1.0199925459763772,0.004337515715004222,4.1199106696929106e-19,-0.0005771409041615474,0.9999999934753234,-1.2743430190062201e-19,-0.00011423375883304533,-6.2388336475071325e-21
5.716,2.0428592240834282,-5.571499619454854e-18,1.0199913928143778,0.004332174525213254,4.168480109334141e-19,-0.0005760210944988379,0.9999999935279597,-1.2430398702516337e-19,-0.00011377204898479579,-8.357385360827551e-21
5.718,2.0428678831073905,-5.570661169625339e-18,1.019990241889906,0.004326852424358084,4.2158144386690763e-19,-0.0005749033765749243,0.9999999935798166,-1.211885878608428e-19,-0.00011331533600451986,-9.786405065002924e-21
5.72,2.0428765315060735,-5.569813375932017e-18,1.019989093198782,0.004321549213163322,4.261919713210255e-19,-0.0005737877468231934,0.9999999936309046,-1.1808811196898157e-19,-0.00011286358761102632,-9.841392128779503e-21
5.722,2.042885169317058,-5.568956483582635e-18,1.019987946736833,0.004316264693658654,4.306801960710836e-19,-0.0005726742016811806,0.999999993681234,-1.1500249005537108e-19,-0.00011241677160586975,-8.525603525700805e-21
5.724,2.042893796577531,-5.568090736582151e-18,1.019986802499893,0.004310998669175325,4.350467181157165e-19,-0.0005715627375906008,0.999999993730815,-1.119314978179286e-19,-0.00011197485587391221,-7.212934209590098e-21
5.726,2.042902413324286,-5.567216377738372e-18,1.0199856604838038,0.004305750944342596,4.392921346072111e-19,-0.0005704533509973442,0.9999999937796579,-1.0887502740440038e-19,-0.0001115378083838774,-6.245632101489459e-21
5.728,2.0429110195937286,-5.566333648667639e-18,1.0199845206844138,0.004300521325084182,4.43417039856501e-19,-0.0005693460383514831,0.9999999938277724,-1.0583308640565517e-19,-0.000111105597188898,-4.937961826886582e-21
5.73,2.042919615421877,-5.5654427898004925e-18,1.0199833830975786,0.004295309618614669,4.474220253636452e-19,-0.0005682407961073038,0.9999999938751682,-1.0280564423061135e-19,-0.00011067819042705367,-2.948068765945673e-21
5.732,2.042928200844365,-5.5645440403872425e-18,1.0199822477191611,0.004290115633435914,4.513076798623493e-19,-0.0005671376207233103,0.9999999939218553,-9.979259485351795e-20,-0.00011025555632190415,-6.198253540751034e-22
5.734,2.0429367758964445,-5.563637638503501e-18,1.019981114545031,0.004284939179333419,4.550745893131265e-19,-0.000566036508662222,0.9999999939678431,-9.679383212683728e-20,-0.00010983766318301237,1.7028988440058206e-21
5.736,2.042945340612989,-5.562723821055745e-18,1.0199799835710655,0.004279780067372691,4.587233368868324e-19,-0.0005649374563910136,0.9999999940131409,-9.380921277165043e-20,-0.00010942447940646041,3.335200171104727e-21
5.738,2.0429538950284942,-5.5618028237869196e-18,1.019978854793148,0.004274638109895578,4.622545029470671e-19,-0.0005638404603808967,0.999999994057758,-9.08386693449615e-20,-0.00010901597347536003,4.278309061528145e-21
5.74,2.0429624391770833,-5.560874881282041e-18,1.01997772820717,0.004269513120516588,4.656686650536427e-19,-0.000562745517107352,0.9999999941017035,-8.788213440939777e-20,-0.00010861211396035227,4.534265267627487e-21
5.742,2.042970973092507,-5.5599402269737996e-18,1.0199766038090292,0.004264404914119192,4.68966397983416e-19,-0.0005616526230501221,0.9999999941449865,-8.493957854411795e-20,-0.00010821286952010362,4.446952897662356e-21
5.744,2.042979496808147,-5.558999093148089e-18,1.019975481594631,0.0042593133068521034,4.721482737602358e-19,-0.0005605617746932385,0.9999999941876161,-8.201100950535318e-20,-0.0001078182089017917,4.702102352648759e-21
5.746,2.0429880103570186,-5.5580517109494544e-18,1.019974361559887,0.004254238116125541,4.75214861721481e-19,-0.0005594729685250249,0.9999999942296007,-7.909639855308713e-20,-0.00010742810094158555,5.641563290528409e-21
5.748,2.0429965137717736,-5.5570983103864356e-18,1.019973243700717,0.0042491791606074775,4.781667285314254e-19,-0.0005583862010381074,0.9999999942709492,-7.619560609955527e-20,-0.00010704251456511687,6.578796900228524e-21
5.75,2.043005007084702,-5.556139120336929e-18,1.0199721280130467,0.004244136260219863,4.810044381630152e-19,-0.000557301468729418,0.9999999943116701,-7.33086030380711e-20,-0.00010666141878794592,7.856469880953692e-21
5.752,2.043013490327735,-5.5551743685535545e-18,1.0199710144928094,0.0042391092361348396,4.837285519375697e-19,-0.0005562187681002187,0.9999999943517717,-7.043539781192971e-20,-0.00010628478271601853,1.0159098110334162e-20
5.7540000000000004,2.0430219635324476,-5.5542042816689034e-18,1.019969903135945,0.004234097910770934,4.863396285586004e-19,-0.0005551380956561053,0.9999999943912623,-6.757577977656727e-20,-0.0001059125755461179,1.2114418592007082e-20
5.756,2.0430304267300605,-5.553229085200814e-18,1.019968793938401,0.0042291021077892335,4.888382240635567e-19,-0.0005540594479070056,0.9999999944301503,-6.472968376580459e-20,-0.00010554476656630828,1.3722036216766238e-20
5.758,2.0430388799514434,-5.5522490035577245e-18,1.0199676868961312,0.0042241216520895455,4.912248918246401e-19,-0.0005529828213672095,0.9999999944684436,-6.189704560718838e-20,-0.00010518132515636994,1.4983181280980104e-20
5.76,2.0430473232271167,-5.551264260043979e-18,1.0199665820050967,0.004219156369806544,4.935001825646391e-19,-0.0005519082125553555,0.9999999945061502,-5.907783735635197e-20,-0.00010482222078822999,1.6241742590323565e-20
5.7620000000000005,2.0430557565872545,-5.5502750768650854e-18,1.0199654792612656,0.004214206088305894,4.956646444100422e-19,-0.0005508356179944531,0.9999999945432779,-5.627213960566283e-20,-0.00010446742302638499,1.8867153614085325e-20
5.764,2.043064180061686,-5.5492816751328494e-18,1.019964378660613,0.004209270636180368,4.97718822932294e-19,-0.0005497650342118939,0.9999999945798346,-5.347970959470459e-20,-0.0001041169015283156,2.1143679514141968e-20
5.766,2.043072593679901,-5.548284274870537e-18,1.0199632801991205,0.004204349843245942,4.996632610939844e-19,-0.0005486964577394566,0.9999999946158278,-5.070044815155548e-20,-0.00010377062604489582,2.2729485846956404e-20
5.768,2.0430809974710473,-5.547283095018096e-18,1.0199621838727773,0.004199443540537875,5.01498499253745e-19,-0.0005476298851133011,0.999999994651265,-4.793439944612358e-20,-0.00010342856642079459,2.4654194145279307e-20
5.7700000000000005,2.0430893914639383,-5.546278353437327e-18,1.0199610896775788,0.004194551560306776,5.03225075211404e-19,-0.0005465653128740051,0.9999999946861537,-4.518143025081086e-20,-0.00010309069259487051,2.62316782300013e-20
5.772,2.043097775687052,-5.545270266916993e-18,1.019959997609528,0.004189673736014663,5.048435241895758e-19,-0.0005455027375665508,0.9999999947205013,-4.244144243672901e-20,-0.00010275697460056155,2.712009972087434e-20
5.774,2.0431061501685344,-5.54425905117799e-18,1.0199589076646343,0.0041848099023309914,5.06354378853292e-19,-0.0005444421557403356,0.9999999947543149,-3.9714550817920505e-20,-0.000102427382566264,2.90335868399437e-20
5.776,2.043114514936203,-5.543244920878382e-18,1.019957819838914,0.004179959895128687,5.077581693679835e-19,-0.0005433835639491869,0.9999999947876016,-3.7000588439650457e-20,-0.0001021018867157081,3.094253775523588e-20
5.7780000000000005,2.0431228700175477,-5.5422280896184136e-18,1.019956734128391,0.00417512355148015,5.0905542338188e-19,-0.0005423269587513565,0.9999999948203685,-3.429942371829783e-20,-0.0001017804573683276,3.216204648087831e-20
5.78,2.043131215439733,-5.541208769945564e-18,1.0199556505290952,0.0041703007096532555,5.102466660176497e-19,-0.0005412723367095549,0.9999999948526225,-3.1611065577435176e-20,-0.00010146306493961949,3.337825786245506e-20
5.782,2.043139551229602,-5.540187173359574e-18,1.0199545690370637,0.004165491209107335,5.113324198843481e-19,-0.0005402196943909261,0.9999999948843704,-2.8935313721044707e-20,-0.00010114967994149841,3.3220940126513875e-20
5.784,2.043147877413678,-5.539163510317513e-18,1.0199534896483406,0.00416069489048915,5.123132050427179e-19,-0.0005391690283670715,0.999999994915619,-2.627203809409103e-20,-0.00010084027298264517,3.100802619040951e-20
5.7860000000000005,2.043156194018166,-5.538137990238889e-18,1.0199524123589767,0.004155911595628846,5.131895389967915e-19,-0.0005381203352140489,0.9999999949463748,-2.3621282319251132e-20,-0.0001005348147688501,2.77723728511992e-20
5.788,2.043164501068957,-5.5371108215107134e-18,1.0199513371650295,0.004151141167535901,5.139619367479338e-19,-0.0005370736115123987,0.9999999949766445,-2.0983090288667006e-20,-0.00010023327610334655,2.454438865285722e-20
5.79,2.043172798591628,-5.536082211492451e-18,1.0199502640625637,0.004146383450395057,5.146309108496965e-19,-0.0005360288538471309,0.9999999950064344,-1.8357402585081614e-20,-9.993562788713973e-05,2.132405541269916e-20
5.792,2.0431810866114466,-5.535052366520889e-18,1.0199491930476507,0.004141638289562243,5.151969714276341e-19,-0.0005349860588077295,0.999999995035751,-1.5744228457811054e-20,-9.964184111932968e-05,1.8796677842523608e-20
5.7940000000000005,2.0431893651533715,-5.534021491914964e-18,1.0199481241163686,0.004136905531560482,5.156606262103354e-19,-0.0005339452229881776,0.9999999950646005,-1.314347487912167e-20,-9.93518868974275e-05,1.6618358068522084e-20
5.796,2.0431976342420555,-5.532989791980548e-18,1.0199470572648022,0.004132185024075792,5.160223805367981e-19,-0.0005329063429869407,0.9999999950929891,-1.0555083093753822e-20,-9.90657364176643e-05,1.4787456456231762e-20
5.798,2.0432058939018485,-5.5319574700152185e-18,1.0199459924890435,0.0041274766159530695,5.162827373585045e-19,-0.0005318694154069927,0.999999995120923,-7.978926654421834e-21,-9.878336097529483e-05,1.2618232758229194e-20
5.8,2.0432141441567993,-5.530924728313048e-18,1.0199449297851908,0.00412278015719197,5.1644219723111745e-19,-0.0005308344368558047,0.999999995148408,-5.414947405632392e-21,-9.850473196489433e-05,1.0111488919640211e-20
5.8020000000000005,2.0432223850306572,-5.529891768169391e-18,1.0199438691493496,0.004118095498942769,5.165012583146552e-19,-0.0005298014039453568,0.9999999951754502,-2.8629860642171295e-21,-9.82298208806503e-05,6.240446824959883e-21
5.804,2.0432306165468757,-5.528858897459041e-18,1.019942810577632,0.0041134224935022185,5.163528430302936e-19,-0.0005287703132921599,0.9999999952020555,1.0641540104509305e-20,-9.79585993166466e-05,7.519578440245443e-21
5.806,2.0432388387286133,-5.527827068230954e-18,1.0199417540661568,0.004108760994309392,5.153525364513621e-19,-0.0005277411615172293,0.9999999952282296,2.9577587608234864e-20,-9.769103896714235e-05,9.139280753925535e-21
5.808,2.0432470515987373,-5.526797658611802e-18,1.0199406996110498,0.004104110855941519,5.141489678990579e-19,-0.0005267139452461234,0.9999999952539781,1.5528702521798815e-20,-9.742711162684438e-05,7.325311447202197e-21
5.8100000000000005,2.0432552551798246,-5.5257696741343924e-18,1.0199396472084432,0.004099471934109809,5.13711812453067e-19,-0.0005256886611089234,0.9999999952793067,2.3476450834094882e-20,-9.716678919117337e-05,8.601734558167984e-21
5.812,2.043263449494165,-5.524743916685307e-18,1.019938596854476,0.004094844085655267,5.117789249370948e-19,-0.0005246653057402443,0.9999999953042209,4.780824337106836e-20,-9.691004365652556e-05,1.0219387248607274e-20
5.814,2.043271634563763,-5.52372204419356e-18,1.0199375485452942,0.0040902271685445,5.100785289485466e-19,-0.0005236438757792533,0.9999999953287261,4.462506518407409e-20,-9.665684712052529e-05,8.746591614092455e-21
5.816,2.0432798104103407,-5.522703842719204e-18,1.0199365022770501,0.004085621041865514,5.080719510703758e-19,-0.0005226243678696545,0.9999999953528277,4.145697910755761e-20,-9.640717178227466e-05,7.277693767056157e-21
5.8180000000000005,2.0432879770553383,-5.52168920621188e-18,1.0199354580459032,0.004081025565823502,5.065135486717297e-19,-0.0005216067786597075,0.9999999953765311,4.377353294055453e-20,-9.616098994259666e-05,5.470144237361657e-21
5.82,2.0432961345199185,-5.520678243870518e-18,1.0199344158480195,0.004076440601736624,5.044337996771802e-19,-0.0005205911048022256,0.9999999953998414,5.154875936356559e-20,-9.591827400427116e-05,2.9820817248581465e-21
5.822,2.0433042828249675,-5.519671314002916e-18,1.0199333756795714,0.004071866012031778,5.025889742304201e-19,-0.000519577342954576,0.9999999954227639,3.734370109146792e-20,-9.567899647226572e-05,1.5270127897711989e-21
5.824,2.043312421991097,-5.518667516861257e-18,1.0199323375367384,0.004067301660240363,5.013006332724889e-19,-0.0005185654897787046,0.9999999954453035,2.3205920769983455e-20,-9.544312995396123e-05,7.607188740741547e-22
5.8260000000000005,2.0433205520386477,-5.517665742226478e-18,1.0199313014157063,0.004062747410994036,5.00566028986611e-19,-0.000517555541941086,0.9999999954674654,9.13503331428117e-21,-9.521064715937048e-05,1.3668901948738032e-21
5.828,2.0433286729876903,-5.5166648853620424e-18,1.019930267312668,0.004058203130020458,5.003824266469321e-19,-0.0005165474961128311,0.9999999954892544,-4.8692134551157855e-21,-9.498152090135317e-05,2.6569506666416503e-21
5.83,2.0433367848580275,-5.515663846987843e-18,1.0199292352238227,0.004053668684139034,5.007471045416081e-19,-0.0005155413489695655,0.9999999955106754,-1.8807103294197897e-20,-9.475572409582265e-05,4.286617809503463e-21
5.832,2.0433448876691975,-5.514661533254246e-18,1.0199282051453762,0.00404914394125665,5.016573538920558e-19,-0.0005145370971915122,0.9999999955317332,-3.2678820738260833e-20,-9.453322976194914e-05,4.8844409427008974e-21
5.8340000000000005,2.0433529814404756,-5.5136568557163285e-18,1.0199271770735412,0.004044628770363392,5.031104787522999e-19,-0.0005135347374635057,0.9999999955524327,-4.648471134196241e-20,-9.431401102235568e-05,4.795527360160532e-21
5.836,2.043361066190875,-5.512648731308272e-18,1.019926151004537,0.0040401230415282735,5.05103795957951e-19,-0.0005125342664749136,0.9999999955727784,-6.022515172978558e-20,-9.409804110331063e-05,4.706827749045338e-21
5.838,2.043369141939151,-5.511636082317844e-18,1.0199251269345893,0.004035626625894942,5.076346350808859e-19,-0.0005115356809197231,0.9999999955927749,-7.390041990579547e-20,-9.388529333491141e-05,4.2760863082714685e-21
5.84,2.043377208703802,-5.5106178363609774e-18,1.0199241048599306,0.00403113939567739,5.107003383743136e-19,-0.0005105389774964946,0.9999999956124267,-8.751092138052913e-20,-9.367574115126597e-05,4.531691978166503e-21
5.8420000000000005,2.043385266503072,-5.5095929263564555e-18,1.0199230847768,0.004026661224155651,5.14298260725346e-19,-0.0005095441529083785,0.9999999956317396,-1.0105696341958997e-19,-9.346935809066756e-05,5.472017875657636e-21
5.844,2.0433933153549524,-5.508560290500694e-18,1.0199220666814428,0.004022191985671499,5.184257696093477e-19,-0.0005085512038631591,0.9999999956507156,-1.1453881993500907e-19,-9.326611779576324e-05,6.752779547671717e-21
5.846,2.043401355277185,-5.507518872242632e-18,1.0199210505701117,0.0040177315556241345,5.230802450120986e-19,-0.0005075601270732019,0.9999999956693604,-1.2795676324938704e-19,-9.30659940137185e-05,8.030508622378556e-21
5.848,2.043409386287262,-5.506467620258783e-18,1.0199200364390653,0.004013279810465868,5.282590793638756e-19,-0.0005065709192554697,0.9999999956876781,-1.4131106445542143e-19,-9.286896059637463e-05,8.962550874746286e-21
5.8500000000000005,2.0434174084024317,-5.50540548842842e-18,1.0199190242845686,0.004008836627697797,5.3395967746262845e-19,-0.0005055835771315296,0.999999995705673,-1.54601993163004e-19,-9.267499150040344e-05,9.20787653123718e-21
5.852,2.0434254216396965,-5.5043314358088976e-18,1.0199180141028938,0.0040044018858654854,5.401794564210315e-19,-0.0005045980974275559,0.9999999957233493,-1.6782994493728454e-19,-9.248406078745462e-05,9.794879302006228e-21
5.854,2.043433426015818,-5.5032444266110736e-18,1.0199170058903193,0.003999975464554622,5.469158456159883e-19,-0.0005036144768743302,0.9999999957407111,-1.8099509155124056e-19,-9.229614262429861e-05,9.352509710606118e-21
5.856,2.0434414215473176,-5.50214343017485e-18,1.01991599964313,0.0039955572443866934,5.541662866105409e-19,-0.0005026327122072497,0.9999999957577624,-1.9409779352098502e-19,-9.211121128296366e-05,8.568530613322323e-21
5.8580000000000005,2.0434494082504786,-5.501027420944857e-18,1.0199149953576174,0.003991147107014637,5.619282331157461e-19,-0.0005016528001663212,0.9999999957745074,-2.0713847336587318e-19,-9.19292411408686e-05,8.813585230580589e-21
5.86,2.0434573861413496,-5.4998953784461774e-18,1.0199139930300796,0.003986744935118499,5.701991509536754e-19,-0.0005006747374961631,0.9999999957909499,-2.2011733085273173e-19,-9.17502066809494e-05,9.058062338014514e-21
5.862,2.043465355235745,-5.498746287260201e-18,1.019912992656821,0.003982350612401084,5.7897651798716135e-19,-0.0004996985209460244,0.9999999958070938,-2.3303465906305253e-19,-9.157408249178234e-05,9.301963313998814e-21
5.864,2.043473315549248,-5.4975791370006015e-18,1.0199119942341526,0.003977964023583604,5.882578240608665e-19,-0.0004987241472697618,0.999999995822943,-2.4589084394437546e-19,-9.140084326770111e-05,1.0573273810965152e-20
5.8660000000000005,2.043481267097212,-5.4963931374355355e-18,1.0199109977583918,0.003973585054401321,5.977178517723097e-19,-0.0004977516132258448,0.9999999958385013,-2.3675553106539404e-19,-9.12304638089078e-05,9.444948688025601e-21
5.868,2.043489209894762,-5.495188829307579e-18,1.0199100032258628,0.0039692135915991855,6.06602527875553e-19,-0.0004967809155773761,0.9999999958537725,-2.276634939689077e-19,-9.106291902158103e-05,7.976635287692896e-21
5.87,2.0434971439567993,-5.493966642991231e-18,1.0199090106328959,0.003964849522927477,6.156680374277905e-19,-0.0004958120510920699,0.9999999958687602,-2.4054517181561714e-19,-9.089818391797739e-05,9.593756714061249e-21
5.872,2.043505069298,-5.492725822775691e-18,1.019908019975828,0.003960492737137433,6.252360276656941e-19,-0.0004948450165422806,0.9999999958834681,-2.5336581308315774e-19,-9.073623361652883e-05,1.1549709741021303e-20
5.8740000000000006,2.04351298593282,-5.491465473765771e-18,1.0199070312510026,0.003956143123976886,6.350888612680139e-19,-0.0004938798087049752,0.9999999958978998,-2.441951268103614e-19,-9.057704334193525e-05,1.1104389688360732e-20
5.876,2.043520893875495,-5.49018603204792e-18,1.0199060444547694,0.0039518005741858864,6.443648776133499e-19,-0.0004929164243617466,0.9999999959120588,-2.460331746674598e-19,-9.042058842525225e-05,1.168670878436479e-20
5.878,2.043528793140043,-5.488887608457223e-18,1.0199050595834847,0.003947464979492333,6.540349044535861e-19,-0.0004919548602988203,0.9999999959259487,-2.4239292242692777e-19,-9.026684430397318e-05,1.2268955335806413e-20
5.88,2.0435366837402675,-5.487570349057456e-18,1.0199040766335108,0.003943136232607593,6.63128999231284e-19,-0.0004909951133070435,0.9999999959395728,-2.3875705574927846e-19,-9.011578652210713e-05,1.421965617360451e-20
5.882000000000001,2.0435445656897566,-5.486234650460163e-18,1.0199030956012172,0.0039388142272221245,6.725100723975195e-19,-0.0004900371801819028,0.9999999959529347,-2.351384271544737e-19,-8.996739073025313e-05,1.616573290123687e-20
5.884,2.0435524390018887,-5.484880907866402e-18,1.0199021164829791,0.003934498858001097,6.8110147758761e-19,-0.0004890810577234981,0.9999999959660375,-2.2058472243445445e-19,-8.982163268566706e-05,1.742204672376363e-20
5.886,2.043560303689831,-5.48351030270914e-18,1.0199011392751784,0.003930190020580011,6.893372295098567e-19,-0.0004881267427365779,0.9999999959788848,-1.9513481748826446e-19,-8.967848825232658e-05,1.8333703501935944e-20
5.888,2.0435681597665436,-5.482124440985026e-18,1.0199001639742036,0.00392588761156031,6.965739794769169e-19,-0.00048717423203050564,0.9999999959914796,-1.9721829363791488e-19,-8.953793340098978e-05,1.718436132327436e-20
5.89,2.043576007244781,-5.480723198974655e-18,1.019899190576449,0.003921591528504998,7.048608817619448e-19,-0.00048622352241928414,0.9999999960038253,-2.1573970174446754e-19,-8.93999442092507e-05,1.6721188431092598e-20
5.892,2.0435838461370937,-5.479305341727849e-18,1.0198982190783157,0.003917301669934255,7.12901865430863e-19,-0.0004852746107215465,0.999999996015925,-2.0677350886856295e-19,-8.926449686158808e-05,1.763302532252174e-20
5.894,2.0435916764558297,-5.4778713961596175e-18,1.019897249476211,0.0039130179353210484,7.211287694353945e-19,-0.00048432749376055035,0.999999996027782,-2.197802460740521e-19,-8.913156764941265e-05,1.9569538292347506e-20
5.896,2.043599498213137,-5.476420488837174e-18,1.019896281766549,0.0039087402250867435,7.298632163627516e-19,-0.00048338216836419246,0.9999999960393993,-2.3272532262927374e-19,-8.900113297110626e-05,2.150187035336513e-20
5.898,2.0436073114209656,-5.474951607192071e-18,1.0198953159457491,0.003904468440596717,7.391026907272917e-19,-0.0004824386313649876,0.9999999960507799,-2.456090003388686e-19,-8.887316933205864e-05,2.308736999697347e-20
5.9,2.0436151160910696,-5.4734637436748815e-18,1.019894352010238,0.0039002024841559672,7.48844688983249e-19,-0.0004814968796000951,0.999999996061927,-2.584316614728243e-19,-8.874765334470137e-05,2.535443751191078e-20
5.902,2.0436229122350076,-5.471956110877168e-18,1.0198933899564482,0.0038959422590047255,7.587640007764424e-19,-0.0004805569099113053,0.9999999960728435,-2.4378049896755445e-19,-8.862456172853371e-05,2.6247921611961585e-20
5.904,2.0436306998641465,-5.470429431552969e-18,1.019892429780819,0.0038916876693140656,7.6778401185769845e-19,-0.0004796187191450288,0.9999999960835323,-2.346684418214434e-19,-8.850387131014653e-05,2.7823717255183494e-20
5.906,2.043638478989662,-5.468884675737518e-18,1.0198914714797955,0.003887438620181515,7.768766322010189e-19,-0.00047868230415230894,0.9999999960939964,-2.3108213588554453e-19,-8.838555902324188e-05,2.905262960255498e-20
5.908,2.0436462496225416,-5.46732220033001e-18,1.0198905150498294,0.0038831950176266656,7.855038001210305e-19,-0.0004777476617888224,0.9999999961042385,-2.275258277004037e-19,-8.826960190864729e-05,3.0278627551923873e-20
5.91,2.043654011773585,-5.4657423239386445e-18,1.0198895604873786,0.003878956768586785,7.943135839626578e-19,-0.0004768147889148798,0.9999999961142617,-2.2398641009407664e-19,-8.815597711432695e-05,3.1844380582054533e-20
5.912,2.043661765453406,-5.4641452561334066e-18,1.019888607788907,0.0038747237809124285,8.027670389853524e-19,-0.0004758836823954061,0.9999999961240686,-2.2594629466329286e-19,-8.804466189538689e-05,3.2721021857700954e-20
5.914,2.043669510672437,-5.462530775011145e-18,1.0198876569508855,0.0038704959633630506,8.118344130733626e-19,-0.00047495433909997264,0.999999996133662,-2.3337947125438575e-19,-8.793563361407774e-05,3.35942910882733e-20
5.916,2.043677247440928,-5.460898372587618e-18,1.0198867079697904,0.0038662732256026194,8.204371064717045e-19,-0.0004740267559027664,0.9999999961430447,-2.133642236460813e-19,-8.782886973979311e-05,3.138354398534009e-20
5.918,2.043684975768948,-5.4592494431069185e-18,1.0198857608421048,0.0038620554781952305,8.2857723650021e-19,-0.00047310092968259686,0.9999999961522192,-2.153743741381336e-19,-8.772434784906314e-05,3.1232075869328876e-20
5.92,2.04369269566639,-5.457583832922296e-18,1.0198848155643176,0.003857842632600722,8.371176630614799e-19,-0.0004721768573229153,0.9999999961611884,-2.173618488984806e-19,-8.762204562554401e-05,2.936847387590806e-20
5.922,2.043700407142969,-5.455901461004044e-18,1.0198838721329244,0.0038536346011702935,8.451954780671945e-19,-0.0004712545357117813,0.9999999961699548,-2.0837479487815198e-19,-8.752194086000359e-05,2.819435543782844e-20
5.924,2.0437081102082266,-5.454202892316943e-18,1.0198829305444268,0.003849431297142122,8.534580559786289e-19,-0.0004703339617418874,0.999999996178521,-2.2134795153056034e-19,-8.742401145030363e-05,3.010586545581782e-20
5.926,2.043715804871532,-5.452487291850996e-18,1.0198819907953327,0.0038452326346369832,8.622268546707629e-19,-0.0004694151323105479,0.9999999961868895,-2.3425957660779033e-19,-8.732823540137701e-05,3.1670998409133027e-20
5.928,2.0437234911420825,-5.450753649675552e-18,1.019881052882156,0.0038410385286538743,8.714993651432154e-19,-0.0004684980443196948,0.999999996195063,-2.471100215024441e-19,-8.723459082520191e-05,3.357427372800976e-20
5.93,2.0437311690289075,-5.44900096086603e-18,1.0198801168014169,0.0038368488950656365,8.812730903138317e-19,-0.00046758269467588016,0.9999999962030438,-2.5989954645955444e-19,-8.714305594077109e-05,3.5473040703065354e-20
5.932,2.043738838540868,-5.447228225480144e-18,1.0198791825496418,0.003832663650614582,8.91545544961627e-19,-0.0004666690802902776,0.9999999962108345,-2.7262852991484765e-19,-8.705360907405892e-05,3.839529430333491e-20
5.934,2.04374649968666,-5.445434663679757e-18,1.0198782501233634,0.003828482712908123,9.018839646207864e-19,-0.0004657571980786864,0.9999999962184375,-2.5240155339587417e-19,-8.696622865798185e-05,3.994284217986227e-20
5.936,2.0437541524748153,-5.44362136413525e-18,1.0198773195191202,0.0038243060004144,9.114272615913844e-19,-0.00046484704496150533,0.9999999962258551,-2.651526710876382e-19,-8.688089323235806e-05,3.805805639577541e-20
5.938,2.0437617969137034,-5.441787832920851e-18,1.0198763907334574,0.003820133432457917,9.22222896888675e-19,-0.0004639386178637583,0.9999999962330899,-2.723737810033584e-19,-8.679758144386147e-05,3.6520877989697795e-20
5.94,2.0437694330115335,-5.439933256269389e-18,1.0198754637629257,0.0038159649292151794,9.32329044423082e-19,-0.0004630319137150741,0.999999996240144,-2.740781335627597e-19,-8.671627204597186e-05,3.567233173567239e-20
5.942,2.0437770607763555,-5.438057540365349e-18,1.0198745386040824,0.0038118004117103296,9.434695843545006e-19,-0.0004621269294497007,0.99999999624702,-2.8672663513649265e-19,-8.663694389892312e-05,3.5509764694632094e-20
5.944,2.043784680216063,-5.436159661074659e-18,1.0198736152534909,0.003807639801810791,9.545638390336818e-19,-0.0004612236620064884,0.9999999962537199,-3.1029339423086743e-19,-8.655957596964452e-05,3.6032363958357517e-20
5.946,2.0437922913383937,-5.434237881165049e-18,1.0198726937077205,0.0038034830222229135,9.673336999857091e-19,-0.00046032210832890156,0.9999999962602462,-3.3376151438196484e-19,-8.648414733170221e-05,3.758211911903016e-20
5.948,2.0437998941509314,-5.432290686367545e-18,1.0198717739633467,0.0037993299964876204,9.798345690004392e-19,-0.0004594222653650098,0.999999996266601,-3.187400618519473e-19,-8.641063716523505e-05,3.6390233864475856e-20
5.95,2.0438074886611086,-5.430318757547785e-18,1.0198708560169512,0.003795180648976062,9.920681029928982e-19,-0.00045852413006747787,0.9999999962727865,-3.0377676638548996e-19,-8.633902475688605e-05,3.451463121113207e-20
5.952,2.0438150748762065,-5.428323022923181e-18,1.0198699398651216,0.0037910349048852713,1.0037125529128773e-18,-0.00045762769939358455,0.9999999962788049,-3.2178008195140176e-19,-8.626928949973172e-05,3.4696600278455766e-20
5.954,2.0438226528033576,-5.4263025054571076e-18,1.0198690255044518,0.0037868926902338215,1.0168146986833017e-18,-0.00045673297030520316,0.9999999962846584,-3.3972395119096395e-19,-8.620141089320668e-05,3.384974959968911e-20
5.956,2.043830222449548,-5.424256017030898e-18,1.0198681129315417,0.0037827539318574916,1.0295396114482697e-18,-0.00045583993976879873,0.9999999962903491,-3.30182952665697e-19,-8.613536854302704e-05,3.4377512005022116e-20
5.958,2.0438377838216173,-5.4221841674261295e-18,1.019867202142997,0.0037786185574049318,1.0422120306338435e-18,-0.0004549486047554431,0.9999999962958791,-3.1520451433447156e-19,-8.607114216110657e-05,3.387610386666769e-20
5.96,2.0438453369262617,-5.420087993677613e-18,1.01986629313543,0.0037744864953333356,1.05386421961711e-18,-0.00045405896224079694,0.9999999963012506,-2.948144427026059e-19,-8.600871156547376e-05,3.2691030753479804e-20
5.962,2.0438528817700354,-5.41796881389376e-18,1.0198653859054585,0.003770357674904116,1.0653621283781261e-18,-0.00045317100920510753,0.9999999963064655,-3.0193409634073917e-19,-8.594805668018073e-05,3.322052464090074e-20
5.964,2.043860418359351,-5.415826361650052e-18,1.0198644804497066,0.0037662320261785836,1.0771364587199515e-18,-0.0004522847426332193,0.999999996311526,-3.090199681978572e-19,-8.588915753521354e-05,3.340610394278374e-20
5.966,2.0438679467004834,-5.41366008548105e-18,1.0198635767648043,0.003762109480013634,1.0891858339674535e-18,-0.0004514001595145473,0.9999999963164341,-3.160722772544884e-19,-8.583199426639586e-05,3.3933906714952396e-20
5.968,2.0438754667995687,-5.411469436668117e-18,1.0198626748473878,0.0037579899680574348,1.1015088839870522e-18,-0.00045051725684310147,0.9999999963211917,-3.2309115326047026e-19,-8.577654711529013e-05,3.4460460333461464e-20
5.97,2.043882978662608,-5.409253869226371e-18,1.0198617746940992,0.0037538734227451206,1.1141042451514757e-18,-0.0004496360316174699,0.9999999963258008,-3.300766665290722e-19,-8.57227964290962e-05,3.395859571382151e-20
5.972,2.0438904822954673,-5.4070128398917095e-18,1.0198608763015866,0.003749759777294492,1.126970560306879e-18,-0.0004487564808408284,0.9999999963302634,-3.370290924789406e-19,-8.56707226605462e-05,3.380058405618805e-20
5.974,2.0438979777038804,-5.404745808107881e-18,1.0198599796665042,0.0037456489657017194,1.1401064787484012e-18,-0.0004478786015209199,0.9999999963345814,-3.43948558701584e-19,-8.562030636779502e-05,3.3642948873563346e-20
5.976,2.0439054648934496,-5.402452236013625e-18,1.019859084785512,0.0037415409227370524,1.153510656186517e-18,-0.0004470023906700674,0.9999999963387566,-3.5083516279259016e-19,-8.557152821431007e-05,3.280117865365834e-20
5.978,2.043912943869648,-5.400131588429871e-18,1.019858191655276,0.0037374355839405343,1.1671817547161081e-18,-0.0004461278453051614,0.9999999963427909,-3.576891776589995e-19,-8.552436896875598e-05,3.26467285174155e-20
5.98,2.0439204146378196,-5.397783332846994e-18,1.0198573002724682,0.003733332885617722,1.1811184427900966e-18,-0.00044525496244765767,0.9999999963466863,-3.64510640754083e-19,-8.547880950487665e-05,3.180813578921307e-20
5.982,2.0439278772031826,-5.3954069394121385e-18,1.0198564106337666,0.003729232764835412,1.1953193951826708e-18,-0.0004443837391235772,0.9999999963504446,-3.7129967689594967e-19,-8.543483080137398e-05,2.994436071156013e-20
5.984,2.0439353315708293,-5.393001880916604e-18,1.019855522735855,0.00372513515941737,1.2097832929600212e-18,-0.0004435141723635181,0.9999999963540676,-3.7805652741342865e-19,-8.539241394178372e-05,2.8085005387241006e-20
5.986,2.0439427777457295,-5.390567632783286e-18,1.0198546365754233,0.00372104000794007,1.2245088234537664e-18,-0.00044264625920260934,0.999999996357557,-3.8478131562513665e-19,-8.535154011434847e-05,2.5887397910639e-20
5.988,2.0439502157327296,-5.388103673054179e-18,1.0198537521491673,0.0037169472497284367,1.239494680231253e-18,-0.00044177999668056707,0.9999999963609147,-3.9147422265623387e-19,-8.531219061188808e-05,2.3694595370269077e-20
5.99,2.043957645536557,-5.385609482377929e-18,1.0198528694537887,0.003712856824851592,1.254739563067228e-18,-0.00044091538184164717,0.9999999963641426,-3.9813545819903055e-19,-8.527434683166516e-05,2.2192315342718805e-20
5.992,2.043965067161818,-5.383084543997447e-18,1.0198519884859951,0.0037087686741186132,1.2702421779181117e-18,-0.0004400524117346513,0.9999999963672422,-4.0476514337485096e-19,-8.523799027525012e-05,2.103666572147097e-20
5.994,2.043972480613003,-5.3805283437375754e-18,1.0198511092425,0.0037046827390742926,1.286001236891206e-18,-0.0004391910834129308,0.9999999963702154,-4.1136342780894163e-19,-8.520310254838145e-05,2.0226418743125926e-20
5.996,2.043979885894485,-5.377940369992817e-18,1.0198502317200226,0.003700598961994906,1.302015458214994e-18,-0.00043833139393439,0.9999999963730638,-4.179304604498732e-19,-8.516966536082343e-05,1.9760755671627272e-20
5.998,2.0439872830105235,-5.375320113715119e-18,1.0198493559152884,0.003696517285883985,1.3182835662098133e-18,-0.0004374733403614777,0.9999999963757891,-4.2446636034215167e-19,-8.513766052622267e-05,1.929619828536222e-20
