t,px,py,pz,vx,vy,vz,qw,qx,qy,qz
0.0,0.4230993515490913,-3.6939645135526784e-19,1.0078326032483236,0.9967099727791062,-9.054156007387757e-19,0.002500440198631053,0.9980860350701859,2.403565789317052e-19,0.061840654895275016,1.3761148084177228e-20
0.002,0.4250955193272498,-3.712186456061893e-19,1.007841801983456,0.9994485672374418,-9.168136632706575e-19,0.006699433208837789,0.9981573111309112,2.4466628784279527e-19,0.06067933944853265,1.3072715986052417e-20
0.004,0.4270970964057695,-3.7306384408673305e-19,1.0078594060952026,1.0021133225725172,-9.28419974469697e-19,0.01090650260228044,0.9982715190891545,2.489643545808215e-19,0.05877052131326373,1.2202665904866435e-20
0.006,0.42910354504305187,-3.7493092526643395e-19,1.0078823700423687,1.00431956115503,-9.386917803148698e-19,0.0120592695823304,0.9984026322535111,2.5322393529357333e-19,0.056499415123178166,1.0901818282445682e-20
0.008,0.4311143119540246,-3.768187333863914e-19,1.0079076547128634,1.0064316903291661,-9.491466759998146e-19,0.013227143109419942,0.9985277513485723,2.5737998166821196e-19,0.05424324646225326,8.239272213011375e-21
0.01,0.43312920936300736,-3.787276328982223e-19,1.0079352896283362,1.0084501445687426,-9.597828384632754e-19,0.01440943405868264,0.9986470489950553,2.614475887647858e-19,0.05200068781726369,4.5598914327825414e-21
0.012,0.43514805048810806,-3.8065775468806323e-19,1.0079653029288125,1.0103754994738097,-9.70139178699612e-19,0.015605448129480153,0.9987605680985275,2.3273888200885443e-19,0.04977275973368828,4.657002477184517e-21
0.014,0.43717064960755664,-3.826070468212362e-19,1.0079977213858224,1.012208226589791,-9.791836227023107e-19,0.0168145124877393,0.9988684487898318,2.261930131537379e-19,0.0475586165925376,6.0559546962520565e-21
0.016,0.4391968220229018,-3.845748819210057e-19,1.008032570427402,1.013948887969199,-9.88529375129912e-19,0.01803595542565846,0.9989707557010687,2.087129326744416e-19,0.045358893880212,7.632336748082172e-21
0.018000000000000002,0.441226384103603,-3.8655983276900226e-19,1.008069874153927,1.015597981268816,-9.961085905263623e-19,0.01926912177362025,0.999067609218966,1.7492607454203985e-19,0.04317304957378009,1.097768947612077e-20
0.02,0.4432591532663674,-3.8855906327605795e-19,1.0081096553608224,1.017156062564418,-1.0030780410044499e-18,0.020513361144332602,0.9991590859226984,1.576041220339585e-19,0.04100147580415065,1.0521369592917787e-20
0.022,0.4452949480057854,-3.9057127999108915e-19,1.0081519355559216,1.0186236484786042,-1.009095164620914e-18,0.02176803677830277,0.9992452939685917,1.5128210129858217e-19,0.038843821666043284,9.274804192938784e-21
0.024,0.4473335878836474,-3.925958452907087e-19,1.0081967349807646,1.0200012936772476,-1.0155416130290379e-18,0.02303251879166876,0.9993263161344866,1.6143869762977006e-19,0.03670032535383035,7.735036671279853e-21
0.026000000000000002,0.44937489355054927,-3.946336157418365e-19,1.0082440726287751,1.021289529020399,-1.0224147849754661e-18,0.02430618920226418,0.9994022527593921,1.8249618599800429e-19,0.03457075613076877,5.7990900306601594e-21
0.028,0.45141868674130187,-3.96686209007453e-19,1.0082939662656638,1.022488910438391,-1.0301723041572506e-18,0.02558843807665978,0.9994731894570166,1.7616829125771127e-19,0.032455254684249556,7.901125884903085e-21
0.03,0.4534647902906254,-3.9875332098341265e-19,1.008346432448004,1.0235999798339983,-1.0369721200587013e-18,0.026878666347894344,0.9995392213308214,1.6986890900534734e-19,0.030353665699156804,9.656429486586154e-21
0.032,0.4555130281322021,-4.0083449715826935e-19,1.0084014865430333,1.0246232958865824,-1.0440835542669554e-18,0.02817628363055795,0.999600434874585,1.5811346401104392e-19,0.028266067971004113,1.1232380679768754e-20
0.034,0.45756322531043564,-4.0292852021920073e-19,1.008459142747378,1.0255594093220504,-1.0498961184595695e-18,0.02948070977047787,0.9996569214604886,1.4645155819232657e-19,0.026192353390630113,1.3832495441977494e-20
0.036000000000000004,0.45961520798160577,-4.050346001495e-19,1.0085194141064222,1.026408882307716,-1.0562559113199038e-18,0.030791373611379486,0.9997087673332501,1.5674463793655782e-19,0.02413256134426863,1.413928444679061e-20
0.038,0.4616688034229473,-4.071532550595958e-19,1.0085823125330278,1.027172272795177,-1.0624707689661282e-18,0.03210771382227372,0.9997560610068346,1.6148943576403143e-19,0.02208661314235215,1.3895323407102036e-20
0.04,0.4637238400349392,-4.092851532476728e-19,1.008647848826565,1.0278501467136607,-1.0694606147743839e-18,0.033429178201311624,0.9997988878313958,1.771565217250161e-19,0.02005452295880963,1.3069452967064992e-20
0.042,0.4657801473485014,-4.114311126116618e-19,1.0087160326915352,1.0284430680420862,-1.076416437446445e-18,0.03475522409559252,0.9998373339678631,1.6528408209886374e-19,0.018036230316703785,9.714162658709059e-21
0.044,0.46783755602781374,-4.13590719045209e-19,1.0087868727563116,1.0289516064579327,-1.0833378326821685e-18,0.03608531800427366,0.9998714835079073,1.8088174171306885e-19,0.016031733147041632,6.901395274808114e-21
0.046,0.4698958978761406,-4.157649390438286e-19,1.008860376591608,1.0293763310271775,-1.0906845819709037e-18,0.037418935770927315,0.9999014205514738,1.5808511550847975e-19,0.014040982128975692,7.452736720031074e-21
0.048,0.47195500583880357,-4.1795201390926755e-19,1.008936550728954,1.0297178149862807,-1.096270108882738e-18,0.03875556235046386,0.999927227730902,1.4087598780815454e-19,0.012063964621725234,7.583362217695993e-21
0.05,0.4740147140079626,-4.2015061439008306e-19,1.0090154006789718,1.0299766317170331,-1.1024024550086109e-18,0.040094691876217045,0.9999489872546252,1.5116159804062027e-19,0.010100638021979939,6.6983166565958964e-21
0.052000000000000005,0.47607485762551066,-4.223612961831971e-19,1.009096930949596,1.0301533577207174,-1.1082746528723605e-18,0.04143582751440023,0.9999667801886758,1.5048622887707677e-19,0.008150982707268906,8.325929015591296e-21
0.054,0.47813527308702464,-4.2458415440863275e-19,1.0091811450641335,1.0302485700364006,-1.114578955050886e-18,0.04277848146326399,0.9999806869495753,1.49812567846535e-19,0.00621496000447057,8.924207175804154e-21
0.056,0.48019579794444206,-4.268190929853754e-19,1.00926804557923,1.030262848075768,-1.1203933236703872e-18,0.0441221748526968,0.9999907869837553,1.4913699403771738e-19,0.004292545586399209,1.0550410054340953e-20
0.058,0.48225627090932205,-4.2906605420765705e-19,1.0093576341026949,1.0301967719537204,-1.12652505399982e-18,0.04546643770721976,0.9999971589760546,1.4299423496375748e-19,0.00238370296407058,1.25406093719444e-20
0.06,0.4843165318552217,-4.3132467511210323e-19,1.0094499113112132,1.030050923605792,-1.1320532132151938e-18,0.04681080886758426,0.9999998807304895,1.4235680842294197e-19,0.0004884045538887827,1.1772949387249691e-20
0.062,0.48637642182036184,-4.3359459499894115e-19,1.0095448769679214,1.029825885695826,-1.1376707209282305e-18,0.04815483593491693,0.9999990292385968,1.1430787310826817e-19,-0.0013933850385036146,1.136440048230842e-20
0.064,0.4884357830096565,-4.358736144165008e-19,1.0096425299398604,1.029522242282223,-1.141076938431277e-18,0.04949807520197105,0.9999946806563426,7.541434026584093e-20,-0.0032616957278598997,1.162752474215087e-20
0.066,0.49049445879684905,-4.381588541053914e-19,1.0097428682152922,1.0291405780911322,-1.1442372448908834e-18,0.0508400915876675,0.9999869103084759,8.605076290624796e-20,-0.005116562489593309,1.1366997098628128e-20
0.068,0.4925522937261717,-4.40450859888998e-19,1.0098458889208881,1.0286814788995198,-1.1478426345323461e-18,0.05218045857164023,0.9999757927068949,9.66380887965111e-20,-0.006958016974614751,1.0422370902095768e-20
0.07,0.49460913351399877,-4.427505193859818e-19,1.009951588338779,1.0281455310403649,-1.1518905604811117e-18,0.053518758123982685,0.9999614015298355,1.0716940251052388e-19,-0.008786094154351427,9.8224625352314e-21
0.07200000000000001,0.4966648250501273,-4.450587152179498e-19,1.0100599619234714,1.0275333216085218,-1.1563786161240484e-18,0.05485458063998342,0.9999438096544688,1.1764205615616386e-19,-0.010600827029499191,1.0251825200636444e-20
0.074,0.49871921639898303,-4.4737632543202045e-19,1.0101710043186252,1.0268454381136696,-1.1613046155080207e-18,0.05618752486749473,0.99992308912968,1.2806352762169686e-19,-0.01240225081830638,1.102319226210669e-20
0.076,0.5007721568005218,-4.497042238360316e-19,1.0102847093736926,1.026082468575804,-1.1666664875299379e-18,0.05751719784048421,0.9998993112102429,1.384382345798642e-19,-0.01419039961678083,1.1793576316232788e-20
0.078,0.5028234966710159,-4.520432801162366e-19,1.0104010701604162,1.0252450012727676,-1.172462173030467e-18,0.058843214805184625,0.9998725463314498,1.4876633391680396e-19,-0.015965309037560695,1.256303212372112e-20
0.08,0.5048730876035826,-4.543943598439571e-19,1.0105200789891857,1.0243336247675152,-1.1786896247118674e-18,0.060165199151976434,0.9998428641396935,1.5904312275929531e-19,-0.01772701410098825,1.3673835607596355e-20
0.082,0.506920782368574,-4.567583245500893e-19,1.0106417274252513,1.02334892771666,-1.1853468409589721e-18,0.06148278234084041,0.9998103334719364,1.6928029399882246e-19,-0.019475550896838542,1.4440817124638737e-20
0.084,0.5089664349137402,-4.591360317153018e-19,1.0107660063047934,1.0222914988560725,-1.1924317648386518e-18,0.06279560383151969,0.9997750223811892,1.7947799173372017e-19,-0.021210955251768297,1.4864438592598906e-20
0.08600000000000001,0.511009900364244,-4.615283345965138e-19,1.0108929057508471,1.02116192684925,-1.1999421803127686e-18,0.0641033110084915,0.9997369981213226,1.8965521794738886e-19,-0.022933263774841593,1.3917751875775514e-20
0.088,0.5130510350224702,-4.639360816480318e-19,1.0110224151890803,1.0199608002479776,-1.207875510271863e-18,0.06540555910955122,0.9996963271675655,1.9980192516843346e-19,-0.024642513014699153,1.194657307487667e-20
0.09,0.5150896963676816,-4.663601159021e-19,1.011154523363425,1.0186887073671314,-1.2162289231695886e-18,0.06670201115038558,0.9996530752061307,2.0990991986178701e-19,-0.026338740116526583,9.295935474495706e-21
0.092,0.5171257430554878,-4.688010447530023e-19,1.0112892183515594,1.0173462362309256,-1.2245399114381253e-18,0.06799233785179389,0.9996073071504843,1.8702438038566493e-19,-0.028021982288149075,7.841441520315661e-21
0.094,0.5191590349171584,-4.712574036030271e-19,1.011426487580244,1.0159339744656823,-1.2316597398031826e-18,0.06927621756389653,0.9995590871349052,1.860681035202932e-19,-0.02969227721201581,1.0776027862988323e-20
0.096,0.5211894329587646,-4.737288080904196e-19,1.0115663178405045,1.0144525092382766,-1.240006861961335e-18,0.07055333619222195,0.9995084785274251,2.1256795664070567e-19,-0.03134966270619281,1.3149574884723185e-20
0.098,0.5232167993601662,-4.762175552070408e-19,1.0117086953026684,1.0129024271615061,-1.2487716826148507e-18,0.0718233871215759,0.9994555439264352,2.170846692735157e-19,-0.03299417698191222,1.2432024169505382e-20
0.1,0.5252409974738368,-4.787240172615371e-19,1.0118536055312468,1.0112843142288797,-1.2577216071237161e-18,0.07308607114121038,0.999400345171121,2.2158900758249863e-19,-0.03462585842754673,1.1375182228974695e-20
0.10200000000000001,0.527261891823541,-4.812485631467487e-19,1.0120010334996683,1.009598755729176,-1.2668553022721417e-18,0.07434109636838626,0.9993429433403496,2.2606810694049776e-19,-0.03624474576882947,1.0322293482704202e-20
0.10400000000000001,0.5292793481028574,-4.83791559050891e-19,1.012150963604859,1.007846336180161,-1.276171424006067e-18,0.07558817817281964,0.9992833987612794,2.305108073256704e-19,-0.03785087793045268,9.61584579326294e-21
0.106,0.5312932331735585,-4.863533685388771e-19,1.0123033796816698,1.0060276392501617,-1.2856687005898777e-18,0.07682703909998216,0.9992217710099165,2.3494319960403517e-19,-0.03944429413497159,8.570614128602545e-21
0.108,0.5333034150638456,-4.889343526254707e-19,1.0124582650171536,1.004143247692314,-1.295345807826025e-18,0.0780574087949977,0.9991581189184261,2.393643236290181e-19,-0.04102503381342058,7.186975708128176e-21
0.11,0.5353097629664458,-4.915348695516707e-19,1.0126156023646862,1.002193743271752,-1.3052013006221609e-18,0.07927902392573608,0.9990925005768908,2.4380079208566605e-19,-0.042593136665611944,4.7813482602022905e-21
0.112,0.5373121472365711,-4.941551597361923e-19,1.0127753739579355,1.000179706701371,-1.3148893809196978e-18,0.08049162810631251,0.9990249733397183,2.262125299427633e-19,-0.04414864260172698,3.503315608992653e-21
0.114,0.5393104393897458,-4.967936261898238e-19,1.0129375615246778,0.9981017175737212,-1.3234929337072864e-18,0.08169497182003932,0.9989555938282554,2.0327371675077704e-19,-0.04569159177833096,1.3060297541505399e-21
0.116,0.5413045120995037,-4.99448679213951e-19,1.0131021463004584,0.9959603542988789,-1.3313618892366949e-18,0.08288881234266311,0.998884417936578,1.7496339420993557e-19,-0.04722202455955918,-1.4762566454837245e-21
0.11800000000000001,0.5432942391949588,-5.021180112650898e-19,1.0132691090420995,0.9937561940404426,-1.3378110882998529e-18,0.08407291366524502,0.9988115008347106,1.6852133029082572e-19,-0.04873998153787834,2.0946915886430084e-22
0.12,0.5452794956582524,-5.048006247934145e-19,1.0134384300410548,0.9914898126558562,-1.3447964846082817e-18,0.08524704641725611,0.9987368969740021,1.620695422969303e-19,-0.050245503507689554,2.5784213752116048e-21
0.122,0.5472601576218805,-5.074961759448271e-19,1.0136100891366078,0.989161784636102,-1.3505960631148253e-18,0.08641098778945999,0.9986606600907716,1.3928532656891408e-19,-0.05173863147652947,2.7483688287577115e-21
0.124,0.5492361023659036,-5.102030629364606e-19,1.013784065728918,0.9867726830486637,-1.3563623560991995e-18,0.0875645214569751,0.998582843211412,1.4958420915917946e-19,-0.053219406646562044,2.22805701037451e-21
0.126,0.5512072083150424,-5.129219079778515e-19,1.0139603387919136,0.9843230794806305,-1.362553710774845e-18,0.08870743750223496,0.9985034986563371,1.598310200024001e-19,-0.05468787041980853,1.709225696944549e-21
0.128,0.5531733550356631,-5.156535586350069e-19,1.014138886886027,0.981813543984391,-1.3691675924245451e-18,0.08983953233811594,0.9984226780449098,1.7002754500842678e-19,-0.05614406438467094,1.191604356440001e-21
0.13,0.5551344232326536,-5.183988574268007e-19,1.0143196881707808,0.9792446450239402,-1.3762014398760481e-18,0.09096060863105013,0.9983404322996018,1.8017205208137502e-19,-0.05758803031745286,6.751366161449823e-22
0.132,0.5570902947461951,-5.211586417303417e-19,1.014502720417217,0.9766169494233321,-1.3836527279057992e-18,0.09207047522430906,0.9982568116508135,1.9022730765996634e-19,-0.05901981017211155,8.441741288679738e-22
0.134,0.5590408525484317,-5.239337440330723e-19,1.0146879610201747,0.9739310223160285,-1.3915190880922198e-18,0.0931689470613426,0.9981718656411849,2.0023508666221473e-19,-0.06043944607949458,1.012672482026499e-21
0.136,0.56098598074004,-5.267249921161285e-19,1.014875387010413,0.9711874270961006,-1.3997981214069092e-18,0.0942558451093021,0.9980856431303501,2.102340971715208e-19,-0.061846980339182143,4.9685016783757885e-22
0.138,0.5629255645467025,-5.295332088411041e-19,1.015064975066583,0.9683867253704894,-1.4084873581641356e-18,0.09533099628267652,0.9979981922993577,2.2016287982131348e-19,-0.0632424554173368,3.2370888888823292e-22
0.14,0.564859490315487,-5.32359212162088e-19,1.0152567015270455,0.9655294769129201,-1.4175843438646369e-18,0.09639423336713228,0.9979095606553883,2.300423937872967e-19,-0.06462591393991671,1.512680254984255e-22
0.14200000000000002,0.5667876455111354,-5.352038151641267e-19,1.0154505424015379,0.9626162396189637,-1.4270866836545815e-18,0.09744539494351487,0.997819795036254,2.39874293734839e-19,-0.06599739868970295,-2.032696903859727e-23
0.14400000000000002,0.5687099187122632,-5.380678261575598e-19,1.0156464733826882,0.959647569462613,-1.4369919551376176e-18,0.09848432531207736,0.9977289416150976,2.496795558243865e-19,-0.06735695260042873,-5.330590088907022e-22
0.146,0.5706261996074747,-5.409520485321203e-19,1.0158444698573788,0.9566240204540468,-1.447297686450098e-18,0.09951087441691278,0.9976370459049511,2.5943575965263802e-19,-0.06870461875333891,-1.0441494465036166e-21
0.148,0.5725363789913941,-5.438572807437926e-19,1.0160445069179582,0.9535461445988066,-1.4580014221534557e-18,0.10052489777063806,0.9975441527634267,2.691201017577047e-19,-0.07004044037194693,-1.2120681470550558e-21
0.15,0.5744403487606161,-5.467843163989388e-19,1.0162465593733032,0.9504144918581726,-1.4691007679327468e-18,0.10152625637931902,0.9974503063973188,2.787568507376067e-19,-0.07136446081834873,-1.3789877610087172e-21
0.152,0.5763380019095795,-5.497339443485759e-19,1.0164506017597312,0.9472296101108739,-1.4805933751089913e-18,0.10251481666767216,0.9973555503672953,2.882737783248162e-19,-0.07267672358842442,-5.19428128324753e-22
0.154,0.5782292325263646,-5.527069489478268e-19,1.0166566083517623,0.943992045115991,-1.4924771239575748e-18,0.10349045040454066,0.9972599275925309,2.976490409184376e-19,-0.07397727230804557,1.7061816637061507e-21
0.156,0.5801139357884179,-5.55704110588091e-19,1.0168645531727336,0.9407023404771286,-1.504750138534986e-18,0.10445303462867211,0.9971634803554017,3.069586134980415e-19,-0.07526615072860458,4.2694556475245396e-21
0.158,0.5819920079582065,-5.587262060114233e-19,1.0170744100052653,0.9373610376077629,-1.5174106540294595e-18,0.10540245157480044,0.997066250306143,3.1620356621413297e-19,-0.07654340272320168,7.169304824953945e-21
0.16,0.5838633463788043,-5.617740085010303e-19,1.0172861524015788,0.9339686756978037,-1.5304569606910059e-18,0.1063385886000537,0.9969682784675481,3.2541021015231043e-19,-0.07780907228242719,1.006413505357164e-20
0.162,0.5857278494694123,-5.648480596641079e-19,1.017499753693668,0.9305257916813066,-1.5434307682751581e-18,0.10726133811069338,0.9968696052396436,3.019157804462217e-19,-0.07906320351058117,8.685889684075395e-21
0.164,0.5875854167208155,-5.679468443377607e-19,1.0177151870033248,0.9270329202053514,-1.5554194705793768e-18,0.10817059748920271,0.996770270404393,3.0609951943157947e-19,-0.08030584062166018,6.4114423347221145e-21
0.166,0.5894359486907796,-5.71070376347984e-19,1.0179324252520185,0.9234905936000406,-1.5680259340061786e-18,0.10906626902173118,0.9966703131303856,2.938896536923277e-19,-0.08153702793564176,2.8238010759396462e-21
0.168,0.591279346999387,-5.742178338752465e-19,1.0181514411706318,0.9198993418496202,-1.5793071239294756e-18,0.10994825982591026,0.9965697719775422,2.8173344064168854e-19,-0.0827568098746437,-1.0950279116412909e-21
0.17,0.5931155143243176,-5.773882827588239e-19,1.018372207309051,0.9162596925646874,-1.59132179796355e-18,0.11081648177904793,0.9964686849018141,3.0762374808666604e-19,-0.08396523095929251,1.2486329796531474e-21
0.17200000000000001,0.5949443543960753,-5.805834911330965e-19,1.0185946960456145,0.9125721709554806,-1.6039517349745214e-18,0.11167085144671497,0.9963670892598915,3.1686091896827016e-19,-0.08516233580503396,3.911471730026281e-21
0.17400000000000002,0.5967657719931603,-5.838043438697244e-19,1.0188188795964173,0.9088372998062204,-1.6169658981150602e-18,0.11251129001173102,0.9962650218139069,3.260587181846047e-19,-0.08634816911859618,6.5691841756980134e-21
0.176,0.5985796729371935,-5.870516076388424e-19,1.019044730024476,0.9050555994504949,-1.6303625081063928e-18,0.11333772320356152,0.9961625187361445,3.352172096084958e-19,-0.08752277569443676,9.222237153207904e-21
0.178,0.6003859640879907,-5.903260455468903e-19,1.0192722192487516,0.9012275877476603,-1.6441397666301657e-18,0.11415008122813367,0.9960596156137461,3.443360605704019e-19,-0.08868620041130619,1.187106124337838e-20
0.18,0.602184553338592,-5.936284171222004e-19,1.0195013190530315,0.8973537800602481,-1.6582959326404048e-18,0.11494829869808093,0.9959563474534202,3.533258602932579e-19,-0.08983848822882105,1.553898097889565e-20
0.182,0.6039753496102459,-5.969592508377728e-19,1.0197320010946749,0.8934346892323526,-1.6723739288979392e-18,0.11573231456342407,0.9958527486861479,3.2973066766568765e-19,-0.09097968418413016,1.385585340637778e-20
0.184,0.6057582628473522,-6.003168719412127e-19,1.019964236913218,0.8894708255689869,-1.6851220006179605e-18,0.11650207204269716,0.9957488531718846,3.116931775693053e-19,-0.09210983338860562,1.2681696222959839e-20
0.186,0.6075332040123638,-6.036996139813451e-19,1.0201979979388425,0.885462696816386,-1.6974576660214857e-18,0.11725751855452607,0.995644694204269,2.883296720583368e-19,-0.09322898102461245,1.0671353126136214e-20
0.188,0.6093000850806501,-6.071056685954648e-19,1.0204332555007078,0.8814108081432405,-1.7084732365190267e-18,0.11799860564966713,0.9955403045153205,2.704894561092349e-19,-0.09433717234231183,9.523924708899988e-21
0.19,0.6110588190353244,-6.105335779030004e-19,1.020669980835148,0.8773156621228428,-1.7193130106827975e-18,0.11872528894351259,0.9954357162801364,2.581638801892654e-19,-0.09543445265653216,9.244625824001218e-21
0.192,0.6128093198620357,-6.139822337358068e-19,1.0209081450937336,0.8731777587161301,-1.7292960266859183e-18,0.11943752804907,0.9953309611215878,2.5132171365908543e-19,-0.09652086734368003,9.834857738224037e-21
0.194,0.6145515025437278,-6.174510263114786e-19,1.0211477193512004,0.8689975952556035,-1.7395636982832354e-18,0.12013528651042167,0.9952260701150091,2.5000684745305493e-19,-0.09759646183871129,1.0615929567550536e-20
0.196,0.6162852830553674,-6.209399556293736e-19,1.0213886746132457,0.8647756664301095,-1.7493190466940944e-18,0.12081853173667036,0.995121073792884,2.48882999888758e-19,-0.09866128163214503,9.350624762069267e-21
0.198,0.6180105783586421,-6.244486045411632e-19,1.021630981824192,0.860512464270465,-1.7592454466091494e-18,0.12148723493637695,0.9950160021495267,2.3691996288861517e-19,-0.09971537226713266,6.325953722121653e-21
0.2,0.6197273063966308,-6.279761402700655e-19,1.0218746118745217,0.8562084781359091,-1.7682062142330103e-18,0.12214137105249562,0.9949108846457576,2.2507554122429567e-19,-0.10075877933657104,2.630689047660826e-21
0.202,0.6214353860884474,-6.315217718303936e-19,1.0221195356082804,0.8518641947013655,-1.777568752486102e-18,0.12278091869781149,0.9948057502135726,2.45738656597557e-19,-0.10179154848026711,4.990673570229528e-21
0.20400000000000001,0.6231347373238609,-6.350868692191576e-19,1.0223657238303532,0.8474800979454993,-1.78755779379766e-18,0.12340586009088586,0.9947006272608077,2.447312039077354e-19,-0.10281372538214667,2.722717782568762e-21
0.20600000000000002,0.624825280957891,-6.386716221228493e-19,1.0226131473136122,0.8430566691395495,-1.7972620487061852e-18,0.1240161809925134,0.9945955436757945,2.5469924298219773e-19,-0.10382535576751194,9.073583298136672e-22
0.20800000000000002,0.6265069388053829,-6.422763319405102e-19,1.0228617768059378,0.8385943868369247,-1.8072497604767684e-18,0.12461187064269566,0.9944905268320112,2.260361673891441e-19,-0.10482648540034273,-7.9878540892125745e-22
0.21,0.6281796336355618,-6.45899030340307e-19,1.0231115830371147,0.8340937268635427,-1.815365012465662e-18,0.12519292169813506,0.9943856035927244,2.1967737084789976e-19,-0.10581716008064422,-3.600366124248222e-21
0.212,0.6298432891665693,-6.49538892880277e-19,1.0233625367256032,0.8295551623088997,-1.824451967562323e-18,0.1257593301702529,0.994280800315623,2.0797696932341432e-19,-0.10679742564183746,-7.653562560641691e-21
0.214,0.6314978300599818,-6.531950625846582e-19,1.0236146085851874,0.8249791635178528,-1.831559344805185e-18,0.12631109536373492,0.9941761428574445,1.903090051370244e-19,-0.10776732794819448,-6.82531589068361e-21
0.216,0.633143181915314,-6.568658194521572e-19,1.0238677693315,0.8203661980831007,-1.839077663951247e-18,0.12684821981560795,0.9940716565785921,1.7285409543753348e-19,-0.10872691289231534,-7.011722450812168e-21
0.218,0.6347792712645074,-6.605498691768993e-19,1.0241219896884273,0.8157167308383467,-1.8449661082328084e-18,0.12737070923485028,0.9939673663477429,1.5559333121366698e-19,-0.10967622639264786,-8.212884522600608e-21
0.22,0.6364060255664062,-6.642461517510678e-19,1.0243772403943927,0.8110312238521288,-1.8512735100277912e-18,0.12787857244253859,0.9938632965464461,1.4876904040680694e-19,-0.11061531439104817,-3.091769135818172e-21
0.222,0.6380233732012215,-6.679538811232213e-19,1.0246334922085218,0.8063101364223025,-1.8563000332245956e-18,0.12837182131253422,0.9937594710737119,1.3142912049524857e-19,-0.11154422285038242,-2.255951636039209e-21
0.224,0.6396312434649847,-6.716718232809994e-19,1.024890715916689,0.8015539250711611,-1.8616379274000644e-18,0.12885047071271077,0.99365591335059,1.3624534338521328e-19,-0.11246299775216811,-1.3520541947690683e-21
0.226,0.6412295665639922,-6.75400148197296e-19,1.0251488823374466,0.7967630435411776,-1.86672044673296e-18,0.1293145384467252,0.9935526463247373,1.410539001301097e-19,-0.11337168509425512,-4.491991132971234e-22
0.228,0.6428182736092424,-6.791392893668413e-19,1.02540796232784,0.7919379427913559,-1.872567110296452e-18,0.12976404519633436,0.9934496924749747,1.5136274439046755e-19,-0.11427033088854506,3.9178966207665014e-22
0.23,0.6443972966108649,-6.828900174569829e-19,1.0256679267891058,0.7870790709941753,-1.878043180730001e-18,0.13019901446425858,0.9933470738158332,1.3411798285141991e-19,-0.11515898115874895,4.791018605591484e-22
0.232,0.6459665684725454,-6.866509894437342e-19,1.0259287466722566,0.7821868735331146,-1.8828116502587997e-18,0.13061947251759354,0.9932448119020874,1.1699729454982666e-19,-0.11603768193818208,2.3195476910619857e-22
0.234,0.647526022985946,-6.90420794311804e-19,1.0261903929835547,0.7772617930007417,-1.886876705888053e-18,0.13102544833177204,0.9931429278332776,9.984174866896685e-20,-0.11690647926759573,1.0120680704698636e-21
0.23600000000000002,0.6490755948251211,-6.941982554252937e-19,1.0264528367898726,0.7723042691973556,-1.890694464043354e-18,0.1314169735350764,0.9930414422582201,1.1572101697305528e-19,-0.11776541919304494,3.2601961564505593e-21
0.23800000000000002,0.6506152195409329,-6.979842360841073e-19,1.0267160492239438,0.7673147391301657,-1.8952827425795466e-18,0.13179408235370235,0.9929403753795041,1.1002739547521662e-19,-0.11861454776379174,5.3458528197538115e-22
0.24,0.6521448335554644,-7.017785030165701e-19,1.0269800014895039,0.7622936370129962,-1.8989431782622007e-18,0.1321568115573754,0.992839746957976,1.0422398699246602e-19,-0.11945391103024337,-1.1631399088012956e-21
0.242,0.6536643741564327,-7.055805220012758e-19,1.0272446648663243,0.7572413942665026,-1.903034983746864e-18,0.13250520040551977,0.992739576317211,9.292215298886735e-20,-0.12028355504192459,-2.828964797853684e-21
0.244,0.6551737794916037,-7.093893482552964e-19,1.027510010715138,0.7521584395188851,-1.9057509094642604e-18,0.13283929059398042,0.99263988234797,7.628461439400437e-20,-0.12110352584548383,-5.485025066849999e-21
0.246,0.6566729885632081,-7.132037039512423e-19,1.0277760104824596,0.7470451986070887,-1.9084520989425646e-18,0.13315912620229836,0.9925406835126441,5.418765798152064e-20,-0.12191386948273221,-8.115073725510124e-21
0.248,0.6581619412223604,-7.1702160416491975e-19,1.0280426357053003,0.7419020945784756,-1.9092209275072076e-18,0.13346475364153906,0.9924419978496847,2.1341142369463113e-20,-0.1227146319887153,-1.2410511874674728e-20
0.25,0.6596405781634822,-7.208406970684212e-19,1.0283098580157795,0.7367295476929568,-1.909984114174285e-18,0.13375622160267386,0.9923438429780185,3.7703706610876773e-20,-0.12350585938981648,-1.131111474752593e-20
0.252,0.6611088409187295,-7.246619874007406e-19,1.0285776491456333,0.7315279754255735,-1.911417771841522e-18,0.13403358100551416,0.9922462361014487,5.398790875059996e-20,-0.12428759770189189,-1.0219372844608596e-20
0.254,0.6625666718524259,-7.284865869327876e-19,1.0288459809306219,0.7262977924695115,-1.91318009142275e-18,0.13429688494819772,0.9921491940130411,4.27809821246792e-20,-0.125059892928436,-1.0841376142909906e-20
0.256,0.6640140141555027,-7.323139491195739e-19,1.0291148253148357,0.7210394107395416,-1.9140306467940608e-18,0.13454618865722662,0.9920527330994953,3.154441313297511e-20,-0.12582279105877744,-1.0778331123588522e-20
0.258,0.6654508118399453,-7.361430808573687e-19,1.029384154354903,0.7157532393758692,-1.9152127646157556e-18,0.13478154943805593,0.9919568693454992,4.790010591429257e-20,-0.12657633806630447,-9.982282049847303e-21
0.26,0.6668770097332488,-7.399750197777725e-19,1.029653940224099,0.7104396847483863,-1.9167247055811767e-18,0.13500302662623234,0.9918616183380703,3.6725208490231084e-20,-0.1273205799067196,-1.062356083202662e-20
0.262,0.6682925534728819,-7.438092976508676e-19,1.0299241552163572,0.7050991504613102,-1.91755200850881e-18,0.13521068153908178,0.9917669952708787,3.642470513553766e-20,-0.12805556251632283,-9.525079087732547e-21
0.264,0.66969738950076,-7.4764578622100585e-19,1.0301947717501854,0.6997320373582006,-1.9190479272536563e-18,0.13540457742794446,0.9916730149485559,4.695714719528846e-20,-0.12878133181032284,-6.6839631128844486e-21
0.266,0.6710914650577298,-7.514853702584852e-19,1.0304657623724862,0.6943387435273418,-1.920647208981387e-18,0.13558477943095673,0.991579691790985,5.745548963699735e-20,-0.12949793368117582,-3.850418073382443e-21
0.268,0.6724747281780643,-7.553288187028125e-19,1.0307370997622844,0.6889196643074811,-1.922799653238904e-18,0.1357513545263777,0.9914870398375774,5.70448450478699e-20,-0.13020541399695137,-2.4450084560261496e-21
0.27,0.6738471276839698,-7.591760732568631e-19,1.0310087567343604,0.6834751922939104,-1.9244907174339968e-18,0.13590437148645948,0.9913950727515292,5.1234414231717615e-20,-0.13090381859972472,-2.09817428027728e-21
0.272,0.6752086131801052,-7.63026924869474e-19,1.0312807062427929,0.6780057173448827,-1.9263968193469187e-18,0.13604390083185924,0.9913038038240631,5.63990601443365e-20,-0.13159319330399522,-9.965418549118656e-22
0.274,0.6765591350481147,-7.66881615146518e-19,1.0315529213844103,0.6725116265883507,-1.928404173985054e-18,0.1361700147865916,0.9912132459786528,6.698850987657095e-20,-0.13227358389513022,8.238323680621451e-22
0.276,0.6778986444411745,-7.707411704910137e-19,1.0318253754021534,0.6669933044290196,-1.931186657492203e-18,0.13628278723351916,0.991123411775228,7.757240913799877e-20,-0.13294503612783415,2.29688737521089e-21
0.278,0.6792270932785531,-7.746062387563327e-19,1.0320980416883483,0.6614511325557019,-1.9339542504465533e-18,0.13638229367037946,0.9910343134143641,8.812021232266884e-20,-0.13360759572464195,3.7655467323315776e-21
0.28,0.6805444342401876,-7.784776509359319e-19,1.0323708937878933,0.655885489948966,-1.937492874582223e-18,0.1364686111663464,0.9909459627414523,9.333294893609113e-20,-0.13426130837443687,3.479025954364325e-21
0.28200000000000003,0.681850620761275,-7.823557482841734e-19,1.0326439054013583,0.6502967528890674,-1.9404521897520303e-18,0.13654181831912368,0.9908583712508527,7.097641596452774e-20,-0.13490621973099173,2.2261655014889164e-21
0.28400000000000003,0.6831456070268795,-7.862390750012111e-19,1.0329170503879999,0.6446852949641543,-1.942947331057666e-18,0.1366019952125685,0.9907715500900287,8.159949715718466e-20,-0.13554237541153347,3.3848447784047417e-21
0.28600000000000003,0.6844293479665572,-7.90128276138941e-19,1.0331903027686913,0.6390514870787367,-1.94632623610171e-18,0.13664922337484275,0.9906855100636623,9.221708917750357e-20,-0.13616982099533048,4.1982134849626904e-21
0.28800000000000003,0.6857017992489969,-7.940241055523034e-19,1.03346363672877,0.6333956974624114,-1.9495752269191357e-18,0.1366835857370897,0.9906002616377524,9.735314509002256e-20,-0.1367886020223021,4.259936465106402e-21
0.29,0.6869629172766799,-7.979270506560671e-19,1.0337370266208024,0.6277182916788321,-1.9533670258061122e-18,0.13670516659263343,0.9905158149436919,9.703169282933943e-20,-0.1373987639916502,3.570701072674858e-21
0.292,0.6882126591805567,-8.018371111657482e-19,1.0340104469672682,0.6220196326349173,-1.956578625370051e-18,0.13671405155669877,0.990432179782328,9.123503524329753e-20,-0.13800035236051206,2.4697369242849458e-21
0.294,0.6894509828147435,-8.057536519832431e-19,1.0342838724631642,0.6163000805902861,-1.9598848857759183e-18,0.13671032752664877,0.9903493656280022,8.012903139316812e-20,-0.1385934125426343,-6.15890631735587e-23
0.296,0.6906778467512367,-8.0967589167249795e-19,1.0345572779785293,0.6105599931669136,-1.9622778717231825e-18,0.13669408264273739,0.9902673816325708,6.898095411070928e-20,-0.13917798990706753,-1.90432331470662e-21
0.298,0.6918932102746478,-8.136029039896908e-19,1.0348306385608914,0.6047997253589978,-1.964657905925863e-18,0.13666540624937437,0.990186236629406,5.774204839475891e-20,-0.13975412977688118,-2.7205915828336526e-21
0.3,0.6930970333769577,-8.175337681270913e-19,1.0351039294376378,0.5990196295430297,-1.9660182100519236e-18,0.1366243888568998,0.990105939137378,3.570062678956232e-20,-0.1403218774278979,-5.0625257506225824e-21
0.302,0.6942892767522919,-8.214668228953124e-19,1.035377126018309,0.5932200554880572,-1.9670357083349153e-18,0.13657112210386502,0.9900264973648163,3.5908077311850186e-20,-0.14088127808744794,-7.367222946735632e-21
0.304,0.6954699017917154,-8.254019068793559e-19,1.035650203896817,0.5874013503661378,-1.9680473920555175e-18,0.1365056987198176,0.9899479192134508,3.616088410917922e-20,-0.14143237693314198,-1.000579835087848e-20
0.306,0.6966388705780501,-8.293390082543948e-19,1.0359231388535923,0.5815638587629682,-1.9690530729285282e-18,0.13642821248858678,0.9898702122823344,3.6362570107466695e-20,-0.141975219091663,-1.2299769972131895e-20
0.308,0.6977961458807121,-8.33278114847667e-19,1.036195906857655,0.5757079226886872,-1.970052582253614e-18,0.1363387582120667,0.9897933838717425,3.6513023334570395e-20,-0.14250984963757624,-1.4249169910615793e-20
0.31,0.6989416911505723,-8.3721921417846455e-19,1.036468484068615,0.5698338815888413,-1.9710457932526785e-18,0.13623743167449426,0.9897174409870553,3.656413459818431e-20,-0.1430363135921573,-1.5515566734896887e-20
0.312,0.7000754705148375,-8.411622935656166e-19,1.0367408468386021,0.5639420723555076,-1.9720326306121456e-18,0.1361243296072185,0.9896423903426163,3.6614267378201844e-20,-0.14355465592223754,-1.6778022184886878e-20
0.314,0.7011974487719556,-8.451073402077328e-19,1.0370129717141252,0.5580328293385661,-1.973013031018037e-18,0.13599954965395827,0.9895682383655721,3.666322304357249e-20,-0.14406492153906686,-1.8037397519984478e-20
0.316,0.7023075913865418,-8.490543411525783e-19,1.037284835437862,0.5521064843571137,-1.9739869215130094e-18,0.1358631903365449,0.9894949911996909,3.676040317039773e-20,-0.14456715529719344,-1.9632784265205456e-20
0.318,0.7034058644843291,-8.530032833111686e-19,1.037556414950383,0.5461633667110145,-1.974954238055966e-18,0.13571535102114685,0.9894226547091591,3.6757746471673255e-20,-0.14506140199335973,-2.0546926459370684e-20
0.32,0.7044922348471413,-8.569541534996759e-19,1.0378276873918049,0.5402038031925779,-1.9759149416942243e-18,0.13555613188497292,0.9893512344823581,3.6804245251338887e-20,-0.14554770636541484,-2.1798194926243366e-20
0.322,0.7055666699078896,-8.609069384387976e-19,1.038098630103381,0.5342281180983594,-1.9768689715092607e-18,0.13538563388345054,0.9892807358356184,3.6949250428802336e-20,-0.14602611309124283,-2.3725275368855284e-20
0.324,0.7066291377455934,-8.648616246801909e-19,1.0383692206290251,0.528236633241077,-1.9778162296496232e-18,0.135203958717876,0.9892111638169531,3.704256268621164e-20,-0.1464966667877064,-2.530917097933876e-20
0.326,0.7076796070804241,-8.688181986047757e-19,1.0386394367167713,0.5222296679616362,-1.9787566475080555e-18,0.1350112088035331,0.9891425232097698,3.7034730356437523e-20,-0.14695941200960586,-2.6211230038197016e-20
0.328,0.7087180472687739,-8.727766465080454e-19,1.0389092563201698,0.5162075391412588,-1.9796902048021733e-18,0.13480748723827696,0.9890748185365608,3.7026576276106496e-20,-0.14741439324865319,-2.71109723107236e-20
0.33,0.7097444282983484,-8.76736954651903e-19,1.039178657599622,0.5101705612137082,-1.9806168838140782e-18,0.13459289777157915,0.989008054062571,3.696766969665719e-20,-0.14786165493246042,-2.7669885989989836e-20
0.332,0.7107587207832846,-8.806991092854704e-19,1.0394476189236528,0.5041190461776056,-1.9815367029399877e-18,0.13436754477403115,0.9889422337994447,3.675747861735147e-20,-0.14830124142354265,-2.721130011408851e-20
0.334,0.7117608959592923,-8.846630967625772e-19,1.0397161188701223,0.49805330360883215,-1.982449747923708e-18,0.13413153320730237,0.9888773615088499,3.649831493018543e-20,-0.1487331970183348,-2.6414503913880866e-20
0.336,0.7127509256788214,-8.88628903641218e-19,1.039984136227379,0.4919736406730099,-1.9833561146868276e-18,0.13388496859454913,0.9888134407060806,3.639328123165795e-20,-0.14915756594622237,-2.663501118636728e-20
0.338,0.7137287824062539,-8.925965166143374e-19,1.0402516499953534,0.4858803621380574,-1.9842558465851902e-18,0.13362795699127125,0.9887504746636371,3.628865224115877e-20,-0.14957439236858563,-2.685475333976541e-20
0.34,0.7146944392131213,-8.965659224480123e-19,1.0405186393865935,0.47977377038681346,-1.9851489823594704e-18,0.1333606049566127,0.9886884664147833,3.613340046118779e-20,-0.14998372037785676,-2.6734482390888323e-20
0.342,0.7156478697733466,-9.005371080055762e-19,1.0407850838272443,0.47365416542972477,-1.9860355747582033e-18,0.1330830195251024,0.9886274187570826,3.608174818470605e-20,-0.1503855939965903,-2.729178494844984e-20
0.34400000000000003,0.716589048358513,-9.045100602184784e-19,1.0410509629579705,0.4675218449175914,-1.986915637407976e-18,0.13279530817883212,0.9885673342559104,3.608163503333607e-20,-0.1507800571765459,-2.8187156887657453e-20
0.34600000000000003,0.7175179498331568,-9.08484766021684e-19,1.0413162566348242,0.46137710415436556,-1.9877891640454952e-18,0.13249757882006724,0.9885082152479445,3.6029575485248836e-20,-0.15116715379778387,-2.874108322038436e-20
0.34800000000000003,0.7184345496500867,-9.124612123615815e-19,1.041580944930058,0.45522023610999873,-1.9886561822264122e-18,0.13218993974428744,0.9884500638446327,3.5822887256415167e-20,-0.15154692766777242,-2.827762840500493e-20
0.35000000000000003,0.7193388238457288,-9.16439386284437e-19,1.0418450081328852,0.4490515314333324,-1.9895167594920594e-18,0.131872499613653,0.9883928819356376,3.5617526436241294e-20,-0.15191942252050733,-2.781493636245278e-20
0.352,0.7202307490354972,-9.204192749871503e-19,1.042108426750187,0.44287127846502733,-1.9903709752189043e-18,0.13154536743089357,0.9883366711922583,3.546547093343843e-20,-0.15228468201564288,-2.769129183192659e-20
0.354,0.7211103024091908,-9.244008658130952e-19,1.0423711815071675,0.4366797632505275,-1.9912188838768138e-18,0.13120865251361566,0.98828143307083,3.541833729661094e-20,-0.15264274973763442,-2.8245036200037233e-20
0.356,0.7219774617264155,-9.283841461668618e-19,1.0426332533479583,0.4304772695530536,-1.992060506800835e-18,0.13086246446902497,0.9882271688160995,3.5371517383223647e-20,-0.15299366919489213,-2.879805698269206e-20
0.358,0.722832205312033,-9.323691034951554e-19,1.0428946234361731,0.4242640788666224,-1.9928958630418855e-18,0.1305069131690601,0.988173879464578,3.522016577173574e-20,-0.15333748381894577,-2.8672280277283706e-20
0.36,0.7236745120516354,-9.363557253147646e-19,1.0431552731554123,0.4180404704290871,-1.9937250091343924e-18,0.1301421087259341,0.9881215658478713,3.5069904021283e-20,-0.1536742369636201,-2.854607929485642e-20
0.362,0.724504361387046,-9.403439992621121e-19,1.0434151841097197,0.41180672123519535,-1.9945479962469316e-18,0.1297681614680798,0.9880702285959858,3.492032810963906e-20,-0.154003971904221,-2.8419930053638915e-20
0.364,0.725321733311846,-9.443339130745406e-19,1.0436743381239908,0.4055631060496603,-1.995364884973269e-18,0.12938518191649567,0.9880198681406124,3.4771942295012183e-20,-0.15432673183673185,-2.8294166330408577e-20
0.366,0.7261266083669278,-9.48325454610474e-19,1.0439327172443353,0.39930989742024103,-1.996175723708256e-18,0.1289932807614883,0.9879704847183857,3.47299539630512e-20,-0.15464255987702005,-2.8845987802094095e-20
0.368,0.7269189676360736,-9.523186117911617e-19,1.0441903037383922,0.3930473656908289,-1.9969805272259126e-18,0.12859256883980794,0.9879220783741205,3.4846833610815215e-20,-0.1549514990600535,-3.041196019558669e-20
0.37,0.7276987927415612,-9.563133725248548e-19,1.0444470800956,0.38677577901453536,-1.9977792730839652e-18,0.12818315711217326,0.9878746489640251,3.501610034543784e-20,-0.15525359233912686,-3.2313033140128406e-20
0.372,0.7284660658397959,-9.603097246572397e-19,1.0447030290274237,0.38049540336677895,-1.998571913675422e-18,0.12776515664118204,0.9878281961588904,3.523730079903147e-20,-0.15554888258509725,-3.454805474038177e-20
0.374,0.7292207696169672,-9.643076559188353e-19,1.0449581334675355,0.37420650255836657,-1.999358394809162e-18,0.1273386785696037,0.9877827194472557,3.540401852594735e-20,-0.15583741258562944,-3.643961670702245e-20
0.376,0.7299628872847336,-9.68307153952148e-19,1.0452123765719543,0.36790933824856664,-2.000138678466365e-18,0.12690383409905032,0.987738218138551,3.5516523652177137e-20,-0.15611922504445022,-3.798851276818915e-20
0.378,0.7306924025759318,-9.72308206336135e-19,1.0454657417191424,0.3616041699581707,-2.0009127423391786e-18,0.1264607344690223,0.9876946913662155,3.5628473696030236e-20,-0.15639436258061168,-3.953401154641841e-20
0.38,0.7314092997403135,-9.7631080061381e-19,1.0457182125100606,0.35529125508254,-2.0016805712928403e-18,0.12600949093632532,0.987652138090792,3.5686276365633256e-20,-0.1566628677277635,-4.0736856179345686e-20
0.382,0.7321135635403072,-9.80314924316106e-19,1.0459697727681825,0.3489708489046344,-2.0024421664301646e-18,0.12555021475485453,0.9876105571029982,3.574386032425729e-20,-0.1569247829334338,-4.193627221888403e-20
0.384,0.7328051792468062,-9.843205649760427e-19,1.046220406539469,0.3426432046080204,-2.003197524567215e-18,0.12508301715574272,0.9875699470267735,3.585473124009224e-20,-0.15718015055831835,-4.347113917090467e-20
0.386,0.7334841326349834,-9.883277101058733e-19,1.0464700980923027,0.3363085732898552,-2.003946634752446e-18,0.12460800932786874,0.9875303063223025,3.601890187322059e-20,-0.15742901287557864,-4.534023032183447e-20
0.388,0.7341504099801307,-9.923363471942365e-19,1.0467188319173852,0.32996720397384466,-2.0046894790719546e-18,0.12412530239872242,0.9874916332890145,3.618231501168023e-20,-0.15767141207014754,-4.720477565254613e-20
0.39,0.7348039980535259,-9.963464636935744e-19,1.0469665927275944,0.3236193436231718,-2.0054260433032916e-18,0.12363500741562268,0.9874539260685583,3.629112660515217e-20,-0.1579073902380434,-4.8726794605956584e-20
0.392,0.7354448841183238,-1.0003580470381356e-18,1.0472133654578062,0.3172652371533935,-2.006156324471503e-18,0.12313723532728493,0.9874171826477546,3.634557650718799e-20,-0.15813698938569198,-4.990708318322899e-20
0.394,0.7360730559254739,-1.0043710846720535e-18,1.0474591352646792,0.31090512744530285,-2.006880335791998e-18,0.12263209696573449,0.9873814008615224,3.6345829824842686e-20,-0.15836025142925608,-5.074603602864909e-20
0.396,0.7366885017096644,-1.0083855640791838e-18,1.0477038875264035,0.30453925535775483,-2.0075980995215407e-18,0.12211970302856215,0.9873465783957833,3.640042175483783e-20,-0.1585772181939728,-5.1920747078553474e-20
0.398,0.7372912101852901,-1.0124014727826393e-18,1.0479476078424146,0.29816785974045296,-2.0083096347223086e-18,0.12160016406151868,0.9873127127903406,3.650937015120168e-20,-0.15878793141349837,-5.343122122255199e-20
0.4,0.7378811705424477,-1.016418798334241e-18,1.048190282033072,0.29179117744669403,-2.0090149466994703e-18,0.12107359044144443,0.9872798014417347,3.67266402054583e-20,-0.15899243272926025,-5.561420644506381e-20
0.402,0.7384583724429552,-1.0204375282771921e-18,1.0484318961393049,0.28540944334607,-2.0097140195075482e-18,0.12054009235953077,0.9872478416060744,3.699732780172356e-20,-0.15919076368981655,-5.812983449400144e-20
0.404,0.7390228060163972,-1.0244576501094446e-18,1.0486724364222249,0.2790228903371236,-2.0104068341937827e-18,0.11999977980490957,0.9872168304018437,3.721265155208233e-20,-0.15938296575022243,-6.030148652147001e-20
0.406,0.7395744618561958,-1.0284791513067235e-18,1.0489118893627052,0.2726317493599563,-2.01109338412549e-18,0.11945276254856758,0.9871867648126861,3.7427332586181967e-20,-0.1595690802714037,-6.246785326946049e-20
0.40800000000000003,0.7401133310157056,-1.0325020193382455e-18,1.0491502416609286,0.26623624940878704,-2.011773668072511e-18,0.11889915012758198,0.987157641690162,3.753211884698786e-20,-0.15974914851953714,-6.39528020667236e-20
0.41000000000000003,0.7406394050043352,-1.0365262416847606e-18,1.0493874802359044,0.2598366175444586,-2.0124477008777735e-18,0.11833905182967368,0.9871294577564844,3.763677814255818e-20,-0.1599232116654376,-6.54340556220452e-20
0.41200000000000003,0.7411526757836924,-1.040551805863507e-18,1.0496235922249542,0.25343307890689126,-2.0131155032346886e-18,0.11777257667807504,0.9871022096072298,3.768666572519509e-20,-0.16009131078395178,-6.657417094003262e-20
0.41400000000000003,0.7416531357637547,-1.04457869944228e-18,1.0498585649831684,0.24702585672748117,-2.0137771075678594e-18,0.11719983341670852,0.9870758937140243,3.773689333523103e-20,-0.1602534868533586,-6.771176845647867e-20
0.41600000000000004,0.7421407777990651,-1.0486069100632281e-18,1.050092386082833,0.24061517234144167,-2.0144325503778016e-18,0.11662093049567276,0.987050506427206,3.7732519527024294e-20,-0.16040978075477608,-6.850903885476114e-20
0.418,0.7426155951849516,-1.0526364254411374e-18,1.0503250433128275,0.2342012452000865,-2.0150818725360056e-18,0.1160359760570329,0.987026043978464,3.772856315829568e-20,-0.16056023327157426,-6.930379270166883e-20
0.42,0.7430775816537717,-1.0566672333819358e-18,1.050556524677995,0.22778429288305307,-2.015725119638098e-18,0.1154450779209116,0.9870025024834518,3.7614948452056096e-20,-0.1607048850887949,-6.941961238144244e-20
0.422,0.7435267313711813,-1.0606993217922435e-18,1.0507868183984848,0.2213645311104643,-2.0163623531204178e-18,0.11484834357187748,0.9869798779443777,3.74473138361712e-20,-0.16084377679257683,-6.91966772576226e-20
0.424,0.7439630389324278,-1.064732678712112e-18,1.0510159129090673,0.21494217375502767,-2.016993637675896e-18,0.11424588014562767,0.9869581662525708,3.7446007910712553e-20,-0.16097694886958772,-6.998863051829952e-20
0.426,0.7443864993586671,-1.0687672922930131e-18,1.051243796858424,0.2085174328540703,-2.017619022026938e-18,0.1136377944159611,0.9869373631910225,3.733490292729683e-20,-0.16110444170646165,-7.010250568481741e-20
0.428,0.7447971080933051,-1.072803150792402e-18,1.051470459108411,0.20209051862150856,-2.018238565807514e-18,0.1130241927820392,0.9869174644369048,3.716950893984372e-20,-0.16122629558924279,-6.987726649816512e-20
0.43,0.7451948609983627,-1.0768402425941196e-18,1.0516958887332961,0.1956616394597512,-2.0188523350498093e-18,0.11240518125593094,0.986898465564063,3.695003652234863e-20,-0.16134255070283465,-6.931452785980694e-20
0.432,0.7455797543508644,-1.080878556222485e-18,1.0519200750189739,0.1892310019715347,-2.0194604058362864e-18,0.11178086545043861,0.9868803620454867,3.651100349773049e-20,-0.1614532471304553,-6.740094618749662e-20
0.434,0.7459517848392511,-1.0849180803696066e-18,1.052143007462154,0.18279881097168982,-2.0200628693114504e-18,0.11115135056720152,0.9868631492557539,3.60187113307291e-20,-0.16155842485309826,-6.515301897794757e-20
0.436,0.7463109495598155,-1.0889588039186092e-18,1.0523646757695282,0.1763652694988385,-2.0206598229010113e-18,0.11051674138507402,0.9868468224734536,3.5583965471966013e-20,-0.1616581237489988,-6.32478666222889e-20
0.438,0.7466572460131619,-1.093000715941399e-18,1.0525850698569124,0.16993057882701967,-2.0212513572601844e-18,0.10987714224877485,0.9868313768835826,3.5151293787213544e-20,-0.16175238359310598,-6.134733714219867e-20
0.44,0.746990672100688,-1.0970438056860055e-18,1.052804179848368,0.16349493847724375,-2.021837557516528e-18,0.10923265705780467,0.9868168075799194,3.483141237239213e-20,-0.16184124405656014,-6.012732904728899e-20
0.442,0.7473112261210911,-1.1010880625589984e-18,1.053021996075301,0.15705854622897408,-2.022418496045733e-18,0.1085833892556285,0.9868031095673739,3.456845178876453e-20,-0.1619247447061757,-5.924811035293359e-20
0.444,0.7476189067668957,-1.1051334761046188e-18,1.0532385090755376,0.15062159813153553,-2.022994241727688e-18,0.10792944181912002,0.9867902777643129,3.419594051026878e-20,-0.1620029250039294,-5.769443689093189e-20
0.446,0.7479137131210046,-1.10918003600957e-18,1.0534537095923828,0.14418428851544848,-2.0235648664170287e-18,0.10727091724826451,0.9867783070048622,3.3769598615026457e-20,-0.1620758243064538,-5.580605212668926e-20
0.448,0.7481956446532732,-1.1132277321054868e-18,1.0536675885736553,0.13774681000368838,-2.024130445109355e-18,0.10660791755611758,0.9867671920411843,3.3345195361645794e-20,-0.16214348186453595,-5.392227598572418e-20
0.45,0.7484647012171047,-1.1172765543744667e-18,1.0538801371707038,0.13130935352286954,-2.0246910505949337e-18,0.10594054425901632,0.9867569275457327,3.2867151342909436e-20,-0.16220593682262147,-5.1705385695877757e-20
0.452,0.7487208830460695,-1.1213264929409933e-18,1.0540913467374047,0.12487210831435296,-2.0252467534418615e-18,0.10526889836704001,0.9867475081134824,3.250217193093268e-20,-0.16226322821832345,-5.016974702758464e-20
0.454,0.7489641907505449,-1.1253775380649825e-18,1.0543012088291397,0.11843526194527747,-2.0257976183416356e-18,0.10459308037471733,0.9867389282641365,3.197208065233386e-20,-0.16231539498193664,-4.762395183176065e-20
0.456,0.7491946253143779,-1.1294296801382843e-18,1.0545097152017557,0.11199900031951374,-2.0263437139968774e-18,0.10391319025197708,0.9867311824443091,3.122158273525262e-20,-0.16236247593595665,-4.3731466265819734e-20
0.458,0.7494121880915695,-1.1334829096959747e-18,1.054716857810507,0.10556350768854059,-2.0268851146886e-18,0.10322932743533933,0.9867242650296855,3.036244235804414e-20,-0.16240450979460405,-3.917171788780251e-20
0.46,0.7496168808029811,-1.1375369980246435e-18,1.05492262880898,0.09912896666224334,-2.0270927965012517e-18,0.10254159081934414,0.9867181703271567,2.902319018199136e-21,-0.16244153516335355,-4.1779411666303953e-20
0.462,0.7498087055330613,-1.141590218526556e-18,1.055127020548,0.0926955582196337,-2.0260913006436055e-18,0.10185007874821493,0.9867128925769325,3.0103816251534863e-21,-0.16247359053846785,-4.22844902119178e-20
0.464,0.7499876647265957,-1.1456422431732987e-18,1.0553300255745233,0.08626346171949079,-2.025970054990847e-18,0.1011548890077535,0.9867084259546303,8.639369007650955e-21,-0.1625007143065368,-4.257381663814054e-20
0.466,0.7501537611854762,-1.1496933665011628e-18,1.0555316366305125,0.07983285491092326,-2.0250801645547877e-18,0.10045611881746376,0.9867047645733403,-7.674823151033858e-21,-0.16252294474402076,-4.4738504217750724e-20
0.468,0.7503069980654924,-1.1537426755822738e-18,1.0557318466517958,0.07340391394385201,-2.0243025044606964e-18,0.09975386482290152,0.9867019024856674,2.691422689031816e-21,-0.1625403200167994,-3.973207567768818e-20
0.47000000000000003,0.750447378873144,-1.1577906511352003e-18,1.0559306487669113,0.06697681337941333,-2.023527076810859e-18,0.09904822308824723,0.9866998336857499,-1.9060708173583404e-20,-0.16255287817972489,-4.245492063251338e-20
0.47200000000000003,0.7505749074624732,-1.1618358719553529e-18,1.0561280362959382,0.06055172620028238,-2.0217676543744527e-18,0.09833928908909902,0.9866985521112552,-1.3104531181207428e-20,-0.1625606571761798,-4.40879567867791e-20
0.47400000000000003,0.750689588031918,-1.165878421206527e-18,1.0563240027493115,0.05412882382091681,-2.020782278572521e-18,0.09762715770548308,0.9866980516453521,-2.379417189162542e-20,-0.1625636948376399,-4.602718473877259e-20
0.47600000000000003,0.7507914251211859,-1.1699177606859528e-18,1.0565185418266247,0.0477082760977204,-2.0184850257550368e-18,0.09691192321507879,0.9866983261186588,-3.484855777011137e-20,-0.16256202888324153,-4.559444390326602e-20
0.47800000000000004,0.7508804236081484,-1.1739529524235869e-18,1.0567116474154181,0.04129025133912665,-2.016634893249815e-18,0.09619367928665559,0.9866993693111709,-4.066429796737041e-20,-0.16255569691935365,-4.291544921193105e-20
0.48,0.7509565887057544,-1.1779834644663658e-18,1.0569033135899548,0.034874916315602314,-2.0138054250663e-18,0.09547251897371915,0.9867011749541625,-5.1931971514462654e-20,-0.16254473643915437,-4.079579772401145e-20
0.482,0.7510199259589646,-1.1820086569184857e-18,1.0570935346099841,0.02846243626957088,-2.0115346331913405e-18,0.09474853470836374,0.986703736732068,-3.565367715774965e-20,-0.16252918482221232,-3.692628412646003e-20
0.484,0.7510704412417051,-1.1860296084740465e-18,1.0572823049194926,0.02205297492525595,-2.009381528221611e-18,0.09402181829532846,0.9867070482843381,-4.075721656065876e-20,-0.16250907933407246,-3.8666690962497554e-20
0.486,0.7511081407538408,-1.1900460425398394e-18,1.0574696191454438,0.01564669449844468,-2.007017319511914e-18,0.09329246090625447,0.9867111032072751,-4.5724620255570434e-20,-0.16248445712584644,-4.107731698200852e-20
0.488,0.7511330310181683,-1.194057538037984e-18,1.0576554720965061,0.009243755706171284,-2.0044431366903777e-18,0.09256055307414056,0.9867158950558446,-5.0611831582750414e-20,-0.1624553552338075,-4.381889168642098e-20
0.49,0.751145118877428,-1.1980636761475425e-18,1.0578398587617706,0.0028443177763207983,-2.0016601067803933e-18,0.09182618468799449,0.9867214173454643,-5.530772536125014e-20,-0.1624218105789899,-4.7566876078085036e-20
0.492,0.7511444114913349,-1.202064259102433e-18,1.0580227743094572,-0.003551461542846814,-1.9991069582064263e-18,0.0910894449876774,0.9867276635537711,-2.77436245809551e-20,-0.16238385996679303,-4.460958867780551e-20
0.494,0.7511309163336297,-1.2060610591907226e-18,1.0582042140856123,-0.009943425973251988,-1.99776695827132e-18,0.09035042255893888,0.9867346271223654,-2.2338130828531374e-20,-0.16234154008658966,-4.2864422620455244e-20
0.496,0.751104641189147,-1.2100547819562944e-18,1.0583841736127948,-0.016331420697630147,-1.9959929066970646e-18,0.08960920532863985,0.9867423014585324,-1.145024457820074e-20,-0.16229488751133894,-4.091355649957324e-20
0.498,0.7510655941509032,-1.2140461648525061e-18,1.0585626485887545,-0.0227152923502453,-1.99553600010215e-18,0.08886588056016095,0.986750679936942,4.838969209853925e-21,-0.16224393869720377,-3.842285362384494e-20
0.5,0.751013783617203,-1.218036559580996e-18,1.0587396348851001,-0.029094889007682395,-1.9948583345825264e-18,0.08812053484899379,0.9867597559013261,4.419402723299006e-21,-0.16218872998317263,-3.624858529371341e-20
0.502,0.7509492182887632,-1.222026144417755e-18,1.05891512854596,-0.035470060179718176,-1.9947261090712367e-18,0.0873732541185126,0.986769522666134,9.410799148888245e-21,-0.16212929759068587,-3.3190268200125514e-20
0.504,0.750871907165856,-1.2260150969729669e-18,1.0590891257866324,-0.041840656800270194,-1.9942624003401177e-18,0.08662412361592371,0.9867799735181652,8.924737577279904e-21,-0.16206567762326637,-3.0689123464201775e-20
0.506,0.7507818595454694,-1.230003520917158e-18,1.0592616229922311,-0.04820653121842371,-1.9941246368244913e-18,0.08587322790839061,0.9867911017181806,3.1962157679362072e-21,-0.16199790606615477,-3.0096841229072043e-20
0.508,0.750679085018486,-1.2339910829040733e-18,1.0594326167163206,-0.05456753718953602,-1.993436960348686e-18,0.08512065087933177,0.9868029005024924,-2.2962149086380565e-21,-0.16192601878594884,-3.0859257153862035e-20
0.51,0.7505635934668788,-1.2379773414307194e-18,1.0596021036795447,-0.06092352986641802,-1.9928577698705166e-18,0.08436647572488921,0.9868153630845314,-2.3524408847932343e-21,-0.16185005153024765,-3.0729998454622906e-20
0.512,0.7504353950609257,-1.2419621848665617e-18,1.059770080768249,-0.06727436579059244,-1.9919490422002876e-18,0.08361078495056519,0.9868284826563931,-7.818670598304163e-21,-0.16177003992729977,-3.148717304531487e-20
0.514,0.7502945002564403,-1.2459451742020901e-18,1.059936545033097,-0.07361990288362842,-1.9909309471665854e-18,0.08285366036802456,0.9868422523903623,-1.884863844996002e-20,-0.16168601948565606,-3.211508611160095e-20
0.516,0.7501409197920202,-1.2499254713753353e-18,1.0601014936876785,-0.079960000438552,-1.989366359400444e-18,0.08209518309206075,0.9868566654404155,-1.924027779030711e-20,-0.16159802559382688,-2.961438391902135e-20
0.518,0.7499746646863135,-1.2539031149254974e-18,1.0602649241071131,-0.08629451911133207,-1.9882410073610995e-18,0.08133543353772259,0.9868717149437036,-1.956340755010601e-20,-0.16150609351994363,-2.745545743910663e-20
0.52,0.7497957462353002,-1.2578781081851748e-18,1.0604268338266485,-0.09262332091244126,-1.9867888541246866e-18,0.08057449141760009,0.9868873940220112,-1.999655615053986e-20,-0.1614102584114246,-2.4625850917415228e-20
0.522,0.7496041760095925,-1.2618504907783363e-18,1.0605872205402525,-0.09894626919849138,-1.9855575527202904e-18,0.07981243573926652,0.9869036957831966,-2.0540117172887458e-20,-0.16131055529464536,-2.1126437335419692e-20
0.524,0.7493999658517503,-1.2658200112323534e-18,1.0607460820992005,-0.10526322866394287,-1.9838903334825508e-18,0.07904934480287479,0.9869206133226098,-2.5719491932266255e-20,-0.16120701907461354,-2.3254688670265887e-20
0.526,0.7491831278736139,-1.2697863090185313e-18,1.060903416510659,-0.11157406533288766,-1.9824441186514456e-18,0.07828529619890562,0.9869381397244895,-2.547523446013052e-20,-0.1610996845346478,-2.449410650029732e-20
0.528,0.7489536744536529,-1.2737494247672556e-18,1.0610592219362633,-0.11787864655090505,-1.980562709723989e-18,0.0775203668060655,0.9869562680633401,-4.1974220518520343e-20,-0.16098858633606136,-2.533928469993629e-20
0.53,0.7487116182343314,-1.2777081258364295e-18,1.061213496690693,-0.12417684097698996,-1.9780299663916656e-18,0.07675463278933202,0.9869749914052868,-5.828558108533319e-20,-0.16087375901784992,-2.6852800353108454e-20
0.532,0.7484569721194888,-1.2816611129261634e-18,1.0613662392402414,-0.13046851857555306,-1.974849255465783e-18,0.07598816959814449,0.986994302809411,-7.452002550895586e-20,-0.16075523699638386,-2.835756785556225e-20
0.534,0.7481897492717372,-1.2856070934507647e-18,1.0615174482013843,-0.13675355060849217,-1.971023921883082e-18,0.07522105196473759,0.9870141953290656,-9.073319164283583e-20,-0.160633054565105,-2.95151208313963e-20
0.536,0.7479099631098745,-1.2895447814878028e-18,1.0616671223393424,-0.1430318096273343,-1.966557285901136e-18,0.074453353902616,0.987034662013168,-1.0681525153937195e-19,-0.16050724589422743,-3.100239570309744e-20
0.538,0.7476176273063122,-1.2934728977423704e-18,1.0618152605666438,-0.14930316946544783,-1.9614526571949895e-18,0.07368514870516767,0.9870556959074751,-1.227116527101885e-19,-0.1603778450304432,-3.315609561415148e-20
0.54,0.7473127557845204,-1.297390169527891e-18,1.0619618619416817,-0.15556750523032414,-1.955713330624915e-18,0.07291650894441384,0.9870772900558367,-1.386978358627549e-19,-0.16024488589663194,-3.428443634502301e-20
0.542,0.7469953627164864,-1.3012953307152165e-18,1.062106925667271,-0.16182469329592816,-1.949342569054866e-18,0.07214750646989357,0.9870994375014291,-1.546640776315664e-19,-0.16010840229157536,-3.506560697022516e-20
0.544,0.7466654625201897,-1.3051871216736425e-18,1.0622504510892021,-0.16807461129511705,-1.9423436064202077e-18,0.0713782124076806,0.9871221312879701,-1.7061063812852813e-19,-0.1599684278896756,-3.550094002340288e-20
0.546,0.746323069857092,-1.3090645072119715e-18,1.062392437694793,-0.17431713811212654,-1.9351556576705725e-18,0.07060869715953078,0.9871453644609116,-1.5357221418938355e-19,-0.15982499624067853,-3.3374114947229506e-20
0.548,0.7459681996296411,-1.3129285647021755e-18,1.0625328851114402,-0.18055215387512416,-1.9289787666759116e-18,0.06983903040215766,0.9871691300686151,-1.418486679054444e-19,-0.15967814076940107,-3.314786885341342e-20
0.55,0.7456008669787914,-1.3167801488121041e-18,1.0626717931051677,-0.18677953994882884,-1.9225001921645917e-18,0.06906928108663449,0.9871934211635062,-1.5769177349990143e-19,-0.15952789477546317,-3.4599892302966866e-20
0.552,0.7452210872815372,-1.3206181478869204e-18,1.0628091615791757,-0.192999178927196,-1.9153942366536332e-18,0.06829951743792038,0.9872182308032101,-1.7356975524194077e-19,-0.15937429143302403,-3.536698985894808e-20
0.554,0.7448288761484624,-1.3244413103694922e-18,1.0629449905723876,-0.1992109546261677,-1.9076640982947513e-18,0.06752980695450891,0.9872435520516682,-1.8942827206260257e-19,-0.159217363790523,-3.578877368680836e-20
0.556,0.7444242494213026,-1.328248391063902e-18,1.0630792802579967,-0.2054147520764869,-1.8993129440045323e-18,0.06676021640819693,0.9872693779802344,-2.0532217672586355e-19,-0.15905714477042462,-3.552746121494866e-20
0.558,0.7440072231705238,-1.3320383689351897e-18,1.0632120309420132,-0.21161045751657545,-1.890779626157212e-18,0.06599081184397172,0.9872957016687532,-1.8850234056865562e-19,-0.15889366716896827,-3.104399282884423e-20
0.56,0.7435778136929133,-1.3358121886425211e-18,1.0633432430618102,-0.2177979583854748,-1.8829363892576054e-18,0.06522165858001465,0.9873225162066194,-1.9844639381214062e-19,-0.1587269636559223,-3.3301860594055665e-20
0.562,0.7431360375091859,-1.3395691926332372e-18,1.0634729171846702,-0.22397714331584906,-1.874036845852477e-18,0.06445282120781926,0.9873498146938173,-2.1370134894557889e-19,-0.15855706677434248,-3.676018560633134e-20
0.5640000000000001,0.7426819113616032,-1.3433084363509683e-18,1.063601054006332,-0.23014790212704928,-1.8652856749781697e-18,0.06368436359242197,0.9873775902419432,-2.0758525145714132e-19,-0.15838400894033505,-3.4355192111125767e-20
0.5660000000000001,0.7422154522116075,-1.3470303615519284e-18,1.0637276543495386,-0.23631012581823874,-1.856681731924826e-18,0.06291634887274343,0.9874058359752076,-1.9620734121686278e-19,-0.1582078224428241,-3.0416623108888824e-20
0.5680000000000001,0.7417366772374686,-1.3507357338382189e-18,1.0638527191625844,-0.24246370656157812,-1.8486598790764277e-18,0.06214883946203881,0.9874345450314206,-1.9559030586016725e-19,-0.15802853944332348,-2.8901605096289685e-20
0.5700000000000001,0.7412456038319452,-1.354424625881201e-18,1.063976249517865,-0.24860853769546998,-1.840237834593058e-18,0.061381897048454905,0.9874637105629578,-1.9485605530437696e-19,-0.15784619197571326,-2.806634675056193e-20
0.5720000000000001,0.7407422495999583,-1.3580971467020519e-18,1.064098246610428,-0.254744513717862,-1.8322886259123082e-18,0.060615582595692566,0.9874933257377085,-1.9407125515812225e-19,-0.15766081194602047,-2.757241982415218e-20
0.5740000000000001,0.7402266323562793,-1.3617532599510274e-18,1.064218711756524,-0.2608715302796078,-1.823721390953661e-18,0.05984995634377234,0.9875233837400063,-2.0417279607370376e-19,-0.15747243113220463,-2.847114290937224e-20
0.5760000000000001,0.7396987701232306,-1.3653922760925613e-18,1.064337646392161,-0.2669894841778853,-1.8153005823558282e-18,0.05908507780990165,0.9875538777715407,-2.089873593853732e-19,-0.15728108118394749,-2.748823074480039e-20
0.578,0.7391586811283997,-1.3690140160635017e-18,1.064455052071659,-0.2730982733496711,-1.8063728078430245e-18,0.05832100578944175,0.9875848010522525,-2.0842033235652212e-19,-0.1570867936224474,-2.5305716605503474e-20
0.58,0.7386063838023655,-1.372618338610897e-18,1.0645709304662074,-0.2791977968652707,-1.7979193981172636e-18,0.0575577983569726,0.9876161468212106,-2.0780319886003872e-19,-0.15688959984021825,-2.3467884371836635e-20
0.582,0.7380418967764389,-1.3762052111945627e-18,1.0646852833624256,-0.28528795492190373,-1.788850359907192e-18,0.05679551286745401,0.9876479083374708,-2.2352927282747257e-19,-0.1566895311008927,-2.35380278417804e-20
0.584,0.7374652388804146,-1.379773659220693e-18,1.0647981126609236,-0.29136864883734337,-1.7796041187192176e-18,0.05603420595748128,0.9876800788809192,-2.2266905654501976e-19,-0.15648661853903023,-2.2718014827501265e-20
0.586,0.7368764291403366,-1.3833236560326843e-18,1.0649094203748677,-0.29743978104360896,-1.770399109362008e-18,0.05527393354663349,0.9877126517530964,-2.2181352416255136e-19,-0.15628089315992946,-2.1901118179984842e-20
0.588,0.736275486776276,-1.3868552838597703e-18,1.0650192086285468,-0.30350125508071174,-1.7612351008567463e-18,0.05451475083891303,0.9877456202780056,-2.2080165118297983e-19,-0.15607238583944516,-2.2102617366456797e-20
0.59,0.7356624312001212,-1.3903686244958434e-18,1.0651274796559442,-0.3095529755904524,-1.752111890847075e-18,0.053756712324274356,0.987778977802904,-2.197940927675597e-19,-0.15586112732380972,-2.2304677618803826e-20
0.592,0.7350372820133806,-1.3938637593412468e-18,1.0652342357993099,-0.31559484831026974,-1.7430292770285046e-18,0.05299987178024055,0.9878127176990766,-2.188980691919872e-19,-0.15564714822945916,-2.182999534330738e-20
0.594,0.7344000590049969,-1.397340769368088e-18,1.0653394795077378,-0.32162678006714013,-1.733987040254218e-18,0.05224428227360589,0.9878468333625942,-2.180599632344941e-19,-0.1554304790428637,-2.1018236789031447e-20
0.596,0.7337507821491749,-1.4007997351060311e-18,1.0654432133357463,-0.3276486787715264,-1.7249849552661978e-18,0.05148999616222284,0.9878813182150542,-2.1717304768294083e-19,-0.15521115012036293,-2.0547586019385697e-20
0.598,0.7330894716032198,-1.404240736639312e-18,1.0655454399418618,-0.3336604534113763,-1.7160228033801082e-18,0.050737065096871856,0.987916165704306,-2.1618410764418988e-19,-0.15498919168800546,-2.0756122504399533e-20
0.6,0.7324161477053885,-1.407663853632183e-18,1.065646162087207,-0.3396620140461685,-1.7071003868872876e-18,0.049985540023212344,0.9879513693051588,-2.1509322137781063e-19,-0.15476463384139316,-2.164220173247107e-20
0.602,0.7317308309727527,-1.4110691653825746e-18,1.0657453826340928,-0.345653271801007,-1.6982175372714212e-18,0.04923547118381324,0.9879869225200751,-2.139534929219423e-19,-0.15453750654552997,-2.286564948342277e-20
0.604,0.7310335420990729,-1.4144567508707085e-18,1.0658431045446128,-0.35163413886076167,-1.689374106494694e-18,0.0484869081202616,0.9880228188798466,-2.1265900227906958e-19,-0.15430783963467531,-2.5101905290391998e-20
0.606,0.7303243019526853,-1.4178266888130505e-18,1.0659393308792457,-0.35760452846425533,-1.6805699816126345e-18,0.04773989967534766,0.9880590519442547,-2.1120965056801116e-19,-0.15407566281220197,-2.834930916183431e-20
0.608,0.7296031315743992,-1.421178840370594e-18,1.0660340647954583,-0.3635643548984962,-1.671479020531476e-18,0.046994493995324765,0.9880956153027167,-2.318024551589057e-19,-0.15384100565045872,-3.259913584905715e-20
0.61,0.7288700521754065,-1.4245118355336958e-18,1.066127309546315,-0.3695135334929546,-1.6613418028177694e-18,0.04625073853224273,0.9881325025749147,-2.469853874542502e-19,-0.15360389759063725,-3.53117521428854e-20
0.612,0.7281250851352028,-1.427824239320737e-18,1.0662190684790926,-0.3754519806138843,-1.6509243688725638e-18,0.04550868004635304,0.9881697074114102,-2.6730243038584005e-19,-0.1533643679426441,-4.020908017184673e-20
0.614,0.7273682519995189,-1.431114659695308e-18,1.0663093450338985,-0.3813796136586862,-1.6395763809464238e-18,0.044768364608584445,0.9882072234942433,-2.6074889713240406e-19,-0.15312244588497673,-3.885259443209434e-20
0.616,0.7265995744782646,-1.4343835588942494e-18,1.0663981427422948,-0.38729635105031557,-1.6294753277065638e-18,0.044029837603087374,0.9882450445375163,-2.4356107654817645e-19,-0.15287816046460448,-3.48092647452168e-20
0.618,0.7258190744434827,-1.437632156787698e-18,1.066485465225927,-0.39320211223172996,-1.6190934332181492e-18,0.043293143729845815,0.9882831642879636,-2.531272599672706e-19,-0.15263154059685402,-3.7681367791873075e-20
0.62,0.7250267739273148,-1.4408598927833853e-18,1.0665713161951589,-0.3990968176603791,-1.6086499654526776e-18,0.04255832700735514,0.9883215765255051,-2.6254170709861273e-19,-0.15238261506529932,-4.1220933316835954e-20
0.622,0.7242226951199779,-1.4440662818358344e-18,1.066655699447712,-0.4049803888027347,-1.5979278581754322e-18,0.04182543077536437,0.988360275063787,-2.3981677425528496e-19,-0.1521314125216564,-3.7028111533505016e-20
0.624,0.7234068603677515,-1.4472530143378199e-18,1.0667386188673111,-0.4108527481288602,-1.5888841308090522e-18,0.04109449769768164,0.988399253750706,-2.172395363450939e-19,-0.15187796148568256,-3.251367775450137e-20
0.626,0.7225792921709757,-1.4504215201409905e-18,1.0668200784223347,-0.4167138191070193,-1.579664396937441e-18,0.04036556976504126,0.9884385064689211,-2.0553020460748705e-19,-0.15162229034507999,-3.001900506794664e-20
0.628,0.7217400131820608,-1.4535729322120047e-18,1.0669000821644723,-0.42256352619832294,-1.571898545718504e-18,0.03963868829803103,0.9884780271363494,-1.7757998049989235e-19,-0.1513644273554045,-2.53823768920181e-20
0.63,0.7208890462035062,-1.456709028859649e-18,1.066978634227387,-0.4284017948514137,-1.5640585440540856e-18,0.03891389395007844,0.9885178097066496,-1.9847257408386152e-19,-0.15110440063997835,-2.8572587215137944e-20
0.632,0.7200264141859312,-1.459828611545899e-18,1.0670557388253843,-0.43422855149718753,-1.5553852524360557e-18,0.03819122671049448,0.9885578481696903,-2.1931792727958833e-19,-0.15084223818980788,-3.140950555901889e-20
0.634,0.719152140226115,-1.4629300179011719e-18,1.0671314002520866,-0.44004372354355126,-1.5458828790646579e-18,0.03747072590757347,0.9885981365520048,-2.4001303294127225e-19,-0.15057796786350577,-3.45707353462898e-20
0.636,0.7182662475650486,-1.4660115939556287e-18,1.0672056228791145,-0.44584723937021614,-1.535555614913468e-18,0.03675243021174781,0.9886386689172328,-2.606615418542257e-19,-0.15031161738721785,-3.737890179857543e-20
0.638,0.7173687595859964,-1.4690716940961234e-18,1.0672784111547744,-0.451639028323526,-1.524407621443716e-18,0.036036377638796115,0.9886794393665485,-2.8121252493083597e-19,-0.15004321435455442,-4.017333509713765e-20
0.64,0.7164596998125674,-1.4721086809972117e-18,1.0673497696027523,-0.45741902071131973,-1.5124430297976968e-18,0.03532260555310362,0.9887204420390743,-3.016662823719226e-19,-0.14977278622652634,-4.2954552609092277e-20
0.642,0.7155390919067978,-1.4751209255796454e-18,1.0674197028208146,-0.46318714779782777,-1.4996659538277401e-18,0.03461115067097338,0.9887616711122834,-3.220745866417927e-19,-0.14950036033148548,-4.5383885150516545e-20
0.644,0.7146069596672431,-1.4781068069564072e-18,1.0674882154795147,-0.4689433417986009,-1.4860804637851323e-18,0.03390204906398709,0.9888031208023871,-3.4248940244230845e-19,-0.14922596386507,-4.712392343536888e-20
0.646,0.7136633270270809,-1.4810647123276613e-18,1.0675553123209078,-0.4746875358754719,-1.4716905891383245e-18,0.03319533616241417,0.9888447853647108,-3.6275721843501945e-19,-0.14894962389015398,-4.919241049746857e-20
0.648,0.7127082180522227,-1.4839930369482525e-18,1.0676209981572709,-0.48041966413154874,-1.4565003481949748e-18,0.03249104675866792,0.9888866590940566,-3.829807767258541e-19,-0.14867136733680186,-5.0910996247806856e-20
0.65,0.711741656939437,-1.4868904011609634e-18,1.067685277869831,-0.4861396616062388,-1.4409479097263422e-18,0.031789215010807455,0.9889287363250535,-3.757463162208343e-19,-0.14839122100222724,-5.023859240990482e-20
0.652,0.710763668014481,-1.4897572413919325e-18,1.0677481564075,-0.49184746427030357,-1.4259037749625376e-18,0.031089874446084204,0.988971011432495,-3.739671604077591e-19,-0.14810921155075638,-5.038558797865024e-20
0.654,0.7097742757302433,-1.4925935220047884e-18,1.0678096387856164,-0.4975430090209433,-1.4102797056251046e-18,0.030393057964531723,0.9890134788316646,-3.885641478047e-19,-0.14782536551379621,-5.229251710465224e-20
0.656,0.7087735046648956,-1.4953983748669465e-18,1.0678697300846949,-0.5032262336769107,-1.3946211176339712e-18,0.029698797842597702,0.9890561329786486,-3.809588435188556e-19,-0.147539709289807,-5.400036802286663e-20
0.658,0.7077613795200548,-1.4981720932324521e-18,1.0679284354491823,-0.5088970769736533,-1.3789279470211886e-18,0.029007125736816793,0.9890989683706376,-3.952794938648724e-19,-0.1472522691442794,-5.758778719282324e-20
0.66,0.7067379251189541,-1.5009137392384545e-18,1.0679857600862221,-0.5145554785584842,-1.3627663527080637e-18,0.028318072687523302,0.989141979546216,-3.8270741333462236e-19,-0.1469630712097163,-5.509045997698113e-20
0.662,0.7057031664046242,-1.5036240801848147e-18,1.0680417092644252,-0.5202013789857795,-1.3476587390197908e-18,0.02763166912260236,0.9891851610856389,-3.8102856254662715e-19,-0.14667214148561883,-5.421405108723234e-20
0.664,0.7046571284380839,-1.5063034464781028e-18,1.0680962883126492,-0.5258347197122035,-1.331646956563544e-18,0.026947944861278605,0.9892285076110989,-3.84731122614179e-19,-0.1463795058384774,-5.44848178372808e-20
0.666,0.7035998363965406,-1.5089513356686888e-18,1.0681495026187848,-0.5314554430919597,-1.3162540876106874e-18,0.02626692911794106,0.9892720137869799,-3.8841617185435424e-19,-0.1460851900017668,-5.475540908028076e-20
0.668,0.7025313155715993,-1.511567789056317e-18,1.0682013576285496,-0.5370634923720673,-1.3002835137095573e-18,0.025588650506003216,0.9893156743201006,-3.75775412673235e-19,-0.14578921957594623,-5.296314186843653e-20
0.67,0.7014515913674824,-1.5141538243963016e-18,1.0682518588442909,-0.5426588116876637,-1.2859080624900422e-18,0.024913137041797106,0.9893594839599468,-3.4670921903759876e-19,-0.14549162002846344,-5.013654173948533e-20
0.672,0.7003606892992574,-1.516711359462805e-18,1.0683010118237946,-0.5482413460573305,-1.2716015889496893e-18,0.02424041614850031,0.9894034374988918,-3.50661334169892e-19,-0.14519241669376373,-4.9738867846251786e-20
0.674,0.6992586349910754,-1.5192403139828334e-18,1.0683488221791033,-0.5538110413784448,-1.2572552196234704e-18,0.023570514660094778,0.9894475297724072,-3.654579913479406e-19,-0.14489163477330325,-5.093574309385089e-20
0.676,0.6981454541744178,-1.5217396311348074e-18,1.068395295575342,-0.559367844422553,-1.241892277059197e-18,0.0229034588253564,0.9894917556592621,-3.800484144757057e-19,-0.14458929933556683,-5.314451421850085e-20
0.678,0.6970211726863521,-1.5242081500763328e-18,1.068440437729551,-0.5649117028307683,-1.2267105842387699e-18,0.02223927431187424,0.9895361100817117,-3.677427501030416e-19,-0.14428543531609028,-4.934681078469182e-20
0.68,0.6958858164677982,-1.5266468119112636e-18,1.068484254409529,-0.5704425651091901,-1.21203475603452e-18,0.021577986210098432,0.9895805880056757,-3.554475398960201e-19,-0.1439800675174872,-4.5902092911200775e-20
0.682,0.6947394115618026,-1.5290566257508e-18,1.0685267514326808,-0.5759603806243463,-1.1978621742421331e-18,0.020919619037415526,0.9896251844409067,-3.4321238384851744e-19,-0.14367322060948018,-4.2470428841902276e-20
0.684,0.6935819841118219,-1.5314385954853305e-18,1.068567934664877,-0.5814650995986558,-1.1841902446702074e-18,0.02026419674225051,0.9896698944411477,-3.309380206266652e-19,-0.1433649191289365,-3.9729859767155544e-20
0.686,0.6924135603600158,-1.533793719858779e-18,1.06860781001932,-0.5869566731059134,-1.1710164108469853e-18,0.01961174270819426,0.9897147131042799,-3.187226519420623e-19,-0.14305518747990828,-3.7001259755047946e-20
0.6880000000000001,0.6912341666455485,-1.536122992524379e-18,1.0686463834554174,-0.592435053066794,-1.158338140694932e-18,0.018962279758155533,0.989759635572461,-3.0646770668136096e-19,-0.14274404993367695,-3.496236373189377e-20
0.6900000000000001,0.6900438294029,-1.5384274021115507e-18,1.0686836609776662,-0.5979001922443774,-1.146152935359458e-18,0.018315830158536443,0.9898046570322527,-2.942711862960072e-19,-0.1424315306288022,-3.293320076394109e-20
0.6920000000000001,0.6888425751601853,-1.540707932265679e-18,1.068719648634543,-0.6033520442396927,-1.1344583224978161e-18,0.017672415623430453,0.98984977271474,-2.8198609033431083e-19,-0.14211765357117545,-3.193032446876957e-20
0.6940000000000001,0.6876304305374831,-1.5429655617472161e-18,1.0687543525174037,-0.6087905634872814,-1.1232518816820342e-18,0.01703205731884196,0.9898949778956393,-2.6970961165394833e-19,-0.14180244263407735,-3.1274065391361236e-20
0.6960000000000001,0.6864074222451729,-1.5452012645058569e-18,1.0687877787593922,-0.6142157052507794,-1.1125312218467765e-18,0.01639477586692641,0.9899402678953991,-2.5753888623933207e-19,-0.1414859215582401,-3.0285159996353897e-20
0.6980000000000001,0.6851735770822818,-1.5474160097154033e-18,1.0688199335343567,-0.6196274256185169,-1.1022939552732965e-18,0.0157605913502501,0.9899856380792899,-2.454735900065543e-19,-0.14116811395191378,-2.896393586883679e-20
0.7000000000000001,0.6839289219348389,-1.5496107617756277e-18,1.0688508230557738,-0.6250256814991364,-1.0925376919919317e-18,0.015129523316068628,0.9900310838574852,-2.3346530333596737e-19,-0.14084904329093723,-2.7649579617722185e-20
0.7020000000000001,0.6826734837742394,-1.5517864802999663e-18,1.068880453575684,-0.6304104306172278,-1.083260042156748e-18,0.014501590780623144,0.9900766006851349,-2.2161017515979847e-19,-0.14052873291881302,-2.5664330940312062e-20
0.704,0.681407289655617,-1.5539441201232148e-18,1.0689088313836321,-0.6357816315089801,-1.0744586081948312e-18,0.013876812233453448,0.9901221840624281,-2.097635877320717e-19,-0.14020720604678708,-2.40267339542261e-20
0.706,0.6801303667162248,-1.556084631291529e-18,1.0689359628056199,-0.64113924351785,-1.0661310151532212e-18,0.01325520564172703,0.9901678295346485,-1.979248953004526e-19,-0.1398844857539323,-2.2736248441842236e-20
0.708,0.6788427421738256,-1.55820895913913e-18,1.0689618542030643,-0.646483226790246,-1.0582749142885523e-18,0.012636788454583164,0.9902135326922206,-1.8618998205786544e-19,-0.13956059498723666,-2.111384538242612e-20
0.71,0.6775444433250895,-1.5603180442986694e-18,1.0689865119717665,-0.6518135422712287,-1.050887955707142e-18,0.01202157760749119,0.9902592891707475,-1.7455853241419402e-19,-0.13923555656169534,-1.9159855231388506e-20
0.712,0.6762354975440017,-1.5624128227050585e-18,1.0690099425408888,-0.6571301517002259,-1.0439677871039757e-18,0.011409589526622072,0.9903050946510406,-1.6298263131467278e-19,-0.13890939316040737,-1.721476773546888e-20
0.714,0.6749159322802777,-1.5644942255902201e-18,1.06903215237194,-0.6624330176067629,-1.0375120599955512e-18,0.010800840133232419,0.9903509448591417,-1.5150956503375928e-19,-0.13858212733467637,-1.493957193051192e-20
0.716,0.673585775057787,-1.5665631794887327e-18,1.0690531479577705,-0.6677221033062066,-1.0315184284925857e-18,0.010195344848060107,0.9903968355663357,-1.4009159160867623e-19,-0.13825378150411552,-1.2673549015426218e-20
0.718,0.6722450534729865,-1.5686206062484882e-18,1.0690729358215758,-0.6729973728955247,-1.025984548797899e-18,0.009593118595730627,0.9904427625891569,-1.2877583133519414e-19,-0.1379243779567567,-1.007807534859478e-20
0.72,0.6708937951933606,-1.5706674230325432e-18,1.069091522515908,-0.6782587912490576,-1.0209080806098333e-18,0.008994175809173392,0.9904887217893861,-1.175147137077932e-19,-0.1375939388491638,-7.492865608422966e-21
0.722,0.6695320279558712,-1.572704542330556e-18,1.0691089146216974,-0.6835063240143044,-1.0162866945934657e-18,0.008398530434047145,0.9905347090740414,-1.0626072487506145e-19,-0.1372624862065503,-5.257232084497689e-21
0.724,0.6681597795654157,-1.5747328719980036e-18,1.069125118747282,-0.6887399376077216,-1.0121180866631787e-18,0.007806195933173692,0.9905807203953607,-9.506053424614218e-20,-0.13693004192290087,-3.0316676237326528e-21
0.726,0.6667770778932929,-1.5767533153032441e-18,1.0691401415274469,-0.6939595992105344,-1.0083999623914785e-18,0.007217185290979119,0.990626751750777,-8.391434575904697e-20,-0.13659662776109707,-8.15342625981588e-22
0.728,0.6653839508756777,-1.5787667709190486e-18,1.0691539896224707,-0.699165276764561,-1.0051300365497326e-18,0.006631511017941788,0.9906727991828861,-7.286848836711443e-20,-0.1362622653530473,1.7312936965552825e-21
0.73,0.6639804265121043,-1.5807741329659515e-18,1.0691666697171838,-0.7043569389680476,-1.002306029193764e-18,0.006049185155046243,0.9907188587794079,-6.182938978463937e-20,-0.13592697619982072,3.92896132637851e-21
0.732,0.6625665328639575,-1.5827762910140593e-18,1.0691781885200324,-0.7095345552715169,-9.999256835819126e-19,0.005470219278242342,0.9907649266731404,-5.079651302028131e-20,-0.13559078167178515,5.778178981690955e-21
0.734,0.661142298052972,-1.5847741301584404e-18,1.0691885527621536,-0.7146980958736261,-9.979867706996288e-19,0.004894624502908867,0.9908109990419062,-3.981624441117887e-20,-0.13525370300874917,7.61889723236704e-21
0.736,0.6597077502597404,-1.5867685310473422e-18,1.0691977691964587,-0.7198475317170375,-9.964870757894219e-19,0.004322411488320773,0.9908570721084927,-2.893474076200243e-20,-0.13491576132010824,9.791096415928917e-21
0.738,0.6582629177222293,-1.5887603698959627e-18,1.0692058445967252,-0.7249828344842995,-9.954243782469168e-19,0.0037535904421194563,0.9909031421405864,-1.8059303772211495e-20,-0.13457697758499465,1.1614962471170689e-20
0.74,0.6568078287343041,-1.5907505185009315e-18,1.069212785756698,-0.730103976593737,-9.94796480864019e-19,0.003188171124785281,0.990949205450699,-7.235743856766265e-21,-0.1342373726524316,1.3430522573505724e-20
0.742,0.6553425116442605,-1.5927398442707968e-18,1.0692185994892,-0.7352109311953543,-9.946011981755874e-19,0.0026261628541116265,0.9909952583960886,3.582178244076415e-21,-0.13389696724149117,1.4898279522126854e-20
0.744,0.6538669948533663,-1.5947292102835552e-18,1.069223292625251,-0.7403036721667455,-9.948363858841507e-19,0.0020675745096798087,0.9910412973786741,1.4441004817681113e-20,-0.1335557819414561,1.5680005839929742e-20
0.746,0.6523813068144098,-1.5967194753646738e-18,1.0692268720131952,-0.7453821741090165,-9.954999310739538e-19,0.0015124145373341447,0.991087318844943,2.529464166569642e-20,-0.13321383721198582,1.6116913847592172e-20
0.748,0.6508854760302566,-1.5987114941482257e-18,1.069229344517839,-0.7504464123427151,-9.965897646115183e-19,0.0009606909536565246,0.991133319285854,3.6235215792408366e-20,-0.13287115338328598,1.5530741880812264e-20
0.75,0.6493795310524154,-1.6007059004302903e-18,1.0692307170195963,-0.7554963629037714,-9.976703460799416e-19,0.00041241135043974407,0.9911792952367325,1.4339871520416375e-20,-0.13252775065628208,1.1930423468733547e-20
0.752,0.6478635004796108,-1.6027012658348548e-18,1.0692309964136442,-0.7605320025394462,-9.976579525726491e-19,-0.00013241710084097318,0.9912252432771615,8.532683557982374e-21,-0.13218364910279684,1.2901980367759601e-20
0.754,0.646337412956365,-1.6046969997345377e-18,1.0692301896090857,-0.7655533087042888,-9.980750423802521e-19,-0.0006737876445589647,0.9912711600308663,2.829026124942892e-21,-0.1318388686657314,1.3191419412963676e-20
0.756,0.644801297171587,-1.6066926577898558e-18,1.0692283035281236,-0.7705602595561031,-9.975100302595478e-19,-0.0012116939364702239,0.9913170421655932,-8.102092663942183e-21,-0.13149342915925039,1.1400412943297387e-20
0.758,0.6432551818571701,-1.6086874005449383e-18,1.0692253451052418,-0.7755528339519214,-9.971600901642697e-19,-0.0017461300392513006,0.9913628863929833,-1.9071194245979943e-20,-0.1311473502689705,1.0296491133605711e-20
0.76,0.6416990957865979,-1.6106804649560697e-18,1.0692213212863952,-0.7805310114439873,-9.958320224238753e-19,-0.0022770904180415734,0.9914086894684409,-2.4688782919935175e-20,-0.13080065155215326,1.093702085809685e-20
0.762,0.6401330677735573,-1.6126712726988557e-18,1.0692162390282105,-0.7854947722757454,-9.949397947485563e-19,-0.002804569935990471,0.9914544481909957,-3.5658800676169455e-20,-0.130453352437901,1.052244181424902e-20
0.764,0.6385571266705604,-1.6146590680972688e-18,1.0692101052971936,-0.7904440973778393,-9.926393901510775e-19,-0.003328563849810366,0.9915001594031619,-5.74045216180455e-20,-0.13010547222735688,8.341097217346076e-21
0.766,0.6369713013675742,-1.6166423051114209e-18,1.0692029270689474,-0.7953789683641168,-9.907793665730556e-19,-0.003849067805335561,0.9915458199907897,-3.000273185056466e-20,-0.1297570300939085,1.1570869390037823e-20
0.768,0.635375620790658,-1.61862280282087e-18,1.0691947113273979,-0.8002993675276425,-9.896824783974146e-19,-0.004366077833088113,0.9915914268829138,-3.0134356239572214e-20,-0.12940804508339496,1.2926244685303556e-20
0.77,0.633770113900609,-1.620600638129343e-18,1.0691854650640293,-0.8052052778367172,-9.881531582780661e-19,-0.004879590343850939,0.9916369770515963,-3.573524199121146e-20,-0.12905853611431783,1.3909715521857828e-20
0.772,0.6321548096916157,-1.6225756350810198e-18,1.0691751952771278,-0.8100966829309044,-9.869527378936313e-19,-0.005389602124248834,0.9916824675117651,-1.9196744307789183e-20,-0.12870852197805546,1.5006862237218357e-20
0.774,0.6305297371899197,-1.6245488840978291e-18,1.0691639089710343,-0.8149735671170636,-9.864047199564306e-19,-0.0058961103323379345,0.9917278953210475,-2.7354020338781817e-21,-0.12835802133908097,1.6096457663022656e-20
0.776,0.6288949254524844,-1.6265216868084437e-18,1.0691516131554062,-0.8198359153653898,-9.865059171029147e-19,-0.006399112493204167,0.9917732575795994,1.3516526256184084e-20,-0.12800705273518376,1.8197562790237294e-20
0.778,0.6272504035656731,-1.6284953384286625e-18,1.0691383148444873,-0.82468371330546,-9.872531229844863e-19,-0.0068986064945712215,0.99181855142993,2.9823096076620946e-20,-0.1276556345776945,1.9270037954096696e-20
0.78,0.6255962006439336,-1.630471019454643e-18,1.0691240210563873,-0.8295169472222853,-9.883180853366707e-19,-0.00739459058241857,0.9918637740567224,1.8602017166866918e-20,-0.12730378515171362,1.8874865951337387e-20
0.782,0.6239323458284916,-1.6324479183333219e-18,1.0691087388123695,-0.8343356040523698,-9.885075198120922e-19,-0.007887063356610033,0.9919089226866501,1.9198854938478763e-21,-0.12695152261634327,1.846726988406823e-20
0.784,0.6222588682860511,-1.6344250472364616e-18,1.0690924751361472,-0.8391396713797749,-9.886931055321136e-19,-0.008376023766533423,0.9919539945881887,1.28117906126327e-20,-0.1265988650049226,1.916650653510903e-20
0.786,0.6205757972075042,-1.6364029769325058e-18,1.06907523705319,-0.8439291374321894,-9.893079782053172e-19,-0.00886147110675174,0.9919989870714243,2.3609332675688176e-20,-0.1262458302252666,2.020079464024371e-20
0.788,0.6188831618066467,-1.6383825638945724e-18,1.0690570315900358,-0.8487039910770066,-9.90350037835151e-19,-0.009343405012666442,0.9920438974878584,3.444252836947674e-20,-0.1258924360599081,2.0550423157415133e-20
0.79,0.6171809913189035,-1.6403646604249837e-18,1.0690378657736157,-0.8534642218174047,-9.918172216514077e-19,-0.009821825456193208,0.9920887232302076,4.535501370456668e-20,-0.12553870016634341,1.987635642218236e-20
0.792,0.6154693150000601,-1.6423498980432863e-18,1.0690177466305837,-0.8582098197884351,-9.932740774435518e-19,-0.010296732741450697,0.9921334617322007,2.328097869907602e-20,-0.12518464007728092,1.74504548958213e-20
0.794,0.6137481621250036,-1.6443367018715559e-18,1.0689966811866571,-0.8629407757531146,-9.934201595396868e-19,-0.010768127500462814,0.9921781104683719,-4.098732023724368e-21,-0.1248302732008932,1.400889502860521e-20
0.796,0.6120175619864702,-1.6463232509837264e-18,1.0689746764659656,-0.867657081098523,-9.93128511010357e-19,-0.011236010688874823,0.9922226669538506,-3.8194216891513215e-21,-0.12447561682107239,1.1284323188723948e-20
0.798,0.6102775438938008,-1.6483092142548863e-18,1.068951739490407,-0.8723587278319068,-9.928343428421012e-19,-0.011700383581683857,0.9922671287441477,-3.581605063928678e-21,-0.12412068809768863,8.90643035202935e-21
0.8,0.6085281371717053,-1.6502945867923191e-18,1.0689278772790136,-0.8770457085767869,-9.925377990757021e-19,-0.0121612477689842,0.9923114934349379,-3.3851892643045396e-21,-0.12376550406685181,6.874393713119224e-21
0.802,0.606769371159033,-1.6522793639722171e-18,1.0689030968473268,-0.8817180165690719,-9.922390053969638e-19,-0.012618605151727778,0.9923557586618403,-3.272612354693771e-21,-0.1234100816411765,5.527404192086507e-21
0.804,0.6050012752075522,-1.6542635413953535e-18,1.0688774052067782,-0.8863756456531765,-9.91938058294224e-19,-0.013072457937500297,0.9923999221001949,-3.0746496212961462e-21,-0.12305443761004997,3.503653903768959e-21
0.806,0.6032238786807372,-1.6562471148720824e-18,1.0688508093640818,-0.891018590278144,-9.916350797551358e-19,-0.013522808636313386,0.9924439814648354,-2.875351549471874e-21,-0.12269858863990331,1.484921171237972e-21
0.808,0.6014372109525629,-1.6582300804570436e-18,1.0688233163206327,-0.8956468454937746,-9.913301774903112e-19,-0.013969660056413237,0.9924879345098603,-2.8438778429147662e-21,-0.12234255127448564,8.31361561270774e-22
0.81,0.5996413014063064,-1.6602124343647274e-18,1.0687949330719146,-0.9002604069467576,-9.910234174297827e-19,-0.01441301530010601,0.9925317790284006,-2.727792006772432e-21,-0.12198634193514146,-4.99904187955103e-22
0.812,0.5978361794333583,-1.662194172959795e-18,1.0687656666069167,-0.9048592708768085,-9.907148732968182e-19,-0.014852877759600525,0.9925755128523844,-2.694714080109559e-21,-0.12162997692109082,-1.1481149719304981e-21
0.8140000000000001,0.5960218744320396,-1.6641752927236407e-18,1.068735523907557,-0.9094434341128111,-9.904045937723047e-19,-0.015289251112868505,0.9926191338522997,-2.661315716793329e-21,-0.12127347240971266,-1.794333888473745e-21
0.8160000000000001,0.5941984158064275,-1.6661557902303077e-18,1.0687045119481162,-0.9140128940689637,-9.900926252721795e-19,-0.015722139319522738,0.9926626399369535,-2.668812459493671e-21,-0.12091684445683105,-2.0992100724282742e-21
0.8180000000000001,0.5923658329651887,-1.6681356621383663e-18,1.068672637694677,-0.9185676487409298,-9.897789986161467e-19,-0.016151546616713683,0.9927060290532287,-2.71752440172787e-21,-0.12056010899700435,-2.0631944983252022e-21
0.8200000000000001,0.5905241553204202,-1.6701149051443729e-18,1.0686399081045739,-0.9231076967019936,-9.894637217922638e-19,-0.016577477515044597,0.9927492991858393,-2.807476999564616e-21,-0.12020328184381723,-1.6871102127710436e-21
0.8220000000000001,0.588673412286498,-1.6720935159311949e-18,1.0686063301258508,-0.9276330370992198,-9.89146771513102e-19,-0.016999936794505795,0.9927924483570826,-3.021317695520465e-21,-0.11984637869017564,-2.914539943733388e-22
0.8240000000000001,0.5868136332789332,-1.6740714910909507e-18,1.0685719106967255,-0.9321436696496179,-9.888280803446744e-19,-0.01741892950042818,0.9928354746265884,-3.2358449602862987e-21,-0.11948941510860456,1.1011562459557583e-21
0.8260000000000001,0.5849448477132362,-1.676048827071416e-18,1.0685366567450634,-0.9366395946363105,-9.885075835756165e-19,-0.017834460939456516,0.9928783760910678,-3.3686279455735364e-21,-0.11913240655154855,1.809971131300569e-21
0.8280000000000001,0.583067085003788,-1.6780255202204904e-18,1.0685005751878587,-0.9411208129047063,-9.881852468413366e-19,-0.01824653667554262,0.9929211508840585,-3.460435372935612e-21,-0.1187753683516752,2.1768623815319633e-21
0.8300000000000001,0.5811803745627199,-1.6800015668414856e-18,1.0684636729307242,-0.9455873258586776,-9.878610517808956e-19,-0.018655162525958932,0.9929637971756681,-3.6336586928100116e-21,-0.11841831572218109,3.222915438729543e-21
0.8320000000000001,0.5792847457987997,-1.6819769631775696e-18,1.0684259568673882,-0.9500391354567417,-9.875349501252365e-19,-0.01906034455733268,0.993006313172316,-3.847941336355753e-21,-0.11806126375710067,4.606629716080416e-21
0.834,0.577380228116327,-1.6839517053480046e-18,1.0683874338791997,-0.954476244208247,-9.872068768125296e-19,-0.019462089081700922,0.9930486971164735,-4.022028795493701e-21,-0.11770422743161776,5.646704476607284e-21
0.836,0.5754668509140348,-1.6859257893560637e-18,1.0683481108346418,-0.958898655169563,-9.86876778482989e-19,-0.019860402652586814,0.993090947286401,-4.1559654110658035e-21,-0.11734722160237966,6.3435514787710484e-21
0.838,0.5735446435839995,-1.6878992111144285e-18,1.0683079945888525,-0.9633063719402752,-9.865446251926961e-19,-0.02025529206109737,0.9931330619958852,-4.209314854979005e-21,-0.11699026100781394,6.35813736217259e-21
0.84,0.5716136355105581,-1.6898719665125924e-18,1.0682670919831536,-0.9676993986593837,-9.862104179909891e-19,-0.020646764332042943,0.993175039593973,-4.26244341662837e-21,-0.11663336026844781,6.3726962234831584e-21
0.842,0.5696738560692334,-1.69184405145149e-18,1.068225409844587,-0.9720777400015064,-9.858741696827788e-19,-0.021034826720078757,0.9932168784647044,-4.315324851703765e-21,-0.11627653388722999,6.388049059815969e-21
0.844,0.5677253346256664,-1.6938154618588173e-18,1.0681829549854582,-0.9764414011730868,-9.85535889356618e-19,-0.02141948670586871,0.9932585770268443,-4.328144278873377e-21,-0.1159197962498552,6.063035752747149e-21
0.846,0.5657681005345566,-1.6957861936954044e-18,1.0681397342028895,-0.9807903879086054,-9.85195609164066e-19,-0.021800751992271692,0.9933001337336126,-4.260692931164848e-21,-0.1155631616250911,5.057361933724261e-21
0.848,0.5638021831386094,-1.697756243025198e-18,1.0680957542783784,-0.9851247064667964,-9.848533919423785e-19,-0.02217863050055073,0.9933415470724124,-4.1924828924486906e-21,-0.1152066441651077,4.0533577386380485e-21
0.85,0.5618276117674916,-1.6997256060355343e-18,1.0680510219773647,-0.989444363626868,-9.84509299036385e-19,-0.02255313036660509,0.9933828155645579,-4.163165159247031e-21,-0.11485025790580916,3.391787736674101e-21
0.852,0.5598444157367944,-1.7016942790292401e-18,1.068005544048805,-0.9937493666847278,-9.841633821643098e-19,-0.022924259937225657,0.993423937765,-4.1333891483064824e-21,-0.1144940167671681,2.7322526439551193e-21
0.854,0.5578526243470033,-1.7036622584029783e-18,1.067959327224755,-0.9980397234492115,-9.83815684258102e-19,-0.02329202776637381,0.9934649122620517,-4.142559923080554e-21,-0.11413793455356219,2.4155446563016295e-21
0.856,0.5558522668824765,-1.7056295406207902e-18,1.0679123782199582,-1.0023154422383176,-9.834662330082035e-19,-0.023656442611483936,0.9935057376771113,-4.1123198454109356e-21,-0.11378202495411315,1.7596031394151713e-21
0.858,0.5538433726104298,-1.7075961222253572e-18,1.0678647037314435,-1.0065765318754452,-9.831150866387474e-19,-0.02401751342978988,0.9935464126643856,-3.925066591916992e-21,-0.11342630154302791,-2.5599252925763116e-22
0.86,0.5518259707799302,-1.709561999936139e-18,1.0678163104381282,-1.0108230016856374,-9.82762358810795e-19,-0.02437524937467549,0.9935869359106119,-3.7366734131599536e-21,-0.1130707777799423,-2.267040963302086e-21
0.862,0.5498000906208959,-1.7115271707053894e-18,1.0677672050004303,-1.0150548614918284,-9.824081621657436e-19,-0.024729659792049444,0.9936273061347786,-3.62483736684551e-21,-0.11271546701026681,-3.593057383965212e-21
0.864,0.5477657613431043,-1.7134916316894132e-18,1.0677173940598865,-1.019272121611096,-9.820525873218642e-19,-0.025080754216744595,0.9936675220878453,-3.5508512411033786e-21,-0.11236038246553454,-4.575337150243946e-21
0.866,0.5457230121352078,-1.7154553801986056e-18,1.0676668842387782,-1.0234747928509178,-9.816956897141415e-19,-0.025428542368941973,0.9937075825524619,-3.630742235551117e-21,-0.11200553726375143,-4.193289893494219e-21
0.868,0.5436718721637563,-1.7174184135849382e-18,1.067615682139764,-1.027662886505433,-9.813374603710356e-19,-0.025773034150619652,0.9937474863426881,-3.7493419183423255e-21,-0.11165094440974868,-3.470885887479945e-21
0.87,0.541612370572228,-1.7193807291530042e-18,1.06756379434552,-1.0318364143517087,-9.809778641586093e-19,-0.026114239642026593,0.9937872323037096,-3.9064210639170966e-21,-0.11129661679553714,-2.410142358214933e-21
0.872,0.5395445364800668,-1.721342324122037e-18,1.0675112274183869,-1.0359953886460112,-9.806168548987512e-19,-0.026452169098181745,0.9938268193115569,-4.0636727369552586e-21,-0.1109425672006639,-1.3519762560901934e-21
0.874,0.5374683989817283,-1.7233031956156063e-18,1.067457987900023,-1.0401398221200806,-9.802543774853785e-19,-0.02678683294539844,0.9938662462728215,-4.221335580731872e-21,-0.11058880829257095,-2.9640806217697447e-22
0.876,0.5353839871457318,-1.7252633406429828e-18,1.0674040823110664,-1.0442697279774136,-9.79890381567364e-19,-0.027118241777834274,0.9939055121243721,-4.3034192951106434e-21,-0.11023535262695582,7.588023481812578e-23
0.878,0.5332913300137212,-1.7272227561423474e-18,1.0673495171508018,-1.048385119889547,-9.795248487908349e-19,-0.02744640635406668,0.9939446158330704,-4.347542667843586e-21,-0.1098822126481342,1.063012766881046e-22
0.88,0.5311904565995321,-1.7291814390414064e-18,1.0672942988968355,-1.052486011992351,-9.79157781391545e-19,-0.027771337593694215,0.9939835563954866,-4.391447550795477e-21,-0.10952940068940462,1.3625197580917884e-22
0.882,0.5290813958882672,-1.7311393862779734e-18,1.067238434004776,-1.0565724188823227,-9.787891888283396e-19,-0.028093046573963824,0.9940223328376145,-4.397571598474756e-21,-0.10917692897341494,-1.740457553549147e-22
0.884,0.5269641768353786,-1.733096594826342e-18,1.0671819289079234,-1.0606443556128888,-9.784191053006518e-19,-0.02841154452642411,0.9940609442145867,-4.328156415938403e-21,-0.10882480961253088,-1.1639419374734532e-21
0.886,0.5248388283657573,-1.7350530617682117e-18,1.067124790016963,-1.0647018376907118,-9.780475919835907e-19,-0.028726842833604754,0.9940993896103887,-4.220870504612575e-21,-0.10847305460920632,-2.4916298695880022e-21
0.888,0.5227053793728315,-1.737008784317628e-18,1.0670670237196669,-1.0687448810720008,-9.77674728814059e-19,-0.029038953025722243,0.9941376681375736,-4.075523596763156e-21,-0.10812167585635549,-4.1566869279526636e-21
0.89,0.5205638587176696,-1.7389637598711514e-18,1.0670086363806022,-1.0727735021588296,-9.773006127617258e-19,-0.029347886777411975,0.9941757789369766,-3.892123698052332e-21,-0.10777068513772692,-6.159121685834916e-21
0.892,0.5184142952280937,-1.7409179860390045e-18,1.0669496343408449,-1.0767877177954583,-9.76925367668852e-19,-0.029653655904486834,0.9942137211774291,-3.633402391903563e-21,-0.10742009412827928,-8.838345211966214e-21
0.894,0.5162567176977978,-1.74287146071258e-18,1.0668900239177013,-1.0807875452646623,-9.765491388875912e-19,-0.02995627236072239,0.9942514940554734,-3.4103333331679275e-21,-0.10706991439455892,-1.1170757397150083e-20
0.896,0.514091154885475,-1.7448241820598944e-18,1.0668298114044348,-1.0847730022840647,-9.761720696007395e-19,-0.030255748234668742,0.9942890967950765,-3.1858811722181335e-21,-0.10672015739507898,-1.3497027041886005e-20
0.898,0.5119176355139511,-1.7467761485427188e-18,1.06676900307,-1.088744107002477,-9.757942905310695e-19,-0.03055209574648918,0.9943265286473447,-2.997138846942801e-21,-0.10637083448070048,-1.547733734868297e-20
0.9,0.5097361882693264,-1.7487273588551886e-18,1.0667076051587823,-1.0927008779962437,-9.75415922378333e-19,-0.030845327244825627,0.9943637888902386,-2.7342914862937815e-21,-0.10602195689501484,-1.8133802748920354e-20
0.902,0.5075468418001239,-1.750677811970005e-18,1.0666456238903437,-1.096643334265593,-9.750371206012068e-19,-0.031135455203691088,0.9944008768282873,-2.4699446061059828e-21,-0.10567353577472814,-2.0783336096412945e-20
0.904,0.505349624716445,-1.7526275071661972e-18,1.0665830654591761,-1.1005714952309942,-9.74658023400296e-19,-0.03142249221938903,0.9944377917923036,-2.349583373844435e-21,-0.1053255821500469,-2.2063867835289244e-20
0.906,0.503144565589133,-1.7545764439496086e-18,1.066519936034459,-1.10448538072952,-9.74278720227036e-19,-0.03170645100745986,0.9944745331390994,-2.2286391552819802e-21,-0.1049781069450655,-2.334045440551666e-20
0.908,0.5009316929489436,-1.7565246219837595e-18,1.0664562417598242,-1.108385011011217,-9.738992864507975e-19,-0.031987344399654526,0.9945111002512008,-2.035175307152081e-21,-0.10463112097815512,-2.5294642023731507e-20
0.91,0.4987110352857223,-1.7584720411078963e-18,1.0663919887531264,-1.1122704067354794,-9.735198357906973e-19,-0.03226518534093528,0.9945474925365645,-1.7327628358323362e-21,-0.10428463496235417,-2.826593488004315e-20
0.912,0.49648262104758945,-1.76041870144376e-18,1.06632718310622,-1.1161415889674315,-9.731405212330708e-19,-0.0325399868865037,0.9945837094282938,-1.5363046510570625e-21,-0.10393865950576017,-3.0208414102354075e-20
0.914,0.4942464786401323,-1.762364603385013e-18,1.0662618308847411,-1.119998579174316,-9.727614617167664e-19,-0.03281176219885593,0.9946197503843558,-1.3389582225494417e-21,-0.10359320511192324,-3.214573683514608e-20
0.916,0.49200263642560466,-1.764309747552873e-18,1.0661959381278965,-1.1238413992218874,-9.723827611920077e-19,-0.03308052454486533,0.9946556148872979,-1.140843772734279e-21,-0.10324828218024075,-3.407915275531114e-20
0.918,0.489751122722133,-1.7662541347670435e-18,1.0661295108482571,-1.127670071370814,-9.720045290783448e-19,-0.03334628729289237,0.9946913024439663,-9.415834957390366e-22,-0.10290390100635356,-3.600781524355686e-20
0.92,0.4874919658029307,-1.7681977660785563e-18,1.0660625550315586,-1.1314846182730856,-9.716268747607023e-19,-0.03360906390992197,0.9947268125852239,-7.415840784387209e-22,-0.10256007178254357,-3.793136936348531e-20
0.922,0.4852251938955187,-1.7701406427462133e-18,1.065995076636506,-1.1352850629684272,-9.71249905212187e-19,-0.03386886795872823,0.9947621448656693,-5.054355769065464e-22,-0.10221680459813257,-4.019106249595219e-20
0.924,0.4829508351809537,-1.772082766261409e-18,1.065927081594586,-1.1390714288807213,-9.708737436980482e-19,-0.0341257130950666,0.9947972988633567,-2.331153747691323e-22,-0.10187410943988244,-4.2786086962339773e-20
0.926,0.4806689177930635,-1.7740241383786202e-18,1.0658585758098829,-1.1428437398144355,-9.704985346714996e-19,-0.03437961306489347,0.9948322741795155,1.1038121636030448e-22,-0.10153199619239657,-4.6056099932865e-20
0.928,0.47837946981768914,-1.775964544409788e-18,1.0657895651589016,-1.1466020199510585,-9.696909145939713e-19,-0.034630581701613226,0.9948670704382722,-3.251409986527958e-20,-0.10119047463852256,-5.0271468556882357e-20
0.93,0.47608251929193474,-1.7779018201206633e-18,1.065720055490395,-1.150346293845542,-9.67585997672906e-19,-0.03487863292335279,0.9949016872863711,-3.7989722412035235e-20,-0.1008495544597561,-4.8967081654664946e-20
0.932,0.47377809420342387,-1.779835546190424e-18,1.0656500526251975,-1.154076586422751,-9.662498926023368e-19,-0.035123780730263586,0.9949361243928975,-3.2553454879117087e-20,-0.10050924523664612,-4.621618095678962e-20
0.934,0.4714662224895635,-1.781765920813849e-18,1.0655795623560638,-1.1577929229739203,-9.640538129287483e-19,-0.03536603920185101,0.9949703814490006,-5.4095592122142615e-20,-0.10016955644920096,-4.929512160930633e-20
0.936,0.46914693203681446,-1.78369140800698e-18,1.0655085904475121,-1.1614953291531203,-9.615437850875322e-19,-0.03560542249433134,0.995004458167618,-5.385158222187449e-20,-0.09983049747729583,-4.880058656605427e-20
0.9380000000000001,0.46682025067996974,-1.7856119236657388e-18,1.0654371426356741,-1.1651838309737275,-9.58829188399256e-19,-0.035841944838016095,0.9950383542832003,-7.562823203057274e-20,-0.09949207760108122,-4.879422302266129e-20
0.9400000000000001,0.464486206201439,-1.78752601022871e-18,1.0653652246281493,-1.1688584548049055,-9.553681722748776e-19,-0.03607562053472385,0.9950720695514378,-6.424216630067553e-20,-0.09915430600139251,-4.8920863536983876e-20
0.9420000000000001,0.4621448263305407,-1.7894344556291695e-18,1.0652928421038639,-1.172519227368092,-9.532238195472963e-19,-0.036306463955219435,0.9951056037489866,-4.1963338476948245e-20,-0.09881719176016053,-4.830346408529253e-20
0.9440000000000001,0.4597961387428011,-1.7913386222733455e-18,1.065220000712936,-1.1761661757334945,-9.509803343884402e-19,-0.03653448953668054,0.9951389566731967,-4.191720345139148e-20,-0.09848074386082316,-4.679094153882341e-20
0.9460000000000001,0.45744017105926016,-1.793238708895046e-18,1.0651467060765452,-1.1797993273165934,-9.49071513556355e-19,-0.036759711780191724,0.9951721281418413,-4.7430660107959524e-20,-0.09814497118873797,-4.479958330572676e-20
0.9480000000000001,0.4550769508457844,-1.7951345520895894e-18,1.0650729637868073,-1.1834187098746536,-9.468454523011673e-19,-0.03698214524826573,0.9952051179928463,-3.634899450650676e-20,-0.09780988253159577,-4.324314021025355e-20
0.9500000000000001,0.45270650561238696,-1.797026856816389e-18,1.064998779406654,-1.1870243515032437,-9.454966417174353e-19,-0.037201804562392075,0.9952379260840213,-3.628735708500435e-20,-0.0974754865798351,-4.2082648225438085e-20
0.9520000000000001,0.45032886281255435,-1.7989157833819027e-18,1.0649241584697169,-1.1906162806327647,-9.433950142933714e-19,-0.037418704400612984,0.9952705522927924,-3.0737179466070324e-20,-0.09714179192705764,-4.073122658471079e-20
0.9540000000000001,0.4479440498425803,-1.8008014553507818e-18,1.0648491064802172,-1.1941945260249853,-9.423863857343237e-19,-0.037632859495126465,0.9953029965159339,-1.9790527722000415e-20,-0.09680880707044448,-3.851071851489905e-20
0.9560000000000001,0.4455520940409065,-1.8026849695316435e-18,1.06477362891286,-1.1977591167695871,-9.412729999783322e-19,-0.03784428462991666,0.9953352586693043,-3.440053944658935e-21,-0.09647654041117326,-3.576734106432498e-20
0.9580000000000001,0.44315302268747025,-1.8045675628774562e-18,1.0646977312127321,-1.2013100822807177,-9.414651038008533e-19,-0.03805299463841121,0.9953673386875809,1.2745403238317526e-20,-0.09614500025483617,-3.2010715080202934e-20
0.96,0.4407468630030589,-1.8064504666710973e-18,1.0646214187952066,-1.2048474522935526,-9.414383219716032e-19,-0.03825900440116581,0.9953992365239963,7.307805589032573e-21,-0.09581419481185864,-3.344580648829981e-20
0.962,0.43833364214867115,-1.8083333881785284e-18,1.06454469704585,-1.208371256860866,-9.415191305633617e-19,-0.038462328843575706,0.9954309521500776,1.9304080960966065e-21,-0.0954841321979189,-3.521799949300197e-20
0.964,0.4359133872248855,-1.810215963819271e-18,1.0644675713203358,-1.2118815263496105,-9.410565048518607e-19,-0.03866298293361421,0.9954624855553839,2.0692514002275454e-21,-0.09515482043436828,-3.6802721697767913e-20
0.966,0.4334861252712351,-1.81209815732631e-18,1.0643900469443601,-1.2153782914375058,-9.412454142856177e-19,-0.03886098167959808,0.9954938367472479,1.3223110392457094e-20,-0.09482626744865215,-3.836341263337034e-20
0.968,0.43105188326558974,-1.8139806912426464e-18,1.0643121292135649,-1.2188615831096354,-9.412159250146144e-19,-0.03905634012797977,0.9955250057505176,2.3315862981893756e-21,-0.09449848107473166,-4.0297170940263917e-20
0.97,0.4286106881235445,-1.815862731431301e-18,1.0642338233934625,-1.2223314326550552,-9.407520383122441e-19,-0.03924907336116636,0.9955559926072989,-8.507336550162253e-21,-0.0941714690535061,-4.2224206624998516e-20
0.972,0.42616256669781516,-1.817743411284773e-18,1.0641551347193667,-1.225787871663408,-9.398559376589311e-19,-0.039439196495365335,0.9955867973767001,-1.9358782551712905e-20,-0.09384523903323579,-4.3462310634408947e-20
0.974,0.4237075457776403,-1.8196218685288864e-18,1.0640760683963268,-1.2292309320215504,-9.385297699751847e-19,-0.039626724678456814,0.995617420134578,-3.01908000270998e-20,-0.09351979856996585,-4.43542955883858e-20
0.976,0.4212456520881905,-1.8214972451510747e-18,1.0639966295990666,-1.2326606459101863,-9.367756536933013e-19,-0.03981167308789242,0.9956478609732846,-4.097154828024655e-20,-0.09319515512795029,-4.5241756541692274e-20
0.978,0.41877691228998376,-1.8233686873598786e-18,1.0639168234719274,-1.2360770458005133,-9.345956893093699e-19,-0.0399940569286206,0.9956781200014161,-5.173338691200474e-20,-0.09287131608007679,-4.5783978073443135e-20
0.98,0.41630135297830806,-1.825235345538914e-18,1.0638366551288148,-1.2394801644508757,-9.319919558350546e-19,-0.04017389143103824,0.9957081973435624,-6.25082293756676e-20,-0.09254828870829204,-4.564020172501843e-20
0.982,0.41381900068265015,-1.8270963741949706e-18,1.06375612965315,-1.2428700349034294,-9.289664894127392e-19,-0.040351191848968675,0.9957380931400588,-7.326488944507483e-20,-0.09222608020402756,-4.515330329557111e-20
0.984,0.4113298818661315,-1.8289509318751687e-18,1.0636752520978248,-1.2462466904808154,-9.255213015960887e-19,-0.04052597345766581,0.9957678075467387,-8.397166190203882e-20,-0.09190469766862597,-4.466569820769674e-20
0.986,0.4088340229249506,-1.8307981811363102e-18,1.063594027485161,-1.2496101647828441,-9.21658387624652e-19,-0.04069825155184437,0.9957973407346877,-9.466048791707904e-20,-0.09158414811376779,-4.3836213993001714e-20
0.988,0.4063314501878317,-1.832637288501827e-18,1.0635124608068733,-1.2529604916831898,-9.173797145697316e-19,-0.04086804144373616,0.9958266928900001,-1.0533184815281676e-19,-0.09126443846189866,-4.266570757886967e-20
0.99,0.4038221899154807,-1.834467424399827e-18,1.0634305570240363,-1.2562977053260942,-9.12687233118762e-19,-0.04103535846117225,0.9958558642135356,-1.1592301989067035e-19,-0.09094557554665698,-4.183621252261043e-20
0.992,0.4013062683000472,-1.8362877631645333e-18,1.0633483210670545,-1.2596218401230816,-9.07582892176268e-19,-0.04120021794569088,0.9958848549206779,-1.2646560813795593e-19,-0.09062756611330193,-4.1006523475297753e-20
0.994,0.39878371146459307,-1.838097483029041e-18,1.0632657578356375,-1.2629329307496837,-9.020686489044265e-19,-0.041362635250671166,0.9959136652410958,-1.3686620146112836e-19,-0.0903104168191418,-4.119955175192997e-20
0.996,0.3962545454625679,-1.8398957661662e-18,1.0631828721987784,-1.2662310121421751,-8.961464801066436e-19,-0.04152262573949239,0.9959422954185048,-1.472182271895356e-19,-0.08999413423396288,-4.13899334805964e-20
0.998,0.39371879627729056,-1.8416817987053343e-18,1.0630996689947345,-1.2695161194943192,-8.898183718680943e-19,-0.04168020478371869,0.9959707457104301,-1.5745987740597166e-19,-0.08967872484045836,-4.225938415888957e-20
1.0,0.39117579742050174,-1.8434534926027868e-18,1.063019987767035,-1.2734773999622877,-8.817950544572748e-19,-0.03800005768605391,0.996032158790319,-1.6757553999691907e-19,-0.08899403719068773,-4.3864796917236105e-20
1.002,0.38862562982031973,-1.84521001440619e-18,1.062943694205932,-1.2766848822959205,-8.746873128539882e-19,-0.038292550004984494,0.9961053086744273,-1.775821768996232e-19,-0.08817150350665927,-4.6084839577005736e-20
1.004,0.3860690761971379,-1.846952121262121e-18,1.0628668224301308,-1.2798637470537915,-8.67479023850026e-19,-0.0385783387379077,0.9961733571660077,-1.685397030159123e-19,-0.08739932764390453,-4.5402395787949076e-20
1.006,0.3835061977387956,-1.8486803846682448e-18,1.062789386484027,-1.2830094912124184,-8.607359793935243e-19,-0.03885668865310305,0.9962438232669614,-1.6497097041958882e-19,-0.08659240499274914,-4.555021172827756e-20
1.008,0.3809370573570673,-1.8503948714298515e-18,1.0627114005901168,-1.2861258815551724,-8.537023476158011e-19,-0.03912833189258761,0.9963108010446388,-1.72300025684366e-19,-0.08581834140666522,-4.698284261325559e-20
1.01,0.37836171621442083,-1.8520953251897406e-18,1.0626328785246821,-1.2892101159368305,-8.468108656423308e-19,-0.03939284477733387,0.996378949763691,-1.6332395559872796e-19,-0.08502345833830194,-4.5636558268534714e-20
1.012,0.3757802364814365,-1.853782352874382e-18,1.0625538341109135,-1.2922646117578749,-8.402759569485916e-19,-0.039650712495800544,0.9964446144976968,-1.5445161323338687e-19,-0.0842504020081649,-4.360971975762417e-20
1.014,0.3731926791443341,-1.855456665877672e-18,1.0624742808324485,-1.2952876407509029,-8.340958978815844e-19,-0.039901704084676914,0.9965106828100062,-1.4559387973959267e-19,-0.08346531642266752,-4.193319973950465e-20
1.016,0.3705991057449363,-1.857118972032374e-18,1.0623942321392534,-1.298280769001908,-8.282688172432009e-19,-0.04014615132993668,0.9965748942244298,-1.3672240110551054e-19,-0.0826951038548681,-4.0943086116758016e-20
1.018,0.3679995769965825,-1.8587699756204815e-18,1.0623137012085908,-1.3012429463608843,-8.227930586669239e-19,-0.04038394230460794,0.9966390388867286,-1.2786481453290355e-19,-0.0819184116480468,-4.0299301740715473e-20
1.02,0.3653941538819287,-1.8604103775668966e-18,1.0622327011348658,-1.3041752019534267,-8.176669145896178e-19,-0.04061531337601151,0.9967017199868418,-1.1899254513069683e-19,-0.08115221115454642,-4.0340581803016724e-20
1.022,0.3627828967790896,-1.8620408755615812e-18,1.0621512447819612,-1.3070769139443856,-8.1288886109709255e-19,-0.040840225979386705,0.9967640480462511,-1.101046950289798e-19,-0.08038303628534789,-4.106693740324801e-20
1.024,0.3601658661541517,-1.863662164253633e-18,1.0620693449011893,-1.3099487728940822,-8.084573762762871e-19,-0.04105885699392153,0.9968251610696193,-1.0120116958802475e-19,-0.07962159417223728,-4.247545909266569e-20
1.026,0.35754312200935284,-1.865274935387917e-18,1.0619870140402403,-1.312790427606099,-8.043710771922352e-19,-0.04127121290752272,0.9968857487741328,-9.230879595408724e-20,-0.0788593931693447,-4.422425131574588e-20
1.028,0.35491472431981735,-1.8668796625098682e-18,1.0619042646166015,-1.3156023552797165,-8.001976879896462e-19,-0.04147743337024273,0.9969452802749734,-1.1641038923941396e-19,-0.07810318903511793,-4.6513608867380295e-20
1.03,0.3522807326849955,-1.868474878233809e-18,1.0618211088615783,-1.3183843758288767,-7.949681344933235e-19,-0.041677552377972306,0.9970041847909495,-1.1875036943647484e-19,-0.07734762769041334,-4.4347577116447117e-20
1.032,0.34964120660398323,-1.8700602716005842e-18,1.061737558866135,-1.32113683210039,-7.904113333950052e-19,-0.041871686136914256,0.9970621363888992,-1.2107082801243446e-19,-0.07659697239189663,-4.218600294870567e-20
1.034,0.346996205255255,-1.8716356771517064e-18,1.0616536265466414,-1.3238596522908532,-7.849086807547322e-19,-0.04205988527854516,0.9971194030584004,-1.2338448634968368e-19,-0.07584784798832357,-3.9686603223534674e-20
1.036,0.34434578767012447,-1.8732008238489927e-18,1.0615693236736399,-1.3265530947465844,-7.80296159322381e-19,-0.04224225109955733,0.99717578569974,-1.1470589958833003e-19,-0.07510294544228559,-3.7044775881026315e-20
1.038,0.3416900125934564,-1.87475655405477e-18,1.0614846618510483,-1.3292171562828117,-7.755996384469326e-19,-0.04241884412953654,0.9972314525327817,-8.964421850786611e-20,-0.07436013770400962,-3.3517737514755557e-20
1.04,0.3390289385928563,-1.876304460707374e-18,1.0613996525343603,-1.3318520421954005,-7.722204693410572e-19,-0.04258975603688231,0.9972862829293754,-9.72902276545461e-20,-0.07362112387698751,-3.518263286290232e-20
1.042,0.33636262397050015,-1.877844153767247e-18,1.0613143070181807,-1.334457792873744,-7.673503709464295e-19,-0.042755053073895335,0.9973403833822924,-1.1033939071471368e-19,-0.07288456403699645,-3.7587699764835243e-20
1.044,0.3336911268317751,-1.879374922378505e-18,1.0612286364478896,-1.3370345803993091,-7.634760681308241e-19,-0.04291482054701691,0.9973936818005109,-9.608614011938105e-20,-0.07215153154592008,-3.6618350352691953e-20
1.046,0.3310145050293809,-1.8808976045994607e-18,1.0611426518123384,-1.3395824729180632,-7.591917839805111e-19,-0.043069127843182904,0.9974462464922587,-9.274888009844073e-20,-0.07142118284168306,-3.746866797630218e-20
1.048,0.3283328162063935,-1.8824123528609203e-18,1.0610563639514712,-1.3421016218033786,-7.554702445071089e-19,-0.04321805592562897,0.9974980353786739,-1.0584318262928375e-19,-0.07069419647811626,-3.9150069367273795e-20
1.05,0.325646117760744,-1.8839182775368358e-18,1.0609697835522178,-1.3445921129635157,-7.501530262293208e-19,-0.04336167571116572,0.9975490931491561,-1.2971457930797474e-19,-0.06997004185575986,-4.296741593087727e-20
1.052,0.32295446687215346,-1.885413524135844e-18,1.0608829211536164,-1.3470540849442663,-7.450804066395997e-19,-0.04350006506637225,0.9975993962748553,-1.2621965851719954e-19,-0.0692491483849787,-4.3485507496775163e-20
1.054,0.32025792047948326,-1.886898294688845e-18,1.0607957871446863,-1.3494876350971097,-7.397129073484692e-19,-0.04363329544231274,0.997648974835756,-1.2275242666557011e-19,-0.06853118275037894,-4.365964429473961e-20
1.056,0.3175565352975034,-1.8883728997031907e-18,1.0607083917680082,-1.3518928941015333,-7.3502259249782625e-19,-0.043761442377711866,0.9976978167620862,-1.137829783313673e-19,-0.06781641709916089,-4.414075399151385e-20
1.058,0.3148503678023774,-1.88983797185026e-18,1.060620745118824,-1.3542699667526565,-7.299281840877584e-19,-0.04388457723964248,0.9977459430954322,-1.3236856319017443e-19,-0.06710464243707306,-4.408793467872231e-20
1.06,0.312139474242027,-1.8912921287238467e-18,1.060532857147665,-1.3566189789827392,-7.241078534870096e-19,-0.04400277371238084,0.9977933488389759,-1.5089164493444962e-19,-0.0663960316035747,-4.3690341569629843e-20
1.062,0.3094239106267618,-1.892733921809678e-18,1.0604447376602115,-1.358940040494855,-7.17564933642784e-19,-0.04411610269461578,0.9978400494396135,-1.6932957760385425e-19,-0.06569045390580636,-4.329030885781239e-20
1.064,0.30670373273561463,-1.8941619092448335e-18,1.060356396319335,-1.3612332744306461,-7.103027364887091e-19,-0.04422463630708421,0.9978860442606815,-1.8770522402303097e-19,-0.06498801943258653,-4.2546322570200436e-20
1.066,0.3039789961102297,-1.8955747636141035e-18,1.0602678426454302,-1.3634987937893823,-7.025402576375958e-19,-0.04432844474068662,0.9979313452822491,-1.8944980144497564e-19,-0.06428864676722751,-4.2783862766640333e-20
1.068,0.3012497560586666,-1.89697220622669e-18,1.060179086018095,-1.3657367201452095,-6.948190589945538e-19,-0.04442759873091464,0.9979759545499923,-2.020735043034431e-19,-0.06359240630792841,-4.475136361418372e-20
1.07,0.29851606765135624,-1.8983534918219736e-18,1.060090135676757,-1.367947168764998,-6.864915048682185e-19,-0.04452216761145265,0.9980198818912938,-1.8736682449667356e-19,-0.06289924760829142,-4.3601243539446035e-20
1.072,0.29577798572331904,-1.899719532768131e-18,1.0600010007221303,-1.3701302604157581,-6.797177775871997e-19,-0.04461222084146907,0.9980631309963792,-1.6721500607591629e-19,-0.06220921592260598,-4.2794856823372624e-20
1.074,0.293035564871437,-1.9010719556999347e-18,1.0599116901170247,-1.3722861119714838,-6.728729685129295e-19,-0.04469782680393061,0.9981057103510077,-1.4712363423560296e-19,-0.06152228023010426,-4.2333822326138226e-20
1.076,0.2902888594556827,-1.9024123089473413e-18,1.059822212687667,-1.374414843860501,-6.67791340719631e-19,-0.04477905374798249,0.998147624647874,-1.1064613922844745e-19,-0.06083846981810083,-4.1890203935270895e-20
1.078,0.2875379235972331,-1.9037432117847484e-18,1.059732577124623,-1.376516574135865,-6.630618581912173e-19,-0.044855969047224345,0.9981888815312357,-1.180759522726535e-19,-0.060157765811421036,-4.4805391107438715e-20
1.08,0.2847828111790855,-1.905064466965994e-18,1.059642791984036,-1.3785914231715821,-6.58359728470106e-19,-0.044928639780996996,0.9982294862987849,-9.820744044981503e-20,-0.05948018732035954,-4.4352517505240107e-20
1.082,0.28202357584471355,-1.9063774604861425e-18,1.0595528656886188,-1.3806395099184872,-6.545477309509127e-19,-0.04499713227669316,0.9982694460612757,-1.004609552145532e-19,-0.058805723025186114,-4.315587267760003e-20
1.084,0.2792602709983079,-1.907682060823002e-18,1.0594628065288416,-1.3826609548645903,-6.500025568692591e-19,-0.04506151246820989,0.9983087664751072,-1.0270558222687707e-19,-0.05813438551280004,-4.196167812822156e-20
1.086,0.27649294980378525,-1.9089780643295406e-18,1.0593726226639684,-1.3846558776699687,-6.460228991284e-19,-0.04512184561362974,0.9983474543068588,-1.04841058632208e-19,-0.057466168125390654,-4.248029750709376e-20
1.088,0.27372166518480273,-1.9102654478866654e-18,1.0592823221232133,-1.38662439903186,-6.41418650357158e-19,-0.04517819651622243,0.9983855154187751,-9.601834091891852e-20,-0.056801079232601366,-4.2367839746851557e-20
1.09,0.2709464698240011,-1.9115448364821288e-18,1.0591919128068041,-1.3885666391896982,-6.38027663141012e-19,-0.04523062935039543,0.9984229563493211,-8.18030388030789e-20,-0.05613911501514031,-4.1261056388190065e-20
1.092,0.2681674161628872,-1.912817067687825e-18,1.0591014024871197,-1.3904827190991742,-6.341169202325258e-19,-0.04527920779795935,0.9984597830714601,-9.500561263605519e-20,-0.055480281081610926,-4.203970144730448e-20
1.094,0.2653845564012354,-1.9140813197035716e-18,1.0590107988097694,-1.3923727594863295,-6.300127393985736e-19,-0.04532399494092336,0.9984960019663921,-1.2455568093109288e-19,-0.054824575302801264,-4.441321817860034e-20
1.096,0.26259794249689783,-1.915335658318718e-18,1.0589201092947196,-1.3942368815856419,-6.243122738725709e-19,-0.04536505334555953,0.9985316190583516,-1.2675708352299253e-19,-0.05417200144640101,-4.2538490680433886e-20
1.098,0.25980762616531616,-1.9165797052262408e-18,1.0588293413373817,-1.3960752065405777,-6.1982900108744145e-19,-0.04540244499647652,0.9985666406142424,-1.125472679772911e-19,-0.05352255835055453,-3.9434766044579495e-20
1.1,0.2570136588792969,-1.917814414053188e-18,1.058738502209731,-1.3978878558666359,-6.149378200037663e-19,-0.045436231348556975,0.9986010726721797,-1.1474466247127605e-19,-0.05287624852402262,-3.8589236217068395e-20
1.102,0.25421609186860344,-1.9190399429648624e-18,1.0586475990614017,-1.399674951070531,-6.105051991324716e-19,-0.045466473286534144,0.9986349214105632,-1.224448719466261e-19,-0.05223307131808708,-3.7350876057626343e-20
1.104,0.2514149761197196,-1.9202554068999613e-18,1.0585566389207977,-1.4014366139397358,-6.049091257546257e-19,-0.04549323115718361,0.998668192857641,-1.3004385706272475e-19,-0.0515930283512771,-3.7139878242608094e-20
1.106,0.24861036237550266,-1.9214601762156408e-18,1.0584656286961909,-1.4031729662996402,-5.998828743704943e-19,-0.04551656474467123,0.998700893118534,-1.3755832383361114e-19,-0.050956119203138604,-3.761154600728538e-20
1.108,0.24580230113495002,-1.9226537689562598e-18,1.0583745751768292,-1.4048841301936628,-5.935888309258059e-19,-0.04553653329063282,0.9987330281963223,-1.560059315621431e-19,-0.05032234483612864,-3.829749034469747e-20
1.11,0.24299084265290097,-1.9238346988651403e-18,1.058283485034034,-1.406570227727497,-5.872206074347696e-19,-0.04555319547929132,0.9987646041315853,-1.7434925842624693e-19,-0.04969170487998574,-3.9321580327600713e-20
1.112,0.24017603693981512,-1.925001522293311e-18,1.0581923648223033,-1.4082313811802163,-5.794829168970487e-19,-0.045566609450128505,0.998795626892174,-1.8714676010204e-19,-0.0490641997903868,-3.9726499995098535e-20
1.114,0.2373579337615154,-1.9261531624189997e-18,1.0581012209804104,-1.4098677129035002,-5.721096794001254e-19,-0.04557683278907014,0.9988261024588937,-1.998840139739841e-19,-0.048439829136544335,-4.012825637452916e-20
1.116,0.234536582638984,-1.9272887633421576e-18,1.058010059832502,-1.4114793453892385,-5.634800939184968e-19,-0.04558392253664724,0.9988560367575652,-2.0706874638477376e-19,-0.04781859296310808,-4.0603959548780243e-20
1.118,0.23171203284814096,-1.928407833761507e-18,1.0579188875891947,-1.4130664012034804,-5.556513170735993e-19,-0.04558793518296653,0.9988854357115676,-1.9776979598386743e-19,-0.047200490710516824,-4.097555900571524e-20
1.12,0.22888433341966136,-1.929510963848851e-18,1.0578277103486702,-1.4146290030266313,-5.475394921789547e-19,-0.045588926673144674,0.9989143051999309,-1.8849755637640346e-19,-0.046585522074366836,-4.168919279716522e-20
1.122,0.22605353313878615,-1.930598884912107e-18,1.0577365340977676,-1.4161672736093456,-5.404420380300369e-19,-0.04558695240465651,0.9989426510894938,-1.791872046590075e-19,-0.04597368632485226,-4.4112760125234806e-20
1.124,0.22321968054516236,-1.9316722170583087e-18,1.0576453647130755,-1.417681335795467,-5.32842332329917e-19,-0.045582067231138765,0.9989704792090186,-1.864106682446938e-19,-0.04536498284917324,-4.591807402037035e-20
1.1260000000000001,0.2203828239326841,-1.932730641969216e-18,1.0575542079620204,-1.4191713124918037,-5.257151065118648e-19,-0.0455743254612475,0.9989977953688186,-1.6635828148803812e-19,-0.04475941072268615,-4.3051168001472174e-20
1.1280000000000001,0.21754301134935677,-1.933775499470377e-18,1.057463069503954,-1.42063732668022,-5.190582669169794e-19,-0.04556378086150478,0.9990246053447313,-1.737583888815845e-19,-0.04415696905139639,-4.210462720147626e-20
1.1300000000000001,0.2147002905971666,-1.9348063952630957e-18,1.0573719548912375,-1.4220795013962055,-5.117897002134334e-19,-0.04555048665612925,0.9990509148900493,-1.6458866152439525e-19,-0.04355765670186358,-4.2486378779516595e-20
1.1320000000000001,0.2118547092319696,-1.935823657307916e-18,1.057280869570324,-1.4234979597341602,-5.055322625090168e-19,-0.04553449552933846,0.9990767297255607,-1.663708279452802e-19,-0.04296147251760145,-4.4372837416954685e-20
1.1340000000000001,0.20900631456338845,-1.936827611218074e-18,1.0571898188828381,-1.4248928248315498,-4.983376492217414e-19,-0.04551585962582075,0.9991020555467566,-1.7355991875121629e-19,-0.042368415149109565,-4.785911811175473e-20
1.1360000000000001,0.20615515365472611,-1.937817683537445e-18,1.057098808066653,-1.426264219869934,-4.9183095438257e-19,-0.04549463055274565,0.9991268980176053,-1.5343957969533226e-19,-0.04177848319074161,-4.7436092979731774e-20
1.1380000000000001,0.20330127332288947,-1.938795031122093e-18,1.0570078422569642,-1.4276122680626846,-4.8546824678515e-19,-0.045470859380671545,0.9991512627748659,-1.6093424201074966e-19,-0.0411916750738854,-4.5079051920854695e-20
1.1400000000000001,0.20044472013832768,-1.9397593644318664e-18,1.0569169264873615,-1.4289370926533662,-4.78816851888151e-19,-0.045444596645417605,0.9991751554241615,-1.6846840441263159e-19,-0.040607989153666556,-4.101489880460773e-20
1.1420000000000001,0.19758554042498142,-1.940710323195545e-18,1.0568260656908965,-1.4302388169057392,-4.722019102013654e-19,-0.04541589234927914,0.9991985815425226,-1.539480926903287e-19,-0.040027423641954045,-3.880761600914157e-20
1.1440000000000001,0.19472378026024612,-1.9416488810707495e-18,1.056735264701149,-1.4315175641005091,-4.66379481601914e-19,-0.04538479596285385,0.9992215466758791,-1.3944226212703056e-19,-0.03944997666242139,-3.7976633828896486e-20
1.1460000000000001,0.19185948547494636,-1.9425758985767795e-18,1.0566445282532875,-1.43277345752681,-4.605890470503812e-19,-0.045351356426484565,0.9992440563405219,-1.4701501922646628e-19,-0.038875646208667715,-3.5617997388806573e-20
1.1480000000000001,0.18899270165332335,-1.9434910427262237e-18,1.0565538609851288,-1.434006620477963,-4.545063171428164e-19,-0.04531562215209523,0.9992661160214728,-1.5454188836783499e-19,-0.038304430179318665,-3.360691987512102e-20
1.1500000000000001,0.18612347413303412,-1.944393730153569e-18,1.0564632674381933,-1.4352171762439303,-4.481325229699703e-19,-0.04527764102481012,0.9992877311732884,-1.6202245660240497e-19,-0.03773632635198497,-3.1942146394603817e-20
1.1520000000000001,0.18325184800516303,-1.9452833799734643e-18,1.0563727520587562,-1.4364052481064888,-4.414689020481475e-19,-0.045237460404831974,0.9993089072189748,-1.695223018667738e-19,-0.037171332405771265,-2.8911202128168643e-20
1.154,0.18037786811424503,-1.946159629784348e-18,1.056282319198896,-1.4375709593323367,-4.348407506004638e-19,-0.045195127129204926,0.9993296495503948,-1.4953264387019516e-19,-0.03660944590522043,-2.6579756329136612e-20
1.156,0.17750157905830108,-1.9470235953428224e-18,1.0561919731175384,-1.4387144331679338,-4.29003936917993e-19,-0.04515068751375316,0.9993499635275203,-1.5694492191972826e-19,-0.03605066431487733,-2.765631358382757e-20
1.158,0.17462302518888498,-1.9478746936269137e-18,1.0561017179814975,-1.4398357928330596,-4.2211778842709156e-19,-0.045104187354965755,0.9993698544786076,-1.6979979927160898e-19,-0.03549498498952837,-2.8927000198677497e-20
1.16,0.1717422506111421,-1.9487123438362204e-18,1.0560115578665121,-1.4409351615154835,-4.1548416237396005e-19,-0.04505567193200571,0.9993893276996582,-1.771264963872843e-19,-0.03494240518375088,-2.999950347061316e-20
1.162,0.16885929918387957,-1.949535788974055e-18,1.0559214967582782,-1.4420126623648446,-4.0802099925566657e-19,-0.045005186008701986,0.9994083884544543,-1.7345962194702818e-19,-0.034392922046119934,-3.068658657683171e-20
1.164,0.16597421451964786,-1.9503453913263858e-18,1.055831538553478,-1.4430684184872544,-4.016772952427532e-19,-0.04495277383563321,0.9994270419741627,-1.5887411612920201e-19,-0.03384653262559236,-3.0310758194998706e-20
1.166,0.16308703998483381,-1.9511422683485065e-18,1.055741687060804,-1.4441025529394196,-3.9536734586791582e-19,-0.044898479152216335,0.9994452934572853,-1.4435629813307438e-19,-0.033303233868212365,-2.9593787997844236e-20
1.168,0.1601978186997648,-1.951927641332196e-18,1.0556519460019793,-1.4451151887232387,-3.8995683478535316e-19,-0.044842345188866324,0.999463148069354,-1.4632102644005702e-19,-0.032763022621495934,-2.942632694085546e-20
1.17,0.15730659353882406,-1.952701215367707e-18,1.0555623190127734,-1.446106448780118,-3.834964983377828e-19,-0.04478441466917354,0.9994806109428386,-1.592567177082477e-19,-0.032225895632709396,-2.8591052380036053e-20
1.172,0.15441340713057705,-1.9534620848029804e-18,1.0554728096440138,-1.447076455985605,-3.773967930657167e-19,-0.04472472981213867,0.9994976871769009,-1.5563622300053442e-19,-0.031691849551989455,-2.8595991181119853e-20
1.174,0.1515183018579087,-1.9542103574978756e-18,1.0553834213625923,-1.4480253331438628,-3.707915775196108e-19,-0.04466333233443245,0.999514381837283,-1.630134972291183e-19,-0.031160880931610613,-2.826258923288944e-20
1.176,0.1486213198581715,-1.9549454563897158e-18,1.0552941575524681,-1.4489532029823662,-3.6422311685706596e-19,-0.044600263452704084,0.9995306999561027,-1.758722175198477e-19,-0.03063298622830456,-2.7415451032486695e-20
1.178,0.14572250302334425,-1.955666589896082e-18,1.0552050215156654,-1.4498601881465154,-3.5693466820266423e-19,-0.04453556388591798,0.9995466465317342,-1.7215595945886112e-19,-0.03010816180314809,-2.8462702414071757e-20
1.18,0.14282189300020146,-1.956373943289268e-18,1.0551160164732658,-1.4507464111944106,-3.5033483167062253e-19,-0.04446927385773308,0.9995622265286355,-1.7390507523381587e-19,-0.029586403923374284,-3.0699554000109004e-20
1.182,0.13991953119049322,-1.957067161084531e-18,1.055027145566397,-1.4516119945915922,-3.42907318445109e-19,-0.04440143309891203,0.9995774448772291,-1.7561008034198771e-19,-0.029067708762648553,-3.3616028399358445e-20
1.184,0.13701545875113544,-1.9577463578537988e-18,1.0549384118572165,-1.4524570607059024,-3.361697020752234e-19,-0.04433208084976843,0.9995923064737541,-1.8832726714427366e-19,-0.02855207240255608,-3.513076533379746e-20
1.186,0.13410971659441046,-1.9584105680314625e-18,1.0548498183298889,-1.4532817318023459,-3.2806532354777963e-19,-0.04426125586264422,0.9996068161801517,-1.955106205170699e-19,-0.028039490833119397,-3.579874723527684e-20
1.188,0.13120234538817768,-1.9590594438877306e-18,1.0547613678915602,-1.4540861300380445,-3.2087172499331045e-19,-0.044188996404421754,0.9996209788239374,-1.9169438312353992e-19,-0.027529959954078375,-3.5813912726870905e-20
1.19,0.12829338555609449,-1.959693001624571e-18,1.0546730633733263,-1.4548703774572114,-3.125309876377133e-19,-0.04411534025906541,0.9996347991980957,-2.0985411890575447e-19,-0.02702347557555692,-3.4719699842529396e-20
1.192,0.12538287727784686,-1.9603100689789463e-18,1.0545849075311957,-1.4556345959862038,-3.046701319541142e-19,-0.04404032473019525,0.9996482820609676,-1.8949943651353942e-19,-0.026520033419208847,-3.4987992144970514e-20
1.194,0.12247086048939017,-1.9609118926673796e-18,1.054496903047048,-1.4563789074286075,-2.9717862908558803e-19,-0.043963986643689154,0.9996614321361561,-1.8560818619946792e-19,-0.02601962911897535,-3.8433028508955213e-20
1.196,0.11955737488319947,-1.9614986688571226e-18,1.0544090525295862,-1.4571034334603894,-2.895144581973204e-19,-0.04388636235031471,0.9996742541124294,-2.0369969572407004e-19,-0.025522258222143043,-4.072800028578157e-20
1.198,0.1166424599085296,-1.9620694397775273e-18,1.0543213585152853,-1.4578082956250897,-2.8146209998688384e-19,-0.043807487728388356,0.999686752643636,-1.8339558792447624e-19,-0.025027916190155375,-4.0324110556376566e-20
1.2,0.1137261547716848,-1.962625774039535e-18,1.0542338234693334,-1.4584936153290762,-2.7496898722220655e-19,-0.04372739818646217,0.9996989323486225,-1.5771999958246303e-19,-0.024536598399612,-3.978514267153332e-20
1.202,0.1108084984362977,-1.9631691244364397e-18,1.054146449786569,-1.4591595138368423,-2.684053486830745e-19,-0.043646128666036565,0.9997107978111601,-1.6513712714049958e-19,-0.024048300143110952,-3.662982945772996e-20
1.204,0.10788952962361781,-1.9636993853098885e-18,1.0540592397924125,-1.4598061122663637,-2.618795661307394e-19,-0.04356371364429871,0.9997223535798746,-1.6707206983416435e-19,-0.023563016630207705,-3.266470486513754e-20
1.206,0.10496928681280908,-1.9642163791091505e-18,1.0539721957437918,-1.460433531584501,-2.5506624467403733e-19,-0.0434801871368854,0.9997336041681846,-1.6888665224894712e-19,-0.02308074298827345,-3.3504522612045607e-20
1.208,0.10204780824125674,-1.9647198568858382e-18,1.0538853198300628,-1.4610418926024584,-2.4839972404726103e-19,-0.04339558270066995,0.9997445540542438,-1.7616743551688586e-19,-0.02260147426342544,-3.41255701633613e-20
1.21,0.09912513190488308,-1.965209463382401e-18,1.0537986141739244,-1.4616313159712906,-2.41231230536505e-19,-0.043309933436571926,0.9997552076808903,-1.7245174808167922e-19,-0.02212520542139213,-3.449741059189484e-20
1.212,0.09620129555847219,-1.9656854223149017e-18,1.0537120808323268,-1.4622019221774636,-2.3475205388218033e-19,-0.04322327199238931,0.9997655694556011,-1.6325574126688289e-19,-0.021651931348422124,-3.5432457627236e-20
1.214,0.09327633671600359,-1.9661483166784586e-18,1.0536257217973752,-1.4627538315384643,-2.2820250397816574e-19,-0.04313563056565197,0.9997756437504517,-1.5958636481897982e-19,-0.021181646852150307,-3.579952104551464e-20
1.216,0.09035029265099445,-1.9665985470716368e-18,1.0535395389972282,-1.463287164198463,-2.221240084948883e-19,-0.04304704090649594,0.9997854349020822,-1.5046653364657754e-19,-0.020714346662490016,-3.536427027097784e-20
1.218,0.0874232003968506,-1.9670367286203975e-18,1.0534535342969884,-1.4638020401240261,-2.1618940013091352e-19,-0.042957534320557544,0.9997949472116683,-1.3592428879670129e-19,-0.02025002543249651,-3.413230928606262e-20
1.22,0.08449509674722591,-1.967464121448891e-18,1.0533677094995897,-1.464298579099879,-2.1126274816090414e-19,-0.042867141671886724,0.9998041849448979,-1.2147228769156076e-19,-0.019788677739245204,-3.18763460342297e-20
1.222,0.08156601825639022,-1.9678818358397266e-18,1.0532820663466766,-1.46477690072472,-2.0658255221526621e-19,-0.04277589338587877,0.9998131523319526,-1.0709879424041743e-19,-0.019330298084690195,-2.928364190219153e-20
1.224,0.07863600123960551,-1.9682909400818272e-18,1.0531966065194793,-1.4652371244070856,-2.0258007100623318e-19,-0.04268381945222373,0.9998218535674948,-1.1466045311249164e-19,-0.018874880896530402,-3.0204837951386005e-20
1.226,0.07570508177351035,-1.9686910201146958e-18,1.0531113316396816,-1.4656793693612638,-1.9741453649949429e-19,-0.042590949427872817,0.9998302928106596,-1.2216595031839718e-19,-0.018422420529061633,-3.146603464014799e-20
1.228,0.07277329569651236,-1.969081268716852e-18,1.0530262432702837,-1.4661037546032596,-1.9271285133350016e-19,-0.04249731244002096,0.9998384741850526,-1.3511003576537082e-19,-0.017972911264031822,-3.316766733499836e-20
1.23,0.06984067860918888,-1.9694605577079357e-18,1.0529413429164585,-1.466510398946809,-1.865274188969184e-19,-0.042402937189104935,0.9998464017787512,-1.644302236761787e-19,-0.017526347311485706,-3.550224064834172e-20
1.232,0.06690726587469537,-1.9698271877822414e-18,1.0528566320264023,-1.4668994209994428,-1.8005468466310204e-19,-0.042307851951816286,0.9998540796443122,-1.717454645993219e-19,-0.01708272281060988,-3.538935860511701e-20
1.234,0.06397309261918172,-1.9701801528114865e-18,1.0527721119921796,-1.4672709391586012,-1.7275449346475225e-19,-0.042212084584128354,0.9998615117987836,-1.84502847473508e-19,-0.016642031830569518,-3.571240066468506e-20
1.236,0.06103819373221632,-1.9705183061604084e-18,1.0526877841505604,-1.4676250716077952,-1.6527943794995997e-19,-0.04211566252433676,0.999868702223721,-2.026806401856967e-19,-0.01620426837134369,-3.6125043985487477e-20
1.238,0.05810260386721768,-1.970840325891976e-18,1.0526036497838536,-1.4679619363128196,-1.5665739277379322e-19,-0.0420186127961126,0.9998756548652095,-2.2626242921638377e-19,-0.01576942636455378,-3.696689720645788e-20
1.24,0.05516635744189363,-1.971144716033643e-18,1.0525197101207326,-1.4682816510180128,-1.4775863514640328e-19,-0.04192096201156777,0.9998823736338888,-2.222794575484488e-19,-0.015337499674289356,-4.079950778750335e-20
1.242,0.0522294886386879,-1.9714312493362097e-18,1.0524359663370557,-1.468584333242567,-1.3869234594624727e-19,-0.04182273637433163,0.9998888624049846,-2.4576982352935386e-19,-0.014908482097928064,-4.1959973492515826e-20
1.244,0.04929203140523408,-1.9716985459000243e-18,1.0523524195566796,-1.4688701002768851,-1.2859468745462632e-19,-0.04172396168263851,0.9998951250183428,-2.4179656651324153e-19,-0.014482367366952244,-3.893886529341303e-20
1.246,0.04635401945481681,-1.9719464942767228e-18,1.0522690708522675,-1.4691390691789872,-1.1930795701270164e-19,-0.04162466333242534,0.9999011652784687,-2.4882915044534474e-19,-0.014059149147760146,-3.4712529318777594e-20
1.248,0.04341548626684009,-1.9721748381355507e-18,1.05218592124609,-1.4693913567709642,-1.0920657189762039e-19,-0.0415248663204387,0.9999069869545717,-2.2839286510631206e-19,-0.01363882104247344,-3.2165913671866623e-20
1.25,0.04047646508730263,-1.9723850519174665e-18,1.0521029717108212,-1.46962707963548,-1.0110516236166892e-19,-0.04142459524735077,0.9999125937806118,-2.134936558537521e-19,-0.013221376589739672,-3.27840019869371e-20
1.252,0.03753698892928018,-1.9725780265172864e-18,1.052020223170327,-1.4698463541123197,-9.175070333428506e-20,-0.04132387432088357,0.9999179894553527,-2.4253528599371594e-19,-0.012806809265530746,-3.295308991812616e-20
1.254,0.0345970905734147,-1.9727521256393657e-18,1.0519376765004482,-1.4700492962949865,-8.24467349142225e-20,-0.04122272735894072,0.9999231776424171,-2.330553198925006e-19,-0.01239511248393658,-3.434266896777475e-20
1.256,0.031656802568410275,-1.972907738833964e-18,1.0518553325297768,-1.4702360220273454,-7.319240717099494e-20,-0.04112117779274632,0.9999281619703477,-2.2912261149443184e-19,-0.011986279597954626,-3.408477291377735e-20
1.258,0.028716157231535706,-1.9730451812752496e-18,1.0517731920404265,-1.470406646900313,-6.420370136883482e-20,-0.04101924866999027,0.9999329460326705,-2.36182631383409e-19,-0.011580303900274716,-3.430058248706322e-20
1.26,0.02577518664913369,-1.9731640090642736e-18,1.0516912557687965,-1.4705612862485944,-5.461392567988371e-20,-0.040916962657979394,0.9999375333879632,-2.3774319374581902e-19,-0.011177178624059658,-3.4109654080481336e-20
1.262,0.02283392267713646,-1.973264031807977e-18,1.0516095244063288,-1.470700055147466,-4.539870165702574e-20,-0.04081434204679383,0.9999419275599272,-2.3929742867589137e-19,-0.010776896943721255,-3.3918693750239835e-20
1.264,0.01989239694158782,-1.973345131872163e-18,1.0515279986002601,-1.470823068409605,-3.5691293335414773e-20,-0.04071140875244823,0.9999461320374625,-2.408437112858141e-19,-0.01037945197569204,-3.372849447127256e-20
1.266,0.01695064083917148,-1.9734073003092273e-18,1.0514466789543662,-1.470930440581964,-2.646711354144274e-20,-0.04060818432005699,0.999950150274748,-2.369159136032691e-19,-0.009984836779192485,-3.211200136562486e-20
1.268,0.014008685537745577,-1.973450564509861e-18,1.0513655660297008,-1.4710222859426911,-1.6642775741507356e-20,-0.04050468992700316,0.9999539856913232,-2.603981593579684e-19,-0.009593044356993879,-3.282856369941729e-20
1.27,0.011066561976883348,-1.9734732576182065e-18,1.0512846603453279,-1.4710987184980957,-5.8967550177806204e-21,-0.04040094638611035,0.9999576416721754,-2.83772181952732e-19,-0.009204067656176759,-3.319974908636296e-20
1.272,0.008124300868419783,-1.9734735408507396e-18,1.051203962379048,-1.4711598519796591,5.766371425435703e-21,-0.04029697414881725,0.9999611215678293,-3.0703548042163024e-19,-0.008817899568884974,-3.356900450049418e-20
1.274,0.005181932697004244,-1.973449584554272e-18,1.0511234725681167,-1.4712057998410901,1.8342044361062858e-20,-0.04019279330835401,0.9999644286944406,-3.301821394147814e-19,-0.008434532933075348,-3.4621607189624915e-20
1.276,0.0022394877206589102,-1.9733997844299004e-18,1.0510431913099594,-1.4712366752554242,3.150137055130883e-20,-0.040088423602920226,0.999967566333892,-3.2583018472156514e-19,-0.00805396053326297,-3.269821434456232e-20
1.278,-0.0007030040286570066,-1.9733242379626303e-18,1.0509631189628768,-1.4712525911121677,4.405250836854916e-20,-0.039983884418863795,0.9999705377338938,-3.215068373348101e-19,-0.007676175101262096,-3.009356354958095e-20
1.28,-0.0036455127444773904,-1.973223293949417e-18,1.0508832558467462,-1.4712536600144857,5.686293625485768e-20,-0.03987919479386029,0.999973346108088,-3.226423590825066e-19,-0.007301169316922732,-3.1648766373843064e-20
1.282,-0.0065880088452537604,-1.9730969761282892e-18,1.050803602243716,-1.4712399942764338,6.949834469033177e-20,-0.03977437342009233,0.9999759946361497,-3.2926108104654517e-19,-0.006928935808862773,-3.2211713105032136e-20
1.284,-0.009530462973774323,-1.972944660133293e-18,1.050724158398892,-1.4712117059202323,8.282494228998011e-20,-0.03966943864742833,0.999978486463904,-3.3585674788991423e-19,-0.006559467155195918,-3.3457176737277504e-20
1.286,-0.012472845996577612,-1.9727660114722767e-18,1.0506449245210205,-1.4711689066735847,9.575880907161914e-20,-0.03956440848660032,0.9999808247034331,-3.259852956079586e-19,-0.006192755884255132,-3.459113595844944e-20
1.288,-0.015415129003360804,-1.9725615617282084e-18,1.0505659007831627,-1.4711117079670382,1.087344443672066e-19,-0.03945930061238034,0.9999830124331937,-3.326256174264285e-19,-0.005828794475311843,-3.308214958611202e-20
1.29,-0.018357283306382817,-1.9723309026966957e-18,1.0504870873233634,-1.4710402209313866,1.2196790439258754e-19,-0.0393541323667548,0.9999850526981344,-3.3923156728537113e-19,-0.005467575359290791,-3.226052378933169e-20
1.292,-0.021299280439862223,-1.9720735199546082e-18,1.0504084842453132,-1.4709545563951167,1.3545795870540145e-19,-0.039248920762096566,0.9999869485098176,-3.4581065645113326e-19,-0.005109090919480581,-3.075440334865923e-20
1.294,-0.024241092159370134,-1.9717889015215876e-18,1.0503300916190053,-1.4708548248818947,1.492034063063536e-19,-0.039143682484334134,0.999988702846543,-3.5236174769675933e-19,-0.004753333492239921,-2.890806418480007e-20
1.296,-0.02718269044121807,-1.9714765377914164e-18,1.0502519094813845,-1.4707411366080954,1.6320307152528455e-19,-0.03903843389611757,0.9999903186534743,-3.58883207745875e-19,-0.004400295367699572,-2.7065369560759263e-20
1.298,-0.030124047481840954,-1.9711359214938527e-18,1.0501739378369908,-1.4706136014803732,1.7745578921418857e-19,-0.038933191039980754,0.9999917988427687,-3.653767879145046e-19,-0.004049968790460018,-2.488364703017567e-20
1.3,-0.03306513569717526,-1.9707665476774213e-18,1.0500961766585968,-1.4704723290932733,1.919604112562037e-19,-0.03882796964149944,0.9999931462937085,-3.7184133533459894e-19,-0.003702345960284857,-2.27063530474979e-20
1.302,-0.036005927722032455,-1.970367913673161e-18,1.050018625887838,-1.4703174287268836,2.0671578915894776e-19,-0.038722785112444875,0.999994363852836,-3.7827268790547984e-19,-0.0033574190327899343,-2.1561446263279782e-20
1.304,-0.038946396409467766,-1.969939519160393e-18,1.049941285435837,-1.4701490093445284,2.217207264089995e-19,-0.03861765255393236,0.99999545433409,-3.8467062334966235e-19,-0.003015180120128219,-2.1447284407020896e-20
1.306,-0.041886514830144383,-1.969480866256154e-18,1.049864155183823,-1.4699671795905003,2.369739766025933e-19,-0.03851258675956451,0.9999964205189453,-3.910348231661967e-19,-0.0026756212916704426,-2.236060459333014e-20
1.308,-0.04482625627169315,-1.9689914596225525e-18,1.0497872349837423,-1.4697720477878335,2.524742534842182e-19,-0.03840760221856876,0.9999972651565548,-3.973702591145292e-19,-0.0023387345746815015,-2.25856651579355e-20
1.31,-0.04776559423806787,-1.968470806459871e-18,1.049710524658864,-1.469563721936117,2.682203111668401e-19,-0.03830271311892872,0.999997990963893,-4.0367845118773385e-19,-0.002004511954992643,-2.178143262147747e-20
1.312,-0.05070450244889627,-1.9679184164117264e-18,1.0496340240043807,-1.4693423097093459,2.8421094980838562e-19,-0.03819793335050903,0.9999986006259025,-4.0995735395514634e-19,-0.0016729453776694412,-2.0978322801682062e-20
1.314,-0.05364295483882667,-1.9673338015053502e-18,1.049557732788,-1.4691079184538114,3.0044497957563865e-19,-0.03809327650817329,0.9999990967956429,-4.1620641289569023e-19,-0.001344026747675571,-2.0518581707034877e-20
1.316,-0.0565809255568705,-1.966716476154472e-18,1.0494816507505322,-1.4688606551860321,3.169212016263682e-19,-0.037988755894894796,0.9999994820944408,-4.2242564981734965e-19,-0.0010177479305324005,-2.0401795467093793e-20
1.318,-0.05951838896574075,-1.9660659571888025e-18,1.0494057776064711,-1.4686006265907208,3.3363839963953405e-19,-0.03788438452485959,0.9999997591120433,-4.2861463128640103e-19,-0.000694100752974403,-2.096940018676997e-20
1.32,-0.062455319641186335,-1.9653817638884313e-18,1.0493301130445682,-1.4683279390187909,3.5059533889813493e-19,-0.03778017512656161,0.9999999304067723,-4.347739767206052e-19,-0.0003730770036004075,-2.153485125984704e-20
1.322,-0.06539169237132254,-1.9646634180056343e-18,1.0492546567284007,-1.4680426984854007,3.677907891991115e-19,-0.037676140145889436,0.9999999985056812,-4.409043044036303e-19,-5.4668433520695646e-05,-2.1413231465705402e-20
1.324,-0.06832748215595759,-1.9639104437187675e-18,1.0491794082969341,-1.4677450106680348,3.8522355458496096e-19,-0.03757229174920456,0.9999999659047142,-4.470058238367771e-19,0.0002611332430000414,-2.1290674285120493e-20
1.326,-0.07126266420591539,-1.9631223675899688e-18,1.0491043673650782,-1.4674349809046225,4.028924372623632e-19,-0.03746864182641045,0.9999998350688661,-4.530784185797197e-19,0.0005743363479038754,-2.1852092963171635e-20
1.328,-0.0741972139423546,-1.962298718595398e-18,1.0490295335242366,-1.467112714191694,4.20796230224948e-19,-0.03736520199401252,0.9999996084323459,-4.591217614792743e-19,0.0008849492387049289,-2.1726433263238165e-20
1.33,-0.077131106996084,-1.9614390281012223e-18,1.048954906342851,-1.4667783151825726,4.389337490381281e-19,-0.03726198359816832,0.9999992883987394,-4.651365965953576e-19,0.0011929803078587692,-2.1599828481729294e-20
1.332,-0.08006431920687433,-1.9605428298285798e-18,1.0488804853669378,-1.4664318881856033,4.573038224283968e-19,-0.03715899771772794,0.9999988773411768,-4.711230575472031e-19,0.0014984379821358933,-2.1472681296615264e-20
1.334,-0.08299682662276657,-1.9596096598384962e-18,1.048806270120621,-1.4660735371624176,4.759052810762813e-19,-0.037056255167264025,0.9999983776024991,-4.770812770486817e-19,0.0018013307219992931,-2.134498734217016e-20
1.336,-0.08592860549937678,-1.958639056523172e-18,1.0487322601066573,-1.4657033657262342,4.947369610940962e-19,-0.036953766500091405,0.9999977914954279,-4.830119015410441e-19,0.002101667020986088,-2.1559403343764413e-20
1.338,-0.08885963229919767,-1.9576305606110638e-18,1.0486584548069544,-1.4653214771401943,5.137976921669132e-19,-0.036851542011275815,0.9999971213027362,-4.889150638454267e-19,0.0023994554050932116,-2.211551891111478e-20
1.34,-0.09178988369089676,-1.956583715176736e-18,1.0485848536830864,-1.464927974315734,5.33086294516785e-19,-0.03674959174063153,0.9999963692774206,-4.947890504294463e-19,0.0026947044321671424,-2.2326792033517882e-20
1.342,-0.09471933654861138,-1.9554980656459334e-18,1.0485114561768003,-1.4645229598109888,5.526016060653011e-19,-0.03664792547570763,0.9999955376428755,-5.006334784448822e-19,0.0029874226912976615,-2.185096730161799e-20
1.344,-0.09764796795124052,-1.954373159733247e-18,1.0484382617105175,-1.4641065358292351,5.723424992669664e-19,-0.03654655275476258,0.9999946285930678,-5.064506278510112e-19,0.003277618802215628,-2.1374987392425918e-20
1.346,-0.10057575518173358,-1.9532085473936795e-18,1.0483652696878294,-1.4636788042173645,5.923078552956062e-19,-0.03644548286972693,0.9999936442927138,-5.1224164876232e-19,0.003565301414694758,-2.1241913190973725e-20
1.348,-0.10350267572637609,-1.9520037808271733e-18,1.0482924794939876,-1.4632398664643926,6.124965442082607e-19,-0.036344724869153806,0.9999925868774575,-5.180063710471935e-19,0.003850479207957394,-2.1450927471182798e-20
1.35,-0.10642870727407248,-1.950758414508285e-18,1.0482198904963875,-1.4627898237000017,6.329074246378387e-19,-0.03624428756115698,0.9999914584540496,-5.23744923098802e-19,0.0041331608900842505,-2.200121400143298e-20
1.352,-0.10935382771562607,-1.949472005201556e-18,1.048147502045046,-1.462328776693116,6.535393486517225e-19,-0.036144179516336264,0.9999902611005278,-5.294559223270928e-19,0.004413355197428127,-2.2549300415564046e-20
1.354,-0.11227801514301602,-1.9481441119686298e-18,1.0480753134730736,-1.4618568258505111,6.743911689886376e-19,-0.036044409070689974,0.9999889968663993,-5.35141108125101e-19,0.004691070894031569,-2.3437032108791128e-20
1.356,-0.1152012478486718,-1.94677429616451e-18,1.0480033240971411,-1.4613740712154555,6.954617364359876e-19,-0.03594498432851425,0.9999876677728231,-5.408005211460235e-19,0.0049663167710484665,-2.4664411402928684e-20
1.358,-0.11812350432474476,-1.945362121451273e-18,1.0479315332179402,-1.4608806124663845,7.167498907372607e-19,-0.03584591316528898,0.9999862758127942,-5.464323127657045e-19,0.0052391016461695835,-2.5887972194185883e-20
1.36,-0.1210447632623772,-1.943907153817071e-18,1.0478599401206372,-1.4603765489156064,7.382544759282692e-19,-0.035747203230550154,0.9999848229513285,-5.520352000534773e-19,0.0055094343630519875,-2.6765059771957078e-20
1.362,-0.12396500355096886,-1.942408961537461e-18,1.0477885440753234,-1.4598619795080412,7.599743544240485e-19,-0.03564886195074834,0.9999833111256494,-5.576129124907361e-19,0.005777323790752385,-2.7981397628622094e-20
1.364,-0.12688420427744088,-1.940867115167421e-18,1.0477173443374577,-1.45933700281999,7.819083808132315e-19,-0.035550896532093174,0.9999817422453746,-5.6316738234900215e-19,0.006042778823164338,-2.9879239414741034e-20
1.366,-0.12980234472549734,-1.9392811875738136e-18,1.047646340148304,-1.4588017170579364,8.040553934777452e-19,-0.035453313963383595,0.9999801181927043,-5.686946047968954e-19,0.0063058083784593546,-3.1772466586360447e-20
1.368,-0.13271940437488455,-1.9376507539408173e-18,1.047575530735364,-1.4582562200573788,8.264142384845442e-19,-0.03535612101882362,0.9999784408226098,-5.74190578467725e-19,0.006566421398531828,-3.2975368657603265e-20
1.37,-0.13563536290064784,-1.9359753917369358e-18,1.0475049153128029,-1.4577006092816929,8.489837819157451e-19,-0.035259324260823524,0.9999767119630238,-5.796620176546966e-19,0.006824626848447825,-3.45163219768124e-20
1.372,-0.13855020017238623,-1.9342546806977917e-18,1.0474344930818702,-1.4571349818210255,8.717628963511531e-19,-0.03516293004278615,0.999974933415031,-5.851046493242758e-19,0.007080433715897709,-3.5710430011392877e-20
1.374,-0.14146389625350492,-1.93248820279465e-18,1.0473642632313158,-1.456559434391218,8.947504689048297e-19,-0.03506694451187829,0.9999731069530592,-5.905209503927574e-19,0.007333851010652563,-3.6900757401736904e-20
1.3760000000000001,-0.14437643140046555,-1.9306755422193646e-18,1.0472942249377988,-1.4559740633327594,9.179453924396892e-19,-0.03497137361178678,0.999971234325072,-5.959135676204884e-19,0.007584887764024428,-3.842996052447563e-20
1.3780000000000001,-0.1472877860620346,-1.928816285377431e-18,1.0472243773662917,-1.45537896460977,9.41346558205888e-19,-0.034876223085459304,0.9999693172527611,-6.012773519686578e-19,0.007833553028330328,-3.961274107723309e-20
1.3800000000000001,-0.15019794087852956,-1.9269100208869247e-18,1.04715471967048,-1.454774233809013,9.649528668667678e-19,-0.034781498477829645,0.9999673574317404,-6.06617890733214e-19,0.008079855876360063,-4.11344044778611e-20
1.3820000000000001,-0.15310687668106326,-1.924956339559641e-18,1.0470852509931545,-1.454159966138937,9.88763217383998e-19,-0.0346872051385273,0.9999653565317398,-6.119350593207249e-19,0.008323805400847768,-4.299414480672568e-20
1.3840000000000001,-0.15601457449078637,-1.922954834421513e-18,1.0470159704666,-1.4535362564287446,1.0127765016646092e-18,-0.03459334822457117,0.9999633161968002,-6.172233635612483e-19,0.008565410713947211,-4.450545020118354e-20
1.3860000000000001,-0.15892101551812793,-1.9209051006972073e-18,1.0469468772129775,-1.452903199127492,1.0369916333696875e-18,-0.03449993270304731,0.999961238045469,-6.224803398062393e-19,0.008804680946710837,-4.532649037024398e-20
1.3880000000000001,-0.16182618116203423,-1.918806735753449e-18,1.0468779703447013,-1.4522608883032162,1.0614075555802472e-18,-0.03440696335377053,0.9999591236709954,-6.277031941293267e-19,0.009041625248572514,-4.511624813302157e-20
1.3900000000000001,-0.1647300530092059,-1.9166593390308158e-18,1.046809248964811,-1.451609417642088,1.0860232523022417e-18,-0.03431444477192967,0.9999569746415269,-6.328985030702878e-19,0.009276252786833996,-4.456205014510408e-20
1.3920000000000001,-0.16763261283333336,-1.914462511980544e-18,1.0467407121673387,-1.4509488804475956,1.1108377240201788e-18,-0.034222381370716516,0.9999547925003067,-6.380725872056401e-19,0.009508572746155068,-4.4350408275425794e-20
1.3940000000000001,-0.1705338425943307,-1.9122158580542974e-18,1.0466723590376688,-1.4502793696397547,1.135849968765101e-18,-0.03413077738393811,0.9999525787658703,-6.432222978193354e-19,0.009738594328047372,-4.413826638396018e-20
1.3960000000000001,-0.17343372443756783,-1.9099189827043284e-18,1.046604188652896,-1.449600977754344,1.1610589915366672e-18,-0.03403963686861238,0.9999503349322431,-6.483412347836217e-19,0.009966326750371896,-4.3240735615262124e-20
1.3980000000000001,-0.17633224069310144,-1.907571493351078e-18,1.0465362000821754,-1.448913796942169,1.1864638175557e-18,-0.03394896370754699,0.9999480624691384,-6.5343634553088e-19,0.01019177924684011,-4.2343913012995474e-20
1.4000000000000001,-0.17922937387490426,-1.9051729993556364e-18,1.0464683923870681,-1.4482179189683535,1.2120634804075792e-18,-0.033858761611901246,0.9999457628221559,-6.585112326617345e-19,0.010414961066518735,-4.1790842483827163e-20
1.4020000000000001,-0.182125106680093,-1.9027231120142243e-18,1.0464007646218825,-1.4475134352116539,1.2378570083733912e-18,-0.033769034123730966,0.9999434374129795,-6.635622743346609e-19,0.010635881473338129,-4.123806384322036e-20
1.4040000000000001,-0.18501942198815494,-1.900221444566426e-18,1.0463333158340098,-1.446800436663803,1.2638434318456448e-18,-0.03367978461851621,0.9999410876395771,-6.685932999889421e-19,0.010854549745604285,-4.1028213605912554e-20
1.4060000000000001,-0.18791230286017332,-1.897667612197939e-18,1.0462660450642547,-1.4460790139288777,1.290021772385559e-18,-0.03359101630767173,0.9999387148763985,-6.736079107076468e-19,0.01107097517551442,-4.150352465241802e-20
1.408,-0.19080373253805136,-1.895061232066675e-18,1.0461989513471608,-1.4453492572226925,1.3163910343504323e-18,-0.03350273224104011,0.9999363204745751,-6.786022587095184e-19,0.011285167068676138,-4.231932403647494e-20
1.41,-0.19369369444373513,-1.8924019233315676e-18,1.0461320337113316,-1.4446112563722184,1.3429502182186809e-18,-0.033414935309367455,0.9999339057621193,-6.835649988996157e-19,0.011497134743630162,-4.244688029775451e-20
1.412,-0.19658217217843538,-1.8896893071279905e-18,1.0460652911797457,-1.4438651008150267,1.3696983479830154e-18,-0.03332762824676147,0.9999314720441235,-6.885003451439182e-19,0.011706887531376605,-4.223005200713358e-20
1.414,-0.19946914952184813,-1.886923006525003e-18,1.0459987227700684,-1.4431108795987573,1.396634467756365e-18,-0.03324081363313198,0.9999290206029599,-6.93412580154767e-19,0.011914434774904793,-4.201310016651053e-20
1.416,-0.20235461043137434,-1.8841026464976144e-18,1.045932327494957,-1.4423486813806112,1.4237576171759458e-18,-0.03315449389661375,0.9999265526984799,-6.983136216656329e-19,0.012119785828726595,-4.282271941857006e-20
1.418,-0.2052385390413385,-1.88122785396054e-18,1.0458661043623623,-1.441578594426868,1.4510668211727601e-18,-0.033068671315971444,0.9999240695682137,-7.031911762311809e-19,0.012322950058413261,-4.362937527248956e-20
1.42,-0.20812091966220642,-1.8782982577827957e-18,1.0458000523758246,-1.4408007066124267,1.478561103753917e-18,-0.0329833480229868,0.9999215724275702,-7.080412070654167e-19,0.012523936840135768,-4.4090434841316033e-20
1.422,-0.2110017367798019,-1.875313488768694e-18,1.0457341705347658,-1.4400151054203696,1.5062395051246676e-18,-0.032898526004827795,0.9999190624700358,-7.128639071447159e-19,0.012722755560208616,-4.4206712874385985e-20
1.424,-0.2138809750545228,-1.8722731796293983e-18,1.045668457834776,-1.4392218779415515,1.534101078639818e-18,-0.032814207106399866,0.9999165408673748,-7.176593972499515e-19,0.012919415614637128,-4.397902312890051e-20
1.426,-0.21675861932055612,-1.8691769649553632e-18,1.0456029132678955,-1.4384211108742098,1.562144895543747e-18,-0.032730393032679043,0.9999140087698283,-7.224192034032896e-19,0.013113926408668162,-4.2722502329587524e-20
1.428,-0.2196346545850924,-1.866024481156628e-18,1.0455375358228929,-1.437612890523598,1.5903700626824937e-18,-0.03264708535102693,0.9999114673063134,-7.27143661168951e-19,0.013306297356344286,-4.0439989347666114e-20
1.43,-0.22250906602753945,-1.8628153664000312e-18,1.0454723244855375,-1.4367973028016443,1.6187757193071928e-18,-0.03256428549348757,0.999908917584623,-7.318421473828674e-19,0.013496537880061362,-3.78195795050397e-20
1.432,-0.2253818389987353,-1.859549260554204e-18,1.0454072782388677,-1.4359744332266282,1.6473610165475334e-18,-0.032481994759066,0.9999063606916239,-7.365284968405962e-19,0.013684657410129546,-3.5889556947081607e-20
1.434,-0.22825295902016068,-1.8562258051972253e-18,1.045342396063455,-1.4351443669228836,1.6761250938696333e-18,-0.032400214315988586,0.9999037976934563,-7.41188578278893e-19,0.013870665384337675,-3.362039587101167e-20
1.436,-0.23112241178315088,-1.8528446436220083e-18,1.045277676937663,-1.4343071886205205,1.7050671007550123e-18,-0.03231894520394503,0.999901229635732,-7.458227337906723e-19,0.014054571247521042,-3.101208149574131e-20
1.438,-0.23399018314810685,-1.8494056368463104e-18,1.0452131198379033,-1.433462982655171,1.7337541174049337e-18,-0.032238188336311965,0.9998986575437333,-7.230638381249577e-19,0.014236384451132532,-3.1535563290707433e-20
1.44,-0.23685625914370623,-1.845910446992276e-18,1.0451487237388843,-1.4326118329677544,1.7613228996239274e-18,-0.0321579445023582,0.9998960824226104,-7.004172130071232e-19,0.014416114452817111,-3.239847491274446e-20
1.442,-0.23972062596611357,-1.8423606202160937e-18,1.0450844876138585,-1.4317538231042652,1.788319737023086e-18,-0.032078214369431465,0.9998935052575797,-6.778733945176108e-19,0.01459377071598966,-3.2915593650233354e-20
1.444,-0.24258326997819035,-1.838758161797303e-18,1.0450204104348635,-1.430889036215581,1.8139913362915494e-18,-0.03199899848512681,0.999890927014121,-6.5544409093143e-19,0.01476936270941612,-3.308759536700352e-20
1.446,-0.24544417770870455,-1.8351047791891758e-18,1.0449564911729596,-1.4300175550572922,1.839208712849127e-18,-0.03192029727943634,0.9998883486381747,-6.331296356765007e-19,0.014942899906797954,-3.291450513942518e-20
1.448,-0.24830333585153994,-1.8314022420807454e-18,1.0448927287984628,-1.4291394619895508,1.863110530428624e-18,-0.03184211106688061,0.9998857710563387,-6.109258163129474e-19,0.015114391786359913,-3.308181482268308e-20
1.45,-0.251160731264905,-1.8276524913451416e-18,1.044829122281174,-1.4282548389769403,1.8865670490906912e-18,-0.03176444004862133,0.9998831951760647,-5.943044923400509e-19,0.015283847830441073,-3.282144160366665e-20
1.452,-0.2540163509705418,-1.8238566312147978e-18,1.044765670590603,-1.4273637675883661,1.9092564541087155e-18,-0.031687284314555614,0.9998806218858545,-5.887103516212103e-19,0.015451277525089149,-3.1365066339877614e-20
1.454,-0.25687018215293445,-1.8200151835112105e-18,1.044702372696189,-1.4264663289969646,1.932154799793309e-18,-0.03161064384539164,0.9998780520554549,-5.83159231457317e-19,0.015616690359658054,-3.0938430277788845e-20
1.456,-0.25972221215851743,-1.8161285954358248e-18,1.0446392275675178,-1.4255626039800318,1.954397000291225e-18,-0.03153451851470569,0.9998754865360535,-5.776555262973226e-19,0.015780095826408706,-3.1882141194927386e-20
1.458,-0.2625724284948841,-1.812197204020597e-18,1.0445762341745328,-1.424652672918973,1.976958308429687e-18,-0.03145890809098067,0.9998729261604732,-5.776706549458641e-19,0.01594150342011307,-3.342120019667509e-20
1.46,-0.2654208188299946,-1.8082211642752706e-18,1.044513391487744,-1.4237366157992697,1.999081410952167e-18,-0.03138381223962595,0.9998703717433658,-5.776925381627683e-19,0.01610092263766138,-3.461327625564934e-20
1.462,-0.2682673709913841,-1.8042003422283456e-18,1.044450698478432,-1.422814512210466,2.0217406058954535e-18,-0.031309230524978714,0.9998678240814066,-5.831962367157144e-19,0.016258362977672608,-3.5713327111774743e-20
1.464,-0.271112072965371,-1.800134459969985e-18,1.0443881541188478,-1.4218864413461743,2.04417753088754e-18,-0.03123516241228664,0.999865283953487,-5.832099114417982e-19,0.016413833940108088,-3.7242010843515954e-20
1.466,-0.27395491289626495,-1.7960232765003093e-18,1.0443257573824094,-1.4209524820040982,2.067149897308097e-18,-0.031161607269672,0.9998627521209067,-6.051301981199458e-19,0.016567345025888306,-3.634946451696018e-20
1.468,-0.27679587908557524,-1.791865398859233e-18,1.044263507243894,-1.420012712586075,2.0907630223609157e-18,-0.031088564370077214,0.9998602293275667,-6.050533466862064e-19,0.016718905736512874,-3.787794782665406e-20
1.47,-0.27963495999121896,-1.7876605570431543e-18,1.044201402679626,-1.419067211098136,2.114150068542752e-18,-0.0310160328931918,0.9998577163001596,-6.159284791728965e-19,0.016868525573683627,-3.853289854641123e-20
1.472,-0.28247214422672956,-1.7834083021959843e-18,1.044139442667663,-1.4181160551505825,2.1380677268513634e-18,-0.030944011927360796,0.9998552137483616,-6.047790397998997e-19,0.017016214038930857,-3.681397184811619e-20
1.474,-0.28530742056046543,-1.7791092324162686e-18,1.0440776261879743,-1.4171593219580831,2.1608933630549316e-18,-0.03087250047147456,0.9998527223650215,-5.991706137672782e-19,0.017161980633242667,-3.5347029207577076e-20
1.476,-0.28814077791481874,-1.7747641581162506e-18,1.04401595222262,-1.4161970883397854,2.18403660348351e-18,-0.030801497436840145,0.9998502428263512,-5.826515409739831e-19,0.017305834856697434,-3.406931674703384e-20
1.478,-0.2909722053654246,-1.7703742810719866e-18,1.0439544197559234,-1.415229430719446,2.2057686214063872e-18,-0.030731001649034098,0.9998477757921138,-5.661994995445574e-19,0.01744778620809934,-3.2107815020395795e-20
1.48,-0.29380169214037044,-1.7659406527638675e-18,1.0438930277746408,-1.4142564251255776,2.227824382123391e-18,-0.030661011849736797,0.9998453219058128,-5.607954194368539e-19,0.017587844184617,-3.030068366791915e-20
1.482,-0.2966292276194055,-1.7614637785937043e-18,1.0438317752681272,-1.4132781471916123,2.249014658001611e-18,-0.030591526698548296,0.9998428817948785,-5.554354850431989e-19,0.01772601828142515,-2.9524557790732683e-20
1.484,-0.29945480133315105,-1.7569441974282307e-18,1.0437706612284992,-1.4122946721560823,2.270423565427317e-18,-0.03052254477478579,0.9998404560708557,-5.336741379973729e-19,0.017862317991349373,-3.006937340896638e-20
1.486,-0.3022784029623106,-1.752383741196152e-18,1.0437096846507932,-1.4113060748628161,2.2898904011638522e-18,-0.030454064579262637,0.9998380453295894,-4.901133835977527e-19,0.01799675280451387,-3.237331095961671e-20
1.488,-0.3051000223368809,-1.7477850611058033e-18,1.043648844533121,-1.4103124297611518,2.3088286556592926e-18,-0.03038608453604904,0.9998356501514103,-4.960871802552395e-19,0.018129332207992257,-3.4124004359055787e-20
1.49,-0.30791964943536304,-1.743148275168225e-18,1.0435881398768214,-1.409313810906165,2.3279960608876588e-18,-0.030318602994214332,0.999833271101319,-5.020138899145492e-19,0.018260065685461353,-3.4842638328564836e-20
1.492,-0.31073727438397425,-1.7384729262566306e-18,1.043527569686609,-1.4083102919589139,2.3473914414001866e-18,-0.030251618229551056,0.9998309087291706,-5.079185262477939e-19,0.018388962716857988,-3.5900855528272933e-20
1.494,-0.31355288745586,-1.733758559593074e-18,1.0434671329707181,-1.4073019461866998,2.3670136261347933e-18,-0.030185128446280685,0.999828563569857,-5.138012732195191e-19,0.018516032778038774,-3.729865643122804e-20
1.496,-0.316366479070307,-1.7290047227420011e-18,1.0434068287410447,-1.4062888464633416,2.3868614412012643e-18,-0.030119131778741197,0.9998262361434898,-5.196684647858975e-19,0.01864128534044285,-3.9377429286450494e-20
1.498,-0.3191780397919563,-1.7242111815590532e-18,1.0433466560132847,-1.4052710652694673,2.4065018325665582e-18,-0.030053626293056437,0.9998239269555809,-4.925794681134797e-19,0.018764729870757592,-4.000835706161808e-20
1.5,-0.3219874081052855,-1.7193763328926738e-18,1.0432905809014685,-1.404093353571329,2.4278743322031677e-18,-0.026021633685347836,0.9998145332242563,-4.326765124080337e-19,0.019258742263288747,-3.938094409722441e-20
1.502,-0.32479453777787765,-1.7145041573442292e-18,1.0432388068146494,-1.4030321626423663,2.444478444479505e-18,-0.02575261592656236,0.9998022595199773,-4.539496958425849e-19,0.01988571997060632,-3.947975951661334e-20
1.504,-0.3275995238508712,-1.7095970299811198e-18,1.0431875699179674,-1.4019501022737908,2.4627437824931374e-18,-0.025484434489599028,0.9997906686800629,-4.57296339525144e-19,0.020460176447768947,-3.8625611429738526e-20
1.506,-0.33040232047280316,-1.7046544098803371e-18,1.0431368683330942,-1.400842480615134,2.4799346888936997e-18,-0.025217318232385804,0.9997780135430863,-4.66123034460855e-19,0.021069495386495326,-3.836235971727338e-20
1.508,-0.33320288006984544,-1.699675858154031e-18,1.0430867000344468,-1.3997133063357448,2.4986207464838677e-18,-0.024951143269864542,0.9997657347859336,-4.776546806579454e-19,0.021644295967842366,-3.7342217193930903e-20
1.51,-0.3360011570009838,-1.6946609195788785e-18,1.043037062991693,-1.3985596783469714,2.5161756257568607e-18,-0.02468607279536498,0.9997526674868904,-4.479735638779022e-19,0.022239690934195994,-3.5512070078007694e-20
1.512,-0.338797104654281,-1.6896111246718603e-18,1.0429879550556047,-1.3973841821420205,2.5336415571115727e-18,-0.02442203429530282,0.9997397741219892,-4.458902952058391e-19,0.022811927549321844,-3.6149289100232296e-20
1.514,-0.3415906777516662,-1.684526795725442e-18,1.042939374053936,-1.3961850456890668,2.5506915463279572e-18,-0.0241591463198778,0.9997262815943168,-4.4653272704948e-19,0.02339576648888812,-3.5700014571430434e-20
1.516,-0.3443818305175342,-1.6794080717075203e-18,1.0428913177155674,-1.3949639567435363,2.5679820692773838e-18,-0.023897370432914993,0.9997128312786226,-4.389365890864908e-19,0.023963617775320724,-3.475213062864935e-20
1.518,-0.3471705181319323,-1.6742554368605918e-18,1.0428437837348883,-1.3937198550289218,2.584584372192963e-18,-0.023636794840241296,0.9996989125058704,-4.340720114124585e-19,0.024537406843052802,-3.2373995790133253e-20
1.52,-0.34995669557539555,-1.6690694642675562e-18,1.0427967697217264,-1.3924538619137017,2.601429155071803e-18,-0.023377403466691846,0.9996849519730528,-4.34705599677367e-19,0.02509973702325101,-2.917650685409117e-20
1.522,-0.35274031854508553,-1.6638501424603092e-18,1.042750273244563,-1.3911653657068064,2.617751762850142e-18,-0.023119263843626985,0.9996706140352115,-4.1346603193737554e-19,0.025664439102861324,-2.859436459801569e-20
1.524,-0.35552134272606767,-1.6585990226814197e-18,1.0427042917977383,-1.3898551303414195,2.6332278161151377e-18,-0.022862374367089062,0.9996561824046206,-3.923287919553626e-19,0.026220545002367646,-2.8009262278000593e-20
1.526,-0.3582997243687695,-1.6533177937989435e-18,1.0426588228305032,-1.3885228267434904,2.647861552062747e-18,-0.022606788401978797,0.9996414377274313,-3.712842157338465e-19,0.026776780580112007,-2.70826160139935e-20
1.528,-0.36107541982917346,-1.6480081361443092e-18,1.0426138637257476,-1.3871689931735744,2.6616572679157156e-18,-0.02235251353130577,0.9996265687948874,-3.5035014349999854e-19,0.027326232073993876,-2.649729242502627e-20
1.53,-0.3638483859326911,-1.6426717215441286e-18,1.0425694118196094,-1.385793478504862,2.674619180149269e-18,-0.022099593316176266,0.9996114332553296,-3.295074106829006e-19,0.027874405917028354,-2.556983337481943e-20
1.532,-0.36661857968393063,-1.6373102133407208e-18,1.042525464387858,-1.38439667841048,2.6867515525124533e-18,-0.021848041005233756,0.9995961570653873,-3.0873690467016143e-19,0.028416945298733006,-2.361411901152551e-20
1.534,-0.36938595849587624,-1.6319250481405263e-18,1.042482018659226,-1.3829785536979204,2.6983859525729707e-18,-0.02159789327122889,0.999580648697839,-3.155179017493102e-19,0.028957326340826386,-2.2595730225011483e-20
1.536,-0.37215048000658457,-1.626516127614882e-18,1.0424390718068601,-1.381539409841067,2.710506769737775e-18,-0.021349166693400288,0.9995649926152813,-3.1676990946662553e-19,0.02949280485159854,-2.070949254782975e-20
1.538,-0.3749121022234182,-1.621083135761614e-18,1.042396620957489,-1.3800792779468816,2.7225662761001706e-18,-0.021101893000167606,0.9995491307343235,-3.2347646291468623e-19,0.030025576568319733,-1.8322614808721275e-20
1.54,-0.3776707834071658,-1.6156254305836093e-18,1.042354663186217,-1.3785984063202414,2.735110898858916e-18,-0.0208560905608477,0.9995331201701735,-3.3020619045131483e-19,0.030553914362640256,-1.7310455457367255e-20
1.542,-0.3804264821627023,-1.6101426987156028e-18,1.0423131955229363,-1.3770968701062418,2.7475928543398682e-18,-0.02061178745435877,0.9995169247797343,-3.369186072410388e-19,0.031079206535320297,-1.630014055198343e-20
1.544,-0.3831791573656205,-1.6046344465254521e-18,1.0422722149493133,-1.3755748812637734,2.7606673839865473e-18,-0.02036900282951364,0.9995005836809181,-3.380981291089166e-19,0.03160036742672632,-1.4776730594061084e-20
1.546,-0.38592876821910216,-1.5991004735923203e-18,1.0422317184033816,-1.3740325424096793,2.7733498651810512e-18,-0.02012776197836626,0.9994840750787026,-3.392403731827451e-19,0.032118276169035856,-1.2572077661917011e-20
1.548,-0.3886752742073513,-1.5935408353725962e-18,1.0421917027779617,-1.3724700422820835,2.7861871010776626e-18,-0.01988808417080933,0.9994674262571801,-3.1853326649389725e-19,0.032632251697489796,-1.381566239546509e-20
1.55,-0.39141863513115244,-1.5879569697568616e-18,1.0421521649240502,-1.3708875005171308,2.7975414561428305e-18,-0.019649992487920494,0.9994506247714394,-2.979108855650014e-19,0.033142852079737564,-1.5054445621072856e-20
1.552,-0.3941588110781992,-1.5823504901568754e-18,1.0421131016501732,-1.3692850909033154,2.808728917817093e-18,-0.019413505895521536,0.9994336901249457,-2.7738402876909096e-19,0.03364965145784007,-1.6630820731990295e-20
1.554,-0.3968957624452074,-1.5767232209620224e-18,1.0420745097249777,-1.3676629434993282,2.818331774075837e-18,-0.019178645649922905,0.9994166159404418,-2.5700133205728375e-19,0.03415300546299635,-1.9228591020341772e-20
1.556,-0.39962944991889227,-1.5710765051501893e-18,1.0420363858771886,-1.3660212223543742,2.828539780025508e-18,-0.01894543014177547,0.9993994166004667,-2.8049035265205093e-19,0.03465264922984731,-1.8608484137513078e-20
1.558,-0.4023598344895977,-1.5654087703022378e-18,1.0419987267976705,-1.3643600637845423,2.83924100086743e-18,-0.018713879063697928,0.9993820896442804,-2.873484495354844e-19,0.03514881076553363,-1.6163442736564733e-20
1.56,-0.40508687743898375,-1.5597193600793974e-18,1.0419615291397715,-1.3626796253801552,2.850214970338547e-18,-0.01848401006153026,0.9993646460754135,-2.941523540102339e-19,0.035641326778943085,-1.3039072089517857e-20
1.562,-0.4078105403483004,-1.554007730146204e-18,1.0419247895210313,-1.3609800470831184,2.861460524863497e-18,-0.01825584144291602,0.9993470859427482,-3.009507194877398e-19,0.03613034483280515,-1.0605987471873901e-20
1.564,-0.41053078509030144,-1.5482733385164423e-18,1.0418885045237682,-1.359261482088467,2.872976477761225e-18,-0.01802939000589684,0.9993294180096697,-3.0773108181773703e-19,0.036615765736286714,-8.520887947929748e-21
1.566,-0.41324757383413696,-1.542515645603208e-18,1.04185267069655,-1.3575240722995983,2.884761616427964e-18,-0.017804672797761545,0.9993116439162982,-3.1446843718173126e-19,0.03709768636054447,-6.09810162907609e-21
1.568,-0.4159608690399269,-1.5367341142283183e-18,1.0418172845549314,-1.3557679678127394,2.8968147568333408e-18,-0.01758170570944426,0.9992937709293344,-3.2115071469165987e-19,0.03757604798047074,-2.995953767678311e-21
1.57,-0.41867063346151673,-1.530928318603211e-18,1.0417823425827615,-1.3539933114385894,2.9088075350503724e-18,-0.017360504617026134,0.999275801681752,-3.004873896994079e-19,0.038050915538149696,-2.9858983824153587e-21
1.572,-0.42137683014272376,-1.5250997613567813e-18,1.0417478412330123,-1.3522002509875033,2.9196497465019483e-18,-0.017141084473576443,0.9992577424282841,-2.8542615970781484e-19,0.03852225586759729,-3.449509500801198e-21
1.574,-0.42407942241874075,-1.5192496835364925e-18,1.0417137769289722,-1.3503889295082265,2.93032859031641e-18,-0.016923460049882804,0.9992395964056033,-2.7041108024862245e-19,0.038990113813204594,-3.2259237633185364e-21
1.576,-0.42677837391343276,-1.5133790654571565e-18,1.0416801460651246,-1.3485594930334515,2.9404086133655346e-18,-0.016707645349006137,0.9992213691721821,-2.829388694619054e-19,0.03945447236587334,-3.98642573143068e-21
1.578,-0.4294736485398836,-1.5074871373503894e-18,1.04164694500826,-1.3467120844236353,2.9515292246178715e-18,-0.01649365408714823,0.9992030643158071,-2.8995431295201634e-19,0.039915363732539365,-5.303866517017438e-21
1.58,-0.4321652104983511,-1.5015734962800756e-18,1.0416141700983799,-1.3448468482500466,2.9620484693748627e-18,-0.016281499317315564,0.9991846869041869,-2.804066956372636e-19,0.040372781130134455,-5.563396387314472e-21
1.582,-0.434853024276269,-1.4956387613739515e-18,1.0415818176497478,-1.3429639269118847,2.9726233586027386e-18,-0.01607119374187698,0.9991662407126417,-2.7641074701528774e-19,0.040826748831706054,-6.284123903539518e-21
1.584,-0.43753705464661297,-1.4896832581816144e-18,1.0415498839518016,-1.341063463714362,2.9828167908780048e-18,-0.01586274947157,0.9991477304518581,-2.7243342180777587e-19,0.04127726653862707,-7.345059037522438e-21
1.586,-0.4402172666675556,-1.4837072386577365e-18,1.041518365270157,-1.3391456004193385,2.9932853189678232e-18,-0.015656178229157266,0.9991291599790321,-2.8482334269479505e-19,0.041724353555129906,-5.325563505082509e-21
1.588,-0.4428936256810875,-1.477709789616318e-18,1.0414872578475178,-1.337210479185299,3.004245934398523e-18,-0.01545149119593572,0.9991105337349212,-2.9715591659613404e-19,0.04216801370613119,-3.3113479915759854e-21
1.59,-0.4455660973124492,-1.471689929248955e-18,1.041456557904641,-1.3352582410219556,3.0156962633775945e-18,-0.015248699144996068,0.9990918555905866,-3.0947395327681278e-19,0.04260826319574849,-2.328671202963574e-21
1.592,-0.4482346474689103,-1.465646680535901e-18,1.0414262616412384,-1.3332890270126192,3.027633893201774e-18,-0.015047812344244895,0.9990731297736649,-3.217338469328603e-19,0.04304510848230298,-1.3488266894171617e-21
1.594,-0.45089924233905665,-1.4595790712871401e-18,1.0413963652369076,-1.3313029773388556,3.040056423775301e-18,-0.014848840644194691,0.9990543601255113,-3.3389224480588923e-19,0.04347856384708155,6.544576298350036e-22
1.596,-0.45355984839166524,-1.4534861340400186e-18,1.0413668648520211,-1.3293002320504033,3.0529615295795763e-18,-0.014651793417445378,0.9990355506978161,-3.459499148262878e-19,0.04390863744083622,3.6796080623433824e-21
1.598,-0.4562164323748975,-1.4473670149560453e-18,1.0413377566286288,-1.3272809304493256,3.0660197992678168e-18,-0.01445667961712588,0.9990167052745065,-3.3065570137776027e-19,0.04433534236327979,3.439560512007678e-21
1.6,-0.45886896131523064,-1.4412228629828027e-18,1.0413090366913293,-1.3252452115746707,3.0780313398730704e-18,-0.014263507739871261,0.9989978277557886,-3.1547685461953633e-19,0.04475868786297243,2.5183724496912514e-21
1.602,-0.4615174025165885,-1.4350548574218144e-18,1.0412807011481477,-1.3231932138133486,3.0898738608016896e-18,-0.014072285865331123,0.9989789218507094,-3.0040095417519573e-19,0.04517868632434384,9.166913325931662e-22
1.604,-0.46416172355930574,-1.4288642078715698e-18,1.0412527460913878,-1.3211250752049608,3.1006757942391334e-18,-0.013883021634269578,0.998959991324233,-2.854258534717154e-19,0.04559534771758454,-1.3635699537885717e-21
1.606,-0.4668018922992158,-1.4226519726479207e-18,1.0412251675984856,-1.31904093319568,3.111641818133821e-18,-0.01369572227586296,0.9989410397997226,-2.978253942196173e-19,0.04600868400474089,-3.3140714456791047e-22
1.608,-0.46943787686663274,-1.4164173142691773e-18,1.0411979617328417,-1.3169409248297264,3.123098562257437e-18,-0.01351039459551962,0.9989220709178355,-3.101665183039774e-19,0.04641870563923607,6.976683798732535e-22
1.61,-0.47206964566540954,-1.4101592537215325e-18,1.0411711245446522,-1.314825186593459,3.1350436062970243e-18,-0.013327044994302048,0.9989030882097498,-3.2241798048634076e-19,0.04682542434429988,2.407877039449831e-21
1.612,-0.474697167371928,-1.403876816788968e-18,1.0411446520717214,-1.3126938545354152,3.1474745726737405e-18,-0.013145679462982693,0.9988840951993294,-3.3459626366482375e-19,0.04722885090509884,4.4561583640479454e-21
1.614,-0.47732041093413563,-1.3975690339772308e-18,1.041118540340269,-1.310547064167324,3.1603891097961065e-18,-0.012966303596383342,0.9988650953218504,-3.4675009221877626e-19,0.04762899692067841,5.8144830154224084e-21
1.616,-0.4799393455705378,-1.39123494051609e-18,1.0410927853657235,-1.308384950539139,3.173784843471417e-18,-0.012788922591422325,0.9988460919896932,-3.5884663200432365e-19,0.04802587341128479,7.168222226702489e-21
1.618,-0.4825539407692184,-1.384873576388611e-18,1.041067383153507,-1.3062076481759817,3.187659400967857e-18,-0.012613541258169082,0.9988270885403151,-3.7090279410257853e-19,0.048419491922954125,8.176777877419415e-21
1.62,-0.48516416628683134,-1.3784839863166103e-18,1.0410423296998088,-1.3040152911248337,3.2020104109111033e-18,-0.012440164020437192,0.9988080882785098,-3.82902113605625e-19,0.048809863648941146,9.182431539284663e-21
1.622,-0.487769992147608,-1.3720652197631784e-18,1.0410176209923483,-1.3018080129141734,3.216835512284733e-18,-0.012268794924710422,0.9987890944431644,-3.948116673865951e-19,0.049197000126057634,1.086973052762812e-20
1.624,-0.49037138864234603,-1.3656163308665033e-18,1.0409932530111277,-1.2995859465828319,3.23213238477419e-18,-0.012099437642351421,0.998770110234475,-4.066823446149445e-19,0.0495809126803279,1.2210746598583336e-20
1.6260000000000001,-0.4929683263274064,-1.3591363784142279e-18,1.0409692217291748,-1.2973492246539775,3.247898694912587e-18,-0.011932095477142165,0.998751138792763,-4.1851385365984235e-19,0.049961612865866964,1.3205890112040074e-20
1.6280000000000001,-0.4955607760236977,-1.3526244258660124e-18,1.040945523113275,-1.2950979791527617,3.264132113695649e-18,-0.011766771368509838,0.9987321832160371,-4.302898119098773e-19,0.0503391121150145,1.4198261604880417e-20
1.6300000000000001,-0.49814870881566486,-1.346079541329176e-18,1.0409221531246928,-1.292832341589383,3.280830311327533e-18,-0.01160346789815863,0.9987132465465468,-4.420099607560993e-19,0.050713422014849054,1.5187862965348627e-20
1.6320000000000001,-0.5007320960502686,-1.3395007975683847e-18,1.0408991077198844,-1.2905524429697015,3.2979909688351454e-18,-0.011442187293927921,0.9986943317821553,-4.536748140710577e-19,0.05108455408628084,1.6174734867285438e-20
1.6340000000000001,-0.5033109093359664,-1.3328872719737507e-18,1.0408763828511984,-1.2882584137840631,3.3156117830565818e-18,-0.01128293143582123,0.9986754418678541,-4.652847731460873e-19,0.05145251995817469,1.715850564155638e-20
1.6360000000000001,-0.5058851205416873,-1.3262380465246333e-18,1.0408539744675678,-1.2859503840135134,3.3336904545057644e-18,-0.011125701860249176,0.9986565797031685,-4.768573261324076e-19,0.05181733122777501,1.7797382350264764e-20
1.6380000000000001,-0.5084547017958057,-1.3195522078139897e-18,1.0408318785151913,-1.2836284831222875,3.352224679950877e-18,-0.010970499765651405,0.998637748136854,-4.883928327111512e-19,0.05217899957025936,1.8091804322093147e-20
1.6400000000000001,-0.5110196254851113,-1.3128288470437489e-18,1.040810090938205,-1.2812928400612835,3.3712121429974805e-18,-0.010817326016965124,0.9986189499717605,-4.99891140402534e-19,0.05253753665045963,1.8042589840044328e-20
1.6420000000000001,-0.5135798642537776,-1.3060670600650758e-18,1.0407886076793438,-1.2789435832628975,3.390650519081025e-18,-0.010666181150965157,0.998600187961566,-5.113884544900853e-19,0.05289295419169873,1.696660372994836e-20
1.6440000000000001,-0.516135391002326,-1.2992661653752963e-18,1.0407674246805934,-1.2765808406428,3.4101015137904504e-18,-0.010517065380855605,0.9985814648140151,-4.8981823801991e-19,0.05324526391986565,1.7232149573707626e-20
1.6460000000000001,-0.5186861788865893,-1.2924276646173062e-18,1.0407465378838319,-1.2742047395962826,3.428148294598273e-18,-0.010369978601407962,0.9985627831889582,-4.573839494010343e-19,0.0535944776065778,1.725972144365357e-20
1.6480000000000001,-0.5212322013166713,-1.2855539960528983e-18,1.0407259432314626,-1.2718154069989964,3.445451990758783e-18,-0.010224920393609786,0.9985441457005495,-4.471308719267438e-19,0.05394060703366406,1.6072147657894744e-20
1.6500000000000001,-0.523773431955905,-1.2786461330596053e-18,1.040705636667036,-1.2694129692042837,3.4623430456930036e-18,-0.010081890029651706,0.9985255549161218,-4.368892086230525e-19,0.054283664020139254,1.5574023052000835e-20
1.6520000000000001,-0.5263098447198081,-1.2717048988792434e-18,1.040685614135863,-1.266997552043293,3.47882350633955e-18,-0.009940886477590522,0.9985070133577199,-4.2667788959610346e-19,0.05462366039956134,1.5421559864219054e-20
1.6540000000000001,-0.5288414137750367,-1.2647311126553313e-18,1.040665871585618,-1.2645692808229616,3.4948954093135646e-18,-0.009801908406217297,0.99848852350151,-4.1657085593756e-19,0.05496060803680079,1.4246089554825955e-20
1.6560000000000001,-0.5313681135383361,-1.2577255894996662e-18,1.040646404966934,-1.2621282803257685,3.510560759733679e-18,-0.009664954189707297,0.9984700877788886,-4.0647411186090305e-19,0.05529451881352059,1.3759540657875478e-20
1.6580000000000001,-0.533889918675491,-1.2506891405040927e-18,1.0406272102339846,-1.259674674808158,3.525821563373128e-18,-0.009530021912389476,0.9984517085762344,-3.964250544109997e-19,0.05562540463851355,1.3276369929903008e-20
1.6600000000000001,-0.5364068041002724,-1.2436225727647911e-18,1.040608283345062,-1.2572085880000932,3.540679822930508e-18,-0.009397109373365294,0.9984333882357459,-3.86461827255171e-19,0.05595327743830865,1.2111891965801668e-20
1.6620000000000001,-0.5389187449733839,-1.2365266893978852e-18,1.0405896202631404,-1.2547301431037867,3.55513749639381e-18,-0.009266214091192378,0.9984151290554125,-3.7658342656842855e-19,0.05627814916345563,1.0268067367760559e-20
1.6640000000000001,-0.5414257167014052,-1.2294022896553515e-18,1.0405712169564338,-1.2522394627931586,3.569196501228918e-18,-0.009137333308460421,0.9983969332896786,-3.6678964164603453e-19,0.05660003178236803,7.746896257166674e-21
1.666,-0.5439276949357346,-1.2222501689873013e-18,1.040553069398943,-1.2497366692127878,3.5828587240738076e-18,-0.00901046399639691,0.9983788031495561,-3.57022151045859e-19,0.05691893728505554,5.575494274370274e-21
1.668,-0.5464246555715299,-1.2150711190706472e-18,1.0405351735709938,-1.2472218839773384,3.596126041435803e-18,-0.008885602859392381,0.9983607408031772,-3.47358338472152e-19,0.057234877679011864,2.385373572035536e-21
1.67,-0.5489165747466475,-1.2078659278836578e-18,1.0405175254597656,-1.2446952281706785,3.609000282085935e-18,-0.008762746339533015,0.9983427483759966,-3.377388909596831e-19,0.0575478649913412,-7.960017906896236e-22
1.672,-0.5514034288405801,-1.2006353797650843e-18,1.0405001210598124,-1.2421568223453134,3.621483260383815e-18,-0.008641890621070084,0.998324827951275,-3.2820320752632675e-19,0.05785791126593926,-4.6516317798869775e-21
1.674,-0.5538851944733938,-1.1933800375596727e-18,1.0404829563735738,-1.2396067865216382,3.634012544805561e-18,-0.008523031634882255,0.9983069815703375,-3.459594225864939e-19,0.058165028564610546,-4.857591029750641e-21
1.676,-0.5563618485046625,-1.1860987182577781e-18,1.0404660274118769,-1.2370452401874006,3.647133064249257e-18,-0.008406165062885763,0.9982892112330126,-3.306259676327865e-19,0.0584692289650685,-3.899001014762812e-21
1.678,-0.5588333680324028,-1.1787925669265802e-18,1.0404493301944302,-1.2344723022970645,3.658881381853376e-18,-0.008291286342428063,0.9982715188979278,-3.153859195545825e-19,0.05877052456141988,-3.281866738686989e-21
1.68,-0.5612997303920063,-1.171463013922019e-18,1.0404328607503082,-1.2318880912713188,3.670462699211483e-18,-0.008178390670636297,0.9982539064829189,-2.892656616418178e-19,0.05906892746268503,-2.9649219710181297e-21
1.682,-0.563760913155172,-1.1641121719742342e-18,1.0404166151184275,-1.229292724996536,3.6802437859078665e-18,-0.00806747300874321,0.9982363758653499,-2.577768972717989e-19,0.059364449792886576,-2.6253546354984797e-21
1.684,-0.5662168941288366,-1.1567419981836284e-18,1.0404005893480146,-1.2266863208243344,3.689868159418142e-18,-0.007958528086372214,0.9982189288825035,-2.539246335231528e-19,0.05965710368990127,-2.706547956138594e-21
1.686,-0.5686676513541051,-1.1493532036195526e-18,1.0403847794990646,-1.2240689955711224,3.698901084753525e-18,-0.00785155040579597,0.9982015673319155,-2.5004228215172414e-19,0.0599469013053026,-1.7599310807568047e-21
1.688,-0.57111316310518,-1.1419459513043194e-18,1.0403691816427914,-1.2214408655177196,3.708326040630161e-18,-0.007746534246156843,0.9981842929717538,-2.516316341277363e-19,0.060233854803425156,-1.4368900363713956e-22
1.69,-0.5735534078882892,-1.13452025740428e-18,1.0403537918620704,-1.2188020464089788,3.717270100250525e-18,-0.007643473667658317,0.9981671075211619,-2.477950268367725e-19,0.06051797636105555,4.559082023895189e-22
1.692,-0.5759883644406144,-1.1270765367674938e-18,1.040338606251872,-1.2161526534534683,3.7263892156173895e-18,-0.007542362515719919,0.9981500126606303,-2.3844306871144497e-19,0.060799278166634184,1.748326156021611e-21
1.694,-0.5784180117292176,-1.1196154929241077e-18,1.0403236209196864,-1.2134928013231665,3.734484698861702e-18,-0.007443194425101465,0.9981330100323448,-2.1819074485769874e-19,0.061077772419853904,2.3732859946599892e-21
1.696,-0.5808423289499681,-1.1121387330831964e-18,1.040308831985942,-1.2108226041532066,3.742105780584266e-18,-0.00734596282399181,0.9981161012405533,-1.9255044749621656e-19,0.06135347133095185,2.664592806751095e-21
1.698,-0.5832612955264685,-1.1046481840268522e-18,1.0402942355844131,-1.2081421755416397,3.748492534104191e-18,-0.00725066093806582,0.9980992878519176,-1.8913049106850925e-19,0.06162638712025323,8.84670574319746e-22
1.7,-0.5856748911089803,-1.0971439846604144e-18,1.0402798278626224,-1.2054516285492418,3.7556109871999e-18,-0.00715728179450643,0.998082571395876,-1.9662822154608558e-19,0.061896532017523355,4.695962078876272e-22
1.702,-0.588083095573349,-1.0896260178767885e-18,1.040265604982233,-1.2027510756993423,3.76247769391387e-18,-0.007065818225994211,0.9980659533649968,-2.0948267656553498e-19,0.06216391826148017,2.1058234443927968e-21
1.704,-0.5904858890199293,-1.0820930422459466e-18,1.0402515631194331,-1.2000406289776917,3.770510616244339e-18,-0.006976262874662392,0.9980494352153386,-2.1685990326153668e-19,0.06242855809918747,2.7131238261545094e-21
1.706,-0.5928832517725097,-1.0745443645778718e-18,1.0402376984653146,-1.1973203998323547,3.778288302576396e-18,-0.00688860819601887,0.9980330183668036,-2.352610123839244e-19,0.06269046378555107,1.9500998612059195e-21
1.708,-0.5952751643772372,-1.066978751627105e-18,1.040224007226241,-1.194590499173637,3.787227531620968e-18,-0.006802846462833898,0.9980167042034961,-2.315795752593631e-19,0.06294964758274128,1.5217100819955497e-21
1.71,-0.5976616076015414,-1.059396537120807e-18,1.0402104856242098,-1.1918510373740387,3.795035156672273e-18,-0.00671896976899445,0.9980004940740761,-2.279589667503996e-19,0.06320612175968199,4.1223746647104963e-22
1.712,-0.6000425624330595,-1.0517976186333674e-18,1.0401971298972066,-1.1891021242682416,3.80378644338075e-18,-0.006636970033324339,0.9979843892921156,-2.2435482667254295e-19,0.06345989859149484,-6.944424113918616e-22
1.714,-0.60241801007856,-1.0441826544142974e-18,1.0401839362995504,-1.1863438691531207,3.8111899652758094e-18,-0.0065568390033708245,0.9979683911364512,-2.0985935467936446e-19,0.06371099035898707,-2.834079247325546e-21
1.716,-0.6047879319628673,-1.036552445234956e-18,1.0401709011022335,-1.1835763807877882,3.818886772206616e-18,-0.006478568259157084,0.9979525008515386,-1.899516523162075e-19,0.06395940934811259,-4.972969670878732e-21
1.718,-0.6071523097277866,-1.0289087289473828e-18,1.0401580205932526,-1.1807997673936632,3.82469769269541e-18,-0.00640214921690099,0.9979367196478052,-1.702256859483932e-19,0.06420516784946219,-8.470823841324075e-21
1.72,-0.609511125231028,-1.021252872820555e-18,1.0401452910779319,-1.1780141366545713,3.8312449801464045e-18,-0.006327573132699774,0.9979210487020015,-1.832442558623319e-19,0.0644482781577385,-7.110182951729042e-21
1.722,-0.6118643605451323,-1.0135842413052193e-18,1.040132708879241,-1.1752195957168696,3.837218744387766e-18,-0.006254831106180992,0.997905489157553,-1.6866109676718153e-19,0.0646887525712508,-4.44301589862726e-21
1.724,-0.6142119979563953,-1.0059037250813628e-18,1.040120270338103,-1.1724162511896001,3.843384177099443e-18,-0.006183914084119396,0.9978900421249103,-1.8163598390114325e-19,0.06492660339140185,-2.058725514859259e-21
1.726,-0.6165540199637937,-9.982103600601063e-19,1.0401079718136976,-1.1696042091446697,3.850067138122192e-18,-0.006114812864020031,0.9978747086818984,-1.9454985677614968e-19,0.06516184292218884,3.183169780192272e-22
1.728,-0.6188904092779114,-9.905031137221824e-19,1.0400958096837556,-1.1667835751170552,3.85726509185152e-18,-0.0060475180976673655,0.9978594898740658,-2.074029903585437e-19,0.06539448346970068,2.6881556023849272e-21
1.73,-0.6212211488198652,-9.827809586084463e-19,1.0400837803448464,-1.1639544541050362,3.864975513763544e-18,-0.0059820202946405596,0.9978443867150315,-2.202180666132219e-19,0.06562453734162593,4.708906145952259e-21
1.732,-0.6235462217202323,-9.750428723071119e-19,1.0400718802126596,-1.1611169505704515,3.873195876880407e-18,-0.005918309825794885,0.9978294001868325,-2.3299507210907375e-19,0.06585201684675986,6.381407253552425e-21
1.734,-0.6258656113179772,-9.672878374635942e-19,1.0400601057222791,-1.1582711684389817,3.8819236551886055e-18,-0.005856376926709289,0.9978145312402689,-2.4573430911860866e-19,0.06607693429451968,7.706516161218886e-21
1.736,-0.6281793011593799,-9.59514841774796e-19,1.0400484533284498,-1.1554172111004564,3.891156316141883e-18,-0.005796211701100179,0.997799780795249,-2.584809056978201e-19,0.0662993019944609,8.001232566219237e-21
1.738,-0.6304872749969646,-9.517228780260757e-19,1.0400369195058377,-1.1525551814091854,3.900891310032611e-18,-0.005737804124201444,0.9977851497411329,-2.7118957824779066e-19,0.06651913225580017,7.95143552618658e-21
1.74,-0.6327895167884288,-9.439109441010623e-19,1.040025500749284,-1.1496851816843145,3.911126087350753e-18,-0.005681144046110705,0.9977706389370748,-2.838377444946212e-19,0.06673643738694046,7.900276416282364e-21
1.742,-0.6350860106955735,-9.36078042973975e-19,1.0400141935740523,-1.1468073137102042,3.921858109033273e-18,-0.005626221195101912,0.9977562492123648,-2.9642569624130688e-19,0.06695122969500178,7.84778536150653e-21
1.744,-0.637376741083234,-9.28223182685206e-19,1.0400029945160683,-1.143921678736832,3.9330848479615164e-18,-0.005573025180904342,0.9977419813667688,-3.0893078228266904e-19,0.06716352148535479,8.135884797858937e-21
1.746,-0.6396616925182118,-9.20345376305238e-19,1.0399919001321536,-1.1410283774802181,3.944803806400081e-18,-0.0055215454979479365,0.9977278361708681,-3.213306183654293e-19,0.06737332506115946,9.105700886107062e-21
1.748,-0.6419408497682065,-9.124436418691098e-19,1.039980907000254,-1.138127510122873,3.95701250981692e-18,-0.005471771528575174,0.997713814366397,-3.33717669700211e-19,0.067580652722907,9.388908174564967e-21
1.75,-0.6442141978007498,-9.045172200094111e-19,1.0399700117196595,-1.1352191763142672,3.969273195005446e-18,-0.005423692546219446,0.9976999166665792,-3.130867243322184e-19,0.06778551676796642,9.4986894040546e-21
1.752,-0.6464817217821399,-8.96567640336921e-19,1.03995921091122,-1.1323034751713235,3.980062160249992e-18,-0.005377297718550064,0.997686143756464,-2.816608031120624e-19,0.06798792949013457,8.185172839128044e-21
1.754,-0.6487434070763765,-8.88597259258873e-19,1.039948501217552,-1.12938050527893,3.990256951304156e-18,-0.005332576110583913,0.9976724962932599,-2.724492462013849e-19,0.06818790317919064,5.635595630503142e-21
1.756,-0.6509992392440974,-8.80606862174789e-19,1.0399378793032428,-1.1264503646904758,4.000078454292071e-18,-0.005289516687763862,0.9976589749066674,-2.632576991284411e-19,0.06838545012045415,3.435524691950702e-21
1.758,-0.6532492040415167,-8.725971938535562e-19,1.0399273418550454,-1.1235131509284046,4.009528473917991e-18,-0.005248108319004004,0.9976455801992107,-2.54132701410894e-19,0.06858058259434725,9.011924534919476e-22
1.76,-0.6554932874193623,-8.645689954686606e-19,1.0399168855820689,-1.1205689609847929,4.018608802668072e-18,-0.005208339779701787,0.9976323127465675,-2.450271015220523e-19,0.06877331287596071,-1.2833216206318377e-21
1.762,-0.657731475521817,-8.565230046088763e-19,1.0399065072159623,-1.1176178913219441,4.027321231900065e-18,-0.005170199754717133,0.9976191730978984,-2.359643314305105e-19,0.0689636532346239,-3.460718294043881e-21
1.764,-0.6599637546854586,-8.4845995528850465e-19,1.039896203511093,-1.1146600378730067,4.035667545170991e-18,-0.005133676841318644,0.9976061617761735,-2.269677946901242e-19,0.06915161593347861,-5.97329110492201e-21
1.766,-0.6621901114382028,-8.403805779701861e-19,1.039885971244719,-1.1116954960426082,4.043649508893742e-18,-0.005098759552096984,0.9975932792784986,-2.1806087918322914e-19,0.06933721322905671,-9.16211229428659e-21
1.768,-0.6644105324982466,-8.322855996089664e-19,1.039875807217155,-1.1087243607075112,4.0512688614008636e-18,-0.005065436317845495,0.9975805260764398,-2.092192507433523e-19,0.06952045737086163,-1.2683375286639922e-20
1.77,-0.6666250047730129,-8.241757437024505e-19,1.0398657082519336,-1.1057467262172869,4.058527328541742e-18,-0.005033695490408229,0.9975679026163462,-2.0041910498762212e-19,0.06970136060095367,-1.6194462640944234e-20
1.772,-0.6688335153580977,-8.160517303019148e-19,1.03985567119596,-1.1027626863950075,4.065426623035075e-18,-0.00500352534549538,0.9975554093196715,-1.9173154987804855e-19,0.0698799351535391,-2.0720928510274864e-20
1.774,-0.6710360515362168,-8.079143848507193e-19,1.0398456929196616,-1.0997723345379573,4.0719684418586605e-18,-0.004974914085466349,0.9975430465832938,-1.7723274202695566e-19,0.07005619325456304,-2.0149219661657203e-20
1.776,-0.6732326007761559,-7.997646017035374e-19,1.0398357703171321,-1.0967757634183612,4.077719653778829e-18,-0.00494784984208045,0.9975308147798342,-1.5724982360960655e-19,0.07023014712130596,-1.8935979551220347e-20
1.778,-0.6754231507317203,-7.916038505028111e-19,1.0398259003062702,-1.0937730652841322,4.0831183365538e-18,-0.004922320679215437,0.9975187142579734,-1.7042715586592e-19,0.0704018089619841,-1.9172647600026303e-20
1.78,-0.6776076892406877,-7.834316371470925e-19,1.0398160798289118,-1.0907643318596345,4.088927673485843e-18,-0.004898314595553888,0.9975067453427673,-1.4503129542679773e-19,0.07057119097535347,-1.8694286142522195e-20
1.782,-0.6797862043237617,-7.752495723764203e-19,1.0398063058509588,-1.087749654346465,4.093188105531757e-18,-0.0048758195272377005,0.99749490833596,-1.4163218125067893e-19,0.0707383053503175,-1.6665645667009442e-20
1.784,-0.6819586841835268,-7.670579174203394e-19,1.0397965753625005,-1.084729123424252,4.098626650421416e-18,-0.0048548233504906385,0.9974832035162968,-1.4922233475812e-19,0.0709031642655385,-1.4549038196427987e-20
1.786,-0.6841251172034057,-7.588562075078201e-19,1.0397868853779317,-1.0817028292514692,4.1029527018870676e-18,-0.004835313884209215,0.9974716311398337,-1.292018441826142e-19,0.0710657798890526,-1.130678084500278e-20
1.788,-0.6862854919466177,-7.506457569142774e-19,1.0397772329360646,-1.078670861466267,4.10747673147793e-18,-0.004817278892521921,0.9974601914402469,-1.3132206656720162e-19,0.07122616437788847,-8.901812321599161e-21
1.79,-0.6884397971551385,-7.424267860490225e-19,1.0397676151002355,-1.0756333091873194,4.111327894357309e-18,-0.004800706087317015,0.9974488846291388,-1.0628400334900884e-19,0.07138432987768943,-1.1189521913327017e-20
1.792,-0.6905880217486626,-7.342011095973369e-19,1.039758028958407,-1.0725902610146871,4.114183110777078e-18,-0.00478558313073896,0.9974377108963447,-8.134025901731116e-20,0.07154028852233943,-1.3125981447315911e-20
1.794,-0.692730154823567,-7.259707144787245e-19,1.0397484716232646,-1.0695418050306957,4.116047350388864e-18,-0.004771897637653643,0.9974266704102357,-5.65147360008295e-20,0.07169405243359235,-1.5053057705178655e-20
1.796,-0.6948661856518761,-7.17737577693815e-19,1.0397389402323096,-1.066488028800829,4.116925560358269e-18,-0.004759637178082499,0.9974157633180208,-3.180685547862132e-20,0.07184563372070496,-1.697123842248737e-20
1.798,-0.6969961036802291,-7.09503666379017e-19,1.0397294319479462,-1.0634290193746374,4.116822659197895e-18,-0.004748789279605744,0.9974049897460471,-7.28981747412201e-21,0.07199504448007338,-1.9905936076783236e-20
1.8,-0.6991198985288496,-7.012709378717706e-19,1.0397199439575633,-1.0603648632866618,4.115743527058159e-18,-0.004739341429734799,0.9973943498000981,1.7111050694240568e-20,0.07214229679487302,-2.2830290154702948e-20
1.802,-0.7012375599905156,-6.930413397764399e-19,1.039710473473613,-1.0572956465573706,4.1136930182525206e-18,-0.00473128107825403,0.9973838435656911,4.1421018122003127e-20,0.07228740273470212,-2.5401797759780837e-20
1.804,-0.7033490780295333,-6.848168100045028e-19,1.0397010177336832,-1.054221454694112,4.110675970712986e-18,-0.004724595639532042,0.9973734711083714,6.559102496392678e-20,0.07243037435522859,-2.830487976212755e-20
1.806,-0.7054544427807109,-6.765990593517438e-19,1.039691574000567,-1.0511423726920794,4.107132135245748e-18,-0.004719272494802554,0.9973632324740059,5.696151596066736e-20,0.07257122369784044,-2.710519770843015e-20
1.808,-0.7075536445483359,-6.6838768784929155e-19,1.0396821395623257,-1.0480584850352912,4.1043691256697654e-18,-0.004715298994415101,0.9973531276890741,4.296594888138529e-20,0.07270996278929957,-2.448582246851261e-20
1.81,-0.7096466738051534,-6.6018164468561605e-19,1.0396727117323492,-1.0449698756975838,4.101622136445502e-18,-0.0047126624600557,0.9973431567609581,5.0734846771948216e-20,0.07284660364139897,-2.5861191032563067e-20
1.812,-0.711733521191347,-6.519814058168267e-19,1.0396632878494103,-1.0418766281436178,4.098565076089609e-18,-0.004711350186937565,0.9973333196782296,5.849194713258134e-20,0.07298115825062336,-2.6889893880611477e-20
1.814,-0.7138141775135213,-6.437875898406188e-19,1.0396538652777163,-1.038778825329897,4.095199487758449e-18,-0.004711349445962126,0.9973236164109365,6.618726884380838e-20,0.07311363859781317,-2.8256666660241273e-20
1.816,-0.7158886337436864,-6.356008122824566e-19,1.039644441406955,-1.0356765497058007,4.091526900543677e-18,-0.004712647485850426,0.9973140469108864,7.379609331191063e-20,0.07324405664783187,-3.030288414117492e-20
1.818,-0.7179568810182453,-6.274216856263485e-19,1.0396350136523371,-1.032569883214628,4.0875488236068705e-18,-0.00471523153524513,0.9973046111119291,8.136904592265346e-20,0.07337242434923671,-3.234266642317525e-20
1.82,-0.7200189106369822,-6.192508193516749e-19,1.039625579454634,-1.0294589072946545,4.083266757173818e-18,-0.004719088804783205,0.9972953089302367,8.88810572570831e-20,0.07349875363395265,-3.4717776226053e-20
1.822,-0.7220747140620539,-6.110888199435408e-19,1.0396161362802125,-1.0263437028802018,4.078682194964787e-18,-0.0047242064891395786,0.9972861402645818,9.638258459003609e-20,0.07362305641694972,-3.6745177277939933e-20
1.824,-0.7241242829169827,-6.029362909054588e-19,1.0396066816210638,-1.0232243504027172,4.0737966198256165e-18,-0.004730571769041781,0.9972771049966147,1.0374795971702158e-19,0.07374534459592356,-4.013276556609709e-20
1.826,-0.726167608985652,-5.947938328021631e-19,1.03959721299483,-1.0201009297918668,4.068611491957222e-18,-0.004738171813255879,0.9972682029911373,1.1107852146073358e-19,0.0738656300509794,-4.351163060916958e-20
1.828,-0.7282046842113036,-5.866620432867058e-19,1.039587727944826,-1.0169735204766395,4.06312826097776e-18,-0.004746993780543766,0.997259434096376,1.1834920647927117e-19,0.073983924644319,-4.7222726279063146e-20
1.83,-0.7302355006955374,-5.78541299726006e-19,1.039578224040057,-1.013842201386461,4.057783167548432e-18,-0.004757024821592044,0.9972507981442525,9.83491108689902e-20,0.07410024021993111,-4.752854718449536e-20
1.832,-0.732260050697314,-5.704302746058154e-19,1.039568698875234,-1.0107070509523208,4.053119332945746e-18,-0.004768252080912625,0.9972422949506532,1.0054199915067776e-19,0.074214588603285,-4.638728433975452e-20
1.834,-0.7342783266319581,-5.623292769104082e-19,1.0395591500707826,-1.007568147107909,4.0479370612271444e-18,-0.004780662698715258,0.9972339243156949,9.190344027678871e-20,0.07432698160102719,-4.272557652101463e-20
1.836,-0.7362903210701658,-5.542375280509484e-19,1.0395495752728514,-1.0044255672907625,4.043761532922192e-18,-0.004794243812752119,0.997225686023991,9.9529679278179e-20,0.07443743100068134,-4.268873124355695e-20
1.838,-0.7382960267370128,-5.461555198965868e-19,1.0395399721533138,-1.0012793884434246,4.0381965986464846e-18,-0.004808982560134681,0.9972175798449139,1.0714534190859169e-19,0.07454594857035145,-4.2309497208793846e-20
1.84,-0.7402954365109662,-5.380839592669203e-19,1.0395303384097683,-0.9981296870146112,4.033422937043152e-18,-0.004824866079123006,0.9972096055328564,1.09308270323015e-19,0.074652546058428,-4.083784657056478e-20
1.842,-0.7422885434228975,-5.300228256601418e-19,1.039520671765534,-0.9949765389603903,4.027588328927372e-18,-0.004841881510887632,0.9972017628274906,1.2216597518628817e-19,0.07475723519329734,-4.360667592986033e-20
1.844,-0.7442753406550988,-5.219731494923864e-19,1.0395109699696437,-0.9918200197453687,4.02211090110909e-18,-0.0048600160012443145,0.9971940514540253,1.132599364391848e-19,0.0748600276830542,-4.233491753223536e-20
1.846,-0.746255821540301,-5.139343624651559e-19,1.0395012307968314,-0.9886602043438902,4.016771359726234e-18,-0.004879256702361636,0.9971864711234609,9.890308303836253e-20,0.07496093521521718,-4.099880213223474e-20
1.848,-0.7482299795606945,-5.059051384464558e-19,1.0394914520475198,-0.9854971672412418,4.01265611389722e-18,-0.004899590774441857,0.997179021532843,7.365443200445639e-20,0.07505996945644747,-3.918832761807881e-20
1.85,-0.7501978083469522,-4.978836861968675e-19,1.0394816315478015,-0.9823309824348703,4.0087815385530734e-18,-0.0049210053873750504,0.9971717023655132,7.602778852546398e-20,0.07515714205227049,-3.70515209818129e-20
1.852,-0.752159301677255,-4.898700696746136e-19,1.0394717671494178,-0.979161723435607,4.0048204625843454e-18,-0.004943487722366778,0.9971645132913589,7.838980878246918e-20,0.07525246462680069,-3.4919476643737005e-20
1.854,-0.7541144534763201,-4.818644614064105e-19,1.0394618567297353,-0.9759894632689022,4.0007733599901595e-18,-0.00496702497353943,0.9971574539670603,8.074055864498389e-20,0.0753459487824693,-3.2792188737404215e-20
1.856,-0.7560632578144313,-4.738670329746309e-19,1.039451898191718,-0.9728142744760677,3.996640701118903e-18,-0.00499160434950748,0.9971505240363358,8.308010354808354e-20,0.07543760609975508,-3.066965135465088e-20
1.858,-0.7580057089064718,-4.658779550238386e-19,1.0394418894638964,-0.969636229115528,3.9924229538425836e-18,-0.005017213074926798,0.9971437231301844,8.543429655173238e-20,0.07552744813691817,-2.821057614952075e-20
1.86,-0.75994180111096,-4.578973972624902e-19,1.0394318285003346,-0.9664553987640803,3.9881205873811845e-18,-0.005043838392018218,0.9971370508671289,8.785484279718011e-20,0.07561548642973677,-2.473239624510047e-20
1.862,-0.7618715289290872,-4.499255284509732e-19,1.0394217132805932,-0.9632718545181618,3.983734082081912e-18,-0.005071467562065526,0.9971305068534533,9.036742141299817e-20,0.07570173249124691,-1.9895436311774538e-20
1.864,-0.7637948870037583,-4.41962625030062e-19,1.03941154180969,-0.960085666995126,3.9790466168710294e-18,-0.00510008786688812,0.9971240906834412,9.79461748105097e-20,0.07578619781148511,-2.060946642934449e-20
1.866,-0.7657118701186353,-4.340094331355102e-19,1.0394013121180576,-0.9568969063345264,3.9740590129596044e-18,-0.005129686610288442,0.9971178019396107,1.1087821996187988e-19,0.07586889385723392,-2.276115082437938e-20
1.868,-0.7676224731971821,-4.260665148130547e-19,1.039391022261497,-0.9537056421994078,3.968990750131749e-18,-0.005160251119474447,0.997111640192948,9.107781389751457e-20,0.07594983207177047,-2.0701838205759907e-20
1.87,-0.7695266913017137,-4.1813258125000427e-19,1.0393806703211308,-0.9505119437776051,3.965146145275815e-18,-0.005191768746457247,0.997105605003138,7.143648559587803e-20,0.0760290238746179,-1.7625131120246545e-20
1.872,-0.7714245196324464,-4.1020605974251356e-19,1.039370254403351,-0.94731587978305,3.961324572312005e-18,-0.0052242268694241475,0.9970996959187945,7.906549083361647e-20,0.07610648066129953,-1.869316446597849e-20
1.874,-0.7733159535265517,-4.022874847975144e-19,1.0393597726397663,-0.9441175184570844,3.957308462307364e-18,-0.005257612894087261,0.9970939124776868,8.660644153560358e-20,0.07618221380309616,-2.0441173233468303e-20
1.8760000000000001,-0.7752009884572124,-3.9437717166016506e-19,1.039349223187145,-0.9409169275697808,3.9529904965895845e-18,-0.005291914255007884,0.9970882542069647,8.910104359694335e-20,0.07625623464680595,-1.5959569551332906e-20
1.8780000000000001,-0.7770796200326812,-3.864756870554905e-19,1.0393386042273565,-0.9377141744212707,3.948588637161659e-18,-0.005327118416896824,0.997082720623383,9.127054597188565e-20,0.07632855451450732,-1.558826099347761e-20
1.8800000000000001,-0.7789518439953423,-3.785830173614452e-19,1.0393279139673093,-0.9345093258430778,3.9439945127808975e-18,-0.005363212875890905,0.9970773112335215,1.098165749612102e-19,0.0763991847033246,-1.681568481210152e-20
1.8820000000000001,-0.7808176562207756,-3.7070052440720765e-19,1.039317150638887,-0.9313024481994597,3.938340063468292e-18,-0.00540018516080577,0.9970720255340046,1.2286022739132216e-19,0.07646813648519643,-1.6934794868769617e-20
1.8840000000000001,-0.7826770527168232,-3.628295635029711e-19,1.039306312498882,-0.9280936073887556,3.932607709835695e-18,-0.005438022834365253,0.9970668630117188,1.357636603243638e-19,0.07653542110664709,-1.807643018751416e-20
1.8860000000000001,-0.7845300296226593,-3.5497090532974107e-19,1.039295397828926,-0.9248828688447391,3.926037650866614e-18,-0.005476713494407467,0.9970618231440275,1.4307367501069131e-19,0.07660104978856047,-1.981916004623553e-20
1.8880000000000001,-0.7863765832078621,-3.4712520801266744e-19,1.0392844049354195,-0.9216702975379795,3.919719413056488e-18,-0.005516244775067804,0.9970569053989844,1.4489547825724868e-19,0.07666503372595686,-2.1138479094394424e-20
1.8900000000000001,-0.788216709871489,-3.3929272941024747e-19,1.0392733321494565,-0.9184559579772065,3.912565550321748e-18,-0.0055566043479390835,0.9970521092355449,1.7411947657588576e-19,0.07672738408777247,-2.3530785898901704e-20
1.8920000000000001,-0.7900504061411542,-3.3147560831360833e-19,1.0392621778267497,-0.9152399142106834,3.904471448445042e-18,-0.005597779923208937,0.9970474341037747,1.8698958598738037e-19,0.07678811201664168,-2.2258790077571114e-20
1.8940000000000001,-0.7918776686721091,-3.236749959551988e-19,1.039250940347552,-0.9120222298275842,3.8960933341039835e-18,-0.005639759250774774,0.9970428794450579,2.0525186264646914e-19,0.076847228628682,-2.175017118071276e-20
1.8960000000000001,-0.7936984942463255,-3.1589207489569396e-19,1.0392396181165757,-0.9088029679593771,3.886672025824324e-18,-0.005682530121336382,0.9970384446923014,2.179479925315915e-19,0.07690474501328173,-2.116106344373796e-20
1.8980000000000001,-0.7955128797715819,-3.0812809423027794e-19,1.0392282095629097,-0.9055821912812139,3.877298151665249e-18,-0.005726080367466449,0.9970341292701383,2.250385693777537e-19,0.07696067223289034,-2.1174656918319828e-20
1.9000000000000001,-0.7973208222805516,-3.0038339304591797e-19,1.0392167131399355,-0.9023599620133239,3.867428968246608e-18,-0.005770397864659163,0.9970299325951294,2.2108400099526304e-19,0.07701502132281142,-2.1367908577935018e-20
1.9020000000000001,-0.7991223189298947,-2.9265783723817347e-19,1.0392051273252392,-0.8991363419224139,3.8581526512406825e-18,-0.005815470532357081,0.997025854075962,2.1168162323882399e-19,0.07706780329099838,-2.114030099241282e-20
1.9040000000000001,-0.8009173669993526,-2.849508596077495e-19,1.0391934506205234,-0.8959113923230727,3.8489228960565486e-18,-0.005861286334956468,0.9970218931136473,2.0229750273834826e-19,0.07711902911785276,-2.1256911128186178e-20
1.9060000000000001,-0.8027059638908447,-2.772617155759482e-19,1.039181681551516,-0.8926851740791815,3.840065274507376e-18,-0.0059078332827913116,0.997018049101716,2.2597947675224474e-19,0.07716870975602516,-2.1179977859967867e-20
1.9080000000000001,-0.804488107127569,-2.6959198074423416e-19,1.0391698186678775,-0.8894577476053279,3.829623035913217e-18,-0.005955099433096172,0.9970143214264109,2.274463815121345e-19,0.07721685613021878,-2.2482858150634596e-20
1.9100000000000001,-0.8062637943531044,-2.6194202874984795e-19,1.0391578605431062,-0.8862291728682262,3.820318769391955e-18,-0.006003072890948121,0.9970107094668786,2.288139601028519e-19,0.07726347913699554,-2.480702073971126e-20
1.9120000000000001,-0.8080330233305164,-2.5431186906872077e-19,1.0391458057744414,-0.8829995093881412,3.809649696323434e-18,-0.006051741810187909,0.9970072125953587,2.466921646469204e-19,0.07730858964458483,-2.70309877512901e-20
1.9140000000000001,-0.8097957919414661,-2.4670288627496204e-19,1.0391336529827653,-0.8797688162403171,3.799359715863894e-18,-0.006101094394320559,0.9970038301773712,2.37353456015258e-19,0.07735219849269474,-2.4394194456177566e-20
1.9160000000000001,-0.8115520981853211,-2.391143953146372e-19,1.0391214008125027,-0.8765371520564108,3.789229959197427e-18,-0.00615111889739562,0.9970005615719018,2.227253824174117e-19,0.07739431649232599,-1.963384466767883e-20
1.9180000000000001,-0.8133019401782702,-2.315453520908615e-19,1.0391090479315188,-0.8733045750259293,3.779694342003502e-18,-0.006201803624867227,0.9969974061315852,2.3536521485085145e-19,0.0774349544255882,-1.8717181611779947e-20
1.92,-0.8150453161524399,-2.239965993532185e-19,1.0390965930310156,-0.8700711428976716,3.768903676101986e-18,-0.00625313693443421,0.9969943632028867,2.4802485784471035e-19,0.07747412304551887,-1.6775802960279998e-20
1.922,-0.8167822244550152,-2.1646897584571888e-19,1.0390840348254273,-0.8668369129811747,3.758818861734723e-18,-0.006305107236860392,0.9969914321262819,2.2761585223308162e-19,0.07751183307590477,-1.5021159613285477e-20
1.924,-0.818512663547362,-2.0896114497008044e-19,1.0390713720523121,-0.8636019421481634,3.7490017359176e-18,-0.0063577029967753,0.9969886122364341,2.2894200277844924e-19,0.07754809521110585,-1.8050300891429688e-20
1.926,-0.8202366320041529,-2.0147300777048992e-19,1.0390586034722449,-0.8603662868340043,3.739125231488461e-18,-0.006410912733455475,0.9969859028623695,2.302084230396108e-19,0.07758292011588164,-2.1755158223745126e-20
1.928,-0.8219541285124964,-1.9400468271837693e-19,1.0390457278687062,-0.857130003039163,3.729189635419145e-18,-0.006464725021586576,0.9969833033276517,2.317874167456547e-19,0.07761631842522004,-2.1350920484392076e-20
1.93,-0.8236651518710681,-1.865563962646797e-19,1.0390327440479714,-0.8538931463306657,3.719086682353702e-18,-0.006519128492006484,0.9969808129505526,2.388779979843123e-19,0.07764830074416879,-2.0690747040479938e-20
1.932,-0.8253697009892457,-1.791283379470585e-19,1.0390196508389973,-0.8506557718435644,3.70903401298527e-18,-0.006574111832429552,0.9969784310442229,2.2389783125371566e-19,0.07767887764766905,-2.0720716106263077e-20
1.934,-0.8270677748862459,-1.717197191589001e-19,1.0390064470933078,-0.8474179342824049,3.6995743912562916e-18,-0.006629663788152251,0.9969761569168596,2.2534692138670425e-19,0.07770805968039171,-2.2371920617885924e-20
1.936,-0.8287593726902657,-1.643305150457211e-19,1.038993131684878,-0.8441796879226984,3.6895108211828245e-18,-0.006685773162740361,0.9969739898718724,2.3225498995720727e-19,0.07773585735657594,-2.444527169133899e-20
1.938,-0.8304444936376248,-1.5696131565038928e-19,1.0389797035100168,-0.8409410866123974,3.6796060833722025e-18,-0.006742428818697898,0.9969719292080461,2.392098437994913e-19,0.07776228115987012,-2.548865032544278e-20
1.94,-0.832123137071913,-1.496125998595091e-19,1.038966161487249,-0.8377021837733732,3.669099811673594e-18,-0.0067996196781179566,0.9969699742197081,2.4066568182511963e-19,0.07778734154317554,-2.6102241499925502e-20
1.942,-0.8337953024431387,-1.422845906193601e-19,1.0389525045571946,-0.834463032402898,3.6588634790207834e-18,-0.006857334723315772,0.9969681241968812,2.476207672430946e-19,0.0778110489284917,-2.645703595743961e-20
1.944,-0.8354609893068816,-1.3497769003819645e-19,1.0389387316824483,-0.8312236850751286,3.647918915399164e-18,-0.006915562997444034,0.996966378425447,2.5466242588465013e-19,0.07783341370676469,-2.5445355855223344e-20
1.946,-0.837120197323448,-1.2769266031300053e-19,1.0389248418474575,-0.8279841939425946,3.637029028247623e-18,-0.0069742936050906775,0.9969647361873013,2.6708352513628456e-19,0.07785444623773764,-2.554427396209752e-20
1.948,-0.8387729262570288,-1.2043033313291556e-19,1.0389108340583977,-0.824744610737688,3.6252167599825514e-18,-0.007033515712859427,0.9969631967605085,2.848851444731572e-19,0.0778741568498035,-2.6409477537596417e-20
1.95,-0.8404191759748607,-1.131918970943563e-19,1.0388967073430493,-0.8215049867741567,3.613247082560111e-18,-0.007093218549933206,0.9969617594194545,2.809657829916486e-19,0.07789255583986017,-2.2486695484528356e-20
1.952,-0.8420589464463908,-1.0597723124127639e-19,1.038882460750671,-0.8182653729485996,3.601446443985342e-18,-0.007153391408620597,0.9969604234349982,2.7709219676063636e-19,0.07790965347316786,-1.8232713422961238e-20
1.954,-0.8436922377424432,-9.87861068624047e-20,1.0388680933518732,-0.8150258197419652,3.589488385702021e-18,-0.007214023644885559,0.9969591880746199,3.003802215129433e-19,0.0779254599832089,-1.8517807974713005e-20
1.956,-0.8453190500343897,-9.161999649587534e-20,1.0388536042384906,-0.8117863772210523,3.576722612880263e-18,-0.007275104678860612,0.996958052602569,2.9054903368141145e-19,0.0779399855715497,-1.8967868864075848e-20
1.958,-0.8469393835933229,-8.447830330618344e-20,1.0388389925234527,-0.808547095040013,3.565215623786725e-18,-0.007336623995343607,0.9969570162800093,2.7535172915863963e-19,0.07795324040770497,-1.8308478144697292e-20
1.96,-0.8485532387892322,-7.735960120548846e-20,1.038824257340654,-0.8053080224418582,3.5536586836109526e-18,-0.007398571144278357,0.9969560783651628,2.547604290925688e-19,0.07796523462900436,-1.7226819490458062e-20
1.962,-0.8501606160901831,-7.026243387516652e-20,1.0388093978448243,-0.8020692082599654,3.543680290994922e-18,-0.00746093574121922,0.9969552381134512,2.2884122145818375e-19,0.07797597834046108,-1.5040146543983993e-20
1.964,-0.8517615160614997,-6.318517131531716e-20,1.0387944132113958,-0.7988307009195886,3.533427488543167e-18,-0.00752370746777988,0.9969544947776364,2.5234476896007624e-19,0.077985481614643,-1.5344857451225774e-20
1.966,-0.8533559393649497,-5.612912226657191e-20,1.038779302636371,-0.7955925484393703,3.522684584508298e-18,-0.007586876072066493,0.9969538476079585,2.4275473379602217e-19,0.0779937544915458,-1.5471173087341823e-20
1.968,-0.8549438867579326,-4.909374399573288e-20,1.0387640653361891,-0.7923547984328553,3.512864942540654e-18,-0.007650431369095345,0.996953295852272,2.277441293053084e-19,0.07800080697846841,-1.5171642473378467e-20
1.97,-0.8565253590926716,-4.207784548522959e-20,1.0387487005475928,-0.7891174981100069,3.502987206358504e-18,-0.007714363241195285,0.9969528387561807,2.3489481968992994e-19,0.07800664904989058,-1.3854117466344163e-20
1.972,-0.858100357315407,-3.5081978033911925e-20,1.0387332075274915,-0.7858806942787246,3.492834104114221e-18,-0.007778661638395041,0.9969524755631705,2.420119219599442e-19,0.07801129064735265,-1.2538694488299639e-20
1.974,-0.8596688824655945,-2.81066909927278e-20,1.0387175855528272,-0.7826444333463639,3.482407015884241e-18,-0.007843316578795615,0.9969522055147407,2.490956308216308e-19,0.07801474167933756,-1.1224976753314769e-20
1.976,-0.861230935675105,-2.1152530959626584e-20,1.0387018339204368,-0.7794087613212571,3.471707314531595e-18,-0.007908318148927923,0.9969520278505333,2.5614607800401606e-19,0.07801701202115484,-9.913378125900915e-21
1.978,-0.8627865181674286,-1.4220041794039837e-20,1.0386859519469158,-0.776173723814237,3.460736365756527e-18,-0.007973656504095938,0.9969519418084603,2.631901282880194e-19,0.07801811151482692,-8.262694365356858e-21
1.98,-0.8643356312568806,-7.309764631088628e-21,1.0386699389684797,-0.7729393660401608,3.4494955281533363e-18,-0.008039321868705403,0.9969519466248299,2.7030808200559635e-19,0.07801804996897745,-5.248891063226676e-21
1.982,-0.8658782763478116,-4.2202085842935104e-22,1.0386537943408258,-0.7697057328194365,3.438311709316246e-18,-0.008105304536578366,0.9969520415344707,2.4990318666953814e-19,0.07801683715872178,-2.1522749935549282e-21
1.984,-0.8674144549338196,6.444497748812624e-21,1.0386375174389944,-0.7664728685795507,3.4283783201791727e-18,-0.008171594871253672,0.9969522257708541,2.295824070194392e-19,0.07801448282555953,9.347310968569969e-22
1.986,-0.8689441685969662,1.3291527262229604e-20,1.0386211076572283,-0.7632408173565963,3.418496511605685e-18,-0.008238183306273626,0.9969524985662149,2.3102162792376494e-19,0.07801099667726927,-9.122780473557179e-23
1.988,-0.8704674190069949,2.0118590985898803e-20,1.038604564408833,-0.7600096227968043,3.4086658636113e-18,-0.008305060345456966,0.9969528591516704,2.32360683301746e-19,0.07800638838780521,-2.138572448455295e-21
1.99,-0.8719842079205531,2.692611722412391e-20,1.0385878871260366,-0.7567793281580738,3.398886644300122e-18,-0.008372216563158355,0.9969533067573382,2.286143996554637e-19,0.07800066759719608,1.0290641918134053e-21
1.992,-0.873494537180417,3.371424449441509e-20,1.0385710752598465,-0.7535499763115054,3.3892667698930797e-18,-0.00843964260451449,0.9969538406124512,2.249131757088632e-19,0.0779938439114459,4.529814375712193e-21
1.994,-0.8749984087147197,4.048329069724434e-20,1.0385541282799096,-0.7503216097429347,3.3798054514121016e-18,-0.008507329185677124,0.9969544599454718,2.2128359909684745e-19,0.07798592690243691,8.704514638784041e-21
1.996,-0.8764958245361817,4.7233463651235886e-20,1.038537045674369,-0.7470942705544669,3.370284890148727e-18,-0.008575267094033081,0.9969551639842049,2.3937521761821457e-19,0.07797692610783455,9.108376835842653e-21
1.998,-0.8779867867413454,5.3963740618538883e-20,1.0385198269497218,-0.7438680004660123,3.3600547012405337e-18,-0.008643447188411412,0.9969559519559078,2.2437228699191716e-19,0.07796685103099428,9.34608698270213e-21
2.0,-0.8794712975098122,6.067494861836735e-20,1.0385024716306757,-0.7406428408168239,3.3512877881890128e-18,-0.008711860399277953,0.9969568230873996,2.0405455913441484e-19,0.0779557111408706,1.1032536921245688e-20
2.0020000000000002,-0.8809493591034826,6.736866926948087e-20,1.0384849792600055,-0.7374188325670334,3.3424582115324796e-18,-0.008780497728917426,0.9969577766051689,2.0564342110118882e-19,0.07794351587192797,1.031897803169028e-20
2.004,-0.8824209738657994,7.404506654494088e-20,1.0384673493984098,-0.7341960162991912,3.3338921302315077e-18,-0.008849350251603145,0.9969588117354793,2.0730479149317572e-19,0.07793027462405368,1.0632454977509691e-20
2.0060000000000002,-0.8838861442209945,8.070368956411149e-20,1.0384495816243662,-0.730974432219804,3.3247202577831847e-18,-0.008918409113754674,0.9969599277044737,2.144914038787681e-19,0.07791599676247278,1.154266078547295e-20
2.008,-0.885344872673338,8.734416139164831e-20,1.0384316755339873,-0.7277541201608752,3.3157049085486717e-18,-0.008987665534083441,0.9969611237382773,2.2168393555741397e-19,0.07790069161766489,1.279280144936374e-20
2.0100000000000002,-0.8867971618063905,9.396578142652731e-20,1.0384136307408758,-0.7245351195814453,3.3058686858503532e-18,-0.009057110803726584,0.996962399063098,2.3436208998812365e-19,0.07788436848528292,1.4296781349671307e-20
2.012,-0.8882430142822594,1.0056785193005915e-19,1.0383954468759795,-0.7213174695691328,3.296300425279293e-18,-0.00912673628636913,0.9969637529053265,2.1943748689010194e-19,0.07786703662607386,1.5201333302172674e-20
2.0140000000000002,-0.889682432840857,1.0715137866173957e-19,1.0383771235874464,-0.7181012088416753,3.2873244444153116e-18,-0.009196533418354701,0.9969651844916338,2.046102981361391e-19,0.07784870526580134,1.644237293933013e-20
2.016,-0.8911154202991627,1.1371754324032396e-19,1.0383586605404787,-0.7148863757484718,3.2789378053151393e-18,-0.009266493708784863,0.9969666930490683,1.8980009854414925e-19,0.07782938359517018,1.699467613878466e-20
2.0180000000000002,-0.8925419795504874,1.2026752142511833e-19,1.038340057417188,-0.7116730082721249,3.2711375860128206e-18,-0.009336608739607366,0.9969682778051492,1.750333500924487e-19,0.07780908076975282,1.7201527891835387e-20
2.02,-0.893962113563742,1.2680248314652675e-19,1.0383213139164484,-0.7084611440299832,3.2639208799435452e-18,-0.00940687016569336,0.9969699379879616,1.6028311301212514e-19,0.07778780590991759,1.672215522743767e-20
2.0220000000000002,-0.8953758253827079,1.3332359253810098e-19,1.0383024297537522,-0.7052508202756845,3.2572847967023175e-18,-0.009477269714903739,0.996971672826247,1.4562903539566876e-19,0.07776556810075892,1.6581870650448726e-20
2.024,-0.8967831181253115,1.3983200796701197e-19,1.038283404661062,-0.7020420739006993,3.251226459595583e-18,-0.009547799188144862,0.9969734815494938,1.3104416909877788e-19,0.07774237639202941,1.6439083691746626e-20
2.0260000000000002,-0.8981839949829012,1.4632888206036717e-19,1.0382642383866663,-0.6988349414358734,3.2457430059586826e-18,-0.009618450459413706,0.9969753633880267,1.1652816024623204e-19,0.07771823979807363,1.6293831484331006e-20
2.028,-0.899578459219528,1.5281536173436792e-19,1.0382449306950317,-0.6956294590529724,3.2408315872799963e-18,-0.009689215475832649,0.9969773175730933,1.0208072021885587e-19,0.07769316729776388,1.6146553156643646e-20
2.0300000000000002,-0.9009665141712282,1.5929258822237053e-19,1.0382254813666578,-0.6924256625662243,3.2364893691578456e-18,-0.00976008625767407,0.99697934333695,8.770149071834124e-20,0.07766716783443778,1.5996877341329165e-20
2.032,-0.9023481632453108,1.6576169710281426e-19,1.0382058901979305,-0.6892235874338642,3.2327135311203332e-18,-0.009831054898374846,0.9969814399129469,7.336353306447906e-20,0.07764025031583757,1.550321177712599e-20
2.0340000000000003,-0.9037234099196463,1.7222370985262995e-19,1.0381861570009754,-0.6860232687596773,3.2291758406612143e-18,-0.00990211356454099,0.9969836065356099,8.666284412876043e-20,0.0776124236140513,1.5954321580296557e-20
2.036,-0.9050922577419597,1.7867765465603785e-19,1.038166281603512,-0.6828247412945426,3.2245737682303004e-18,-0.009973254495942496,0.9969858424407231,1.0543245242582287e-19,0.07758369656545573,1.7007479466162558e-20
2.0380000000000003,-0.9064547103291262,1.8512209502113539e-19,1.038146263848707,-0.6796280394379767,3.2198890165414977e-18,-0.010044470005498582,0.9969881468654077,1.0202380030941935e-19,0.07755407797066113,1.7031687635989477e-20
2.04,-0.9078107713664698,1.9155730117836184e-19,1.0381261035950278,-0.6764331972396768,3.215339453761831e-18,-0.010115752479253524,0.9969905190482016,9.857813877783853e-20,0.07752357659445776,1.637226372914218e-20
2.0420000000000003,-0.9091604446070657,1.979835428389993e-19,1.0381058007160973,-0.6732402484010641,3.2109244145158306e-18,-0.010187094376343131,0.9969929582291361,9.517509320202933e-20,0.07749220116576404,1.6054512980183766e-20
2.044,-0.9105037338710447,2.0440108838720567e-19,1.0380853551005462,-0.6700492262768268,3.2066432354221425e-18,-0.010258488228952096,0.996995463649812,9.184113123943953e-20,0.07745996037757666,1.641925943623381e-20
2.0460000000000003,-0.9118406430449015,2.1081020488001028e-19,1.0380647666518688,-0.6668601638764626,3.2024952536394507e-18,-0.01032992664226233,0.9969980345534735,8.849647566985777e-20,0.07742686288692223,1.6440807270281864e-20
2.048,-0.9131711760808062,2.1721115805266805e-19,1.038044035288275,-0.6636730938658209,3.198479810684498e-18,-0.010401402294392433,0.9970006701850818,8.516762246027027e-20,0.07739291731481072,1.646161143677706e-20
2.05,-0.914495336995918,2.2360421232745087e-19,1.0380231609425463,-0.6604880485686447,3.1945962517637006e-18,-0.010472907936328456,0.9970033697913865,8.185450780868858e-20,0.0773581322461907,1.6481679660219356e-20
2.052,-0.9158131298717029,2.2998963082034806e-19,1.0380021435618891,-0.6573050599681128,3.1908439254738248e-18,-0.010544436391846067,0.997006132620996,7.85040172829314e-20,0.07732251622990609,1.5817753149855282e-20
2.054,-0.917124558853254,2.3636767535067427e-19,1.0379809831077897,-0.6541241597083798,3.187222186625629e-18,-0.010615980557424328,0.9970089579244465,7.516916042596825e-20,0.07728607777865476,1.5154326211159467e-20
2.056,-0.9184296281486147,2.427386064511808e-19,1.0379596795558688,-0.650945379096117,3.183730393688586e-18,-0.010687533402151124,0.9970118449542698,7.182340984327033e-20,0.07724882536894874,1.4150172809602278e-20
2.058,-0.919728342028106,2.4910268337666625e-19,1.0379382328957363,-0.6477687491020531,3.180367911361454e-18,-0.010759087967620502,0.9970147929650589,6.844021731032412e-20,0.07721076744107612,1.2464474839674066e-20
2.06,-0.9210207048236556,2.5546016411925163e-19,1.0379166431308464,-0.6445943003625124,3.177134110740729e-18,-0.010830637367821964,0.9970178012135342,6.504611468937724e-20,0.07717191239906454,1.0440491060735113e-20
2.062,-0.9223067209281305,2.618113054174537e-19,1.0378949102783532,-0.6414220631809545,3.1740283679983846e-18,-0.010902174789021923,0.9970208689586062,6.166751756307696e-20,0.07713226861064643,8.420670662579179e-21
2.064,-0.9235863947946732,2.681563627672507e-19,1.037873034368966,-0.6382520675295119,3.1710500640830935e-18,-0.010973693489637398,0.9970239954614388,5.827793575390322e-20,0.07709184440722573,6.063775848912964e-21
2.066,-0.9248597309360405,2.7449559043086384e-19,1.037851015446805,-0.6350843430505274,3.1681985840114825e-18,-0.011045186800102105,0.9970271799855098,5.490375353696677e-20,0.07705064808384644,3.711847935748891e-21
2.068,-0.9261267339239452,2.8082902454186507e-19,1.0378288535692581,-0.6319189190580908,3.165147962062704e-18,-0.011116648122725132,0.9970304217966712,7.356853541727623e-20,0.07700868789916257,1.725799611191189e-21
2.07,-0.9273874083884015,2.871554716513423e-19,1.0378065488068366,-0.6287558245395749,3.161139870189734e-18,-0.011188070931542258,0.9970337201632079,8.673120276389546e-20,0.0769659720754098,8.5250076413574e-22
2.072,-0.9286417590170729,2.9347378089032985e-19,1.037784101243032,-0.62559508815717,3.157155104035984e-18,-0.01125944877216006,0.9970370743558948,9.439142620379598e-20,0.07692250879837871,7.46416805483232e-22
2.074,-0.9298897905546234,2.9978349348217857e-19,1.0377615109741734,-0.6224367382494185,3.1524350997203024e-18,-0.011330775261593028,0.9970404836480532,1.0741617470436629e-19,0.0768783062173896,-4.625420612735652e-22
2.076,-0.9311315078020715,3.0608332351927954e-19,1.0377387781092842,-0.6192808028327476,3.1472007485825973e-18,-0.011402044088093673,0.9970439473156062,1.3668606810193982e-19,0.0768333724452688,-3.954747867103659e-21
2.078,-0.9323669156161482,3.1237116007875416e-19,1.0377159027699405,-0.616127309603002,3.140695498462052e-18,-0.011473249010975883,0.9970474646371316,1.3860337508689706e-19,0.07678771555832667,-3.961197336334219e-21
2.08,-0.9335960189086563,3.186469618076201e-19,1.037692885090129,-0.6129762859369748,3.1352019533721235e-18,-0.011544383860431598,0.9970510348939153,1.2955208169267678e-19,0.07674134359633697,-3.811107916141809e-21
2.082,-0.9348188226458349,3.2491144596376637e-19,1.037669725216105,-0.609827758893938,3.129413790442867e-18,-0.01161544253734094,0.9970546573700027,1.0961070019656083e-19,0.07669426456251796,-2.8216375111391345e-21
2.084,-0.9360353318477254,3.3116586845564885e-19,1.0376464233062515,-0.6066817552171714,3.1251759822415106e-18,-0.011686419013075927,0.9970583313522479,8.976416437041917e-20,0.07664648642351482,-1.4937731917707981e-21
2.086,-0.9372455515875406,3.3741166015461705e-19,1.0376229795309384,-0.6035383013354907,3.120420822014707e-18,-0.011757307329297901,0.9970620561303641,1.1919649411366296e-19,0.07659801710938373,-4.296565829120277e-21
2.088,-0.9384494869910383,3.436469919018136e-19,1.0375993940723827,-0.6003974233647745,3.114933833232567e-18,-0.011828101597748792,0.9970658309969712,1.2136679359187894e-19,0.0765488645135774,-2.2548379310872424e-21
2.09,-0.9396471432358959,3.49871561539423e-19,1.0375756671245073,-0.5972591471094904,3.1095864800398077e-18,-0.01189879600003633,0.9970696552476421,1.2902021777006534e-19,0.07649903649293209,-2.9614081531251933e-22
2.092,-0.9408385255510902,3.56084779539131e-19,1.0375517988928025,-0.5941234980642187,3.1036184860636813e-18,-0.011969384787413358,0.9970735281809487,1.3118439872528376e-19,0.07644854086765608,2.0771685313774094e-21
2.094,-0.9420236392162779,3.62286419489698e-19,1.0375277895941868,-0.5909905014151765,3.0980084898626987e-18,-0.012039862280551311,0.9970774490985067,1.3331289514181473e-19,0.07639738542131966,4.1034253678761696e-21
2.096,-0.9432024895611815,3.6847618346050063e-19,1.0375036394568677,-0.5878601820417394,3.0915617569612834e-18,-0.012110222869308076,0.9970814173050186,1.626203903820521e-19,0.07634557790084653,1.979089384654257e-21
2.098,-0.9443750819649765,3.7465189481963765e-19,1.0374793487202045,-0.5847325645179621,3.08395679794357e-18,-0.01218046101249023,0.9970854321083166,1.9178900202786926e-19,0.0762931260165067,-1.3502118422055182e-22
2.1,-0.9455414218556827,3.808112428693054e-19,1.0374549176345698,-0.5816076731140979,3.075199363563453e-18,-0.012250571237609876,0.9970894928194034,2.207932077802335e-19,0.07624003744191075,-2.580640627465818e-21
2.102,-0.9467015147095575,3.8695192838813106e-19,1.0374303464612127,-0.5784855317981168,3.0652951784444982e-18,-0.012320548140636144,0.9970935987524928,2.4968595924261175e-19,0.07618631981400563,-4.674110770337378e-21
2.104,-0.9478553660504936,3.930716635750991e-19,1.0374056354721224,-0.575366164237222,3.0542499387004438e-18,-0.012390386385741494,0.9970977492250489,2.784679375835693e-19,0.0761319807330717,-6.4151004788562596e-21
2.106,-0.9490029814494183,3.9916828041900725e-19,1.0373807849498913,-0.5722495937993649,3.042394595380006e-18,-0.012460080705042906,0.9971019435578237,2.797019491720251e-19,0.07607702776272139,-7.085378209081332e-21
2.108,-0.950144366523697,4.0524171748056403e-19,1.0373557951875803,-0.5691358435547589,3.0310339678905395e-18,-0.01252962589833812,0.9971061810748949,2.7552830493253263e-19,0.07602146842989911,-6.654588485812035e-21
2.11,-0.9512795269365392,4.1129213064653055e-19,1.0373306664885829,-0.5660249362773915,3.0194067964245915e-18,-0.012599016832836969,0.9971104611037017,2.7138766456480663e-19,0.07596531022488251,-5.883128230903477e-21
2.112,-0.952408468396407,4.1732000038705077e-19,1.0373053991664911,-0.5629168944465349,3.0084904110098276e-18,-0.012668248442888004,0.9971147829750798,2.617218376208335e-19,0.07590856060128527,-5.722970838484236e-21
2.114,-0.953531196656428,4.2332580542430037e-19,1.0372799935449615,-0.5598117402482551,2.9971972254196638e-18,-0.012737315729700438,0.9971191460232953,2.795396274290666e-19,0.07585122697606111,-6.2793044549099165e-21
2.116,-0.95464771751381,4.293083231660306e-19,1.0372544499575815,-0.5567094955769191,2.9852036720781558e-18,-0.012806213761061584,0.9971235495860781,2.9722120957688594e-19,0.07579331672950923,-7.514266458124053e-21
2.118,-0.9557580368092586,4.352661563594807e-19,1.0372287687477366,-0.5536101820367008,2.9725132321177596e-18,-0.01287493767104984,0.9971279930046539,3.1481894711445115e-19,0.07573483720528106,-8.743732030508831e-21
2.12,-0.9568621604263995,4.411979147001475e-19,1.0372029502684779,-0.5505138209430853,2.959129371766345e-18,-0.012943482659743356,0.9971324756237755,3.322813640419902e-19,0.07567579571038834,-1.0650691954974638e-20
2.122,-0.9579600942912013,4.47102214803469e-19,1.0371769948823908,-0.5474204333243711,2.9450555462340275e-18,-0.013011843992924526,0.9971369967917524,3.49608834191136e-19,0.07561619951521255,-1.3234371780323742e-20
2.124,-0.9590518443714038,4.529777886055487e-19,1.0371509029614638,-0.5443300399231706,2.9305120368494126e-18,-0.013080017001780311,0.9971415558604806,3.4514175664962835e-19,0.07555605585351562,-1.2100659705123108e-20
2.126,-0.9601374166759473,4.588248919343869e-19,1.0371246748869576,-0.5412426611979096,2.916584843986356e-18,-0.013147997082598615,0.9971461521854709,3.40735031170234e-19,0.07549537192245193,-1.0630406155254596e-20
2.128,-0.9612168172544061,4.646438510668805e-19,1.0370983110492757,-0.5381583173243238,2.9024039239060827e-18,-0.013215779696460721,0.9971507851258756,3.416481379314779e-19,0.07543415488258166,-1.1627296290907713e-20
2.13,-0.9622900521964246,4.704347023304802e-19,1.0370718118478348,-0.5350770281969545,2.8885131468201346e-18,-0.013283360368929952,0.9971554540445159,3.424531772613399e-19,0.07537241185788537,-1.3989419062296748e-20
2.132,-0.9633571276311562,4.761974462220342e-19,1.0370451776909362,-0.5319988134306417,2.8742604471947228e-18,-0.013350734689736622,0.9971601583079068,3.3778658491953816e-19,0.07531014993577988,-1.5932729543481067e-20
2.134,-0.9644180497267056,4.819321918969014e-19,1.037018408995638,-0.5289236923620161,2.860406375164749e-18,-0.01341789831245937,0.9971648972862819,3.498524238853894e-19,0.07524737616713531,-1.50108853701463e-20
2.136,-0.9654728246895738,4.876382163347536e-19,1.0369915061876276,-0.5258516840509885,2.8456479938637004e-18,-0.013484846954203046,0.9971696703536171,3.4556371757234946e-19,0.07518409756629359,-1.1484936347300145e-20
2.138,-0.9665214587641063,4.9331581195788085e-19,1.0369644697010945,-0.5227828072822376,2.8319413597270223e-18,-0.013551576395273135,0.997174476887654,3.358679410849047e-19,0.07512032111108796,-6.871041527633654e-21
2.14,-0.9675639582319437,4.989654874138515e-19,1.0369372999786053,-0.5197170805666957,2.8176552346674964e-18,-0.013618082478846905,0.9971793162699213,3.534517651354893e-19,0.07505605374286389,-5.696157011093689e-21
2.142,-0.9686003294114762,5.045864114657926e-19,1.0369099974709772,-0.5166545221430326,2.803335046143584e-18,-0.013684361110641363,0.9971841878857564,3.434371721910259e-19,0.07499130236650109,-4.855547671736222e-21
2.144,-0.9696305786573001,5.10179094863373e-19,1.036882562637154,-0.5135951499791372,2.7894142654028215e-18,-0.013750408258578048,0.9971890911243255,3.3347008424295215e-19,0.07492607385043679,-4.0189356182227366e-21
2.146,-0.970654712359678,5.157443344512067e-19,1.0368549959440816,-0.5105389817735972,2.7758909225465523e-18,-0.013816219952444843,0.9971940253786437,3.2355029929905283e-19,0.07486037502669023,-3.1862948466079746e-21
2.148,-0.9716727369440019,5.212829231431306e-19,1.0368272978665845,-0.5074860349571769,2.7627630580290454e-18,-0.013881792283554822,0.9971989900455925,3.136518969602595e-19,0.07479421269088835,-2.6992944550796374e-21
2.15,-0.9726846588702585,5.267956499481064e-19,1.0367994688872437,-0.5044363266942925,2.750028727131205e-18,-0.01394712140440232,0.9972039845259396,3.037233963813558e-19,0.07472759360229259,-3.2400887302117978e-21
2.152,-0.9736904846324981,5.3228330000396e-19,1.0367715094962744,-0.5013898738844855,2.7376860025351905e-18,-0.014012203528316152,0.997209008224354,2.9381593945394327e-19,0.07466052448382693,-4.12322198365597e-21
2.154,-0.9746902207583066,5.377466546071458e-19,1.0367434201914043,-0.498346693163894,2.7257329700327012e-18,-0.014077034929110286,0.9972140605494236,2.8395494829859905e-19,0.07459301202210704,-5.006160126672649e-21
2.156,-0.97568387380828,5.431864912363603e-19,1.0367152014777534,-0.49530680090672174,2.7141677254579854e-18,-0.014141611940731862,0.9972191409136707,2.741402323801637e-19,0.07452506286747061,-5.888481273609257e-21
2.158,-0.9766714503755021,5.486035835707464e-19,1.036686853867714,-0.49227021322670483,2.702988373567197e-18,-0.014205930956906771,0.997224248733566,2.644226386846536e-19,0.07445668363400887,-6.087159378819243e-21
2.16,-0.9776529570850246,5.539987015031841e-19,1.0366583778808316,-0.48923694597857637,2.692193022093572e-18,-0.014269988430782811,0.9972293834295431,2.5472533450125943e-19,0.07438788089959911,-6.6289323353174214e-21
2.162,-0.9786284005933514,5.593726111529491e-19,1.0366297740436858,-0.4862070147595287,2.6817797937469992e-18,-0.014333780874570566,0.9972345444260126,2.4492055466104967e-19,0.07431866120593845,-9.221111207595238e-21
2.164,-0.979597787587924,5.647258581103919e-19,1.0366010428897736,-0.4831804349106736,2.6713132323765075e-18,-0.014397304859182,0.9972397311513727,2.681440412554829e-19,0.07424903105857869,-1.1862104139450056e-20
2.166,-0.9805611247866115,5.700570341650837e-19,1.0365721849593916,-0.48015722151849966,2.6599264183134973e-18,-0.014460557013866976,0.9972449430380229,2.6427646842261867e-19,0.07417899692696214,-7.673498105990479e-21
2.168,-0.9815184189372025,5.75366364220793e-19,1.0365432007995197,-0.477137389416328,2.6494671848662844e-18,-0.014523534025847645,0.9972501795223743,2.5469374799088105e-19,0.07410856524445879,-6.504846827826912e-21
2.17,-0.9824696768169002,5.806542899255262e-19,1.0365140909637058,-0.474120953185765,2.6383049698289746e-18,-0.014586232639950916,0.9972554400448598,2.778090216604966e-19,0.07403774240840429,-9.828126866711766e-21
2.172,-0.9834149052318208,5.859192993870854e-19,1.036484856011951,-0.47110792715815314,2.626660067761357e-18,-0.014648649658238972,0.997260724049944,2.8464026987788056e-19,0.07396653478013922,-8.84595365170595e-21
2.174,-0.984354111016494,5.911607553321268e-19,1.0364554965105954,-0.4680983254160187,2.6147516626237468e-18,-0.014710781939637999,0.9972660309861325,2.91414214787472e-19,0.07389494868504928,-8.206411311054844e-21
2.176,-0.9852873010333667,5.963781320593254e-19,1.0364260130322043,-0.46509216179451807,2.6025810570880625e-18,-0.014772626399565152,0.9972713603059802,2.9818175357514293e-19,0.07382299041260665,-7.225657817042475e-21
2.178,-0.9862144821723103,6.015709064612304e-19,1.0363964061554563,-0.46208944988288064,2.590149542184453e-18,-0.014834180009553858,0.9972767114660982,3.049936440081461e-19,0.07375066621641228,-5.221063383552782e-21
2.18,-0.9871356613501299,6.067385579963803e-19,1.0363666764650312,-0.45909020302584963,2.5774583925399425e-18,-0.014895439796877543,0.9972820839271618,3.1182466000324207e-19,0.07367798231423929,-2.5367973705217565e-21
2.182,-0.9880508455100765,6.118805686577031e-19,1.0363368245514988,-0.4560944343251204,2.5645088690674754e-18,-0.014956402844171818,0.9972874771539162,3.185990674457566e-19,0.07360494488807737,-1.9966792274518186e-22
2.184,-0.988960041621363,6.169964229563982e-19,1.0363068510112081,-0.45310215664077613,2.551302230619624e-18,-0.015017066289055251,0.9972928906151827,3.252918388007277e-19,0.07353156008417822,1.4502229634192022e-21
2.186,-0.9898632566786819,6.220856079201039e-19,1.036276756446179,-0.450113382592721,2.5378397356279892e-18,-0.015077427323748754,0.9972983237838632,3.319787462849737e-19,0.07345783401310196,3.438889214112147e-21
2.188,-0.9907604977017266,6.271476130896094e-19,1.0362465414639923,-0.4471281245621106,2.5241226348168557e-18,-0.015137483194693683,0.9973037761369454,3.386096413815648e-19,0.07338377274976458,5.082447672009848e-21
2.19,-0.9916517717347151,6.321819304983183e-19,1.0362162066776819,-0.44414639469278,2.510152173591341e-18,-0.015197231202168697,0.9973092471555061,3.4523494165474953e-19,0.07330938233348633,7.064782043595486e-21
2.192,-0.9925370858459169,6.371880546648019e-19,1.0361857527056277,-0.44116820489266906,2.4959295895377197e-18,-0.015256668699905501,0.9973147363247146,3.518547848221713e-19,0.07323466876804113,9.385077546161987e-21
2.194,-0.9934164471271831,6.4216548257299e-19,1.0361551801714493,-0.438193566835245,2.4814561107679045e-18,-0.015315793094703468,0.9973202431338354,3.5841906763130536e-19,0.07315963802170694,1.135904259930415e-20
2.196,-0.9942898626934781,6.471137136581675e-19,1.0361244897038995,-0.43522249196092244,2.4667329623998908e-18,-0.015374601846043268,0.9973257670762303,3.6492791713090805e-19,0.07308429602731707,1.2987496022083295e-20
2.198,-0.9951573396824153,6.52032249804853e-19,1.0360936819367603,-0.4322549914784805,2.4517613666815412e-18,-0.01543309246569954,0.9973313076493601,3.7143167480870343e-19,0.07300864868231248,1.4954735492378445e-20
2.2,-0.9960188852537951,6.569205953325584e-19,1.0360627575087378,-0.4292910763664775,2.436542537047292e-18,-0.015491262517352677,0.9973368643547849,3.7793042458470036e-19,0.07293270184879498,1.7259950392062736e-20
2.202,-0.9968745065891463,6.617782569789469e-19,1.0360317170633593,-0.4263307573746627,2.421077676499198e-18,-0.015549109616199822,0.9973424366981652,3.844243020248565e-19,0.0728564613535814,1.990232831106976e-20
2.204,-0.9977242108912694,6.66604743877361e-19,1.0360005612488705,-0.4233740450253851,2.405367979785854e-18,-0.015606631428565082,0.9973480241892618,3.908384980823675e-19,0.07277993298825865,2.1856217280750922e-20
2.206,-0.9985680053837833,6.713995675501189e-19,1.0359692907181337,-0.42042094961500004,2.3894146418382396e-18,-0.015663825671509066,0.9973536263419341,3.9714819545539473e-19,0.07270312250923971,2.278068500420363e-20
2.208,-0.999405897310675,6.761622419138932e-19,1.0359379061285268,-0.4174714812152721,2.3732188626111283e-18,-0.015720690112437825,0.99735924267414,4.034532797110174e-19,0.0726260356378206,2.4044781738808164e-20
2.21,-1.0002378939358512,6.80892283281274e-19,1.0359064081418425,-0.4145256496747761,2.3567818351084718e-18,-0.015777222568711197,0.9973648727079333,4.097042269767557e-19,0.07254867806023801,2.4965391676014016e-20
2.212,-1.0010640025426942,6.855892103447262e-19,1.0358747974241898,-0.41158346462029455,2.3401047491815044e-18,-0.015833420907250675,0.9973705159694621,4.1590109928966726e-19,0.07247105542772819,2.5542924750445354e-20
2.214,-1.001884230433619,6.902525441773284e-19,1.0358430746458938,-0.40864493545821245,2.3231887943749075e-18,-0.015889283044146812,0.9973761719889659,4.220689265162581e-19,0.07239317335658638,2.611994776858964e-20
2.216,-1.0026985849296344,6.94881808225433e-19,1.0358112404813993,-0.40571007137590925,2.3060351531889163e-18,-0.01594480694426627,0.9973818403007717,4.2818303418855605e-19,0.07231503742822726,2.6353878888024255e-20
2.218,-1.0035070733699054,6.994765282983351e-19,1.0357792956091727,-0.4027788813431478,2.2886450087242464e-18,-0.015999990620858544,0.9973875204432912,4.341691768812303e-19,0.07223665318924628,2.5221053652835534e-20
2.22,-1.0043097031113208,7.040362325806868e-19,1.0357472407116057,-0.39985137411346044,2.271019554490291e-18,-0.016054832135162414,0.9973932119590156,4.400771816595563e-19,0.0721580261514818,2.340905564408294e-20
2.222,-1.0051064815280615,7.085604516481134e-19,1.0357150764749201,-0.39692755822553194,2.25315998350777e-18,-0.016109329596012183,0.997398914394512,4.459815542835298e-19,0.07207916179207806,2.1943972995812315e-20
2.224,-1.0058974160111713,7.13048718453443e-19,1.0356828035890726,-0.39400744200457966,2.235067482102168e-18,-0.016163481159443792,0.9974046273004172,4.51857619826896e-19,0.07200006555354901,2.0483617821754417e-20
2.226,-1.0066825139681328,7.175005683177109e-19,1.035650422747661,-0.3910910335637306,2.2167432307306214e-18,-0.016217285028300808,0.9974103502314328,4.577302085916948e-19,0.07192074284384302,1.9369335773232077e-20
2.228,-1.0074617828224435,7.21915538913886e-19,1.0356179346478311,-0.3881783408053955,2.1981884008723852e-18,-0.016270739451840394,0.9974160827463184,4.635993952046633e-19,0.07184119903640822,1.8600300355106118e-20
2.23,-1.0082352300131963,7.262931702468586e-19,1.0355853399901838,-0.38526937142263956,2.179404152070514e-18,-0.016323842725339287,0.9974218244078861,4.694653356964172e-19,0.07176143947025894,1.8175681222083406e-20
2.232,-1.0090028629946621,7.306330046317516e-19,1.035552639478684,-0.38236413290055077,2.1603916368224505e-18,-0.016376593189699817,0.9974275747829925,4.752543084789006e-19,0.07168146945004267,1.7069731028916472e-20
2.234,-1.0097646892358754,7.349345866891766e-19,1.0355198338205698,-0.3794626325176044,2.1411520092104215e-18,-0.016428989231056092,0.9974333334425322,4.810156331604692e-19,0.07160129424610798,1.5968029782072714e-20
2.236,-1.0105207162202214,7.391974633427037e-19,1.0354869237262614,-0.3765648773470249,2.1216864157565564e-18,-0.016481029280380293,0.9974390999614295,4.86774054704498e-19,0.07152091909457316,1.5211523498081328e-20
2.238,-1.0112709514450284,7.434211838021425e-19,1.0354539099092732,-0.3736708742581442,2.101995998551867e-18,-0.016532711813089223,0.9974448739186308,4.924559280741912e-19,0.07144034919739567,1.3773643268925464e-20
2.24,-1.0120154024211603,7.476052995628287e-19,1.0354207930861246,-0.3707806299177577,2.0820818984814098e-18,-0.01658403534865111,0.9974506548970951,4.981105706283333e-19,0.0713595897224423,1.2339969474863525e-20
2.242,-1.012754076672613,7.517493643940111e-19,1.035387573976252,-0.36789415079147586,2.0619452505827048e-18,-0.016634998450192732,0.9974564424837857,5.03762534491501e-19,0.07127864580356015,1.1251869350450013e-20
2.244,-1.013486981736114,7.558529343298231e-19,1.0353542533019222,-0.3650114431450739,2.041587182328381e-18,-0.016685599724106912,0.997462236269661,5.094363422765099e-19,0.07119752254064832,1.0850306127822635e-20
2.246,-1.0142141251607235,7.599155676446446e-19,1.0353208317881468,-0.36213251304583727,2.0210088055718525e-18,-0.01673583781966039,0.9974680358496641,5.15132203042881e-19,0.07111622499973033,1.1134447282820694e-20
2.248,-1.0149355145074386,7.639368248206771e-19,1.0352873101625961,-0.3592573663639045,2.0002112186771016e-18,-0.016785711428602194,0.9974738408227135,5.208500714348572e-19,0.07103475821302738,1.2102259006434807e-20
2.25,-1.0156511573488007,7.679162685263289e-19,1.0352536891555146,-0.35638600877360643,1.9791955083898255e-18,-0.016835219284772454,0.9974796507916918,5.265413333790599e-19,0.0709531271790321,1.3068926995671619e-20
2.2520000000000002,-1.0163610612685057,7.718534635954205e-19,1.0352199694996373,-0.3535184457548026,1.9579627554143187e-18,-0.01688436016371185,0.9974854653634355,5.321574039078258e-19,0.07087133686258332,1.3350452113441007e-20
2.254,-1.017065233861015,7.757479770253079e-19,1.035186151930107,-0.35065468259421395,1.9365140414744516e-18,-0.016933132882271554,0.9974912841487238,5.377713492871199e-19,0.07078939219494125,1.3973447630365564e-20
2.2560000000000002,-1.0177636827311725,7.795993779691217e-19,1.035152237184392,-0.34779472438675235,1.9148504406223403e-18,-0.016981536298223864,0.9974971067622668,5.433590935743264e-19,0.07070729807386361,1.4596103561109766e-20
2.258,-1.0184564154938203,7.834072377210932e-19,1.035118226002204,-0.344938576036847,1.8929730189818307e-18,-0.017029569309873493,0.9975029328226939,5.489933886757981e-19,0.07062505936368227,1.6242609846998043e-20
2.2600000000000002,-1.0191434397734205,7.8717112969403e-19,1.035084119125418,-0.34208624225976725,1.8708828293831146e-18,-0.017077230855669572,0.9975087619525413,5.54577526742068e-19,0.07054268089538066,1.7544930049805015e-20
2.262,-1.0198247632036772,7.908906294007768e-19,1.0350499172979928,-0.33923772758294213,1.848580920530422e-18,-0.01712451991381842,0.9975145937782403,5.600873728920395e-19,0.07046016746667186,1.816085618684302e-20
2.2640000000000002,-1.0205003934271633,7.945653144546751e-19,1.0350156212658905,-0.33639303634727663,1.8260683451546002e-18,-0.017171435501897096,0.9975204279301036,5.655472229540611e-19,0.07037752384207731,1.8433826373017075e-20
2.266,-1.0211703380949475,7.981947645759539e-19,1.0349812317769997,-0.33355217270846443,1.8033461559185037e-18,-0.017217976676467777,0.9975262640423128,5.709573127719374e-19,0.0702947547530062,1.8365052048791385e-20
2.2680000000000002,-1.021834604866226,8.017785615884304e-19,1.0349467495810571,-0.3307151406382973,1.780415406186913e-18,-0.017264142532693063,0.9975321017529046,5.762935913474398e-19,0.07021186489783551,1.761353496485995e-20
2.27,-1.0224932014079555,8.05316289427771e-19,1.0349121754295707,-0.3278819439259712,1.7572771497567833e-18,-0.017309932203952123,0.9975379407037577,5.816285552969099e-19,0.07012885894199074,1.7205516092651592e-20
2.2720000000000002,-1.0231461353944904,8.088075341267967e-19,1.0348775100757437,-0.3250525861793886,1.7339324329903749e-18,-0.017355344861457834,0.9975437805405781,5.869622679144587e-19,0.0700457415180271,1.7140991022366775e-20
2.274,-1.0237934145072196,8.122518838041943e-19,1.0348427542743996,-0.32222707082645774,1.710382294647974e-18,-0.017400379713874887,0.9975496209128855,5.922707896992399e-19,0.06996251722571162,1.7077321433020293e-20
2.2760000000000002,-1.0244350464342098,8.156489286511395e-19,1.0348079087819075,-0.3194054011163882,1.6866277662022484e-18,-0.01744503600693893,0.9975554614739982,5.975782416890416e-19,0.06987919063210558,1.7355506567200143e-20
2.278,-1.025071038869848,8.189982609106307e-19,1.0347729743561083,-0.3165875801209829,1.6626698704566874e-18,-0.017489313023076734,0.9975613018810189,6.028607687227533e-19,0.06979576627164776,1.763372037699747e-20
2.2800000000000002,-1.0257013995144886,8.222994748683818e-19,1.0347379517562412,-0.3137736107359269,1.6385096288403146e-18,-0.017533210081027494,0.9975671417948192,6.080466817508322e-19,0.06971224864623814,1.6887299598103104e-20
2.282,-1.0263261360741023,8.255521668576526e-19,1.0347028417428725,-0.31096349568207227,1.6141480648250501e-18,-0.0175767265354652,0.9975729808800246,6.132079037095429e-19,0.06962864222532235,1.614252576485361e-20
2.2840000000000003,-1.026945256259928,8.287559352534155e-19,1.0346676450778234,-0.3081572375067198,1.5895861974077158e-18,-0.017619861776622194,0.9975788188049987,6.184399877769705e-19,0.06954495144597658,1.676671007896599e-20
2.286,-1.0275587677881262,8.319103804530977e-19,1.0346323625240994,-0.30535483858489704,1.564825027212333e-18,-0.017662615229913938,0.9975846552418278,6.2369541965059415e-19,0.06946118071299313,1.80745506299694e-20
2.2880000000000003,-1.0281666783794368,8.350151048377079e-19,1.03459699484582,-0.30255630112063253,1.5398655392907118e-18,-0.017704986355564938,0.9975904898663046,6.289741449064045e-19,0.0693773343989665,2.0063612787160598e-20
2.29,-1.0287689957588375,8.38069929467859e-19,1.0345615428081503,-0.29976162714822685,1.5151421509560132e-18,-0.017746974648235964,0.9975963223579118,6.012458878494972e-19,0.06929341684438005,2.1937556789253256e-20
2.2920000000000003,-1.029365727655206,8.410766267424909e-19,1.0345260071772315,-0.29697081853351964,1.4915205978070716e-18,-0.01778857963665253,0.997602152399806,5.953364086671e-19,0.06920943235769324,1.954762013460508e-20
2.294,-1.0299568818009843,8.440357320384465e-19,1.034490388720114,-0.29418387697515347,1.4675861189326254e-18,-0.017829800883234714,0.9976079796788007,5.840083187719503e-19,0.06912538521542942,1.7883162661503118e-20
2.2960000000000003,-1.0305424659318456,8.469482471771545e-19,1.0344546882046897,-0.29140080400583357,1.4451829334102307e-18,-0.017870637983728253,0.9976138038853496,5.509026711471854e-19,0.06904127966226414,1.8419911135432166e-20
2.298,-1.0311224877863634,8.498166498990363e-19,1.034418906399626,-0.28862160099358447,1.4232197497685784e-18,-0.01791109056683709,0.9976196247135297,5.508070605074581e-19,0.06895711991111397,1.7020059952583587e-20
2.3000000000000003,-1.0316969551056838,8.526411305100284e-19,1.0343830440743005,-0.28584626914300243,1.401260825683463e-18,-0.017951158293857208,0.9976254418610236,5.506642269263126e-19,0.0688729101432259,1.4940118157696412e-20
2.302,-1.0322658756331997,8.554216975521172e-19,1.0343471019987356,-0.28307480949650454,1.3793061868757963e-18,-0.017990840858312,0.9976312550291023,5.504740818376286e-19,0.06878865450826721,1.2181306790361633e-20
2.3040000000000003,-1.0328292571142277,8.581583596285662e-19,1.0343110809435352,-0.28030722293557414,1.3573558650837081e-18,-0.01803013798558898,0.9976370639226072,5.5028396819743765e-19,0.06870435712441589,9.428523535145522e-21
2.306,-1.0333871072956873,8.608511254078193e-19,1.0342749816798202,-0.2775435101820022,1.3354098967972355e-18,-0.01806904943257805,0.9976428682499326,5.500467139402576e-19,0.06862002207845151,5.998872979616881e-21
2.308,-1.0339394339257832,8.635000036380382e-19,1.0342388049791673,-0.27478367179912544,1.3134683231422576e-18,-0.018107574987311206,0.9976486677230074,5.498329744517476e-19,0.06853565342584672,2.918708515765411e-21
2.31,-1.0344862447536893,8.661050031486221e-19,1.0342025516135458,-0.27202770819306044,1.2915311836550135e-18,-0.018145714468603788,0.9976544620572773,5.496192667304883e-19,0.06845125519085903,-1.538416165495309e-22
2.312,-1.0350275475292354,8.686661328451135e-19,1.034166222355257,-0.2692756196139339,1.2695985162805695e-18,-0.01818346772569728,0.9976602509716858,5.494055366031109e-19,0.06836683136662322,-3.2196037564755318e-21
2.314,-1.0355633500025965,8.71183401712136e-19,1.0341298179768736,-0.2665274061571096,1.247670361200545e-18,-0.018220834637903666,0.9976660341886562,5.491449021271708e-19,0.06828238591524421,-6.961902201584644e-21
2.316,-1.0360936599239847,8.73656818818529e-19,1.0340933392511802,-0.26378306776441096,1.2257467626342241e-18,-0.01825781511425138,0.9976718114340728,5.489545227948702e-19,0.06819792276789037,-9.66982693955343e-21
2.318,-1.0366184850433435,8.760863933123952e-19,1.0340567869511132,-0.26104260422534026,1.203827753334579e-18,-0.018294409093132877,0.9976775824372619,5.488343786198805e-19,0.06811344582488722,-1.1345837733056535e-20
2.32,-1.0371378331100438,8.78472134394863e-19,1.034020161849704,-0.258306015178294,1.1819133547303734e-18,-0.018330616541953837,0.9976833469309728,5.487142558947789e-19,0.06802895895581178,-1.3017973479050852e-20
2.322,-1.0376517118725832,8.808140513069554e-19,1.0339834647200201,-0.2555733001117743,1.1600035875863263e-18,-0.018366437456784002,0.997689104651359,5.4854747575467e-19,0.06794446599958716,-1.5369972580217964e-20
2.324,-1.0381601290782874,8.831121533390738e-19,1.0339466963351085,-0.25284445836559666,1.138098479174826e-18,-0.018401871862009728,0.9976948553379585,5.483806860743041e-19,0.06785997076457764,-1.7716887530011558e-20
2.326,-1.0386630924730142,8.853664498350933e-19,1.0339098574679393,-0.2501194891320935,1.1161980556927615e-18,-0.018436919809988184,0.9977005987336751,5.482837327271798e-19,0.06777547702868433,-1.9032712539034053e-20
2.328,-1.0391606098008594,8.875769501829368e-19,1.0338729488913505,-0.24739839145731443,1.0943023336575462e-18,-0.018471581380703306,0.9977063345847579,5.482100886560335e-19,0.06769098853944101,-2.0003235466401226e-20
2.33,-1.039652688803866,8.897436637965988e-19,1.0338359713779925,-0.24468116424222228,1.0724113228215527e-18,-0.018505856681423485,0.9977120626407824,5.481133105316155e-19,0.06760650901411057,-2.1313430901678827e-20
2.332,-1.0401393372217342,8.91866600110771e-19,1.0337989257002744,-0.24196780624388514,1.0505250369971534e-18,-0.018539745846360953,0.9977177826546307,5.479933670928574e-19,0.06752204213978182,-2.2962485817551765e-20
2.334,-1.0406205627915361,8.9394576859344e-19,1.0337618126303103,-0.23925831607666492,1.0286434956617623e-18,-0.018573249036333013,0.9977234943824714,5.478271465091851e-19,0.06743759157346661,-2.5291065320703004e-20
2.336,-1.0410963732474305,8.959811787597643e-19,1.033724632939866,-0.23655269221340158,1.0067667251668033e-18,-0.018606366438424983,0.99772919758374,5.477071653111869e-19,0.06735316094219757,-2.6930436524398538e-20
2.338,-1.0415667763203813,8.9797284017165e-19,1.0336873874003074,-0.23385093298659382,9.848947445707333e-19,-0.018639098265655,0.9977348920211181,5.476334309033212e-19,0.0672687538431259,-2.788223901395212e-20
2.34,-1.042031779737878,8.999207624219529e-19,1.0336500767825487,-0.23115303658957553,9.63027565009407e-19,-0.01867144475664061,0.997740577460514,5.475597336347924e-19,0.06718437384361992,-2.8831871167830027e-20
2.342,-1.0424913912236586,9.018249551204907e-19,1.0336127018570016,-0.22845900107768857,9.41165193840863e-19,-0.018703406175267195,0.9977462536710422,5.474861318825801e-19,0.06710002448136367,-2.977934008599867e-20
2.344,-1.042945618497435,9.036854278941364e-19,1.033575263393525,-0.22576882436945142,9.193076445763178e-19,-0.01873498281035826,0.9977519204250028,5.472974865555704e-19,0.0670157092644561,-3.243326879695507e-20
2.346,-1.0433944692746202,9.05502190414458e-19,1.0335377621613753,-0.22308250424772388,8.974549457192442e-19,-0.018766174975347584,0.9977575774978616,5.470858461581053e-19,0.06693143167151053,-3.5423668846372704e-20
2.348,-1.043837951266058,9.072752524167504e-19,1.033500198929158,-0.22040003836086797,8.756071326720367e-19,-0.018796983007953214,0.997763224668229,5.468742003360812e-19,0.06684719515175445,-3.8407440693437985e-20
2.35,-1.0442760721777555,9.090046237086345e-19,1.033462574464779,-0.21772142422390464,8.53764241401386e-19,-0.018827407269853415,0.9977688617178396,5.4670841749209955e-19,0.06676300312512976,-4.0699997917285567e-20
2.352,-1.0447088397106177,9.106903141633609e-19,1.0334248895353972,-0.21504665921966667,8.319263010010067e-19,-0.01885744814636446,0.997774488431532,5.465198443881851e-19,0.0666788589823932,-4.332826653425418e-20
2.354,-1.0451362615601838,9.123323337142808e-19,1.033387144907378,-0.21237574059994738,8.100933428608851e-19,-0.01888710604612037,0.9977801045972277,5.46285576715393e-19,0.06659476608521732,-4.663415440209629e-20
2.356,-1.0455583454163666,9.13930692361997e-19,1.0333493413462453,-0.20970866548664546,7.882654047399924e-19,-0.01891638140075456,0.9977857100059098,5.460741546548878e-19,0.06651072776629158,-4.9590349391964044e-20
2.358,-1.0459750989631935,9.154854001841156e-19,1.0333114796166383,-0.20704543087290586,7.664425235966396e-19,-0.018945274664583473,0.9977913044516034,5.458627916007073e-19,0.06642674732942393,-5.253917807174876e-20
2.36,-1.0463865298785509,9.169964673299353e-19,1.0332735604822643,-0.2043860336242564,7.446247345474363e-19,-0.018973786314292095,0.9977968877313533,5.456514627106412e-19,0.06634282804964257,-5.5481061411398e-20
2.362,-1.046792645833929,9.184639040189566e-19,1.0332355847058554,-0.20173047047974046,7.228120728677259e-19,-0.01900191684862149,0.9978024596452044,5.454174370910845e-19,0.06625897317329817,-5.87579206820845e-20
2.364,-1.0471934544941708,9.198877205434728e-19,1.0331975530491246,-0.19907873805304585,7.010045772105394e-19,-0.019029666788058272,0.9978080199961793,5.451833910568791e-19,0.06617518591816621,-6.202745318571898e-20
2.366,-1.0475889635172226,9.212679272751172e-19,1.0331594662727224,-0.1964308328336291,6.792022861754715e-19,-0.019057036674526108,0.9978135685902584,5.44994762886556e-19,0.06609146947354981,-6.460545257748314e-20
2.368,-1.0479791805538858,9.226045346547092e-19,1.033121325136194,-0.19378675118783628,6.574052303527093e-19,-0.01908402707107913,0.9978191052363584,5.447835905666071e-19,0.06600782700038274,-6.751889162751328e-20
2.37,-1.0483641132475727,9.23897553186017e-19,1.0330831303979378,-0.19114648936001924,6.356134443739714e-19,-0.01911063856159741,0.9978246297463111,5.445271432544565e-19,0.06592426163133272,-7.110969055873105e-20
2.372,-1.0487437692340629,9.251472101370909e-19,1.0330448828151642,-0.18851004347364803,6.142603432968877e-19,-0.019136871750484456,0.9978301419348424,5.116050405659901e-19,0.06584077647090504,-7.012958191453922e-20
2.374,-1.049118156141263,9.263556819027317e-19,1.033006583143854,-0.1858774095324192,5.942105426640125e-19,-0.019162727262366654,0.9978356416195509,5.117984434774544e-19,0.06575737459554643,-6.927095158104391e-20
2.376,-1.0494872815889686,9.27523328349902e-19,1.032968232138719,-0.18324858342135994,5.735070858631788e-19,-0.01918820574179481,0.9978411286208865,5.01053082904949e-19,0.06567405905374912,-6.803698397272976e-20
2.378,-1.0498511531886272,9.286510839877192e-19,1.0329298305531622,-0.18062356090792808,5.545360804582864e-19,-0.019213307852947684,0.99784660276213,4.575343705416324e-19,0.0655908328661554,-6.464730350333129e-20
2.38,-1.0502097785431046,9.297418285328027e-19,1.0328913791392391,-0.17800233764310805,5.36205886283924e-19,-0.01923803427933756,0.9978520638693711,4.579623493757944e-19,0.0655076990256621,-6.414764592690471e-20
2.382,-1.0505631652464529,9.307959009610655e-19,1.032852878647619,-0.17538490916250266,5.178639733499409e-19,-0.019262385723517895,0.9978575117714872,4.584558598064858e-19,0.06542466049752561,-6.262420497090455e-20
2.384,-1.0509113208836813,9.31813277893214e-19,1.032814329827547,-0.17277127088742075,4.995103987124541e-19,-0.019286362906792982,0.9978629463001225,4.589699397520692e-19,0.06534172021946695,-6.076285557700726e-20
2.386,-1.051254253030528,9.327939360576302e-19,1.0327757334268073,-0.1701614181259607,4.811452131891025e-19,-0.01930996656892968,0.9978683672896663,4.594822083459917e-19,0.0652588811017772,-5.890592331090112e-20
2.388,-1.051591969253235,9.33737852283469e-19,1.0327370901916866,-0.16755534607408976,4.627684695460537e-19,-0.01933319746787122,0.9978737745772319,4.599478890165477e-19,0.06517614602742305,-5.773644062210697e-20
2.39,-1.0519244771083252,9.346450035123194e-19,1.0326984008669373,-0.1649530498167193,4.44380224639228e-19,-0.019356056379453083,0.9978791680026353,4.604341273681927e-19,0.06509351785215273,-5.62277943686402e-20
2.392,-1.052251784142381,9.355153667955966e-19,1.032659666195743,-0.1623545243287757,4.259805325607389e-19,-0.0193785440971209,0.9978845474083738,4.609631830568874e-19,0.06501099940460194,-5.403885267919377e-20
2.394,-1.0525738978918258,9.36348919287918e-19,1.0326208869196827,-0.15975976447626736,4.0756944037449863e-19,-0.0194006614316505,0.9978899126396048,4.615350666639262e-19,0.06492859348640019,-5.117042012548916e-20
2.396,-1.0528908258827068,9.371456382269474e-19,1.0325820637786967,-0.1571687650173472,3.8914698407534906e-19,-0.01942240921087,0.9978952635441243,4.62172040216022e-19,0.06484630287227729,-4.7282175131402006e-20
2.398,-1.0532025756304804,9.379056092503535e-19,1.032543197511053,-0.15458152060337127,3.7103821110861267e-19,-0.019443788279383957,0.9979005999723458,4.352741428172029e-19,0.06476413031016998,-4.4360646134076916e-20
2.4,-1.0535091546397999,9.386306866201257e-19,1.032504288853314,-0.15199802577995292,3.539996076185333e-19,-0.01946479949829967,0.9979059217772791,4.356946702388457e-19,0.06468207852132882,-4.596156434851717e-20
2.402,-1.0538105704043053,9.393210176445207e-19,1.0324653385403035,-0.1494182749880129,3.3640013875530114e-19,-0.019485443744955498,0.9979112288145088,4.2522785146169745e-19,0.06460015020042521,-4.6166328370465724e-20
2.404,-1.054106830406414,9.399774337525692e-19,1.0324263473050745,-0.14684226256482527,3.200843665069755e-19,-0.019505721912651323,0.9979165209421732,4.0393452003842264e-19,0.06451834801565873,-4.4638849481325794e-20
2.406,-1.0543979421171157,9.40601195429461e-19,1.0323873158788777,-0.14426998274505892,3.0352819152098805e-19,-0.019525634910381097,0.997921798020943,4.2653745172529006e-19,0.06443667460886443,-4.5949781643127165e-20
2.408,-1.0546839129957675,9.41190954820111e-19,1.0323482449911303,-0.14170142966181512,2.860827884662299e-19,-0.019545183662567463,0.9979270599140003,4.490111345489113e-19,0.06435513259562056,-4.7595714763468616e-20
2.41,-1.0549647504898918,9.417449378895416e-19,1.0323091353693858,-0.13913659734766065,2.6775257551350847e-19,-0.019564369108798496,0.9979323064870169,4.713120523048723e-19,0.06427372456535621,-5.0259779621967987e-20
2.412,-1.055240462034977,9.422614877645113e-19,1.0322699877393033,-0.13657547973565679,2.488669710703512e-19,-0.019583192203566534,0.9979375376081338,4.662387235543863e-19,0.06419245308145932,-4.978479178904202e-20
2.414,-1.0555110550542783,9.427408693892743e-19,1.0322308028246183,-0.134018070660384,2.3062027985108515e-19,-0.01960165391600912,0.9979427531479396,4.556302568707951e-19,0.06411132068138473,-5.032761120215043e-20
2.416,-1.055776536958623,9.431841047623472e-19,1.0321915813471136,-0.1314643638589624,2.1279253110383951e-19,-0.019619755229652015,0.9979479529794496,4.2869252862403917e-19,0.06403032987676242,-4.9475541912046496e-20
2.418,-1.0560369151462157,9.435930772317878e-19,1.0321523240265906,-0.12891435297206802,1.9624819520773133e-19,-0.01963749714215434,0.9979531369780849,4.1853798766330823e-19,0.06394948315350588,-4.5921232264161346e-20
2.42,-1.0562921970024468,9.43968613365287e-19,1.0321130315808418,-0.12636803154494478,1.7913919556853321e-19,-0.01965488066505581,0.9979583050216508,4.301205781226035e-19,0.06386878297192063,-4.6857031642203145e-20
2.422,-1.0565423898997028,9.443098746784824e-19,1.0320737047256228,-0.12382539302841213,1.6211818777682565e-19,-0.01967190682352607,0.9979634569903169,4.3066137358172995e-19,0.06378823176681288,-4.777325801557433e-20
2.424,-1.056787501197178,9.446167845626331e-19,1.0320343441746254,-0.12128643077986857,1.4486009766337486e-19,-0.01968857665611611,0.9979685927665947,4.256931385816985e-19,0.06370783194759831,-4.867864366554472e-20
2.426,-1.0570275382406888,9.448897732851936e-19,1.0319949506394512,-0.1187511380642908,1.2812465043489454e-19,-0.019704891214511813,0.9979737122353178,4.262631243692345e-19,0.06362758589841098,-4.924797530699113e-20
2.428,-1.0572625083624905,9.451288363260676e-19,1.0319555248295857,-0.1162195080552286,1.10934436018421e-19,-0.019720851563289576,0.997978815283621,4.323454831257102e-19,0.06354749597821234,-4.948079469952162e-20
2.43,-1.0574924188810944,9.453335721546687e-19,1.0319160674523722,-0.11369153383579549,9.372540346614095e-20,-0.019736458779674036,0.9979839018009187,4.438922722667997e-19,0.0634675645209004,-4.971818544239839e-20
2.432,-1.0577172771010885,9.455030038217331e-19,1.0318765792129871,-0.11116720839965502,7.563063466621912e-20,-0.01975171395329788,0.9979889716788852,4.553846330681278e-19,0.06338779383541893,-4.995249135541332e-20
2.434,-1.05793709031296,9.4563633926135e-19,1.0318370608144158,-0.10864652465200289,5.773786870308704e-20,-0.01976661818596375,0.9979940248114332,4.558142481768175e-19,0.06330818620586688,-5.0514976465756487e-20
2.436,-1.0581518657929179,9.457334405993365e-19,1.0317975129574277,-0.10612947541054467,3.9396632739579e-20,-0.019781172591408262,0.9979990610946935,4.562938827292977e-19,0.0632287438916078,-5.005054658014815e-20
2.438,-1.0583616108027207,9.45794315740256e-19,1.0317579363405533,-0.10361605340646926,2.1583820785494868e-20,-0.01979537829506807,0.9980040804269943,4.459277483144614e-19,0.06314946912737937,-4.7526765777098024e-20
2.44,-1.0585663325895034,9.458197299389016e-19,1.0317183316600604,-0.10110625128541811,3.971468227212867e-21,-0.019809236433848038,0.9980090827088407,4.301831595769914e-19,0.06307036412340306,-4.3981214970380143e-20
2.442,-1.0587660383856072,9.458108054195466e-19,1.031678699609932,-0.09860006160845006,-1.2899926713022341e-20,-0.019822748155891502,0.9980140678428945,4.361755516534425e-19,0.06299143106549379,-4.559220558325867e-20
2.444,-1.058960735408412,9.457672859246511e-19,1.0316390408818437,-0.0960974768530019,-3.065951053767721e-20,-0.019835914620352595,0.9980190357339531,4.47558986280164e-19,0.06291267211516983,-4.857057458417265e-20
2.446,-1.0591504308601698,9.45688410530895e-19,1.0315993561651418,-0.09359848941384469,-4.821935124718999e-20,-0.019848736997170636,0.9980239862889301,4.426451391906832e-19,0.06283408940976261,-4.7769515838110627e-20
2.448,-1.0593351319278401,9.455743969447805e-19,1.0315596461468224,-0.09110309160403562,-6.568961228432009e-20,-0.019861216466846625,0.998028919416834,4.268243957635268e-19,0.06275568506252661,-4.6282944024572066e-20
2.45,-1.0595148457829275,9.454265074735016e-19,1.03151991151151,-0.08861127565586577,-8.209573309539072e-20,-0.01987335422022177,0.9980338350287491,4.1101410349732464e-19,0.06267746116274947,-4.5828211613668776e-20
2.452,-1.0596895795813215,9.452458539663765e-19,1.0314801529414375,-0.08612303372180331,-9.863478086786252e-20,-0.01988515145825809,0.9980387330378144,4.227366795000486e-19,0.06259941977586196,-4.572754157497801e-20
2.454,-1.0598593404631371,9.450316644027174e-19,1.0314403711164257,-0.08363835787543261,-1.1563142515715027e-19,-0.019896609391821075,0.998043613359204,4.343610046699139e-19,0.06252156294354815,-4.630854615923206e-20
2.456,-1.0600241355525586,9.447830258662851e-19,1.0314005667138642,-0.08115724011238888,-1.330833905419471e-19,-0.019907729241464407,0.998048475910107,4.459517161556887e-19,0.06244389268385555,-4.6544459653509024e-20
2.458,-1.0601839719576844,9.444990299797308e-19,1.0313607404086917,-0.07867967235128856,-1.509884154771385e-19,-0.019918512237216714,0.9980533206097076,4.575304738767046e-19,0.06236641099130535,-4.60941198208483e-20
2.46,-1.060338856770374,9.441787728698996e-19,1.0313208928733781,-0.07620564643465536,-1.6934425606751802e-19,-0.019928959618370393,0.9980581473791653,4.690974869549264e-19,0.062289119837002645,-4.495875868403792e-20
2.462,-1.0604887970660963,9.438215717942418e-19,1.031281024777905,-0.07373515412984194,-1.878236953676739e-19,-0.019939072633272416,0.998062956141595,4.531864584988048e-19,0.06221202116874673,-4.3143680332955e-20
2.464,-1.060633799903781,9.434282642489374e-19,1.0312411367897487,-0.0712681871299474,-2.0534281163517832e-19,-0.019948852539117254,0.9980677468220476,4.373807191422442e-19,0.06213511691114142,-4.0650051049376884e-20
2.466,-1.0607738723256699,9.430004054554545e-19,1.0312012295738624,-0.06880473705473025,-2.223393343247707e-19,-0.019958300601741738,0.9980725193474898,4.106852527687461e-19,0.06205840896570539,-3.7825374138171424e-20
2.468,-1.0609090213571721,9.425399412810298e-19,1.0311613037926592,-0.06634479545151721,-2.38165689039891e-19,-0.019967418095422004,0.9980772736467851,4.1128504278236053e-19,0.06198189921098257,-3.979053126821005e-20
2.47,-1.0610392540067197,9.420467863415708e-19,1.0311213601059956,-0.06388835379610756,-2.55102206982363e-19,-0.01997620630267244,0.9980820096506744,4.283270453778765e-19,0.061905589502652486,-4.208595720189455e-20
2.472,-1.0611645772656255,9.415198449799103e-19,1.0310813991711547,-0.061435403493673296,-2.718432474812486e-19,-0.01998466651404662,0.9980867272917563,4.2906280695279805e-19,0.06182948167364069,-4.027676495576505e-20
2.474,-1.0612849981079429,9.409589660531118e-19,1.0310414216428305,-0.05898593587965479,-2.8903975707029645e-19,-0.019992800027940252,0.9980914265044679,4.2983821515429817e-19,0.06175357753422917,-3.778777835405166e-20
2.476,-1.061400523490327,9.403643241536297e-19,1.031001428173113,-0.05653994222065224,-3.0538954577876294e-19,-0.020000608150396126,0.9980961072250659,3.976295809195228e-19,0.06167787887216675,-3.566764001099853e-20
2.478,-1.061511160351898,9.397382595441391e-19,1.0309614194114725,-0.054097413715312764,-3.204634751642164e-19,-0.020008092194911058,0.9981007693916069,3.6555251878666683e-19,0.061602387452779475,-3.3899243599945866e-20
2.48,-1.0616169156141064,9.390833176458709e-19,1.0309213960047445,-0.051658341495213096,-3.342678382030991e-19,-0.020015253482244803,0.9981054129439288,3.3364854867542986e-19,0.06152710501908107,-3.179851835587642e-20
2.482,-1.0617177961805992,9.38401922994504e-19,1.0308813585971166,-0.049222716625738044,-3.4702555362035767e-19,-0.020022093340230942,0.9981100378236325,3.2365805000924366e-19,0.061452033291883305,-3.310920959178727e-20
2.484,-1.0618138089370892,9.376950802015093e-19,1.0308413078301135,-0.046790530106954525,-3.5982452709198467e-19,-0.020028613103589738,0.9981146439740615,3.1919452532777864e-19,0.06137717396990638,-3.441230120875071e-20
2.486,-1.0619049607512243,9.36962959833539e-19,1.0308012443425838,-0.044361772874481335,-3.723393704071565e-19,-0.020034814113742968,0.9981192313402846,3.256331723339696e-19,0.06130252872988931,-3.741238280802758e-20
2.488,-1.06199125847246,9.362051172213416e-19,1.0307611687706866,-0.04193643580035454,-3.8554655871566864e-19,-0.020040697718630675,0.9981237998690767,3.3199826362683228e-19,0.06122809922670028,-4.108837407542343e-20
2.49,-1.062072708931933,9.35421182282903e-19,1.0307210817478787,-0.03951450969388856,-3.982508575020426e-19,-0.020046265272529906,0.9981283495089003,3.111469433376377e-19,0.06115388709344692,-3.999686519820387e-20
2.492,-1.0621493189423368,9.346126651439083e-19,1.0306809839049025,-0.0370959853025329,-4.1012941114136977e-19,-0.020051518135875336,0.9981328802098867,2.9039441915003674e-19,0.061079893941586645,-3.89109547227007e-20
2.494,-1.0622210952977984,9.33781213222822e-19,1.0306408758697732,-0.034680853312724566,-4.211862880421564e-19,-0.020056457675081883,0.9981373919238182,2.697192930901077e-19,0.06100612136103689,-3.8172226428842247e-20
2.496,-1.0622880447737577,9.329284658232904e-19,1.0306007582677674,-0.03226910435073614,-4.314255346325022e-19,-0.020061085262369185,0.9981418846041098,2.491420290978495e-19,0.06093257092028534,-3.7438222078717234e-20
2.498,-1.0623501741268473,9.320560541763178e-19,1.030560631721412,-0.029860728983519536,-4.408511774763347e-19,-0.020065402275588035,0.9981463582057905,2.286830434472844e-19,0.0608592441665001,-3.636688849707098e-20
2.5,-1.0624074900947753,9.311656014756697e-19,1.030520496850472,-0.0274557177195454,-4.494672290802925e-19,-0.020069410098048676,0.9981508126854854,2.0836278002757175e-19,0.06078614262563984,-3.46169880655523e-20
2.5020000000000002,-1.0624595164310415,9.302570941971846e-19,1.0304843308580496,-0.02457412839992419,-4.588791682772107e-19,-0.0160961548315764,0.998177846024157,1.8812620863975966e-19,0.06034059749931009,-3.2951558898937664e-20
2.504,-1.0625063048023888,9.293322438441399e-19,1.0304520053990507,-0.022218055242940918,-4.659465224678686e-19,-0.016228843835191294,0.9982130934658606,1.78968481281189e-19,0.05975466536862664,-3.129725927569485e-20
2.5060000000000002,-1.0625484009342532,9.283932903291944e-19,1.0304194177148163,-0.019881564930712473,-4.730542935740855e-19,-0.016358423165669076,0.9982450385185629,1.8493528430796938e-19,0.05921860411283177,-2.9855617770062024e-20
2.508,-1.062585847995944,9.274399556808908e-19,1.030386574471241,-0.017569216284411878,-4.802287834834255e-19,-0.016484379706031532,0.9982787780914917,1.7708130973749515e-19,0.058647090398056274,-2.932111807049731e-20
2.5100000000000002,-1.0626186909294555,9.264726901984776e-19,1.0303534824826805,-0.015277226921495095,-4.870930038812295e-19,-0.016607196971746317,0.9983103089376548,1.858461442746067e-19,0.05810789162242692,-2.701154465008438e-20
2.512,-1.0626469729456907,9.254910361504546e-19,1.0303201482876496,-0.013008439441345245,-4.9461711453819e-19,-0.016726573772094033,0.9983427870754316,1.835575996671443e-19,0.05754719362800431,-2.5270281931901284e-20
2.5140000000000002,-1.0626707383068101,9.244949146328695e-19,1.0302865784838227,-0.010760433978623488,-5.015066753365437e-19,-0.01684282571105843,0.9983737364552056,1.86642362675134e-19,0.0570077394436161,-2.5555832360881913e-20
2.516,-1.0626900301155917,9.234843724886849e-19,1.0302527794655891,-0.008534970244048768,-5.090018159267624e-19,-0.016955782590065513,0.9984051114381522,1.8158740192994919e-19,0.056455588334284955,-2.4005680725966763e-20
2.5180000000000002,-1.062704892070685,9.224596362972208e-19,1.0302187576316704,-0.006330487871685648,-5.157547145763112e-19,-0.017065655807142366,0.998435381405477,1.7923691932672704e-19,0.05591769986058854,-2.3639105134426964e-20
2.52,-1.0627153670718263,9.214208231824065e-19,1.0301845192229162,-0.004148063269758095,-5.229532369609048e-19,-0.017172356020326497,0.9984657568809627,1.7412160405819074e-19,0.05537266777143475,-2.380574657505922e-20
2.5220000000000002,-1.062721498327103,9.203686232195288e-19,1.0301500704510427,-0.001986678219777472,-5.292494405093197e-19,-0.01727602987676564,0.9984952924105266,1.6366446813288682e-19,0.05483749660602992,-2.1957622832529387e-20
2.524,-1.0627233284728999,9.193034723839887e-19,1.0301154173984974,0.00015302206293198737,-5.35994112856494e-19,-0.017376637840207033,0.9985247381632053,1.669383339686402e-19,0.05429868576771956,-2.0867024331764434e-20
2.5260000000000002,-1.0627209002723554,9.182253190470312e-19,1.0300805660983636,0.0022717138608255565,-5.421083363337873e-19,-0.01747428623826177,0.9985535107921717,1.5647443705537657e-19,0.05376696090191063,-1.9719366862720483e-20
2.528,-1.0627142560600578,9.171348113807647e-19,1.0300455224726492,0.0043690240875540725,-5.485102859648806e-19,-0.017568966113086906,0.9985820756110958,1.7340335202056596e-19,0.05323380756845354,-2.0734790157535966e-20
2.5300000000000002,-1.0627034381825928,9.160308361857317e-19,1.030010292381965,0.006445413395264435,-5.555753465221942e-19,-0.01766075859815663,0.9986100733014845,1.9032533490914969e-19,0.052705991128174395,-2.0376266623862568e-20
2.532,-1.0626884886481303,9.14912178069711e-19,1.0299748815875953,0.008500680466353458,-5.62977387584614e-19,-0.017749673410458525,0.9986377929491778,1.7970332676945003e-19,0.05217814191397387,-2.0282481456226412e-20
2.5340000000000003,-1.062669449404268,9.137796007412665e-19,1.029939295782471,0.010535150000692849,-5.695308591326671e-19,-0.017835775851557878,0.9986650138057674,1.6921538598328485e-19,0.05165452739427616,-1.8821547015630664e-20
2.536,-1.0626463621168871,9.126338997190326e-19,1.0299035405679573,0.01254872912578869,-5.762090785095798e-19,-0.017919086945266546,0.9986919159521771,1.6425468102325532e-19,0.05113176128170589,-1.7647519856007482e-20
2.5380000000000003,-1.0626192683453566,9.114754358302163e-19,1.0298676214732523,0.014541656849802709,-5.8225800629570655e-19,-0.01799966195505017,0.9987183643296103,1.5931759506349351e-19,0.05061253551036276,-1.6476090789548105e-20
2.54,-1.0625882094029488,9.10304603583152e-19,1.0298315439412804,0.016513908788187388,-5.885416299975777e-19,-0.018077528651904554,0.9987444716056453,1.599033527747326e-19,0.050094714662930015,-1.4900494547864536e-20
2.5420000000000003,-1.0625532264672999,9.091214734269669e-19,1.0297953133409317,0.018465669958652408,-5.946277023914529e-19,-0.018152735845999714,0.9987701556958344,1.604530644022731e-19,0.04957999688703596,-1.4011960109327166e-20
2.544,-1.0625143604922842,9.079258644609894e-19,1.0297589349585872,0.02039695924929567,-6.009486467457937e-19,-0.018225315234476926,0.9987954875821141,1.6093368032331978e-19,0.04906703563092766,-1.4494003046743293e-20
2.5460000000000003,-1.0624716522776378,9.067178113791774e-19,1.0297224140059296,0.02230792767981827,-6.071793824900371e-19,-0.01829531139186438,0.99882041791867,1.668563264276074e-19,0.04855690217438752,-1.55855222222794e-20
2.548,-1.0624251424133047,9.054968476203874e-19,1.0296857556149523,0.024198621496223732,-6.138592197581426e-19,-0.01836275819657198,0.9988449919129202,1.6732137741679617e-19,0.04804874743922367,-1.5723960941010928e-20
2.5500000000000003,-1.062374871323303,9.042627950337995e-19,1.0296489648430318,0.0260691703258185,-6.202322984449751e-19,-0.018427697359232012,0.9988691804435793,1.7322645243716407e-19,0.04754324725944042,-1.680927378230264e-20
2.552,-1.062320879230565,9.030154400773328e-19,1.0296120466700893,0.027919637725428086,-6.271614023664451e-19,-0.018490163860678862,0.9988930127814007,1.6818353637986403e-19,0.04703986624658252,-1.668532452742876e-20
2.5540000000000003,-1.06226320618456,9.01754894017129e-19,1.0295750060019702,0.02975013987546947,-6.334595381450588e-19,-0.01855019739615469,0.9989164722922299,1.741300457137512e-19,0.04653903075104331,-1.7080013437725713e-20
2.556,-1.0622018920390697,9.004808711095784e-19,1.0295378476689365,0.03156075129837039,-6.405304548944554e-19,-0.01860783338223832,0.9989395783914176,1.690918832573444e-19,0.04604040316044932,-1.730509650761453e-20
2.5580000000000003,-1.0621369764695723,8.991938043806176e-19,1.029500576428,0.033351579733315075,-6.465393146821325e-19,-0.018663110023748937,0.9989623221488697,1.6401637225412476e-19,0.04554425240288278,-1.8555412146522357e-20
2.56,-1.062068498959183,8.978940902710483e-19,1.0294631969622356,0.035122706658609386,-6.532138642374202e-19,-0.018716062761380752,0.9989847168826724,1.6440852000828405e-19,0.04505036553510178,-2.073734529301814e-20
2.562,-1.0619964988095871,8.965815136657906e-19,1.029425713882467,0.036874234523298036,-6.593657804612011e-19,-0.018766728634528707,0.9990067584105509,1.7569105246448574e-19,0.04455891212813224,-2.443448427676281e-20
2.564,-1.0619210151321379,8.952556455338048e-19,1.0293881317270879,0.03860624922532175,-6.663973828431049e-19,-0.01881514285420965,0.9990284562751339,1.5414332053996864e-19,0.04406975779967621,-2.4945313194943123e-20
2.566,-1.0618420868547256,8.939174596309823e-19,1.029350454963347,0.040318849904798774,-6.717201135691319e-19,-0.018861341495869068,0.9990498092151134,1.5466697530841092e-19,0.043583009387202144,-2.5054126508159075e-20
2.568,-1.0617597527161373,8.925672410838798e-19,1.0293126879874814,0.04201212527271925,-6.784659117844737e-19,-0.018905359384749184,0.9990708244316234,1.5518791711125066e-19,0.04309858198961828,-2.5162836289034152e-20
2.57,-1.061674051270368,8.91205166791992e-19,1.029274835125754,0.043686172403556336,-6.835041196797214e-19,-0.018947231757576524,0.9990915024555351,1.44779432903837e-19,0.042616542810755005,-2.4457087355181104e-20
2.572,-1.0615850208830435,8.898319869978473e-19,1.029236900634778,0.04534108180134103,-6.895358311852166e-19,-0.018986992958218134,0.9991118490317742,1.289428298384781e-19,0.04213683809101976,-2.352064776711936e-20
2.574,-1.0614926997341259,8.884489147818148e-19,1.0291988887024008,0.0469769492527539,-6.934330224860355e-19,-0.01902467746290142,0.999131865785979,1.1316556950206672e-19,0.04165950997104756,-2.3273112901900024e-20
2.576,-1.0613971258156443,8.870571563986158e-19,1.0291608034481476,0.04859386640499813,-6.982224807828521e-19,-0.019060319076009524,0.9991515575531623,1.029118013278428e-19,0.041184524266879755,-2.394109250934308e-20
2.578,-1.0612983369333922,8.85657589118737e-19,1.029122648924007,0.050191928241297395,-7.013140305316354e-19,-0.019093951562550237,0.9991709266228327,9.816888806211388e-20,0.0407119072467658,-2.517605288163111e-20
2.58,-1.0611963707054908,8.84250511884379e-19,1.029084429114947,0.051771227135757665,-7.058402948819317e-19,-0.019125608152580936,0.9991899772570022,9.896723538094889e-20,0.04024163700883359,-2.560403928517347e-20
2.582,-1.0610912645634574,8.828357193188664e-19,1.0290461479396404,0.05333185756741682,-7.08885700963056e-19,-0.019155321931394725,0.9992087121427787,9.432528792750879e-20,0.03977372974676685,-2.478303538905517e-20
2.584,-1.060983055751299,8.814136882000087e-19,1.029007809251024,0.05487391236847667,-7.131508209995597e-19,-0.019183125534352783,0.9992271351767943,8.969239920346676e-20,0.039308171241811685,-2.430670929635731e-20
2.586,-1.0608717813261896,8.79984785801749e-19,1.0289694168369854,0.05639748569641359,-7.156136347894791e-19,-0.019209051387660436,0.9992452492791553,8.499892297694408e-20,0.03884497127091257,-2.6571582916912483e-20
2.588,-1.0607574781579057,8.785495196025284e-19,1.0289309744209474,0.05790267066584182,-7.198379544596123e-19,-0.019233131520645364,0.9992630581089237,1.0778412804463705e-19,0.03838412039894863,-2.818537498021529e-20
2.59,-1.0606401829292622,8.771060980958428e-19,1.0288924856625299,0.05938956122181501,-7.236603248800444e-19,-0.019255397714431154,0.9992805647173829,1.14065868372228e-19,0.03792562429423509,-2.7448764122687516e-20
2.592,-1.06051993213577,8.756537803464779e-19,1.0288539541581483,0.060858250644520884,-7.286980087294359e-19,-0.019275881386644766,0.999297772604587,1.3117137838157544e-19,0.03746947647766589,-2.952546393660736e-20
2.594,-1.0603967620859256,8.741917220733122e-19,1.0288153834416593,0.062308832729471866,-7.332207294662746e-19,-0.01929461368333926,0.9993146848899359,1.0986864272107222e-19,0.03701567996575473,-2.9472634690052255e-20
2.596,-1.060270708901014,8.727211313236352e-19,1.0287767769849663,0.06374140084281041,-7.373388979940067e-19,-0.01931162540836308,0.9993313049626619,1.0520568106708156e-19,0.03656423008381656,-2.7291503175619116e-20
2.598,-1.0601418085153125,8.71242491368481e-19,1.0287381381986531,0.06515604866430871,-7.412701086224077e-19,-0.01932694708033321,0.9993476359711517,1.0060471929813832e-19,0.03611512811647527,-2.4088998764322208e-20
2.6,-1.0600100966759913,8.697561750186084e-19,1.0286994704325927,0.0665528695900242,-7.450154724297349e-19,-0.019340608889543125,0.999363681223277,9.600382333015829e-20,0.035668370468236565,-2.157932913602334e-20
2.602,-1.0598756089432688,8.682625528879692e-19,1.028660776976572,0.06793195719954509,-7.485760550594054e-19,-0.0193526407334268,0.9993794438720569,9.13897611764575e-20,0.035223957273102825,-2.01036655935835e-20
2.604,-1.0597383806903786,8.667619935277268e-19,1.0286220610609016,0.06929340487777791,-7.519528627996435e-19,-0.01936307219044907,0.9993949271619296,8.678678656572045e-20,0.034781885558441125,-1.8974663126515223e-20
2.606,-1.059598447103701,8.652548635214738e-19,1.0285833258570323,0.07063730610827401,-7.551468540822703e-19,-0.019371932542343605,0.9994101342353179,8.220631842229302e-20,0.03434215467530896,-1.7847810824738678e-20
2.608,-1.0594558431827772,8.637415275392382e-19,1.0285445744781638,0.07196375423326873,-7.581589949607355e-19,-0.019379250758479422,0.9994250682840563,7.766061230690579e-20,0.0339047619871936,-1.638066380325915e-20
2.61,-1.0593106037404312,8.622223483089285e-19,1.0285058099798559,0.0732728426373266,-7.609902575472632e-19,-0.019385055509975768,0.9994397324303823,7.312597416909357e-20,0.03346970629516319,-1.525935171089372e-20
2.612,-1.0591627634028198,8.606976866303292e-19,1.0284670353606333,0.07456466459461283,-7.636415958919214e-19,-0.019389375160535703,0.9994541298199949,6.861377105942934e-20,0.03303698511903527,-1.4140989999348553e-20
2.614,-1.0590123566095528,8.591679014057281e-19,1.0284282535625924,0.0758393133833782,-7.661139554164244e-19,-0.019392237775580287,0.9994682635488469,6.413521000145984e-20,0.032606596857866946,-1.2683096158337168e-20
2.616,-1.0588594176137718,8.57633349633892e-19,1.0283894674720018,0.07709688218828013,-7.684083019115014e-19,-0.019393671117079295,0.9994821367202955,5.969059013206414e-20,0.032178539075461976,-1.0886488348139459e-20
2.618,-1.0587039804822749,8.560943863599833e-19,1.028350679919904,0.07833746417126744,-7.705256154208239e-19,-0.019393702649638925,0.9994957524000727,5.526859279631464e-20,0.03175280986324109,-9.094447395856209e-21
2.62,-1.0585460790956183,8.545513646723515e-19,1.0283118936827127,0.07956115240865064,-7.724668755559495e-19,-0.019392359537808188,0.9995091136513545,5.089100403010753e-20,0.03132940675917979,-6.621988632190307e-21
2.622,-1.0583857471482498,8.530046356654835e-19,1.0282731114828085,0.08076803993450943,-7.7423310314336755e-19,-0.0193896686503099,0.9995222235070607,4.655822700892844e-20,0.0309083276076208,-3.470741779236312e-21
2.624,-1.05822301814863,8.514545483563284e-19,1.0282343359891317,0.08195821969970694,-7.758253509747925e-19,-0.019385656558885654,0.9995350849913527,4.225948677510352e-20,0.030489569877711717,1.518812462507728e-23
2.626,-1.0580579254193754,8.499014496291196e-19,1.0281955698177734,0.08313178459799014,-7.772447007344351e-19,-0.019380349541401384,0.9995477011025882,3.802639294738658e-20,0.03007313120593908,4.862502721870434e-21
2.628,-1.0578905020973974,8.483456841478207e-19,1.0281568155325629,0.08428882743887048,-7.783844922926195e-19,-0.01937377358165357,0.9995600748264819,2.271216808299538e-20,0.02965900896652646,5.233049598416025e-21
2.63,-1.0577207811340585,8.467882409800824e-19,1.028118075645654,0.08542944096283232,-7.790305314892764e-19,-0.01936595437179844,0.9995722091256095,2.9294318616008385e-20,0.029247200613860498,2.21161596746465e-21
2.632,-1.0575487952953257,8.452290635722783e-19,1.0280793526181078,0.08655371782298481,-7.800466586479697e-19,-0.019356917312763587,0.9995841069474503,1.397347019424283e-20,0.028837703411796856,1.5522485996509925e-21
2.634,-1.0573745771619392,8.436690667048213e-19,1.0280406488604727,0.08766175059342471,-7.798146043407973e-19,-0.0193466875162762,0.9995957712179167,4.19725498500707e-21,0.028430514649877225,4.994127678268189e-23
2.636,-1.0571981591295814,8.421091594117069e-19,1.0280019667333624,0.08875363175644556,-7.80065232286646e-19,-0.019335289805660523,0.9996072048462566,-4.08193894948541e-23,0.028025631472855198,-1.6056561764644648e-21
2.638,-1.057019573409058,8.405494558767201e-19,1.0279633085480309,0.0898294537066072,-7.797187345792737e-19,-0.01932274871763363,0.9996184107210577,1.2171058396659149e-20,0.02762305101731189,-4.061044854386415e-21
2.64,-1.0568388520264818,8.38989242688344e-19,1.0279246765669445,0.09088930874147479,-7.806105806254046e-19,-0.019309088503353136,0.9996293917132253,1.8840167151295683e-20,0.02722277030438766,-7.386606098837417e-21
2.642,-1.0566560268234655,8.3742802463847125e-19,1.0278860730043513,0.09193328906300478,-7.804718725418819e-19,-0.019294333130083267,0.9996401506735072,-7.333040151481729e-21,0.026824786326191508,-7.067990220613842e-21
2.644,-1.0564711294573201,8.358674998773287e-19,1.0278475000268477,0.09296148677053499,-7.800618257628855e-19,-0.019278506282408733,0.999650690434295,-5.913722220978984e-21,0.026429095978394025,-5.088597426685034e-21
2.646,-1.0562841914012604,8.343077415603899e-19,1.0278089597539424,0.09397399386050231,-7.797054007302751e-19,-0.019261631363833586,0.9996610138080854,-4.517932995359316e-21,0.026035696114969947,-3.798932750791148e-21
2.648,-1.0560952439446163,8.327486426234505e-19,1.027770454258617,0.09497090222087694,-7.794024111025349e-19,-0.019243731498108936,0.9996711235885568,-3.1637276335709108e-21,0.02564458350592895,-3.882444060747345e-21
2.65,-1.0559043181930508,8.31190096443017e-19,1.0277319855678844,0.09595230362985221,-7.791525982838508e-19,-0.019224829530802106,0.9996810225496137,-1.8427547845385953e-21,0.02525575487208408,-4.9937195155829345e-21
2.652,-1.0557114450687843,8.296319969812364e-19,1.0276935556633426,0.09691828975121397,-7.789556371898704e-19,-0.019204948030705372,0.999690713446025,-5.378500230678458e-22,0.02486920685863461,-6.444400092095851e-21
2.654,-1.0555166553108262,8.280742388767571e-19,1.0276551664817282,0.0978689521324062,-7.788111817723218e-19,-0.01918410929139788,0.9997001990128181,7.595749987828293e-22,0.024484936057334546,-7.891126206732996e-21
2.656,-1.0553199794752102,8.265167174692674e-19,1.0276168199154643,0.09880438220051442,-7.787188857035673e-19,-0.019162335332714577,0.9997094819656563,2.0413075815517354e-21,0.0241029389900711,-9.676469508143796e-21
2.658,-1.0551214479352384,8.249593287903907e-19,1.0275785178132069,0.09972467125996161,-7.786783947735745e-19,-0.0191396479023139,0.9997185650004521,3.307274909303557e-21,0.023723212123084383,-1.1800030524812746e-20
2.66,-1.0549210908817297,8.234019696104667e-19,1.0275402619803875,0.10062991048890281,-7.78689318622714e-19,-0.019116068477193476,0.9997274507935844,4.540661252060248e-21,0.0233457518568477,-1.4945310573712508e-20
2.662,-1.054718938323275,8.218445375246706e-19,1.0275020541797528,0.10152019093671188,-7.787512296900837e-19,-0.019091618265270897,0.9997361420016495,5.765693761367503e-21,0.022970554535271786,-1.808299952861834e-20
2.664,-1.054515020086498,8.202869309941316e-19,1.0274638961319018,0.1023956035206593,-7.788636930161333e-19,-0.019066318206937282,0.9997446412615828,6.982436249570712e-21,0.022597616439557384,-2.1213116242274934e-20
2.666,-1.0543093658163223,8.187290493407737e-19,1.0274257895158188,0.10325623902329058,-7.790262844257581e-19,-0.019040188976655003,0.9997529511904962,8.198813337010862e-21,0.022226933794234037,-2.399351446188588e-20
2.668,-1.054102004976244,8.17170792722948e-19,1.0273877359694032,0.10410218808930648,-7.792385866694829e-19,-0.01901325098454302,0.9997610743857442,9.399391304993907e-21,0.02185850276351567,-2.710976578432167e-20
2.67,-1.0538929668486092,8.156120621449267e-19,1.0273497370899982,0.10493354122289675,-7.795001777005568e-19,-0.01898552437799322,0.9997690134248158,1.0584375119527283e-20,0.021492319455340757,-3.056107762829994e-20
2.672,-1.0536822805348995,8.140527594584245e-19,1.0273117944349126,0.10575038878477139,-7.798106263520764e-19,-0.018957029043283183,0.9997767708653695,1.1768575704332264e-20,0.021128379919304285,-3.3661492001924134e-20
2.674,-1.0534699749560201,8.124927873631419e-19,1.027273909521943,0.10655282098948968,-7.801695199142916e-19,-0.018927784607211607,0.9997843492451616,1.2959403267284434e-20,0.02076668014943513,-3.6069259137371137e-20
2.676,-1.0532560788525962,8.10932049359919e-19,1.0272360838298902,0.10734092790261009,-7.80576473957275e-19,-0.018897810438735136,0.9997917510820625,1.4135673650641324e-20,0.020407216083119982,-3.88129745689084e-20
2.678,-1.0530406207852725,8.093704497111143e-19,1.0271983187990734,0.10811479943803955,-7.810310984381268e-19,-0.018867125650622537,0.9997989788740115,1.5297083154219547e-20,0.02004998360308209,-4.189224097015382e-20
2.68,-1.0528236291350204,8.078078934776412e-19,1.0271606158318416,0.10887452535528136,-7.815329945364062e-19,-0.01883574910111301,0.9998060350990235,1.645080580642033e-20,0.019694978536928528,-4.4964488030217296e-20
2.682,-1.0526051321034486,8.062442865209681e-19,1.02712297629308,0.10962019525682035,-7.82081753352403e-19,-0.018803699395588257,0.9998129222151607,1.7576299921278967e-20,0.019342196658622968,-4.9057104635402106e-20
2.684,-1.0523851577131205,8.046796433570412e-19,1.0270854015107145,0.11035189858545551,-7.825691522260158e-19,-0.01877099488825012,0.9998196426605372,1.8800568302614387e-20,0.018991633688423864,-4.7658342434179114e-20
2.686,-1.0521637338078753,8.031136916716557e-19,1.0270478927762126,0.11106972462173068,-7.835339134220528e-19,-0.018737653683809447,0.9998261988533031,3.647961160891658e-20,0.018643285294035885,-4.520458435058377e-20
2.688,-1.0519408880531558,8.015452981945358e-19,1.02701045134508,0.11177376248134345,-7.848668487090611e-19,-0.018703693639181125,0.9998325931916491,3.2149652722534755e-20,0.018297147090792346,-4.371785936149564e-20
2.69,-1.05171664793634,7.999745911638938e-19,1.0269730784373552,0.11246410111262724,-7.85811600020966e-19,-0.018669132365188548,0.9998388280538001,3.334863405095385e-20,0.017953214642601738,-4.027928778704915e-20
2.692,-1.0514910407670794,7.984015906531322e-19,1.0269357752380999,0.11314082929403087,-7.871243720319552e-19,-0.018633987228274272,0.999844905798023,2.898163026914658e-20,0.017611483462281988,-4.1204239075565756e-20
2.694,-1.05126409367764,7.968265323895405e-19,1.0268985428978852,0.11380403563165556,-7.87833533952258e-19,-0.018598275352218804,0.9998508287626278,2.4603295501321522e-20,0.017271949012375467,-4.3840142857798387e-20
2.696,-1.0510358336232504,7.952497226549408e-19,1.0268613825332766,0.1144538085568015,-7.891275183354689e-19,-0.01856201361986528,0.9998565992659783,4.768301495515859e-20,0.016934606705576755,-4.523115359085988e-20
2.698,-1.050806287382453,7.93669526561653e-19,1.0268242952273128,0.11509023632356172,-7.911113678187894e-19,-0.01852521867485119,0.9998622196065003,5.425413327177253e-20,0.01659945190546247,-4.359843004366231e-20
2.7,-1.0505754815574617,7.920853946902713e-19,1.0267872820299833,0.11571340700643314,-7.931350683044039e-19,-0.018487906923345603,0.9998676920626971,6.629087063292348e-20,0.016266479926975753,-4.2060492823204606e-20
2.702,-1.0503434425745226,7.904963846261964e-19,1.026750343958701,0.11632340849796838,-7.957375470798796e-19,-0.01845009453579248,0.9998730188931624,5.629667310027804e-20,0.015935686037100123,-4.2224801166846176e-20
2.704,-1.050110196684281,7.8890335526090575e-19,1.026713481998772,0.11692032850644944,-7.971906116350512e-19,-0.01841179744865899,0.9998782023366,4.633874129682036e-20,0.015607065455377475,-4.307424660499086e-20
2.706,-1.0498757699621513,7.873070187233402e-19,1.0266766971038626,0.11750425455359799,-7.991168984930177e-19,-0.01837303136618906,0.9998832446118437,4.190390176148014e-20,0.015280613354544411,-4.4351371584777084e-20
2.708,-1.0496401883086934,7.857075445111537e-19,1.0266399901964607,0.11807527397231019,-8.004362170935974e-19,-0.018333811762161423,0.9998881479178805,5.3929350405060084e-20,0.014956324861069108,-4.621909271360057e-20
2.71,-1.049403477449992,7.841039868939616e-19,1.026603362168336,0.11863347390442554,-8.031999201434649e-19,-0.018294153881652092,0.9998929144338752,7.13737395389876e-20,0.014634195055761735,-4.85064885238716e-20
2.712,-1.0491656629380413,7.824952608637367e-19,1.026566813880995,0.11917894129852193,-8.054603303063565e-19,-0.018254072742800748,0.9998975463191986,6.135965715228433e-20,0.01431421897432101,-4.79881998288744e-20
2.714,-1.0489267701511327,7.808820480158372e-19,1.0265303461661333,0.11971176290774273,-8.0765119963494705e-19,-0.018213583138580878,0.999902045713457,4.5924857496858166e-20,0.013996391607926009,-4.73931074268667e-20
2.716,-1.048686824294249,7.792654930930372e-19,1.0264939598260843,0.12023202528765112,-8.086950715170248e-19,-0.01817269963857323,0.9999064147365242,2.5075918105384377e-20,0.013680707903786598,-4.7065753106837813e-20
2.718,-1.0484458503994614,7.776472377750468e-19,1.0264576556342644,0.1207398147941152,-8.09567974258615e-19,-0.018131436590742348,0.9999106554885759,2.6324894865671944e-20,0.013367162765721273,-4.292969814507111e-20
2.72,-1.0482038733263306,7.760271904610334e-19,1.0264214343356135,0.12123521758122077,-8.10487049834678e-19,-0.018089808123215794,0.9999147700501261,2.750593905844391e-20,0.01305575105470779,-4.3600225561143216e-20
2.722,-1.0479609177623126,7.744051512112293e-19,1.0263852966470342,0.12171831959921395,-8.116676823787769e-19,-0.018047828146065894,0.9999187604820654,3.964852655839322e-20,0.012746467589449978,-4.4069589655371945e-20
2.724,-1.0477170082231688,7.727803817977114e-19,1.0263492432578252,0.1221892065924717,-8.130013068537929e-19,-0.018005510353093526,0.9999226288257024,2.4398933152015552e-20,0.012439307146926268,-3.939212873161e-20
2.726,-1.047472169053379,7.711537635783148e-19,1.0263132748301123,0.12264796409750155,-8.136248029913877e-19,-0.017962868223613798,0.9999263771028056,3.1105249814900556e-20,0.0121342644629473,-3.876715960587569e-20
2.728,-1.0472264244265599,7.695250231864759e-19,1.0262773919992758,0.12309467744096904,-8.150514791826865e-19,-0.017919915024243283,0.9999300073156486,2.680747566205765e-20,0.011831334232700911,-3.9723714219900494e-20
2.73,-1.046979798345886,7.678944269650721e-19,1.0262415953743738,0.12352943173775396,-8.155526372237689e-19,-0.0178766638106885,0.9999335214470565,2.2537671905087406e-20,0.011530511111301725,-3.999361182448099e-20
2.732,-1.0467323146445153,7.662621680679319e-19,1.026205885538562,0.12395231188903423,-8.167502234837688e-19,-0.017833127429535373,0.999936921460455,2.3766211921971874e-20,0.01123178971433168,-4.06683984212427e-20
2.734,-1.0464839969860193,7.646281507144737e-19,1.0261702630495113,0.1243634025803979,-8.17239172492333e-19,-0.017789318520039413,0.99994020929992,2.4996138626740712e-20,0.01093516461838234,-4.0656636647096835e-20
2.736,-1.0462348688648153,7.629924949873955e-19,1.0261347284398195,0.12476278827998274,-8.184245887725074e-19,-0.01774524951591633,0.9999433868902313,2.075517091436252e-20,0.010640630361590396,-4.0242385159273364e-20
2.738,-1.045984953606603,7.613554281803537e-19,1.0260992822174206,0.1251505532366436,-8.18578510267793e-19,-0.01770093264713279,0.999946456136926,1.6534463988700076e-20,0.010348181444173182,-3.9829191377834015e-20
2.74,-1.0457342743688056,7.59717463579613e-19,1.0260639248659915,0.12552678147814691,-8.194302443943479e-19,-0.017656379941697053,0.9999494189263546,1.7803214720552724e-20,0.010057812328958794,-3.9473655550596505e-20
2.742,-1.045482854141013,7.580783591957303e-19,1.026028656845353,0.12589155680939282,-8.196822384334257e-19,-0.017611603227449313,0.9999522771257391,1.9056845615498298e-20,0.009769517441915117,-3.8776539499240516e-20
2.744,-1.04523071574543,7.564380539198281e-19,1.025993478591869,0.1262449628106639,-8.206311030620257e-19,-0.01756661413385135,0.9999550325832323,1.4819321353843622e-20,0.009483291172674352,-3.8369697925203677e-20
2.746,-1.0449778818373265,7.547968104306854e-19,1.0259583905188416,0.12658708283590137,-8.206565235116894e-19,-0.01752142409377535,0.9999576871279791,1.0598777310862779e-20,0.009199127875055741,-3.8307351455772136e-20
2.748,-1.0447243749054926,7.531548899299165e-19,1.0259233930169018,0.12691800001100753,-8.212723012275713e-19,-0.017476044345291552,0.9999602425701793,6.385191561553248e-21,0.008917021867584375,-3.9615810217045055e-20
2.75,-1.044470217272696,7.515125879753817e-19,1.025888486454398,0.12723779723217524,-8.210740396794961e-19,-0.0174304859334546,0.9999627007011526,7.67319021645686e-21,0.00863696743400777,-4.0970125635485474e-20
2.7520000000000002,-1.0442154310961431,7.4986998306452085e-19,1.02585367117778,0.1275465571642435,-8.214674778160461e-19,-0.017384759712088218,0.9999650632934037,-1.9943655828300997e-21,0.008358958823808868,-4.188353628128068e-20
2.754,-1.0439600383679433,7.482278356989387e-19,1.0258189475119792,0.1278443622390796,-8.206167887934544e-19,-0.0173388763455681,0.999967332100691,-1.1616541795050618e-20,0.008082990252716547,-4.279578091077155e-20
2.7560000000000002,-1.0437040609155765,7.46586759140073e-19,1.0257843157607867,0.12813129465398698,-8.203611078979497e-19,-0.01729284631060269,0.999969508858095,-1.0218795739538864e-20,0.007809055903212788,-4.4138252854565105e-20
2.758,-1.043447520402364,7.449469310861867e-19,1.0257497762072258,0.12840743637013938,-8.195121577549855e-19,-0.017246679898011652,0.9999715952820893,-3.317223238202974e-21,0.007537149925037186,-4.517829410650596e-20
2.7600000000000002,-1.0431904383279422,7.433075575528539e-19,1.0257153291139232,0.1286728691110406,-8.1990636698808505e-19,-0.01720038721450184,0.999973593070613,1.4518640900603048e-20,0.007267266435688261,-4.595573875134475e-20
2.762,-1.0429328360287393,7.416675597312268e-19,1.0256809747234739,0.12892767436100983,-8.202437860378646e-19,-0.017153978184440512,0.9999755039031435,3.2280039214096646e-20,0.0069993995209220155,-4.707375334098789e-20
2.7640000000000002,-1.0426747346784553,7.400253974626053e-19,1.0256467132588056,0.1291719333636925,-8.219264239842122e-19,-0.017107462551625548,0.999977329440772,3.3508650813683255e-20,0.006733543235247395,-4.636029280034039e-20
2.766,-1.042416155288545,7.383810111929982e-19,1.0256125449235374,0.12940572712059628,-8.223599332239199e-19,-0.017060849881052553,0.9999790713262797,2.9237874166491205e-20,0.0064696916024189356,-4.732480805148987e-20
2.7680000000000002,-1.0421571187087033,7.367347377800142e-19,1.0255784699023356,0.12962913638965223,-8.239213380089174e-19,-0.017014149560678496,0.9999807311842153,3.043825617758085e-20,0.006207838615926372,-4.900806847666046e-20
2.77,-1.0418976456273543,7.350864833314426e-19,1.0255444883612659,0.12984224168380085,-8.242331152797151e-19,-0.016967370803181846,0.9999823106209739,1.5204778015814845e-20,0.005947978239481405,-4.7502090402849085e-20
2.7720000000000002,-1.0416377565721422,7.334373398338829e-19,1.0255106004481427,0.1300451232696029,-8.250264954773812e-19,-0.016920522647718827,0.9999838112248772,1.1006977100462326e-20,0.0056901044075014845,-4.640734535864788e-20
2.774,-1.0413774719104254,7.317874597997976e-19,1.0254768062928739,0.13023786116587485,-8.247901084077183e-19,-0.016873613961675738,0.9999852345662552,6.839944487421228e-21,0.005434211025590721,-4.360317874889233e-20
2.7760000000000002,-1.041116811849774,7.301373169927571e-19,1.0254431060078029,0.1304205351423485,-8.254691004730137e-19,-0.016826653442417103,0.9999865821975283,2.4612726183723776e-20,0.005180291971017857,-4.298081910668114e-20
2.778,-1.0408557964384686,7.284857669274107e-19,1.025409499688047,0.13059322471835516,-8.259811868964427e-19,-0.01677964961902938,0.9999878556532915,9.393479134038754e-21,0.00492834109319136,-4.4588680007701395e-20
2.7800000000000002,-1.0405944455660026,7.268335749097855e-19,1.025375987411832,0.13075600916153374,-8.263271482263472e-19,-0.016732610854060196,0.9999890564503991,2.7154418147045224e-20,0.004678352214131594,-4.361375086274594e-20
2.782,-1.0403327789635866,7.2517956194540725e-19,1.0253425692408236,0.13090896748656264,-8.27801588098466e-19,-0.01668554534525277,0.9999901860880509,4.4830559314642805e-20,0.0044303191289401175,-4.298233971431586e-20
2.7840000000000003,-1.0400708162046564,7.235223391324652e-19,1.0253092452204555,0.13105217845391556,-8.295364531916003e-19,-0.016638461127275475,0.9999912460478794,6.242287324703748e-20,0.004184235606266096,-4.235217556358218e-20
2.786,-1.0398085767053817,7.218605243796096e-19,1.0252760153802536,0.13118572056864075,-8.323929868688428e-19,-0.016591366073446235,0.9999922377940375,7.993124263793261e-20,0.003940095388769824,-4.206631123995503e-20
2.7880000000000003,-1.039546079725179,7.20192850191182e-19,1.0252428797341566,0.13130967207916364,-8.352875337715745e-19,-0.016544267897451736,0.9999931627732882,8.638980537696055e-20,0.0036978921935833875,-4.2081521573073466e-20
2.79,-1.039283344367225,7.185187742263262e-19,1.0252098382808348,0.13142411097611276,-8.3875862633498135e-19,-0.016497174155061134,0.9999940224150949,9.28155882128425e-20,0.0034576197127684583,-4.278183892591541e-20
2.7920000000000003,-1.0390203895789738,7.168378288175787e-19,1.0251768910040024,0.1315291149911686,-8.422646693591905e-19,-0.01645009224583422,0.9999948181317122,1.0470567245753445e-19,0.003219271613771224,-4.3499314122203676e-20
2.794,-1.0387572341526767,7.151491888165508e-19,1.0251440378727301,0.13162476159593545,-8.463450424165153e-19,-0.016403029414823758,0.9999955513182784,8.913706991486465e-20,0.002982841539874476,-4.1042668830677854e-20
2.7960000000000003,-1.0384938967259025,7.134539371026193e-19,1.0251112788417511,0.13171112800083584,-8.488409516439975e-19,-0.016355992754271968,0.999996223352908,5.719917726046695e-20,0.002748323110646842,-3.7513985438322723e-20
2.798,-1.0382303957820613,7.117540851796598e-19,1.0250786138517656,0.13178829115402757,-8.509460894854801e-19,-0.016308989205300883,0.9999968355967863,4.731280506088683e-20,0.0025157099223891916,-3.6109147910350844e-20
2.8000000000000003,-1.0379667496509297,7.100507725533736e-19,1.0250460428297408,0.1318563277403431,-8.523378217093664e-19,-0.016262025559596553,0.9999973893942637,4.2943074487016054e-20,0.0022849955485782013,-3.472139391798566e-20
2.802,-1.0377029765091792,7.083443086797395e-19,1.025013565689209,0.1319153141802511,-8.540974827370471e-19,-0.01621510846108678,0.9999978860729517,4.9561121460021336e-20,0.0020561735403071004,-3.3019290800831743e-20
2.8040000000000003,-1.0374390943809053,7.066346060640589e-19,1.0249811823305608,0.13196532662884006,-8.554686364211025e-19,-0.016168244407612425,0.9999983269438186,2.8741554860719226e-20,0.001829237426723598,-3.4348728889165264e-20
2.806,-1.03717512113816,7.049227635029856e-19,1.0249488926413357,0.1320064409748237,-8.564536882019605e-19,-0.016121439752592025,0.9999987133012882,4.091882335207541e-20,0.001604180715465003,-3.402234032686682e-20
2.8080000000000003,-1.0369110745014845,7.032081127433261e-19,1.0249166964965095,0.1320387328395681,-8.582406068081726e-19,-0.016074700706679584,0.999999046423336,5.305067499443254e-20,0.0013809968930905382,-3.438196601669951e-20
2.81,-1.0366469720404456,7.0148980859610625e-19,1.0248845937587778,0.13206227757614036,-8.600707630745794e-19,-0.016028033339415503,0.999999327571589,5.416084936103054e-20,0.0011596794255108599,-3.369790621499584e-20
2.8120000000000003,-1.0363828311741736,6.997676929052131e-19,1.024852584278837,0.13207715026837855,-8.619443190651479e-19,-0.015981443580870395,0.9999995579914249,3.8821097138609766e-20,0.0009402217584147913,-3.128301200828378e-20
2.814,-1.0361186691719002,6.980426497906367e-19,1.024820667895661,0.1320834257299828,-8.631064772695716e-19,-0.015934937223281733,0.9999997389120721,5.096551856599925e-20,0.0007226173176932745,-3.095556521262969e-20
2.816,-1.0358545031535011,6.963140854467848e-19,1.0247888444367763,0.13208117850362755,-8.655011114366207e-19,-0.01588851992268319,0.9999998715467106,5.757035321473784e-20,0.000506859509860548,-3.0282993799203916e-20
2.818,-1.0355903500900385,6.945813377471878e-19,1.0247571137185316,0.13207048286009448,-8.672896333603573e-19,-0.015842197200526528,0.9999999570925728,5.317927719380328e-20,0.0002929417224725604,-2.9263711808883857e-20
2.82,-1.0353262268043053,6.928446451354909e-19,1.0247254755463662,0.1320514127974262,-8.693385315140072e-19,-0.01579597444529595,0.9999999967310467,4.3352988065445654e-20,8.085732454262638e-05,-2.7902111217176456e-20
2.822,-1.035062149971372,6.911048535352403e-19,1.0246939297150737,0.13202404204010035,-8.704608918377025e-19,-0.015749856914114777,0.9999999916277771,3.906963225466657e-20,-0.00012940033304566963,-2.620146435441103e-20
2.824,-1.034798136119134,6.893622292402483e-19,1.0246624760090635,0.1319884440382242,-8.721714542604855e-19,-0.015703849734344348,0.9999999429327695,4.030293978519653e-20,-0.0003378379171283104,-2.4846744757613017e-20
2.826,-1.0345342016288623,6.876167482658445e-19,1.0246311142026188,0.1319446919667493,-8.731738842627824e-19,-0.01565795790517502,0.9999998517804937,3.0579109610416855e-20,-0.0005444621118534178,-2.5212190089271606e-20
2.828,-1.034270362735753,6.858690324003849e-19,1.0245998440601511,0.13189285872470596,-8.745503851525887e-19,-0.015612186299209178,0.9999997192899878,3.7348181337691844e-20,-0.0007492796182765547,-2.4197114747331045e-20
2.83,-1.034006635529481,6.841186943191152e-19,1.024568665336452,0.13183301693445806,-8.758677663794193e-19,-0.015566539664036143,0.9999995465649628,4.9568219625847496e-20,-0.0009522971539587413,-2.2495382188609792e-20
2.832,-1.0337430359547537,6.823650972332485e-19,1.0245375777769414,0.131765238940977,-8.775575612112949e-19,-0.015521022623798876,0.9999993346939083,2.8850459213542075e-20,-0.001153521452567188,-2.3570249087499414e-20
2.834,-1.0334795798118666,6.806095833391931e-19,1.0245065811179133,0.13168959681113548,-8.778929280454278e-19,-0.01547563968075238,0.9999990847501973,1.918300998300065e-20,-0.001352959263478727,-2.497331322126081e-20
2.836,-1.0332162827572602,6.78852914177354e-19,1.0244756750867772,0.13160616233302053,-8.787131185478192e-19,-0.015430395216813707,0.9999987977921926,1.504495913118961e-20,-0.0015506173513859442,-2.773581634593664e-20
2.838,-1.0329531603040778,6.7709559600401175e-19,1.0244448594022981,0.13151500701526567,-8.78506118734137e-19,-0.015385293495103492,0.9999984748633534,5.443761074113801e-21,-0.001746502495905994,-3.118556081869121e-20
2.84,-1.032690227822726,6.7533816920354325e-19,1.0244141337748325,0.1314162020864022,-8.791094994141903e-19,-0.015340338661478882,0.9999981169923416,2.3294667650227964e-20,-0.0019406214911920961,-3.14952568943377e-20
2.842,-1.0324275005414345,6.735793390722209e-19,1.0243834979065607,0.13130981849422926,-8.796573739655114e-19,-0.015295534746057817,0.9999977251931296,1.364225471586332e-20,-0.002132981145547705,-2.843045221215494e-20
2.844,-1.032164993546819,6.718197922215541e-19,1.0243529514917171,0.13119592690520257,-8.798265343486827e-19,-0.015250885664734579,0.9999973004651069,4.036789694198413e-21,-0.002323588281043339,-2.537243614614382e-20
2.846,-1.0319027217844434,6.700602841096561e-19,1.0243224942168176,0.13107459770384175,-8.796189486746722e-19,-0.01520639522068647,0.9999968437931891,-5.522031973353639e-21,-0.0025124497331360674,-2.232120105751706e-20
2.848,-1.0316407000593861,6.683013506794783e-19,1.024292125760883,0.13094590099215603,-8.794677541012087e-19,-0.015162067105871634,0.9999963561479246,1.7865186757208543e-20,-0.0026995723502916437,-2.090779886995289e-20
2.85,-1.0313789430368037,6.665414770114842e-19,1.0242618457956598,0.13080990658908812,-8.80450662824901e-19,-0.015117904902517834,0.9999958384856042,1.921855762806871e-20,-0.002884962993609278,-2.229835721931237e-20
2.852,-1.0311174652424984,6.6478037712391715e-19,1.0242316539858392,0.13066668402997608,-8.807298567262198e-19,-0.015073912084602235,0.9999952917483694,2.056496532023149e-20,-0.0030686285364490366,-2.3686010998825978e-20
2.854,-1.030856281063486,6.630178741890303e-19,1.0242015499892705,0.13051630256603325,-8.817099353499438e-19,-0.015030092019321999,0.9999947168643207,1.6425110102815497e-20,-0.0032505758640618706,-2.6115163150683117e-20
2.856,-1.0305954047485646,6.612544744082206e-19,1.0241715334571748,0.1303588311638457,-8.818784262097512e-19,-0.014986447968555727,0.9999941147476277,3.4243855637372186e-20,-0.0034308118732222516,-2.74391992567043e-20
2.858,-1.0303348504088836,6.594888501238851e-19,1.0241416040343532,0.13019433850488746,-8.83718210989834e-19,-0.014942983090315621,0.9999934862986375,3.002673126779158e-20,-0.0036093434718634143,-2.6437270894400206e-20
2.86,-1.0300746320185157,6.577212967055753e-19,1.0241117613593933,0.130022892985053,-8.836640595647496e-19,-0.014899700440190285,0.9999928324039845,1.4879112648151754e-20,-0.0037861775787152,-2.5819830400092738e-20
2.862,-1.029814763415027,6.559528619915913e-19,1.0240820050648731,0.1298445627142071,-8.84851489325985e-19,-0.014856602972778233,0.9999921539367006,2.7226355075903897e-20,-0.003961321122944483,-2.784117970272755e-20
2.864,-1.0295552583000507,6.541825411254237e-19,1.0240523347775607,0.1296594155157517,-8.856576112328768e-19,-0.014813693543111826,0.9999914517563242,5.04792263402611e-20,-0.004134781043798183,-2.9814385442196444e-20
2.866,-1.0292961302398598,6.524086149436321e-19,1.0240227501186125,0.12946751892620978,-8.883483681699325e-19,-0.014770974908071796,0.9999907267090105,6.266516111181943e-20,-0.004306564290248845,-3.079957588147988e-20
2.868,-1.0290373926659417,6.506303058973946e-19,1.0239932507037686,0.1292689401948261,-8.897886737700756e-19,-0.014728449727792166,0.9999899796276417,5.2870090968981485e-20,-0.004476677820642784,-3.0506231884237556e-20
2.87,-1.0287790588755727,6.488482769645911e-19,1.0239638361435435,0.12906374628318446,-8.922482977228686e-19,-0.01468612056705561,0.9999892113319366,5.95718414788276e-20,-0.004645128602350784,-2.7741114161869995e-20
2.872,-1.028521142032394,6.470618941246381e-19,1.0239345060434168,0.1288520038648414,-8.94214245249914e-19,-0.014643989896679093,0.9999884226285617,6.624125570400189e-20,-0.004811923611421346,-2.4640292739151377e-20
2.874,-1.0282636551669881,6.45270597084299e-19,1.0239052600040195,0.12863377932497658,-8.97306020018059e-19,-0.014602060094889846,0.9999876143112404,7.836092771624275e-20,-0.00497706983223647,-2.1177769859560492e-20
2.876,-1.0280066111774555,6.434733611784932e-19,1.0238760976213168,0.1284091387600588,-8.999011534510841e-19,-0.014560333448691584,0.9999867871608642,7.397870873426547e-20,-0.005140574257169963,-2.0888523905765176e-20
2.878,-1.027750022829993,6.416705677089544e-19,1.0238470184867905,0.1281781479775286,-9.029715039278929e-19,-0.014518812155220906,0.9999859419456025,8.058894602407652e-20,-0.005302443886248278,-2.1913673689136956e-20
2.88,-1.0274939027594714,6.398619145523278e-19,1.0238180221876165,0.12794087249549638,-9.055451521380792e-19,-0.014477498323093928,0.9999850794210137,5.975584103619885e-20,-0.005462685726813858,-2.0683877091508432e-20
2.882,-1.0272382634700155,6.380489323243959e-19,1.0237891083068411,0.12769737754245636,-9.07301226966136e-19,-0.014436393973742944,0.9999842003301542,3.9027436973371035e-20,-0.00562130679319098,-2.0484618450253987e-20
2.884,-1.0269831173355823,6.362332521072174e-19,1.0237602764235536,0.12744772805701626,-9.082437875137896e-19,-0.01439550104274326,0.99998330540369,1.8399235300124334e-20,-0.0057783141063541005,-2.0628569339192054e-20
2.886,-1.0267284766005422,6.344164968947676e-19,1.0237315261130566,0.12719198868764225,-9.083768625030462e-19,-0.014354821381130076,0.9999823953600064,-2.1292356267268808e-21,-0.0059337146935986825,-2.1114529345640863e-20
2.888,-1.0264743533802587,6.326002816541342e-19,1.0237028569470346,0.12693022379241917,-9.077044512384285e-19,-0.014314356756705334,0.9999814709053186,-2.255453189738002e-20,-0.006087515588214504,-2.2627424739307757e-20
2.89,-1.02622075966167,6.307861056081939e-19,1.023674268493718,0.1266624974388261,-9.065538683802295e-19,-0.014274108855334644,0.9999805327337814,-1.5487348949961e-20,-0.006239723829161428,-2.1228756010895413e-20
2.892,-1.0259677073038693,6.289734490144027e-19,1.0236457603180464,0.12638887340352675,-9.062207123063283e-19,-0.014234079282234111,0.9999795815275996,-2.9768968219954083e-21,-0.006390346460747637,-1.8770128938356312e-20
2.894,-1.0257152080386887,6.271614347995775e-19,1.023617331981829,0.12610941517217475,-9.057314715321916e-19,-0.014194269563247134,0.9999786179571378,-1.2442169761824729e-20,-0.006539390532310322,-1.8512777229047274e-20
2.896,-1.025463273471279,6.2535077055764155e-19,1.023588983043901,0.12582418593923372,-9.048710360313359e-19,-0.014154681146111129,0.9999776426810308,-2.1862465158525175e-20,-0.006686863097898805,-1.8255903027384225e-20
2.898,-1.025211915080694,6.235421968256978e-19,1.0235607130602793,0.12553324860781184,-9.036412563946616e-19,-0.014115315401714118,0.9999766563462928,-3.1240238466861277e-20,-0.006832771215960102,-1.7656859914732168e-20
2.9,-1.0249611442204727,6.2173645044661325e-19,1.023532521584315,0.12523666578951084,-9.020439769375018e-19,-0.014076173625341222,0.9999756595884272,-4.057106895265877e-20,-0.0069771219490269085,-1.74013688094408e-20
2.902,-1.0247109721192225,6.199342645856298e-19,1.0235044081668427,0.12493449980428933,-9.000810299965258e-19,-0.014037257037910977,0.9999746530315359,-4.9859954221000645e-20,-0.007119922363408001,-1.6803724007814484e-20
2.904,-1.0244614098812024,6.181363687497627e-19,1.023476372356329,0.12462681268034027,-8.977542446637842e-19,-0.013998566787201532,0.9999736372884291,-5.910695545042013e-20,-0.007261179528881043,-1.5864744162561637e-20
2.906,-1.0242124684869072,6.163434887863845e-19,1.0234484136990163,0.1243136661539824,-8.950654479700832e-19,-0.013960103949066618,0.9999726129607343,-6.830491292294152e-20,-0.007400900518387798,-1.5613204838191088e-20
2.908,-1.0239641587936508,6.145563469101573e-19,1.0234205317390668,0.12399512166956556,-8.920164440702279e-19,-0.013921869528641393,0.9999715806390046,-7.745672563746617e-20,-0.0075390924077317215,-1.5705240198084197e-20
2.91,-1.0237164915361505,6.127756617453083e-19,1.023392726018702,0.12367124037938977,-8.886090214760628e-19,-0.013883864461538017,0.9999705409028283,-8.656256221681891e-20,-0.0076757622752779385,-1.61396378546557e-20
2.912,-1.023469477327111,6.110021483521279e-19,1.0233649960783402,0.1233420831436379,-8.84844954723836e-19,-0.013846089615031074,0.9999694943209371,-9.56305641581476e-20,-0.007810917201655596,-1.5888453253303162e-20
2.914,-1.0232231266578087,6.092365182435576e-19,1.023337341456733,0.12300771053032171,-8.807260214746696e-19,-0.013808545789232726,0.999968441451314,-1.046580692180148e-19,-0.007944564269462571,-1.5295157166927496e-20
2.916,-1.0229774498986768,6.074794793747284e-19,1.023309761691098,0.12266818281524133,-8.762539982117721e-19,-0.013771233718257704,0.9999673828413023,-1.136453238406145e-19,-0.008076710562972543,-1.4360569187592364e-20
2.918,-1.0227324572998884,6.057317361521495e-19,1.0232822563172488,0.12232355998195785,-8.71430660009505e-19,-0.013734154071378001,0.9999663190277125,-1.2259516866905017e-19,-0.0082073631678444,-1.2742043013491157e-20
2.92,-1.022488158991942,6.039939894237534e-19,1.0232548248697249,0.12197390172177895,-8.662577891255762e-19,-0.013697307454167385,0.9999652505369302,-1.3151047642117053e-19,-0.008336529170833995,-1.009896315984504e-20
2.922,-1.0222445649862455,6.022667209260691e-19,1.023227466881917,0.12161926743375756,-8.611682533415271e-19,-0.013660694409635656,0.9999641778850236,-1.1296514332594875e-19,-0.008464215659508213,-7.919703349535687e-21
2.924,-1.0220016851757014,6.005487931571534e-19,1.0232001818861918,0.12125971622470316,-8.56701035484774e-19,-0.013624315419352663,0.9999631015778501,-1.218977471193572e-19,-0.008590429721961371,-7.005977816267135e-21
2.926,-1.0217595293352906,5.988409051239642e-19,1.0231729694140128,0.12089530690920582,-8.512365659495948e-19,-0.01358817090456212,0.9999620221111634,-1.3078478465968332e-19,-0.008715178446533928,-6.437024788160645e-21
2.928,-1.021518107122657,5.971434298644209e-19,1.0231458289960609,0.12052609800967275,-8.46073007493095e-19,-0.013552261227285149,0.9999609399707194,-1.3963252714567746e-19,-0.008838468921533478,-5.526739085438476e-21
2.93,-1.0212774280786914,5.954573835137822e-19,1.0231187601623508,0.12015214775637723,-8.399157015632491e-19,-0.013516586691413644,0.999959855632383,-1.4844412602676397e-19,-0.008960308234958065,-3.932070782148493e-21
2.932,-1.0210375016281168,5.937832398961394e-19,1.0230917624423468,0.11977351408751984,-8.342783139331827e-19,-0.013481147543793384,0.9999587695622331,-1.4073604364389581e-19,-0.009080703474221753,-5.619453259915892e-21
2.934,-1.0207983370800715,5.921205000750411e-19,1.0230648353650755,0.11939025464930177,-8.285116592212076e-19,-0.013445943975296944,0.9999576822166681,-1.385444103319488e-19,-0.009199661725882486,-7.696009146346597e-21
2.936,-1.0205599436286932,5.904689189068009e-19,1.023037978459237,0.1190024267960102,-8.230477427677262e-19,-0.013410976121886426,0.999956594042512,-1.4183953213200615e-19,-0.009317190075372208,-1.050399046891028e-20
2.938,-1.020322330353703,5.888288269205662e-19,1.0230111912533129,0.1186100875901155,-8.170225721961064e-19,-0.013376244065665947,0.9999555054771176,-1.5059580401679798e-19,-0.009433295606729244,-1.4042600539060988e-20
2.94,-1.0200855062209888,5.872006970633362e-19,1.0229844732756743,0.11821329380238028,-8.111937270426332e-19,-0.013341747835924034,0.9999544169484721,-1.373880022448464e-19,-0.009547985402332926,-1.5309927463331335e-20
2.942,-1.0198494800831885,5.855837058699276e-19,1.022957824054685,0.11781210191197998,-8.058834934457447e-19,-0.013307487410165745,0.9999533288753001,-1.2424313193257882e-19,-0.009661266542640455,-1.657430233471838e-20
2.944,-1.0196142606802734,5.839768187053804e-19,1.0229312431188051,0.117406568106635,-8.010892870585645e-19,-0.013273462715134741,0.9999522416671679,-1.111706546937574e-19,-0.009773146105926,-1.68089993350303e-20
2.946,-1.0193798566401302,5.823790060803317e-19,1.022904729996691,0.11699674828275425,-7.968085475620624e-19,-0.01323967362782514,0.9999511557245866,-9.816017570788246e-20,-0.009883631168022012,-1.704316250521605e-20
2.948,-1.0191462764791441,5.80789243604473e-19,1.0228782842172934,0.11658269804558993,-7.930387334115194e-19,-0.013206119976483306,0.9999500714391145,-8.521474510270885e-20,-0.00999272880206275,-1.693454105312413e-20
2.95,-1.018913528602781,5.792065119577021e-19,1.0228519053099554,0.11616447270940347,-7.897773149736928e-19,-0.01317280154159952,0.99994898919346,-7.232733334620005e-20,-0.01010044607823002,-1.7168412069869667e-20
2.952,-1.0186816213061691,5.77629796870973e-19,1.0228255928045051,0.11574212729764244,-7.870217710808012e-19,-0.013139718056889554,0.9999479093615833,-5.949765595522696e-20,-0.010206790063501095,-1.7743950826520463e-20
2.954,-1.01845056277468,5.760580891100184e-19,1.0227993462313498,0.11531571654312847,-7.847695886125422e-19,-0.0131068692102662,0.9999468323087979,-4.6728917987665346e-20,-0.010311767821398825,-1.831850325256559e-20
2.956,-1.0182203610845106,5.744903844556188e-19,1.0227731651215652,0.11488529488825584,-7.830182672711533e-19,-0.013074254644800762,0.9999457583918717,-3.403135711096136e-20,-0.010415386411743931,-1.7864128617460614e-20
2.958,-1.017991024203263,5.729256836640528e-19,1.0227470490069857,0.11445091648520082,-7.817653315721219e-19,-0.013041873959674532,0.9999446879591282,-2.1390322883727067e-20,-0.01051765289040946,-1.775301170898524e-20
2.96,-1.017762559990525,5.713629924314729e-19,1.0227209974202895,0.1140126351961415,-7.810083145780901e-19,-0.013009726711120263,0.9999436213505458,-8.809270350411223e-21,-0.010618574309077396,-1.7642903672506215e-20
2.962,-1.0175349761984496,5.698013213789357e-19,1.022695009895085,0.1135705045934881,-7.8074476081625e-19,-0.012977812413353685,0.9999425588978587,3.7085408570496865e-21,-0.010718157714997432,-1.7190334343076145e-20
2.964,-1.017308280472335,5.682396860206124e-19,1.0226690859659935,0.11312457796012354,-7.809722334844185e-19,-0.012946130539495063,0.9999415009246551,1.6163506297465153e-20,-0.010816410150747868,-1.6396508216413832e-20
2.966,-1.0170824803512029,5.6667710672614e-19,1.0226432251687299,0.11267490828965428,-7.816883112259453e-19,-0.012914680522480883,0.9999404477464767,2.8555845538441077e-20,-0.010913338653998654,-1.5262222759779563e-20
2.968,-1.0168575832683764,5.651126086938549e-19,1.0226174270401827,0.1122215482866712,-7.828905884269453e-19,-0.012883461755965593,0.999939399670917,4.088964840360393e-20,-0.011008950257276554,-1.4130913246471754e-20
2.97,-1.0166335965520585,5.635452219200011e-19,1.0225916911184918,0.11176455036702047,-7.845766712633192e-19,-0.012852473595213541,0.9999383569977192,5.316512279872222e-20,-0.011103251987732418,-1.3002561401487244e-20
2.972,-1.016410527425909,5.619739811788793e-19,1.0225660169431243,0.11130396665808427,-7.867441765510087e-19,-0.01282171535798109,0.9999373200188731,6.537879611695754e-20,-0.011196250866910569,-1.1534101270562734e-20
2.974,-1.0161883830096212,5.60397925994584e-19,1.0225404040549482,0.11083984899907129,-7.893907376529e-19,-0.012791186325388868,0.9999362890187129,7.752714671130219e-20,-0.011287953910520277,-9.38409310302209e-21
2.976,-1.0159671703194977,5.5881610060531235e-19,1.0225148519963052,0.11037224894131685,-7.92514009305083e-19,-0.01276088574278435,0.9999352642740128,8.961058294232183e-20,-0.011378368128209328,-6.554139422862001e-21
2.978,-1.0157468962690261,5.572277694149969e-19,1.0224893603110814,0.10990121774859254,-7.957884160356154e-19,-0.012730812820594647,0.9999342460540833,7.426475193012062e-20,-0.011467500523339672,-7.469022688542185e-21
2.98,-1.015527567669454,5.556338168900904e-19,1.0224639285447763,0.10942680639742533,-7.981357348558092e-19,-0.01270096673516962,0.9999332346208665,6.446458215222269e-20,-0.011555358092765138,-8.661972739221553e-21
2.982,-1.0153091912303625,5.540349439304308e-19,1.0224385562445697,0.10894906557742591,-8.008528163265557e-19,-0.012671346629615365,0.9999322302290307,8.210224591022275e-20,-0.01164194782661121,-7.821798542691364e-21
2.984,-1.0150917735602403,5.524299449218747e-19,1.0224132429593882,0.10846804569162632,-8.042612358903275e-19,-0.012641951614618029,0.9999312331260652,9.966032798381494e-20,-0.011727276708056861,-7.327059822145561e-21
2.986,-1.0148753211670565,5.5081744061407315e-19,1.0223879882399682,0.10798379685682666,-8.083575700969726e-19,-0.012612780769258074,0.9999302435523738,1.171352192916653e-19,-0.011811351713118428,-6.8338765971902e-21
2.988,-1.0146598404588323,5.491960585881293e-19,1.0223627916389193,0.10749636890395074,-8.1313841113197e-19,-0.012583833141814955,0.9999292617413682,1.3452326549901716e-19,-0.011894179810435519,-5.9995909291152786e-21
2.99,-1.0144453377442126,5.475644332204616e-19,1.0223376527107844,0.1070058113784107,-8.186003729491579e-19,-0.012555107750562346,0.9999282879195605,1.5182495079101575e-19,-0.011975767961058944,-4.824993791264517e-21
2.992,-1.0142318192330368,5.459212056396665e-19,1.0223125710120988,0.10651217354048033,-8.24740087542426e-19,-0.01252660358455385,0.9999273223066556,1.690488182131205e-19,-0.01205612311824068,-3.995743736340151e-21
2.994,-1.0140192910369084,5.442650236967912e-19,1.0222875461014491,0.10601550436567717,-8.315542004642932e-19,-0.012498319604399287,0.9999263651156429,1.861911170715649e-19,-0.01213525222722582,-3.168775481590628e-21
2.996,-1.0138077591697643,5.425945419370625e-19,1.0222625775395278,0.10551585254515307,-8.390393723386344e-19,-0.012470254743031605,0.9999254165528872,2.032522314234212e-19,-0.012213162225046545,-2.3440675209511162e-21
2.998,-1.0135972295484434,5.40908421568716e-19,1.0222376648891887,0.10501326648609335,-8.471922800379397e-19,-0.012442407906464444,0.9999244768182194,2.202283848357747e-19,-0.01228986004031807,-1.1789623624144996e-21
3.0,-1.0133877079932536,5.392054381654832e-19,1.0222128077154997,0.10450779431212426,-8.556864015739885e-19,-0.012414777974540391,0.9999235461050261,2.0973434393502957e-19,-0.012365352593036576,-2.0673719816056544e-21
3.0020000000000002,-1.013179200228539,5.374864558517559e-19,1.0221880055857948,0.1039994838637287,-8.632275152006657e-19,-0.012387363801669953,0.9999226246003394,1.9379955757179606e-19,-0.01243964679437913,-1.3076132891537584e-21
3.004,-1.0129717118832449,5.357525501013713e-19,1.022163258069724,0.1034883826986702,-8.70574338493695e-19,-0.012360164217561354,0.9999217124849259,1.7791485744608178e-19,-0.012512749546505546,4.799767517160368e-22
3.0060000000000002,-1.012765248491484,5.340048988436502e-19,1.0221385647393013,0.10297453809242485,-8.770812542630273e-19,-0.012333178027941106,0.9999208099333741,1.78573392709433e-19,-0.012584667742362218,7.566145977133614e-22
3.008,-1.0125598154931,5.322434894412794e-19,1.0221139251689535,0.10245799703862139,-8.843682911796193e-19,-0.012306404015265506,0.9999199171141828,1.8468943314669408e-19,-0.012655408265487895,1.787265841742694e-21
3.0100000000000002,-1.0123554182342303,5.304680226775724e-19,1.0220893389355645,0.10193880624948899,-8.910306891517471e-19,-0.012279840939423015,0.9999190341898483,1.74360412323959e-19,-0.012724977989821404,2.088851118517766e-22
3.012,-1.0121520619678692,5.286792783352167e-19,1.0220648056185206,0.10141701215631294,-8.977180970961777e-19,-0.012253487538427603,0.9999181613169502,1.640886959433735e-19,-0.012793383779511277,-1.0224732129092192e-21
3.0140000000000002,-1.0119497518544291,5.26877780599292e-19,1.0220403247997532,0.10089266090989797,-9.037843170314362e-19,-0.01222734252910312,0.9999172986462381,1.6479078605973186e-19,-0.012860632488727333,-5.452057334030058e-23
3.016,-1.0117484929623006,5.250636557004437e-19,1.0220158960637808,0.10036579838103923,-9.104171473046593e-19,-0.012201404607758698,0.9999164463227165,1.7645802490762266e-19,-0.012926730961474151,1.7389507576206108e-21
3.0180000000000002,-1.0115482902684123,5.232359878240194e-19,1.0219915189977493,0.09983647016100067,-9.173988404841784e-19,-0.012175672450855308,0.9999156044857295,1.990474947535697e-19,-0.012991686031406446,3.6699031089364506e-21
3.02,-1.0113491486587898,5.213932542585138e-19,1.0219671931914707,0.0993047215620009,-9.25374402401377e-19,-0.012150144715663398,0.999914773269045,1.9963247153250601e-19,-0.013055504521646348,2.9124376921722247e-21
3.0220000000000002,-1.0111510729291122,5.195351609211618e-19,1.021942918237461,0.0987705976177064,-9.327225978633368e-19,-0.012124820040911807,0.9999139528009386,2.0567034332769157e-19,-0.01311819324460257,3.256249498754759e-21
3.024,-1.01095406778527,5.176613439210652e-19,1.0219186937309772,0.09823414308373182,-9.411696995833327e-19,-0.0120996970474279,0.999913143204276,2.171573402365307e-19,-0.01317975900179144,4.013408143250664e-21
3.0260000000000002,-1.0107581378439199,5.15770903044875e-19,1.0218945192700515,0.09769540243814755,-9.493102921290714e-19,-0.012074774338768983,0.999912344596596,2.285983747202931e-19,-0.013240208583659815,5.111020899937128e-21
3.028,-1.0105632876330395,5.138630492386919e-19,1.0218703944555259,0.09715441988199422,-9.58546365858384e-19,-0.012050050501845141,0.9999115570901911,2.290256338788852e-19,-0.013299548769409851,5.7172706866067965e-21
3.0300000000000002,-1.0103695215924808,5.119375362436271e-19,1.0218463188910847,0.09661123933980426,-9.67041114839808e-19,-0.012025524107533393,0.99991078079219,2.349296388179647e-19,-0.013357786326825622,4.682515613418291e-21
3.032,-1.0101768440745231,5.099939766337132e-19,1.0218222921832858,0.0960659044601302,-9.765209773215855e-19,-0.012001193711283387,0.9999100158046373,2.3533261861526174e-19,-0.013414928012101581,2.891753255363701e-21
3.0340000000000003,-1.0099852593444238,5.080322365209541e-19,1.0217983139415912,0.09551845861607987,-9.85149699792137e-19,-0.011977057853714534,0.9999092622245737,2.302475723484302e-19,-0.013470980569672863,3.46460334615233e-22
3.036,-1.0097947715809694,5.0605261390695905e-19,1.021774383778396,0.09496894490585814,-9.945473555856408e-19,-0.011953115061204767,0.9999085201441149,2.5257763010001604e-19,-0.01352595073204741,5.762587758355572e-22
3.0380000000000003,-1.0096053848770241,5.040538609873324e-19,1.0217505013090562,0.09441740615331538,-1.0041716734582476e-18,-0.011929363846470862,0.9999077896505308,2.473721454772049e-19,-0.013579845219639909,2.8332444459960196e-21
3.04,-1.0094171032400785,5.020360644349503e-19,1.0217266661519155,0.09386388490850242,-1.0135911531913025e-18,-0.01190580270914044,0.9999070708263232,2.4218689278009863e-19,-0.01363267074060754,5.427913327303463e-21
3.0420000000000003,-1.0092299305927963,4.999996328970887e-19,1.021702877928331,0.09330842344823184,-1.0228068224243134e-18,-0.011882430136315738,0.9999063637493034,2.370264103892442e-19,-0.013684433990687531,8.016829042935745e-21
3.044,-1.0090438707735603,4.979449729729339e-19,1.0216791362626978,0.0927510637766457,-1.0318197018651237e-18,-0.011859244603129078,0.9999056684926688,2.3189522649477297e-19,-0.013735141653036496,1.025736933902614e-20
3.0460000000000003,-1.0088589275370174,4.958724892268404e-19,1.0216554407824718,0.09219184762578947,-1.0406308065426784e-18,-0.011836244573290225,0.9999049851250794,2.2677913757853375e-19,-0.013784800398071562,1.317824200191127e-20
3.048,-1.0086751045546218,4.937825841942689e-19,1.0216317911181927,0.09163081645619216,-1.049241149422208e-18,-0.01181342849962561,0.9999043137107333,2.2168748840704307e-19,-0.01383341688331326,1.6092570684140267e-20
3.0500000000000003,-1.0084924054151778,4.916756583906162e-19,1.0216081869035047,0.09106801145745254,-1.0576517384735167e-18,-0.011790794824609482,0.9999036543094414,2.1661542442425132e-19,-0.013880997753230201,1.9342181440568313e-20
3.052,-1.008310833625381,4.895521103178791e-19,1.0215846277751774,0.09050347354883134,-1.0658635790914216e-18,-0.011768341980887076,0.9999030069767021,2.1156286876164927e-19,-0.013927549639085485,2.2927086464009237e-20
3.0540000000000003,-1.008130392610358,4.874123364703428e-19,1.0215611133731242,0.08993724337984942,-1.07387767264489e-18,-0.011746068391789806,0.9999023717637749,2.0653922003333982e-19,-0.01397307915878488,2.6161228303169192e-20
3.056,-1.0079510857142058,4.852567313465698e-19,1.0215376433404206,0.08936936133089171,-1.081695013706446e-18,-0.01172397247184259,0.9999017487177532,2.0154435337919194e-19,-0.014017592916726726,2.904462043953066e-20
3.0580000000000003,-1.0077729162005291,4.830856874647634e-19,1.0215142173233216,0.08879986751381702,-1.089316587098257e-18,-0.011702052627263334,0.9999011378816371,1.9658764882738276e-19,-0.014061097503653584,3.089405020318418e-20
3.06,-1.007595887252977,4.808995953843344e-19,1.0214908349712775,0.08822880177257345,-1.0967433674290268e-18,-0.011680307256454608,0.9999005392944051,1.916497009035052e-19,-0.014103599496505593,3.3082067158000626e-20
3.0620000000000003,-1.0074200019757784,4.786988437198121e-19,1.0214674959369492,0.0876562036838194,-1.10397632604002e-18,-0.011658734750487636,0.9998999529910853,1.8672562477767206e-19,-0.014145105458275553,3.594967893474801e-20
3.064,-1.007245263394275,4.764838191450511e-19,1.0214441998762225,0.08708211255755022,-1.1110164327833722e-18,-0.01163733349357861,0.9998993790028256,1.8182019829580931e-19,-0.014185621937865716,3.9152642317966466e-20
3.0660000000000003,-1.007071674455455,4.742549063957745e-19,1.021420946448221,0.08650656743773012,-1.117864655158157e-18,-0.01161610186355737,0.9998988173569644,1.7692359235457026e-19,-0.014225155469946264,4.3376223099849264e-20
3.068,-1.0068992380284845,4.72012380559096e-19,1.0213977353153187,0.08592960710292967,-1.124629671490799e-18,-0.011595038232328556,0.9998982680770996,1.8308738475707754e-19,-0.014263712574815483,4.260750656585533e-20
3.0700000000000003,-1.0067279569052365,4.697560482570507e-19,1.0213745661431515,0.0853512700669684,-1.1318506222645714e-18,-0.011574140966325256,0.9998977311831568,2.0021668269848535e-19,-0.014301299758261624,4.165471037356098e-20
3.072,-1.0065578338008212,4.674844959492562e-19,1.021351438600627,0.08477159457956274,-1.1396338034639052e-18,-0.011553408426955219,0.9998972066914582,1.9530083413771644e-19,-0.01433792351142642,4.381577486345597e-20
3.074,-1.0063888713541127,4.651981816688591e-19,1.0213283523599352,0.08419061862697907,-1.146469129764952e-18,-0.011532838971039685,0.9998966946147892,1.6304231516428237e-19,-0.014373590310670281,4.2495372880755774e-20
3.076,-1.0062210721282754,4.628993565050971e-19,1.0213053070965565,0.08360837993269185,-1.1523611140349831e-18,-0.011512430951244912,0.9998961949624662,1.5284014201713878e-19,-0.014408306617439151,4.3207282854400266e-20
3.078,-1.006054438611289,4.605888245872153e-19,1.0212823024892694,0.08302491595804669,-1.1581761152061646e-18,-0.011492182716506419,0.9998957077404013,1.4816032225902007e-19,-0.014442078878132984,4.365416809729794e-20
3.08,-1.0058889732164724,4.582671351256629e-19,1.0212593382201582,0.08244026390292843,-1.1633751025693724e-18,-0.01147209261244603,0.9998952329511694,1.2706831361455077e-19,-0.01447491352397589,4.214901854923123e-20
3.082,-1.005724678283005,4.559358769108778e-19,1.021236413974619,0.081854460706434,-1.1677455229865712e-18,-0.011452158981781776,0.9998947705940726,1.0608116493794614e-19,-0.014506816970887897,4.0306454912302427e-20
3.084,-1.0055615560764486,4.535967029850103e-19,1.0212135294413647,0.0812675430475501,-1.1712914650718252e-18,-0.011432380164730709,0.999894320665204,8.519840691896506e-20,-0.014537795619358338,3.8126444676659857e-20
3.086,-1.0053996087892667,4.512512582332241e-19,1.02119068431243,0.08067954734583554,-1.1740169968121592e-18,-0.011412754499404687,0.9998938831575117,6.441457101505597e-20,-0.014567855854320844,3.5951580550495344e-20
3.088,-1.0052388385413422,4.48901071716923e-19,1.0211678782831755,0.08009050976210827,-1.1762492923450927e-18,-0.011393280322199205,0.9998934580608623,7.111427203084905e-20,-0.014597004045029964,3.58955222866946e-20
3.09,-1.0050792473804948,4.46545583060073e-19,1.0211451110522896,0.07950046619913692,-1.1793906477344864e-18,-0.011373955968175278,0.9998930453621026,9.423517831618139e-20,-0.014625246544939357,3.470963515310844e-20
3.092,-1.0049208372829959,4.44183337424765e-19,1.0211223823217923,0.07890945230233688,-1.182682430006542e-18,-0.011354779771434512,0.9998926450451219,7.339038735073593e-20,-0.014652589691581588,3.2884361539622444e-20
3.094,-1.0047636101540829,4.418157233124772e-19,1.0210996917970359,0.07831750346047076,-1.18504699069786e-18,-0.011335750065487366,0.999892257090913,8.000424331540356e-20,-0.0146790398064495,3.4892117266899e-20
3.096,-1.0046075678284718,4.394422206986443e-19,1.0210770391867054,0.07772465480635321,-1.1885348240039339e-18,-0.011316865183614674,0.9998918814776331,9.205871553571986e-20,-0.014704603194879172,3.766027252183423e-20
3.098,-1.0044527120708684,4.37062024156298e-19,1.02105442420282,0.07713094121756012,-1.1916328380852214e-18,-0.011298123459222506,0.999891518180663,8.766543359118499e-20,-0.014729286145934406,3.641120138162231e-20
3.1,-1.0042990445764777,4.346752656867752e-19,1.021031846560731,0.07653639731714187,-1.1952045916204752e-18,-0.011279523226190394,0.9998911671726672,9.426189259700222e-20,-0.01475309493229282,3.498419952556921e-20
3.102,-1.0041465669715126,4.322816456235311e-19,1.0210093059791217,0.07594105747434089,-1.1982789036398171e-18,-0.011261062819213054,0.9998908284236523,7.339477891992894e-20,-0.014776035810133443,3.5555374393180786e-20
3.104,-1.003995280813701,4.29882695676602e-19,1.0209868021800041,0.0753449558053132,-1.2005351239635364e-18,-0.011242740574135544,0.999890501901025,5.262152472335046e-20,-0.014798115019025877,3.646860994744821e-20
3.106,-1.0038451875927903,4.274800479761928e-19,1.0209643348887179,0.07474812617385403,-1.2019773022692233e-18,-0.011224554828282012,0.9998901875696499,3.19568486950154e-20,-0.014819338781820986,3.6696016080838474e-20
3.108,-1.003696288731053,4.250753265746869e-19,1.0209419038339258,0.07415060219212737,-1.2026094668441151e-18,-0.0112065039207781,0.9998898853919059,1.1400256482217168e-20,-0.014839713304543097,3.62383869425702e-20
3.11,-1.0035485855837876,4.226701474889472e-19,1.0209195087476104,0.07355241722139941,-1.2024356249204762e-18,-0.011188586192866966,0.9998895953277432,-9.063989646847861e-21,-0.014859244776283729,3.612438623879062e-20
3.112,-1.0034020794398204,4.202661187408582e-19,1.0208971493650696,0.07295360437277582,-1.2014597652636336e-18,-0.011170799988219111,0.9998893173347384,-2.9436318919331805e-20,-0.014877939369096828,3.6353993362872197e-20
3.114,-1.003256771522005,4.178648403918663e-19,1.020874825424911,0.07235419650794274,-1.1996858586403046e-18,-0.011153143653235937,0.9998890513681494,-4.9717204701831066e-20,-0.014895803237895484,3.692718728393308e-20
3.116,-1.0031126629877212,4.1546790458051817e-19,1.0208525366690462,0.07175422623991155,-1.1971178576057489e-18,-0.011135615537347253,0.9998887973809703,-6.990708212806682e-20,-0.014912842520350165,3.7843135445462154e-20
3.118,-1.0029697549293695,4.1307689555837084e-19,1.0208302828426852,0.07115372593376722,-1.1937596964768942e-18,-0.011118213993302605,0.999888555323985,-9.000128106785813e-20,-0.014929063336788412,3.875797788899631e-20
3.12,-1.0028280483748684,4.1069338972725966e-19,1.0208080636943284,0.07055272770742019,-1.1896152906270314e-18,-0.01110093737745666,0.9998883251458208,-1.1000025171064234e-19,-0.014944471790096028,3.967129326116144e-20
3.122,-1.002687544288147,4.0831895567702824e-19,1.02078587897576,0.06995126343236188,-1.1846885365528284e-18,-0.011083784050048572,0.9998881067930004,-1.2989933218974238e-19,-0.014959073965619702,4.0240444255428686e-20
3.124,-1.0025482435696371,4.0595515422431226e-19,1.0207637284420394,0.06934936473442356,-1.1789833109621577e-18,-0.01106675237547547,0.9998879002099947,-1.4969900158270238e-19,-0.014972875931071133,4.046663512452358e-20
3.126,-1.002410147056764,4.036034307541328e-19,1.0207416118514931,0.06874706299453857,-1.1728265629702688e-18,-0.011049840722560093,0.9998877053392734,-1.4197447276230616e-19,-0.014985883736432568,3.9732024404457283e-20
3.128,-1.0022732555244347,4.0126324951846875e-19,1.020719528965705,0.068144389349508,-1.1674048522347877e-18,-0.011033047464812658,0.9998875221213568,-1.3430985325655185e-19,-0.014998103413863807,3.968382424881952e-20
3.13,-1.0021375696855273,3.9893404180300226e-19,1.0206974795495067,0.06754137469276952,-1.161745108184006e-18,-0.011016370980686948,0.999887350494865,-1.3218409764484727e-19,-0.015009540977610623,4.09240343961992e-20
3.132,-1.0020030901913746,3.9661563657628e-19,1.0206754633709685,0.06693804967516948,-1.1568177730947769e-18,-0.010999809653830806,0.9998871903965688,-1.0810193255795646e-19,-0.015020202423914622,4.0778186783058653e-20
3.134,-1.0018698176322502,3.943061405847919e-19,1.0206534802013876,0.0663344447057381,-1.1528351243208267e-18,-0.010983361873330934,0.9998870417614378,-8.413909643176427e-20,-0.015030093730924525,4.0974369848645235e-20
3.136,-1.0017377525378508,3.9200366913436536e-19,1.0206315298152773,0.06573058995246785,-1.1497924869499679e-18,-0.010967026033952214,0.9998869045226892,-6.028988239884159e-20,-0.015039220858608832,4.116876571959179e-20
3.138,-1.0016068953777773,3.897063468582222e-19,1.0206096119903556,0.06512651534309474,-1.1476852085424869e-18,-0.010950800536371492,0.9998867786118363,-3.6553751683989554e-20,-0.015047589748669928,4.1361400083502127e-20
3.14,-1.0014772465620148,3.874123076722261e-19,1.0205877265075332,0.06452225056588272,-1.1465086586810997e-18,-0.010934683787405907,0.9998866639587347,-1.291987556410243e-20,-0.015055206324459553,4.086786508001528e-20
3.142,-1.0013488064414109,3.851196947315302e-19,1.0205658731509002,0.06391782507041081,-1.1462582288378725e-18,-0.01091867420023591,0.99988656049163,1.058133373886122e-20,-0.015062076490895668,4.174432566726571e-20
3.144,-1.0012215753081517,3.828268757698452e-19,1.0205440517077147,0.06331326806836335,-1.1466062562917317e-18,-0.010902770194622909,0.9998864681372038,6.5922348817160454e-21,-0.015068206134380707,4.0150058395631866e-20
3.146,-1.0010955533962373,3.805338062368169e-19,1.0205222619683876,0.06270860853432281,-1.1463653347671716e-18,-0.01088697019712164,0.9998863868206191,-2.854763120029882e-21,-0.015073601122721183,3.8135294718951635e-20
3.148,-1.000970740881955,3.782412305242926e-19,1.0205005037264703,0.06210387520656547,-1.146292215466824e-18,-0.010871272641287389,0.9998863164655656,9.634736983247847e-21,-0.015078267305048677,3.885497586115731e-20
3.15,-1.0008471378843515,3.759483107895845e-19,1.0204787767786399,0.06149909658785981,-1.146708968352798e-18,-0.010855675967878018,0.9998862569943039,2.2059821910267684e-20,-0.015082210511742165,3.991513381487777e-20
3.152,-1.0007247444657024,3.7365406971656184e-19,1.0204570809246842,0.06089430094626751,-1.1476131670166114e-18,-0.010840178625050904,0.9998862083277098,3.441561601392705e-20,-0.015085436554351697,4.1657594732571774e-20
3.154,-1.0006035606319812,3.7135753483022623e-19,1.0204354159674873,0.06028951631594697,-1.1490023967208243e-18,-0.010824779068554865,0.9998861703853174,4.670242047681554e-20,-0.01508795122552342,4.408075189637374e-20
3.156,-1.0004835863333266,3.6905795385225206e-19,1.0204137817130143,0.05968477049795951,-1.1504434968156979e-18,-0.010809475761917119,0.999886143085362,2.608048158513922e-20,-0.015089760298925923,4.326045236474756e-20
3.158,-1.0003648214645076,3.667566242820858e-19,1.020392177970295,0.05908009106107791,-1.150967007174447e-18,-0.010794267176625265,0.9998861263448221,3.3007458308295935e-20,-0.015090869529177911,4.011471612048379e-20
3.16,-1.000247265865387,3.6445307880907705e-19,1.020370604551408,0.05847550534259744,-1.1526232041752631e-18,-0.010779151792304462,0.9998861200794615,3.9826639945033446e-20,-0.015091284651777203,4.108707984670344e-20
3.162,-1.0001309193213836,3.62147032203885e-19,1.0203490612714647,0.05787104044914928,-1.1531448630666487e-18,-0.010764128096889784,0.9998861242038704,8.219021842625284e-21,-0.015091011383031013,4.284945496642019e-20
3.164,-1.0000157815639337,3.5984074921115955e-19,1.0203275479485923,0.057266723257516194,-1.1530760325710437e-18,-0.010749194586793801,0.9998861386315053,-1.2566775224069003e-21,-0.015090055419987562,4.2199767670974186e-20
3.166,-0.9999018522709485,3.5753497585878836e-19,1.0203060644039157,0.056662580415450546,-1.1526355170114063e-18,-0.010734349767069499,0.9998861632747306,-1.0692629075877108e-20,-0.015088422440368955,4.189417512799884e-20
3.168,-0.9997891310672723,3.552304536780111e-19,1.0202846104615417,0.056058638342494485,-1.1518251538339425e-18,-0.010719592151568497,0.9998861980448563,-2.010454083429123e-20,-0.015086118102505366,4.2959314835759233e-20
3.17,-0.9996776175251378,3.5292792053426766e-19,1.0202631859485405,0.055454923230802325,-1.1506467714031659e-18,-0.01070492026309478,0.9998862428521782,-2.9461584126173105e-20,-0.015083148045270474,4.3337819420688913e-20
3.172,-0.99956731116462,3.506281106450277e-19,1.020241790694927,0.05485146104596502,-1.1491021893943648e-18,-0.010690332633553812,0.9998862976060157,-3.876914974541531e-20,-0.015079517888018196,4.3373118962899043e-20
3.174,-0.9994582114540888,3.483317545969992e-19,1.0202204245336435,0.05424827752783674,-1.1471932188940626e-18,-0.010675827804097236,0.9998863622147499,-4.8037794588103556e-20,-0.015075233230520653,4.3751264192935294e-20
3.176,-0.999350317810659,3.4603957936350593e-19,1.0201990873005404,0.0536453981913634,-1.144921662132786e-18,-0.010661404325263111,0.9998864365858616,-5.726771906381586e-20,-0.015070299652907421,4.4471434762040666e-20
3.178,-0.9992436296006402,3.437523083223903e-19,1.0201777788343578,0.05304284832741326,-1.1422893123257478e-18,-0.0106470607571118,0.9998865206259672,-6.64539477358014e-20,-0.015064722715605997,4.518937768665739e-20
3.18,-0.9991381461399834,3.4147066127373404e-19,1.0201564989767056,0.05244065300360931,-1.1392979542074559e-18,-0.010632795669357573,0.9998866142408553,-7.55915353942577e-20,-0.015058507959283526,4.5563686618483105e-20
3.182,-0.9990338666947269,3.3919535445655435e-19,1.0201352475720449,0.05183883706516366,-1.135949364016999e-18,-0.010618607641495909,0.999886717335523,-8.469102756142439e-20,-0.015051660904789746,4.6280413804157106e-20
3.184,-0.9989307904814404,3.369271005661587e-19,1.0201140244676679,0.05123742513571366,-1.1322453090867415e-18,-0.010604495262926625,0.9998868298142107,-9.375261118332938e-20,-0.015044187053101158,4.7337928110532445e-20
3.186,-0.998828916667667,3.3466660877221627e-19,1.0200928295136777,0.05063644161815983,-1.1281875478776482e-18,-0.010590457133072863,0.9998869515804368,-1.0277648350295012e-19,-0.015036091885266419,4.8735820686532207e-20
3.188,-0.9987282443723643,3.3241458473649226e-19,1.0200716625629687,0.05003591069550553,-1.123777829629184e-18,-0.010576491861495965,0.9998870825370327,-1.1176799560836743e-19,-0.01502738086235294,5.0815494070442927e-20
3.19,-0.9986287726663428,3.3017173063158296e-19,1.0200505234712056,0.04943585633169827,-1.1190178944752986e-18,-0.010562598068006282,0.9998872225861757,-1.2071188072161781e-19,-0.015018059425394675,5.254786314315304e-20
3.192,-0.9985305005727035,3.279387451583123e-19,1.0200294120968034,0.048836302272472716,-1.1139094739950368e-18,-0.010548774382770064,0.9998873716294226,-1.296134928842617e-19,-0.015008132995341107,5.427555482370999e-20
3.194,-0.9984334270672737,3.2571632356257883e-19,1.0200083283009065,0.048237272046195205,-1.1084542918417616e-18,-0.010535019446412344,0.9998875295677431,-1.384524712822568e-19,-0.014997606973007437,5.462970660137303e-20
3.196,-0.9983375510790402,3.2350515764975152e-19,1.019987271947367,0.04763878896470988,-1.1026540648050187e-18,-0.010521331910115957,0.9998876963015507,-1.4725474863972863e-19,-0.01498648673902592,5.532586987563653e-20
3.198,-0.9982428714905823,3.21305935799999e-19,1.0199662429027245,0.047040876124186295,-1.0965105011167872e-18,-0.010507710435716766,0.9998878717307358,-1.56020525849201e-19,-0.014974777653798399,5.636363330934994e-20
3.2,-0.9981493871385017,3.191193429857371e-19,1.0199452410361838,0.04644355640596842,-1.0900253002455797e-18,-0.010494153695795046,0.9998880557546963,-1.6474485240262235e-19,-0.014962485057449978,5.739915158762528e-20
3.202,-0.9980570968138515,3.1694606078892485e-19,1.0199242662195938,0.04584685247742516,-1.083200153199998e-18,-0.010480660373763172,0.9998882482723686,-1.7343305795134866e-19,-0.014949614269783872,5.877504660509831e-20
3.204,-0.9979659992625635,3.1478676741847203e-19,1.0199033183274258,0.04525078679280214,-1.0760367419580762e-18,-0.010467229163949633,0.9998884491822577,-1.820955823855616e-19,-0.014936170590237394,6.11757513294682e-20
3.206,-0.9978760931858733,3.1264203005086904e-19,1.0198823972367512,0.04465538159407484,-1.0688597734096143e-18,-0.0104538587716794,0.9998886583824677,-1.6327667082901024e-19,-0.014922159297839079,6.192547773127748e-20
3.208,-0.9977873772407442,3.105107264861965e-19,1.0198615028272202,0.044060658911803066,-1.0625305685731217e-18,-0.010440547913350738,0.99988887577073,-1.719313050713091e-19,-0.014907585651166944,6.055048780899917e-20
3.21,-0.9976998500402888,3.083928528444357e-19,1.0198406349810385,0.04346664056598655,-1.0553222721635282e-18,-0.010427295316508479,0.9998891012444335,-1.6959157933002614e-19,-0.014892454888307885,5.831457526014508e-20
3.212,-0.99761351015419,3.062886202630505e-19,1.0198197935829458,0.042873348166921815,-1.0488535448485113e-18,-0.010414099719913812,0.9998893347006521,-1.6726282154388787e-19,-0.01487677222681817,5.608378270303656e-20
3.214,-0.9975283561091186,3.0419802517406156e-19,1.0197989785201929,0.04228080311606015,-1.0417206009666405e-18,-0.010400959873610659,0.9998895760361731,-1.7045758213207933e-19,-0.014860542863685062,5.583227777543459e-20
3.216,-0.9974443863891509,3.0212117239008154e-19,1.0197781896825189,0.04168902660686675,-1.0350036628498084e-18,-0.010387874538988663,0.9998898251475244,-1.73632137762185e-19,-0.014843771975289539,5.523957139496508e-20
3.218,-0.9973615994361835,3.0005848859479736e-19,1.0197574269621292,0.041098039625680795,-1.0276235805736374e-18,-0.010374842488842878,0.9998900819310022,-1.7675319638593413e-19,-0.014826464717370107,5.293616923838014e-20
3.22,-0.9972799936503467,2.980101829491851e-19,1.0197366902536722,0.040507862952576724,-1.0205539138674373e-18,-0.010361862507430123,0.9998903462826964,-1.908001076814348e-19,-0.014808626224987702,4.979020264084735e-20
3.222,-0.997199567390416,2.959774312381613e-19,1.0197159794542157,0.03991851716222633,-1.0121776745977002e-18,-0.010348933390522173,0.9998906180985179,-2.0477293236274363e-19,-0.014790261612491688,4.5280580856544365e-20
3.224,-0.9971203189742227,2.93960830794931e-19,1.019695294463225,0.039330022624761894,-1.0045464789683556e-18,-0.010336053945455729,0.9998908972742236,-1.8036681088331795e-19,-0.0147713759734869,4.374600786134856e-20
3.226,-0.9970422466790612,2.9195896673174157e-19,1.0196746351825385,0.03874239950664019,-9.973327781318991e-19,-0.010323222991179224,0.9998911837054411,-1.7805776604116958e-19,-0.01475197438080177,4.4630570742548284e-20
3.228,-0.9969653487420961,2.899714375857771e-19,1.0196540015163456,0.03815566777150733,-9.902114890744979e-19,-0.010310439358296574,0.9998914772876971,-1.7575469545459802e-19,-0.01473206188645757,4.517063811399962e-20
3.23,-0.9968896233607668,2.879980589883185e-19,1.0196333933711625,0.03756984718106446,-9.83182157158206e-19,-0.01029770188910792,0.9998917779164364,-1.7345756133383856e-19,-0.014711643521638562,4.5366216648101716e-20
3.232,-0.9968150686931905,2.8603864747700494e-19,1.0196128106558093,0.03698495729593422,-9.762443311212062e-19,-0.010285009437647355,0.9998920854870486,-1.7117133791117634e-19,-0.014690724296663344,4.55603439128048e-20
3.234,-0.9967416828585635,2.840930204890727e-19,1.019592253281386,0.03640101747652797,-9.693975622135893e-19,-0.010272360869717669,0.999892399894892,-1.6889096462526942e-19,-0.014669309200957152,4.5411619412169924e-20
3.236,-0.9966694639375607,2.82160996356703e-19,1.0195717211612492,0.035818046883913664,-9.62641404821087e-19,-0.010259755062922225,0.9998927210353159,-1.6661637929603987e-19,-0.014647403203025225,4.492085853708107e-20
3.238,-0.9965984099727336,2.8024239429939483e-19,1.0195512142109886,0.03523606448068445,-9.559754168140862e-19,-0.010247190906693984,0.9998930488036832,-1.6434754171824408e-19,-0.014625011250427174,4.408887440183807e-20
3.24,-0.9965285189689063,2.783370344179967e-19,1.0195307323484033,0.034655089031827846,-9.493991587155031e-19,-0.010234667302321728,0.9998933830953933,-1.6209444421257754e-19,-0.014602138269752386,4.360132142820253e-20
3.242,-0.9964597888935695,2.76444737691124e-19,1.0195102754934777,0.03407513910559556,-9.429121926433257e-19,-0.010222183162973474,0.9998937238059032,-1.5985701530014781e-19,-0.014578789166596419,4.345738561477846e-20
3.244,-0.9963922176772736,2.7456532597134532e-19,1.0194898435683581,0.033496233074373785,-9.3651408211061e-19,-0.010209737413717217,0.9998940708307493,-1.576252067492933e-19,-0.014554968825538415,4.2971410798027414e-20
3.246,-0.9963258032140195,2.726986219819863e-19,1.0194694364973287,0.03291838911555409,-9.302043930499542e-19,-0.010197328991539,0.9998944240655683,-1.5541393817338698e-19,-0.014530682110119503,4.3171273117145823e-20
3.248,-0.9962605433616474,2.7084444931372555e-19,1.0194490542067876,0.03234162521240473,-9.239826920666828e-19,-0.010184956845358311,0.9998947834061178,-1.5320821002161658e-19,-0.014505933862822187,4.302828551289098e-20
3.25,-0.9961964359422243,2.6900263242161056e-19,1.0194286966252235,0.031765959154942396,-9.17848547838714e-19,-0.010172619936040938,0.9998951487482967,-1.5102290736097126e-19,-0.014480728905050718,4.35707326677128e-20
3.2520000000000002,-0.9961334787424299,2.6717299662372005e-19,1.0194083636831912,0.031191408540804412,-9.118015291535893e-19,-0.01016031723640926,0.9998955199881645,-1.4884805369958776e-19,-0.014455072037112446,4.4112553049210966e-20
3.254,-0.99607166951394,2.6535536809868496e-19,1.019388055313288,0.030617990776121262,-9.058412064995707e-19,-0.010148047731250056,0.9998958970219614,-1.4668357378521727e-19,-0.014428968038200124,4.46525321933897e-20
3.2560000000000002,-0.9960110059738091,2.6354957388235985e-19,1.0193677714501292,0.030045723076389457,-8.999671518590728e-19,-0.010135810417319834,0.9998962797461264,-1.4453933466753417e-19,-0.014402421666375191,4.5875927707979464e-20
3.258,-0.9959514858048506,2.617554418668461e-19,1.0193475120303253,0.029474622467344707,-8.941789377734536e-19,-0.01012360430334778,0.9998966680573173,-1.424004494912545e-19,-0.014375437658552,4.6754462700854404e-20
3.2600000000000002,-0.9958931066560154,2.5997280079625507e-19,1.0193272769924568,0.028904705785835337,-8.884761390277203e-19,-0.010111428410036297,0.9998970618524277,-1.4027674092127063e-19,-0.014348020730482984,4.797339631251186e-20
3.262,-0.9958358661427689,2.5820148026428836e-19,1.0193070662770511,0.028335989680695953,-8.828583315461294e-19,-0.01009928177005924,0.9998974610286053,-1.3816323914395916e-19,-0.014320175576744778,4.918970364117338e-20
3.2640000000000002,-0.995779761847466,2.5644131071125327e-19,1.0192868798265584,0.02776849061362128,-8.773250927347656e-19,-0.010087163428057877,0.9998978654832695,-1.360647981909443e-19,-0.01429190687072526,5.0745613151284304e-20
3.266,-0.9957247913197247,2.5469212342163023e-19,1.0192667175853274,0.027202224860040154,-8.718760005616891e-19,-0.010075072440634566,0.9998982751141288,-1.339862863322582e-19,-0.014263219264611523,5.298294786870263e-20
3.2680000000000002,-0.9956709520767978,2.529537505251051e-19,1.0192465794995815,0.026637208509989668,-8.665106321626603e-19,-0.010063007876344269,0.9998986898191965,-1.3191297788763244e-19,-0.01423411738937877,5.487262089577955e-20
3.27,-0.9956182416039424,2.512260249949329e-19,1.0192264655173957,0.026073457468989366,-8.612285673530005e-19,-0.010050968815683861,0.9998991094968085,-1.2983992954607968e-19,-0.01420460585478011,5.607201968714312e-20
3.2720000000000002,-0.9955666573547886,2.495087806395561e-19,1.0192063755886713,0.025510987458915526,-8.560293915400976e-19,-0.010038954351079352,0.9998995340456386,-1.2776708324547333e-19,-0.014174689249337274,5.658318903737317e-20
3.274,-0.9955161967517054,2.478018520916386e-19,1.0191863096651133,0.024949814018875447,-8.509126947755543e-19,-0.010026963586870998,0.9998999633647139,-1.2569927236207667e-19,-0.014144372140332212,5.675038923007668e-20
3.2760000000000002,-0.995466857186166,2.4610507479972016e-19,1.019166267700206,0.02438995250608174,-8.4587807107499535e-19,-0.01001499563929638,0.9999003973534308,-1.2363159386440469e-19,-0.014113659073799597,5.623181065233905e-20
3.278,-0.99541863601911,2.444182850196479e-19,1.0191462496491892,0.023831418096726557,-8.409251189824461e-19,-0.010003049636471471,0.9999008359115698,-1.215785264753892e-19,-0.014082554574520208,5.605655655948564e-20
3.2800000000000002,-0.9953715305813049,2.4274131980902723e-19,1.019126255469035,0.023274225786855778,-8.360534374956784e-19,-0.009991124718369746,0.9999012789393096,-1.1954004981206608e-19,-0.014051063146015185,5.622422063615021e-20
3.282,-0.9953255381737057,2.410740170272553e-19,1.0191062851184232,0.022718390393243044,-8.312626263106109e-19,-0.009979220036799356,0.9999017263372422,-1.1751609536315634e-19,-0.014019189270541167,5.67339920317859e-20
3.2840000000000003,-0.9952806560678124,2.394162153333546e-19,1.0190863385577185,0.022163926554263698,-8.265522860331627e-19,-0.009967334755378407,0.999902178006386,-1.1548740184812068e-19,-0.013986937409086282,5.621536278667206e-20
3.286,-0.9952368815060257,2.3776775418026518e-19,1.0190664157489464,0.02161084873076853,-8.219220230837719e-19,-0.009955468049508415,0.9999026338482006,-1.1346348137004308e-19,-0.013954312001367005,5.53548105981479e-20
3.2880000000000003,-0.9951942117020016,2.3612847380390504e-19,1.01904651665577,0.021059171206957324,-8.173714471979434e-19,-0.009943619106345903,0.9999030937645985,-1.1145387888406787e-19,-0.01392131746582587,5.483799747524816e-20
3.29,-0.9951526438410035,2.344982152190096e-19,1.0190266412434663,0.020508908091252175,-8.129001690753485e-19,-0.009931787124772253,0.9999035576579599,-1.0945856565440572e-19,-0.013887958199630002,5.466451615263688e-20
3.2920000000000003,-0.9951121750802532,2.3287682021990407e-19,1.0190067894789028,0.01996007331717055,-8.085077995387462e-19,-0.009919971315361802,0.9999040254311437,-1.0747747906052747e-19,-0.013854238578670528,5.483396078420058e-20
3.294,-0.9950728025492792,2.3126413137761687e-19,1.0189869613305143,0.019412680644198033,-8.041939503857026e-19,-0.009908170900348255,0.9999044969875005,-1.0549632644157582e-19,-0.013820162957562774,5.431804068162441e-20
3.2960000000000003,-0.9950345233502648,2.2965999203628936e-19,1.0189671567682792,0.018866743658660784,-7.99958238005388e-19,-0.009896385113589388,0.9999049722308849,-1.0351503252450463e-19,-0.013785735669647328,5.311797668505882e-20
3.298,-0.9949973345583928,2.280642463012431e-19,1.018947375763697,0.0183222757745976,-7.958002839142339e-19,-0.009884613200530171,0.9999054510656666,-1.0153829876929147e-19,-0.013750961026991883,5.157720870113252e-20
3.3000000000000003,-0.9949612332221895,2.2647673903031393e-19,1.0189276182897646,0.017779290234631623,-7.91719714946477e-19,-0.009872854418164255,0.9999059333967423,-9.955190636575496e-20,-0.013715843320393937,4.866947189024076e-20
3.302,-0.9949262163638668,2.248973158198691e-19,1.0189078843209531,0.01723780011084163,-7.877161655920453e-19,-0.009861108034993913,0.9999064191295465,-9.757462929429864e-20,-0.013680386819384245,4.5768525245987325e-20
3.3040000000000003,-0.9948922809796621,2.233258229934727e-19,1.0188881738331856,0.016697818305632866,-7.837892726544406e-19,-0.009849373330988436,0.9999069081700619,-9.561586926323547e-20,-0.013644595772231111,4.356042436063735e-20
3.306,-0.994859424040177,2.2176210760337665e-19,1.0188684868038134,0.016159357552607435,-7.799386706268902e-19,-0.00983764959754108,0.9999074004248307,-9.368961127404047e-20,-0.013608474405945455,4.307060446863226e-20
3.3080000000000003,-0.994827642490714,2.2020601743855946e-19,1.0188488232115938,0.015622430417434158,-7.761639874616102e-19,-0.009825936137424494,0.9999078958009644,-9.179116055004407e-20,-0.013572026926286666,4.3952769725821344e-20
3.31,-0.9947969332516112,2.1865740103859885e-19,1.0188291830366674,0.015087049298717927,-7.724648447425879e-19,-0.009814232264744774,0.9999083942061532,-8.992047475856139e-20,-0.013535257517769241,4.620326280750733e-20
3.3120000000000003,-0.9947672932185763,2.1711610770581423e-19,1.0188095662605352,0.014553226428868492,-7.688408591165997e-19,-0.00980253730489409,0.9999088955486762,-8.804964527652752e-20,-0.013498170343670186,4.776346764666271e-20
3.314,-0.9947387192630172,2.1558198750594494e-19,1.018789972866036,0.014020973874968666,-7.652916515962699e-19,-0.009790850594501984,0.9999093997374106,-8.617858289557008e-20,-0.013460769546037196,4.8634616768757277e-20
3.3160000000000003,-0.9947112082323724,2.140548912569753e-19,1.0187704028373241,0.013490303539641918,-7.618168494389942e-19,-0.009779171481385318,0.9999099066818403,-8.430725230902466e-20,-0.013423059245697581,4.881915749476083e-20
3.318,-0.994684756950439,2.1253467051613073e-19,1.0187508561598475,0.012961227161919331,-7.584160847185209e-19,-0.009767499324496928,0.9999104162920655,-8.244023460019115e-20,-0.01338504354226796,4.866053704088561e-20
3.3200000000000003,-0.9946593622176988,2.1102117757354419e-19,1.0187313328203247,0.012433756318105884,-7.5508899321771445e-19,-0.009755833493873043,0.9999109284788101,-8.058207176475548e-20,-0.013346726514164691,4.8502201195088796e-20
3.322,-0.9946350208116429,2.0951426544509235e-19,1.018711832806723,0.011907902422646053,-7.51835212379889e-19,-0.009744173370579437,0.999911443153431,-7.87373214476312e-20,-0.013308112218615045,4.8686781280885993e-20
3.3240000000000003,-0.9946117294870949,2.080137878722274e-19,1.0186923561082373,0.011383676728988679,-7.486543800485294e-19,-0.00973251834665641,0.9999119602279246,-7.690591766786273e-20,-0.013269204691669116,4.921346606210193e-20
3.326,-0.9945894849765314,2.0651959931973582e-19,1.0186729027152668,0.010861090330451097,-7.45546133911088e-19,-0.009720867825062592,0.9999124796149362,-7.508783488229058e-20,-0.013230007948212467,5.008144567302583e-20
3.3280000000000003,-0.9945682839904022,2.0503155497839297e-19,1.0186534726193943,0.010340154161082495,-7.425101108961061e-19,-0.009709221219617602,0.9999130012277663,-7.32785012370898e-20,-0.013190525981979478,5.0947280886995347e-20
3.33,-0.9945481232174472,2.03549510763829e-19,1.018634065813364,0.009820878996526465,-7.395459496629995e-19,-0.009697577954943604,0.9999135249803776,-7.147784327757521e-20,-0.01315076276556743,5.181057242989326e-20
3.332,-0.9945289993250128,2.0207332331192002e-19,1.0186146822910598,0.009303275454882735,-7.366532908605779e-19,-0.009685937466405798,0.9999140507874024,-6.968133293390238e-20,-0.013110722250451286,5.232910178759876e-20
3.334,-0.9945109089593661,2.0060284997444154e-19,1.0185953220474848,0.00878735399756805,-7.338317788390879e-19,-0.009674299200051863,0.9999145785641492,-6.78888988367156e-20,-0.013070408366999185,5.2503688049625706e-20
3.336,-0.9944938487460073,1.991379488104016e-19,1.018575985078739,0.008273124930176175,-7.310810610236239e-19,-0.009662662612550338,0.9999151082266091,-6.610949610626472e-20,-0.013029825024488621,5.302041175744489e-20
3.338,-0.9944778152899805,1.9767847858387606e-19,1.0185566713819987,0.007760598403337006,-7.284007850081228e-19,-0.00965102717112806,0.9999156396914617,-6.434308771111615e-20,-0.01298897611112333,5.38784630354852e-20
3.34,-0.9944628051761826,1.962242987641082e-19,1.0185373809554947,0.00724978441357474,-7.2579059766059e-19,-0.009639392353506637,0.9999161728760808,-6.25851862749749e-20,-0.012947865494050841,5.473440138778943e-20
3.342,-0.9944488149696711,1.9477526952532414e-19,1.0185181137984927,0.006740692804165111,-7.232501486043193e-19,-0.009627757647837985,0.9999167076985407,-6.082683239923352e-20,-0.012906497019380726,5.490378057925013e-20
3.344,-0.9944358412159694,1.933312517370181e-19,1.0184988699112711,0.00623333326599164,-7.20779092305011e-19,-0.009616122552638943,0.9999172440776213,-5.906800184936091e-20,-0.012864874512203507,5.438782317651739e-20
3.346,-0.9944238804413709,1.9189210695404423e-19,1.0184796492951014,0.005727715338400894,-7.183770897817561e-19,-0.009604486576725007,0.9999177819328133,-5.731302663384609e-20,-0.012823001776610247,5.3530788724104706e-20
3.348,-0.9944129291532409,1.9045769740470708e-19,1.018460451952227,0.005223848410056714,-7.160438045945767e-19,-0.00959284923914326,0.9999183211843229,-5.557512588756662e-20,-0.012780882595712778,5.336097967750187e-20
3.35,-0.9944029838403174,1.8902788599207833e-19,1.0184412778858427,0.004721741719793407,-7.137788995450961e-19,-0.009581210069104423,0.9999188617530769,-5.38454565148242e-20,-0.012738520731664605,5.319190783487804e-20
3.352,-0.9943940409730101,1.876025362920405e-19,1.0184221271000755,0.004221404357467858,-7.115820380694981e-19,-0.009569568605914156,0.9999194035607272,-5.212400315393838e-20,-0.012695919925682454,5.302316617828359e-20
3.354,-0.9943860970036968,1.8618151255302389e-19,1.0184029995999635,0.0037228452648105557,-7.09452885709996e-19,-0.009557924398903553,0.9999199465296551,-5.0401981936974817e-20,-0.012653083898068447,5.2169488032177695e-20
3.356,-0.9943791483670198,1.847646796861938e-19,1.0183838953914357,0.0032260732362754977,-7.07391113521763e-19,-0.009546277007358906,0.9999204905829749,-4.8683690221735565e-20,-0.012610016348232935,5.0974726202913625e-20
3.358,-0.9943731914801786,1.833519032571934e-19,1.0183648144812933,0.0027310969198889594,-7.053963959699544e-19,-0.009534626000450755,0.9999210356445384,-4.6977756031479507e-20,-0.012566720954717952,5.012495850358798e-20
3.36,-0.9943682227432225,1.8194304948170027e-19,1.018345756877189,0.0022379248180970993,-7.034684087526101e-19,-0.009522970957162263,0.9999215816389382,-4.527549346120648e-20,-0.012523201375221293,4.893450601458049e-20
3.362,-0.9943642385393408,1.8053798522062956e-19,1.0183267225876076,0.0017465652886123817,-7.016068295633828e-19,-0.00951131146621687,0.9999221284915112,-4.3585501469857586e-20,-0.01247946124662121,4.8089445943398246e-20
3.364,-0.9943612352351514,1.7913657798099442e-19,1.018307711621847,0.00125702654525879,-6.99811336272384e-19,-0.009499647126005359,0.9999226761283418,-4.190772164715594e-20,-0.012435504185001731,4.7589366946507345e-20
3.366,-0.9943592091809879,1.7773869591327909e-19,1.018288723989999,0.0007693166588158148,-6.980816052703288e-19,-0.009487977544512263,0.9999232244762655,-4.02421612427452e-20,-0.01239133378567857,4.743304552774104e-20
3.368,-0.9943581567111843,1.7634420781732076e-19,1.018269759702929,0.00028344355786118984,-6.964173134811609e-19,-0.009476302339241694,0.9999237734628705,-3.858022971597526e-20,-0.01234695362322565,4.6935210599114227e-20
3.37,-0.9943580741443593,1.7495298313491872e-19,1.0182508187722594,-0.00020058497038764292,-6.948181407306081e-19,-0.00946462113714263,0.9999243230165018,-3.6921904599894373e-20,-0.012302367251502229,4.609586035880114e-20
3.372,-0.9943589577836977,1.7356489194420908e-19,1.0182319012103478,-0.0006827612792333624,-6.932837722565828e-19,-0.009452933574533584,0.9999248730662624,-3.525444511002279e-20,-0.012257578203680586,4.388871198427636e-20
3.374,-0.9943608039172305,1.7217980494305816e-19,1.0182130070302708,-0.001163077861659911,-6.918139035001619e-19,-0.009441239297026812,0.9999254235420165,-3.358199215933672e-20,-0.012212589992274332,4.065964512244459e-20
3.376,-0.994363608818114,1.7079759342958018e-19,1.0181941362458042,-0.0016415273494949727,-6.904082381745827e-19,-0.009429537959451992,0.999925974374391,-3.190451258936842e-20,-0.012167406109167257,3.64102711197986e-20
3.378,-0.9943673687449062,1.6941812928601243e-19,1.018175288871405,-0.0021181025125738074,-6.891741391790749e-19,-0.009417829225779422,0.9999265254947776,-3.028463164517566e-20,-0.012122030025642792,3.6282549260135355e-20
3.38,-0.9943720799418418,1.680411056827923e-19,1.0181564649221935,-0.0025927962579044618,-6.876804845143481e-19,-0.009406112769042789,0.9999270768353345,-4.516126145135399e-20,-0.012076465192414005,3.835439427467194e-20
3.382,-0.9943777386391064,1.6666775968114095e-19,1.0181376644139344,-0.0030656016288343763,-6.857123899087133e-19,-0.00939438827126144,0.9999276283289883,-3.2506324982759255e-20,-0.01203071503965417,3.766921966860073e-20
3.384,-0.9943843410531077,1.6529734953970806e-19,1.0181188873630198,-0.003536511804218411,-6.846725493694549e-19,-0.009382655423362318,0.9999281799094345,-3.085438209842715e-20,-0.011984782977027894,3.616826478647526e-20
3.386,-0.9943918833867459,1.6392967443831086e-19,1.0181001337864513,-0.004005520097588307,-6.828337625273911e-19,-0.00937091392510144,0.9999287315111394,-3.47087605633161e-20,-0.011938672393722793,3.597524703890527e-20
3.388,-0.9944003618296824,1.6256514430518368e-19,1.0180814037018215,-0.004472619956323603,-6.817071214841075e-19,-0.009359163484985054,0.9999292830693408,-3.307912963142743e-20,-0.011892386658481711,3.721878776132747e-20
3.39,-0.9944097725586064,1.6120345027729883e-19,1.0180626971272981,-0.004937804960824034,-6.799976046217307e-19,-0.00934740382019041,0.9999298345200492,-2.597112651155772e-20,-0.011845929119635478,3.818269966374836e-20
3.392,-0.9944201117375002,1.598441406971621e-19,1.0180440140816056,-0.005401068823683414,-6.793223669729514e-19,-0.009335634656486194,0.9999303858000483,-2.4396171997575526e-20,-0.011799303105136199,3.9422468209235716e-20
3.394,-0.994431375517903,1.5848719778099445e-19,1.0180253545840081,-0.005862405388865051,-6.776308891568552e-19,-0.009323855728152716,0.9999309368468954,-3.380139363832652e-20,-0.011752511922591075,4.1215950823412233e-20
3.396,-0.9944435600391722,1.5713307094904266e-19,1.0180067186542932,-0.006321808630878676,-6.764346332000553e-19,-0.009312066777901716,0.9999314875989216,-4.319229642850942e-20,-0.011705558859296748,4.3348170546381883e-20
3.398,-0.9944566614287446,1.5578256693328176e-19,1.017988106312754,-0.006779272653958937,-6.740083604247803e-19,-0.00930026755679597,0.9999320379952324,-5.2534983477684935e-20,-0.011658447182274155,4.5133755734227237e-20
3.4,-0.9944706758023939,1.5443648895100726e-19,1.0179695175801742,-0.007234791691245463,-6.719730891912972e-19,-0.009288457824168622,0.9999325879757078,-6.727879059781388e-20,-0.011611180138303897,4.4796973414038365e-20
3.402,-0.9944855992644889,1.5309577927455853e-19,1.0179509524778099,-0.007688360103964509,-6.6860445958774e-19,-0.009276637347542275,0.999933137481002,-8.19547181519073e-20,-0.011563760953962117,4.240524688197237e-20
3.404,-0.9945014279082478,1.517615556020279e-19,1.0179324110273742,-0.00813997238061222,-6.657388158674969e-19,-0.009264805902547866,0.999933686452543,-6.915258911755218e-20,-0.011516192835656879,4.17072742259445e-20
3.406,-0.9945181578159927,1.5043309997571285e-19,1.017913893251021,-0.008589623136139507,-6.6262079731992205e-19,-0.009252963272843364,0.9999342348325329,-8.384090942960594e-20,-0.011468478969665033,4.3435748426410005e-20
3.408,-0.9945357850594012,1.4911145493022497e-19,1.0178953991713287,-0.009037307111138582,-6.58928687452423e-19,-0.009241109250032279,0.9999347825639463,-9.846379137072628e-20,-0.011420622522169582,4.550313926348844e-20
3.41,-0.9945543056997571,1.47797550520427e-19,1.0178769288112848,-0.009483019171031138,-6.550959152831323e-19,-0.009229243633582004,0.9999353295905309,-8.010467339815352e-20,-0.011372626639297518,4.622848951926739e-20
3.412,-0.9945737157881992,1.4649037454258514e-19,1.0178584821942702,-0.009926754305258212,-6.519843843663978e-19,-0.00921736623074203,0.9999358758568055,-9.469471034823055e-20,-0.011324494447158159,4.3837196267948883e-20
3.414,-0.9945940113659684,1.4519074975745245e-19,1.0178400593440435,-0.010368507626471752,-6.476528274607018e-19,-0.009205476856462027,0.99993642130806,-9.82897797322267e-20,-0.011276229051881937,4.5002510649226836e-20
3.416,-0.9946151884646536,1.4389910002795882e-19,1.0178216602847256,-0.010808274369727882,-6.43937670719125e-19,-0.009193575333309813,0.9999369658903536,-1.1284802302259213e-19,-0.011227833539659665,4.741163828384327e-20
3.418,-0.9946372431064354,1.4261627779075218e-19,1.017803285040785,-0.011246049891681906,-6.388974664020271e-19,-0.009181661491389255,0.9999375095505143,-9.990844800707356e-20,-0.01117931097678228,4.7381936812899976e-20
3.42,-0.9946601713043288,1.413417324518303e-19,1.017784933637022,-0.011681829669785058,-6.357681060381036e-19,-0.009169735168258055,0.9999380522361371,-8.701722884690195e-20,-0.01113066440968101,4.735167802571538e-20
3.422,-0.9946839690624237,1.4007448613083792e-19,1.017766606098555,-0.012115609301483001,-6.313109814587988e-19,-0.009157796208845518,0.9999385938955826,-1.1804123394212477e-19,-0.011081896864968029,4.6490291991770775e-20
3.424,-0.9947086323761244,1.3881629147151747e-19,1.0177483024508052,-0.012547384503416121,-6.270404431643618e-19,-0.009145844465370243,0.9999391344779756,-9.408265367244031e-20,-0.011033011349477543,4.6239047820153777e-20
3.426,-0.9947341572323867,1.3756569792530077e-19,1.0177300227194814,-0.012977151110621605,-6.237091257302602e-19,-0.009133879797257816,0.9999396739332033,-7.023380992683988e-20,-0.010984010850307317,4.5645111004032156e-20
3.428,-0.9947605396099544,1.363208316880452e-19,1.0177117669305675,-0.013404905075737331,-6.213123954363923e-19,-0.009121902071058475,0.9999402122119135,-4.649415207621196e-20,-0.010934898334860645,4.4708899373968616e-20
3.43,-0.9947877754795934,1.3507982819859564e-19,1.0176935351103065,-0.013830642468207586,-6.198456425570685e-19,-0.00910991116036478,0.999940749265513,-2.287440668611096e-20,-0.010885676750888753,4.4458752031997475e-20
3.432,-0.9948158608043249,1.338408320972479e-19,1.0176753272851875,-0.014254359473490626,-6.193042746876487e-19,-0.009097906945729296,0.9999412850461649,6.25926409143564e-22,-0.010836349026533618,4.489305325269888e-20
3.434,-0.9948447915396561,1.3260199719159996e-19,1.0176571434819315,-0.014676052392268088,-6.196837163600194e-19,-0.009085889314582325,0.9999418195067868,2.4011074905621606e-20,-0.010786918070371222,4.5667549834746097e-20
3.436,-0.9948745636338101,1.3136148642272485e-19,1.017638983727478,-0.015095717639656276,-6.209794111010675e-19,-0.009073858161149667,0.999942352601049,4.728528031521392e-20,-0.010737386771455226,4.643961695733157e-20
3.438,-0.9949051730279542,1.301174718229083e-19,1.0176208480489712,-0.015513351744419335,-6.231868239337951e-19,-0.00906181338637047,0.9999428842833713,7.044906849778026e-20,-0.010687757999361032,4.720927088798568e-20
3.44,-0.9949366156564261,1.288681344728142e-19,1.017602736473747,-0.015928951348184332,-6.263014411062484e-19,-0.00904975489781511,0.999943414508921,9.349562122407902e-20,-0.010638034604230285,4.86618112062402e-20
3.442,-0.994968887446959,1.2761177211250042e-19,1.017584649029319,-0.016342513204658234,-6.301034685063217e-19,-0.009037682609603205,0.9999439432336104,9.999687250381583e-20,-0.010588219416815745,4.890704119005878e-20
3.444,-0.9950019843209049,1.2634794670929137e-19,1.017566585743367,-0.016754034178846845,-6.336208369976526e-19,-0.009025596442321692,0.9999444704140942,8.457670952442578e-20,-0.010538315248526582,4.652098754441244e-20
3.446,-0.9950359021934566,1.2507747760098838e-19,1.0175485466437222,-0.01716351124627566,-6.369629510630017e-19,-0.009013496322943054,0.9999449960077661,1.0210184330956386e-19,-0.010488324891474048,4.6543917876588595e-20
3.448,-0.9950706369738677,1.2379920633162723e-19,1.0175305317583563,-0.0175709414922127,-6.41422454824286e-19,-0.009001382184743665,0.9999455199727569,1.1954383630414895e-19,-0.01043825111851754,4.65659719791442e-20
3.45,-0.9951061845656712,1.2251198013020305e-19,1.017512541115368,-0.017976322110893308,-6.457020466643504e-19,-0.008989253967222242,0.9999460422679309,1.0403106586806133e-19,-0.01038809668331105,4.418752750563206e-20
3.452,-0.9951425408668974,1.2121680483589776e-19,1.017494574742971,-0.018379650404746928,-6.493720322433367e-19,-0.008977111616018503,0.9999465628528829,8.858850685549268e-20,-0.010337864320349978,4.2157768599686547e-20
3.454,-0.9951797017702885,1.1991489663549245e-19,1.017476632669481,-0.018780923783625898,-6.524354353491811e-19,-0.008964955082831962,0.9999470816879353,7.32229373749377e-20,-0.010287556745018344,3.979057594178927e-20
3.456,-0.9952176631635136,1.186074656803935e-19,1.0174587149233052,-0.01918013976403625,-6.548952671282375e-19,-0.008952784325340885,0.999947598734135,5.793047600637543e-20,-0.010237176653636337,3.742938585672631e-20
3.458,-0.9952564209293805,1.1729571611433588e-19,1.0174408215329291,-0.019577295968370528,-6.567545238880179e-19,-0.008940599307121468,0.9999481139532496,4.270021400076106e-20,-0.01018672672350825,3.610251357366136e-20
3.46,-0.9952959709460473,1.1598084610905357e-19,1.0174229525269052,-0.019972390124142658,-6.580161805420544e-19,-0.008928399997567206,0.9999486273077643,2.7538747806722515e-20,-0.010136209612970763,3.512180669563689e-20
3.462,-0.9953363090872314,1.1466404790392738e-19,1.0174051079338413,-0.02036542006322487,-6.586831959029752e-19,-0.008916186371808446,0.9999491387608791,1.2452763015951477e-20,-0.010085627961441582,3.3800745175551987e-20
3.464,-0.9953774312224177,1.1334650783278051e-19,1.0173872877823897,-0.02075638372108667,-6.587585169535834e-19,-0.008903958410632197,0.9999496482765038,-2.558093751861012e-21,-0.010034984389468425,3.214053552177973e-20
3.466,-0.9954193332170652,1.120294063474185e-19,1.0173694921012355,-0.021145279136035918,-6.582450780565205e-19,-0.00889171610040217,0.9999501558192556,-1.7501056647264985e-20,-0.009984281498778355,3.082645137519991e-20
3.468,-0.9954620109328114,1.107139180461603e-19,1.0173517209190852,-0.02153210444846197,-6.571457988009541e-19,-0.008879459432979025,0.9999506613544552,-3.236960381696875e-20,-0.009933521872327454,2.917318982591247e-20
3.47,-0.9955054602276763,1.0940121169973376e-19,1.0173339742646563,-0.021916857900080924,-6.554635871991431e-19,-0.008867188405640911,0.9999511648481227,-4.716065850604585e-20,-0.009882708074350821,2.683890447403784e-20
3.472,-0.9955496769562638,1.0809245027357079e-19,1.0173162521666665,-0.022299537833183013,-6.532013417975741e-19,-0.00885490302100425,0.9999516662669741,-6.187789793207585e-20,-0.009831842650412918,2.4167036690651898e-20
3.474,-0.9955946569699626,1.0678857565076776e-19,1.0172985546538231,-0.02268014268988208,-6.5079253694870525e-19,-0.008842603286944807,0.9999521655784169,-4.3644661996120053e-20,-0.009780928127458222,2.3195840207188613e-20
3.476,-0.9956403961171446,1.0548855146488375e-19,1.0172808817548122,-0.023058671011367212,-6.492068960726086e-19,-0.008830289216519042,0.9999526627505471,-4.743759846709716e-20,-0.009729967013862216,2.4410659261090746e-20
3.478,-0.9956868902433625,1.041923862972132e-19,1.0172632334982887,-0.02343512143715654,-6.470412801267659e-19,-0.008817960827885734,0.9999531577521441,-4.0251452889160256e-20,-0.009678961799482683,2.6071606089385897e-20
3.48,-0.995734135191546,1.0289955010310714e-19,1.0172456099128664,-0.02380949270435316,-6.458059318707942e-19,-0.008805618144227933,0.9999536505526673,-3.859520074481262e-20,-0.00962791495571132,2.9045145675640143e-20
3.482,-0.9957821268021957,1.0160998157960622e-19,1.0172280110271075,-0.024181783646903272,-6.437735526519665e-19,-0.00879326119367521,0.9999541411222516,-3.6947238194185585e-20,-0.009576828935525656,3.2012400915787945e-20
3.484,-0.9958308609135764,1.0032362021482376e-19,1.0172104368695132,-0.024551993194856462,-6.426705673849395e-19,-0.008780890009226223,0.9999546294317035,-2.979566095254709e-20,-0.009525706173541272,3.3311978090248293e-20
3.486,-0.9958803333619086,9.903975962456033e-20,1.0171928874685139,-0.024920120373628205,-6.412007906481522e-19,-0.008768504628671632,0.9999551154524967,-1.7195748325944643e-20,-0.009474549086064323,3.4658908654342045e-20
3.488,-0.9959305399815582,9.775758840954776e-20,1.0171753628524596,-0.02528616430326456,-6.410885294406067e-19,-0.008756105094517326,0.9999555991567676,8.33076420062793e-22,-0.009423360071144351,3.673931308728513e-20
3.49,-0.9959814766052254,9.647568924667458e-20,1.0171578630496108,-0.025650124197709085,-6.407128855609833e-19,-0.008743691453908001,0.9999560805173109,-3.1305186340653427e-21,-0.00937214150862739,3.6209200808907543e-20
3.492,-0.9960331390641315,9.519440904344237e-20,1.017140388088129,-0.026011999364071982,-6.405055760712033e-19,-0.008731263758551114,0.9999565595075756,-1.2557490982969318e-20,-0.009320895760209356,3.562905073230653e-20
3.494,-0.9960855231882044,9.391434488768696e-20,1.0171229379960676,-0.02637178920190146,-6.393894856415364e-19,-0.008718822064641156,0.9999570361016603,-2.7418976730049946e-20,-0.009269625169489712,3.465673260890467e-20
3.496,-0.9961386248062633,9.263680783664353e-20,1.0171055128013637,-0.026729493202457377,-6.380148159842587e-19,-0.00870636643278434,0.9999575102743087,-4.769214791717528e-20,-0.009218332062025419,3.363540996750318e-20
3.498,-0.9961924397462004,9.136313904381715e-20,1.0170881125318287,-0.027085110947987098,-6.357371457083222e-19,-0.008693896927923618,0.9999579820009048,-4.597152734027059e-20,-0.009167018745385155,3.6245166857183095e-20
3.5,-0.9962469638351635,9.009309403515285e-20,1.0170707372151395,-0.027438642111003653,-6.343908888937632e-19,-0.00868141361926411,0.9999584512574684,-3.879949346452045e-20,-0.009115687509203801,3.992636523185619e-20
3.5020000000000002,-0.9963021928997348,8.882653693372138e-20,1.0170533868788307,-0.027790086453566155,-6.320338065658072e-19,-0.008668916580198938,0.9999589180206504,-6.999720942965278e-20,-0.009064340625237189,4.016512522931451e-20
3.504,-0.9963581227661094,8.756544945683291e-20,1.0170360615502858,-0.028139443826562496,-6.289939962463832e-19,-0.008656405888235418,0.9999593822677285,-7.909575214078531e-20,-0.009012980347417118,3.8204233554980673e-20
3.5060000000000002,-0.9964147492602725,8.631079846204426e-20,1.0170187612567294,-0.02848671416899436,-6.255976095859259e-19,-0.008643881624921681,0.999959843976602,-8.816023855026648e-20,-0.00896160891190661,3.727611796179672e-20
3.508,-0.996472068208175,8.506329532638977e-20,1.017001486025219,-0.028831897507264517,-6.218464196170079e-19,-0.008631343875773693,0.999960303125787,-9.718167495205624e-20,-0.008910228537155437,3.6350384022193236e-20
3.5100000000000002,-0.9965300754359072,8.3823647892662e-20,1.016984235882637,-0.02917499395446644,-6.177421888257389e-19,-0.008618792730202692,0.9999607596944119,-1.061602442537567e-19,-0.008858841423955875,3.542661716175497e-20
3.512,-0.9965887667698717,8.259256048659454e-20,1.0169670108556836,-0.029516003709676237,-6.132866719065217e-19,-0.008606228281443066,0.9999612136622124,-1.150931176977131e-19,-0.008807449755498712,3.41625679103665e-20
3.5140000000000002,-0.9966481380369547,8.137073393073693e-20,1.0169498109708681,-0.029854927057246933,-6.084816181606818e-19,-0.008593650626480633,0.9999616650095261,-1.2398346994601644e-19,-0.008756055697429497,3.290168859491417e-20
3.516,-0.9967081850646958,8.015886555636539e-20,1.0169326362545026,-0.030191764366105055,-6.03328767375392e-19,-0.008581059865981368,0.9999621137172887,-1.3284059166524263e-19,-0.00870466139790501,3.26719129874604e-20
3.5180000000000002,-0.9967689036814565,7.89576492305403e-20,1.0169154867326942,-0.030526516089049605,-5.978298443343274e-19,-0.00856845610422058,0.9999625597670282,-1.416587350970701e-19,-0.008653268987649981,3.2785903138286533e-20
3.52,-0.9968302897165872,7.776777538276127e-20,1.0168983624313377,-0.030859182762053346,-5.919865629777412e-19,-0.008555839449012503,0.9999630031408598,-1.504321230629961e-19,-0.008601880580014022,3.2557138505693607e-20
3.5220000000000002,-0.9968923390005925,7.658993102106307e-20,1.016881263376109,-0.031189765003566496,-5.858006306064237e-19,-0.008543210011640379,0.9999634438214815,-1.5916390457483922e-19,-0.00855049827102878,3.2328671551109437e-20
3.524,-0.9969550473652962,7.54247997466426e-20,1.0168641895924582,-0.031518263513822746,-5.792737465321242e-19,-0.008530567906786954,0.9999638817921686,-1.6785722779636342e-19,-0.008499124139465313,3.244355383222063e-20
3.5260000000000002,-0.9970184106440035,7.427306177170361e-20,1.0168471411056021,-0.03184467907414771,-5.724076012490103e-19,-0.008517913252465488,0.9999643170367687,-1.7650351668350222e-19,-0.008447760246891688,3.187383430043228e-20
3.528,-0.9970824246716631,7.313539393192445e-20,1.0168301179405188,-0.03216901254626971,-5.652038802172517e-19,-0.008505246169951155,0.9999647495396967,-1.8510876285685852e-19,-0.008396408637730777,3.1305619427392486e-20
3.5300000000000002,-0.9971470852850266,7.201246970007268e-20,1.0168131201219404,-0.03249126487163298,-5.576642607769808e-19,-0.008492566783713008,0.9999651792859298,-1.9367894692530688e-19,-0.008345071339318264,3.1423795511301235e-20
3.532,-0.9972123883228078,7.090495920531543e-20,1.0167961476743468,-0.032811437070713295,-5.497904087362768e-19,-0.008479875221346326,0.9999656062610021,-2.022113925495796e-19,-0.008293750361960851,3.18844897792687e-20
3.5340000000000003,-0.99727832962584,6.98135292558235e-20,1.0167792006219598,-0.03312953024233596,-5.415839794074792e-19,-0.008467171613505483,0.9999660304509995,-2.1069778368972798e-19,-0.008242447698994673,3.165975114495389e-20
3.536,-0.9973449050372317,6.87388433547668e-20,1.016762278988737,-0.03344554556299624,-5.330466245544461e-19,-0.008454456093837324,0.9999664518425546,-2.1913823395887086e-19,-0.008191165326843894,3.0750796684019587e-20
3.5380000000000003,-0.9974121104025219,6.768156170325267e-20,1.0167453827983655,-0.03375948428618223,-5.241799930968535e-19,-0.008441728798914989,0.9999668704228416,-2.275357687119201e-19,-0.008139905205079505,2.9501489693744806e-20
3.54,-0.9974799415698324,6.664234120916786e-20,1.0167285120742566,-0.03407134774170013,-5.149857299124376e-19,-0.008428989868172223,0.9999672861795708,-2.358877463336675e-19,-0.0080886692764783,2.757039120869129e-20
3.5420000000000003,-0.9975483943900211,6.562183549427278e-20,1.01671166683954,-0.03438113733500195,-5.054654756772015e-19,-0.008416239443838222,0.9999676991009834,-2.44202699117354e-19,-0.008037459467082045,2.5986659593516833e-20
3.544,-0.9976174647168312,6.462069490695681e-20,1.0166948471170578,-0.034688854546515706,-4.9562086343445885e-19,-0.008403477670872949,0.9999681091758466,-2.5247527274446897e-19,-0.007986277686256815,2.406498113845957e-20
3.5460000000000003,-0.9976871484070416,6.363956653511647e-20,1.0166780529293602,-0.03499450093097799,-4.854535201798141e-19,-0.00839070469690293,0.999968516393448,-2.607029187745891e-19,-0.007935125826752517,2.146269214778978e-20
3.548,-0.9977574413206143,6.267887893158041e-20,1.0166612842986988,-0.03529807811676906,-4.753956382217593e-19,-0.008377920672157611,0.9999689207435906,-2.3601860200321904e-19,-0.00788400576476258,2.1868939938506012e-20
3.5500000000000003,-0.997828339320841,6.173697736265059e-20,1.0166445412470226,-0.035599587805250396,-4.667385647826207e-19,-0.008365125749406175,0.9999693222165867,-2.0596961297509297e-19,-0.007832919359983807,2.4030322196140627e-20
3.552,-0.9978998382744889,6.081156904575057e-20,1.0166278237959725,-0.03589903177010463,-4.587220472153875e-19,-0.008352320083894884,0.9999697208032543,-1.979821401786997e-19,-0.007781868455676413,2.464443455682634e-20
3.5540000000000003,-0.9979719340519441,5.990187888137656e-20,1.0166111319668762,-0.03619641185667808,-4.510201626844826e-19,-0.00833950383328494,0.9999701164949101,-1.9004334536258642e-19,-0.007730854878724196,2.6627936492854144e-20
3.556,-0.9980446225273544,5.90072791662792e-20,1.0165944657807444,-0.03649172998132567,-4.436313477232263e-19,-0.008326677157590863,0.9999705092833647,-1.8215043726900123e-19,-0.00767988043969488,2.963412080093133e-20
3.5580000000000003,-0.9981178995787711,5.812714532475585e-20,1.0165778252582647,-0.03678498813075836,-4.365540395141005e-19,-0.00831384021911937,0.9999708991609181,-1.7429530742829967e-19,-0.007628946932900616,3.263301827357938e-20
3.56,-0.9981917610882883,5.726085590110667e-20,1.0165612104197983,-0.037076188361393106,-4.297866817838985e-19,-0.008300993182408798,0.9999712861203529,-1.6647514427551137e-19,-0.00757805613645862,3.528199747019132e-20
3.5620000000000003,-0.9982662029421826,5.640779254240199e-20,1.0165446212853753,-0.037365332798705235,-4.233277276867299e-19,-0.008288136214169035,0.9999716701549303,-1.586897718666031e-19,-0.007527209812351968,3.758148428218432e-20
3.564,-0.9983412210310497,5.556733997916238e-20,1.0165280578746898,-0.037652423636583394,-4.171756414076809e-19,-0.008275269483221992,0.9999720512583842,-1.5093897534776182e-19,-0.00747640970649053,3.953352835864803e-20
3.5660000000000003,-0.9984168112499412,5.473888600398379e-20,1.0165115202070965,-0.037937463136686986,-4.1132889701767653e-19,-0.008262393160442577,0.9999724294249157,-1.4322000477388414e-19,-0.007425657548772042,4.0796304009139986e-20
3.568,-0.998492969498499,5.3921821447836246e-20,1.0164950083016062,-0.03822045362780607,-4.057859811509825e-19,-0.008249507418700223,0.9999728046491883,-1.3553265573179883e-19,-0.007374955053143317,4.137063551577721e-20
3.5700000000000003,-0.9985696916810892,5.3115540157337527e-20,1.0164785221768822,-0.03850139750522387,-4.0054539197058805e-19,-0.008236612432800938,0.9999731769263219,-1.2788182015362105e-19,-0.007324303917661583,4.1943461327412665e-20
3.572,-0.9986469737069348,5.231943897414646e-20,1.016462061851236,-0.038780297230081695,-3.9560563524158737e-19,-0.00822370837942989,0.9999735462518882,-1.2026985181572815e-19,-0.007273705824555958,4.285743943979748e-20
3.5740000000000003,-0.9987248114902458,5.1532917723263205e-20,1.0164456273426243,-0.03905715532874648,-3.9096522219389974e-19,-0.008210795437094508,0.9999739126219045,-1.1269408271602235e-19,-0.007223162440289043,4.376951721400209e-20
3.576,-0.9988032009503502,5.0755379200647336e-20,1.0164292186686446,-0.03933197439218077,-3.866226705207446e-19,-0.008197873786068153,0.9999742760328294,-1.0515433797063536e-19,-0.007172675415618639,4.467929528017999e-20
3.5780000000000003,-0.9988821380118218,4.998622915986544e-20,1.0164128358465323,-0.03960475707531534,-3.825765053695995e-19,-0.00818494360833431,0.9999746364815566,-9.765042917605238e-20,-0.007122246385659586,4.558678140263012e-20
3.58,-0.9989616186046075,4.92248762963102e-20,1.0163964788931574,-0.03987550609642424,-3.788252590828202e-19,-0.008172005087531306,0.9999749939654098,-9.018220329566985e-20,-0.0070718769699457135,4.6491983037133714e-20
3.5820000000000003,-0.999041638664154,4.8470732235104736e-20,1.016380147825021,-0.04014422423650246,-3.753674693580684e-19,-0.0081590584088976,0.9999753484821375,-8.275194566997338e-20,-0.007021568772491901,4.7737154211230315e-20
3.584,-0.9991221941315317,4.772321152115068e-20,1.0163638426582515,-0.04041091433864612,-3.722016787167274e-19,-0.00814610375921756,0.9999757000299081,-7.536431380005189e-20,-0.0069713233818562564,5.000720308277054e-20
3.586,-0.999203280953559,4.6981731614172015e-20,1.0163475634086032,-0.04067557930743518,-3.6932642913973444e-19,-0.00813314132676784,0.9999760486073038,-6.801680776770675e-20,-0.006921142371202387,5.29578609729635e-20
3.588,-0.9992848950829246,4.6245712888598033e-20,1.0163313100914517,-0.04093822210831875,-3.667402652933998e-19,-0.00812017130126426,0.9999763942133156,-6.070209580860501e-20,-0.006871027298361785,5.555915104999359e-20
3.59,-0.9993670324783083,4.551457862065037e-20,1.0163150827217922,-0.041198845767002945,-3.644417409397895e-19,-0.008107193873809256,0.9999767368473383,-5.341762701771663e-20,-0.006820979705896298,5.746925029629197e-20
3.592,-0.9994496891045009,4.478775496850994e-20,1.016298881314236,-0.04145745336884124,-3.6242942012436454e-19,-0.008094209236839834,0.999977076509165,-4.6170274984848235e-20,-0.006771001121160707,5.971775925173249e-20
3.594,-0.9995328609325234,4.40646709569124e-20,1.0162827058830082,-0.04171404805822749,-3.607018719045459e-19,-0.00808121758407612,0.9999774131989816,-3.8962220153684337e-20,-0.006721093056365394,6.264612486330455e-20
3.596,-0.9996165439397438,4.3344758468654716e-20,1.0162665564419457,-0.04196863303799143,-3.592576696071373e-19,-0.008068219110470409,0.9999777469173621,-3.178172239673676e-20,-0.006671257008639093,6.453987546941042e-20
3.598,-0.9997007341099937,4.262745222818366e-20,1.0162504330044941,-0.04222121156879678,-3.5809539869581185e-19,-0.008055214012156775,0.9999780776652627,-2.462859683968522e-20,-0.00662149446009173,6.540105940729867e-20
3.6,-0.9997854274336837,4.19121897751618e-20,1.0162343355837054,-0.042471786968541946,-3.5721365903500495e-19,-0.008042202486401247,0.9999784054440172,-1.750720071094392e-20,-0.006571806877877349,6.59174340520254e-20
3.602,-0.9998706199079167,4.11984114383787e-20,1.0162182641922362,-0.042720362611763214,-3.566110616186852e-19,-0.008029184731552478,0.999978730255331,-1.0412825749652784e-20,-0.006522195714257116,6.540491682917635e-20
3.604,-0.9999563075366007,4.0485560310838576e-20,1.0162022188423452,-0.04296694192904063,-3.56286230668943e-19,-0.008016160946993034,0.999979052101277,-3.3497609133556648e-21,-0.006472662406662392,6.455085065525898e-20
3.606,-1.0000424863305606,3.977308222766838e-20,1.0161861995458914,-0.04321152840640637,-3.562377992748289e-19,-0.008003131333091131,0.9999793709842894,3.679895512024081e-21,-0.006423208377757894,6.3698700786939e-20
3.608,-1.0001291523076483,3.9060425749997476e-20,1.0161702063143323,-0.04345412558475575,-3.5646440944516726e-19,-0.007990096091153013,0.9999796869071587,1.06851901712344e-20,-0.006373835035504912,6.147784738643981e-20
3.61,-1.0002163014928518,3.8347042139746193e-20,1.0161542391587215,-0.04369473705926077,-3.5696471836713244e-19,-0.007977055423375805,0.9999799998730272,1.7659762642331646e-20,-0.006324543773224603,5.891868784836054e-20
3.612,-1.0003039299184031,3.7632385333953e-20,1.0161382980897078,-0.043933366478786304,-3.577373920645217e-19,-0.007964009532800933,0.999980309885383,2.4599372860659867e-20,-0.006275335969661342,5.670814664277635e-20
3.614,-1.0003920336238854,3.691591193439985e-20,1.0161223831175328,-0.04417001754530884,-3.587810998767677e-19,-0.007950958623268093,0.9999806169480556,3.150630226199511e-20,-0.006226212989046143,5.450193178587947e-20
3.616,-1.0004806086563383,3.619708119691684e-20,1.0161064942520297,-0.0444046940133378,-3.6009451962341932e-19,-0.007937902899369763,0.99998092106521,3.838720117051323e-20,-0.006177176181160127,5.127288296342906e-20
3.618,-1.0005696510703626,3.5475355009349353e-20,1.016090631502622,-0.044637399689339496,-3.6167634145788034e-19,-0.007924842566406244,0.9999812222413423,4.523585455095975e-20,-0.006128226881398058,4.805179685984786e-20
3.62,-1.0006591569282235,3.4750197871967957e-20,1.0160747948783218,-0.044868138431163655,-3.63525261254827e-19,-0.007911777830341237,0.9999815204812745,5.2050266340217916e-20,-0.0060793664108319215,4.518090455104287e-20
3.622,-1.0007491222999527,3.402107688957514e-20,1.0160589843877286,-0.045096914147472515,-3.6563997926312535e-19,-0.007898708897757994,0.999981815790149,5.883477566207567e-20,-0.006030596076274553,4.1974067205463424e-20
3.624,-1.0008395432634496,3.328767703672152e-20,1.0160432000390283,-0.04532373079717257,-3.6758864693746184e-19,-0.00788563597581597,0.9999821081734243,3.2678080817369736e-20,-0.005981917170343323,4.097494446511794e-20
3.626,-1.0009304159045813,3.2551622275882785e-20,1.0160274418399917,-0.045548592388848896,-3.6840333702432894e-19,-0.007872559272208028,0.9999823976368689,2.8560869678139013e-20,-0.005933330971523853,4.250792728134058e-20
3.628,-1.001021736317281,3.181352365050483e-20,1.016011709797974,-0.045771502980202036,-3.6959675845435193e-19,-0.007859478995118198,0.9999826841865578,1.3508272142386237e-20,-0.005884838744233784,4.2259403385543335e-20
3.63,-1.0011135006036462,3.107449182119969e-20,1.0159960039199132,-0.04599246667748756,-3.69337008591518e-19,-0.007846395353179929,0.9999829678288662,-1.4729173357448675e-21,-0.005836441738886569,4.20112728875441e-20
3.632,-1.001205704874035,3.033556012391375e-20,1.0159803242123302,-0.04621148763495817,-3.6967657332222385e-19,-0.007833308555434921,0.9999832485704652,1.1038304086274161e-20,-0.0057881411919553155,4.260931828363407e-20
3.634,-1.0012983452471615,2.959614139824938e-20,1.015964670681327,-0.04642857005430843,-3.697520612672347e-19,-0.007820218811292474,0.9999835264183166,1.604137863343285e-21,-0.005739938326036652,3.999590045012792e-20
3.636,-1.00139141785019,2.885669037892517e-20,1.0159490433325864,-0.046643718184122086,-3.6956564575101444e-19,-0.007807126330489356,0.9999838013796684,-1.87459659208426e-20,-0.005691834349914624,3.664096309807469e-20
3.638,-1.0014849188188284,2.811866301759678e-20,1.0159334421713717,-0.046856936319322036,-3.6858010979927723e-19,-0.007794031323050213,0.9999840734620493,-6.127145977936487e-21,-0.005643830458624624,3.5195100990042924e-20
3.64,-1.0015788442974207,2.7381213446131365e-20,1.015917867202526,-0.047068228800622836,-3.690591396492858e-19,-0.00778093399924851,0.9999843426732646,1.738204592839527e-20,-0.005595927833517336,3.415615380169879e-20
3.642,-1.0016731904390375,2.6642711593330675e-20,1.0159023184304712,-0.04727760001398587,-3.6948805916252e-19,-0.007767834569568008,0.9999846090213907,1.8823436102736797e-20,-0.005548127642322709,3.539556317227227e-20
3.644,-1.0017679534055657,2.5902828081629342e-20,1.0158867958592084,-0.047485054390077115,-3.704047877153123e-19,-0.007754733244664744,0.9999848725147708,2.0244777758590858e-20,-0.005500431039213943,3.663194251052339e-20
3.646,-1.0018631293677982,2.516159458960286e-20,1.015871299492317,-0.047690596403727484,-3.7083799417034003e-19,-0.007741630235329543,0.9999851331620093,1.6176858094357794e-20,-0.0054528391648715,3.783521603079699e-20
3.648,-1.0019587145055213,2.441907922570108e-20,1.015855829332955,-0.0478942305733958,-3.7165081872703437e-19,-0.0077285257524510745,0.9999853909719685,2.3076214932390762e-20,-0.005405353146547121,3.977990927659573e-20
3.65,-1.0020547050076014,2.3675206349150297e-20,1.0158403853838582,-0.0480959614606344,-3.720877394885453e-19,-0.0077154200069793994,0.9999856459537624,2.5618548196366734e-21,-0.0053579740981278545,3.814482787888888e-20
3.652,-1.0021510970720704,2.2931049073710332e-20,1.015824967647341,-0.04829579366955729,-3.721511312854153e-19,-0.007702313209890053,0.9999858981167528,9.55375583545313e-21,-0.005310703120200096,3.7346074253998505e-20
3.654,-1.0022478869062108,2.2186203277012122e-20,1.0158095761252954,-0.048493731846310964,-3.7270428676967495e-19,-0.007689205572148642,0.9999861474705445,1.1030045434607363e-20,-0.005263541300113635,3.6519197499907984e-20
3.656,-1.0023450707266388,2.1440625214831246e-20,1.0157942108191917,-0.04868978067854779,-3.7277571460383954e-19,-0.007676097304675936,0.9999863940249805,7.018798537637667e-21,-0.005216489712045699,3.5322748656644324e-20
3.658,-1.002442644759387,2.0694773987943695e-20,1.0157788717300782,-0.04888394489490202,-3.7301345745089867e-19,-0.007662988618313542,0.9999866377901376,-2.4522765412722298e-21,-0.005169549417065003,3.3415272460123753e-20
3.66,-1.002540605239986,1.9949250630506837e-20,1.015763558858582,-0.049076229264468425,-3.7244814224685445e-19,-0.007649879723789969,0.9999868787763216,-1.735355830734283e-20,-0.005122721463195797,3.01142776844504e-20
3.662,-1.0026389484135443,1.920493951704237e-20,1.0157482722049087,-0.04926663859628349,-3.719451955132726e-19,-0.007636770831687329,0.999987116994063,-4.781965566620278e-21,-0.005076006885481905,2.901765979027612e-20
3.664,-1.0027376705348283,1.8461141628447027e-20,1.0157330117688428,-0.04945517773880926,-3.7193452887940756e-19,-0.007623662152408452,0.999987352454112,7.730147511730754e-21,-0.005029406706050763,2.79234905810565e-20
3.666,-1.0028367678683403,1.771687483069425e-20,1.0157177775497483,-0.04964185157941978,-3.7241371832187043e-19,-0.007610553896144553,0.9999875851674346,2.0184801668014632e-20,-0.004982921934177444,2.64891092754435e-20
3.668,-1.0029362366883956,1.6971161823814502e-20,1.0157025695465693,-0.0498266650438901,-3.733803536914775e-19,-0.007597446272843398,0.9999878151452076,3.25822886675285e-20,-0.004936553566348671,2.4715324365391812e-20
3.67,-1.0030360732791992,1.622303011485045e-20,1.01568738775783,-0.05000962309588796,-3.748320384243566e-19,-0.007584339492177926,0.9999880423988146,4.4922896580803206e-20,-0.004890302586326816,2.260334848506049e-20
3.672,-1.0031362739349208,1.547151199029925e-20,1.0156722321816356,-0.05019073073646801,-3.767663889951078e-19,-0.007571233763515452,0.9999882669398413,5.720185709635407e-20,-0.004844169965213888,2.1181550951856858e-20
3.674,-1.0032368349597691,1.4715644495696717e-20,1.0156571028156727,-0.05036999300356864,-3.791810289544303e-19,-0.007558129295887264,0.9999884887800714,6.941939053202076e-20,-0.004798156661515491,2.044829731270306e-20
3.676,-1.0033377526680654,1.3954469423083262e-20,1.0156419996572106,-0.05054741497151147,-3.820735889691969e-19,-0.0075450262979587755,0.9999887079314815,8.157743954645804e-20,-0.004752263621204773,2.0059299844340947e-20
3.678,-1.0034390233843153,1.3187033295122949e-20,1.0156269227031014,-0.05072300175050335,-3.8544170723249995e-19,-0.007531924978000181,0.9999889244062381,9.367460646644843e-20,-0.004706491777786342,2.0356401607760906e-20
3.68,-1.003540643443281,1.2412387351144048e-20,1.015611871949781,-0.050896758486141044,-3.892830288866332e-19,-0.007518825543857544,0.9999891382166919,1.0571275358817851e-19,-0.004660842052360161,2.0995320212374173e-20
3.682,-1.0036426091900499,1.1629587532224237e-20,1.0155968473932706,-0.051068690358918443,-3.9359520816313314e-19,-0.007505728202924412,0.9999893493753746,1.1769378537525028e-19,-0.004615315353685411,2.1632589521053677e-20
3.684,-1.0037449169801054,1.083769445955739e-20,1.0155818490291764,-0.051238802583736406,-3.9837590917765257e-19,-0.007492633162113877,0.9999895578949944,1.2961632919956745e-19,-0.00456991257824433,2.261087254264097e-20
3.686,-1.0038475631793944,1.0035773418554586e-20,1.0155668768526918,-0.0514071004094152,-4.036228053241545e-19,-0.007479540627831163,0.9999897637884312,1.4148225212174565e-19,-0.004524634610306014,2.3587517033952e-20
3.688,-1.0039505441643954,9.222894336351975e-21,1.0155519308585974,-0.05157358911820951,-4.09333581168825e-19,-0.00746645080594665,0.9999899670687332,1.532918266784105e-19,-0.0044794823219901775,2.4561716174833645e-20
3.69,-1.0040538563221844,8.398131759008927e-21,1.0155370110412631,-0.05173827402532605,-4.1550593321271505e-19,-0.007453363901769393,0.9999901677491126,1.6504688633337952e-19,-0.004434456573330896,2.5190819389394385e-20
3.692,-1.0041574960504998,7.560564827040349e-21,1.0155221173946487,-0.05190116047844377,-4.221375702877641e-19,-0.007440280120021097,0.9999903658429413,1.7674463913931943e-19,-0.0043895582123402825,2.616096216466319e-20
3.694,-1.004261459757808,6.709277254143887e-21,1.0155072499123048,-0.05206225385723665,-4.292262089649468e-19,-0.007427199664810554,0.9999905613637471,1.8838076446178232e-19,-0.004344788075072148,2.849931154344073e-20
3.696,-1.004365743863366,5.8434649543272195e-21,1.0154924085873749,-0.05222155957289905,-4.364466625740995e-19,-0.00741412273960859,0.9999907543252092,1.780403333662997e-19,-0.004300146985685599,2.8681167398714536e-20
3.698,-1.0044703447972847,4.963978048058703e-21,1.015477593412596,-0.052379083067673665,-4.429370147340796e-19,-0.007401049547223419,0.9999909447411548,1.6774898896580442e-19,-0.0042556357565085995,2.8863099650052043e-20
3.7,-1.0045752590005896,4.071555737842465e-21,1.0154628043802998,-0.05253482981438208,-4.493465064523765e-19,-0.007387980289776489,0.9999911326255548,1.5202083757138257e-19,-0.004211255188101483,2.970668434152647e-20
3.702,-1.0046804829252827,3.167112462382322e-21,1.0154480414824152,-0.05268880531595786,-4.55030225522265e-19,-0.0073749151686787655,0.9999913179925202,1.6378863856904064e-19,-0.004167006069320411,2.860791507332358e-20
3.704,-1.0047860130344008,2.2503017428244738e-21,1.0154333047104687,-0.05284101510498225,-4.618213931816301e-19,-0.00736185438460749,0.9999915008562975,1.645645657274035e-19,-0.004122889177380785,2.678154182820156e-20
3.706,-1.004891845802076,1.3206710039325218e-21,1.0154185940555858,-0.05299146474322242,-4.67886101371763e-19,-0.00734879813748336,0.9999916812312656,1.6533840449715223e-19,-0.004078905277920596,2.46168276653989e-20
3.708,-1.004997977713592,3.781270508714303e-22,1.0154039095084935,-0.053140159821172324,-4.747344998281996e-19,-0.007335746626448189,0.9999918591319316,1.7705100927464228e-19,-0.004035055125063729,2.4899297377053957e-20
3.71,-1.0051044052654423,-5.7799580939705055e-22,1.015389251059521,-0.05328710595759606,-4.813928035803584e-19,-0.0073227000498429845,0.9999920345729272,1.722529805197665e-19,-0.003991339461483197,2.374473761348099e-20
3.712,-1.0052111249653854,-1.5475335092395142e-21,1.015374618698602,-0.053432308799073854,-4.881853674898799e-19,-0.007309658605186465,0.9999922075690046,1.6747236558307772e-19,-0.003947759018464324,2.396358983061808e-20
3.714,-1.005318133332501,-2.5301796748348065e-21,1.0153600124152753,-0.053575774019550604,-4.943579032445652e-19,-0.007296622489154048,0.9999923781350333,1.6271155064741892e-19,-0.0039043145159678603,2.486727939784094e-20
3.716,-1.005425426897243,-3.525378652689487e-21,1.015345432198688,-0.05371750731988694,-5.007742049955033e-19,-0.007283591897557249,0.9999925462859959,1.634585331729458e-19,-0.0038610066626930356,2.510576579768682e-20
3.718,-1.0055330022014939,-4.533186390451316e-21,1.0153308780375956,-0.053857514427412885,-5.071101533010719e-19,-0.007270567025323493,0.9999927120369848,1.6968311030942672e-19,-0.0038178361561405456,2.5707501180338184e-20
3.72,-1.0056408557986172,-5.5541250231649854e-21,1.0153163499203657,-0.05399580109548403,-5.13797355457555e-19,-0.007257548066476392,0.9999928754031983,1.649221252150276e-19,-0.00377480368267547,2.729309859964695e-20
3.722,-1.0057489842535081,-6.5878187022479394e-21,1.015301847834978,-0.05413237310304032,-5.198653443677264e-19,-0.007244535214116418,0.9999930363999372,1.6018083807889767e-19,-0.0037319099175901205,2.9560290951673965e-20
3.724,-1.0058573841426457,-7.633893118907292e-21,1.0152873717690272,-0.0542672362541673,-5.261782402187177e-19,-0.007231528660402039,0.9999931950426013,1.5547736131481165e-19,-0.0036891555251668154,2.771023652424803e-20
3.726,-1.0059660520541416,-8.691975803351414e-21,1.0152729217097245,-0.054400396377660025,-5.318737600780715e-19,-0.007218528596531199,0.999993351346686,1.5079386898800565e-19,-0.003646541158740584,2.6549921456093276e-20
3.728,-1.0060749845877892,-9.761732094958463e-21,1.0152584976438999,-0.054531859326589376,-5.379238350709289e-19,-0.007205535212723292,0.9999935053277782,1.5162562821110525e-19,-0.003604067460761792,2.609734326634003e-20
3.73,-1.0061841783551122,-1.084336799464455e-20,1.0152440995580039,-0.05466163097787102,-5.436815859021372e-19,-0.007192548698201514,0.9999936570015535,1.579323568933516e-19,-0.0035617350628586878,2.669356199589236e-20
3.732,-1.0062936299794116,-1.1937161022363399e-20,1.0152297274381095,-0.05478971723183686,-5.501166448728933e-19,-0.007179569241175608,0.9999938063837728,1.6420904278722518e-19,-0.003519544585899875,2.728911932842764e-20
3.734,-1.0064033360958122,-1.3043494156179174e-20,1.015215381269914,-0.05491612401180899,-5.562574603449185e-19,-0.007166597028825042,0.9999939534902783,1.6499009696592638e-19,-0.003477496640056698,2.683638352892497e-20
3.736,-1.006513293351308,-1.4162713015809937e-20,1.0152010610387423,-0.05504085726367626,-5.629663850485184e-19,-0.007153632247282565,0.9999940983369909,1.712406179498937e-19,-0.0034355918248655465,2.5375749767070396e-20
3.738,-1.0066234984048066,-1.529509002887758e-20,1.015186766729547,-0.05516392295547329,-5.694871770802996e-19,-0.007140675081618191,0.9999942409399064,1.7197796130589486e-19,-0.0033938307292900767,2.4241125451650666e-20
3.74,-1.0067339479271742,-1.6440967162721706e-20,1.0151724983269124,-0.055285327076962015,-5.763587653269474e-19,-0.0071277257158235555,0.9999943813150923,1.727000093571594e-19,-0.0033522139317833438,2.2766067279576808e-20
3.742,-1.0068446386012775,-1.7600146991160165e-20,1.0151582558150554,-0.05540507563921578,-5.828258146053005e-19,-0.00711478433279666,0.9999945194786849,1.7343302597244327e-19,-0.003310742000349846,2.0951876670895617e-20
3.744,-1.0069555671220263,-1.877271964203504e-20,1.0151440391778288,-0.05552317467420592,-5.897515666303058e-19,-0.007101851114327034,0.9999946554468856,1.7416035184569877e-19,-0.003269415492607481,1.9826479437902237e-20
3.746,-1.007066730196415,-1.9958739188343126e-20,1.0151298483987223,-0.05563963023439086,-5.962726892728244e-19,-0.007088926241081232,0.9999947892359582,1.6940299633154143e-19,-0.0032282349558494087,1.834315199437171e-20
3.748,-1.0071781245435627,-2.115804442831626e-20,1.015115683460866,-0.05575444839230771,-6.031451264458682e-19,-0.007076009892588776,0.9999949208622256,1.8660474644095e-19,-0.0031872009271058186,1.8990164663939256e-20
3.75,-1.0072897468947541,-2.2371767547430986e-20,1.0151015443470315,-0.05586763524016637,-6.106900343499075e-19,-0.007063102247228417,0.9999950503420666,2.0372601416733622e-19,-0.0031463139332056074,1.9292844626556325e-20
3.7520000000000002,-1.007401593993477,-2.3601250152457278e-20,1.0150874310396354,-0.05597919688944613,-6.1890408082735675e-19,-0.0070502034822148155,0.9999951776919129,2.2076501365091384e-19,-0.0031055744908379548,1.9937328744989385e-20
3.754,-1.0075136625954613,-2.48478272003319e-20,1.0150733435207404,-0.05608913947049475,-6.277839475529886e-19,-0.0070373137735855506,0.9999953029282461,2.3772315626296695e-19,-0.003064983106613802,2.0579741997262847e-20
3.7560000000000002,-1.0076259494687159,-2.6112827026217825e-20,1.015059281772059,-0.056197469132130064,-6.373263322523068e-19,-0.007024433296188543,0.999995426067595,2.546008811517871e-19,-0.003024540277127233,2.122009061778064e-20
3.758,-1.0077384513935659,-2.739757137744772e-20,1.0150452457749546,-0.05630419204124401,-6.4752794817812e-19,-0.007011562223669807,0.9999955471265317,2.7139747699082995e-19,-0.0029842464890167514,2.22014464150817e-20
3.7600000000000002,-1.0078511651626876,-2.87033754406558e-20,1.0150312355104452,-0.056409314382409204,-6.583855214633559e-19,-0.00699870072846158,0.99999566612167,2.8811331261777546e-19,-0.0029441022190264524,2.3523002098243715e-20
3.762,-1.007964087581144,-3.0031332602723916e-20,1.0150172509592044,-0.05651284235748793,-6.694652629243864e-19,-0.006985848981770813,0.9999957830696616,2.7186158117037617e-19,-0.0029041079340670966,2.2345825326209238e-20
3.7640000000000002,-1.0080772154664186,-3.1380378214114844e-20,1.015003292101565,-0.05661478218524365,-6.794744753679435e-19,-0.006973007153567985,0.9999958979871937,2.5020046838086383e-19,-0.0028642640912770697,2.252544161647617e-20
3.766,-1.008190545648449,-3.274898658680653e-20,1.0149893589175212,-0.056715140100954936,-6.889569408189016e-19,-0.006960175412576315,0.9999960108909857,2.2864192878706194e-19,-0.002824571138083239,2.2704764719864575e-20
3.7680000000000002,-1.00830407496966,-3.413546094320588e-20,1.0149754513867308,-0.056813922356031915,-6.973770926739934e-19,-0.006947353926261282,0.999996121797787,2.181735723651384e-19,-0.0027850295122616997,1.948779636874874e-20
3.77,-1.0084178002849942,-3.5538974442416897e-20,1.0149615694885181,-0.05691113521763511,-7.061399200230749e-19,-0.006934542860820488,0.9999962307243737,2.2967571322659964e-19,-0.0027456396419984082,1.9765375667690507e-20
3.7720000000000002,-1.008531718461945,-3.696013923689432e-20,1.0149477132018763,-0.057006784968296795,-7.151357483426937e-19,-0.006921742381173907,0.9999963376875465,2.4661689972467546e-19,-0.0027064019459497072,2.074261747253948e-20
3.774,-1.0086458263805849,-3.8400281988914416e-20,1.0149338825054697,-0.057100877905544724,-7.250097191406221e-19,-0.0069089526509544304,0.9999964427041275,2.4155402787104637e-19,-0.0026673168333027327,1.92594459860725e-20
3.7760000000000002,-1.0087601209335968,-3.98591810386418e-20,1.014920077377637,-0.05719342034152839,-7.339280827824989e-19,-0.006896173832498722,0.9999965457909578,2.4199971049705213e-19,-0.0026283847038357077,1.7109923605318928e-20
3.778,-1.0088745990263022,-4.133686693767831e-20,1.0149062977963936,-0.05728441860264766,-7.438324346179033e-19,-0.006883406086838463,0.9999966469648949,2.5340950221359764e-19,-0.0025896059479781196,1.4651639738344262e-20
3.7800000000000002,-1.0089892575766888,-4.28339439658963e-20,1.0148925437394338,-0.05737387902918383,-7.532112271901926e-19,-0.006870649573691888,0.9999967462428101,2.4282798890529275e-19,-0.0025509809468707784,1.4883182743989473e-20
3.782,-1.009104093515439,-4.4349936693315514e-20,1.014878815184134,-0.0574618079749332,-7.627124990428935e-19,-0.006857904451455642,0.9999968436415859,2.4324691205003457e-19,-0.0025125100724257554,1.5827484783768473e-20
3.7840000000000003,-1.0092191037859557,-4.5884479462936066e-20,1.014865112107555,-0.05754821180684294,-7.716895018710266e-19,-0.00684517087719697,0.9999969391781136,2.2173791885771113e-19,-0.0024741936873862017,1.5001128720973088e-20
3.786,-1.0093342853443887,-4.7436131159944855e-20,1.0148514344864448,-0.05763309690464948,-7.798220939807158e-19,-0.006832449006646206,0.9999970328692908,2.003283640998714e-19,-0.002436032145386044,1.5204012284977306e-20
3.7880000000000003,-1.0094496351596598,-4.900320713059394e-20,1.0148377822972416,-0.05771646966051927,-7.871144392982377e-19,-0.006819738994189591,0.9999971247320186,1.7901943780243467e-19,-0.0023980257910095545,1.5749185901311076e-20
3.79,-1.0095651502134873,-5.058403102609284e-20,1.014824155516076,-0.05779833647869193,-7.935706793039483e-19,-0.006807040992862383,0.9999972147832001,1.5780982652186139e-19,-0.002360174959850802,1.6978497376099392e-20
3.7920000000000003,-1.0096808275004092,-5.217693475841083e-20,1.0148105541187737,-0.05787870377512585,-7.991949328725786e-19,-0.006794355154342291,0.9999973030397372,1.3670146752927366e-19,-0.00232247997857297,1.7863154636263542e-20
3.794,-1.0097966640278075,-5.3780258457011343e-20,1.0147969780808586,-0.057957577977146124,-8.039912993198951e-19,-0.006781681628943186,0.9999973895185283,1.1569229362566594e-19,-0.0022849411649675496,1.908848227178761e-20
3.7960000000000003,-1.0099126568159298,-5.539245806161732e-20,1.0147834273775553,-0.05803496552309494,-8.08286753580451e-19,-0.006769020565609129,0.9999974742364668,1.2220178669215567e-19,-0.002247558828013404,1.763236392406666e-20
3.798,-1.0100288028979107,-5.70139699077457e-20,1.014769901983792,-0.05811087286198431,-8.13267378670261e-19,-0.0067563721119086794,0.9999975572104379,1.2866763267856578e-19,-0.0022103332679357045,1.6178813102326552e-20
3.8000000000000003,-1.0101450993197938,-5.864526377129784e-20,1.0147564018742026,-0.05818530645315119,-8.180685711744991e-19,-0.006743736414029517,0.9999976384573168,1.35102084201247e-19,-0.002173264776264729,1.507091948373769e-20
3.802,-1.010261543140551,-6.028677105512758e-20,1.0147429270231307,-0.058258272765914984,-8.234448079875302e-19,-0.006731113616773328,0.9999977179939665,1.3603583848322023e-19,-0.0021363536358945346,1.4296789574546575e-20
3.8040000000000003,-1.0103781314321028,-6.193870637184438e-20,1.0147294774046316,-0.0583297782792374,-8.285323681889489e-19,-0.006718503863550971,0.9999977958372356,1.4243401732873578e-19,-0.002099600121141492,1.3879638221878783e-20
3.806,-1.0104948612793365,-6.360160572495131e-20,1.0147160529924748,-0.05839982948138471,-8.34516277208552e-19,-0.006705907296377964,0.999997872003956,1.65249660211254e-19,-0.0020630044978026873,1.3497967599525996e-20
3.8080000000000003,-1.0106117297801256,-6.527697095714173e-20,1.0147026537601473,-0.05846843286959228,-8.408541160289372e-19,-0.006693324055870199,0.999997946510941,1.6603411846833922e-19,-0.0020265670232141853,1.5812335914939678e-20
3.81,-1.0107287340453464,-6.696504150532935e-20,1.0146892796808566,-0.058535594949731574,-8.472215661293671e-19,-0.0066807542812399555,0.9999980193749831,1.6681326591401388e-19,-0.0019902879463091563,1.8806117487429726e-20
3.8120000000000003,-1.0108458711988952,-6.866587642367026e-20,1.0146759307275328,-0.05860132223597939,-8.536184590073276e-19,-0.0066681981102921966,0.9999980906128523,1.6758916953229517e-19,-0.001954167507675864,2.1450937893328166e-20
3.814,-1.0109631383777051,-7.037953443017838e-20,1.014662606872832,-0.05866562125048952,-8.600446280749447e-19,-0.006655655679421089,0.9999981602412934,1.683632257196596e-19,-0.001918205939615514,2.30614905273924e-20
3.8160000000000003,-1.011080532731761,-7.21060739162729e-20,1.0146493080891386,-0.05872849852306666,-8.664999131532491e-19,-0.006643127123606834,0.9999982282770249,1.6913417305316622e-19,-0.0018824034661999594,2.432473635065228e-20
3.818,-1.0111980514241143,-7.384555295594447e-20,1.0146360343485687,-0.05878996059084276,-8.72984156342649e-19,-0.006630612576412741,0.9999982947367362,1.6990071336698682e-19,-0.0018467603033292678,2.5927226248324375e-20
3.8200000000000003,-1.0113156916308987,-7.559802930751744e-20,1.014622785622973,-0.05885001399795557,-8.794971992378525e-19,-0.006618112169982544,0.9999983596370864,1.7066220901112991e-19,-0.0018112766587891412,2.8211222929717645e-20
3.822,-1.0114334505413423,-7.736356040954049e-20,1.0146095618839388,-0.05890866529522962,-8.860388811898035e-19,-0.0066056260350379715,0.9999984229947019,1.7141992257587598e-19,-0.0017759527323081938,3.04901952872257e-20
3.8240000000000003,-1.011551325357781,-7.914220338003236e-20,1.0145963631027937,-0.058965921039859405,-8.926090418442934e-19,-0.00659315430087659,0.9999984848261749,1.7217387411070404e-19,-0.0017407887156150846,3.2763749044142764e-20
3.826,-1.011669313295672,-8.09340150159329e-20,1.0145831892506079,-0.059021787795094975,-8.992075207957245e-19,-0.0065806970953698855,0.9999985451480615,1.7292286644062134e-19,-0.0017057847924955012,3.5716812632180894e-20
3.8280000000000003,-1.011787411583604,-8.273905179301221e-20,1.0145700402981976,-0.059076272129929726,-9.058341572800853e-19,-0.006568254544961599,0.9999986039768798,1.7366869715929955e-19,-0.0016709411388489983,3.832101089636779e-20
3.83,-1.0119056174633099,-8.455715460588846e-20,1.0145569162161274,-0.05912938061879055,-9.120582712383083e-19,-0.006555826774666254,0.9999986613291081,1.4151590015805658e-19,-0.0016362579227456868,4.0520579741190096e-20
3.8320000000000003,-1.012023928189676,-8.638622780317663e-20,1.0145438169747132,-0.05918111984123025,-9.169131679230124e-19,-0.006543413908067942,0.9999987172211845,1.3145024694038247e-19,-0.0016017353044827753,4.00108625184883e-20
3.834,-1.0121423410307526,-8.822522684879176e-20,1.0145307425440253,-0.05923149638162223,-9.22128024152093e-19,-0.006531016067319419,0.9999987716695008,1.2144592809483161e-19,-0.0015673734366409514,3.915974124631877e-20
3.8360000000000003,-1.012260853267764,-9.007365093333971e-20,1.014517692893891,-0.05928051682885745,-9.263027260022003e-19,-0.006518633373141304,0.9999988246904069,1.2246560034831863e-19,-0.0015331724641406302,3.9355042620133166e-20
3.838,-1.0123794621951159,-9.193143422401342e-20,1.0145046679938976,-0.05932818777604369,-9.314871982697042e-19,-0.006506265944821591,0.9999988763002059,1.3992761568833982e-19,-0.0014991325242980312,3.9918557962405793e-20
3.84,-1.0124981651204044,-9.379940734113513e-20,1.0144916678133953,-0.05937451582020701,-9.36384381245866e-19,-0.0064939139002153454,0.9999989265151524,1.2441289092470102e-19,-0.0014652537468811116,3.9403366308233663e-20
3.842,-1.0126169593644232,-9.567696064906092e-20,1.0144786923215001,-0.059419507561995495,-9.412112931614913e-19,-0.00648157735574464,0.9999989753514514,1.308932072200977e-19,-0.001431536254165342,3.618107806409454e-20
3.844,-1.012735842261171,-9.75643129838564e-20,1.0144657414870966,-0.05946316960538528,-9.459679506422376e-19,-0.0064692564263987146,0.9999990228252571,1.1540924119517546e-19,-0.0013979801609893285,3.533403498395563e-20
3.846,-1.012854811157857,-9.946021116648207e-20,1.0144528152788408,-0.05950550855738876,-9.497934983350839e-19,-0.00645695122573432,0.9999990689526709,9.999817901148256e-20,-0.0013645855748102764,3.4832108694574845e-20
3.848,-1.012973863414908,-1.0136362256625409e-19,1.014439913665163,-0.05954653102776506,-9.536610291868938e-19,-0.00644466186587629,0.9999991137497399,1.0659437548131954e-19,-0.0013313525957592985,3.16204569834832e-20
3.85,-1.0130929964059718,-1.0327502661412425e-19,1.0144270366142705,-0.059586243628732743,-9.577859445054818e-19,-0.006432388457518337,0.999999157232456,1.13158601000888e-19,-0.0012982813166965634,2.9101710912428814e-20
3.852,-1.013212207517924,-1.0519493681622329e-19,1.014414184094151,-0.05962465297468471,-9.621669820575649e-19,-0.006420131109924013,0.9999991994167537,1.1969186998320739e-19,-0.001265371823266285,2.6589311858908926e-20
3.854,-1.0133314941508698,-1.0712386415925863e-19,1.0144013560725749,-0.05966176568190533,-9.668028853156185e-19,-0.006407889930927922,0.9999992403185095,1.2619479560363065e-19,-0.0012326241939515533,2.374017755189029e-20
3.856,-1.0134508537181495,-1.0906231712440992e-19,1.0143885525170984,-0.05969758836828981,-9.716924045409042e-19,-0.006395665026937064,0.9999992799535397,1.326657981904143e-19,-0.0012000385001290036,2.1925750794751928e-20
3.858,-1.01357028364634,-1.110108016951611e-19,1.0143757733950662,-0.05973212765306571,-9.768342920682044e-19,-0.006383456502932448,0.9999993183375996,1.3910624624996172e-19,-0.0011676148061233232,2.011640760640581e-20
3.86,-1.0136897813752583,-1.1296982136500334e-19,1.0143630186736146,-0.05976539015651667,-9.822273052800834e-19,-0.006371264462470839,0.9999993554863825,1.455162846354832e-19,-0.0011353531692615975,1.8311323674822924e-20
3.862,-1.0138093443579623,-1.1493987714712008e-19,1.0143502883196742,-0.05979738249970835,-9.878702072085393e-19,-0.006359089007686707,0.9999993914155175,1.5189644547503034e-19,-0.0011032536399274906,1.616782765963714e-20
3.864,-1.0139289700607528,-1.1692146758843977e-19,1.0143375822999727,-0.05982811130421651,-9.937617684143811e-19,-0.006346930239294387,0.9999994261405688,1.582468926194877e-19,-0.0010713162616152623,1.3686315582895464e-20
3.866,-1.0140486559631738,-1.1891508878410062e-19,1.014324900581038,-0.05985758319185733,-9.999007666822923e-19,-0.0063347882565904,0.9999994596770346,1.6456739893087086e-19,-0.0010395410709836228,1.1210655958153629e-20
3.868,-1.0141683995580135,-1.209212343911353e-19,1.0143122431292004,-0.05988580478441979,-1.0062859860416087e-18,-0.006322663157455944,0.9999994920403454,1.7085811577654604e-19,-0.0010079280979094169,8.740834857647788e-21
3.87,-1.014288198351303,-1.2294039564074559e-19,1.0142996099105963,-0.05991278270340032,-1.012916215990195e-18,-0.00631055503835959,0.9999995232458633,1.771188160400491e-19,-0.0009764773655411456,6.6194995977939824e-21
3.872,-1.0144080498623158,-1.249730613466704e-19,1.0142870008911702,-0.059938523569739555,-1.0197902496393948e-18,-0.006298463994360128,0.9999995533088807,1.8334961844313456e-19,-0.0009451888903523193,4.845824033659475e-21
3.874,-1.0145279516235668,-1.270197179129788e-19,1.0142744160366781,-0.059963034003561205,-1.0269068843489593e-18,-0.006286390119109586,0.9999995822446189,1.8955033898884398e-19,-0.000914062682194642,3.761645266445175e-21
3.876,-1.01464790118081,-1.2908084934107168e-19,1.01426185531269,-0.05998632062391312,-1.034264919327418e-18,-0.006274333504856415,0.9999996100682276,1.9572043805761725e-19,-0.0008830987443510283,4.051057471423377e-21
3.878,-1.0147678960930362,-1.31156937230215e-19,1.0142493186845931,-0.060008390048510454,-1.0418631533120298e-18,-0.006262294242448858,0.9999996367947831,2.0186031837637528e-19,-0.0008522970735884501,5.367737176502112e-21
3.88,-1.01488793393247,-1.3324846077809154e-19,1.0142368061175937,-0.060029248893480984,-1.0497003867503483e-18,-0.006250272421338456,0.9999996624392876,2.0797160321736195e-19,-0.0008216576602106134,5.995536653718088e-21
3.882,-1.0150080122845666,-1.3535589679111078e-19,1.0142243175767212,-0.060048903773112484,-1.0577754291515355e-18,-0.0062382681295837395,0.9999996870166685,2.1405534756343226e-19,-0.0007911804881104643,4.908510929170797e-21
3.884,-1.0151281287480076,-1.374797197071864e-19,1.0142118530268298,-0.060067361299602294,-1.0660871018090914e-18,-0.006226281453854031,0.9999997105417769,2.20110048684304e-19,-0.0007608655348225226,4.165880324088919e-21
3.886,-1.015248280934697,-1.3962040161203395e-19,1.0141994124326021,-0.06008462808280892,-1.0746342301358105e-18,-0.006214312479433454,0.9999997330293869,2.261352699579497e-19,-0.0007307127715750454,4.452150975814209e-21
3.888,-1.0153684664697555,-1.4177841224406874e-19,1.0141869957585516,-0.060100710730005794,-1.083415641828224e-18,-0.006202361290225053,0.9999997544941946,2.3213165971481615e-19,-0.0007007221633420152,5.0803734366609524e-21
3.89,-1.015488682991516,-1.439542190007235e-19,1.0141746029690248,-0.06011561584563705,-1.092430167942081e-18,-0.006190427968755064,0.9999997749508172,2.38099323612788e-19,-0.0006708936688949564,6.049736985372528e-21
3.892,-1.0156089281515168,-1.461482869450446e-19,1.0141622340282053,-0.06012935003107545,-1.1016766435716871e-18,-0.006178512596177348,0.9999997944137916,2.440384079207682e-19,-0.0006412272408545767,7.359432845266066e-21
3.894,-1.0157291996144961,-1.483610788139493e-19,1.0141498889001148,-0.06014191988438237,-1.1111539064986783e-18,-0.0061666152522779774,0.9999998128975748,2.4994832888320698e-19,-0.0006117228257422346,1.0035825940630284e-20
3.896,-1.0158494950583845,-1.5059294739401358e-19,1.0141375675486177,-0.06015333200006979,-1.12053791675266e-18,-0.006154736015479897,0.9999998304165415,2.3390104254834326e-19,-0.0005823803640312305,1.063645987789607e-20
3.898,-1.0159698121742977,-1.5284262959482153e-19,1.0141252699374226,-0.06016359296886444,-1.1290757355501776e-18,-0.006142874962847802,0.9999998469849845,2.234241768187137e-19,-0.0005531997901979229,1.3294433229967738e-20
3.9,-1.0160901486665295,-1.5510940660232159e-19,1.014112996030085,-0.06017270937747396,-1.1376330463260513e-18,-0.006131032170093087,0.9999998626171132,2.1299655168248663e-19,-0.0005241810327726675,1.6289572705164895e-20
3.902,-1.016210502252542,-1.5739267152700932e-19,1.0141007457900109,-0.06018068780835506,-1.1457792278183517e-18,-0.006119207711578961,0.9999998773270531,2.3003228159214575e-19,-0.0004953240143905787,1.7236006746370497e-20
3.904,-1.0163308706629588,-1.5969365030562813e-19,1.0140885191804583,-0.060187534839483796,-1.155238829012551e-18,-0.006107401660325675,0.9999998911288449,2.4699963234552344e-19,-0.00046662865184211486,1.920855257903707e-20
3.906,-1.016451251641554,-1.6201324124775048e-19,1.014076316164541,-0.06019325704412781,-1.16428332295933e-18,-0.006095614088015884,0.9999999040364441,2.3648734485001373e-19,-0.0004380948561234839,1.9450288280877247e-20
3.908,-1.0165716429452436,-1.6435104642664788e-19,1.0140641367052305,-0.060197860990620654,-1.173561017177856e-18,-0.006083845065000104,0.9999999160637197,2.4247172612291367e-19,-0.0004097225324868708,2.175461372302963e-20
3.91,-1.016692042344075,-1.667074599185695e-19,1.0140519807653592,-0.06020135324213807,-1.1829632840330274e-18,-0.0060720946603023416,0.9999999272244543,2.594052573092495e-19,-0.0003815115804904861,2.5086742749646985e-20
3.912,-1.016812447621217,-1.6908366375434673e-19,1.0140398483076223,-0.06020374035647634,-1.1932432072812901e-18,-0.006060362941625781,0.9999999375323427,2.543281620013566e-19,-0.00035346189404843425,2.8058687088829954e-20
3.914,-1.016932856572948,-1.7147939944254016e-19,1.0140277392945813,-0.060205028885832575,-1.202351706384179e-18,-0.006048649975358634,0.9999999470009917,2.32814980066891e-19,-0.0003255733614804011,2.896259247800405e-20
3.916,-1.0170532670086452,-1.7389315376566652e-19,1.0140156536886662,-0.06020522537658705,-1.2114777616734178e-18,-0.006036955826580063,0.9999999556439191,2.443004515018775e-19,-0.00029784586556116184,2.6449257812668477e-20
3.918,-1.0171736767507724,-1.763253932749637e-19,1.014003591452178,-0.06020433636908748,-1.2206212862735461e-18,-0.006025280559066256,0.9999999634745536,2.2283559947301276e-19,-0.0002702792835699066,2.56461708433999e-20
3.92,-1.0172940836348683,-1.7877475266267973e-19,1.0139915525472918,-0.060202368397435334,-1.2287059309264906e-18,-0.00601362423529656,0.9999999705062339,2.1243666906033216e-19,-0.00024287348733938494,2.827415161839146e-20
3.922,-1.017414485509533,-1.8124066261663907e-19,1.0139795369360582,-0.060199327989274055,-1.237243839597474e-18,-0.006001986916459762,0.9999999767522082,2.240047741515586e-19,-0.00021562834330486779,2.8845243355255453e-20
3.924,-1.0175348802364155,-1.837234893729717e-19,1.0139675445804077,-0.06019522166557929,-1.2454788736862964e-18,-0.005990368662460432,0.9999999822256338,2.0810543649703098e-19,-0.00018854371255292647,2.803758505980291e-20
3.926,-1.0176552656901996,-1.8622216127435548e-19,1.0139555754421516,-0.06019005594045106,-1.253089478438787e-18,-0.005978769531925421,0.9999999869395761,1.92281508972697e-19,-0.00016161945087002938,2.723223440918494e-20
3.928,-1.0177756397585904,-1.8873543254618912e-19,1.0139436294829856,-0.06018383732090785,-1.2600787360007447e-18,-0.005967189582210389,0.9999999909070091,1.7653266120671773e-19,-0.0001348554087909547,2.6429186371577788e-20
3.93,-1.0178960003422999,-1.9126206356367055e-19,1.0139317066644915,-0.06017657230668272,-1.2664497129568447e-18,-0.0059556288694064706,0.9999999941408135,1.608583989020161e-19,-0.00010825143164701906,2.6312946546394397e-20
3.932,-1.0180163453550322,-1.9380082081820888e-19,1.0139198069481408,-0.060168267390021256,-1.2722054594888543e-18,-0.005944087448347029,0.9999999966537778,1.452584513135599e-19,-8.18073596141221e-05,2.6196970678460402e-20
3.934,-1.0181366727234678,-1.9635047688650691e-19,1.0139079302952962,-0.0601589290554815,-1.277349010841073e-18,-0.005932565372614481,0.9999999984585966,1.297324660980676e-19,-5.5523027760605924e-05,2.6081258625028994e-20
3.936,-1.0182569803872488,-1.9890981040141625e-19,1.0138960766672145,-0.06014856377973581,-1.281883388104683e-18,-0.005921062694547237,0.9999999995678709,1.1428012055990618e-19,-2.9398266094929876e-05,2.5623148832835252e-20
3.938,-1.0183772662989625,-2.014776060247221e-19,1.013884246025049,-0.06013717803137457,-1.285811598955391e-18,-0.005909579465246703,0.9999999999941075,9.890104537923446e-20,-3.432899613159774e-06,2.550837016166518e-20
3.94,-1.0184975284241253,-2.040526544181819e-19,1.0138724383298523,-0.06012477827071186,-1.2891366355267115e-18,-0.005898115734584362,0.9999999997497186,8.35948776781095e-20,2.2373251653729618e-05,2.5050786462516e-20
3.942,-1.0186177647411656,-2.0663375221489251e-19,1.0138606535425783,-0.06011137094959301,-1.291861477785663e-18,-0.005886671551208969,0.9999999988470218,6.836130922131618e-20,4.802037259273697e-05,2.3566294114336502e-20
3.944,-1.0187379732414068,-2.092197019967829e-19,1.0138488916240849,-0.06009696251120403,-1.2939890941982162e-18,-0.005875246962553785,0.999999997298239,5.3200059950240025e-20,7.35086529619044e-05,2.2770634961513442e-20
3.946,-1.01885815192905,-2.1180931226748183e-19,1.013837152535136,-0.06008155938988289,-1.2955224372085075e-18,-0.005863842014843904,0.9999999951154965,3.8110751792486876e-20,9.883828734357365e-05,2.2662582902421575e-20
3.948,-1.0189782988211562,-2.14401397418257e-19,1.0138254362364048,-0.060065168010932764,-1.2964644422593553e-18,-0.005852456753103662,0.999999992310825,2.3093035029399502e-20,0.00012400947509783012,2.324050863662391e-20
3.95,-1.0190984119476272,-2.169947776948466e-19,1.0138137426884752,-0.06004779479043703,-1.2968180283974314e-18,-0.005841091221164119,0.999999988896159,8.146510987930696e-21,0.0001490224203161346,2.4160531432320295e-20
3.952,-1.0192184893511882,-2.195882791653432e-19,1.013802071851845,-0.060029446135076193,-1.2965860991163075e-18,-0.005829745461670577,0.9999999848833365,-6.729114860580516e-21,0.00017387733177514164,2.576369019068884e-20
3.954,-1.0193385290873678,-2.2218073368913865e-19,1.0137904236869275,-0.06001012844194664,-1.295771542458412e-18,-0.005818419516090194,0.999999980284099,-2.1534288284971006e-20,0.00019857442289070737,2.736344951744703e-20
3.956,-1.0194585292244793,-2.247709788878427e-19,1.0137787981540545,-0.05998984809838124,-1.2943772327211027e-18,-0.005807113424719678,0.9999999751100908,-3.6269470172307496e-20,0.00022311391167208536,2.827408914132428e-20
3.958,-1.0195784878436007,-2.273578581198713e-19,1.0137671952134781,-0.059968611481771766,-1.292406032312347e-18,-0.005795827226693003,0.9999999693728592,-5.093483923718717e-20,0.00024749602067631097,2.918175377627916e-20
3.96,-1.0196984030385547,-2.2994022045522226e-19,1.0137556148253737,-0.05994642495939315,-1.2898607908498755e-18,-0.005784560959989216,0.9999999630838544,-6.553096358651322e-20,0.0002717209769627748,2.9059279106477175e-20
3.962,-1.0198182729158882,-2.3251692065309265e-19,1.0137440569498417,-0.05992329488822957,-1.286744348294616e-18,-0.0057733146614402835,0.999999956254429,-8.00581223466528e-20,0.0002957890120479855,2.7909107592891426e-20
3.964,-1.0199380955948518,-2.350868191429126e-19,1.0137325215469097,-0.05989922761480229,-1.283059534269872e-18,-0.005762088366739027,0.9999999488958378,-9.451645727056085e-20,0.000319700361860522,2.6418998758935176e-20
3.966,-1.0200578692073783,-2.3764878200150996e-19,1.0137210085765356,-0.0598742294749994,-1.2788091667676029e-18,-0.005750882110447064,0.999999941019238,-1.0890638052125067e-19,0.000343455266696175,2.424750376322108e-20
3.968,-1.0201775918980618,-2.4020168093035085e-19,1.0137095179986089,-0.059848306793907256,-1.2739960523313867e-18,-0.00573969592600286,0.9999999326356886,-1.2322810039933484e-19,0.0003670539711732795,2.1738493723810034e-20
3.97,-1.0202972618241353,-2.427446084783346e-19,1.0136980497729533,-0.05982146588564375,-1.2690534778445956e-18,-0.005728529845729765,0.999999923756151,-1.1006828274155002e-19,0.00039049672418823607,2.093867578527726e-20
3.972,-1.0204168771554492,-2.452783838833612e-19,1.0136866038593293,-0.05979371305319337,-1.2647359637624194e-18,-0.0057173839008441705,0.9999999143914882,-1.0244081925694009e-19,0.0004137837788712241,1.9114928547047462e-20
3.974,-1.0205364360744482,-2.478034286514265e-19,1.0136751802174357,-0.059765054588244,-1.2603943540651753e-18,-0.005706258121463637,0.999999904552465,-9.48495262946685e-20,0.0004369153925421042,1.69528605535643e-20
3.976,-1.0206559367761496,-2.5032055578893307e-19,1.0136637788069125,-0.059735496771025486,-1.256566893176594e-18,-0.005695152536615137,0.999999894249748,-1.0923631381348177e-19,0.0004598918266665116,1.7547625587245834e-20
3.978,-1.0207753774681192,-2.5282874579551494e-19,1.0136523995873423,-0.05970504587015,-1.2516372110477536e-18,-0.005684067174243306,0.9999998834939053,-1.0708213041554951e-19,0.0004827133468121419,1.6076619381231842e-20
3.98,-1.0208947563704482,-2.5532798971731525e-19,1.0136410425182534,-0.05967370814245408,-1.2475491641472844e-18,-0.005673002061218724,0.9999998722954068,-1.1587704707033521e-19,0.0005053802226052261,1.4956242809373415e-20
3.982,-1.0210140717157297,-2.5781774247227516e-19,1.013629707559121,-0.05964148983284249,-1.2421463171389273e-18,-0.005661957223346273,0.9999998606646239,-1.1914719479694143e-19,0.0005278927276871981,1.4863736439872756e-20
3.984,-1.0211333217490344,-2.6029764154945138e-19,1.01361839466937,-0.05960839717413372,-1.2379110039934427e-18,-0.005650932685373481,0.9999998486118297,-1.059294673732916e-19,0.0005502511396715527,1.2021875917846827e-20
3.986,-1.0212525047278866,-2.627687260665386e-19,1.0136071038083767,-0.05957443638690732,-1.2331160181255271e-18,-0.0056399284709989575,0.9999998361471988,-1.1471667503164194e-19,0.0005724557401008965,1.0912160730229015e-20
3.988,-1.0213716189222395,-2.652304162869388e-19,1.0135958349354712,-0.05953961367935283,-1.2286246029610466e-18,-0.005628944602880833,0.9999998232808075,-1.1249723915405052e-19,0.0005945068144041896,9.456137170885827e-21
3.99,-1.0214906626144498,-2.676827805167275e-19,1.0135845880099392,-0.059503935247120505,-1.2237900443799033e-18,-0.005617981102645216,0.9999998100226337,-1.1027523700966139e-19,0.0006164046518541787,8.003571627938334e-21
3.992,-1.0216096340992529,-2.7012603085514244e-19,1.0135733629910242,-0.05946740727317371,-1.2194746846217461e-18,-0.005607037990894717,0.9999997963825571,-1.0259435522472056e-19,0.0006381495455250236,6.208024606197406e-21
3.994,-1.0217285316837375,-2.7256066460916255e-19,1.0135621598379294,-0.05943003592764302,-1.2152449710557973e-18,-0.005596115287216974,0.9999997823703591,-8.946760776863781e-20,0.0006597417922501146,3.7279341759503435e-21
3.996,-1.0218473536873196,-2.749876782702752e-19,1.01355097850982,-0.05939182736768195,-1.2117465627278862e-18,-0.005585213010193193,0.9999997679957229,-9.833159455935706e-20,0.0006811816925800825,4.0095112248183646e-21
3.998,-1.0219660984417165,-2.7740648576563414e-19,1.0135398189658251,-0.059352787737324456,-1.206931543641365e-18,-0.005574331177406776,0.9999997532682348,-1.181061903206724e-19,0.0007024695507410023,3.6125541909539446e-21
4.0,-1.02208476429092,-2.798156439719669e-19,1.0135286811650395,-0.059312923167344024,-1.2023131306109416e-18,-0.005563469805451936,0.9999997381973795,-1.158552678244426e-19,0.0007236056745927839,5.2562675557846336e-21
4.002,-1.0222033495911707,-2.8221536661426956e-19,1.0135175650665256,-0.059272239775114435,-1.197460035130627e-18,-0.005552628909942282,0.9999997227925479,-1.0813326633208858e-19,0.000744590375587764,5.864555248536907e-21
4.0040000000000004,-1.0223218527109295,-2.8460622583174244e-19,1.013506470629316,-0.05923074366447223,-1.1934494658864925e-18,-0.00554180850551949,0.9999997070630312,-9.496552803954534e-20,0.0007654239687294838,6.124682037485378e-21
4.006,-1.0224402720308519,-2.8698897013459956e-19,1.0134953978124146,-0.05918844092558075,-1.1892012161227582e-18,-0.005531008605861994,0.9999996910180234,-1.0927213082849774e-19,0.000786106772531661,7.777071955056089e-21
4.008,-1.02255860594376,-2.8936265795366574e-19,1.0134843465747991,-0.059145337634795875,-1.184393425038835e-18,-0.005520229223693645,0.9999996746666211,-1.235104351335936e-19,0.0008066391089773549,1.0110852213489525e-20
4.01,-1.0226768528546144,-2.917263882138142e-19,1.0134733168754224,-0.059101439854533325,-1.1793517196853376e-18,-0.0055094703707924235,0.9999996580178234,-1.1027006852874354e-19,0.0008270213034783239,1.036100569133206e-20
4.0120000000000005,-1.0227950111804869,-2.9408077122587777e-19,1.0134623086732153,-0.059056753633137664,-1.175153472537272e-18,-0.005498732057999179,0.9999996410805325,-9.708000303506055e-20,0.0008472536848345769,9.925269957135372e-21
4.014,-1.0229130793505314,-2.964269161867504e-19,1.0134513219270873,-0.05901128500475285,-1.1709338902245042e-18,-0.005488014295226337,0.9999996238635535,-1.058808043921203e-19,0.0008673365851941151,1.1908219260266866e-20
4.016,-1.0230310558059559,-2.987642777867563e-19,1.0134403565959296,-0.058965039989194404,-1.1663703837098339e-18,-0.005477317091466645,0.9999996063755947,-1.1463966736897967e-19,0.0008872703400128686,1.4229122261892864e-20
4.018,-1.0231489389999937,-3.010921698758027e-19,1.0134294126386156,-0.05891802459182321,-1.1614646500262833e-18,-0.005466640454801937,0.9999995886252679,-1.2335708623701788e-19,0.0009070552880148249,1.6544517151039578e-20
4.0200000000000005,-1.0232667273978742,-3.0340990968985194e-19,1.013418490014004,-0.05887024480342086,-1.156218377938419e-18,-0.005455984392411878,0.9999995706210888,-1.320335806261493e-19,0.000926691771152351,1.851175627477283e-20
4.022,-1.0233844194767936,-3.057168178345099e-19,1.0134075886809397,-0.0588217066000666,-1.150633249210439e-18,-0.005445348910582746,0.9999995523714766,-1.4066994589119845e-19,0.000946180134566707,1.944634286711104e-20
4.024,-1.0235020137258857,-3.080122182744193e-19,1.0133967085982563,-0.05877241594301587,-1.1447109408477873e-18,-0.005434734014716189,0.999999533884755,-1.4926571254916536e-19,0.0009655207265487541,2.003564168430634e-20
4.026,-1.0236195086461914,-3.1029543832138896e-19,1.0133858497247772,-0.058722378778580345,-1.1384531226214362e-18,-0.0054241397093380125,0.9999995151691519,-1.5782009414921076e-19,0.0009847138984998539,2.1308455572511344e-20
4.0280000000000005,-1.0237369027506298,-3.125658086179996e-19,1.0133750120193175,-0.05867160103800963,-1.1318614555806623e-18,-0.005413565998106958,0.9999994962327998,-1.6633462681986396e-19,0.0010037600048929613,2.1893738219883846e-20
4.03,-1.023854194563967,-3.1482266312194045e-19,1.013364195440686,-0.0586200886373744,-1.1249375937915796e-18,-0.005403012883823458,0.9999994770837363,-1.7480915749987524e-19,0.0010226594032339104,2.2134968924331323e-20
4.032,-1.0239713826227859,-3.170653390917664e-19,1.013353399947687,-0.05856784747745116,-1.117683184227194e-18,-0.005392480368438465,0.9999994577299037,-1.8324317602644778e-19,0.0010414124540228922,2.2717880170693076e-20
4.034,-1.0240884654754556,-3.1929317707227106e-19,1.0133426254991214,-0.058514883443608535,-1.1100998661549278e-18,-0.005381968453062192,0.9999994381791505,-1.9163757392395787e-19,0.001060019520716126,2.2956746246204263e-20
4.0360000000000005,-1.0242054416821007,-3.215055208795907e-19,1.0133318720537887,-0.058461202405695,-1.1021892711562923e-18,-0.0053714771379729,0.9999994184392303,-1.999918330736654e-19,0.0010784809696877222,2.3536893497901114e-20
4.038,-1.0243223098145697,-3.2370171758424466e-19,1.0133211395704889,-0.058406810217928255,-1.0939530224559589e-18,-0.00536100642262567,0.9999993985178033,-2.0830687462075213e-19,0.0010967971701917388,2.377300331191074e-20
4.04,-1.0244390684564038,-3.258811174963842e-19,1.0133104280080236,-0.05835171271878599,-1.0853927364654174e-18,-0.005350556305661177,0.9999993784224356,-2.1658250308237643e-19,0.0011149684943244302,2.40085529772243e-20
4.042,-1.0245557162028052,-3.280430741513095e-19,1.0132997373251982,-0.05829591573089825,-1.0765100222087475e-18,-0.005340126784914438,0.9999993581606003,-2.2481927447689884e-19,0.0011329953169866873,2.390128928946277e-20
4.0440000000000005,-1.0246722516606057,-3.3018694429620335e-19,1.013289067480823,-0.058239425060941236,-1.067306482341718e-18,-0.005329717857423569,0.9999993377396774,-2.330177503281203e-19,0.0011508780158466711,2.3108958084261564e-20
4.046,-1.024788673448234,-3.3231208787719887e-19,1.0132784184337154,-0.0581822464995326,-1.0577837128825769e-18,-0.005319329519438537,0.9999993171669544,-2.411773381911345e-19,0.0011686169713026394,2.2318100102964007e-20
4.048,-1.0249049801956847,-3.34417868024995e-19,1.0132677901427005,-0.058124385821128256,-1.0479433024257474e-18,-0.005308961766429893,0.9999992964496265,-2.4929742745266547e-19,0.0011862125664459623,2.2214440944340527e-20
4.05,-1.025021170544484,-3.3650365103842355e-19,1.013257182566614,-0.05806584878392059,-1.0377868304776914e-18,-0.005298614593097491,0.9999992755947968,-2.573782086840929e-19,0.0012036651870243331,2.2797164513631316e-20
4.0520000000000005,-1.0251372431476589,-3.3856880636605303e-19,1.013246595664302,-0.05800664112973821,-1.027315866812e-18,-0.005288287993379207,0.999999254609477,-2.6541907192950168e-19,0.0012209752214051716,2.4749154569091575e-20
4.054,-1.0252531966697032,-3.406127065851759e-19,1.0132360293946243,-0.05794676858394711,-1.0165319707064747e-18,-0.005277981960459623,0.9999992335005875,-2.7342229964442553e-19,0.0012381430605392138,2.6353860168515106e-20
4.056,-1.0253690297865452,-3.426347273845065e-19,1.013225483716455,-0.05788623685535327,-1.0054366947004255e-18,-0.005267696486778732,0.999999212274958,-2.813876226909227e-19,0.0012551690979243008,2.795476621894934e-20
4.058,-1.0254847411855141,-3.4463424755024707e-19,1.0132149585886834,-0.057825051636106746,-9.94031583405052e-19,-0.005257431564040588,0.9999991909393277,-2.89313964611714e-19,0.001272053729569354,3.0579865820647807e-20
4.0600000000000005,-1.0256003295653064,-3.466106489487203e-19,1.0132044539702167,-0.05776321860160713,-9.823181723391625e-19,-0.005247187183221968,0.9999991695003457,-2.9720280795374445e-19,0.0012887973539585436,3.319874837513914e-20
4.062,-1.025715793635953,-3.485633165094986e-19,1.0131939698199808,-0.057700743410410475,-9.702979895812382e-19,-0.005236963334581003,0.9999991479645718,-3.050552068429822e-19,0.0013054003720156483,3.5126106902653684e-20
4.064,-1.0258311321187847,-3.504916382123779e-19,1.0131835060969214,-0.05763763170413762,-9.57972557500468e-19,-0.005226760007665791,0.9999991263384761,-3.1287042460826572e-19,0.0013218631870686058,3.7048091161879296e-20
4.066,-1.0259463437463987,-3.523950050755593e-19,1.0131730627600066,-0.05757388910738393,-9.45343391544746e-19,-0.0052165771913229965,0.9999991046284402,-3.206486524111391e-19,0.001338186204814255,3.896552672266713e-20
4.0680000000000005,-1.0260614272626238,-3.542728111404277e-19,1.0131626397682267,-0.057509521227630436,-9.32411999823382e-19,-0.005206414873706426,0.9999990828407572,-3.283905177189067e-19,0.0013543698332832692,4.053576381314509e-20
4.07,-1.0261763814224873,-3.5612445345840356e-19,1.0131522370805968,-0.05744453365515636,-9.191798844454152e-19,-0.005196273042285583,0.9999990609816323,-3.360957126074521e-19,0.0013704144828052783,4.210228708593543e-20
4.072,-1.0262912049921795,-3.5794933207814985e-19,1.0131418546561575,-0.05737893196295302,-9.056485400436125e-19,-0.005186151683854197,0.9999990390571829,-3.4376443321849266e-19,0.001386320565974183,4.3664293712040035e-20
4.074,-1.026405896749019,-3.5974685003082406e-19,1.0131314924539767,-0.05731272170663913,-8.9181945498431e-19,-0.0051760507845387375,0.9999990170734397,-3.513982431941619e-19,0.0014020884976136607,4.419462386254545e-20
4.0760000000000005,-1.0265204554814187,-3.615164133189659e-19,1.0131211504331508,-0.057245908424377476,-8.776941122127754e-19,-0.00516597032980689,0.9999989950363467,-3.589953946688011e-19,0.0014177186947428573,4.50663679318047e-20
4.078,-1.02663487998885,-3.632574309041773e-19,1.0131108285528054,-0.057178497636792905,-8.632739872885212e-19,-0.005155910304476014,0.9999989729517614,-3.665565605624018e-19,0.0014332115765422738,4.593686838353813e-20
4.08,-1.026749169081808,-3.6496931469127946e-19,1.0131005267720978,-0.05711049484689172,-8.485605485048585e-19,-0.005145870692721595,0.9999989508254558,-3.740814105894396e-19,0.0014485675643198396,4.714797755857251e-20
4.082,-1.0268633215817762,-3.6665147951483616e-19,1.013090245050217,-0.0570419055399824,-8.335552568320554e-19,-0.005135851478085617,0.9999989286631165,-3.8157061685248857e-19,0.0014637870814771764,4.8356227592173694e-20
4.0840000000000005,-1.026977336321191,-3.683033431240113e-19,1.013079983346386,-0.05697273518359766,-8.182595660121854e-19,-0.005125852643484968,0.9999989064703454,-3.8902385137837487e-19,0.001478870553476052,4.9904286891943696e-20
4.086,-1.0270912121434057,-3.6992432616770166e-19,1.013069741619862,-0.05690298922741782,-8.026749220101873e-19,-0.005115874171219783,0.99999888425266,-3.9644078700109234e-19,0.001493818407805022,5.213360549566957e-20
4.088,-1.0272049479026555,-3.7151385217883687e-19,1.0130595198299388,-0.05683267310319555,-7.868027629688736e-19,-0.0051059160429817495,0.999998862015494,-4.0382312245075674e-19,0.0015086310739462609,5.401499209893659e-20
4.09,-1.0273185424640205,-3.7307134756023707e-19,1.0130493179359472,-0.05676179222468187,-7.706445209728968e-19,-0.005095978239862416,0.9999988397641978,-4.111725578357293e-19,0.0015233089833425828,5.452128885074417e-20
4.0920000000000005,-1.027431994703391,-3.7459624157462254e-19,1.0130391358972564,-0.056690351987553504,-7.542016239990808e-19,-0.00508606074236143,0.9999988175040385,-4.184881902492084e-19,0.0015378525693646498,5.434067169040942e-20
4.094,-1.02754530350743,-3.7608796633574687e-19,1.013028973673275,-0.056618357769341494,-7.374754949035128e-19,-0.0050761635303947965,0.9999987952402013,-4.2576912789664263e-19,0.001552262267278369,5.416049757244685e-20
4.096,-1.0276584677735376,-3.7754595679679723e-19,1.0130188312234525,-0.056545814929361136,-7.204675498455964e-19,-0.005066286583303042,0.9999987729777892,-4.330150132307736e-19,0.0015665385142124774,5.432342702724303e-20
4.098,-1.0277714864098142,-3.789696507358016e-19,1.0130087085072805,-0.0564727288086432,-7.031791975799891e-19,-0.0050564298798593844,0.9999987507218239,-4.402265515194996e-19,0.0015806817491263142,5.448679855486442e-20
4.1,-1.0278843583350237,-3.8035848874120065e-19,1.0129986054842934,-0.0563991047298664,-6.856118401502531e-19,-0.00504659339827787,0.9999987284772461,-4.474049804690349e-19,0.0015946924127777805,5.396447740617832e-20
4.102,-1.0279970824785574,-3.81711914200382e-19,1.0129885221140698,-0.05632494799729116,-6.677668743652448e-19,-0.005036777116221442,0.9999987062489165,-4.545499002124996e-19,0.0016085709476914884,5.309993820574635e-20
4.104,-1.028109657780396,-3.830293732883978e-19,1.0129784583562333,-0.056250263896694616,-6.496456909276615e-19,-0.005026981010810032,0.9999986840416153,-4.61659826453853e-19,0.0016223177981270942,5.292238176242274e-20
4.106,-1.0282220831910742,-3.8431031495430225e-19,1.0129684141704542,-0.05617505769530691,-6.3124967274380005e-19,-0.005017205058628557,0.9999986618600438,-4.687349406853856e-19,0.0016359334100478201,5.343058635811387e-20
4.108,-1.0283343576716415,-3.8555419090451044e-19,1.0129583895164498,-0.05609933464174868,-6.125801947981375e-19,-0.005007449235734914,0.9999986397088244,-4.75777077643731e-19,0.0016494182310891618,5.35949440989683e-20
4.11,-1.0284464801936266,-3.867604555896341e-19,1.0129483843539857,-0.05602309996596985,-5.93638626155698e-19,-0.004997713517667909,0.9999986175925011,-4.827863909086603e-19,0.0016627727105277827,5.341586443759384e-20
4.112,-1.028558449738999,-3.879285661922821e-19,1.0129383986428775,-0.05594635887918959,-5.74426329813865e-19,-0.004987997879455191,0.9999985955155402,-4.897619017925836e-19,0.0016759972992505935,5.357989000928997e-20
4.114,-1.0286702653001325,-3.8905798261411656e-19,1.0129284323429908,-0.055869116573837516,-5.549446617436133e-19,-0.004978302295621103,0.9999985734823307,-4.967037736770744e-19,0.0016890924497240173,5.408620806205698e-20
4.116,-1.0287819258797661,-3.9014816746187035e-19,1.0129184854142426,-0.05579137822349614,-5.351949711968128e-19,-0.0049686267401945206,0.9999985514971849,-5.036144707560726e-19,0.0017020586159634413,5.35633639905073e-20
4.118,-1.0288934304909678,-3.9119858603580865e-19,1.0129085578166026,-0.0557131489828445,-5.151786026010229e-19,-0.004958971186716656,0.9999985295643388,-5.10492966645311e-19,0.001714896253502852,5.26983074172084e-20
4.12,-1.0290047781570957,-3.922087063196281e-19,1.012898649510094,-0.05563443398760298,-4.948968949581938e-19,-0.0049493356082488,0.999998507687953,-5.173394099927544e-19,0.0017276058193646565,5.1492662256738257e-20
4.122,-1.02911596791176,-3.931779989694215e-19,1.0128887604547938,-0.055555238354479355,-4.743511812938547e-19,-0.004939719977380023,0.9999984858721127,-5.241539646132535e-19,0.0017401877720296876,4.9946424127163746e-20
4.124,-1.0292269987987859,-3.941059373012931e-19,1.0128788906108348,-0.055475567181115994,-4.535427891048325e-19,-0.004930124266234858,0.9999984641208289,-5.309367615316958e-19,0.0017526425714073915,4.806080695178412e-20
4.126,-1.0293378698721742,-3.949919972811306e-19,1.0128690399384057,-0.05539542554603824,-4.324730402302622e-19,-0.004920548446480922,0.9999984424380385,-5.376879605121987e-19,0.001764970678806203,4.5837427942073076e-20
4.128,-1.0294485801960642,-3.958356575123739e-19,1.0128592083977528,-0.05531481850860401,-4.1114325077294896e-19,-0.004910992489336512,0.9999984208276046,-5.444077017653856e-19,0.0017771725569041003,4.3276682086166316e-20
4.13,-1.0295591288446941,-3.9663639922533145e-19,1.0128493959491796,-0.055233751108954475,-3.895547310071837e-19,-0.0049014563655781305,0.9999983992933178,-5.510949271650053e-19,0.0017892486697193462,4.106469135865612e-20
4.132,-1.0296695149023636,-3.9739370626382094e-19,1.0128396025530493,-0.055152228367965975,-3.677087843119416e-19,-0.004891940045547991,0.9999983778388962,-5.577497978494898e-19,0.0018011994825814096,3.9201035711652905e-20
4.134,-1.0297797374633944,-3.981070650716149e-19,1.0128298281697843,-0.05507025528720304,-3.456067072957355e-19,-0.004882443499161487,0.9999983564679862,-5.643730803599674e-19,0.0018130254621020704,3.7341822962446585e-20
4.136,-1.0298897956320923,-3.987759646794103e-19,1.0128200727598677,-0.05498783684887255,-3.2324979030690103e-19,-0.004872966695914586,0.9999983351841628,-5.709649251732912e-19,0.0018247270761467076,3.548704307199138e-20
4.138,-1.029999688522708,-3.993998966924462e-19,1.0128103362838443,-0.05490497801577906,-3.0063931754390275e-19,-0.004863509604891206,0.9999983139909306,-5.775261073118844e-19,0.0018363047938057683,3.329402516458706e-20
4.14,-1.0301094152593986,-3.9997835527854276e-19,1.0128006187023209,-0.054821683731281205,-2.777765675997169e-19,-0.0048540721947705305,0.9999982928917239,-5.840561333760252e-19,0.001847759085366417,3.110623230277888e-20
4.142,-1.030218974976188,-4.0051083715689956e-19,1.012790919975967,-0.054737958919249284,-2.546628127004101e-19,-0.004844654433834296,0.9999982718899074,-5.905532758229696e-19,0.0018590904222843688,2.995163515322265e-20
4.144,-1.030328366816929,-4.009968415832488e-19,1.0127812400655167,-0.05465380848402389,-2.3129931741839263e-19,-0.004835256289974006,0.9999982509887771,-5.9701832750252665e-19,0.0018702992771559013,2.9485124308876773e-20
4.146,-1.0304375899352625,-4.0143587033544616e-19,1.0127715789317682,-0.05456923731037568,-2.076873392632885e-19,-0.004825877730698119,0.9999982301915604,-6.034527195265228e-19,0.001881386123690047,2.9019747567412535e-20
4.148,-1.0305466434945803,-4.0182742769996537e-19,1.012761936535585,-0.054484250263466275,-1.83828129353561e-19,-0.004816518723139204,0.9999982095014168,-6.098559602574782e-19,0.0018923514366809672,2.8898163544843604e-20
4.15,-1.0306555266679844,-4.021710204590587e-19,1.0127523128378972,-0.05439885218881015,-1.5972293284421668e-19,-0.004807179234061008,0.9999981889214387,-6.162314179879886e-19,0.0019031956919805036,2.7407065919160945e-20
4.152,-1.0307642386382483,-4.0246615788145683e-19,1.012742707799701,-0.054313047912237726,-1.353729910294269e-19,-0.00479785922986552,0.9999981684546517,-6.225792140727417e-19,0.0019139193664709107,2.454888913865432e-20
4.154,-1.0308727785977774,-4.0271245932922095e-19,1.012733121382061,-0.05422684223985945,-1.111023850851142e-19,-0.004788558676599946,0.9999981481040154,-6.014800834814764e-19,0.0019245229380377667,2.370060995471523e-20
4.156,-1.0309811457485696,-4.0291123167881057e-19,1.0127235535461092,-0.05414023995803097,-8.755626562226859e-20,-0.004779277539963663,0.9999981278724237,-6.188550443017641e-19,0.0019350068855430629,2.4984318871280745e-20
4.158,-1.0310893393021756,-4.030613364845593e-19,1.0127140042530471,-0.054053245833319385,-6.247116659306435e-20,-0.0047700157853151305,0.9999981077627056,-6.416432174985642e-19,0.0019453716887984714,2.6276003712601283e-20
4.16,-1.0311973584796597,-4.031613529957151e-19,1.0127044734641457,-0.05396586461247054,-3.7576207323943404e-20,-0.0047607733776787306,0.9999980877776257,-6.314429332606859e-19,0.0019556178285387903,2.6472631082434937e-20
4.162,-1.0313052025115594,-4.032115529641827e-19,1.012694961140746,-0.05387810102237735,-1.2546608156561581e-20,-0.0047515502817515685,0.9999980679198848,-6.432369557231036e-19,0.0019657457863955664,2.5341168590258957e-20
4.164,-1.0314128706378467,-4.032112365759141e-19,1.0126854672442607,-0.053789959770049176,1.293978319492976e-20,-0.004742346461910227,0.9999980481921205,-6.549763899479141e-19,0.001975756044870895,2.3527071821150772e-20
4.166,-1.0315203621078872,-4.031597077609671e-19,1.012675991736173,-0.05370144554258225,3.845022571939369e-20,-0.004733161882217467,0.9999980285969076,-6.337599834548651e-19,0.0019856490873113967,2.4050507073411486e-20
4.168,-1.0316276761804009,-4.0305853379522867e-19,1.012666534578039,-0.05361256300713109,6.247797796732475e-20,-0.004723996506428882,0.9999980091367587,-6.016803905236294e-19,0.0019954253978823693,2.3866578362340396e-20
4.17,-1.0317348121234222,-4.0291009949136604e-19,1.0126570957314873,-0.053523316810880954,8.589091553803972e-20,-0.004714850297999516,0.9999979898141254,-5.916879168370458e-19,0.002005085461542117,2.1328022301313415e-20
4.172,-1.03184176921426,-4.0271523585602808e-19,1.0126476751582203,-0.05343371158102131,1.0890761906714617e-19,-0.004705723220090403,0.9999979706313977,-5.817420965494203e-19,0.0020146297640164525,1.9138246674667214e-20
4.174,-1.0319485467394574,-4.0247473342310533e-19,1.0126382728200138,-0.05334375192472029,1.3153002120403337e-19,-0.004696615235575065,0.9999979515909057,-5.718427044416476e-19,0.0020240587917733787,1.7296423691306046e-20
4.176,-1.0320551439947516,-4.021893788699979e-19,1.0126288886787185,-0.05325344242910015,1.5376004604983804e-19,-0.004687526307045982,0.9999979326949194,-5.619895266834545e-19,0.0020333730319979392,1.5801321428802357e-20
4.178,-1.0321615602850347,-4.0185995503450333e-19,1.01261952269626,-0.053162787661213726,1.755996089421941e-19,-0.004678456396820973,0.9999979139456501,-5.521844285685778e-19,0.0020425729725672475,1.3624947061370268e-20
4.18,-1.032267794924312,-4.014872409335185e-19,1.0126101748346397,-0.05307179216802186,1.9705061510404978e-19,-0.004669405466949569,0.9999978953452497,-5.424285664122014e-19,0.0020516591020256865,1.0083999074670242e-20
4.182,-1.032373847235663,-4.010717965569427e-19,1.012600845055935,-0.0529804604763718,2.1854541413957867e-19,-0.004660373479219293,0.9999978768958129,-5.601261579253615e-19,0.002060631909560284,9.349069224033112e-21
4.184,-1.0324797165512005,-4.0061249310140847e-19,1.0125915333223,-0.0528887970929766,2.4062217575475104e-19,-0.004651360395161925,0.9999978585993763,-5.5580463740351165e-19,0.00206949188497626,1.0970093099812915e-20
4.186,-1.032585402212031,-4.0010992867139915e-19,1.012582239595966,-0.0527968065043954,2.6198596373936935e-19,-0.0046423661760596775,0.9999978404579198,-5.569984816943227e-19,0.0020782395186727458,1.2941380306511165e-20
4.188,-1.032690903568214,-3.995636954306389e-19,1.0125729638392424,-0.05270449317701478,2.843626070534713e-19,-0.004633390782951373,0.9999978224733671,-5.636541384748024e-19,0.0020868753016186764,1.5946982829370048e-20
4.19,-1.0327962199787206,-3.9897331514800474e-19,1.012563706014516,-0.052611861557030966,3.0591748783878727e-19,-0.004624434176638512,0.9999978046475859,-5.483399945938574e-19,0.002095399725328853,1.6501467685888518e-20
4.192,-1.0329013508113953,-3.9833989051848113e-19,1.012554466084253,-0.052518916070432985,3.274074289889743e-19,-0.004615496317691326,0.9999977869823891,-5.385810066653658e-19,0.0021038132818401766,1.706665827550189e-20
4.194,-1.0330062954429138,-3.9766433985510076e-19,1.0125452440109979,-0.05242566112298682,3.4807978081813934e-19,-0.00460657716645476,0.9999977694795346,-5.288784316132001e-19,0.002112116463688056,1.9000464383301995e-20
4.196,-1.033111053258743,-3.9694718205644704e-19,1.0125360397573753,-0.052332101100220414,3.6923009122969247e-19,-0.004597676683054422,0.9999977521407264,-5.521230632941946e-19,0.0021203097638829793,1.825797674533312e-20
4.198,-1.0332156236531012,-3.9618703211378255e-19,1.0125268532860896,-0.05223824036740963,3.9085597810986776e-19,-0.004588794827402457,0.9999977349676153,-5.42356267267079e-19,0.0021283936758872608,2.018831243209309e-20
4.2,-1.033320006028916,-3.953844488463583e-19,1.0125176845599255,-0.05214408326956512,4.1166371911188107e-19,-0.004579931559203379,0.999997717961799,-5.326379876503521e-19,0.0021363686935919543,2.1087000791675796e-20
4.202,-1.0334241997977855,-3.945402036187883e-19,1.0125085335417487,-0.05204963413142012,4.326258524024132e-19,-0.0045710868379598745,0.9999977011248229,-5.339338301016858e-19,0.0021442353112939372,2.0636438827587308e-20
4.204,-1.033528204379937,-3.936543469665562e-19,1.0124994001945058,-0.05195489725741909,4.530957492575104e-19,-0.004562260622978518,0.9999976844581806,-5.132895897441893e-19,0.002151994023673161,2.1853265376477733e-20
4.206,-1.033632019204186,-3.927283636513232e-19,1.0124902844812254,-0.0518598769317073,4.727531559143601e-19,-0.00455345287337543,0.9999976679633147,-4.927439619844489e-19,0.002159645325770071,2.272469797785468e-20
4.208,-1.033735643707896,-3.91763874653321e-19,1.0124811863650174,-0.051764577418121266,4.91602069547147e-19,-0.004544663548081927,0.9999976516416171,-4.722950058932133e-19,0.0021671897129631927,2.393687453629292e-20
4.21,-1.0338390773369381,-3.907624929770604e-19,1.0124721058090747,-0.05166900296018009,5.096464687989541e-19,-0.004535892605850077,0.9999976354944298,-4.51940040877913e-19,0.002174627680946886,2.6516967183644966e-20
4.212,-1.0339423195456503,-3.8972571607522544e-19,1.0124630427766725,-0.05157315778107766,5.272131513345309e-19,-0.004527140005258235,0.999997619523045,-4.590996555249121e-19,0.002181959725709264,2.6752889720462103e-20
4.214,-1.0340453697967962,-3.886530616086358e-19,1.0124539972311692,-0.05147704608367572,5.455954677106595e-19,-0.0045184057047165,0.9999976037287064,-4.771796921071374e-19,0.0021891863435102832,2.598457785642175e-20
4.216,-1.0341482275615248,-3.8754329702229607e-19,1.0124449691360065,-0.051380672050497775,5.641433566688132e-19,-0.00450968966247212,0.999997588112609,-4.732392465929242e-19,0.0021963080308599896,2.722598933393109e-20
4.218,-1.0342508923193303,-3.8639659470877862e-19,1.0124359584547094,-0.051284039843723886,5.825333172770279e-19,-0.00450099183661487,0.9999975726759002,-4.693167416479759e-19,0.0022033252844969402,2.880677466823474e-20
4.22,-1.0343533635580104,-3.852132697597791e-19,1.0124269651508873,-0.05118715360518629,6.007661140311238e-19,-0.004492312185082347,0.9999975574196802,-4.654128464354956e-19,0.002210238601366782,3.0383874450243825e-20
4.222,-1.0344556407736263,-3.8399363574159035e-19,1.0124179891882337,-0.051090017456365856,6.188425077001992e-19,-0.004483650665665228,0.9999975423450026,-4.615267083751068e-19,0.0022170484786009992,3.2300769737096376e-20
4.224,-1.0345577234704617,-3.8273800470228572e-19,1.0124090305305269,-0.05099263549838937,6.367632559654064e-19,-0.00447500723601248,0.9999975274528746,-4.576567372188157e-19,0.0022237554134958196,3.5241163566509467e-20
4.226,-1.0346596111609827,-3.8144668717738717e-19,1.0124000891416296,-0.050895011812027664,6.545291136196193e-19,-0.004466381853636503,0.9999975127442581,-4.538043717764118e-19,0.002230359903491291,3.851730821399205e-20
4.228,-1.0347613033657959,-3.8012009980761847e-19,1.0123911649854902,-0.05079715045769454,6.721408318710765e-19,-0.004457774475918235,0.9999974982200699,-4.499817401912513e-19,0.002236862446150511,3.664502587053334e-20
4.23,-1.0348627996136086,-3.787581556368748e-19,1.012382258026142,-0.050699055475446536,6.897065952057872e-19,-0.004449185060112194,0.9999974838811824,-4.571323937671805e-19,0.0022432635391390304,3.3431096634076944e-20
4.232,-1.0349640994411882,-3.7736076743997508e-19,1.0123733682277036,-0.050600730884983465,7.077639886048326e-19,-0.004440613563351469,0.999997469728424,-4.697232617422316e-19,0.002249563680204405,3.400716412719882e-20
4.234,-1.0350652023933207,-3.7592677454222836e-19,1.0123644955543805,-0.05050218068564976,7.263109055575793e-19,-0.004432059942652663,0.9999974557625798,-4.82254447257483e-19,0.0022557633671559207,3.4581026945324433e-20
4.236,-1.0351661080227708,-3.7445520033456247e-19,1.0123556399704632,-0.05040340885643664,7.453449096440206e-19,-0.004423524154920773,0.9999974419843922,-4.947293065770544e-19,0.002261863097844471,3.3783673604193576e-20
4.238,-1.0352668158902403,-3.7294507307029e-19,1.0123468014403292,-0.050304419355985036,7.648635750211476e-19,-0.004415006156954044,0.9999974283945612,-5.071465629493067e-19,0.0022678633701425995,3.230327044678621e-20
4.24,-1.0353673255643285,-3.7139542584349897e-19,1.0123379799284422,-0.05020521612258929,7.848644867929176e-19,-0.00440650590544874,0.999997414993745,-5.195049402288654e-19,0.002273764681924698,3.0826352593981377e-20
4.242,-1.0354676366214908,-3.698052965667409e-19,1.0123291753993526,-0.05010580307420165,8.053452414517332e-19,-0.004398023357003878,0.9999974017825607,-5.31804717991858e-19,0.002279567531047367,2.9352912839146847e-20
4.244,-1.0355677486459978,-3.681737279481363e-19,1.0123203878176978,-0.050006184108437525,8.263034469273225e-19,-0.004389558468125896,0.9999973887615848,-5.440469556052351e-19,0.0022852724153299337,2.7540283446641596e-20
4.246,-1.0356676612298956,-3.6649987507958963e-19,1.0123116171482023,-0.04990636310258148,8.475215006083599e-19,-0.004381111195233306,0.9999973759313537,-5.34297738713059e-19,0.002290879832535128,2.7052455339928713e-20
4.248,-1.035767373972964,-3.6478422427933036e-19,1.0123028633556779,-0.04980634391359402,8.681375512358978e-19,-0.004372681494661245,0.9999973632923641,-5.300788808723968e-19,0.002296390280349915,2.5892713989041516e-20
4.25,-1.0358668864826768,-3.6302718719761545e-19,1.0122941264050234,-0.04970613037811911,8.888003870794818e-19,-0.004364269322666011,0.9999973508450737,-5.204104306284e-19,0.002301804256366487,2.4723634602615283e-20
4.252,-1.0359661983741606,-3.612296747109849e-19,1.0122854062612257,-0.04960572631249239,9.08649211225912e-19,-0.0043558746354295415,0.9999973385899016,-5.108016009406607e-19,0.0023071222580634087,2.3215197904976916e-20
4.2540000000000004,-1.0360653092701544,-3.593924138291757e-19,1.012276702889359,-0.049505135512750216,9.285490801247056e-19,-0.004347497389063804,0.999997326527229,-5.06724033046244e-19,0.002312344782786924,2.035162628467434e-20
4.256,-1.0361642188009688,-3.5751594865252538e-19,1.0122680162545856,-0.049404361754639345,9.47745936978748e-19,-0.0043391375396152065,0.9999973146573995,-4.8071777046313525e-19,0.00231747232773241,1.9499316884830332e-20
4.258,-1.0362629266044459,-3.556021129576386e-19,1.0122593463221556,-0.0493034087936274,9.659204050264146e-19,-0.004330795043068888,0.9999973029807198,-4.5483637999263e-19,0.002322505389925993,1.796388918772523e-20
4.26,-1.0363614323259183,-3.536527312640722e-19,1.0122506930574076,-0.049202280364914,9.835079592462617e-19,-0.004322469855352997,0.9999972914974601,-4.619683189024245e-19,0.0023274444662063176,1.8563831580013475e-20
4.2620000000000005,-1.0364597356181688,-3.5166746694799037e-19,1.0122420564257675,-0.049100980183442666,1.0018028063004284e-18,-0.004314161932342889,0.9999972802078548,-4.690672516050997e-19,0.002332290053206467,1.8820095959352325e-20
4.264,-1.03655783614139,-3.4964580577361925e-19,1.0122334363927505,-0.04899951194391337,1.0198327721487615e-18,-0.004305871229865326,0.999997269112103,-4.651551856455706e-19,0.002337042647336038,1.870829934339155e-20
4.266,-1.0366557335631434,-3.4758813349823136e-19,1.0122248329239596,-0.04889787932079579,1.0377064184539741e-18,-0.004297597703702546,0.9999972582103684,-4.502981332402045e-19,0.002341702744763372,1.7885880147452718e-20
4.268,-1.0367534275583192,-3.454956236512631e-19,1.0122162459850863,-0.048796085968343325,1.0547783295957304e-18,-0.004289341309596356,0.9999972475027809,-4.409826775459514e-19,0.00234627084139793,1.6393016453218716e-20
4.2700000000000005,-1.036850917809096,-3.433687280022725e-19,1.012207675541911,-0.04869413552060769,1.072235989353487e-18,-0.004281102003252135,0.9999972369894359,-4.591202070448139e-19,0.002350747432872832,1.6682211575915877e-20
4.272,-1.0369482040049007,-3.4120620964573314e-19,1.0121991215603023,-0.04859203159145427,1.0904004743989803e-18,-0.004272879740342814,0.9999972266703958,-4.771741604181638e-19,0.002355133014527534,1.5943081708869084e-20
4.274,-1.037045285842367,-3.390068736636044e-19,1.012190584006218,-0.04848977777457811,1.1088378355156524e-18,-0.004264674476512761,0.9999972165456901,-4.622382485008373e-19,0.0023594280813906657,1.8897433292185376e-20
4.276,-1.0371421630252966,-3.3677179083672654e-19,1.0121820628457041,-0.0483873776435206,1.1261477825922158e-18,-0.004256486167381664,0.9999972066153157,-4.4188978486235525e-19,0.0023636331281630153,2.2175439399336453e-20
4.2780000000000005,-1.0372388352646174,-3.345022065034813e-19,1.0121735580448956,-0.048284834751686795,1.1435192373522274e-18,-0.004248314768548328,0.9999971968792378,-4.54527477225378e-19,0.0023677486492006627,2.2439602499442013e-20
4.28,-1.0373353022783445,-3.321973874130056e-19,1.0121650695700164,-0.04818215263236339,1.1613821477442403e-18,-0.004240160235594453,0.9999971873373901,-4.671060665492052e-19,0.0023717751384982606,2.2360444071514504e-20
4.282,-1.0374315637915394,-3.2985635310148747e-19,1.012156597387379,-0.04807933479873737,1.1797340681663505e-18,-0.004232022524088339,0.9999971779896752,-4.796258326200601e-19,0.002375713089672469,2.19391851089935e-20
4.284,-1.03752761953627,-3.274781279847445e-19,1.012148141463385,-0.04797638474391528,1.1985725645654999e-18,-0.0042239015895885615,0.9999971688359657,-4.920854304971776e-19,0.0023795629959455335,2.186155239628808e-20
4.2860000000000005,-1.0376234692515698,-3.2506174133512957e-19,1.012139701764525,-0.04787330594094315,1.2178952145031352e-18,-0.004215797387647563,0.9999971598761038,-5.044859589220333e-19,0.002383325350129013,2.1784072016221687e-20
4.288,-1.037719112683399,-3.226062272583005e-19,1.0121312782573784,-0.047770101842827026,1.2376996070943523e-18,-0.004207709873815247,0.9999971511099025,-5.1682687933714425e-19,0.002387000644607652,2.2050217345494935e-20
4.29,-1.0378145495846032,-3.2011062466993846e-19,1.012122870908613,-0.04766677588255416,1.2579833432631335e-18,-0.004199639003642487,0.9999971425371456,-5.291052100076404e-19,0.002390589371323404,2.4029004495411496e-20
4.292,-1.0379097797148746,-3.1757419248990916e-19,1.0121144796849864,-0.047563331473114805,1.2784212087725241e-18,-0.004191584732684581,0.9999971341575884,-5.139157730031942e-19,0.002394092021759594,2.4566897842972273e-20
4.2940000000000005,-1.0380048028407112,-3.1499777175153017e-19,1.0121061045533444,-0.04745977200752458,1.2979365031699943e-18,-0.004183547016504703,0.9999971259709582,-5.042776298139646e-19,0.0023975090869252326,2.6487409690485756e-20
4.296,-1.0380996187353766,-3.123822704433222e-19,1.0120977454806217,-0.04735610085884756,1.3175020775866243e-18,-0.004175525810677257,0.9999971179769549,-4.946835407129875e-19,0.00240084105733947,2.908959595317948e-20
4.298,-1.0381942271788613,-3.0972834153166007e-19,1.0120894024338423,-0.04725232138021982,1.3364720130120905e-18,-0.004167521070791212,0.9999971101752508,-5.015867406753709e-19,0.002404088423016198,3.0012298949294e-20
4.3,-1.0382886279578416,-3.0703555872590397e-19,1.0120810753801186,-0.04714843690487369,1.3563557574877317e-18,-0.004159532752453369,0.999997102565492,-5.08458032712866e-19,0.002407251673448793,3.0591371699561536e-20
4.3020000000000005,-1.0383828208656407,-3.043034619012053e-19,1.0120727642866518,-0.04704445074616255,1.3758576429405625e-18,-0.004151560811291601,0.9999970951472981,-5.153072691015917e-19,0.002410331297595001,3.219749003996011e-20
4.304,-1.0384768057021887,-3.0153144935493414e-19,1.0120644691207321,-0.046940366197586215,1.3960559642401106e-18,-0.004143605202958039,0.9999970879202629,-5.001840757372489e-19,0.002413327783861971,3.237545658624992e-20
4.306,-1.0385705822739826,-2.987207155573599e-19,1.012056189849738,-0.04683618653281692,1.414471754820948e-18,-0.004135665883132213,0.9999970808839551,-4.851350500964533e-19,0.002416241620091421,3.1524738164468067e-20
4.308,-1.038664150394047,-2.958725575107167e-19,1.0120479264411368,-0.046731915005725835,1.4338035055517691e-18,-0.0041277428075241285,0.9999970740379186,-4.920843291675565e-19,0.0024190732935449547,3.2099383550071255e-20
4.3100000000000005,-1.0387575098818946,-2.929861866902272e-19,1.0120396788624846,-0.046627554850410216,1.4524332268141872e-18,-0.0041198359318773145,0.9999970673816727,-4.935197504088707e-19,0.0024218232908895117,3.197367411191592e-20
4.312,-1.0388506605634866,-2.9006192830258505e-19,1.0120314470814253,-0.04652310928122103,1.471977983629382e-18,-0.004111945211971859,0.9999970609147129,-4.949516792927758e-19,0.0024244920981829634,3.0478461799426964e-20
4.314,-1.0389436022711929,-2.870991758666215e-19,1.0120232310656918,-0.04641858149279123,1.4907118441524984e-18,-0.004104070603627293,0.9999970546365107,-4.853823714167392e-19,0.0024270802008598434,3.033040987176557e-20
4.316,-1.0390363348437532,-2.8409890306918475e-19,1.012015030783105,-0.046313974660064504,1.5094986419501185e-18,-0.004096212062705526,0.9999970485465163,-4.758592669943193e-19,0.0024295880837172253,2.983892114167347e-20
4.3180000000000005,-1.0391288581262375,-2.810619727866164e-19,1.0120068462015746,-0.04620929193832462,1.5272620165731803e-18,-0.0040883695451137845,0.9999970426441535,-4.499352650251811e-19,0.002432016230900721,2.862340527713146e-20
4.32,-1.0392211719700064,-2.7799021211857517e-19,1.0119986772890974,-0.04610453646322529,1.5444374396715062e-18,-0.004080543006807325,0.9999970369288271,-4.405743725757167e-19,0.0024343651258906447,3.0534085862514774e-20
4.322,-1.0393132762326724,-2.748844707411365e-19,1.0119905240137592,-0.04599971135082059,1.5612430162936564e-18,-0.004072732403792249,0.9999970313999195,-4.312578533852286e-19,0.00243663525148829,3.2440323688669415e-20
4.324,-1.0394051707780607,-2.7174548653382445e-19,1.0119823863437332,-0.04589481969759583,1.5776805584853663e-18,-0.004064937692128224,0.999997026056791,-4.219846617176606e-19,0.002438827089802356,3.468478868067141e-20
4.3260000000000005,-1.0394968554761694,-2.6857399376065315e-19,1.0119742642472807,-0.04578986458049909,1.5937518697555207e-18,-0.0040571588279311776,0.9999970208987815,-4.127545919131972e-19,0.002440941122235502,3.72666781116338e-20
4.328,-1.0395883302031317,-2.653707230870745e-19,1.0119661576927503,-0.045684849056973134,1.6094587451239669e-18,-0.004049395767375909,0.9999970159252102,-4.0356827269390185e-19,0.0024429778294710472,3.9842530751079065e-20
4.33,-1.0396795948411757,-2.621364015970752e-19,1.011958066648579,-0.04557977616498792,1.6248029710423534e-18,-0.004041648466698728,0.9999970111353759,-3.944254960782603e-19,0.0024449376914597995,4.241235991464704e-20
4.332,-1.039770649278586,-2.5887175281028154e-19,1.0119499910832903,-0.04547464892307359,1.6397863254260754e-18,-0.004033916882199983,0.999997006528558,-3.853252172908364e-19,0.002446821187407018,4.5318839297144965e-20
4.3340000000000005,-1.0398614934096655,-2.555773890914541e-19,1.0119419309654958,-0.04536947033035396,1.6547334000847305e-18,-0.004026200970246562,0.9999970021040167,-4.0368509576738015e-19,0.0024486287957595134,4.657146978864583e-20
4.336,-1.039952127134695,-2.5225223434108566e-19,1.0119338862638938,-0.045264243366580525,1.6702898343534486e-18,-0.0040185006872743715,0.9999969978609927,-3.835816392184419e-19,0.002450360994192879,4.704175874481192e-20
4.338,-1.040042550359896,-2.488974053804421e-19,1.01192585694727,-0.045158970992166925,1.684515841188446e-18,-0.004010815989790768,0.9999969937987088,-3.855071052536773e-19,0.002452018259598856,4.6195390857333666e-20
4.34,-1.0401327629973915,-2.4551300886193016e-19,1.0119178429844966,-0.045053656148223924,1.6998932865801008e-18,-0.00400314683437692,0.9999969899163691,-3.9292067636785068e-19,0.002453601068072829,4.468082409691448e-20
4.3420000000000005,-1.0402227649651676,-2.420985410652578e-19,1.011909844344533,-0.04494830175659485,1.714479197324204e-18,-0.003995493177690164,0.9999969862131605,-3.8931341349251086e-19,0.0024551098949014568,4.6227245576314854e-20
4.344,-1.0403125561870343,-2.3865432634345997e-19,1.0119018609964248,-0.04484291071989154,1.7297837996486579e-18,-0.003987854976466292,0.9999969826882523,-3.857215621281274e-19,0.0024565452145504305,4.845537046153519e-20
4.346,-1.0404021365925882,-2.3518036529800513e-19,1.0118938929093046,-0.04473748592153072,1.744082156226649e-18,-0.003980232187521818,0.9999969793407969,-3.766633187610109e-19,0.002457907500652364,5.1008266035569335e-20
4.348,-1.0404915061171733,-2.3167744600126487e-19,1.011885940052391,-0.044632030225770856,1.758993499579168e-18,-0.00397262476775618,0.9999969761699301,-3.9507972613114e-19,0.0024591972259948138,5.122438288573419e-20
4.3500000000000005,-1.040580664701843,-2.2814434458557076e-19,1.0118780023949883,-0.04452654647774951,1.7740843590562716e-18,-0.00396503267415392,0.9999969731747714,-3.9148529607628226e-19,0.0024604148625084303,4.8644287113501734e-20
4.352,-1.0406696122933219,-2.2458120559868084e-19,1.0118700799064873,-0.04442103750352107,1.7890311823176634e-18,-0.003957455863786826,0.9999969703544246,-3.8791212447593056e-19,0.002461560881255235,4.4357459176927785e-20
4.354,-1.0407583488439676,-2.2098831641593894e-19,1.0118621725563643,-0.04431550611009501,1.8037270592871173e-18,-0.003949894293816019,0.9999969677079781,-3.78861532858578e-19,0.002462635752417026,4.486458978747887e-20
4.356,-1.0408468743117327,-2.173664291260017e-19,1.0118542803141815,-0.04420995508547454,1.81817304574399e-18,-0.003942347921494007,0.9999969652345052,-3.8081813430385305e-19,0.002463639945283915,4.5740666672760813e-20
4.358,-1.0409351886601272,-2.137155395284955e-19,1.011846403149586,-0.04410438719869573,1.8325859156681955e-18,-0.003934816704166683,0.9999969629330643,-3.6085493083763173e-19,0.0024645739282429854,4.3820214023920965e-20
4.36,-1.0410232918581799,-2.1003693350211927e-19,1.0118385410323103,-0.04399880519986703,1.845997700436934e-18,-0.003927300599275342,0.9999969608026996,-3.574273159162848e-19,0.002465438168767083,4.4687086595514e-20
4.362,-1.0411111838804008,-2.0633102962817247e-19,1.0118306939321724,-0.043893211820209256,1.859919653267999e-18,-0.003919799564358563,0.9999969588424416,-3.485186931650715e-19,0.0024662331334037286,4.6223720173897484e-20
4.364,-1.0411988647067438,-2.0259828123443613e-19,1.0118228618190743,-0.043787609772095996,1.8726271987221165e-18,-0.003912313557054136,0.9999969570513065,-3.396384528385084e-19,0.0024669592877641566,4.8099821201047303e-20
4.366,-1.0412863343225687,-1.9883989254424936e-19,1.0118150446630034,-0.0436820017490944,1.885739568893837e-18,-0.0039048425351009175,0.9999969554282978,-3.3079776429550423e-19,0.002467617096512479,5.0999530864850353e-20
4.368,-1.0413735927186032,-1.9505631115477544e-19,1.011807242434031,-0.04357639042600644,1.8978560407313557e-18,-0.0038973864563406502,0.9999969539724058,-3.219981230624878e-19,0.0024682070233549755,5.423591337668061e-20
4.37,-1.0414606398909065,-1.9124776613040954e-19,1.0117994551023128,-0.04347077845891051,1.9109186036258183e-18,-0.003889945278719736,0.9999969526826082,-3.57093633343003e-19,0.002468729531029502,5.517389348273454e-20
4.372,-1.041547475840831,-1.8741226160398585e-19,1.0117916826380886,-0.043365168485203505,1.924599241968696e-18,-0.0038825189602909923,0.9999969515578706,-3.4816053690377055e-19,0.0024691850812950267,5.668610284976493e-20
4.374,-1.0416341005749852,-1.8355003630235966e-19,1.0117839250116816,-0.04325956312364325,1.9374961811180445e-18,-0.0038751074592153585,0.9999969505971465,-3.3926808757754217e-19,0.0024695741349212885,5.888012353018968e-20
4.376,-1.0417205141051964,-1.7966193664532007e-19,1.011776182193499,-0.04315396497439133,1.95068916986629e-18,-0.003867710733763539,0.9999969497993781,-3.5236865371680406e-19,0.0024698971516785738,5.803967103086015e-20
4.378,-1.0418067164484741,-1.7574694030871574e-19,1.0117684541540313,-0.043048376619056326,1.9643924543146883e-18,-0.003860328742317676,0.9999969491634961,-3.6540880685494688e-19,0.002470154590327618,5.651583610144925e-20
4.38,-1.0418927076269722,-1.7180402923787865e-19,1.0117607408638518,-0.04294280062073744,1.978603499658703e-18,-0.003852961443372921,0.9999969486884203,-3.783896859547812e-19,0.0024703469086096255,5.3966767087807515e-20
4.382,-1.041978487667952,-1.67832405647048e-19,1.011753042293617,-0.04283723952406844,1.9928893604434012e-18,-0.0038456087955390096,0.99999694837306,-3.5840517759733014e-19,0.002470474563236414,5.47682169283531e-20
4.384,-1.0420640566037465,-1.638334277897603e-19,1.0117453584140659,-0.042731695855262083,2.0059583859213783e-18,-0.0038382707575417684,0.9999969482163141,-3.3302691076720146e-19,0.00247053800988067,5.795298504770009e-20
4.386,-1.0421494144717218,-1.5980880579357366e-19,1.0117376891960201,-0.042626172122154825,2.018677760291889e-18,-0.0038309472882246368,0.9999969482170719,-3.351851499645263e-19,0.0024705377031663325,5.982745695993307e-20
4.388,-1.042234561314242,-1.5575866283556566e-19,1.0117300346103832,-0.04252067081425192,2.0314792806009e-18,-0.0038236383465500897,0.9999969483742126,-3.3733144951935774e-19,0.0024704740966590907,6.238281499392342e-20
4.39,-1.0423194971786318,-1.5168305025333043e-19,1.011722394628141,-0.0424151944027729,2.0440397123036953e-18,-0.0038163438916010615,0.9999969486866064,-3.1205980345198125e-19,0.0024703476428569967,6.280843934324994e-20
4.392,-1.04240422211714,-1.47583489910448e-19,1.0117147692203607,-0.04230974534069739,2.0554995619122384e-18,-0.003809063882582351,0.9999969491531143,-3.088458403281472e-19,0.0024701587931812022,6.020345445273036e-20
4.394,-1.0424887361869026,-1.4346049121468162e-19,1.0117071583581911,-0.042204326062811263,2.06747816504991e-18,-0.003801798278821958,0.9999969497725888,-3.056471274195601e-19,0.0024699079979668076,5.760427635407578e-20
4.396,-1.0425730394499082,-1.393145257057392e-19,1.0116995620128624,-0.042098938985753204,2.078251264118181e-18,-0.0037945470397724016,0.9999969505438737,-2.6956057728158097e-19,0.0024695957064538253,5.801399160268502e-20
4.398,-1.0426571319729596,-1.3514789186072837e-19,1.0116919801556856,-0.041993586508061516,2.088470435727598e-18,-0.0037873101250120098,0.9999969514658049,-2.775064708356185e-19,0.0024692223667782637,5.8189027404585e-20
4.4,-1.042741013827639,-1.30960114894242e-19,1.0116844127580524,-0.04188827101022137,2.099430007375931e-18,-0.0037800874942461606,0.9999969525372104,-2.90895565900956e-19,0.0024687884259633227,5.906207122705308e-20
4.402,-1.0428246850902714,-1.2675014792627538e-19,1.011676859791435,-0.04178299485471231,2.1106958900584755e-18,-0.0037728791073085174,0.9999969537569108,-3.151863065019483e-19,0.002468294329910703,5.996086794715281e-20
4.404,-1.042908145841889,-1.2251648315380443e-19,1.0116693212273855,-0.041677760386056126,2.123019453403211e-18,-0.0037656849241621787,0.9999969551237191,-3.1195497336853816e-19,0.0024677405233920324,5.839112542047494e-20
4.406,-1.0429913961681951,-1.1825905571402157e-19,1.0116617970375366,-0.04157256993086504,2.1344585726285415e-18,-0.003758504904900871,0.9999969566364417,-3.0872597036554166e-19,0.0024671274500404016,5.682510952039961e-20
4.408,-1.0430744361595283,-1.1397808822632318e-19,1.0116542871936003,-0.04146742579789021,2.1465237332870762e-18,-0.003751339009750064,0.9999969582938784,-3.0551312945070434e-19,0.002466455552342016,5.491977667782848e-20
4.41,-1.0431572659108266,-1.0967380213953416e-19,1.011646791667368,-0.04136233027807054,2.157705535043971e-18,-0.003744187199068025,0.9999969600948221,-2.9683380863769805e-19,0.002465725271627956,5.2663220505768727e-20
4.412,-1.0432398855215925,-1.0534684790266327e-19,1.01163931043071,-0.04125728564458186,2.1692997573702726e-18,-0.003737049433346917,0.9999969620380601,-3.046408114434031e-19,0.002464937048066052,5.1480212357491767e-20
4.414,-1.0433222950958572,-1.0099708404745245e-19,1.0116318434555762,-0.04115229415288629,2.1803357404058503e-18,-0.0037299256732138014,0.9999969641223737,-2.850163671467769e-19,0.0024640913206528674,5.3316011187436214e-20
4.416,-1.0434044947421446,-9.662583959960795e-20,1.0116243907139946,-0.04104735804078206,2.1908167416472186e-18,-0.003722815879431647,0.9999969663465383,-2.599910632970741e-19,0.0024631885272057945,5.444953976528127e-20
4.418,-1.043486484573437,-9.223468849921915e-20,1.0116169521780713,-0.04094247952845348,2.200422509698099e-18,-0.0037157200129002816,0.9999969687093245,-2.734665716273863e-19,0.00246222910435526,5.3961773345232817e-20
4.42,-1.0435682647071398,-8.782293684173238e-20,1.011609527819991,-0.04083766081852133,2.211524485102589e-18,-0.003708638034657339,0.9999969712094977,-2.9784417135953905e-19,0.002461213487537035,5.3160251056743266e-20
4.422,-1.0436498352650454,-8.338881896276622e-20,1.011602117612016,-0.040732904096093446,2.2226086345571402e-18,-0.0037015699058791586,0.9999969738458182,-2.9468915636283076e-19,0.0024601421109846605,5.4006742820872474e-20
4.424,-1.0437311963732994,-7.893226317676049e-20,1.011594721526486,-0.04062821152881563,2.233890753729701e-18,-0.003694515587881671,0.999996976617042,-2.915474008649453e-19,0.0024590154077219757,5.553658429683648e-20
4.426,-1.043812348162365,-7.445373545127383e-20,1.011587339535818,-0.04052358526692284,2.2445090203167125e-18,-0.003687475042121234,0.9999969795219208,-2.7748103092755516e-19,0.0024578338095557575,5.1895997133439484e-20
4.428,-1.0438932907669887,-6.995434484225107e-20,1.0115799716125058,-0.04041902744329067,2.254790026992884e-18,-0.003680448230195455,0.9999969825592022,-2.7445781693449896e-19,0.002456597747068462,4.897725294235687e-20
4.43,-1.0439740243261655,-6.543447743615688e-20,1.0115726177291202,-0.040314540173487054,2.2650575623884725e-18,-0.003673435113843983,0.9999969857276301,-2.714250098451125e-19,0.0024553076496110775,5.05200137236103e-20
4.432,-1.0440545489831041,-6.089419573186222e-20,1.0115652778583082,-0.04021012555582429,2.27520441906244e-18,-0.0036664356549492676,0.9999969890259448,-2.6840572350629894e-19,0.0024539639452960805,5.240181098464695e-20
4.434,-1.0441348648851927,-5.633374050034114e-20,1.0115579519727929,-0.04010578567141129,2.285231183010986e-18,-0.003659449815537283,0.9999969924528832,-2.6539904784144403e-19,0.002452567060990495,5.49649072453717e-20
4.436,-1.0442149721839646,-5.17533513435199e-20,1.011550640045373,-0.040001522584206126,2.2951384372825647e-18,-0.003652477557778255,0.9999969960071793,-2.6240575914816216e-19,0.002451117422309062,5.786462071702045e-20
4.438,-1.044294871035064,-4.7153266700125524e-20,1.0115433420489233,-0.03989733834106879,2.3049267620577154e-18,-0.0036455188439873283,0.999996999687564,-2.5942579207385313e-19,0.002449615453607506,6.110015315340496e-20
4.44,-1.0443745615982112,-4.2533723851385316e-20,1.0115360579563928,-0.03979323497181422,2.3145967347101528e-18,-0.0036385736366252182,0.9999970034927659,-2.5646999725121846e-19,0.0024480615779759116,6.021531078475847e-20
4.442,-1.04445404403717,-3.7894958925720355e-20,1.0115287877408066,-0.03968921448926562,2.3241489307387056e-18,-0.003631641898298825,0.999997007421511,-2.535282253609989e-19,0.0024464562172321963,5.933259715443228e-20
4.444,-1.044533318519712,-3.323735045959829e-20,1.0115215313752635,-0.03958527888930792,2.333368545736647e-18,-0.003624723591761851,0.9999970114725232,-2.2865210397762335e-19,0.0024447997919156915,6.045469199081615e-20
4.446,-1.0446123852175846,-2.8562567215007875e-20,1.0115142888329371,-0.03948143015094159,2.3415038197259243e-18,-0.0036178186799153615,0.9999970156445245,-2.2034830554350777e-19,0.002443092721280822,5.887361801310218e-20
4.448,-1.0446912443064755,-2.3871193827136992e-20,1.0115070600870752,-0.03937767023633659,2.3498511732403958e-18,-0.0036109271258083393,0.9999970199362351,-2.1205705569609335e-19,0.002441335423290886,5.763894875279633e-20
4.45,-1.0447698959659806,-1.9164171612908298e-20,1.011499845110999,-0.03927400109088664,2.357224553900639e-18,-0.003604048892638192,0.9999970243463739,-2.09277200826042e-19,0.002439528314611939,5.539344968414318e-20
4.452,-1.0448483403795694,-1.4441650834129866e-20,1.0114926438781036,-0.03917042464326364,2.3653497392160835e-18,-0.003597183943751256,0.9999970288736582,-2.0649921951746957e-19,0.002437671810606774,5.2468354241091677e-20
4.454,-1.0449265777345524,-9.703745650964139e-21,1.0114854563618565,-0.03906694280547234,2.3726089596781046e-18,-0.003590332242643284,0.9999970335168042,-2.0371809517752978e-19,0.002435766325329003,5.092001721903879e-20
4.456,-1.0450046082220472,-4.950641834869326e-21,1.0114782825357986,-0.03896355747290527,2.380620193909097e-18,-0.0035834937529598604,0.9999970382745277,-2.0643106263170787e-19,0.0024338122715172363,5.0074052343890125e-20
4.458,-1.0450824320369458,-1.8195046903738601e-22,1.0114711223735435,-0.038860270524397826,2.3880888222077117e-18,-0.0035766684384968433,0.9999970431455433,-2.200946388976682e-19,0.0024318100605893625,4.99416898446616e-20
4.46,-1.0451600493778817,4.603038950730954e-21,1.0114639758487767,-0.03875708382228357,2.3969536917100623e-18,-0.003569856263200755,0.9999970481285652,-2.391751720927361e-19,0.0024297601026369233,5.016516078568602e-20
4.462,-1.0452374604471957,9.405605726736481e-21,1.0114568429352557,-0.0386539992124498,2.405593851399975e-18,-0.0035630571911691813,0.9999970532223075,-2.362424764909104e-19,0.002427662806419587,4.725077542908479e-20
4.464,-1.045314665450905,1.4225874910801202e-20,1.0114497236068098,-0.03855101852439325,2.4146561910619243e-18,-0.0035562711866510745,0.9999970584254843,-2.3880461748794496e-19,0.0024255185793597184,4.504114592340187e-20
4.466,-1.0453916645986685,1.9063756551889305e-20,1.0114426178373397,-0.03844814357127603,2.4230627587553202e-18,-0.003549498214047121,0.9999970637368094,-2.1393347724477625e-19,0.0024233278275370435,4.6196865342458884e-20
4.468,-1.045468458103756,2.391758264138259e-20,1.0114355256008167,-0.038345376149981764,2.430709013482518e-18,-0.003542738237910032,0.9999970691549973,-2.0562959141613035e-19,0.002421090955683412,4.670453653624728e-20
4.47,-1.0455450461830145,2.878669763752103e-20,1.0114284468712835,-0.03824271804117189,2.4384595256118364e-18,-0.0035359912229448284,0.9999970746787628,-2.138210654114319e-19,0.0024188083671776526,4.382549812507315e-20
4.472,-1.0456214290568357,3.3671417647206085e-20,1.011421381622853,-0.038140171009342166,2.4462061706829474e-18,-0.003529257134009109,0.9999970803068212,-2.000393210916958e-19,0.002416480464040524,4.2613504907222234e-20
4.474,-1.0456976069491248,3.857101666176784e-20,1.0114143298297078,-0.038037736802879384,2.4534106080800514e-18,-0.00352253593611327,0.999997086037889,-2.0275762311217034e-19,0.002414107646929759,4.144418787017547e-20
4.476,-1.0457735800872676,4.348556095457273e-20,1.011407291466101,-0.03793541715411821,2.4611513647114154e-18,-0.003515827594420747,0.9999970918706833,-2.0546139739740487e-19,0.0024116903151352015,4.0962551935219994e-20
4.478,-1.0458493487020983,4.841525968730425e-20,1.0114002665063546,-0.037833213779398266,2.468457361834947e-18,-0.0035091320742481925,0.9999970978039229,-2.0267061286344265e-19,0.0024092288665740376,4.0126169721858057e-20
4.48,-1.045924913027868,5.335978323836686e-20,1.0113932549248603,-0.037731128379121334,2.4760839570247125e-18,-0.0035024493410656552,0.9999971038363275,-1.999052400024207e-19,0.0024067236977861157,3.963367556210997e-20
4.482,-1.0460002733022127,5.831912662018163e-20,1.0113862566960785,-0.037629162637808744,2.4832773634442283e-18,-0.0034957793604967393,0.9999971099666184,-2.0265101231043412e-19,0.0024041752039293623,3.812843169202634e-20
4.484,-1.0460754297661214,6.329332261493046e-20,1.0113792717945382,-0.037527318224158945,2.4910083048055073e-18,-0.0034891220983187298,0.9999971161935187,-2.053967857385453e-19,0.002401583778775286,3.6625969149403224e-20
4.486,-1.0461503826639054,6.828258340786248e-20,1.0113723001948367,-0.03742559679110523,2.4980910048908043e-18,-0.0034824775204627184,0.9999971225157535,-1.8071012719301189e-19,0.002398949814704572,3.7802917602312577e-20
4.488,-1.0462251322431653,7.328525601777182e-20,1.0113653418716393,-0.037323999975873594,2.504636091527035e-18,-0.0034758455930136794,0.9999971289320495,-1.8356072419350554e-19,0.002396273702702769,3.595904358578682e-20
4.49,-1.046299678754761,7.830152441904443e-20,1.0113583967996789,-0.0372225294000408,2.5116149734532553e-18,-0.0034692262822105645,0.999997135441136,-1.8640111850339731e-19,0.002393555832356062,3.2749297283953455e-20
4.492,-1.0463740224527796,8.333117794844002e-20,1.0113514649537558,-0.03712118666959255,2.5178418803889372e-18,-0.003462619554446346,0.9999971420417444,-1.5633910438591985e-19,0.002390796591847135,3.220891735826341e-20
4.494,-1.046448163594505,8.837232106036312e-20,1.0113445463087376,-0.03701997337498181,2.5233206921987168e-18,-0.003456025376268037,0.9999971487326086,-1.5931337356440377e-19,0.002387996367951123,3.243436959325815e-20
4.496,-1.0465221024403866,9.34250763073136e-20,1.0113376408395582,-0.036918891091187324,2.529453923127006e-18,-0.0034494437143767465,0.9999971555124653,-1.6775774109383947e-19,0.002385155546031652,3.19866434724306e-20
4.498,-1.0465958392540078,9.84899606335829e-20,1.0113307485212184,-0.03681794137777221,2.5354854619365976e-18,-0.003442874535627629,0.9999971623800535,-1.7069169671115795e-19,0.0023822745100369642,3.1869147306350454e-20
4.5,-1.0466693743020563,1.0356734553646415e-19,1.0113238693287847,-0.03671712577894273,2.54195449371044e-18,-0.003436317807029916,0.9999971693341158,-1.7362310102283003e-19,0.002379353642496129,3.243686678837839e-20
4.502,-1.0467427078542926,1.086572435310939e-19,1.01131700323739,-0.03661644582360721,2.5477833444978336e-18,-0.0034297734957468413,0.9999971763733974,-1.4914402849834025e-19,0.002376393324515346,3.1566583924328256e-20
4.5040000000000004,-1.0468158401835197,1.1375783864004404e-19,1.011310150222232,-0.03651590302543501,2.5526523674069182e-18,-0.003423241569095594,0.9999971834966467,-1.2478182592179451e-19,0.0023733939357743253,3.035584827540783e-20
4.506,-1.046888771565553,1.188672159493199e-19,1.011303310258574,-0.03641549888291574,2.55656630068826e-18,-0.003416721994547259,0.9999971907026156,-1.0053594734506066e-19,0.002370355854522758,2.8804652633105534e-20
4.508,-1.0469615022791896,1.2398368520203927e-19,1.0112964833217444,-0.036315234879418505,2.5599602658355896e-18,-0.003410214739726707,0.9999971979900595,-1.0929474297421765e-19,0.0023672794575768695,2.9733872021618645e-20
4.51,-1.0470340326061784,1.2910771647033444e-19,1.0112896693871358,-0.03621511248325133,2.5641280443847453e-18,-0.003403719772412495,0.9999972053577372,-1.180095611328363e-19,0.002364165120316058,3.168882596647185e-20
4.5120000000000005,-1.0471063628311899,1.3423977753867537e-19,1.0112828684302055,-0.03611513314772065,2.567774592780873e-18,-0.003397237060536752,0.9999972128044113,-9.379331534848533e-20,0.0023610132166796147,3.1162708706232615e-20
4.514,-1.0471784932417858,1.3937818188941716e-19,1.0112760804264744,-0.03601529831119098,2.570472077984235e-18,-0.0033907665721850354,0.9999972203288485,-6.969187756884161e-20,0.0023578241191635264,3.063797826898882e-20
4.516,-1.0472504241283904,1.4452103608660939e-19,1.0112693053515271,-0.035915609397144624,2.572225186861678e-18,-0.003384308275596158,0.9999972279298192,-4.570550850368502e-20,0.0023545981988173617,2.977278120136187e-20
4.518,-1.0473221557842596,1.4966645604579002e-19,1.011262543181012,-0.035816067814241556,2.5730385840732745e-18,-0.0033778621391620323,0.9999972356060979,-2.1832053822209044e-20,0.0023513358252412386,2.9252025242455984e-20
4.5200000000000005,-1.0473936885054518,1.548125669896266e-19,1.0112557938906401,-0.035716674956379375,2.572916912076348e-18,-0.0033714281314274875,0.9999972433564633,1.9282188731210994e-21,0.002348037366582873,2.8732637697036004e-20
4.522,-1.0474650225907989,1.5995750340354535e-19,1.0112490574561852,-0.03561743220275336,2.571864791188549e-18,-0.003365006221090051,0.9999972511796987,2.5577455449494948e-20,0.002344703189534708,2.88995283110002e-20
4.524,-1.0475361583418763,1.6509940899142657e-19,1.0112423338534837,-0.03551834091791663,2.5698868195024633e-18,-0.003358596376999741,0.9999972590745917,4.911538707031307e-20,0.002341333659331123,2.9408814137242756e-20
4.526,-1.047607096062974,1.702364366312098e-19,1.0112356230584343,-0.035419402451840394,2.5669875730757076e-18,-0.0033521985681588358,0.9999972670399344,7.254173991099705e-20,0.0023379291397457214,2.9917021271307e-20
4.5280000000000005,-1.0476778360610672,1.7536674833117335e-19,1.0112289250469972,-0.035320618139974315,2.563171606213766e-18,-0.003345812763721621,0.9999972750745236,9.585704202311868e-20,0.002334489993088701,3.042374435910337e-20
4.53,-1.0477483786457877,1.8048851518655224e-19,1.0112222397951944,-0.03522198930330694,2.558443451514352e-18,-0.0033394389329941183,0.9999972831771611,1.1906262222580582e-19,0.002331016580204298,3.127164563213507e-20
4.532,-1.0478187241293948,1.8559991733603084e-19,1.0112155672791092,-0.0351235172484262,2.5528076199618928e-18,-0.0033330770454338262,0.999997291346653,1.4215820339134813e-19,0.002327509260468311,3.211806635927623e-20
4.534,-1.0478888728267468,1.9069914391887375e-19,1.0112089074748853,-0.035025203267580074,2.5462686010826327e-18,-0.00332672707064943,0.9999972995818112,1.6514430731378363e-19,0.002323968391785705,3.2962602197367264e-20
4.5360000000000005,-1.047958825055272,1.9578439303199781e-19,1.0112022603587276,-0.0349270486387372,2.538830863050029e-18,-0.003320388978400483,0.9999973078814518,1.8802145305743374e-19,0.0023203943305882876,3.380525590078263e-20
4.538,-1.0480285811349404,2.0085387168741892e-19,1.0111956259069013,-0.034829054625647685,2.5304988528057907e-18,-0.003314062738597111,0.9999973162443968,2.1079015722453471e-19,0.002316787431832466,3.4646030237375364e-20
4.54,-1.0480981413882353,2.0590601097072552e-19,1.0111890040957312,-0.034731222477903945,2.5217073978818168e-18,-0.0033077483212996697,0.9999973246694732,2.005523462919134e-19,0.0023131480489970747,3.4190091721075735e-20
4.542,-1.0481675061401254,2.1094118649903996e-19,1.011182394901602,-0.03463355343100159,2.5133195796929666e-18,-0.0033014456967184057,0.9999973331555134,2.1777193498069497e-19,0.0023094765340812857,3.195805087159693e-20
4.5440000000000005,-1.0482366757180364,2.159582654781536e-19,1.0111757983009584,-0.03453604870640043,2.503611298126576e-18,-0.0032951548352131055,0.9999973417013552,2.294410823713945e-19,0.0023057732376025853,3.008667869537196e-20
4.546,-1.0483056504518222,2.209563351215911e-19,1.0111692142703033,-0.03443870951158547,2.494310691317172e-18,-0.0032888757072927132,0.9999973503058422,2.410426836534663e-19,0.002302038508594833,2.856289356534595e-20
4.548,-1.0483744306737384,2.259344165454147e-19,1.011162642786199,-0.03434153704012807,2.4835877419217244e-18,-0.0032826082836149638,0.9999973589678234,2.6901098097081904e-19,0.0022982726946063872,2.7004158338509874e-20
4.55,-1.0484430167184136,2.308907127500524e-19,1.0111560838252664,-0.03424453247174707,2.472741540048885e-18,-0.0032763525349860023,0.9999973676861533,2.694369790145601e-19,0.002294476141698308,2.6883310187418897e-20
4.5520000000000005,-1.0485114089228222,2.3582494266767775e-19,1.0111495373641843,-0.03414769697237002,2.4614497347350518e-18,-0.00327010843235996,0.9999973764596928,2.6986096378517037e-19,0.0022906491944426352,2.6762740181640975e-20
4.554,-1.0485796076262568,2.4073700560532053e-19,1.0111430033796895,-0.03405103169419447,2.4506820882480914e-18,-0.003263875946838545,0.9999973852873082,2.6481335765530945e-19,0.0022867921959207308,2.6654976641819803e-20
4.556,-1.0486476131703004,2.456273022112635e-19,1.0111364818485769,-0.03395453777574925,2.4396833314409505e-18,-0.0032576550496706295,0.999997394167872,2.597774764701969e-19,0.002282905487721701,2.689012112644203e-20
4.558,-1.0487154258987996,2.504963755121036e-19,1.0111299727476981,-0.03385821634195589,2.4294226751900628e-18,-0.00325144571225181,0.9999974031002629,2.4929746144711326e-19,0.0022789894099408846,2.7822072459144436e-20
4.5600000000000005,-1.0487830461578374,2.5534476570832337e-19,1.0111234760539622,-0.03376206850419003,2.418928253438373e-18,-0.0032452479061239373,0.9999974120833652,2.553010773657826e-19,0.0022750443011784133,2.837163335110905e-20
4.562,-1.0488504742957059,2.6017211369202136e-19,1.011116991744335,-0.033666095360342846,2.4083088305995855e-18,-0.0032390616029746803,0.99999742111607,2.7225358678409644e-19,0.0022710704985378443,2.855268401538387e-20
4.564,-1.0489177106628795,2.6497702159354127e-19,1.0111105197958385,-0.03357029799488259,2.3963810973774588e-18,-0.0032328867746370636,0.9999974301972743,3.000900976836452e-19,0.0022670683376248587,2.836582326963082e-20
4.566,-1.0489847556119885,2.69757452454727e-19,1.0111040601855514,-0.0334746774789161,2.3840119865486078e-18,-0.0032267233930889654,0.9999974393258814,3.0585813774696867e-19,0.0022630381525460316,2.548797700702109e-20
4.5680000000000005,-1.0490516094977915,2.745129212704613e-19,1.011097612890608,-0.03337923487025039,2.3714192313071595e-18,-0.0032205714304526555,0.9999974485008013,3.115987980317326e-19,0.0022589802759076703,2.2617378054771443e-20
4.57,-1.0491182726771502,2.7924298187139094e-19,1.011091177888198,-0.03328397121345424,2.358603950304944e-18,-0.003214430858994271,0.9999974577209502,3.1731297900821227e-19,0.0022548950388147217,2.009585722468511e-20
4.572,-1.0491847455090018,2.839471903201412e-19,1.0110847551555666,-0.03318888753991983,2.3455672568178693e-18,-0.003208301651123323,0.9999974669852508,3.229992643738615e-19,0.0022507827708697437,1.723807786381824e-20
4.574,-1.049251028354333,2.88625104900649e-19,1.0110783446700142,-0.03309398486792439,2.332310258931454e-18,-0.0032021837793921953,0.9999974762926327,3.2865778346203843e-19,0.002246643800171949,1.404443058934171e-20
4.5760000000000005,-1.0493171215761545,2.932762861079603e-19,1.011071946408896,-0.032999264202691905,2.3188340597105027e-18,-0.003196077216495591,0.999997485642032,3.3429020181773953e-19,0.0022424784533163103,1.1200626228679894e-20
4.578,-1.0493830255394743,2.979002966380091e-19,1.0110655603496213,-0.03290472653645479,2.3051397568330546e-18,-0.0031899819352700144,0.9999974950323911,3.3989665145877396e-19,0.0022382870553927345,8.706241313225382e-21
4.58,-1.0494487406112716,3.0249670137655483e-19,1.0110591864696539,-0.03281037284851564,2.2912284425717555e-18,-0.003183897908693214,0.9999975044626598,3.4547648732969966e-19,0.0022340699299853027,6.2177867166873065e-21
4.582,-1.0495142671604716,3.0706506738870796e-19,1.0110528247465114,-0.03271620410530893,2.277101203914513e-18,-0.003177825109883654,0.9999975139317944,3.510298379895079e-19,0.002229827399171575,3.7344358340752025e-21
4.5840000000000005,-1.0495796055579194,3.116049639083671e-19,1.011046475157765,-0.03262222126046279,2.262759122788622e-18,-0.0031717635120999386,0.999997523438758,3.565568248584743e-19,0.0022255597835219585,1.2569885118455542e-21
4.586,-1.0496447561763547,3.161159623282064e-19,1.0110401376810394,-0.03252842525486078,2.2482032759700106e-18,-0.0031657130887402488,0.9999975329825208,3.620583406859681e-19,0.00222126740209914,-8.71502855335675e-22
4.588,-1.0497097193903864,3.2059763618918595e-19,1.011033812294012,-0.03243481701670361,2.233434734953113e-18,-0.0031596738133417525,0.9999975425620599,3.6753298473901576e-19,0.002216950572457585,-3.3375929951449603e-21
4.59,-1.049774495576467,3.2504956117020063e-19,1.0110274989744132,-0.03234139746157096,2.2184545662495122e-18,-0.003153645659580042,0.9999975521763592,3.729816397728885e-19,0.0022126096106430946,-5.798227489349053e-21
4.5920000000000005,-1.0498390851128674,3.294713150782109e-19,1.011021197700026,-0.03224816749248326,2.2032638313978175e-18,-0.003147628601268545,0.99999756182441,3.7840442977049457e-19,0.002208244831192431,-8.25301343750641e-21
4.594,-1.0499034883796525,3.3386247783822376e-19,1.0110149084486857,-0.03215512799996341,2.1878635869001133e-18,-0.0031416226123579024,0.9999975715052106,3.8380147723447823e-19,0.002203856547133001,-1.0701964982490225e-20
4.596,-1.0499677057586556,3.382226314832387e-19,1.0110086311982793,-0.03206227986209864,2.1722548842503573e-18,-0.0031356276669353865,0.9999975812177663,3.891729040898588e-19,0.0021994450699826013,-1.3145096229426446e-20
4.598,-1.0500317376334536,3.425513601442546e-19,1.0110023659267457,-0.031969623944602225,2.1564387699578823e-18,-0.0031296437392242774,0.9999975909610898,3.9451883168674265e-19,0.002195010709749228,-1.558242124581949e-20
4.6000000000000005,-1.0500955843893427,3.468482500403191e-19,1.010996112612075,-0.03187716110087527,2.1404162855758522e-18,-0.0031236708035832467,0.9999976007342007,3.9984013205460665e-19,0.0021905537749309445,-1.7671699576073363e-20
4.602,-1.0501592464133136,3.5111288946847964e-19,1.0109898712323087,-0.03178489217206847,2.124188467444366e-18,-0.003117708834505732,0.9999976105361263,4.051369282242331e-19,0.0021860745725158087,-1.941375649280372e-20
4.604,-1.0502227240940272,3.5534486879326426e-19,1.010983641765539,-0.03169281798714387,2.107756346878131e-18,-0.003111757806619307,0.9999976203659008,4.104063380114484e-19,0.0021815734079818627,-2.2179651606226448e-20
4.606,-1.0502860178217899,3.595437804374996e-19,1.0109774241899085,-0.03160093936293657,2.091120950875426e-18,-0.003105817694685062,0.9999976302225658,4.1564997448118386e-19,0.0021770505852971803,-2.528244929398934e-20
4.6080000000000005,-1.05034912798853,3.637092188734819e-19,1.010971218483611,-0.03150925710421646,2.0742833018506023e-18,-0.003099888473596918,0.9999976401051706,4.2086870721694352e-19,0.002172506406919973,-2.837787837849823e-20
4.61,-1.0504120549877731,3.6784078061347207e-19,1.0109650246248894,-0.031417772003749934,2.0572444173374046e-18,-0.0030939701183810135,0.9999976500127713,4.2606190972648026e-19,0.0021679411737987537,-3.18086171916209e-20
4.612,-1.0504747992146186,3.7193827939677912e-19,1.0109588425920368,-0.03132648484236154,2.040435703373286e-18,-0.00308806260419504,0.999997659944432,3.983387402308277e-19,0.0021633551853725615,-3.344659193637606e-20
4.614,-1.0505373610657156,3.7600361019382785e-19,1.0109526723633961,-0.031235396388995678,2.0248245938816054e-18,-0.003082165906327548,0.999997669899224,3.8718689009895156e-19,0.002158748739571239,-3.2718174638933873e-20
4.616,-1.0505997409392391,3.8003751221375947e-19,1.010946513917359,-0.03114450740077818,2.009221946664028e-18,-0.003076280000197362,0.9999976798762271,3.6509604720990517e-19,0.0021541221328157736,-3.230967432856346e-20
4.618,-1.0506619392348668,3.8404197660051277e-19,1.0109403672323667,-0.03105381862307796,1.9954580925544107e-18,-0.0030704048613528507,0.9999976898745253,3.3213180093571804e-19,0.0021494756600186796,-3.187780584643634e-20
4.62,-1.0507239563537554,3.8801923798969625e-19,1.0109342322869088,-0.030963330789568578,1.981695132474641e-18,-0.0030645404654712606,0.9999976998932134,3.486677017433833e-19,0.0021448096145844624,-3.120972840955785e-20
4.622,-1.050785792698517,3.9196832826029537e-19,1.0109281090595237,-0.030873044622289774,1.9672874867040744e-18,-0.00305868678835804,0.9999977099313929,3.651266929662587e-19,0.002140124288410114,-2.9857433706538576e-20
4.624,-1.0508474486731965,3.9588796124151506e-19,1.0109219975287977,-0.030782960831709,1.9522383533342382e-18,-0.003052843805946141,0.9999977199881727,3.8150767682049125e-19,0.002135419971885674,-2.8508271982022435e-20
4.626,-1.0509089246832481,3.997768571434165e-19,1.0109158976733656,-0.030693080116782876,1.936550915193743e-18,-0.0030470114942953517,0.999997730062669,3.978110215660953e-19,0.0021306969538948443,-2.7162236784555535e-20
4.628,-1.0509702211355127,4.0363374252649944e-19,1.0109098094719098,-0.030603403165018646,1.920228339903994e-18,-0.003041189829591591,0.9999977401540061,4.140385579137466e-19,0.002125955521815657,-2.5134406492741695e-20
4.63,-1.0510313384381944,4.074573502711681e-19,1.0109037329031598,-0.030513930652535565,1.9032737797170592e-18,-0.0030353787881462146,0.9999977502613157,4.3018919268093876e-19,0.002121195961521198,-2.3111313355868467e-20
4.632,-1.0510922770008384,4.1124641954718617e-19,1.0108976679458928,-0.03042466324412626,1.8856903718369434e-18,-0.0030295783463953037,0.9999977603837369,4.462618351629891e-19,0.002116418557380379,-2.1778268394655657e-20
4.634,-1.0511530372343085,4.1499969578425103e-19,1.0108916145789328,-0.03033560159331804,1.867481239047666e-18,-0.0030237884808989707,0.9999977705204168,4.622582972108726e-19,0.002111623592258768,-2.044831553663832e-20
4.636,-1.0512136195507638,4.1871593064283357e-19,1.0108855727811508,-0.030246746342434173,1.8486494892858823e-18,-0.0030180091683406547,0.9999977806705102,4.781789441457718e-19,0.0021068113475194703,-1.91210422581258e-20
4.638,-1.0512740243636371,4.2239388198457596e-19,1.0108795425314638,-0.030158098122655085,1.829198215732614e-18,-0.0030122403855263975,0.9999977908331789,4.940234126528175e-19,0.002101982103024056,-1.8139509893579293e-20
4.64,-1.0513342520876128,4.2603231384282457e-19,1.0108735238088358,-0.030069657554079546,1.80913049706267e-18,-0.0030064821093841285,0.9999978010075932,5.097913394698288e-19,0.0020971361371335475,-1.7845154346640804e-20
4.642,-1.0513943031386042,4.2962999639418647e-19,1.0108675165922762,-0.029981425245785783,1.788449397895388e-18,-0.0030007343169629603,0.9999978111929306,5.254837968256248e-19,0.0020922737267094513,-1.789409306429411e-20
4.644,-1.0514541779337314,4.3318570593025598e-19,1.0108615208608405,-0.029893401795892532,1.767157968468148e-18,-0.0029949969854324477,0.9999978213883765,5.411018610679179e-19,0.0020873951471148443,-1.794285250816337e-20
4.646,-1.0515138768913006,4.366982248285875e-19,1.0108555365936294,-0.02980558779162006,1.7452592446789642e-18,-0.002989270092081869,0.9999978315931238,5.566444476416855e-19,0.002082500672215508,-1.8676755305507118e-20
4.648,-1.051573400430781,4.401663415246889e-19,1.0108495637697894,-0.029717983809351096,1.7227562484078772e-18,-0.0029835536143195136,0.9999978418063734,5.72113339811526e-19,0.002077590574381111,-1.940885689052601e-20
4.65,-1.0516327489727841,4.435888504833187e-19,1.0108436023685117,-0.029630590414691738,1.6996519871130481e-18,-0.002977847529671929,0.9999978520273336,5.875096022133105e-19,0.002072665124486445,-1.9796501683150415e-20
4.652,-1.0516919229390418,4.469645521697867e-19,1.0108376523690323,-0.029543408162532255,1.6759494538766198e-18,-0.0029721518157832002,0.9999978622552207,6.028335766349707e-19,0.002067724591912705,-1.9840913102565286e-20
4.654,-1.051750922752385,4.502922530211259e-19,1.0108317137506322,-0.02945643759710788,1.6516516272396922e-18,-0.002966466450414205,0.9999978724892584,6.180849065369629e-19,0.0020627692445488203,-1.9885160139639956e-20
4.656,-1.0518097488367224,4.535707654170225e-19,1.0108257864926364,-0.029369679252059477,1.6267614714800817e-18,-0.0029607914114418987,0.9999978827286783,6.332646380823633e-19,0.0020577993487928318,-1.9587395508245523e-20
4.658,-1.0518684016170199,4.5679890765166105e-19,1.010819870574414,-0.029283133650494193,1.6012819366957172e-18,-0.002955126676858555,0.9999978929727197,6.483724131672738e-19,0.0020528151695533192,-1.9289873047969283e-20
4.66,-1.0519268815192786,4.59975503905092e-19,1.0108139659753783,-0.029196801305046007,1.575215958821152e-18,-0.0029494722247710246,0.9999979032206295,6.634099772362145e-19,0.0020478169702508714,-1.8307677661338495e-20
4.662,-1.051985188970515,4.630993842151711e-19,1.010808072674986,-0.029110682717936227,1.5485664596261892e-18,-0.002943828033400011,0.9999979134716626,6.783748613135162e-19,0.002042805012819606,-1.801226364278291e-20
4.664,-1.052043324398739,4.661693844494768e-19,1.0108021906527374,-0.029024778381033896,1.5213363470401159e-18,-0.0029381940810793003,0.9999979237250811,6.932702084398793e-19,0.0020377795577087346,-1.703298544508108e-20
4.666,-1.0521012882329344,4.691843462772442e-19,1.0107963198881758,-0.028939088775916146,1.4935285148797322e-18,-0.0029325703462550327,0.9999979339801554,7.080956550110401e-19,0.002032740863884173,-1.5713313304252686e-20
4.668,-1.0521590809030377,4.721431171414487e-19,1.010790460360888,-0.02885361437392845,1.4651458431238672e-18,-0.00292695680748495,0.9999979442361631,7.22848744383819e-19,0.0020276891888301963,-1.5423885445046092e-20
4.67,-1.052216702839918,4.750445502318509e-19,1.0107846120505029,-0.028768355636244823,1.4361911986466341e-18,-0.0029213534434376445,0.9999979544923897,7.375311991351069e-19,0.0020226247885511413,-1.5477751306974677e-20
4.672,-1.0522741544753569,4.778875044586321e-19,1.0107787749366923,-0.02868331301392792,1.4066674348229755e-18,-0.002915760232891815,0.9999979647481284,7.52146130076735e-19,0.0020175479175731487,-1.4504267207489928e-20
4.674,-1.0523314362420275,4.806708444246135e-19,1.0107729489991706,-0.02859848694798906,1.3765773909278922e-18,-0.002910177154735505,0.99999797500268,7.666917924688196e-19,0.0020124588289459544,-1.3532632889749462e-20
4.676,-1.0523885485734754,4.833934403974392e-19,1.0107671342176938,-0.028513877869448187,1.3459238926222971e-18,-0.002904604187965356,0.9999979852553528,7.81167822566528e-19,0.0020073577742447195,-1.2905911504210729e-20
4.678,-1.0524454919040982,4.860541682828866e-19,1.01076133057206,-0.028429486199393696,1.3147097524573707e-18,-0.0028990413116858718,0.9999979955054631,7.955752314492818e-19,0.0020022450035719085,-1.228062541044573e-20
4.68,-1.0525022666691255,4.886519095985728e-19,1.0107555380421092,-0.028345312349042234,1.2829377695142406e-18,-0.002893488505108623,0.9999980057523347,8.099157253800827e-19,0.001997120765559203,-1.0971450411208699e-20
4.682,-1.0525588733045999,4.911857666390785e-19,1.0107497566077226,-0.028261356719798365,1.2510411145290589e-18,-0.002887945747551533,0.9999980159952987,7.912921378675052e-19,0.001991985307369467,-9.942700299505456e-21
4.684,-1.0526153122473567,4.936568904802398e-19,1.0107439862488226,-0.028177619703314165,1.2200963962310632e-18,-0.002882413018438117,0.9999980262336943,7.94682352648104e-19,0.0019868388746987447,-1.1357586741156593e-20
4.686,-1.0526715839350052,4.960651714312457e-19,1.0107382269453729,-0.028094101681548727,1.1882699755172988e-18,-0.0028768902972967038,0.9999980364668679,7.980687921151374e-19,0.0019816817117783068,-1.3110995932624685e-20
4.688,-1.0527276888059085,4.984107146255588e-19,1.010732478677378,-0.028010803026827565,1.1575021213639584e-18,-0.0028713775637596896,0.9999980466941739,7.685607950684333e-19,0.0019765140613767335,-1.2737499423512416e-20
4.69,-1.0527836272991653,5.0069534609279495e-19,1.0107267414248828,-0.02792772410190193,1.1271422257337156e-18,-0.002865874797562826,0.9999980569149739,7.665979929601043e-19,0.0019713361648020403,-9.677914079560363e-21
4.692,-1.0528393998545897,5.029193410116325e-19,1.010721015167973,-0.027844865260008022,1.0968655115590392e-18,-0.0028603819785443744,0.999998067128637,7.646431870514148e-19,0.001966148261903842,-7.310928943726696e-21
4.694,-1.0528950069126934,5.050828653605454e-19,1.0107152998867743,-0.02776222684492612,1.0666715947744684e-18,-0.002854899086644405,0.9999980773345414,7.626963308954541e-19,0.0019609505910755613,-5.634902010849934e-21
4.696,-1.0529504489146657,5.071860843520881e-19,1.0107095955614525,-0.027679809191039587,1.0365600933963285e-18,-0.002849426101904098,0.999998087532069,7.607600769096175e-19,0.0019557433892566645,-3.2783643533765122e-21
4.698,-1.0530057263023558,5.092291624363797e-19,1.0107039021722128,-0.0275976126233938,1.006530627076695e-18,-0.0028439630044648926,0.9999980977206125,7.588323637989884e-19,0.001950526891934957,-1.2700988350319004e-21
4.7,-1.0530608395182532,5.1121226330480555e-19,1.0106982196993006,-0.027515637457754955,9.765828172762528e-19,-0.0028385097745677727,0.9999981078995716,7.569144900011639e-19,0.001945301333148897,1.0752296550783562e-21
4.702,-1.05311578900547,5.13135549893187e-19,1.0106925481230005,-0.027433884000668794,9.467162870862179e-19,-0.0028330663925525104,0.9999981180683526,7.550057436820891e-19,0.0019400669454899568,3.4149738775459245e-21
4.704,-1.0531705752077225,5.149991843853096e-19,1.010686887423636,-0.0273523525495192,9.169306613665181e-19,-0.0028276328388569098,0.9999981282263699,7.531060807868853e-19,0.001934823960105023,5.748741217860584e-21
4.706,-1.0532251985693122,5.168033282165113e-19,1.0106812375815706,-0.027271043392586704,8.872255668671926e-19,-0.0028222090940160506,0.9999981383730449,7.512128016840108e-19,0.001929572606698829,6.7063090896477346e-21
4.708,-1.0532796595351082,5.1854814207829e-19,1.0106755985772053,-0.02718995680910687,8.576006331028218e-19,-0.002816795138661553,0.9999981485078064,7.493265219922045e-19,0.0019243131135364287,6.633600663271552e-21
4.71,-1.0533339585505292,5.202337859237821e-19,1.0106699703909807,-0.027109093069328582,8.2805549212499245e-19,-0.0028113909535208105,0.999998158630091,7.474491819641844e-19,0.0019190457074457052,6.561040712887338e-21
4.712,-1.0533880960615254,5.218604189721423e-19,1.0106643530033754,-0.027028452434572223,7.985897776626687e-19,-0.002805996519416228,0.9999981687393421,7.455814032389087e-19,0.0019137706138199154,6.83088380949903e-21
4.714,-1.0534420725145608,5.234281997114469e-19,1.0106587463949066,-0.02694803515728772,7.692031251436222e-19,-0.002800611817264503,0.9999981788350106,7.437224806117978e-19,0.0019084880566202702,7.100470033001192e-21
4.716,-1.0534958883565955,5.249372859024258e-19,1.0106531505461294,-0.026867841481112494,7.39895171567736e-19,-0.002795236828075863,0.9999981889165547,7.418723793296945e-19,0.0019031982583785517,7.369800231393731e-21
4.718,-1.0535495440350677,5.263878345813091e-19,1.0106475654376366,-0.026787871640929294,7.106655556233273e-19,-0.0027898715329533067,0.9999981989834398,7.400317045693952e-19,0.0018979014401997638,7.980723843168352e-21
4.72,-1.0536030399978773,5.277800020634325e-19,1.010641991050059,-0.02670812586292391,6.815139175963473e-19,-0.0027845159130918838,0.9999982090351387,7.381991150904352e-19,0.001892597821764818,8.24751590706971e-21
4.722,-1.0536563766933675,5.291139439463786e-19,1.010636427364065,-0.02662860436464276,6.524398995529574e-19,-0.002779169949777919,0.9999982190711313,7.363758647032511e-19,0.0018872876213332536,8.855501787107872e-21
4.724,-1.0537095545703083,5.303898151135816e-19,1.0106308743603596,-0.02654930735505038,6.234431452183421e-19,-0.002773833624388286,0.9999982290909045,7.345612654904493e-19,0.001881971055745991,9.462024388628687e-21
4.726,-1.0537625740778789,5.316077697374954e-19,1.0106253320196859,-0.026470235034586762,5.945232998616229e-19,-0.002768506918389671,0.9999982390939527,7.327546333689005e-19,0.0018766483404281204,9.724426599371705e-21
4.728,-1.0538154356656508,5.327679612829892e-19,1.0106198003228235,-0.02639138759522461,5.65680010723159e-19,-0.002763189813337829,0.9999982490797771,7.3095528233411735e-19,0.0018713196893917214,9.300863536270288e-21
4.73,-1.0538681397835712,5.338705425115503e-19,1.0106142792505888,-0.02631276522052644,5.369129272748502e-19,-0.0027578822908768236,0.9999982590478861,7.291638094984376e-19,0.0018659853152387163,8.536028387997689e-21
4.732,-1.053920686881946,5.349156654857976e-19,1.010608768783835,-0.026234368085701554,5.082217009954358e-19,-0.0027525843327383323,0.9999982689977951,7.273795409930812e-19,0.0018606454291637555,7.088475612083634e-21
4.734,-1.0539730774114233,5.359034815732288e-19,1.0106032689034516,-0.02615619635766293,4.796059855234034e-19,-0.00274729592074088,0.9999982789290267,7.256011520095164e-19,0.0018553002409571358,4.273689856575676e-21
4.736,-1.0540253118229768,5.368341414514781e-19,1.0105977795903645,-0.026078250195083936,4.51065437270868e-19,-0.0027420170367891063,0.9999982888411103,7.238305088324551e-19,0.0018499499590077496,1.1220824934810398e-21
4.738,-1.054077390567889,5.377077951131272e-19,1.0105923008255353,-0.02600052974845494,4.22599714616236e-19,-0.0027367476628730567,0.9999982987335824,7.220675791563479e-19,0.0018445947903060647,-2.3643295107982948e-21
4.74,-1.0541293140977357,5.385245918692571e-19,1.0105868325899623,-0.02592303516013979,3.9420847779857585e-19,-0.002731487781067429,0.9999983086059862,7.203116884540908e-19,0.0018392349404471359,-6.527819269738169e-21
4.742,-1.0541810828643692,5.392845727587707e-19,1.0105813748646788,-0.02584576656443217,3.657837940627e-19,-0.0027262373735308636,0.999998318457872,7.185728951816508e-19,0.0018338706136336478,-5.884208086329869e-21
4.744,-1.054232697319902,5.3998795740406e-19,1.0105759276307542,-0.0257687240876118,3.3764795940896087e-19,-0.0027209964225052073,0.999998328288797,7.113734252967249e-19,0.0018285020126789855,-4.8894509548624014e-21
4.746,-1.054284157916692,5.406353582219323e-19,1.010570490869293,-0.02569190784800053,3.0969214845691655e-19,-0.002715764910314798,0.9999983380983251,7.042068301501149e-19,0.0018231293390103375,-4.5820105059871194e-21
4.748,-1.054335465107325,5.412271698346466e-19,1.0105650645614352,-0.02561531795601829,2.821303468170671e-19,-0.0027105428193657435,0.999998347886027,6.970599823794021e-19,0.0018177527926718261,-4.961451761398319e-21
4.75,-1.0543866193446,5.41763928561559e-19,1.010559648688356,-0.0255389545142389,2.5463921110318095e-19,-0.0027053301321451903,0.9999983576514803,7.008861443184453e-19,0.0018123725723276688,-5.360732738963283e-21
4.752,-1.054437621081514,5.422458113610337e-19,1.010554243231265,-0.025462817617445753,2.273261826944549e-19,-0.002700126831220636,0.999998367394269,6.772967967710926e-19,0.0018069888752653659,-4.338353807756364e-21
4.7540000000000004,-1.054488470771245,5.426740706393862e-19,1.0105488481714076,-0.025386907352687355,2.009432287407368e-19,-0.002694932899239199,0.999998377113984,6.812271864677432e-19,0.0018016018973989198,-6.1105503079992865e-21
4.756,-1.0545391688671375,5.430488036618232e-19,1.0105434634900625,-0.02531122379933273,1.738716936025132e-19,-0.0026897483189269066,0.999998386810223,6.741867658456688e-19,0.0017962118332720788,-7.857996331345945e-21
4.758,-1.0545897158226876,5.433705015799301e-19,1.010538089168544,-0.02523576702912668,1.4783617677583813e-19,-0.0026845730730879927,0.9999983964825901,6.671796987058477e-19,0.0017908188760616106,-9.600528522869658e-21
4.76,-1.054640112091527,5.436396889811065e-19,1.0105327251882001,-0.025160537106244916,1.2143268928439479e-19,-0.002679407144604182,0.9999984061306961,6.547232488889966e-19,0.0017854232175806039,-1.1329558099229987e-20
4.7620000000000005,-1.054690358127408,5.438574614658352e-19,1.0105273715304133,-0.025085534087349044,9.638509469465067e-20,-0.002674250516434001,0.9999984157541582,6.368290252085849e-19,0.0017800250482817937,-1.3729655621459552e-20
4.764,-1.0547404543841894,5.44024946521336e-19,1.0105220281765996,-0.025010758021641395,7.107297587906391e-20,-0.0026691031716120756,0.9999984253526,6.464367473121862e-19,0.0017746245572609171,-1.3774724705588507e-20
4.766,-1.0547904013158205,5.441419388702361e-19,1.0105166951082096,-0.024936208950919726,4.603614484889718e-20,-0.00266396509324843,0.9999984349256518,6.285897132772946e-19,0.0017692219322600923,-1.1715043266296806e-20
4.768,-1.0548401993763268,5.4420956209753275e-19,1.010511372306727,-0.024861886909631783,2.1703300391590807e-20,-0.0026588362645278045,0.9999984444729503,6.108267094149024e-19,0.0017638173596712255,-1.000298909540879e-20
4.7700000000000005,-1.0548898490197955,5.44229220717268e-19,1.010506059753669,-0.0247877919249297,-1.9290139583174746e-21,-0.0026537166687089393,0.9999984539941386,5.931473347537829e-19,0.0017584110245394426,-8.63733111268329e-21
4.772,-1.054939350700361,5.442023123471294e-19,1.0105007574305869,-0.024713924016724252,-2.486423804203689e-20,-0.002648606289123919,0.9999984634888659,5.755517931992516e-19,0.0017530031105665457,-7.274992506863602e-21
4.774,-1.0549887048721904,5.441302277417044e-19,1.0104954653190648,-0.024640283197738998,-4.710579519139388e-20,-0.0026435051091774587,0.999998472956788,5.580384829291764e-19,0.0017475938001144948,-6.600880157176702e-21
4.776,-1.0550379119894686,5.44014350825494e-19,1.0104901834007196,-0.024566869473564214,-6.865709208877972e-20,-0.0026384131123462318,0.999998482397567,5.406082063402367e-19,0.001742183274208916,-5.928446098228879e-21
4.7780000000000005,-1.055086972506385,5.438560587260236e-19,1.010484911657202,-0.024493682842710734,-8.952151927020616e-20,-0.0026333302821781738,0.999998491810871,5.232617704383251e-19,0.0017367717125426302,-4.5727697588995005e-21
4.78,-1.0551358868771188,5.436567218053493e-19,1.0104796500701947,-0.02442072329666361,-1.0970245151108307e-19,-0.002628256602291899,0.9999985011963742,5.059975887457145e-19,0.0017313592934792078,-3.2195732448164958e-21
4.782,-1.0551846555558255,5.434177036918318e-19,1.0104743986214135,-0.024347990819935623,-1.292032479498136e-19,-0.00262319205637589,0.9999985105537574,4.88817652681023e-19,0.0017259461940565485,-4.998306235490854e-22
4.784,-1.0552332789966223,5.431401461231651e-19,1.010469157292607,-0.02427548539012066,-1.4845762732001407e-19,-0.0026181366281879032,0.999998519882707,5.046099097815155e-19,0.0017205325899904813,-5.846748507407364e-22
4.7860000000000005,-1.0552817576535751,5.428231050434489e-19,1.0104639260655557,-0.024203206977946916,-1.6875808327232605e-19,-0.002613090301554294,0.9999985291829159,5.203396903819963e-19,0.0017151186556783893,-1.0119434547876386e-21
4.788,-1.055330091980684,5.424652819991951e-19,1.0104587049220726,-0.024131155547329954,-1.8902383177003869e-19,-0.0026080530603693583,0.9999985384540825,5.140557337056826e-19,0.0017097045642028564,9.981197641302896e-22
4.79,-1.0553782824318705,5.420671779043184e-19,1.0104534938440026,-0.024059331055425612,-2.090393291553349e-19,-0.002603024888594638,0.9999985476959129,5.078004231645164e-19,0.0017042904873353394,2.3176583150914642e-21
4.792,-1.0554263294609636,5.416292920414392e-19,1.0104482928132232,-0.023987733452682753,-2.288057939976441e-19,-0.0025980057702583693,0.9999985569081153,5.01574782559175e-19,0.0016988765955398494,3.633631234270242e-21
4.7940000000000005,-1.0554742335216865,5.411521212621139e-19,1.0104431018116433,-0.023916362682895858,-2.4832443890553955e-19,-0.002592995689454714,0.9999985660904076,4.953769286956941e-19,0.001693463057976678,3.9192828854990905e-21
4.796,-1.0555219950676433,5.406361599989822e-19,1.0104379208212038,-0.02384521868325746,-2.6759646999765196e-19,-0.0025879946303431502,0.999998575242512,4.892072941609543e-19,0.0016880500425061234,3.5193107094176415e-21
4.798,-1.0555696145523064,5.400819002789106e-19,1.010432749823877,-0.02377430138441042,-2.866230871883868e-19,-0.002583002577147834,0.9999985843641568,4.830680642326039e-19,0.001682637715692246,3.806390104264346e-21
4.8,-1.055617092429002,5.394898317340602e-19,1.0104275888016667,-0.023703610710500065,-3.0540548538214583e-19,-0.0025780195141569544,0.9999985934550759,4.769602604383279e-19,0.0016772262428066459,5.4634024867650795e-21
4.8020000000000005,-1.0556644291508992,5.38860441611573e-19,1.0104224377366082,-0.02363314657922612,-3.2394485446683316e-19,-0.002573045425722094,0.9999986025150092,4.708808577570844e-19,0.0016718157878322574,6.774608477257487e-21
4.804,-1.0557116251709955,5.381942147845465e-19,1.010417296610768,-0.023562908901894532,-3.422423787847596e-19,-0.002568080296257584,0.9999986115437018,4.648308712382947e-19,0.0016664065134671666,8.42493164238505e-21
4.806,-1.055758680942105,5.374916337627051e-19,1.010412165406244,-0.02349289758346911,-3.6029923726157565e-19,-0.002563124110239896,0.9999986205409052,4.588101627543127e-19,0.0016609985811284463,1.0413568487669308e-20
4.808,-1.055805596916845,5.367531787033296e-19,1.0104070441051642,-0.023423112522622982,-3.7811660339529253e-19,-0.0025581768522069943,0.9999986295063756,4.528180244728857e-19,0.0016555921509560114,1.2397462584320144e-20
4.8100000000000005,-1.0558523735476242,5.35979327422226e-19,1.0104019326896885,-0.023353553611789948,-3.956956452513458e-19,-0.0025532385067577237,0.9999986384398755,4.468543245911382e-19,0.001650187381816494,1.4376625499143267e-20
4.812,-1.0558990112866298,5.351705554045289e-19,1.0103968311420066,-0.0232842207372156,-4.1303752529484253e-19,-0.0025483090585511933,0.9999986473411723,4.409183590839478e-19,0.0016447844313071355,1.6008407819035312e-20
4.814,-1.0559455105858155,5.343273358163174e-19,1.0103917394443398,-0.023215113779008333,-4.301434002172116e-19,-0.0025433884923061487,0.9999986562100394,4.350111229499377e-19,0.001639383455759699,1.7979361332065792e-20
4.816,-1.0559918718968893,5.33450139515475e-19,1.010386657578939,-0.023146232611190164,-4.4701442153871325e-19,-0.0025384767928003514,0.9999986650462555,4.2913248749650214e-19,0.0016339846102443993,2.0289088503600724e-20
4.8180000000000005,-1.0560380956713007,5.325394350620741e-19,1.0103815855280862,-0.023077577101747397,-4.636517355786836e-19,-0.002533573944869995,0.9999986738496044,4.232823170868502e-19,0.0016285880485738511,2.2935974396530875e-20
4.82,-1.0560841823602296,5.31595688728753e-19,1.010376523274093,-0.02300914711268112,-4.800564833342766e-19,-0.0025286799334090886,0.9999986826198756,4.17458801498648e-19,0.0016231939233070337,2.4892049452023414e-20
4.822,-1.0561301324145738,5.306193645120017e-19,1.0103714707993021,-0.022940942500057526,-4.96229800009782e-19,-0.0025237947433688515,0.9999986913568637,4.1166292207924296e-19,0.0016178023857532744,2.6843055057165097e-20
4.824,-1.0561759462849372,5.296109241433267e-19,1.0103664280860851,-0.02287296311405809,-5.121728153157479e-19,-0.0025189183597571175,0.9999987000603686,4.0589288163850565e-19,0.0016124135859762476,2.776142671836968e-20
4.8260000000000005,-1.0562216244216185,5.2857082710095535e-19,1.0103613951168442,-0.022805208799029548,-5.278866528132366e-19,-0.0025140507676377466,0.9999987087301954,4.001496518587137e-19,0.0016070276727979923,2.8334122200180614e-20
4.828,-1.0562671672745991,5.274995306217074e-19,1.0103563718740114,-0.022737679393533744,-5.433724304622014e-19,-0.002509191952130038,0.9999987173661543,3.9443476128397085e-19,0.0016016447938029443,2.9590756361907705e-20
4.83,-1.056312575293532,5.263974897113184e-19,1.0103513583400483,-0.02267037473039727,-5.58631261559465e-19,-0.0025043418984081385,0.9999987259680607,3.887491861983975e-19,0.0015962650953419862,3.2214624149777933e-20
4.832,-1.0563578489277299,5.252651571532015e-19,1.010346354497446,-0.02260329463676097,-5.736642549892523e-19,-0.0024995005917004647,0.9999987345357351,3.8309060302147666e-19,0.0015908887225365115,3.4831841043002353e-20
4.8340000000000005,-1.0564029886261541,5.241029835181933e-19,1.0103413603287255,-0.022536438934129245,-5.884725144470928e-19,-0.0024946680172891296,0.9999987430690029,3.7745833671661004e-19,0.001585515819282506,3.709976210191403e-20
4.836,-1.0564479948374037,5.229114171750886e-19,1.0103363758164365,-0.02246980743841922,-6.030571382112002e-19,-0.002489844160509347,0.9999987515676948,3.718528057283861e-19,0.0015801465282546433,3.936268879963385e-20
4.838,-1.0564928680097037,5.216909043013522e-19,1.0103314009431585,-0.022403399960009705,-6.174192193734797e-19,-0.002485029006748893,0.9999987600316461,3.6627442588848366e-19,0.0015747809909103952,4.196288813357043e-20
4.84,-1.0565376085908946,5.204418888933228e-19,1.0103264356915,-0.022337216303790014,-6.315598460442582e-19,-0.002480222541447516,0.999998768460697,3.607230715158926e-19,0.001569419347494158,4.489956091535444e-20
4.8420000000000005,-1.0565822170284211,5.191648127759843e-19,1.0103214800440987,-0.022271256269208593,-6.454801014353979e-19,-0.002475424750096407,0.9999987768546927,3.551991559288955e-19,0.0015640617370413926,4.8514976969719986e-20
4.844,-1.0566266937693214,5.178600080202358e-19,1.010316533983621,-0.02220551965032148,-6.591810638529127e-19,-0.002470635618237601,0.9999987852134834,3.5517815053952105e-19,0.0015587082973827786,4.8343953385214e-20
4.846,-1.0566710392602165,5.165279121405354e-19,1.0103115974927626,-0.022140006235840604,-6.728789881883445e-19,-0.002465855131463455,0.9999987935369237,3.496947571141336e-19,0.0015533591651483815,4.4412160172038584e-20
4.848,-1.0567152539472997,5.151686377846738e-19,1.0103066705542472,-0.022074715809181886,-6.863597092455765e-19,-0.002461083275416087,0.999998801824873,3.4423623518092895e-19,0.0015480144757718359,3.980434175816144e-20
4.8500000000000005,-1.0567593382763254,5.137826183017869e-19,1.010301753150828,-0.02200964814851319,-6.996242839783906e-19,-0.002456320035786827,0.9999988100771955,3.3881096493340973e-19,0.0015426743634945395,4.00038648450139e-20
4.852,-1.0568032926925996,5.123701773365609e-19,1.0102968452652865,-0.02194480302680209,-7.128889520920388e-19,-0.0024515653983156974,0.99999881829376,3.443776485909121e-19,0.0015373389613698625,4.087048654248402e-20
4.854,-1.0568471176409688,5.109310271217473e-19,1.0102919468804323,-0.021880180211863453,-7.262616328894198e-19,-0.00244681934879084,0.9999988264744399,3.334670418803005e-19,0.0015320084012673668,3.9704391268429775e-20
4.856,-1.0568908135658102,5.094657778170546e-19,1.010287057979104,-0.02181577946640686,-7.389882950835878e-19,-0.0024420818730480206,0.9999988346191131,3.335608358222949e-19,0.0015266828138770412,3.8866493994982265e-20
4.8580000000000005,-1.0569343809110212,5.079747142576269e-19,1.0102821785441678,-0.021751600548083852,-7.520401055662571e-19,-0.002437352956970079,0.999998842727662,3.281845823278451e-19,0.001521362328713546,3.8038931036630356e-20
4.86,-1.0569778201200095,5.06458191702574e-19,1.0102773085585188,-0.021687643209534976,-7.644474572724645e-19,-0.002432632586486407,0.9999988507999734,3.228327722351132e-19,0.0015160470741204714,3.6528391956450076e-20
4.862,-1.0570211316356832,5.049166351622358e-19,1.0102724480050795,-0.021623907198436685,-7.771818483689816e-19,-0.0024279207475724467,0.9999988588359388,3.2298679324493156e-19,0.0015107371772746072,3.3642455913932615e-20
4.864,-1.057064315900441,5.033500374830589e-19,1.0102675968668011,-0.02156039225754805,-7.892733221619057e-19,-0.002423217426249131,0.9999988668354535,3.0120038182321344e-19,0.001505432764190223,3.319513675597798e-20
4.866,-1.0571073733561616,5.017601129786403e-19,1.010262755126662,-0.02149709812475728,-8.005093492562006e-19,-0.002418522608582428,0.9999988747984176,2.795187991891182e-19,0.001500133959723361,3.377678118921714e-20
4.868,-1.0571503044441952,5.00148568323062e-19,1.0102579227676691,-0.02143402453312808,-8.108941458464303e-19,-0.0024138362806827903,0.9999988827247355,2.5793949951830563e-19,0.0014948408875761392,3.4014306846430305e-20
4.87,-1.0571931096053535,4.985171017781867e-19,1.0102530997728565,-0.021371171210945828,-8.204319077828812e-19,-0.0024091584287046675,0.9999988906143155,2.3646096135803064e-19,0.0014895536703010658,3.322320816260361e-20
4.872,-1.0572357892798996,4.968674032347473e-19,1.0102482861252862,-0.021308537881763574,-8.291268103958347e-19,-0.0024044890388460107,0.9999988984670704,2.1508372601660652e-19,0.0014842724293053621,3.209124625745076e-20
4.874,-1.057278343907539,4.952011542531464e-19,1.0102434818080477,-0.021246124264447847,-8.369830086542954e-19,-0.002399828097347766,0.9999989062829168,1.938067968411894e-19,0.0014789972848552985,3.027697497673985e-20
4.876,-1.0573207739274106,4.935200281040799e-19,1.010238686804258,-0.0211839300732243,-8.440046373348266e-19,-0.002395175590493401,0.9999989140617759,1.7262918674249593e-19,0.001473728356080539,2.7438945264571146e-20
4.878,-1.0573630797780769,4.918255822175325e-19,1.0102339010970618,-0.021121955017723158,-8.504109941294841e-19,-0.0023905315046083933,0.9999989218035724,1.7348477061109733e-19,0.0014684657609784937,2.628855366955313e-20
4.88,-1.0574052618975152,4.901179679310677e-19,1.0102291246696302,-0.02106019880302451,-8.572805170214036e-19,-0.002385895826059767,0.9999989295082355,1.743232954610578e-19,0.0014632096164186852,2.5141722191017076e-20
4.882,-1.0574473207231083,4.883969067577884e-19,1.0102243575051626,-0.0209986611297034,-8.638577696673184e-19,-0.00238126854125561,0.9999989371756981,1.806269010071939e-19,0.0014579600381471188,2.3647352948146122e-20
4.884,-1.057489256691636,4.866621934781077e-19,1.0102195995868848,-0.020937341693874727,-8.707888874421057e-19,-0.002376649636644604,0.999998944805897,1.5947773003925352e-19,0.0014527171407906659,2.4252498930723908e-20
4.886,-1.0575310702392657,4.849152748810973e-19,1.0102148508980502,-0.020876240187238,-8.759202879790063e-19,-0.002372039098715544,0.9999989523987731,1.3294775612751526e-19,0.0014474810378614542,2.5891272345479258e-20
4.888,-1.057572761801544,4.831581283199128e-19,1.0102101114219386,-0.020815356297121883,-8.813045847420564e-19,-0.0023674369139968683,0.9999989599542709,1.4491714038524823e-19,0.0014422518417612673,2.4386974445592685e-20
4.89,-1.0576143318133875,4.813899248642736e-19,1.0102053811418572,-0.02075468970652856,-8.87048623454761e-19,-0.0023628430690562324,0.9999989674723389,1.6232383788284799e-19,0.001437029663785951,2.184996713768162e-20
4.892,-1.0576557807090745,4.796094796520401e-19,1.0102006600411397,-0.02069424009417794,-8.932588911379777e-19,-0.0023582575505,0.9999989749529292,1.4127241652397504e-19,0.0014318146141298295,2.1087487752170017e-20
4.894,-1.057697108922237,4.778180159780575e-19,1.0101959481031468,-0.020634007134551633,-8.981035167584107e-19,-0.002353680344972822,0.9999989823959978,1.3675846774109683e-19,0.001426606801890127,2.236080297106693e-20
4.896,-1.0577383168858512,4.76016321314048e-19,1.0101912453112658,-0.02057399049793681,-9.035258851796972e-19,-0.0023491114391571825,0.9999989898015043,1.2130177310944397e-19,0.0014214063350713995,2.4331642987492137e-20
4.898,-1.0577794050322302,4.742055392447048e-19,1.0101865516489106,-0.02051418985046982,-9.071554530770745e-19,-0.002344550819772944,0.9999989971694117,9.494022087277595e-20,0.0014162133205899733,2.6313363118348572e-20
4.9,-1.057820373793015,4.723871670139976e-19,1.0101818670995213,-0.020454604854179655,-9.113677402512715e-19,-0.0023399984735769258,0.9999990044996868,1.2350248866598754e-19,0.0014110278642783885,2.752817865121124e-20
4.902,-1.0578612235991662,4.70559683170281e-19,1.010177191646565,-0.020395235167031223,-9.161585042378648e-19,-0.002335454387362454,0.9999990117923,1.29981689726234e-19,0.0014058500708898506,2.5687222455266904e-20
4.904,-1.0579019548809572,4.68722364757165e-19,1.0101725252735347,-0.02033608044296844,-9.212021083809563e-19,-0.0023309185479589195,0.999999019047225,1.364301499731811e-19,0.0014006800441026903,2.3850651046832375e-20
4.906,-1.0579425680679646,4.668747073507675e-19,1.01016786796395,-0.020277140331957134,-9.26497297181199e-19,-0.0023263909422313765,0.9999990262644392,1.4284753405888524e-19,0.0013955178865248277,2.1676198866230003e-20
4.908,-1.0579830635890612,4.650162090323893e-19,1.0101632197013568,-0.020218414480027775,-9.320428209278097e-19,-0.0023218715570800883,0.9999990334439233,1.492339864889213e-19,0.001390363699698242,1.9164666627189227e-20
4.91,-1.058023441872408,4.631463703770788e-19,1.010158580469327,-0.020159902529318003,-9.378374356027782e-19,-0.002317360379440129,0.9999990405856611,1.555901287283147e-19,0.0013852175841034499,1.6659108125140528e-20
4.912,-1.0580637033454463,4.612646944420883e-19,1.0101539502514583,-0.020101604118114992,-9.438799030391786e-19,-0.0023128573962809523,0.9999990476896404,1.6191657923850144e-19,0.0013800796391639871,1.4502170113106088e-20
4.914,-1.0581038484348904,4.593706867548362e-19,1.010149329031375,-0.02004351888089761,-9.501689913939474e-19,-0.002308362594605996,0.9999990547558516,1.6821396169411018e-19,0.0013749499632508973,1.303568713753602e-20
4.916,-1.0581438775667193,4.574638553000484e-19,1.0101447167927269,-0.01998564644837842,-9.56703474945069e-19,-0.002303875961452265,0.9999990617842887,1.7448099690680012e-19,0.0013698286536872237,1.1230851317386099e-20
4.918,-1.0581837911661705,4.555437105082703e-19,1.01014011351919,-0.019927986447545457,-9.634821337282353e-19,-0.002299397483889922,0.9999990687749488,1.8071923769129385e-19,0.001364715806752509,1.011522945925955e-20
4.92,-1.0582235896577308,4.536097652437717e-19,1.0101355191944663,-0.01987053850170386,-9.705037540015184e-19,-0.0022949271490218994,0.9999990757278323,1.8692789106840914e-19,0.0013596115176872977,9.00186547511217e-21
4.922,-1.0582632734651307,4.516615347924187e-19,1.0101309338022828,-0.019813302230517298,-9.777671279055887e-19,-0.0022904649439834637,0.9999990826429426,1.9310802912083072e-19,0.0013545158806976439,8.576076062581574e-21
4.924,-1.0583028430113361,4.496985368495091e-19,1.010126357326393,-0.01975627725004921,-9.852710538861449e-19,-0.002286010855941916,0.9999990895202874,1.9926072682836933e-19,0.0013494289889596255,9.521959577371926e-21
4.926,-1.0583422987185418,4.477202915067949e-19,1.0101217897505754,-0.019699463172803865,-9.930143371516434e-19,-0.0022815648720961343,0.9999990963598739,2.0538566213333332e-19,0.0013443509346238534,1.1492791121881544e-20
4.928,-1.0583816410081635,4.457263212391125e-19,1.0101172310586346,-0.019642859607767245,-1.0009957892784338e-18,-0.002277126979676193,0.999999103161716,2.1148204964953324e-19,0.001339281808820002,1.3801631024517714e-20
4.93,-1.0584208703008318,4.437162584825454e-19,1.0101126812344006,-0.01958646616044771,-1.008999046682073e-18,-0.0022726971659429865,0.9999991099258292,2.0109815071692886e-19,0.001334221701661326,1.3385349906478682e-20
4.932,-1.0584599870163849,4.416907057955285e-19,1.0101081402617285,-0.019530282432916525,-1.0165936320566293e-18,-0.002268275418187877,0.9999991166522318,2.072098221205708e-19,0.001329170702249191,1.1920093823682067e-20
4.934,-1.0584989915738616,4.396491869149036e-19,1.010103608124499,-0.01947430802384816,-1.0249650506187461e-18,-0.0022638617237322944,0.9999991233409454,2.1877737031096515e-19,0.0013241288986776036,1.2163535726225135e-20
4.936,-1.0585378843914948,4.375910841307322e-19,1.0100990848066183,-0.019418542528560418,-1.0330337231040627e-18,-0.002259456069927393,0.999999129991994,2.028758251177296e-19,0.001319096378037745,1.141475115952048e-20
4.938,-1.0585766658867044,4.3551746869392155e-19,1.0100945702920177,-0.01936298553905439,-1.0404781963651909e-18,-0.0022550584441536716,0.9999991366054048,1.8705146824314127e-19,0.0013140732264225095,1.203833577308506e-20
4.94,-1.0586153364760913,4.3342958592349895e-19,1.0100900645646536,-0.019307636644054202,-1.0473015476087855e-18,-0.0022506688338206214,0.9999991431812075,1.7130214314707714e-19,0.001309059528931043,1.2661204729375721e-20
4.942,-1.0586538965754306,4.3132867499835523e-19,1.0100855676085079,-0.01925249542904659,-1.0535068396290945e-18,-0.0022462872263663684,0.9999991497194346,1.5562838566939476e-19,0.0013040553696732863,1.3967058006998794e-20
4.944,-1.0586923465996652,4.292159689862169e-19,1.0100810794075872,-0.019197561476320287,-1.0590971208518642e-18,-0.002241913609257332,0.9999991562201214,1.400280543595306e-19,0.0012990608317745196,1.4585257074730254e-20
4.946,-1.0587306869628992,4.2709269487257315e-19,1.0100765999459234,-0.01914283436500521,-1.0640754250547134e-18,-0.0022375479699878542,0.9999991626833057,1.2450124198115548e-19,0.0012940759973799085,1.4858469062505816e-20
4.948,-1.058768918078392,4.2496007359010907e-19,1.0100721292075732,-0.019088313671111492,-1.0684447712531744e-18,-0.00223319029607988,0.999999169109028,1.0904759603407956e-19,0.0012891009476590541,1.478791829619929e-20
4.95,-1.0588070403585519,4.228193200480633e-19,1.0100676671766184,-0.019033998967568286,-1.0722081638894814e-18,-0.0022288405750826154,0.9999991754973312,9.366721084849054e-20,0.0012841357628105433,1.4717487331110232e-20
4.952,-1.05884505421493,4.2067164316118165e-19,1.0100632138371657,-0.018979889824262415,-1.07536859306992e-18,-0.002224498794572177,0.9999991818482611,7.835929909348457e-20,0.0012791805220665007,1.4304515182569725e-20
4.954,-1.0588829600582141,4.185182458782979e-19,1.0100587691733465,-0.018925985808076824,-1.07792903463313e-18,-0.002220164942151266,0.9999991881618656,6.312570844357511e-20,0.0012742353036971424,1.5262307736711805e-20
4.956,-1.058920758298223,4.1636032521009775e-19,1.0100543331693168,-0.018872286482928845,-1.0798924509433098e-18,-0.002215839005448857,0.9999991944381954,4.7964349634431084e-20,0.0012693001850153298,1.621859607145098e-20
4.958,-1.0589584493439002,4.1419907225643167e-19,1.0100499058092576,-0.018818791409808275,-1.0812617904813462e-18,-0.002211520972119845,0.9999992006773035,3.2874009269730944e-20,0.001264375242381127,1.648724964091157e-20
4.96,-1.0589960336033084,4.1203567223437573e-19,1.0100454870773745,-0.01876550014681527,-1.0820399873858923e-18,-0.002207210829844737,0.9999992068792452,1.785607771088843e-20,0.0012594605512063566,1.7440137314085648e-20
4.962,-1.0590335114836236,4.098713045065395e-19,1.0100410769578978,-0.018712412249198045,-1.0822299622378782e-18,-0.002202908566329359,0.9999992130440782,2.910223135118117e-21,0.0012545561859591567,1.9076449838542535e-20
4.964,-1.0590708833911293,4.07707142607688e-19,1.010036675435082,-0.01865952726939041,-1.0818346221347067e-18,-0.0021986141693045003,0.9999992191718627,-1.1965617583282763e-20,0.001249662220168539,2.0023516907330794e-20
4.966,-1.0591081497312114,4.0554435427259135e-19,1.0100322824932064,-0.018606844757049087,-1.0808568598968233e-18,-0.002194327626525635,0.9999992252626608,-2.6772644279188603e-20,0.0012447787264289458,1.9596838145014548e-20
4.968,-1.0591453109083522,4.0338410146510667e-19,1.010027898116575,-0.018554364259090864,-1.079299553562937e-18,-0.0021900489257726105,0.9999992313165372,-4.15111946043671e-20,0.00123990577640481,1.780048247673561e-20
4.97,-1.0591823673261251,4.012275404076609e-19,1.0100235222895155,-0.018502085319729557,-1.0771655666348118e-18,-0.002185778054849344,0.9999992373335586,-5.617989770983902e-20,0.0012350434408351107,1.6008341588295605e-20
4.972,-1.0592193193871893,3.990758216095143e-19,1.0100191549963808,-0.018450007480512776,-1.074457748908288e-18,-0.0021815150015835286,0.999999243313794,-7.077908080520719e-20,0.001230191789537933,1.4220811984490958e-20
4.974,-1.0592561674932846,3.9693008989381676e-19,1.0100147962215478,-0.01839813028035853,-1.0711789366538582e-18,-0.0021772597538263334,0.9999992492573144,-8.530907553091936e-20,0.0012253508914150228,1.2437476996819215e-20
4.976,-1.0592929120452257,3.947914844246975e-19,1.0100104459494172,-0.018346453255591606,-1.0673319526535107e-18,-0.0021730122994521044,0.9999992551641931,-9.976978992018653e-20,0.0012205208144563467,1.1000988223770073e-20
4.978,-1.0593295534428977,3.926611387339026e-19,1.0100061041644146,-0.0182949759399798,-1.0629196066590837e-18,-0.0021687726263581067,0.9999992610345053,-1.1416028889954893e-19,0.0012157016257446451,1.0938101266310367e-20
4.98,-1.0593660920852506,3.9054018074615146e-19,1.0100017708509894,-0.018243697864769946,-1.0579446959541388e-18,-0.0021645407224642086,0.9999992668683283,-1.284817285502843e-19,0.001210893391459988,1.1561050419189277e-20
4.982,-1.0594025283702941,3.8842973280424485e-19,1.0099974459936154,-0.018192618558723755,-1.05241000507495e-18,-0.002160316575712634,0.9999992726657413,-1.4273484971587842e-19,0.0012060961768843286,1.2525143058580224e-20
4.984,-1.0594388626950937,3.863309116949226e-19,1.0099931295767903,-0.018141737548153472,-1.046318305534308e-18,-0.002156100174067658,0.9999992784268257,-1.5692080304983598e-19,0.001201310046406056,1.3144654660276032e-20
4.986,-1.0594750954557643,3.842448286751773e-19,1.009988821585036,-0.018091054356957348,-1.039672355512164e-18,-0.0021518915055153444,0.9999992841516645,-1.7103991012067824e-19,0.001196535063524546,1.3419996238175322e-20
4.988,-1.059511227047467,3.821725894990922e-19,1.0099845220028978,-0.01804056850665493,-1.032474899716507e-18,-0.002147690558063286,0.9999992898403428,-1.8509290373538424e-19,0.0011917712908547104,1.3009322765435925e-20
4.99,-1.0595472578644027,3.801152944448421e-19,1.0099802308149461,-0.017990279516422153,-1.0247286694541566e-18,-0.0021434973197403335,0.9999992954929475,-1.9907928089064316e-19,0.001187018790131545,1.2599583051571263e-20
4.992,-1.059583188299809,3.7807403834088117e-19,1.0099759480057744,-0.01794018690312627,-1.0164363831384205e-18,-0.002139311778596335,0.9999993011095676,-2.1299894834207903e-19,0.0011822776222146746,1.2532624159938866e-20
4.994,-1.0596190187459549,3.7604991059172683e-19,1.0099716735600002,-0.01789029018136056,-1.0076007463871143e-18,-0.0021351339227018685,0.9999993066902934,-2.26851815773842e-19,0.0011775478470928962,1.315070120141187e-20
4.996,-1.059654749594136,3.740439952029661e-19,1.0099674074622649,-0.017840588863478897,-9.982244525113828e-19,-0.002130963740148,0.9999993122352172,-2.406385935495663e-19,0.001172829523888721,1.4110747859186434e-20
4.998,-1.0596903812346707,3.720573708060293e-19,1.0099631496972337,-0.01779108245963008,-9.883101822707344e-19,-0.0021268012190460333,0.9999993177444333,-2.5435959871767586e-19,0.0011681227108629128,1.5410735505253493e-20
5.0,-1.0597259140568953,3.700911106835005e-19,1.0099589002495954,-0.017741770477792032,-9.77860603772054e-19,-0.002122646347527242,0.9999993232180372,-2.6801594387655665e-19,0.001163427465419024,1.6364942394189876e-20
5.002,-1.0597613484491601,3.6814628279457413e-19,1.0099546591040631,-0.01769265242380578,-9.6687837238111e-19,-0.002118499113742655,0.9999993286561264,-2.8160713651798416e-19,0.0011587438441079284,1.7659104728766902e-20
5.0040000000000004,-1.0597966847988252,3.6622394980002496e-19,1.009950426245373,-0.01764372780140925,-9.553661311401348e-19,-0.002114359505862795,0.9999993340587999,-2.951334809515928e-19,0.0011540719026323528,1.929282310133428e-20
5.006,-1.0598319234922553,3.6432516908691266e-19,1.0099462016582847,-0.017594996112270903,-9.433265106788168e-19,-0.002110227512077445,0.9999993394261585,-3.0859607671855446e-19,0.0011494116958514038,2.057956441965507e-20
5.008,-1.0598670649148172,3.624509927937985e-19,1.0099419853275824,-0.017546456856023164,-9.307621288023996e-19,-0.0021061031205954085,0.9999993447583042,-3.21995232959698e-19,0.0011447632777850916,2.1520557562350026e-20
5.01,-1.0599021094508745,3.606024678362238e-19,1.0099377772380729,-0.017498109530295666,-9.176755908605568e-19,-0.0021019863196443025,0.9999993500553408,-3.353308532631322e-19,0.0011401267016188515,2.2458877444795886e-20
5.0120000000000005,-1.0599370574837843,3.5878063593156487e-19,1.009933577374587,-0.017449953630748326,-9.040694895222375e-19,-0.002097877097470311,0.9999993553173736,-3.4860441996796e-19,0.001135502019708061,2.23669531986378e-20
5.014,-1.0599719093958933,3.5698653362474364e-19,1.0099293857219789,-0.017401988651104223,-8.899464046350408e-19,-0.0020937754423379557,0.9999993605445094,-3.6181506324305915e-19,0.0011308892835825523,2.2274804663000427e-20
5.016,-1.060006665568533,3.5522119231339785e-19,1.0099252022651262,-0.0173542140831823,-8.753089037795348e-19,-0.002089681342529887,0.9999993657368564,-3.749626891503981e-19,0.0011262885439511238,2.2525093844630524e-20
5.018,-1.0600413263820174,3.534856382719736e-19,1.0099210269889298,-0.017306629416929883,-8.601595424623744e-19,-0.002085594786346661,0.9999993708945243,-3.8804875601815178e-19,0.0011216998507060448,2.2089431797740635e-20
5.0200000000000005,-1.0600758922156384,3.517808926764701e-19,1.0099168598783144,-0.017259234140455,-8.445008635411641e-19,-0.0020815157621065163,0.9999993760176239,-4.010739497156464e-19,0.0011171232529275576,2.0626783541498885e-20
5.022,-1.0601103634476619,3.501079716299781e-19,1.0099127009182276,-0.01721202774005855,-8.283353971077841e-19,-0.002077444258145193,0.9999993811062677,-4.140385641874738e-19,0.0011125587988883752,1.8139989793467134e-20
5.024,-1.0601447404553248,3.4846767101098702e-19,1.0099085500936404,-0.017165009700266257,-8.120960149227348e-19,-0.002073380262815684,0.9999993861605693,-3.940443584986344e-19,0.0011080065360581732,1.733576383833477e-20
5.026,-1.0601790236148316,3.468588461867921e-19,1.0099044073895476,-0.01711817950386045,-7.966438052708716e-19,-0.0020693237644880693,0.9999993911806437,-4.0155441482688847e-19,0.00110346651110808,1.9647008538368895e-20
5.0280000000000005,-1.0602132133013504,3.45281936196818e-19,1.0099002727909663,-0.01707153663191168,-7.801455511303721e-19,-0.00206527475154928,0.9999993961666073,-4.1451217661029006e-19,0.001098938769915159,2.1273481856505198e-20
5.03,-1.06024730988901,3.437376289544962e-19,1.0098961462829374,-0.01702508056381013,-7.642207736147466e-19,-0.0020612332124029277,0.9999994011185774,-3.94516036688566e-19,0.0010944233575668895,2.011821938819484e-20
5.032,-1.0602813137508957,3.4222485136873124e-19,1.0098920278505252,-0.016978810777296842,-7.485435485201808e-19,-0.002057199135469085,0.999999406036673,-3.965480400439423e-19,0.001089920318365639,1.6248457855187728e-20
5.034,-1.0603152252590475,3.4074328937211477e-19,1.0098879174788167,-0.016932726748494793,-7.332204237494857e-19,-0.0020531725091841122,0.9999994109210139,-3.656719838681733e-19,0.0010854296958331337,1.5092893394042743e-20
5.0360000000000005,-1.0603490447844555,3.3929094441955433e-19,1.0098838151529221,-0.01688682795193975,-7.193255468787047e-19,-0.002049153322000458,0.9999994157717209,-3.5687001478282746e-19,0.0010809515327149211,1.636176699772807e-20
5.038,-1.0603827726970572,3.378667246775535e-19,1.0098797208579748,-0.016841113860610976,-7.050232149433454e-19,-0.0020451415623864762,0.9999994205889166,-3.481090166309202e-19,0.0010764858709848297,1.8311352747294e-20
5.04,-1.060416409365735,3.364699728270742e-19,1.009875634579131,-0.016795583945961732,-6.9182152111899295e-19,-0.002041137218826238,0.999999425372724,-3.393902683259994e-19,0.0010720327518494207,1.9571422566693167e-20
5.042,-1.0604499551583124,3.3509996321948206e-19,1.0098715563015703,-0.016750237677949618,-6.782089763179673e-19,-0.0020371402798193576,0.9999994301232676,-3.3071394680781767e-19,0.0010675922157524366,1.980054332019971e-20
5.0440000000000005,-1.0604834104415515,3.3375622454208996e-19,1.0098674860104948,-0.016705074525066706,-6.655862695600917e-19,-0.0020331507338808056,0.9999994348406729,-3.2754907325767e-19,0.0010631643023792418,1.9349659059548334e-20
5.046,-1.06051677558115,3.3243828780691656e-19,1.0098634236911301,-0.01666009395436953,-6.524427985560656e-19,-0.002029168569540747,0.9999994395250663,-3.134355092565281e-19,0.0010587490506612594,1.7517548128492884e-20
5.048,-1.0605500509417378,3.3114543468654653e-19,1.0098593693287243,-0.016615295431508855,-6.402870406253723e-19,-0.0020251937753443666,0.9999994441765753,-3.322836295845829e-19,0.0010543464987803999,1.641077750379508e-20
5.05,-1.0605832368868755,3.298787800068242e-19,1.0098553229085487,-0.01657067842075931,-6.264240857782755e-19,-0.002021226339851692,0.9999994487953282,-3.2913590103679493e-19,0.001049956684173486,1.7339455123075393e-20
5.0520000000000005,-1.0606163337790502,3.2863817973241005e-19,1.0098512844158973,-0.0165262423850488,-6.141965901750989e-19,-0.002017266251637429,0.9999994533814546,-3.2601571890940496e-19,0.0010455796435366695,1.8608613357279503e-20
5.054,-1.0606493419796739,3.274234555417443e-19,1.0098472538360868,-0.016481986785987755,-6.005836830412469e-19,-0.0020133134992908024,0.9999994579350846,-3.284069669186782e-19,0.001041215412829842,1.885334472242477e-20
5.056,-1.0606822618490805,3.262346463499248e-19,1.009843231154457,-0.016437911083898225,-5.881739925482962e-19,-0.0020093680714153945,0.9999994624563494,-3.3628209695842516e-19,0.00103686402728104,1.9445060347576805e-20
5.058,-1.0607150937465233,3.250724724702685e-19,1.00983921635637,-0.01639401473784275,-5.73841027295861e-19,-0.002005429956628997,0.9999994669453811,-3.4960282075359837e-19,0.0010325255213908433,1.9699188846288024e-20
5.0600000000000005,-1.0607478380301723,3.239377946780831e-19,1.0098352094272116,-0.016350297205653088,-5.609293564190928e-19,-0.0020014991435634397,0.9999994714023127,-3.2448481671347263e-19,0.0010281999289367652,1.7514020272480568e-20
5.062,-1.060780495057112,3.228292464850738e-19,1.0098312103523892,-0.016306757943958753,-5.474955583114426e-19,-0.0019975756208644464,0.9999994758272779,-3.433321526614215e-19,0.0010238872829776372,1.6749008647577638e-20
5.064,-1.0608130651833394,3.217477627346284e-19,1.0098272191173336,-0.016263396408215364,-5.33973086089728e-19,-0.0019936593771914817,0.9999994802204111,-3.456416919679017e-19,0.0010195876158579876,1.6654245544634945e-20
5.066,-1.0608455487637607,3.206935198114649e-19,1.009823235707498,-0.016220212052732837,-5.202548026297957e-19,-0.0019897504012176127,0.9999994845818476,-3.42457711713183e-19,0.0010153009592124107,1.6554516662471688e-20
5.0680000000000005,-1.0608779461521898,3.1966640585615566e-19,1.0098192601083587,-0.016177204330703392,-5.067723794184357e-19,-0.001985848681629361,0.9999994889117236,-3.5023958777230654e-19,0.0010110273439699299,1.783679559125749e-20
5.07,-1.0609102577013458,3.1866691841933763e-19,1.0098152923054136,-0.016134372694229373,-4.928796484337175e-19,-0.0019819542071265505,0.9999994932101759,-3.3056109878216487e-19,0.0010067668003583545,1.6689658251267037e-20
5.072,-1.0609424837628512,3.1769354415944667e-19,1.0098113322841842,-0.016091716594350908,-4.806226445388288e-19,-0.0019780669664221906,0.9999994974773417,-3.109885627011642e-19,0.001002519357908628,1.5887148133968016e-20
5.074,-1.0609746246872294,3.1674474152226764e-19,1.009807380030214,-0.016049235481073378,-4.683789738110591e-19,-0.0019741869482423264,0.9999995017133594,-2.860501652888724e-19,0.0009982850454591677,1.7136676896503202e-20
5.0760000000000005,-1.0610066808239025,3.158186198978226e-19,1.0098034355290695,-0.016006928803394726,-4.577615458669523e-19,-0.001970314141325905,0.9999995059183676,-2.8316132917885677e-19,0.0009940638911602006,1.7378023106880356e-20
5.078,-1.0610386525211901,3.1491494710910336e-19,1.0097994987663392,-0.015964796009332573,-4.459660811079385e-19,-0.0019664485344246464,0.9999995100925059,-2.80259514885884e-19,0.0009898559224780867,1.8304912056648103e-20
5.08,-1.0610705401263067,3.140333119002828e-19,1.0097955697276344,-0.015922836545951172,-4.356879285356776e-19,-0.001962590116302911,0.9999995142359143,-2.6641927693110273e-19,0.000985661166199638,1.9218768751110084e-20
5.082,-1.0611023439853602,3.1317308992025974e-19,1.0097916483985885,-0.015881049859388187,-4.2455250831127524e-19,-0.0019587388757375795,0.9999995183487334,-2.6907939243495035e-19,0.0009814796484364275,2.014668981782021e-20
5.0840000000000005,-1.0611340644433493,3.1233405514088817e-19,1.0097877347648578,-0.015839435394881286,-4.1450064042530547e-19,-0.001954894801517927,0.9999995224311045,-2.717535454314324e-19,0.0009773113946290927,2.0387107246910604e-20
5.086,-1.0611657018441627,3.1151634133890967e-19,1.0097838288121208,-0.015797992596794572,-4.0315988888022337e-19,-0.0019510578824455062,0.9999995264831693,-2.7441603721639503e-19,0.0009731564295516263,1.959896389626581e-20
5.088,-1.061197256530577,3.1072026065398676e-19,1.0097799305260784,-0.01575672090864484,-3.9301114068509347e-19,-0.001947228107334017,0.99999953050507,-2.660867479021434e-19,0.0009690147773156637,1.9829169734391435e-20
5.09,-1.0612287288442548,3.0994526300711483e-19,1.0097760398924538,-0.015715619773127642,-3.820048676182353e-19,-0.0019434054650092096,0.9999995344969494,-2.742463534866584e-19,0.0009648864613747599,1.836188599749471e-20
5.0920000000000005,-1.0612601191257436,3.0919180469816667e-19,1.0097721568969926,-0.015674688632143215,-3.7132860600702127e-19,-0.0019395899443087454,0.999999538458951,-2.878485412159301e-19,0.000960771504528657,1.8273995771985834e-20
5.094,-1.0612914277144736,3.0846105647643746e-19,1.0097682815254627,-0.015633926926822198,-3.592593397566317e-19,-0.0019357815340821094,0.9999995423912182,-3.013869063034933e-19,0.0009566699289275449,1.7501365439230127e-20
5.096,-1.0613226549487567,3.0775400459132717e-19,1.0097644137636543,-0.015593334097551198,-3.4795553581652015e-19,-0.0019319802231904765,0.9999995462938955,-2.764680702769729e-19,0.000952581756076312,1.8749368640183687e-20
5.098,-1.0613538011657848,3.070689765663201e-19,1.00976055359738,-0.015552909583998189,-3.3709134262788013e-19,-0.0019281860005066302,0.9999995501671273,-2.7358270925827964e-19,0.0009485070068387885,2.207131450556744e-20
5.1000000000000005,-1.0613848667016283,3.064055618088444e-19,1.0097567010124742,-0.015512652825137719,-3.263421792724812e-19,-0.0019243988549148508,0.9999995540110586,-2.707109923754194e-19,0.000944445701441979,2.5385391547263706e-20
5.102,-1.0614158518912353,3.0576353081555053e-19,1.0097528559947941,-0.015472563259275963,-3.1570748986262746e-19,-0.0019206187753107987,0.9999995578258346,-2.6785220548488866e-19,0.0009403978594802881,2.937653478553492e-20
5.104,-1.0614467570684294,3.051426551920044e-19,1.0097490185302187,-0.0154326403240756,-3.051867214046455e-19,-0.0019168457506014275,0.9999995616116013,-2.6500660781950545e-19,0.000936363499919736,3.370088410375703e-20
5.106,-1.061477582565909,3.045426000599152e-19,1.0097451886046493,-0.015392883456580521,-2.9477932349435126e-19,-0.001913079769704887,0.9999995653685048,-2.676618600894581e-19,0.0009323426411021645,3.2880202886164015e-20
5.1080000000000005,-1.0615083287152465,3.0396364096141185e-19,1.0097413662040093,-0.015353292093240361,-2.84270251612165e-19,-0.0019093208215504105,0.9999995690966913,-2.5383305583546386e-19,0.0009283353007494348,2.964706584026407e-20
5.11,-1.0615389958468857,3.0340493970515643e-19,1.0097375513142444,-0.015313865669934871,-2.744134651090229e-19,-0.0019055688950782481,0.9999995727963076,-2.6199792647394705e-19,0.0009243414959676154,2.884142184459827e-20
5.112,-1.0615695842901423,3.0286684545251865e-19,1.009733743921322,-0.015274603621998112,-2.635917764905153e-19,-0.0019018239792395514,0.9999995764675007,-2.646408823529928e-19,0.0009203612432511606,2.871792335253538e-20
5.114,-1.061600094373202,3.023498484828259e-19,1.0097299440112322,-0.01523550538424249,-2.5342393602243733e-19,-0.0018980860629963002,0.9999995801104179,-2.6177510081891444e-19,0.0009163945584870797,2.927416314867034e-20
5.1160000000000005,-1.0616305264231196,3.018536123457798e-19,1.0097261515699865,-0.015196570390982612,-2.4283085504244745e-19,-0.0018943551353212142,0.9999995837252066,-2.589238422239556e-19,0.0009124414569590962,2.8800293490670365e-20
5.118,-1.0616608807658179,3.0137780144725916e-19,1.009722366583619,-0.015157798076058982,-2.328910221464196e-19,-0.0018906311851976554,0.9999995873120145,-2.615693182897769e-19,0.0009085019533517986,2.7646826010572026e-20
5.12,-1.061691157726087,3.0092265492707423e-19,1.0097185890381857,-0.015119187872861529,-2.222024208715632e-19,-0.0018869142016195522,0.9999995908709899,-2.642019522322005e-19,0.0009045760617547795,2.683955939064229e-20
5.122,-1.0617213576275837,3.004884827336389e-19,1.0097148189197642,-0.015080739214352958,-2.1195272429730241e-19,-0.0018832041735913159,0.9999995944022807,-2.66807870586192e-19,0.000900663795666766,2.740402066370842e-20
5.124,-1.0617514807928297,3.000751986092889e-19,1.0097110562144547,-0.015042451533091953,-2.014935738030189e-19,-0.0018795010901277642,0.9999995979060352,-2.4749709828079637e-19,0.0008967651679997409,2.7947408774972865e-20
5.126,-1.0617815275432119,2.9968131895445714e-19,1.0097073009083788,-0.015004324261256193,-1.9244015434739396e-19,-0.0018758049402540634,0.9999996013824021,-2.2826456365987863e-19,0.0008928801910830518,2.8831792323594097e-20
5.128,-1.061811498198981,2.993057965785535e-19,1.0097035529876803,-0.014966356830665222,-1.8295638739340327e-19,-0.0018721157130056102,0.9999996048315298,-2.4202083003667167e-19,0.0008890088766675129,2.734486194472433e-20
5.13,-1.0618413930792512,2.989493119242568e-19,1.009699812438525,-0.014928548672803138,-1.7358217008120007e-19,-0.0018684333974279903,0.9999996082535674,-2.3378280062860964e-19,0.0008851512359294939,2.4470472423169822e-20
5.132,-1.0618712125019991,2.986112509198493e-19,1.0096960792471006,-0.01489089921884112,-1.6453248171046432e-19,-0.0018647579825769123,0.9999996116486636,-2.2558294003589206e-19,0.0008813072794750006,2.2630490275510495e-20
5.134,-1.0619009567840634,2.9829096610466653e-19,1.0096923533996165,-0.0148534078996598,-1.5580572632849275e-19,-0.0018610894575181028,0.9999996150169673,-2.174222719133269e-19,0.0008774770173437439,2.04530366180965e-20
5.136,-1.0619306262411443,2.979878132022973e-19,1.009688634882304,-0.014816074145871466,-1.4740031549114564e-19,-0.0018574278113272853,0.9999996183586277,-2.0930061569983055e-19,0.0008736604590131997,1.7938099025472196e-20
5.138,-1.0619602211878032,2.977011511059461e-19,1.0096849236814163,-0.014778897387842093,-1.3931466820106061e-19,-0.0018537730330900758,0.9999996216737941,-2.0121718379799556e-19,0.0008698576134026573,1.5770987688726647e-20
5.14,-1.0619897419374618,2.974303418630695e-19,1.0096812197832283,-0.014741877055713221,-1.3154721096780478e-19,-0.001850125111901937,0.9999996249626154,-1.9317329122185452e-19,0.0008660684888772569,1.2238789876999865e-20
5.142,-1.0620191888024018,2.9717496583408124e-19,1.009677523174037,-0.014705012579423672,-1.2366603171606434e-19,-0.0018464840368681249,0.9999996282252409,-2.125792836673995e-19,0.0008622930932520191,1.0108960847109602e-20
5.144,-1.0620485620937645,2.969361835014268e-19,1.0096738338401605,-0.014668303388731091,-1.1524101315941373e-19,-0.0018428497971036027,0.99999963146182,-1.9351404132985646e-19,0.0008585314337958597,9.321691674602911e-21
5.146,-1.062077862121551,2.967127113327487e-19,1.0096701517679396,-0.014631748913233343,-1.0842708566982183e-19,-0.0018392223817330039,0.9999996346725019,-1.6356103043369035e-19,0.000854783517235597,8.526089159188599e-21
5.148,-1.0621070891946212,2.9650248251848263e-19,1.0096664769437362,-0.014595348582389733,-1.0170974795809039e-19,-0.0018356017798905704,0.9999996378574358,-1.7762396601785543e-19,0.0008510493497599467,7.428085832628299e-21
5.15,-1.0621362436206936,2.9630623804466555e-19,1.0096628093539344,-0.014559101825542077,-9.444318123242997e-20,-0.0018319879807200898,0.9999996410167712,-1.9161965755881542e-19,0.0008473289370235071,7.017978553598404e-21
5.152,-1.0621653257063455,2.961250736472799e-19,1.0096591489849394,-0.014523008071935605,-8.663010551301856e-20,-0.001828380973374852,0.9999996441506569,-2.0554871149573169e-19,0.0008436222841507315,6.951475630267912e-21
5.154,-1.0621943357570127,2.959600796349215e-19,1.0096554958231783,-0.01448706675073971,-7.827322818384619e-20,-0.0018247807470175878,0.9999996472592422,-2.19412019929304e-19,0.0008399293957398907,6.542440160305192e-21
5.156,-1.062223274076989,2.958123409143695e-19,1.0096518498551001,-0.014451277291068525,-6.937524357114654e-20,-0.0018211872908204493,0.9999996503426762,-2.3320961118433953e-19,0.0008362502758670256,6.134345558694991e-21
5.158,-1.0622521409694268,2.956829370166158e-19,1.0096482110671754,-0.014415639122001367,-5.993883325342344e-20,-0.0018176005939649067,0.999999653401108,-2.4694093336222913e-19,0.0008325849280898859,6.755173688192529e-21
5.16,-1.0622809367363362,2.9557294212184717e-19,1.0096445794458961,-0.014380151672602986,-4.996666649082864e-20,-0.0018140206456417525,0.9999996564346864,-2.606071516373733e-19,0.0008289333554518601,7.374907980892268e-21
5.162,-1.0623096616785856,2.954834250842356e-19,1.009640954977776,-0.014344814371943692,-3.946140002236065e-20,-0.001810447435051023,0.9999996594435602,-2.7420800693800903e-19,0.0008252955604858924,8.678467699869176e-21
5.164,-1.0623383160959017,2.9541544945677245e-19,1.0096373376493506,-0.014309626649119299,-2.842567829861539e-20,-0.0018068809514019788,0.9999996624278782,-2.8774408623052067e-19,0.0008216715452183895,1.032238301154601e-20
5.166,-1.0623669002868692,2.953700735159803e-19,1.0096337274471765,-0.014274587933270924,-1.6862133290219678e-20,-0.0018033211839130361,0.9999996653877888,-3.012165443896718e-19,0.0008180613111731155,1.1277863378021544e-20
5.168,-1.0623954145489314,2.953483502871307e-19,1.0096301243578323,-0.014239697653604628,-4.773384295033039e-21,-0.0017997681218117607,0.9999996683234407,-3.146248429057927e-19,0.0008144648593750748,1.2573712508235553e-20
5.17,-1.0624238591783899,2.9535132756933525e-19,1.009626528367918,-0.014204955239410892,7.837961807004832e-21,-0.0017962217543347982,0.9999996712349819,-3.2796984317783414e-19,0.0008108821903543847,1.352420724960956e-20
5.172,-1.062452234470405,2.9538004796042645e-19,1.0096229394640552,-0.014170360120083955,2.0969310687425652e-20,-0.0017926820707278564,0.9999996741225606,-3.4125212908983312e-19,0.000807313304150135,1.378709894735958e-20
5.174,-1.0624805407189961,2.9543554888234072e-19,1.009619357632887,-0.01413591172514098,3.461808075235151e-20,-0.0017891490602456525,0.9999996769863247,-3.544725550120685e-19,0.0008037582003142373,1.2678694998698866e-20
5.176,-1.0625087782170415,2.9551864743516345e-19,1.0096157828610774,-0.01410160948424107,4.8351360124032165e-20,-0.0017856227121519053,0.999999679826422,-3.347340037050226e-19,0.0008002168779152612,1.2574435224626993e-20
5.178,-1.0625369472562791,2.956282201558629e-19,1.0096122151353126,-0.01406745282720414,6.130803221900129e-20,-0.0017821030157192674,0.9999996826430001,-3.3701852297584493e-19,0.0007966893355422602,1.3515991191132128e-20
5.18,-1.0625650481273066,2.957644762505098e-19,1.0096086544423002,-0.014033441184029615,7.489121550952585e-20,-0.001778589960229313,0.9999996854362062,-3.3929275376670973e-19,0.0007931755713085846,1.3769174306090203e-20
5.182,-1.0625930811195818,2.959271944450304e-19,1.0096051007687687,-0.013999573984915,8.780592348553234e-20,-0.0017750835349725027,0.9999996882061875,-3.360738938308987e-19,0.0007896755828556828,1.3674741188925867e-20
5.184,-1.0626210465214234,2.961163679685029e-19,1.0096015541014687,-0.013965850660274271,1.0134664427129459e-19,-0.0017715837292481666,0.9999996909530907,-3.3287002267622357e-19,0.0007861893673568913,1.3923197417757932e-20
5.186,-1.062648944620011,2.9633174005261e-19,1.0095980144271715,-0.013932270640756137,1.1411216900360253e-19,-0.0017680905323644554,0.9999996936770625,-3.3516310683526447e-19,0.0007827169215212119,1.5202550923837996e-20
5.188,-1.0626767757013855,2.9657341359843275e-19,1.00959448173267,-0.013898833357262136,1.2750458723164818e-19,-0.001764603933638342,0.9999996963782495,-3.2647987656971443e-19,0.0007792582415970778,1.6812132235254924e-20
5.19,-1.0627045400504505,2.9684055878460974e-19,1.009590956004779,-0.013865538240964582,1.394764930120381e-19,-0.0017611239223955632,0.9999996990567975,-3.0687397628729004e-19,0.0007758133233761061,1.6696873381725993e-20
5.192,-1.0627322379509714,2.9713163185503228e-19,1.009587437230334,-0.013832384723324365,1.5143299445636246e-19,-0.0017576504879706137,0.9999997017128525,-2.8186491385498964e-19,0.0007723821621968403,1.726257506083097e-20
5.194,-1.0627598696855773,2.974448804452654e-19,1.0095839253961918,-0.013799372236108604,1.6176037393033118e-19,-0.0017541836197067374,0.9999997043465598,-2.734245374441177e-19,0.0007689647529484781,1.4756544276023938e-20
5.196,-1.0627874355357614,2.977796369157573e-19,1.009580420489231,-0.013766500211408135,1.729411367464509e-19,-0.0017507233069558711,0.999999706958065,-2.6502446757260375e-19,0.0007655610900745892,1.191421236686701e-20
5.198,-1.0628149357818808,2.98135094162697e-19,1.009576922496351,-0.01373376808165487,1.82497442983097e-19,-0.0017472695390786696,0.9999997095475127,-2.5120659626568563e-19,0.0007621711675768199,1.044509954210346e-20
5.2,-1.0628423707031582,2.985102710105529e-19,1.0095734314044729,-0.013701175279638994,1.9269711307094118e-19,-0.001743822305444437,0.9999997121150477,-2.484316214328611e-19,0.0007587949790185848,1.0015843823790417e-20
5.202,-1.0628697405776824,2.9890498117846176e-19,1.0095699472005386,-0.013668721238526013,2.0213851955345895e-19,-0.0017403815954311545,0.9999997146608143,-2.676139030133321e-19,0.0007554325175287474,8.57627566984621e-21
5.204,-1.0628970456824085,2.9932058226500054e-19,1.0095664698715117,-0.013636405391873668,2.1351588347532788e-19,-0.0017369473984254291,0.9999997171849563,-2.867320365824397e-19,0.0007520837758052872,6.1113073660623435e-21
5.206,-1.0629242862931596,2.9975814007143215e-19,1.0095629994043767,-0.013604227173648684,2.240229232138616e-19,-0.0017335197038225044,0.9999997196876175,-2.6189631786280532e-19,0.0007487487461189554,7.046178748025908e-21
5.208,-1.0629514626846266,3.0021656289768744e-19,1.0095595357861393,-0.013572186018243388,2.3430994989823313e-19,-0.0017300985010262298,0.9999997221689411,-2.5362735754497857e-19,0.0007454274203169164,6.27788526710932e-21
5.21,-1.06297857513037,3.0069476671243854e-19,1.0095560790038267,-0.01354028136049217,2.4384011499606425e-19,-0.0017266837794490525,0.99999972462907,-2.454108631979705e-19,0.0007421197898263788,5.167962190999922e-21
5.212,-1.0630056239028205,3.011921383229706e-19,1.009552629044487,-0.013508512635687807,2.535855858053959e-19,-0.0017232755285120074,0.9999997270681469,-2.481987433701854e-19,0.0007388258456582121,3.725346965204568e-21
5.214,-1.0630326092732796,3.017089280462565e-19,1.009549185895189,-0.013476879279597629,2.632221947098414e-19,-0.0017198737376447001,0.9999997294863138,-2.5095992308242807e-19,0.0007355455784105523,2.9706457774791464e-21
5.216,-1.0630595315119207,3.0224538454892e-19,1.0095457495430238,-0.01344538072847956,2.731804712110789e-19,-0.0017164783962853054,0.9999997318837124,-2.5369501625984847e-19,0.0007322789782723932,2.2181237761490048e-21
5.218,-1.0630863908877908,3.028015034615935e-19,1.0095423199751026,-0.013414016419097997,2.8302796678081793e-19,-0.0017130894938805585,0.9999997342604842,-2.56416903951166e-19,0.0007290260350271663,1.8100406269523927e-21
5.22,-1.0631131876688102,3.0337785297224716e-19,1.009538897178558,-0.013382785788739554,2.934108997338725e-19,-0.0017097070198857415,0.9999997366167701,-2.6459471746159634e-19,0.0007257867380563078,2.434890035797429e-21
5.222,-1.0631399221217752,3.0397474820442786e-19,1.0095354811405437,-0.013351688275228665,3.033583496513194e-19,-0.001706330963764683,0.9999997389527108,-2.4533509703430433e-19,0.0007225610763428118,1.3250494939450592e-21
5.224,-1.0631665945123574,3.045907816435155e-19,1.0095320718482346,-0.013320723316943037,3.1254970404400557e-19,-0.001702961314989738,0.9999997412684463,-2.2616703850479857e-19,0.0007193490384747721,-1.2397789105972489e-22
5.226,-1.0631932051051063,3.052244448286503e-19,1.0095286692888266,-0.01328989035282897,3.2098869025424526e-19,-0.0016995980630418034,0.9999997435641164,-2.0708986131601078e-19,0.0007161506126489103,-1.5695392096030454e-21
5.228,-1.0632197541634496,3.058742367359809e-19,1.0095252734495364,-0.013259188822416527,3.286790180330556e-19,-0.0016962411974103056,0.9999997458398604,-1.8810362832501715e-19,0.0007129657866740908,-3.696559426412595e-21
5.23,-1.0632462419496949,3.0653877132867975e-19,1.009521884317602,-0.013228618165834573,3.359471343392687e-19,-0.0016928907075931896,0.9999997480958173,-1.9113603351302466e-19,0.0007097945479748237,-3.404241899072307e-21
5.232,-1.0632726687250302,3.072182112412163e-19,1.009518501880282,-0.013198177823825662,3.435483822094116e-19,-0.0016895465830969241,0.9999997503321253,-1.9415454372827852e-19,0.0007066368835947545,-3.797946218228915e-21
5.234,-1.0632990347495261,3.0791282626578324e-19,1.0095151261248563,-0.0131678672377608,3.5115801437363994e-19,-0.0016862088134365074,0.9999997525489226,-2.081244000316917e-19,0.0007034927802001395,-4.868703952166867e-21
5.236,-1.0633253402821365,3.0862335094917525e-19,1.009511757038626,-0.013137685849654048,3.592066616667016e-19,-0.0016828773881354551,0.9999997547463466,-1.9462667084352145e-19,0.0007003622240833107,-3.900255746779743e-21
5.238,-1.0633515855806999,3.0934886695859285e-19,1.0095083946089127,-0.013107633102177005,3.662932052877846e-19,-0.001679552296725807,0.9999997569245344,-1.866759870575527e-19,0.0006972452011661254,-3.615970917898442e-21
5.24,-1.0633777709019407,3.100888905732391e-19,1.009505038823059,-0.013077708438673149,3.736070138045515e-19,-0.0016762335287481302,0.9999997590836224,-1.6781274466466305e-19,0.0006941416970034041,-6.081275050140052e-21
5.242,-1.063403896501471,3.1084204600075773e-19,1.0095016896684286,-0.013047911303172026,3.796407727629999e-19,-0.001672921073751515,0.9999997612237468,-1.709692764758094e-19,0.0006910516967863547,-8.525482720015665e-21
5.244,-1.063429962633791,3.1160850579247556e-19,1.0094983471324057,-0.013018241140403328,3.8698300339487067e-19,-0.0016696149212935977,0.9999997633450433,-1.7959248981634425e-19,0.0006879751853459831,-9.590687150587163e-21
5.246,-1.063455969552292,3.123890156203883e-19,1.009495011202396,-0.012988697395810806,3.9369054163927267e-19,-0.0016663150609405341,0.9999997654476469,-1.9365765303522223e-19,0.0006849121471564916,-1.099145904606519e-20
5.248,-1.0634819175092562,3.131846047065584e-19,1.0094916818658255,-0.012959279515566075,4.0191837939424094e-19,-0.0016630214822670275,0.9999997675316924,-1.912067530472341e-19,0.000681862566338664,-1.0001570459420529e-20
5.25,-1.063507806755859,3.1399515005978337e-19,1.0094883591101413,-0.012929986946582253,4.0853938496437304e-19,-0.0016597341748563158,0.9999997695973137,-1.942621036387764e-19,0.0006788264266632366,-7.640445124015444e-21
5.252,-1.0635336375421707,3.1482052969764557e-19,1.0094850429228115,-0.012900819136527499,4.16788345551634e-19,-0.0016564531283001969,0.9999997716446446,-1.86324557484604e-19,0.0006758037115542571,-4.950525822508007e-21
5.2540000000000004,-1.0635594101171573,3.156603692106927e-19,1.0094817332913244,-0.012871775533838387,4.227843370228369e-19,-0.0016531783321990113,0.9999997736738194,-1.674596910923101e-19,0.0006727944040924297,-2.617042735173539e-21
5.256,-1.0635851247286825,3.165130780563835e-19,1.0094784302031898,-0.012842855587733168,4.299811866399263e-19,-0.0016499097761617089,0.9999997756849683,-1.7612522261622782e-19,0.0006697984870184443,-3.3541471249360202e-21
5.258,-1.0636107816235096,3.1737944028881856e-19,1.0094751336459378,-0.012814058748224881,4.36437455086289e-19,-0.0016466474498058011,0.9999997776782247,-1.8474945385686568e-19,0.0006668159427362997,-3.7476700441151454e-21
5.26,-1.0636363810473026,3.1826002250099285e-19,1.0094718436071193,-0.012785384466134348,4.443084833091359e-19,-0.0016433913427573701,0.9999997796537199,-1.9881446088171576e-19,0.0006638467533166051,-2.766785921580988e-21
5.2620000000000005,-1.0636619232446276,3.1915599724685614e-19,1.0094685600743063,-0.012756832193103026,4.516500752427324e-19,-0.0016401414446511032,0.9999997816115851,-1.9634019090508034e-19,0.0006608909004998735,-3.512086922442747e-21
5.264,-1.0636874084589554,3.2006738299805366e-19,1.0094652830350912,-0.012728401381605728,4.596477574781169e-19,-0.0016368977451303016,0.9999997835519507,-1.9386420317508824e-19,0.000657948365699799,-3.5711167646922466e-21
5.266,-1.0637128369326618,3.2099362397632697e-19,1.009462012477087,-0.01270009148496322,4.664696876830593e-19,-0.001633660233846866,0.9999997854749467,-1.7497752460637037e-19,0.0006550191300065226,-2.613636891510823e-21
5.268,-1.063738208907031,3.219335936842613e-19,1.0094587483879278,-0.012671901957354681,4.735204335156916e-19,-0.0016304289004613435,0.9999997873807026,-1.8358118707453373e-19,0.0006521031741898836,-3.0110963334609727e-21
5.2700000000000005,-1.0637635246222559,3.2288771284216253e-19,1.009455490755268,-0.012643832253830036,4.806905936990181e-19,-0.0016272037346429155,0.9999997892693471,-1.92143397417924e-19,0.0006492004787026568,-2.3796440462736016e-21
5.272,-1.0637887843174403,3.2385690172731817e-19,1.0094522395667829,-0.012615881830322157,4.885181723577094e-19,-0.001623984726069423,0.9999997911410086,-2.0066522794537551e-19,0.0006463110236837788,-2.091552060457203e-21
5.274,-1.063813988230601,3.2484157521498514e-19,1.0094489948101681,-0.012588050143658944,4.962466547614233e-19,-0.0016207718644273739,0.9999997929958148,-2.0914732891562348e-19,0.0006434347889615579,-2.8321413568057377e-21
5.276,-1.0638391365986692,3.25842288257973e-19,1.0094457564731403,-0.01256033665157526,5.044139341008361e-19,-0.0016175651394119645,0.9999997948338929,-1.901626522682942e-19,0.0006405717540568719,-2.5606521693283916e-21
5.2780000000000005,-1.0638642296574927,3.268579428769866e-19,1.0094425245434364,-0.012532740812724765,5.111887345432955e-19,-0.001614364540727096,0.9999997966553695,-1.7673844482703196e-19,0.0006377218981863525,-3.656920663947378e-21
5.28,-1.0638892676418374,3.2788726716740953e-19,1.009439299008814,-0.012505262086691588,5.18084106890471e-19,-0.0016111700580853756,0.9999997984603708,-1.5790873678235187e-19,0.0006348852002655562,-5.44060057316672e-21
5.282,-1.0639142507853894,3.2892913902727436e-19,1.0094360798570512,-0.01247789993400191,5.238086107474869e-19,-0.001607981681208149,0.9999998002490222,-1.6109776614154764e-19,0.0006320616389121208,-5.8358626083434805e-21
5.284,-1.0639391793207564,3.2998373398620328e-19,1.009432867075947,-0.012450653816135393,5.30843138353479e-19,-0.0016047993998254955,0.9999998020214487,-1.9170883788731034e-19,0.0006292511924489092,-3.471559591820175e-21
5.2860000000000005,-1.0639640534794708,3.3105273423785294e-19,1.0094296606533204,-0.012423523195536497,5.382131240879173e-19,-0.0016016232036762832,0.9999998037777744,-1.9478936835741363e-19,0.0006264538389071393,-3.5295827541258484e-21
5.288,-1.06398887349199,3.321368814331145e-19,1.0094264605770114,-0.012396507535625668,5.45918263837104e-19,-0.0015984530825081443,0.9999998055181233,-1.9785616344870835e-19,0.0006236695560295004,-4.958119643009441e-21
5.29,-1.0640136395877,3.3323605458781093e-19,1.0094232668348802,-0.012369606300810401,5.530955432336202e-19,-0.00159528902607753,0.9999998072426185,-1.7349423196134862e-19,0.0006208983212732559,-4.34440461352302e-21
5.292,-1.064038351994916,3.343486262907209e-19,1.0094200794148076,-0.012342818956496185,5.59317567445092e-19,-0.0015921310241497006,0.9999998089513826,-1.4924778804549825e-19,0.0006181401118133323,-3.732515702234541e-21
5.2940000000000005,-1.0640630109408853,3.354726907481422e-19,1.0094168983046947,-0.012316144969097314,5.645890496137671e-19,-0.0015889790664987528,0.9999998106445376,-1.2511649956363095e-19,0.0006153949045453952,-3.464703996035322e-21
5.296,-1.0640876166517892,3.366063515704434e-19,1.0094137234924634,-0.01228958380604759,5.68914680641587e-19,-0.0015858331429076625,0.9999998123222048,-1.0109982086541096e-19,0.0006126626760889105,-3.539747957715166e-21
5.298,-1.0641121693527444,3.377477217276224e-19,1.0094105549660555,-0.012263134935810889,5.72299129272553e-19,-0.0015826932431682664,0.9999998139845051,-7.719720936747985e-20,0.0006099434027901931,-3.957241177234051e-21
5.3,-1.064136669267806,3.388949235050607e-19,1.0094073927134337,-0.012236797827891619,5.747470421750182e-19,-0.0015795593570813054,0.9999998156315587,-5.3407708209531565e-20,0.0006072370607254415,-4.0318615946562996e-21
5.3020000000000005,-1.0641611166199691,3.400460884594457e-19,1.0094042367225808,-0.01221057195284504,5.762630439786853e-19,-0.0015764314744564447,0.9999998172634853,-2.973140482647616e-20,0.0006045436257037581,-4.790781731308102e-21
5.304,-1.064185511631171,3.411993573748302e-19,1.0094010869815002,-0.012184456782287491,5.768517374600186e-19,-0.0015733095851122936,0.9999998188804038,-6.16734972303807e-21,0.0006018630732701572,-5.547869208272551e-21
5.306,-1.0642098545222929,3.423529878027576e-19,1.0093979434782152,-0.012158451788906462,5.768404546815039e-19,-0.0015701936788764229,0.9999998204824326,-1.0126679303771163e-20,0.000599195378708558,-4.229849281927441e-21
5.308,-1.064234145513163,3.435071461646161e-19,1.00939480620077,-0.012132556446470577,5.773078260292933e-19,-0.0015670837455854,0.9999998220696896,-8.585053858274784e-21,0.000596540517044765,-3.603161001175509e-21
5.3100000000000005,-1.0642583848225577,3.446616398436835e-19,1.0093916751372287,-0.012106770229839444,5.77068236044184e-19,-0.0015639797750847844,0.999999823642292,3.913809688942737e-21,0.0005938984630494338,-4.0124813421521924e-21
5.312,-1.0642825726682046,3.458157031470244e-19,1.009388550275676,-0.012081092614973388,5.770929201129962e-19,-0.001560881757229178,0.9999998252003562,-1.104547217782678e-20,0.0005912691912410235,-2.6912342200000686e-21
5.314,-1.0643067092667842,3.4697040200126706e-19,1.0093854316042168,-0.01205552307894307,5.777033229577153e-19,-0.001557789681882246,0.9999998267439983,-2.593403164731826e-20,0.0005886526758887357,-1.715801352302639e-21
5.316,-1.0643307948339318,3.4812690494712275e-19,1.009382319110976,-0.01203006109993898,5.788965499030589e-19,-0.00155470353891672,0.9999998282733337,-4.075159672535554e-20,0.0005860488910154394,-5.737883428428634e-23
5.3180000000000005,-1.0643548295842409,3.4928637474947455e-19,1.009379212784099,-0.012004706157280833,5.806697198095181e-19,-0.0015516233182144464,0.999999829788477,-5.549870277107689e-20,0.0005834578104005824,1.9401592368704887e-21
5.32,-1.0643788137312644,3.5044996842451793e-19,1.0093761126117515,-0.011979457731426823,5.83019965101442e-19,-0.001548549009666393,0.9999998312895424,-7.017608328292921e-20,0.0005808794075830886,3.5906863853481345e-21
5.322,-1.0644027474875175,3.5161883726695236e-19,1.0093730185821193,-0.011954315303982783,5.859444319521016e-19,-0.0015454806031726814,0.9999998327766434,-8.478447097606892e-20,0.0005783136558642427,4.20970250882491e-21
5.324,-1.0644266310644794,3.5279412687783056e-19,1.009369930683408,-0.011929278357711225,5.894402805072178e-19,-0.0015424180886426113,0.9999998342498929,-9.932399909084373e-20,0.0005757605283105596,4.141908013776078e-21
5.3260000000000005,-1.0644504646725963,3.5397697719225794e-19,1.0093668489038443,-0.011904346376540255,5.935046846626203e-19,-0.0015393614559946877,0.9999998357094032,-1.1379519318067993e-19,0.0005732199977566411,3.046269613221298e-21
5.328,-1.0644742485212833,3.5516852250695766e-19,1.0093637732316743,-0.011879518845572387,5.981348321574808e-19,-0.0015363106951566386,0.9999998371552858,-1.2819857979670798e-19,0.0005706920368080186,5.817501611667046e-22
5.33,-1.0644979828189267,3.5636967634128314e-19,1.0093607036551644,-0.011854795251093241,6.028975910669294e-19,-0.0015332657960654473,0.999999838587652,-1.096370330099752e-19,0.000568176617843982,1.5984113108413192e-22
5.332,-1.064521667772887,3.5757926770705065e-19,1.009357640162601,-0.011830175080580126,6.066087152974163e-19,-0.0015302267486673727,0.9999998400066119,-9.115009232137464e-20,0.0005656737130203952,4.242718196401956e-22
5.3340000000000005,-1.0645453035895007,3.587960591104856e-19,1.009354582742291,-0.01180565782271051,6.102416464590509e-19,-0.0015271935429179903,0.9999998414122755,-1.0016487155403366e-19,0.0005631832942724971,-1.3527676840018745e-21
5.336,-1.0645688904740827,3.6002025367256996e-19,1.009351531382561,-0.011781242967370384,6.13796427951743e-19,-0.001524166168782199,0.9999998428047518,-7.624027342466366e-20,0.00056070533331769,-1.0873533532771012e-21
5.338,-1.064592428630929,3.612502958730816e-19,1.0093484860717579,-0.011756930005662511,6.161976099546368e-19,-0.0015211446162342647,0.9999998441841493,-7.435826091007176e-20,0.0005582398016583132,1.2465400688843712e-21
5.34,-1.0646159182633188,3.624858569116271e-19,1.0093454467982486,-0.011732718429914562,6.192794630922876e-19,-0.0015181288752578394,0.999999845550576,-6.700276550217314e-20,0.0005557866705844035,3.228775206816589e-21
5.3420000000000005,-1.0646393595735177,3.6372635860704e-19,1.0093424135504196,-0.011708607733687154,6.211026337360939e-19,-0.0015151189358459858,0.9999998469041391,-4.871734707589813e-20,0.0005533459111764419,4.514497799347024e-21
5.344,-1.0646627527627792,3.6497054443822454e-19,1.0093393863166782,-0.011684597411781765,6.2307174908566765e-19,-0.0015121147880012063,0.9999998482449453,-4.696863649496238e-20,0.0005509174943080866,1.6947673304840606e-21
5.346,-1.0646860980313477,3.6621823980675377e-19,1.009336365085451,-0.011660686960248546,6.246480015612849e-19,-0.0015091164217354716,0.9999998495731005,-5.069801282350273e-20,0.0005485013906488912,-1.458331546705489e-21
5.348,-1.0647093955784612,3.674696647810064e-19,1.009333349845185,-0.011636875876394028,6.268012392716833e-19,-0.0015061238270702472,0.9999998508887101,-5.440727414203586e-20,0.0005460975706670114,-1.4895758550304576e-22
5.3500000000000005,-1.0647326456023534,3.687251098136935e-19,1.009330340584347,-0.011613163658788719,6.285603618776736e-19,-0.0015031369940365336,0.9999998521918789,-5.261692220971337e-20,0.000543706004631896,1.263293580049684e-22
5.352,-1.0647558483002564,3.6998429033352236e-19,1.0093273372914233,-0.011589549807274592,6.305726429470661e-19,-0.0015001559126748766,0.999999853482711,-4.5353038813544387e-20,0.0005413266626169653,-6.299993091583318e-22
5.354,-1.0647790038684033,3.712467790191551e-19,1.009324339954921,-0.01156603382297247,6.318687530183497e-19,-0.0014971805730354041,0.9999998547613099,-3.26410114435691e-20,0.0005389595145022751,-1.3870879238307238e-21
5.356,-1.0648021125020308,3.725117928197715e-19,1.0093213485633663,-0.011542615208289302,6.33205820160663e-19,-0.0014942109651778512,0.9999998560277784,-4.193294913921325e-20,0.0005366045299771672,-2.816674352801184e-21
5.3580000000000005,-1.0648251743953816,3.737798445455004e-19,1.0093183631053055,-0.01151929346692534,6.34906390106246e-19,-0.0014912470791715897,0.9999998572822189,-5.1180660407577756e-20,0.000534261678542907,-3.899410609042716e-21
5.36,-1.0648481897417073,3.7505165940357695e-19,1.009315383569305,-0.011496068103881204,6.369686657962039e-19,-0.0014882889050956624,0.9999998585247327,-6.0384169388452e-20,0.0005319309295153065,-4.294269666282278e-21
5.362,-1.0648711587332704,3.763279590154346e-19,1.0093124099439508,-0.011472938625464843,6.393908584925857e-19,-0.001485336433038805,0.9999998597554209,-6.954386541645601e-20,0.000529612252027333,-4.345543381773431e-21
5.364,-1.0648940815613477,3.7760946143333385e-19,1.0093094422178488,-0.011449904539298403,6.421711877856661e-19,-0.0014823896530994762,0.999999860974384,-7.865995597303096e-20,0.0005273056150317062,-4.05445225166576e-21
5.3660000000000005,-1.0649169584162324,3.7889688115710063e-19,1.0093064803796246,-0.011426965354324976,6.453078816290952e-19,-0.0014794485553858905,0.9999998621817215,-8.773264635688173e-20,0.00052501098730348,-3.4214016457565006e-21
5.368,-1.064939789487237,3.8019092915077346e-19,1.0093035244179236,-0.011404120580815262,6.487991762961873e-19,-0.0014765131300160435,0.9999998633775327,-9.676232138213472e-20,0.0005227283374426109,-2.789051236114286e-21
5.37,-1.0649625749626959,3.8149231285925835e-19,1.009300574321411,-0.011381369730374118,6.52643316374936e-19,-0.001473583367117736,0.9999998645619159,-1.057490055257462e-19,0.0005204576338765134,-1.8155501735979645e-21
5.372,-1.0649853150299677,3.8280173622492225e-19,1.0092976300787717,-0.01135871231594701,6.568385547067496e-19,-0.0014706592568286146,0.999999865734969,-1.1469290143540235e-19,0.0005181988448626011,-5.017070689413035e-22
5.3740000000000006,-1.0650080098754389,3.841198997039931e-19,1.0092946916787104,-0.011336147851826368,6.613831523356614e-19,-0.0014677407892961947,0.9999998668967891,-1.2359438894125626e-19,0.0005159519384908139,8.09416119492268e-22
5.376,-1.0650306596845251,3.854475002830262e-19,1.0092917591099515,-0.011313675853657832,6.662753785035957e-19,-0.0014648279546778987,0.9999998680474729,-1.3245331423239947e-19,0.0005137168826861324,2.8027425263218654e-21
5.378,-1.0650532646416753,3.867852314950985e-19,1.0092888323612388,-0.011291295838446406,6.715135105494843e-19,-0.0014619207431410658,0.9999998691871163,-1.4127075957765214e-19,0.000511493645211079,3.7641604430777195e-21
5.38,-1.0650758249303736,3.8813378343644962e-19,1.009285911421336,-0.011269007324562508,6.77095834339925e-19,-0.001459019144863001,0.9999998703158145,-1.5004710393300608e-19,0.0005092821936682042,3.3526423016561736e-21
5.382,-1.065098340733142,3.894938427836374e-19,1.0092829962790264,-0.011246809831747927,6.830206442501221e-19,-0.0014561231500309969,0.9999998714336624,-1.5878201877238875e-19,0.0005070824955025596,2.599426657182408e-21
5.384,-1.0651208122315436,3.908660928102009e-19,1.009280086923113,-0.011224702881121675,6.892862428991247e-19,-0.0014532327488423554,0.9999998725407541,-1.6747552788071379e-19,0.0005048945180041586,1.8479848826194368e-21
5.386,-1.065143239606185,3.9225121340305293e-19,1.0092771833424183,-0.011202685995185747,6.958909410350319e-19,-0.0014503479315044385,0.9999998736371828,-1.761283480343084e-19,0.0005027182283104219,7.032866208049389e-23
5.388,-1.0651656230367195,3.9364988107892038e-19,1.0092742855257844,-0.01118075869783078,7.02833057736628e-19,-0.0014474686882346797,0.9999998747230415,-1.8474050421796387e-19,0.0005005535934086096,-2.388854189164899e-21
5.39,-1.065187962701849,3.9506276900090205e-19,1.0092713934620727,-0.011158920514341622,7.101109202612736e-19,-0.0014445950092606206,0.9999998757984225,-1.933116744264739e-19,0.0004984005801382421,-4.499557892407385e-21
5.392,-1.065210258779328,3.964905469945549e-19,1.0092685071401648,-0.0111371709714028,7.177228637647896e-19,-0.0014417268848199252,0.9999998768634173,-2.0184222210180578e-19,0.0004962591551935038,-6.604457585471534e-21
5.394,-1.0652325114459653,3.9793388156358793e-19,1.009265626548961,-0.01111550959710389,7.256672312378905e-19,-0.0014388643051604394,0.9999998779181167,-2.1033216862655581e-19,0.0004941292851256365,-8.361717838846239e-21
5.396,-1.0652547208776275,3.9939343590545317e-19,1.0092627516773816,-0.0110939359209448,7.339423734365509e-19,-0.001436007260540212,0.9999998789626113,-2.1878170619851094e-19,0.0004920109363453176,-9.772568767281831e-21
5.398,-1.0652768872492415,4.008698699268715e-19,1.0092598825143662,-0.011072449473840958,7.425466488680171e-19,-0.0014331557412275004,0.9999998799969908,-2.271911943127502e-19,0.000489904075125025,-1.1180086721625744e-20
5.4,-1.0652990107347977,4.023638402593491e-19,1.009257019048874,-0.011051049788128393,7.514784238000271e-19,-0.0014303097375008215,0.9999998810213443,-2.355606541843516e-19,0.00048780866760138894,-1.2241618180581398e-20
5.402,-1.0653210915073523,4.0387600027456856e-19,1.0092541612698838,-0.011029736397568745,7.607360721307573e-19,-0.0014274692396489793,0.9999998820357603,-2.4389010674201283e-19,0.0004857246797775305,-1.2615727956222051e-20
5.404,-1.0653431297390306,4.0540700009958683e-19,1.009251309166393,-0.011008508837354165,7.7031797532632805e-19,-0.0014246342379710896,0.9999998830403266,-2.521802399517125e-19,0.0004836520775253864,-1.3331623501156228e-20
5.406,-1.0653651256010297,4.0695748663212043e-19,1.0092484627274192,-0.01098736664411213,7.802225226579461e-19,-0.0014218047227766192,0.9999998840351306,-2.604315753824277e-19,0.00048159082658802015,-1.50734112775915e-20
5.408,-1.0653870792636213,4.0852810355636573e-19,1.0092456219419992,-0.010966309355910165,7.9044811129533e-19,-0.0014189806843854015,0.999999885020259,-2.686441336515311e-19,0.00047954089258192036,-1.749721647081043e-20
5.41,-1.065408990896155,4.101192761942587e-19,1.0092427867991889,-0.010945336512260475,8.006703995026806e-19,-0.0014161621131276727,0.9999998859957979,-2.548861251661848e-19,0.00047750224099928524,-1.718532502531904e-20
5.412,-1.0654308606670604,4.1173020816418487e-19,1.0092399572880637,-0.01092444765412449,8.101361484573583e-19,-0.0014133489993441097,0.9999998869618327,-2.411933332832674e-19,0.0004754748372102943,-1.6874158944175488e-20
5.414,-1.065452688743851,4.1335982087181286e-19,1.0092371333977184,-0.010903642323917308,8.1949508979316575e-19,-0.0014105413333858367,0.9999998879184483,-2.4402767144085423e-19,0.00047345864646536595,-1.9639842379092378e-20
5.416,-1.0654744752931258,4.150082605960248e-19,1.009234315117267,-0.010882920065512067,8.289630773460783e-19,-0.0014077391056144851,0.9999998888657289,-2.468489120838417e-19,0.0004714536338974024,-2.308429763310099e-20
5.418,-1.065496220480574,4.166755297179424e-19,1.0092315024358427,-0.010862280424244215,8.3821681812291e-19,-0.001404942306402201,0.9999998898037582,-2.2224340042876437e-19,0.00046945976452402073,-2.550553272415529e-20
5.42,-1.0655179244709763,4.1836005257171425e-19,1.009228695342598,-0.010841722946915692,8.461817115572688e-19,-0.001402150926131683,0.9999998907326193,-2.1420067960872542e-19,0.0004674770032497713,-2.4487479409012538e-20
5.422,-1.0655395874282085,4.20060835186034e-19,1.0092258938267047,-0.010821247181799032,8.546918221272271e-19,-0.0013993649551962005,0.9999998916523946,-2.0616976842851116e-19,0.00046550531486834283,-2.2785708849399013e-20
5.424,-1.0655612095152447,4.2177763861853624e-19,1.0092230978773535,-0.010800852678641372,8.621310572828171e-19,-0.0013965843839996376,0.9999998925631659,-1.9817708061036934e-19,0.0004635446640647531,-2.1430625960963777e-20
5.426,-1.0655827908941597,4.2350979651985294e-19,1.0092203074837547,-0.01078053898866838,8.70010678035654e-19,-0.0013938092029565207,0.9999998934650146,-2.011876022697388e-19,0.00046159501541752823,-2.04171383813727e-20
5.428,-1.0656043317261323,4.2525736259872997e-19,1.0092175226351376,-0.010760305664588089,8.77575087021018e-19,-0.0013910394024920318,0.9999998943580214,-2.096791052875375e-19,0.0004596563334008679,-1.8718604320821048e-20
5.43,-1.0656258321714485,4.2702096420893057e-19,1.0092147433207506,-0.010740152260594648,8.861176672750722e-19,-0.0013882749730420448,0.9999998952422664,-2.126479203424689e-19,0.00045772858238679674,-1.7367664024592868e-20
5.432,-1.0656472923895035,4.2880097464260905e-19,1.009211969529861,-0.010720078332371994,8.936967632512787e-19,-0.0013855159050531688,0.9999998961178289,-1.9364727748570488e-19,0.00045581172664730356,-1.8085948910520278e-20
5.434,-1.0656687125388062,4.3059590014017177e-19,1.0092092012517555,-0.010700083437097435,9.01284344872403e-19,-0.001382762188982764,0.999999896984788,-2.0215025493455185e-19,0.00045390573035646714,-2.0161474559675225e-20
5.436,-1.0656900927769808,4.324063324172033e-19,1.00920643847574,-0.010680167133445152,9.092032791822819e-19,-0.0013800138152989686,0.9999998978432221,-2.1061262099209863e-19,0.00045201055759256867,-2.1546768078754414e-20
5.438,-1.0657114332607704,4.342329325338568e-19,1.0092036811911391,-0.010660328981589607,9.174519221545159e-19,-0.0013772707744807231,0.9999998986932087,-2.1903487503300964e-19,0.0004501261723401918,-2.2928382211756577e-20
5.44,-1.06573273414604,4.3607635826987905e-19,1.0092009293872966,-0.010640568543208882,9.260286374206537e-19,-0.0013745330570178083,0.9999998995348252,-2.274164345819243e-19,0.000448252538492308,-2.2594237039621665e-20
5.442,-1.0657539955877797,4.379372641397137e-19,1.0091981830535752,-0.010620885381487932,9.34931796003403e-19,-0.0013718006534108828,0.999999900368148,-2.3575779417171653e-19,0.0004463896198523513,-2.1232503953468695e-20
5.444,-1.0657752177401072,4.398163014072346e-19,1.0091954421793567,-0.010601279061121748,9.441597763635866e-19,-0.0013690735541714808,0.9999999011932532,-2.440596030224296e-19,0.00044453738013627814,-1.9874008984496556e-20
5.446,-1.065796400756271,4.417141181009234e-19,1.009192706754042,-0.010581749148318453,9.537109646306623e-19,-0.0013663517498220708,0.9999999020102163,-2.5232204823901874e-19,0.0004426957829746144,-1.8519150545627352e-20
5.448,-1.065817544788654,4.436313590291717e-19,1.0091899767670507,-0.0105622952108023,9.635837546532186e-19,-0.0013636352308960633,0.9999999028191121,-2.60545622026237e-19,0.00044086479191449054,-1.785243054021578e-20
5.45,-1.0658386499887755,4.45568665795892e-19,1.0091872522078214,-0.01054291681781661,9.737765480644245e-19,-0.001360923987937843,0.9999999036200149,-2.6873051022249087e-19,0.0004390443704216627,-1.7872623913777893e-20
5.452,-1.0658597165072954,4.475266768160492e-19,1.0091845330658116,-0.010523613540126611,9.842877542735377e-19,-0.0013582180115028083,0.9999999044129986,-2.7687644580052607e-19,0.00043723448188252184,-1.755052433323351e-20
5.454,-1.0658807444940162,4.495060273309247e-19,1.0091818193304976,-0.010504384950022207,9.951157901411386e-19,-0.0013555172921573774,0.9999999051981361,-2.8498361104392207e-19,0.00043543508960608836,-1.6886537015335887e-20
5.456,-1.0659017340978865,4.51507349422955e-19,1.0091791109913748,-0.010485230621320674,1.0062590799609493e-18,-0.001352821820479035,0.9999999059755001,-2.9305203959919893e-19,0.00043364615682599613,-1.553881093835711e-20
5.458,-1.0659226854670043,4.535312720304748e-19,1.0091764080379573,-0.010466150129369266,1.0177160553516877e-18,-0.001350131587056347,0.9999999067451628,-3.0108191382590486e-19,0.0004318676467024615,-1.3508966789200527e-20
5.46,-1.0659435987486197,4.555783133808225e-19,1.0091737104597778,-0.01044714305104775,1.029162410582063e-18,-0.0013474465824889975,0.9999999075071955,-2.8166168906273113e-19,0.0004300995223242412,-1.3552563561178085e-20
5.462,-1.0659644740891383,4.576470172585016e-19,1.009171018246388,-0.010428208964770865,1.0394151304312066e-18,-0.001344766797387803,0.9999999082616691,-2.6234638267583644e-19,0.0004283417467105762,-1.3253371941389164e-20
5.464,-1.0659853116341238,4.597358990505965e-19,1.0091683313873585,-0.010409347450490701,1.0494485054038441e-18,-0.0013420922223747577,0.9999999090086541,-2.4860463314770515e-19,0.0004265942828131238,-1.1582283634845777e-20
5.466,-1.0660061115283013,4.618439834916249e-19,1.0091656498722783,-0.010390558089699005,1.058510538974628e-18,-0.0013394228480830344,0.9999999097482203,-2.2943376594742173e-19,0.00042485709351787617,-1.3002253238607966e-20
5.468,-1.0660268739155607,4.639698338874358e-19,1.0091629736907555,-0.010371840465429405,1.0673584117052264e-18,-0.0013367586651570182,0.999999910480437,-2.322717080534843e-19,0.0004231301416470663,-1.578017293237467e-20
5.47,-1.0660475989389595,4.661134894102757e-19,1.0091603028324165,-0.010353194162259573,1.0763155781407708e-18,-0.0013340996642523526,0.9999999112053729,-2.3509577220664037e-19,0.00042141338996106207,-1.7523121880354053e-20
5.472,-1.0660682867407256,4.682751680992025e-19,1.0091576372869069,-0.010334618766313296,1.0853814902719928e-18,-0.0013314458360359535,0.9999999119230961,-2.3790558595194087e-19,0.0004197068011602467,-1.7205975263921504e-20
5.474,-1.066088937462261,4.704550868993771e-19,1.0091549770438903,-0.010316113865262485,1.0945556022296991e-18,-0.0013287971711860224,0.9999999126336744,-2.4070207617114043e-19,0.00041801033788688694,-1.68887724109065e-20
5.476,-1.0661095512441445,4.726534616667237e-19,1.0091523220930496,-0.010297679048329105,1.1038373707287732e-18,-0.001326153660392087,0.9999999133371748,-2.4348559557562457e-19,0.00041632396272698886,-1.725724235471264e-20
5.478,-1.0661301282261346,4.748705071733074e-19,1.0091496724240858,-0.01027931390628704,1.1132262551588939e-18,-0.0013235152943550216,0.9999999140336638,-2.4625577737555397e-19,0.00041464763821214055,-1.7282181710905155e-20
5.48,-1.0661506685471733,4.771064371125153e-19,1.0091470280267187,-0.010261018031463873,1.1227217174391912e-18,-0.0013208820637870687,0.9999999147232076,-2.490125414632682e-19,0.0004129813268213427,-1.662093113149819e-20
5.482,-1.0661711723453888,4.793614641039524e-19,1.0091443888906866,-0.010242791017742604,1.1323232218371618e-18,-0.0013182539594118743,0.9999999154058717,-2.5175580659861475e-19,0.0004113249909828268,-1.4932861850441713e-20
5.484,-1.0661916397580984,4.816357996980592e-19,1.0091417550057464,-0.01022463246056329,1.1420302349307711e-18,-0.001315630971964494,0.999999916081721,-2.544856354199188e-19,0.0004096785930758603,-1.222081391522836e-20
5.486,-1.066212070921812,4.839294392182885e-19,1.0091391263616736,-0.010206541956924622,1.1514119007615708e-18,-0.001313013092191439,0.9999999167508201,-2.2430786098702e-19,0.00040804209543254,-1.1584643691824462e-20
5.488,-1.0662324659722349,4.862404415734293e-19,1.009136502948262,-0.010188519105385428,1.159609168052711e-18,-0.0013104003108506876,0.9999999174132328,-2.216874644846953e-19,0.00040641546033957227,-1.43653819454422e-20
5.49,-1.066252825044271,4.885685967133126e-19,1.0091338847553237,-0.010170563506066094,1.1687800142233218e-18,-0.001307792618711708,0.9999999180690224,-2.46504573797839e-19,0.00040479865004004165,-1.5072412905670058e-20
5.492,-1.0662731482720267,4.909155612004097e-19,1.00913127177269,-0.010152674760649941,1.1781667229794454e-18,-0.0013051900065554972,0.9999999187182521,-2.437898680475251e-19,0.00040319162673516616,-1.2704531222178844e-20
5.494,-1.0662934357888123,4.932811908943359e-19,1.0091286639902097,-0.010134852472384508,1.1874453050690594e-18,-0.0013025924651745811,0.9999999193609841,-2.4108732877672864e-19,0.0004015943525860412,-8.629360273610185e-21
5.496,-1.0663136877271469,4.956651624855107e-19,1.0091260613977509,-0.010117096246082782,1.1965087039150049e-18,-0.0012999999853730683,0.9999999199972802,-2.329170709616433e-19,0.0004000067897153707,-9.706376737692763e-21
5.498,-1.0663339042187605,4.980670820977614e-19,1.0091234639851994,-0.010099405688124355,1.2053576342337427e-18,-0.0012974125579666362,0.9999999206272019,-2.302561053931439e-19,0.0003984289002091859,-1.3177275826047569e-20
5.5,-1.0663540853945974,5.004865578768807e-19,1.0091208717424596,-0.010081780406456513,1.2141008987550205e-18,-0.0012948301737825889,0.99999992125081,-2.2761898133803025e-19,0.000396860646118552,-1.2186967529277148e-20
5.502,-1.0663742313848197,5.029234151211946e-19,1.009118284659454,-0.010064220010595256,1.222739181189273e-18,-0.0012922528236598563,0.9999999218681649,-2.249950377652344e-19,0.0003953019894612629,-1.2912312489946445e-20
5.5040000000000004,-1.0663943423188096,5.053774443774762e-19,1.009115702726124,-0.010046724111626262,1.2312729921693056e-18,-0.001289680498449025,0.9999999224793263,-2.2238435244383916e-19,0.0003937528922235234,-1.5691905376318463e-20
5.506,-1.0664144183251734,5.078484372117915e-19,1.0091131259324286,-0.01002929232220577,1.2397028403308701e-18,-0.0012871131890123736,0.9999999230843537,-2.1978619113727035e-19,0.000392213316361619,-1.8808382092586175e-20
5.508,-1.066434459531744,5.1033618620522055e-19,1.0091105542683456,-0.010011924256561406,1.2480292319920082e-18,-0.0012845508862238777,0.9999999236833058,-2.172000896067793e-19,0.00039068322380357454,-2.1232147664980825e-20
5.51,-1.066454466065585,5.128404849489467e-19,1.0091079877238707,-0.00999461953049295,1.256252670956446e-18,-0.00128199358096923,0.9999999242762411,-2.1462625753203274e-19,0.00038916257645079966,-2.3649760763066336e-20
5.5120000000000005,-1.0664744380529922,5.153611280393462e-19,1.0091054262890178,-0.00997737776137302,1.2643736585884582e-18,-0.0012794412641458758,0.9999999248632173,-2.120643697636848e-19,0.00038765133617972276,-2.537672540463109e-20
5.514,-1.0664943756194984,5.178979110729986e-19,1.0091028699538194,-0.009960198568147713,1.2723926937289613e-18,-0.0012768939266630279,0.9999999254442921,-2.0951449994601442e-19,0.00038614946484341335,-2.6756527852332903e-20
5.516,-1.0665142788898756,5.204506306417e-19,1.0091003187083258,-0.009943081571337168,1.280310272773089e-18,-0.001274351559441681,0.9999999260195219,-2.069767235709096e-19,0.0003846569242731911,-2.813265241292304e-20
5.518,-1.0665341479881385,5.230190843276459e-19,1.0090977725426056,-0.009926026393036073,1.2881268897530882e-18,-0.0012718141534146525,0.9999999265889635,-2.044512475361524e-19,0.0003831736762802245,-3.019083672748211e-20
5.5200000000000005,-1.0665539830375474,5.25603070698899e-19,1.0090952314467452,-0.009909032656914108,1.2958430365123094e-18,-0.0012692816995265848,0.9999999271526727,-2.0193814773181766e-19,0.0003816996826571165,-3.327293769967245e-20
5.522,-1.0665737841606118,5.282023893050779e-19,1.0090926954108497,-0.009892099988216321,1.3034592027678437e-18,-0.0012667541887339737,0.999999927710705,-1.9943697464481373e-19,0.0003802349051794789,-3.634773182778491e-20
5.524,-1.066593551479093,5.308168406729445e-19,1.0090901644250416,-0.00987522801376345,1.310975875894722e-18,-0.0012642316120051868,0.9999999282631155,-1.9694753883840722e-19,0.0003787793056074945,-3.9072575032053684e-20
5.526,-1.0666132851140078,5.334462263016172e-19,1.009087638479462,-0.009858416361952182,1.3183935409153622e-18,-0.0012617139603204725,0.9999999288099585,-1.9447004583958223e-19,0.0003773328456874674,-4.2133619632442085e-20
5.5280000000000005,-1.066632985185631,5.360903486580217e-19,1.0090851175642699,-0.009841664662755345,1.3257126805908471e-18,-0.0012592012246720036,0.9999999293512881,-1.9200405036289687e-19,0.0003758954871533623,-4.45020845004359e-20
5.53,-1.0666526518134996,5.38749011172162e-19,1.0090826016696421,-0.00982497254772205,1.3329337751917822e-18,-0.0012566933960638797,0.999999929887158,-1.8954897870420764e-19,0.0003744671917283308,-4.480937181420038e-20
5.532,-1.066672285116414,5.414220182319078e-19,1.0090800907857735,-0.00980833964997776,1.3400573023194644e-18,-0.0012541904655121588,0.9999999304176211,-1.8710503173761908e-19,0.00037304792112622694,-4.374528401978659e-20
5.534,-1.066691885212444,5.441091751777431e-19,1.009077584902877,-0.009791765604224319,1.3470837369801953e-18,-0.0012516924240448684,0.9999999309427303,-1.8467240924979356e-19,0.00037163763705311037,-4.199839459346196e-20
5.5360000000000005,-1.0667114522189292,5.468102882976957e-19,1.0090750840111835,-0.0097752500467399,1.354013551802686e-18,-0.0012491992627020254,0.9999999314625376,-1.8225156799894225e-19,0.0003702363012087389,-4.0940155409128245e-20
5.538,-1.0667309862524839,5.495251648229555e-19,1.0090725881009415,-0.009758792615378912,1.3608472173273334e-18,-0.001246710972535653,0.9999999319770948,-1.798424546902373e-19,0.00036884387528804814,-4.056893411144283e-20
5.54,-1.0667504874289993,5.522536129236939e-19,1.0090700971624176,-0.009742392949571842,1.3675852019722334e-18,-0.001244227544609805,0.9999999324864532,-1.774448873039611e-19,0.0003674603209826206,-4.054125304577106e-20
5.542,-1.0667699558636474,5.549954417047756e-19,1.0090676111858963,-0.009726050690325038,1.3742279720227352e-18,-0.0012417489700005792,0.9999999329906638,-1.7505906480527959e-19,0.00036608559998214306,-4.1542026821084685e-20
5.5440000000000005,-1.0667893916708837,5.577504612015918e-19,1.00906513016168,-0.00970976548022044,1.3807759917522416e-18,-0.0012392752397961339,0.9999999334897768,-1.7268493426668792e-19,0.0003647196739758515,-4.3568817619206456e-20
5.546,-1.0668087949644505,5.605184823761277e-19,1.0090626540800887,-0.009693536963415248,1.3872297234698893e-18,-0.001236806345096715,0.9999999339838422,-1.703221923993479e-19,0.0003633625046539659,-4.5933464474298087e-20
5.548,-1.0668281658573797,5.632993171128738e-19,1.00906018293146,-0.009677364785641544,1.3935896273154035e-18,-0.0012343422770146654,0.9999999344729096,-1.6797040959214391e-19,0.00036201405370911335,-4.760718233035755e-20
5.55,-1.0668475044619965,5.660927782142827e-19,1.00905771670615,-0.009661248594205847,1.3998561611311649e-18,-0.0012318830266744504,0.999999934957028,-1.6562953323938396e-19,0.0003606742828377385,-4.8591608946307637e-20
5.5520000000000005,-1.0668668108899222,5.688986793962036e-19,1.009055255394532,-0.009645188037988622,1.4060297804584118e-18,-0.0012294285852126564,0.9999999354362461,-1.6329963383044081e-19,0.00035934315374150426,-4.923144572154822e-20
5.554,-1.0668860852520774,5.717168352833153e-19,1.0090527989869968,-0.00962918276744373,1.4121109385964475e-18,-0.0012269789437780333,0.9999999359106121,-1.609807822912089e-19,0.00035802062812868027,-4.9870576985287103e-20
5.556,-1.066905327658685,5.745470614047107e-19,1.0090503474739534,-0.009613232434597822,1.4181000866649703e-18,-0.0012245340935314905,0.9999999363801738,-1.5867292577826782e-19,0.0003567066677155202,-5.050900441118382e-20
5.558,-1.0669245382192742,5.773891741895867e-19,1.0090479008458282,-0.009597336693049687,1.42399767368508e-18,-0.0012220940256461184,0.9999999368449786,-1.5637638019379312e-19,0.00035540123422762783,-5.217349553309458e-20
5.5600000000000005,-1.0669437170426823,5.802429909632132e-19,1.0090454590930653,-0.009581495197969537,1.4298041467039334e-18,-0.0012196587313072237,0.9999999373050734,-1.5409084977093007e-19,0.00035410428940131264,-5.417670150679799e-20
5.562,-1.0669628642370588,5.831083299429093e-19,1.0090430222061264,-0.009565707606098246,1.4355199507074186e-18,-0.0012172282017123036,0.9999999377605048,-1.5181603954693274e-19,0.000352815794984933,-5.58329027593874e-20
5.564,-1.0669819799098679,5.859850102338206e-19,1.0090405901754906,-0.009549973575746535,1.4411455285121719e-18,-0.0012148024280711088,0.9999999382113187,-1.4955189733800726e-19,0.00035153571274022864,-5.714251570473587e-20
5.566,-1.0670010641678924,5.888728518245403e-19,1.0090381629916552,-0.009534292766794104,1.4466813207963392e-18,-0.001212381401605629,0.9999999386575611,-1.472986141760563e-19,0.00035026400444364275,-5.879087246400084e-20
5.5680000000000005,-1.0670201171172364,5.917716755829926e-19,1.0090357406451342,-0.009518664840688711,1.4521277662029111e-18,-0.0012099651135501132,0.999999939099277,-1.450561395376237e-19,0.00034900063188763203,-6.07779823241999e-20
5.57,-1.0670391388633285,5.946813032523602e-19,1.0090333231264599,-0.009503089460445207,1.4574853013234223e-18,-0.0012075535551510903,0.9999999395365113,-1.4282430224639794e-19,0.0003477455568819661,-6.276119314428585e-20
5.572,-1.0670581295109245,5.976015574469324e-19,1.0090309104261814,-0.009487566290644511,1.4627543606914521e-18,-0.0012051467176673826,0.9999999399693087,-1.4060293280293274e-19,0.0003464987412550165,-6.439704052618325e-20
5.574,-1.0670770891641113,6.005322616479208e-19,1.0090285025348658,-0.009472094997432543,1.4679353766695343e-18,-0.0012027445923701167,0.9999999403977131,-1.3839174179677323e-19,0.00034526014685503346,-6.500143115525125e-20
5.5760000000000005,-1.0670960179263094,6.034732401990662e-19,1.0090260994430973,-0.0094566752485191,1.4730287794428303e-18,-0.0012003471705427393,0.9999999408217681,-1.361911538954892e-19,0.0003440297355514128,-6.594664335993023e-20
5.578,-1.0671149159002766,6.064243183024381e-19,1.0090237011414778,-0.009441306713176691,1.4780349971869257e-18,-0.0011979544434810273,0.9999999412415171,-1.3400112006605644e-19,0.0003428074692359514,-6.723227538470516e-20
5.58,-1.0671337831881105,6.093853220144926e-19,1.0090213076206263,-0.009425989062239312,1.482954456062376e-18,-0.0011955664024931151,0.999999941657003,-1.3182123673445283e-19,0.0003415933098240927,-6.783034832278411e-20
5.582,-1.0671526198912522,6.12356078241869e-19,1.0090189188711796,-0.009410721968101186,1.4877875801285006e-18,-0.0011931830388994876,0.9999999420682681,-1.2965180634665708e-19,0.0003403872192561599,-6.876925781501025e-20
5.5840000000000005,-1.0671714261104888,6.153364147373502e-19,1.0090165348837914,-0.009395505104715448,1.492534791501312e-18,-0.0011908043440330177,0.9999999424753547,-1.2749313170860637e-19,0.0003391891594985798,-7.10765862924141e-20
5.586,-1.0671902019459572,6.183261600961688e-19,1.0090141556491328,-0.009380338147592778,1.4971965105013753e-18,-0.0011884303092389464,0.9999999428783045,-1.2534493152635336e-19,0.0003379990925450951,-7.406457951493364e-20
5.588,-1.0672089474971467,6.213251437523455e-19,1.0090117811578925,-0.009365220773799993,1.5017731556029823e-18,-0.0011860609258749304,0.9999999432771587,-1.2320692551393272e-19,0.00033681698041796636,-7.704548900561211e-20
5.59,-1.0672276628629023,6.243331959748949e-19,1.0090094114007762,-0.009350152661958594,1.5062651432792263e-18,-0.001183696185311031,0.9999999436719583,-1.2107883281670693e-19,0.0003356427851691639,-7.933400874109088e-20
5.5920000000000005,-1.067246348141428,6.2735014786367e-19,1.0090070463685068,-0.009335133492243264,1.510672887897212e-18,-0.0011813360789297413,0.9999999440627438,-1.1896072003009047e-19,0.00033447646888154703,-8.127444135069769e-20
5.594,-1.0672650034302895,6.303758313452195e-19,1.0090046860518247,-0.009320162946380313,1.514996801828847e-18,-0.0011789805981259898,0.9999999444495555,-1.1685311402535902e-19,0.0003333179936700353,-8.458051285384662e-20
5.596,-1.0672836288264174,6.334100791690527e-19,1.0090023304414872,-0.009305240707646094,1.5191297157228344e-18,-0.0011766297343071535,0.9999999448324332,-1.092716691982016e-19,0.00033216732168276763,-8.411129861775336e-20
5.598,-1.0673022244261106,6.364523664951707e-19,1.0089999795282691,-0.009290366460865358,1.523179978997712e-18,-0.0011742834788930666,0.9999999452114162,-1.2365603402748235e-19,0.00033102441510225126,-8.226607323769935e-20
5.6000000000000005,-1.067320790325039,6.395036049062404e-19,1.008997633302962,-0.009275539892409573,1.5282237943729591e-18,-0.0011719418233160255,0.9999999455865439,-1.4345512695791865e-19,0.0003298892361465004,-8.145180910719043e-20
5.602,-1.0673393266182472,6.425653464416961e-19,1.0089952917563747,-0.0092607606901952,1.5335031896389931e-18,-0.0011696047590208228,0.9999999459578549,-1.412291165280011e-19,0.00032876174707016415,-7.790543459599186e-20
5.604,-1.0673578334001566,6.456375585399046e-19,1.0089929548793335,-0.009246028543681915,1.5386944260144744e-18,-0.001167272277464741,0.9999999463253874,-1.3901376116839044e-19,0.000327641910165645,-7.471012668648948e-20
5.606,-1.0673763107645693,6.487200653134168e-19,1.0089906226626812,-0.009231343143870805,1.5437979335059477e-18,-0.0011649443701175672,0.9999999466891796,-1.3680889858887842e-19,0.00032652968776420555,-7.152279792939611e-20
5.6080000000000005,-1.0673947588046713,6.518126917327787e-19,1.008988295097278,-0.0092167041833025,1.5488141401059e-18,-0.0011626210284615922,0.9999999470492691,-1.3461459088917815e-19,0.000325425042237066,-6.868568470334448e-20
5.61,-1.067413177613035,6.549152636225287e-19,1.0089859721740009,-0.009202111356055283,1.5537434718326173e-18,-0.0011603022439916405,0.9999999474056931,-1.3243067799691332e-19,0.00032432793599649126,-6.58552954585584e-20
5.612,-1.067431567281622,6.58027607657255e-19,1.008983653883744,-0.009187564357743141,1.5585863526654525e-18,-0.001157988008215074,0.9999999477584887,-1.3025666392675263e-19,0.0003232383314968674,-6.166096862043622e-20
5.614,-1.0674499279017873,6.611495513572894e-19,1.0089813402174186,-0.009173062885513786,1.5633432044408773e-18,-0.0011556783126517808,0.9999999481076923,-1.3357685737752507e-19,0.00032215619123576804,-6.158674759625663e-20
5.6160000000000005,-1.0674682595642815,6.642810663547759e-19,1.0089790311659526,-0.009158606638046633,1.5680141076448782e-18,-0.0011533731488342128,0.9999999484533404,-1.0946928642358714e-19,0.0003210814777550111,-6.426242208562334e-20
5.618,-1.067486562359254,6.674206179019597e-19,1.008976726720291,-0.009144195315550727,1.5715238562826624e-18,-0.0011510725083073848,0.9999999487954688,-9.642729632285684e-20,0.0003200141536417049,-6.418692859979799e-20
5.62,-1.0675048363762563,6.705671802964893e-19,1.0089744268713956,-0.009129828619762644,1.574953469637218e-18,-0.001148776382628872,0.9999999491341132,-7.245608757946851e-20,0.00031895418152928405,-6.445778336906129e-20
5.622,-1.067523081704245,6.737188353380254e-19,1.0089721316102451,-0.009115506253944344,1.5764738071457497e-18,-0.0011464847633688353,0.9999999494693087,-4.311615747755153e-20,0.0003179015240985364,-6.541504984894246e-20
5.6240000000000006,-1.0675412984315842,6.768733509780614e-19,1.0089698409278354,-0.009101227922880982,1.5780300521272925e-18,-0.0011441976421100188,0.9999999498010902,-4.67974954849721e-20,0.0003168561440786189,-6.533077548715219e-20
5.626,-1.0675594866460498,6.800308353115275e-19,1.0089675548151784,-0.00908699333287869,1.5795141061399246e-18,-0.001141915010447761,0.9999999501294923,-5.046159727285367e-20,0.0003158180042480638,-6.593202669508623e-20
5.628,-1.0675776464348314,6.831917187488305e-19,1.0089652732633037,-0.009072802191762305,1.5813573226507806e-18,-0.0011396368599900148,0.9999999504545493,-4.8625640460167054e-20,0.00031478706743577546,-6.619133190157885e-20
5.63,-1.067595777884536,6.863557849725172e-19,1.0089629962632571,-0.009058654208873076,1.582696949464999e-18,-0.0011373631823573258,0.9999999507762951,-4.6798278518931043e-20,0.00031376329652201614,-6.61077660254481e-20
5.632,-1.0676138810811904,6.895228899260049e-19,1.0089607238061014,-0.009044549095066317,1.58439610911845e-18,-0.001135093969182871,0.9999999510947633,-4.4979689073719607e-20,0.0003127466544393836,-6.636665238481806e-20
5.634,-1.067631956110245,6.926928902616967e-19,1.0089584558829159,-0.009030486562709031,1.5855923880556947e-18,-0.0011328292121124462,0.9999999514099871,-3.7687136660031847e-20,0.0003117371041737775,-6.662663860991738e-20
5.636,-1.0676500030565763,6.958653924885409e-19,1.008956192484797,-0.0090164663256775,1.5868265067815769e-18,-0.0011305689028044742,0.9999999517219996,-3.5911848577292695e-20,0.0003107346087653568,-6.722654952625036e-20
5.638,-1.0676680220044903,6.990399698067772e-19,1.0089539336028572,-0.009002488099354826,1.5877751989505125e-18,-0.0011283130329300245,0.9999999520308335,-3.415797186135457e-20,0.00030973913130948754,-6.782503325239563e-20
5.64,-1.0676860130377248,7.022166992696964e-19,1.008951679228226,-0.008988551600628449,1.5889787908590527e-18,-0.0011260615941728063,0.9999999523365208,-3.790799131397313e-20,0.00030875063495768056,-6.842039502373534e-20
5.642,-1.0677039762394533,7.053956593545545e-19,1.0089494293520498,-0.008974656547887618,1.589898125224079e-18,-0.001123814578229183,0.9999999526390939,-2.5191954942865032e-20,0.0003077690829185197,-6.73061196839713e-20
5.644,-1.0677219116922874,7.085759597009e-19,1.0089471839654909,-0.008960802661020832,1.590319446610054e-18,-0.0011215719768081726,0.9999999529385845,-1.2536304772183434e-20,0.00030679443845858025,-6.653754395723152e-20
5.646,-1.06773981947828,7.117566067443752e-19,1.0089449430597286,-0.008946989661413248,1.5902452147744976e-18,-0.0011193337816314574,0.9999999532350238,5.924491395668575e-23,0.0003058266649033387,-6.611263007048848e-20
5.648,-1.067757699678928,7.14936611828522e-19,1.0089427066259586,-0.008933217271944044,1.5896778778311526e-18,-0.0011170999844333813,0.999999953528443,1.2595188774147477e-20,0.0003048657256380723,-6.534605284497792e-20
5.65,-1.0677755523751762,7.181149911814212e-19,1.0089404746553934,-0.008919485216983759,1.5886198722292246e-18,-0.0011148705769609677,0.9999999538188729,2.5071705028802037e-20,0.00030391158410874897,-6.458168969318853e-20
5.652,-1.067793377647419,7.212907658924975e-19,1.0089382471392616,-0.008905793222391593,1.5870736228659057e-18,-0.0011126455509739201,0.999999954106344,3.7488866582544766e-20,0.00030296420382290833,-6.450445208785225e-20
5.654,-1.0678111755755044,7.244629618894905e-19,1.0089360240688088,-0.008892141015512675,1.5850415431758673e-18,-0.0011104248982446096,0.9999999543908865,4.9847162270001534e-20,0.0003020235483505334,-6.442738847916019e-20
5.656,-1.0678289462387363,7.276306099155627e-19,1.0089338054352963,-0.008878528325175293,1.5825260351498214e-18,-0.0011082086105581245,0.9999999546725304,6.214718163144534e-20,0.0003010895813249121,-6.332251423499358e-20
5.658,-1.0678466897158778,7.307927455063323e-19,1.0089315912300023,-0.008864954881688097,1.5795294892423793e-18,-0.0011059966797122278,0.9999999549513053,7.438889342008584e-20,0.00030016226644349084,-6.222024989867605e-20
5.66,-1.0678644060851543,7.33948408966946e-19,1.0089293814442215,-0.008851420416837265,1.5760542845635425e-18,-0.001103789097517367,0.9999999552272406,8.657236661558147e-20,0.0002992415674687175,-6.180631824005134e-20
5.662,-1.067882095424256,7.37096645349527e-19,1.0089271760692646,-0.00883792466388364,1.5721027889759883e-18,-0.0011015858557967154,0.9999999555003654,9.869839056392359e-20,0.00029832744822887636,-6.036537449455548e-20
5.664,-1.0678997578103413,7.402365044305712e-19,1.0089249750964588,-0.008824467357559833,1.567677358985942e-18,-0.0010993869463861248,0.9999999557707082,1.1076713727616966e-19,0.00029741987261891283,-5.824170225507433e-20
5.666,-1.0679173933200394,7.433670406882944e-19,1.0089227785171477,-0.008811048234067293,1.5627803398119545e-18,-0.001097192361134173,0.9999999560382977,1.2277877719174315e-19,0.00029651880460125033,-5.57803935038914e-20
5.668,-1.0679350020294534,7.464873132801305e-19,1.0089205863226913,-0.008797667031073353,1.5574140654824524e-18,-0.0010950020919021503,0.9999999563031623,1.3473358091835504e-19,0.0002956242082065965,-5.29822485806662e-20
5.67,-1.067952584014163,7.495966011786008e-19,1.0089183985044654,-0.008784323487708228,1.5519035961410572e-18,-0.0010928161305640376,0.9999999565653297,1.1921829748252471e-19,0.00029473604753474185,-5.1896336598719666e-20
5.672,-1.067970139349228,7.526956932684246e-19,1.0089162150538624,-0.00877101734456201,1.5473254397765777e-18,-0.00109063446900655,0.9999999568248276,1.0376347171923371e-19,0.000293854286755348,-5.1155260422785483e-20
5.674,-1.0679876681091907,7.557858762422881e-19,1.008914035962291,-0.008757748343681602,1.542814702498846e-18,-0.001088457099129118,0.9999999570816835,1.1031285215675394e-19,0.0002929788901087286,-4.836642704102062e-20
5.676,-1.0680051703680786,7.588667820615131e-19,1.0089118612211758,-0.008744516228567647,1.5380484881330896e-18,-0.001086284012843894,0.9999999573359246,1.1683109007202e-19,0.0002921098219066199,-4.5927266741527724e-20
5.678,-1.0680226461994082,7.61937901039152e-19,1.0089096908219577,-0.008731320744171411,1.5330280629576721e-18,-0.0010841152020757505,0.9999999575875776,1.2331823223782102e-19,0.0002912470465329433,-4.417920597457629e-20
5.68,-1.068040095676187,7.649987260148884e-19,1.0089075247560937,-0.00871816163689165,1.5277546873507552e-18,-0.0010819506587622847,0.9999999578366692,1.2977432428268116e-19,0.0002903905284445586,-4.3463268000434637e-20
5.682,-1.0680575188709172,7.680487523433234e-19,1.0089053630150568,-0.008705038654571437,1.5222296158309093e-18,-0.0010797903748538341,0.9999999580832257,1.3619961188501237e-19,0.00028954023217200885,-4.343434490263935e-20
5.684,-1.068074915855597,7.710874778822074e-19,1.0089032055903364,-0.008691951546494964,1.5164540970293874e-18,-0.001077634342313446,0.9999999583272732,1.4259463786690318e-19,0.00028869612232025604,-4.2719756442272525e-20
5.686,-1.0680922867017262,7.741144029805637e-19,1.0089010524734379,-0.008678900063384324,1.5104293735731892e-18,-0.0010754825531169132,0.9999999585688376,1.4895964622954302e-19,0.0002878581635694083,-4.0978466497424234e-20
5.688,-1.0681096314803062,7.771290304666497e-19,1.0088989036558824,-0.00866588395739625,1.5041566820669508e-18,-0.001073334999252752,0.9999999588079445,1.5529458312988468e-19,0.0002870263206754385,-3.889863768462149e-20
5.69,-1.0681269502618447,7.801308656359876e-19,1.0088967591292073,-0.008652902982118843,1.4976372532016928e-18,-0.0010711916727222045,0.999999959044619,1.615993941634734e-19,0.00028620055847089406,-3.7165989185564267e-20
5.692,-1.068144243116358,7.8311941623966e-19,1.008894618884966,-0.008639956892568263,1.490872311845642e-18,-0.0010690525655392574,0.9999999592788864,1.6787432011010043e-19,0.0002853808418655984,-3.543744276850961e-20
5.694,-1.0681615101133735,7.860941924726684e-19,1.0088924829147277,-0.008627045445185388,1.4838630770667945e-18,-0.0010669176697306255,0.9999999595107715,1.7411959984018496e-19,0.0002845671358473437,-3.337032730671925e-20
5.696,-1.0681787513219334,7.890547069623317e-19,1.0088903512100775,-0.008614168397832467,1.4766107620804162e-18,-0.0010647869773357575,0.9999999597402989,1.8033547303140713e-19,0.0002837594054825749,-3.06235961660352e-20
5.698,-1.068195966810597,7.920004747565521e-19,1.0088882237626169,-0.008601325509789723,1.4691165742902396e-18,-0.0010626604804068317,0.9999999599674928,1.8652188432199432e-19,0.00028295761591706564,-2.78837770074055e-20
5.7,-1.0682131566474429,7.949310133122967e-19,1.0088861005639624,-0.008588516541751946,1.4613817153600875e-18,-0.0010605381710087607,0.9999999601923774,1.9267887648183484e-19,0.00028216173237658593,-2.5493108753787797e-20
5.702,-1.0682303209000732,7.978458424841909e-19,1.0088839816057473,-0.00857574125582506,1.4534073812937247e-18,-0.0010584200412192062,0.9999999604149765,1.988064915818343e-19,0.00028137172016756066,-2.379301909514357e-20
5.704,-1.0682474596356155,8.007444845132452e-19,1.00888186687962,-0.008562999415522654,1.4451947624820197e-18,-0.0010563060831285374,0.9999999606353139,2.0490496453832478e-19,0.0002805875446777206,-2.243920970124736e-20
5.706,-1.0682645729207259,8.036264640156505e-19,1.0088797563772451,-0.008550290785762499,1.4367450437203833e-18,-0.0010541962888398614,0.9999999608534128,2.1097424030671553e-19,0.00027980917137674467,-2.2116588715195718e-20
5.708,-1.068281660821591,8.064913079716723e-19,1.008877650090303,-0.008537615132863037,1.4280594042951358e-18,-0.001052090650469033,0.9999999610692966,2.17014551307217e-19,0.00027903656581689424,-2.248045655238792e-20
5.71,-1.0682987234039325,8.093385457146268e-19,1.0088755480104896,-0.008524972224539844,1.4191390179644494e-18,-0.001049989160144615,0.9999999612829878,2.230262260095943e-19,0.0002782696936336384,-2.2843457045816312e-20
5.712,-1.0683157607330085,8.121677089197782e-19,1.0088734501295167,-0.008512361829902075,1.4099850529119562e-18,-0.0010478918100079188,0.9999999614945096,2.2900959103088195e-19,0.0002775085205462726,-2.2520675551565536e-20
5.714,-1.0683327728736163,8.149783315931597e-19,1.0088713564391116,-0.008499783719448883,1.400598671721997e-18,-0.001045798592212966,0.9999999617038842,2.349645913335109e-19,0.00027675301235852775,-2.2198248231975983e-20
5.716,-1.0683497598900962,8.177699500604068e-19,1.0088692669310177,-0.008487237665065806,1.3909810314155624e-18,-0.0010437094989265146,0.9999999619111339,2.4089145650219405e-19,0.00027600313495917164,-2.1534325079088207e-20
5.718,-1.0683667218463333,8.205421029556692e-19,1.0088671815969938,-0.008474723440021148,1.381133283511624e-18,-0.0010416245223280325,0.9999999621162807,2.467899411756749e-19,0.0002752588543226027,-2.189995511554477e-20
5.72,-1.0683836588057607,8.232943312107604e-19,1.0088651004288143,-0.008462240818962324,1.3710565741673336e-18,-0.0010395436546097227,0.9999999623193465,2.5266017795509187e-19,0.0002745201365094356,-2.3292697929982872e-20
5.722,-1.068400570831362,8.260261780444678e-19,1.0088630234182692,-0.00844978957791219,1.3607520441983549e-18,-0.0010374668879765047,0.9999999625203528,2.585024882422018e-19,0.000273786947667078,-2.5024796067277398e-20
5.724,-1.0684174579856747,8.287371889518386e-19,1.008860950557164,-0.008437369494265348,1.3502208290375045e-18,-0.0010353942146460124,0.9999999627193211,2.643170979416937e-19,0.0002730592540303008,-2.6753189843889152e-20
5.726,-1.0684343203307918,8.314269116934059e-19,1.0088588818373199,-0.00842498034678443,1.3394640587504218e-18,-0.0010333256268485937,0.9999999629162725,2.701039511125665e-19,0.0002723370219217996,-2.916199252947875e-20
5.728,-1.0684511579283658,8.340948962845043e-19,1.0088568172505736,-0.008412621915596365,1.3284828580750293e-18,-0.0010312611168273032,0.9999999631112279,2.7586336535760985e-19,0.00027162021775274875,-3.156508071981579e-20
5.73,-1.0684679708396105,8.367406949846145e-19,1.0088547567887773,-0.008400293982188615,1.3172783464235727e-18,-0.0010292006768379118,0.9999999633042082,2.8159537737640915e-19,0.000270908808023347,-3.4305535504051493e-20
5.732,-1.0684847591253042,8.393638622867563e-19,1.0088527004437988,-0.008387996329405406,1.3058516379171288e-18,-0.0010271442991488843,0.9999999634952337,2.8730011679288676e-19,0.00027020275932335624,-3.738296332752763e-20
5.734,-1.068501522845792,8.419639549069066e-19,1.0088506482075212,-0.00837572874144392,1.2942038414116788e-18,-0.0010250919760414025,0.999999963684325,2.9297780495173695e-19,0.0002695020383326319,-4.04534979191042e-20
5.736,-1.0685182620609888,8.445405317735083e-19,1.0088486000718428,-0.00836349100385049,1.2823360605053364e-18,-0.001023043699809328,0.999999963871502,2.9862857050283506e-19,0.00026880661182164566,-4.3516749513187095e-20
5.738,-1.068534976830382,8.470931540169432e-19,1.008846556028678,-0.008351282903516744,1.2702493935458583e-18,-0.001020999462759235,0.9999999640567848,3.042526332467499e-19,0.0002681164466520011,-4.6230073970349926e-20
5.74,-1.0685516672130344,8.496213849590213e-19,1.0088445160699555,-0.008339104228675766,1.2579449335994659e-18,-0.001018959257210378,0.9999999642401931,3.098503047503489e-19,0.0002674315097769409,-4.790979016444565e-20
5.742,-1.0685683332675862,8.521247901024015e-19,1.0088424801876203,-0.008326954768898212,1.2454237684653241e-18,-0.0010169230754947,0.9999999644217464,3.1542152752531606e-19,0.0002667517682418473,-4.924285873785637e-20
5.744,-1.068584975052258,8.546029371201047e-19,1.0088404483736326,-0.008314834315088414,1.2326869806982484e-18,-0.0010148909099568287,0.9999999646014641,3.209667023600927e-19,0.0002660771891847345,-4.9202929375509766e-20
5.746,-1.068601592624854,8.570553958449887e-19,1.0088384206199674,-0.008302742659480469,1.2197356475784772e-18,-0.001012862752954059,0.9999999647793653,3.264859545345503e-19,0.00026540773983673376,-4.7793256603744746e-20
5.748,-1.068618186042764,8.594817382592132e-19,1.0088363969186154,-0.008290679595634311,1.2065708411293572e-18,-0.0010108385968563714,0.9999999649554688,3.319793179705405e-19,0.00026474338752257144,-4.5358936415360156e-20
5.75,-1.0686347553629658,8.618815384837589e-19,1.0088343772615822,-0.008278644918431758,1.1931936281737012e-18,-0.0010088184340464104,0.9999999651297936,3.374468255186826e-19,0.0002640840996610388,-4.2245059032260414e-20
5.752,-1.068651300642029,8.642543727681253e-19,1.008832361640889,-0.008266638424072546,1.1796050704084947e-18,-0.0010068022569194918,0.9999999653023581,3.4288841914925563e-19,0.00026342984376545543,-3.9138558100196796e-20
5.7540000000000004,-1.0686678219361168,8.665998194801397e-19,1.008830350048572,-0.008254659910070348,1.1658062244815802e-18,-0.0010047900578835757,0.9999999654731809,3.483042214344177e-19,0.00026278058744412476,-3.6039416146974926e-20
5.756,-1.068684319300988,8.689174590959158e-19,1.0088283424766826,-0.008242709175248771,1.1517981420209517e-18,-0.0010027818293592854,0.9999999656422801,3.536944451818002e-19,0.000262136298400782,-3.260454820931917e-20
5.758,-1.0687007927920014,8.712070893461328e-19,1.0088263389172873,-0.008230786019737339,1.1379046041687789e-18,-0.0010007775637798826,0.9999999658096737,3.3164593883494557e-19,0.000261496944435036,-3.019902207198427e-20
5.76,-1.0687172424641165,8.734698001581797e-19,1.0088243393624678,-0.00821889024496746,1.1246629488092243e-18,-0.0009987772535912918,0.9999999659753793,3.4806641716609257e-19,0.0002608624934428025,-3.02086849627021e-20
5.7620000000000005,-1.0687336683718973,8.757045602915304e-19,1.008822343804321,-0.00820702165366838,1.1099185752830534e-18,-0.0009967808912520516,0.999999966139415,3.7537394637701214e-19,0.00026023291341673174,-3.1249970505128504e-20
5.764,-1.0687500705695148,8.77909698461805e-19,1.0088203522349584,-0.00819518004986311,1.0951851850015648e-18,-0.0009947884692333405,0.999999966301798,3.696700510931268e-19,0.0002596081724466275,-3.022424411025362e-20
5.766,-1.0687664491107487,8.800851653900645e-19,1.008818364646507,-0.00818336523886435,1.0803548194840052e-18,-0.0009927999800189683,0.9999999664625456,3.6398020398244593e-19,0.0002589882387198598,-2.9200947974162564e-20
5.768,-1.0687828040489913,8.822316644424979e-19,1.0088163810311088,-0.008171577027270394,1.0662887664155304e-18,-0.0009908154161053537,0.9999999666216752,3.473655179039428e-19,0.00025837308052177073,-2.6807409806793898e-20
5.7700000000000005,-1.068799135437249,8.843503259421842e-19,1.0088144013809206,-0.008159815222961013,1.052337454717119e-18,-0.0009888347700015329,0.9999999667792036,3.527596680377586e-19,0.0002577626662360733,-2.545320470186148e-20
5.772,-1.0688154433281454,8.864408762747817e-19,1.0088124256881144,-0.008148079635093338,1.0381777665952937e-18,-0.0009868580342291455,0.9999999669351475,3.5812700813011427e-19,0.0002571569643452426,-2.889946494009898e-20
5.774,-1.0688317277739234,8.88503007309323e-19,1.0088104539448768,-0.008136370074097713,1.0241334792066317e-18,-0.000984885201322428,0.9999999670895235,3.415389193179701e-19,0.00025655594343090095,-3.096126662826951e-20
5.776,-1.0688479888264486,8.90537739046924e-19,1.0088084861434097,-0.008124686351673542,1.0104193619500553e-18,-0.0009829162638282137,0.9999999672423483,3.5792575555019425e-19,0.0002559595721741959,-2.9943082976413935e-20
5.7780000000000005,-1.0688642265372106,8.925437202147774e-19,1.0088065222759295,-0.008113028280785122,9.955268548778223e-19,-0.0009809512143059203,0.9999999673936381,3.742353474800488e-19,0.00025536781935617085,-2.7213994627691e-20
5.78,-1.0688804409573267,8.945202501648547e-19,1.008804562334668,-0.008101395675657461,9.810761428164604e-19,-0.000978990045327544,0.9999999675434088,3.630670065033397e-19,0.0002547806538581299,-2.72252523206663e-20
5.782,-1.0688966321375435,8.964678878415055e-19,1.0088026063118711,-0.008089788351772084,9.666342351383156e-19,-0.0009770327494776556,0.9999999676916767,3.5743419321787905e-19,0.000254198044661995,-2.7237885780357395e-20
5.784,-1.0689128001282402,8.983870813887432e-19,1.0088006541998005,-0.008078206125862821,9.525243457961095e-19,-0.0009750793193533866,0.9999999678384573,3.6278051613239415e-19,0.0002536199608506571,-2.6225291335884544e-20
5.7860000000000005,-1.0689289449794304,9.002774888154099e-19,1.0087987059907317,-0.00806664881591159,9.377764767208368e-19,-0.0009731297475644217,0.9999999679837664,3.681144033019743e-19,0.0002530463716083204,-2.5557351363043537e-20
5.788,-1.068945066740765,9.021384822003454e-19,1.0087967616769555,-0.008055116241144161,9.23146328755601e-19,-0.000971184026733003,0.9999999681276196,3.7890550163527074e-19,0.00025247724622083943,-2.523585131229214e-20
5.79,-1.0689611654615347,9.03969364077329e-19,1.0087948212507774,-0.008043608222025917,9.075577255079735e-19,-0.000969242149493894,0.9999999682700321,4.006104337140761e-19,0.00025191255407605026,-2.5603196996502888e-20
5.792,-1.0689772411906724,9.057685807098722e-19,1.0087928847045176,-0.008032124580257585,8.91661053761108e-19,-0.0009673041084944084,0.9999999684110191,4.002829160153441e-19,0.0002513522646640956,-2.287977435622245e-20
5.7940000000000005,-1.0689932939767555,9.07536020040912e-19,1.008790952030511,-0.008020665138770974,8.75780413782035e-19,-0.0009653698963943823,0.9999999685505956,3.999571286233497e-19,0.0002507963475777418,-1.9477077263862307e-20
5.796,-1.0690093238680083,9.092717140695158e-19,1.008789023221107,-0.008009229721724692,8.599157411463699e-19,-0.0009634395058661648,0.9999999686887765,3.996328915251111e-19,0.0002502447725126911,-1.608244480939521e-20
5.798,-1.069025330912305,9.109756946661955e-19,1.0087870982686697,-0.007997818154499858,8.440669717281523e-19,-0.0009615129295946225,0.9999999688255765,3.993101973176426e-19,0.000249697509267886,-1.2695857884220941e-20
5.8,-1.0690413151571718,9.126479935735164e-19,1.008785177165578,-0.00798643026369579,8.2823404171022025e-19,-0.0009595901602771069,0.9999999689610102,3.989890384475048e-19,0.00024915452774580834,-9.317297424968873e-21
5.8020000000000005,-1.069057276649789,9.142886424067187e-19,1.0087832599042255,-0.0079750658771257,8.124168875706213e-19,-0.0009576711906234749,0.999999969095092,3.98669493412568e-19,0.00024861579795277183,-5.604489114138904e-21
5.804,-1.069073215436994,9.15897672654267e-19,1.0087813464770197,-0.007963724823812366,7.966154460703567e-19,-0.0009557560133560572,0.9999999692278363,3.983513840610673e-19,0.0002480812899992072,-2.243141966657414e-21
5.806,-1.0690891315652833,9.17475115678478e-19,1.0087794368763834,-0.007952406933983795,7.808296542978088e-19,-0.0009538446212096591,0.9999999693592571,3.9803478815664636e-19,0.00024755097409994293,1.1102385199546874e-21
5.808,-1.069105025080815,9.190210027161448e-19,1.0087775310947535,-0.007941112039068884,7.650594496347396e-19,-0.0009519370069315578,0.9999999694893684,3.9771969893636574e-19,0.00024702482057447847,4.456077339294634e-21
5.8100000000000005,-1.0691208960294114,9.205353648791175e-19,1.0087756291245817,-0.00792983997169306,7.493047697583863e-19,-0.0009500331632814754,0.9999999696181843,3.97406278397821e-19,0.000246502799847251,8.479309077004659e-21
5.812,-1.0691367444565614,9.220182331548623e-19,1.0087737309583338,-0.007918590565673922,7.335655526439379e-19,-0.0009481330830315837,0.9999999697457183,3.9709282794046033e-19,0.00024598488244789745,6.3246935978411014e-21
5.814,-1.0691525704074223,9.23469566774082e-19,1.0087718365884901,-0.007907363656016861,7.177343293574962e-19,-0.0009462367589664915,0.9999999698719839,4.0773243637281402e-19,0.0002454710390115089,1.7738623173483224e-21
5.816,-1.0691683739268227,9.248886089572506e-19,1.0087699460075457,-0.007896159078910685,7.011669539356271e-19,-0.0009443441838832378,0.9999999699969948,4.292750325752217e-19,0.0002449612402788799,2.3706522343677624e-21
5.8180000000000005,-1.0691841550592653,9.262736756442661e-19,1.0087680592080095,-0.007884976671723222,6.837595011925479e-19,-0.000942455350591277,0.9999999701207641,4.507155017978232e-19,0.00024445545709675127,2.966447369010293e-21
5.82,-1.069199913848928,9.276230908502188e-19,1.0087661761824054,-0.007873816272996928,6.655161376862289e-19,-0.000940570251912474,0.9999999702433052,4.720544962377427e-19,0.00024395366041804755,4.246572879763746e-21
5.822,-1.0692156503396675,9.289352944810363e-19,1.0087642969232713,-0.007862677722444469,6.466561653030203e-19,-0.0009386888806810856,0.999999970364631,4.713615809086906e-19,0.00024345582130210747,3.8165327980998255e-21
5.824,-1.0692313645750204,9.302102759384448e-19,1.0087624214231592,-0.007851560860944318,6.28473238732335e-19,-0.0009368112297437669,0.9999999704847543,4.487412845623938e-19,0.00024296191091490894,2.0213941303443125e-21
5.8260000000000005,-1.069247056598207,9.314497814576421e-19,1.008760549674636,-0.007840465530536321,6.111795257134224e-19,-0.0009349372919595423,0.9999999706036882,4.2622822217011525e-19,0.00024247190052928877,2.296865697865804e-22
5.828,-1.0692627264521324,9.32655369931095e-19,1.0087586816702823,-0.00782939157441727,5.943403398947607e-19,-0.000933067060199807,0.9999999707214451,4.367177142518225e-19,0.00024198576152515555,-1.9471021126542134e-22
5.83,-1.0692783741793892,9.338265486529474e-19,1.0087568174026933,-0.007818338836936466,5.768776768735963e-19,-0.0009312005273483164,0.9999999708380375,4.307102281986934e-19,0.00024150346538969755,1.4418548017644571e-21
5.832,-1.0692939998222601,9.349636519949464e-19,1.008754956864478,-0.007807307163591269,5.603005478749499e-19,-0.0009293376863011724,0.999999970953478,4.2474446912015054e-19,0.0002410249837175845,4.101301022161973e-21
5.8340000000000005,-1.06930960342272,9.360671191960601e-19,1.0087531000482604,-0.007796296401022652,5.430978293394844e-19,-0.0009274785299668093,0.9999999710677788,4.352671612081877e-19,0.00024055028821116359,4.3518437148635654e-21
5.836,-1.069325185022438,9.371363110231702e-19,1.0087512469466777,-0.007785306397010734,5.260255001593923e-19,-0.000925623051265992,0.9999999711809521,4.402573847668962e-19,0.00024007935068064964,4.603524628773545e-21
5.838,-1.0693407446627796,9.381705915750207e-19,1.0087493975523818,-0.007774337000470321,5.082226529652783e-19,-0.0009237712431317981,0.9999999712930099,4.5617579256492235e-19,0.00023961214304431047,3.482150130684385e-21
5.84,-1.06935628238481,9.391689696113125e-19,1.0087475518580387,-0.007763388061446431,4.901233932224352e-19,-0.0009219230985096087,0.999999971403964,4.6654873459136605e-19,0.00023914863732864522,6.514474228631139e-22
5.8420000000000005,-1.069371798229295,9.401305662374983e-19,1.0087457098563284,-0.007752459431109815,4.715131977978373e-19,-0.00092007861035711,0.9999999715138265,4.659210662125905e-19,0.00023868880566855856,9.13627448461113e-22
5.844,-1.069387292236704,9.41055437728843e-19,1.008743871539945,-0.007741550961752478,4.534698721618078e-19,-0.0009182377716442453,0.9999999716226088,4.598266231915434e-19,0.0002382326203075281,4.899511884056212e-22
5.846,-1.0694027644472126,9.419442488726813e-19,1.0087420369015967,-0.007730662506783182,4.354525763198374e-19,-0.0009164005753532511,0.9999999717303226,4.428086560012207e-19,0.00023778005359776752,-9.572859305934087e-22
5.848,-1.0694182149007037,9.427980195568862e-19,1.0087402059340054,-0.007719793920722961,4.1832130750004283e-19,-0.0009145670144786224,0.9999999718369793,4.423199291517306e-19,0.00023733107800038363,1.020383840191204e-21
5.8500000000000005,-1.0694336436367704,9.436169392463902e-19,1.0087383786299076,-0.007708945059200612,4.0045821500032e-19,-0.0009127370820270906,0.9999999719425903,4.527857731991509e-19,0.0002368856660855275,3.333428758451952e-21
5.852,-1.0694490506947185,9.444003372513994e-19,1.008736554982053,-0.007698115778948196,3.829433839098729e-19,-0.0009109107710176389,0.9999999720471666,4.412712676941174e-19,0.00023644379053254077,3.932885795147747e-21
5.854,-1.0694644361135681,9.451486217746748e-19,1.008734734983206,-0.007687305937796527,3.6523688395644307e-19,-0.0009090880744814596,0.9999999721507196,4.572106184837169e-19,0.00023600542413009694,1.7831466468680645e-21
5.856,-1.0694797999320562,9.458610874541512e-19,1.008732918626145,-0.007676515394670657,3.4734018892883385e-19,-0.0009072689854619775,0.9999999722532601,4.401790672965933e-19,0.00023557053977633658,3.320056796912137e-22
5.8580000000000005,-1.0694951421886387,9.465386468057033e-19,1.008731105903661,-0.00766574400958536,3.3022245068261237e-19,-0.0009054534970148062,0.9999999723547991,4.45159072413626e-19,0.00023513911047899833,9.342861437012568e-22
5.86,-1.0695104629214927,9.471811675968773e-19,1.0087292968085604,-0.007654991643640606,3.122658388759595e-19,-0.00090364160220776,0.9999999724553473,4.446459632042392e-19,0.00023471110935554282,1.879496475233628e-21
5.862,-1.0695257621685181,9.477884818979217e-19,1.0087274913336628,-0.007644258159017038,2.95087662759784e-19,-0.000901833294120821,0.9999999725549155,4.496183539599043e-19,0.00023428650963327352,4.877148767920947e-21
5.864,-1.069541039967341,9.483606010659556e-19,1.0087256894718015,-0.007633543418971442,2.770707749785152e-19,-0.0009000285658461426,0.999999972653514,4.49097750296957e-19,0.00023386528464945135,8.554303625895847e-21
5.8660000000000005,-1.0695562963553147,9.48897680650153e-19,1.0087238912158238,-0.0076228472878322115,2.60155724902804e-19,-0.0008982274104880313,0.9999999727511536,4.2115290808809896e-19,0.0002334474078514036,8.802542819083167e-21
5.868,-1.069571531369522,9.494014179773319e-19,1.008722096558591,-0.007612169630994811,2.4358421524584466e-19,-0.0008964298211629361,0.9999999728478445,4.2075297746475774e-19,0.00023303285279662925,6.986998895661268e-21
5.87,-1.069586745046778,9.498720312552552e-19,1.0087203054929776,-0.007601510314917238,2.2703166327468106e-19,-0.0008946357909994385,0.9999999729435969,4.2035502052744064e-19,0.00023262159315289808,5.5188267717514784e-21
5.872,-1.0696019374236316,9.503095583213827e-19,1.0087185180118723,-0.007590869207115478,2.1049799114213836e-19,-0.000892845313138234,0.999999973038421,4.1995886838251446e-19,0.00023221360269834478,3.712286321472464e-21
5.8740000000000006,-1.0696171085363677,9.507140368578664e-19,1.008716734108177,-0.007580246176158961,1.939831213765168e-19,-0.000891058380732128,0.9999999731323269,4.195645919651886e-19,0.00023180885532155925,1.9100287794544454e-21
5.876,-1.0696322584210094,9.510855043922728e-19,1.0087149537748081,-0.0075696410916660135,1.7748697687370195e-19,-0.0008892749869460118,0.9999999732253246,4.191722615610282e-19,0.00023140732502167045,4.547054046543471e-22
5.878,-1.06964738711332,9.51423998298317e-19,1.008713177004695,-0.007559053824299306,1.6100948086767106e-19,-0.000887495124956853,0.9999999733174239,4.1878194822402204e-19,0.00023100898590842564,-3.1143863728843457e-22
5.88,-1.0696624946488056,9.517295557964921e-19,1.008711403790781,-0.007548484245761303,1.4455055691671975e-19,-0.0008857187879536944,0.9999999734086344,4.1839356358133295e-19,0.000230613812202266,-7.322922647043092e-22
5.882000000000001,-1.069677581062716,9.520022139547503e-19,1.0087096341260227,-0.007537932228789708,1.2811012891420064e-19,-0.0008839459691376333,0.9999999734989661,4.1800709876615706e-19,0.00023022177823439613,-8.094861853841488e-22
5.884,-1.0696926463900482,9.522420096891688e-19,1.0087078680033907,-0.0075273976471529076,1.1168812109489517e-19,-0.0008821766617217977,0.9999999735884283,4.1762238709042664e-19,0.00022983285844684892,-1.2291578437184076e-21
5.886,-1.0697076906655476,9.524489797646527e-19,1.008706105415869,-0.007516880375645413,9.528445805504188e-20,-0.0008804108589313531,0.9999999736770305,4.172395773812598e-19,0.00022944702739254643,-1.3059848455228554e-21
5.888,-1.0697227139237098,9.526231607956486e-19,1.008704346356455,-0.007506380290083305,7.889906473548368e-20,-0.000878648554003483,0.9999999737647821,4.1685866112836575e-19,0.00022906425973535487,-1.039967632173079e-21
5.89,-1.0697377161987836,9.527645892468189e-19,1.0087025908181595,-0.0074958972672996655,6.253186641417859e-20,-0.0008768897401873669,0.9999999738516925,4.1647955114241905e-19,0.0002286845302501359,-7.741741795394925e-22
5.892,-1.069752697524772,9.528733014337286e-19,1.0087008387940075,-0.007485431185140028,4.618278871006686e-20,-0.0008751344107441731,0.9999999739377707,4.161024741067734e-19,0.00022830781382279292,5.189741737128785e-22
5.894,-1.0697676579354352,9.529493335234818e-19,1.0086990902770367,-0.007474981922457806,2.9851757539165914e-20,-0.000873382558947048,0.999999974023026,4.157274216311528e-19,0.00022793408545031233,2.837854443408065e-21
5.896,-1.0697825974642918,9.529927215353054e-19,1.0086973452602985,-0.007464549359109734,1.3538699107872792e-20,-0.0008716341780810967,0.9999999741074673,4.1535422864157305e-19,0.00022756332024080102,5.493900186654443e-21
5.898,-1.0697975161446212,9.530035013411593e-19,1.008695603736858,-0.007454133375951308,-2.756460045872325e-21,-0.0008698892614433765,0.9999999741911036,4.14982730145813e-19,0.00022719549341351886,7.800989352673776e-21
5.9,-1.0698124140094651,9.529817086664397e-19,1.008693865699793,-0.007443733854832216,-1.9033793018393752e-20,-0.0008681478023428829,0.9999999742739436,4.1461283979821197e-19,0.0002268305802989062,9.417287672517959e-21
5.902,-1.0698272910916307,9.529273790907334e-19,1.0086921311421955,-0.007433350678591779,-3.5293372532466934e-20,-0.0008664097941005302,0.9999999743559962,4.1424486042842567e-19,0.00022646855633860768,1.1714266009192351e-20
5.904,-1.0698421474236912,9.528405480484983e-19,1.0086904000571704,-0.007422983731054387,-5.1535270999123557e-20,-0.0008646752300491401,0.99999997443727,4.138789392058509e-19,0.00022610939708549128,1.5376445963676773e-20
5.906,-1.0698569830379887,9.527212508296532e-19,1.0086886724378357,-0.007412632897024936,-6.775956054912793e-20,-0.0008629441035334295,0.9999999745177734,4.1351475758923584e-19,0.00022575307820366311,1.9030758055809446e-20
5.908,-1.069871797966636,9.525697377337982e-19,1.008686948277323,-0.0074022980622842635,-8.353600572578691e-20,-0.0008612164079099955,0.9999999745975153,3.8573885142417664e-19,0.00022539957546847738,2.0283561196464032e-20
5.91,-1.069886592241518,9.523878357743909e-19,1.0086852275687777,-0.00739197911358459,-9.843615684089297e-20,-0.0008594921365473003,0.9999999746765039,3.964720075928821e-19,0.00022504886476654282,1.844077747251681e-20
5.912,-1.0699013658942944,9.52174924916493e-19,1.0086835103053573,-0.007381675938644958,-1.1450879744151197e-19,-0.0008577712828256605,0.9999999747547476,4.0168445980448554e-19,0.0002247009220957236,1.557602110811306e-20
5.914,-1.0699161189564015,9.519306379755591e-19,1.0086817964802333,-0.007371388426146665,-1.2970450144398188e-19,-0.0008560538401372372,0.9999999748322543,3.9042460343787188e-19,0.00022435572356513695,1.3406265252527e-20
5.916,-1.0699308514590533,9.516554700409478e-19,1.0086800860865903,-0.007361116465728715,-1.45641067636444e-19,-0.0008543398018860107,0.9999999749090327,4.1758359230560186e-19,0.00022401324539514684,1.294715917898136e-20
5.918,-1.0699455634332447,9.513477629175052e-19,1.008678379117626,-0.007350859947983252,-1.6209949750300356e-19,-0.0008526291614877757,0.9999999749850905,4.226971071375977e-19,0.00022367346391735193,1.523454545409534e-20
5.92,-1.0699602549097522,9.510069418958413e-19,1.008676675566551,-0.007340618764451009,-1.7875480733397187e-19,-0.0008509219123701214,0.9999999750604359,4.277863828660436e-19,0.00022333635557457085,1.7516513276547188e-20
5.922,-1.0699749259191367,9.506326142050666e-19,1.0086749754265898,-0.007330392807616748,-1.9560600884151761e-19,-0.0008492180479724199,0.9999999751350768,4.328515343795025e-19,0.00022300189692082295,1.9793075475349552e-20
5.924,-1.0699895764917449,9.502243890461684e-19,1.0086732786909791,-0.007320181970904712,-2.1265211843294802e-19,-0.0008475175617458105,0.999999975209021,4.378926760221377e-19,0.0002226700646213041,2.206424484904247e-20
5.926,-1.0700042066577111,9.497818775826431e-19,1.0086715853529693,-0.007309986148674073,-2.298921571884642e-19,-0.00084582044715319,0.9999999752822762,4.429099215962916e-19,0.0002223408354523601,2.4330034165766716e-20
5.928,-1.0700188164469595,9.49304692931172e-19,1.0086698954058235,-0.007299805236214381,-2.4732515084121803e-19,-0.0008441266976691997,0.9999999753548503,4.479033844769827e-19,0.00022201418630145406,2.6590456163312053e-20
5.93,-1.0700334058892058,9.48792450152334e-19,1.008668208842818,-0.007289639129741018,-2.64950129750902e-19,-0.0008424363067802027,0.9999999754267508,4.528731771676182e-19,0.0002216900941671316,2.884552354928955e-20
5.932,-1.0700479750139589,9.482447662413855e-19,1.0086665256572422,-0.007279487726390654,-2.827661288828832e-19,-0.0008407492679842598,0.9999999754979852,4.578194119714776e-19,0.00022136853615898085,3.109524900105575e-20
5.934,-1.0700625238505228,9.476612601190644e-19,1.0086648458423986,-0.007269350924216705,-3.007721877857112e-19,-0.0008390655747911493,0.9999999755685614,4.62742200639011e-19,0.0002210494894975889,3.334005128312144e-20
5.936,-1.0700770524279988,9.470417677755922e-19,1.0086631693916022,-0.0072592286221847945,-3.186446208374816e-19,-0.0008373852207223071,0.9999999756384863,4.457109443651247e-19,0.00022073293151449476,3.387067040929077e-20
5.938,-1.0700915607752868,9.46387345565003e-19,1.0086614962981812,-0.007249120720168215,-3.357384418608455e-19,-0.0008357081993108595,0.9999999757077674,4.397255943952938e-19,0.00022041883965213737,3.439800936931449e-20
5.94,-1.0701060489210876,9.456985423208448e-19,1.008659826555477,-0.007239027118943399,-3.5302584000813837e-19,-0.0008340345041015735,0.9999999757764121,4.3376877161733825e-19,0.00022010719146380096,3.560860656394168e-20
5.942,-1.0701205168939043,9.449758324728747e-19,1.0086581601568432,-0.007228947720185383,-3.6964523039807906e-19,-0.0008323641286508552,0.9999999758444272,4.27840264740921e-19,0.00021979796461355644,3.715858711844766e-20
5.944,-1.0701349647220442,9.442197597719745e-19,1.008656497095647,-0.007218882426463287,-3.8646067946380627e-19,-0.0008306970665267443,0.9999999759118203,4.274353687713889e-19,0.0002194911368761979,3.836102193246616e-20
5.946,-1.0701493924336205,9.434304346826075e-19,1.0086548373652684,-0.007208831141235785,-4.027183372583961e-19,-0.0008290333113088685,0.9999999759785982,4.051013846568102e-19,0.00021918668613717674,3.648146776654632e-20
5.948,-1.0701638000565548,9.426094725808166e-19,1.0086531809590997,-0.007198793768846591,-4.1809838438681893e-19,-0.0008273728565884621,0.999999976044768,3.8287327801674423e-19,0.00021888459039253152,3.460635789854948e-20
5.95,-1.0701781876185776,9.41758624363855e-19,1.0086515278705463,-0.007188770214519937,-4.3260514164347416e-19,-0.0008257156959683342,0.9999999761103364,3.6075054682807557e-19,0.00021858482774881377,3.2735681822237663e-20
5.952,-1.070192555147231,9.408796323079172e-19,1.0086498780930264,-0.007178760384356068,-4.462429093172996e-19,-0.0008240618230628673,0.9999999761753106,3.3873276677004315e-19,0.00021828737642301096,3.1211684358475605e-20
5.954,-1.0702069026698702,9.399742301090366e-19,1.008648231619971,-0.0071687641853267255,-4.59015967285917e-19,-0.0008224112314979787,0.999999976239697,3.1681951517344464e-19,0.00021799221474246513,3.03766113161531e-20
5.956,-1.070221230213665,9.390441429238084e-19,1.0086465884448237,-0.007158781525270651,-4.709285751365795e-19,-0.0008207639149111282,0.9999999763035027,2.950102973642062e-19,0.00021769932114478813,3.0228829718626587e-20
5.958,-1.0702355378056023,9.380910874098593e-19,1.008644948561041,-0.007148812312889082,-4.819849722591942e-19,-0.0008191198669512799,0.9999999763667341,2.733043966117191e-19,0.00021740867417777387,2.9738726202811624e-20
5.96,-1.0702498254724866,9.371167717661905e-19,1.008643311962092,-0.007138856457741257,-4.921893778993101e-19,-0.0008174790812789135,0.9999999764293979,2.5170139724221997e-19,0.00021712025249930628,2.92497736479725e-20
5.962,-1.0702640932409426,9.361228957733656e-19,1.0086416786414583,-0.007128913870239927,-5.015459912689494e-19,-0.0008158415515659947,0.9999999764915005,2.302008860272919e-19,0.00021683403487726436,2.910463077573066e-20
5.964,-1.0702783411374168,9.351111508334681e-19,1.0086400485926343,-0.007118984461646866,-5.100589916508577e-19,-0.0008142072714959696,0.9999999765530486,2.0880230288750348e-19,0.0002165500001894232,2.895941512421109e-20
5.966,-1.070292569188179,9.340832200098755e-19,1.0086384218091273,-0.007109068144068395,-5.177325384800908e-19,-0.0008125762347637201,0.9999999766140484,1.8750501600935615e-19,0.00021626812742335213,2.81288040586259e-20
5.968,-1.070306777419324,9.330407780668867e-19,1.0086367982844566,-0.007099164830450901,-5.24570771412915e-19,-0.0008109484350755896,0.9999999766745064,1.6630854454611197e-19,0.00021598839567630945,2.661401613439847e-20
5.97,-1.0703209658567734,9.319852763565828e-19,1.0086351780121545,-0.0070892744345763675,-5.310081156435995e-19,-0.0008093238661493404,0.9999999767344286,1.7262591640799792e-19,0.00021571078415513322,2.715285585398184e-20
5.972,-1.070335134526277,9.309163660084786e-19,1.008633560985766,-0.00707939687105791,-5.379074958034887e-19,-0.0008077025217141453,0.9999999767938216,1.7343075757153828e-19,0.00021543527217612955,2.7691198337616284e-20
5.974,-1.070349283453415,9.298340940221298e-19,1.0086319471988479,-0.0070695320553353135,-5.4440550269197145e-19,-0.0008060843955105792,0.9999999768526913,1.7421863950210345e-19,0.00021516183916495663,2.75429453694683e-20
5.976,-1.070363412663599,9.287382219441146e-19,1.0086303366449703,-0.0070596799036705795,-5.514716192860987e-19,-0.0008044694812905918,0.9999999769110438,1.8595510380691143e-19,0.00021489046465650668,2.807719857851718e-20
5.978,-1.0703775221820742,9.27628190108705e-19,1.0086287293177154,-0.0070498403331434745,-5.586725574186479e-19,-0.0008028577728175109,0.9999999769688853,1.9216626814019243e-19,0.00021462112829478356,2.826992394157277e-20
5.98,-1.0703916120339205,9.265032627883281e-19,1.008627125210678,-0.007040013261647089,-5.663310529169325e-19,-0.0008012492638659902,0.9999999770262218,1.9286562596866792e-19,0.000214353809832778,2.9491356835294675e-20
5.982,-1.0704056822440546,9.253634954926447e-19,1.008625524317465,-0.007030198607883396,-5.732614998829601e-19,-0.000799643948222037,0.9999999770830591,1.661483143996694e-19,0.00021408848913233902,2.865980264473366e-20
5.984,-1.0704197328372316,9.24210915488544e-19,1.0086239266316965,-0.007020396291358824,-5.791445897643287e-19,-0.0007980418196829582,0.9999999771394031,1.3955773515037532e-19,0.00021382514616404244,2.817286763116455e-20
5.986,-1.0704337638380457,9.23047612317847e-19,1.008622332147004,-0.007010606232379828,-5.839854909843475e-19,-0.0007964428720573877,0.9999999771952597,1.1309321458908335e-19,0.00021356376100705688,2.768788577731878e-20
5.988,-1.0704477752709332,9.218756652100804e-19,1.008620740857032,-0.00700082835204847,-5.877893474286955e-19,-0.0007948470991652333,0.9999999772506346,8.675408175546923e-20,0.00021330431384900545,2.68613788427489e-20
5.99,-1.070461767160173,9.206970355553141e-19,1.0086191527554373,-0.006991062572258008,-5.907764308395577e-19,-0.0007932544948376694,0.9999999773055335,7.698800191639769e-20,0.0002130467849858252,2.808887185597928e-20
5.992,-1.070475739529889,9.195125993206855e-19,1.0086175678358889,-0.0069813088156884875,-5.934886540022852e-19,-0.0007916650529171363,0.999999977359962,6.178563948438478e-20,0.000212791154821624,2.9314212352479177e-20
5.994,-1.0704896924040508,9.183235505816679e-19,1.008615986092068,-0.0069715670058023435,-5.956046438590119e-19,-0.000790078767257312,0.9999999774139258,6.859809096870694e-20,0.00021253740386853294,2.7790680046138004e-20
5.996,-1.070503625806476,9.171292487901276e-19,1.0086144075176684,-0.006961837066840005,-5.98741495273222e-19,-0.0007884956317230987,0.9999999774674303,8.086104620421483e-20,0.00021228551274655747,2.7296363247449993e-20
5.998,-1.070517539760831,9.159288760407042e-19,1.0086128321063959,-0.0069521189238155095,-6.017111651804057e-19,-0.0007869156401906098,0.9999999775204811,9.307856979155547e-20,0.00021203546218342447,2.5432169879460818e-20
