t,px,py,pz,vx,vy,vz,qw,qx,qy,qz
0.0,0.0,0.0,1.0,0.0,0.0,0.0,1.0,0.0,0.0,0.0
0.002,-2.9740140867934637e-09,0.0,1.0000042084571739,-5.948027965113971e-06,0.0,0.004208456060207548,0.9999999299018263,0.0,-0.0003744280205321799,0.0
0.004,-3.792400109169874e-08,0.0,1.0000127060193544,-3.2385626835146095e-05,0.0,0.00428910184303684,0.9999996042450688,0.0,-0.0008896683123118952,0.0
0.006,-1.4265054371556727e-07,-5.401007604196674e-26,1.000021365459013,-7.539643154077578e-05,-5.401321707181937e-23,0.004370330957172685,0.9999990820876763,2.7411448058592284e-21,-0.0013549257563075375,3.451002612394508e-22
0.008,-3.5437287360304056e-07,-3.240179449864916e-25,1.0000301879092717,-0.0001396173178592683,-2.4294158814428966e-22,0.004452108732487093,0.9999982774654035,6.844612816020733e-21,-0.0018560889596353942,-1.6490952912384062e-22
0.01,-7.121225086041696e-07,-1.1332497148880162e-24,1.0000391744512915,-0.00022121165824931326,-5.930994794322684e-22,0.004534420412457251,0.9999972973070961,1.0928825802240585e-20,-0.002324946989373719,-1.1875080879864002e-21
0.012,-1.253183282381025e-06,-2.8033050204166356e-24,1.0000483261176678,-0.00032307213203243635,-1.1036231296315117e-21,0.0046172293953305145,0.9999960360006364,1.4992469294368725e-20,-0.002815667418935479,-2.2077557021416454e-21
0.014,-2.01591832834191e-06,-5.654053124105425e-24,1.0000576438879667,-0.0004427470551212402,-1.773647897467681e-21,0.004700522087341618,0.9999946036141599,1.903757486438204e-20,-0.003285230975017599,-3.910635436259263e-21
0.016,-3.0375247148352963e-06,-1.0003584173710193e-23,1.0000671286954412,-0.0005820289716136122,-2.6022588505582977e-21,0.004784263031127684,0.9999929018180229,2.306272572245603e-20,-0.0037677995660686378,-5.9528498582382616e-21
0.018000000000000002,-4.3558164269830384e-06,-1.6168161179160378e-23,1.0000767814209515,-0.0007393396700136947,-3.588541728952972e-21,0.004868437850719609,0.9999910270875259,2.7068135891284518e-20,-0.004236241781955125,-8.33262528999097e-21
0.02,-6.007808156979895e-06,-2.4462165929781126e-23,1.0000866029001363,-0.0009157777905407954,-4.73153121795024e-21,0.0049530133630421875,0.9999888979834176,3.1054921453171154e-20,-0.004712102493601559,-1.1392356132778354e-20
0.022,-8.03083982010808e-06,-3.51980442837846e-23,1.0000965939176119,-0.0011103160041110948,-6.0302515612638e-21,0.005037973825756991,0.9999865926676752,3.502142049318448e-20,-0.005178270453847217,-1.4787282520055497e-20
0.024,-1.0461683313559287e-05,-4.8470132570864735e-23,1.0001067552134044,-0.0013236152717736238,-7.051495041618916e-21,0.00512328853523456,0.9999840480380252,6.05898066373076e-21,-0.005648333336882643,-1.594532740124879e-20
0.026000000000000002,-1.3337251733824662e-05,-6.242713208883203e-23,1.0001170874781369,-0.0015549956890497693,-6.824111718426218e-21,0.005208940415539297,0.9999813246129595,4.6296268874761996e-21,-0.006111499432289091,-1.386145661752844e-20
0.028,-1.6694035985031727e-05,-7.659565466320087e-23,1.0001275913583523,-0.0018048421492259234,-7.40716431375996e-21,0.0052949010539918365,0.999978375654984,8.694010558008531e-21,-0.006576338070657664,-1.2092460160916166e-20
0.03,-2.056855206833698e-05,-9.151235826993604e-23,1.0001382674528296,-0.0020726938543044002,-7.500138014956936e-21,0.0053811523121367255,0.9999752467418314,1.2753324023207516e-20,-0.007036043178774337,-1.2384008630040491e-20
0.032,-2.4996985735757572e-05,-1.072805044888804e-22,1.0001491163168077,-0.0023587615663130954,-8.186513288310111e-21,0.0054676677501274175,0.9999719044533395,3.6516488442501923e-22,-0.007496019207654617,-1.3818956748174213e-20
0.034,-3.001547458506196e-05,-1.2295842621253872e-22,1.0001601384593288,-0.002662722667735558,-7.410280868643507e-21,0.005554428494089922,0.9999683825566237,-2.841271993761563e-20,-0.007951973785811856,-1.5373987248952897e-20
0.036000000000000004,-3.565988393524435e-05,-1.3692475158541215e-22,1.0001713343465164,-0.0029846780876092585,-6.691928993330594e-21,0.005641409751362835,0.9999646578991962,-7.71354251244898e-21,-0.00840731541836158,-1.653362331634717e-20
0.038,-4.196598473803445e-05,-1.500523611431526e-22,1.0001827043997653,-0.003324392353877422,-6.354782943297588e-21,0.005728592216129624,0.9999607553028151,-2.0024962632930575e-20,-0.008859337121024085,-1.591120531990598e-20
0.04,-4.896931222113559e-05,-1.6155171345629844e-22,1.000194248998265,-0.0036818971217096818,-5.100003116736411e-21,0.005815952458919736,0.9999566592542608,-3.228929588048883e-20,-0.009310188669337062,-1.5290102809604752e-20
0.042,-5.670527809665547e-05,-1.7052802532303925e-22,1.0002059684778457,-0.00405701188207457,-3.796016161726875e-21,0.005903470993663015,0.9999523879939752,-4.450586490239342e-20,-0.009758163000628208,-1.501303033599963e-20
0.044,-6.520908141169145e-05,-1.7598227587185939e-22,1.0002178631329277,-0.004449724602714444,-1.5783259822989636e-21,0.005991125525349939,0.99994793154953,-5.66632627598461e-20,-0.010204616103370838,-1.473674343525086e-20
0.046,-7.451577932342106e-05,-1.7706425741290969e-22,1.000229933215857,-0.004859889445637826,4.677976500499651e-22,0.0060788965835963694,0.9999433034190686,-5.779230963697312e-20,-0.01064847159742091,-1.5034302636703177e-20
0.048,-8.46602308822928e-05,-1.736847044590885e-22,1.00024217893843,-0.005287466834090189,2.8830873444381082e-21,0.006166762832082525,0.9999384975718997,-5.3420082308214294e-20,-0.011090584910292264,-1.5273044715650137e-20
0.05,-9.567714168072343e-05,-1.660081112501952e-22,1.000254600471585,-0.005732332808445221,4.692839342514299e-21,0.006254704962429499,0.9999335241411667,-4.905309038770005e-20,-0.01153027747399698,-1.5853917104031428e-20
0.052000000000000005,-0.00010760102841215973,-1.5466661243509115e-22,1.0002671979466207,-0.006194430434204729,6.6562984182536764e-21,0.006342702465929269,0.9999283798571168,-3.9248767423953784e-20,-0.011968089083975593,-1.534339309132698e-20
0.054,-0.0001204662470474067,-1.400735552066142e-22,1.0002799714551407,-0.0066736495671924495,7.908668782739159e-21,0.00643073630216761,0.9999230724923608,-3.497748385131467e-20,-0.012403592118309723,-1.4557386935679362e-20
0.056,-0.0001343069705022127,-1.2278286637106081e-22,1.0002929210500513,-0.0071699223452451385,9.318107810471382e-21,0.006518786694192544,0.999917600685633,-2.5251681245100793e-20,-0.012837127368987435,-1.4048175405941555e-20
0.058,-0.00014915720642991572,-1.0348982528940401e-22,1.0003060467456861,-0.007683147359696947,9.91131911456075e-21,0.0066068349443686265,0.9999119705673242,-1.5572559640335744e-20,-0.01326842553474859,-1.3540096212941625e-20
0.06,-0.00016505078316168432,-8.295815508182036e-23,1.0003193485186477,-0.008213249881369022,1.0557029907425594e-20,0.006694861938231645,0.9999061820796399,-5.947074476909597e-21,-0.013697701957573801,-1.2348258715727375e-20
0.062,-0.00018202136095549798,-6.173175696793591e-23,1.0003328263080544,-0.008760134038432678,1.0714443324787853e-20,0.006782849372515405,0.9999002402167109,-2.375439313616817e-20,-0.014124787239611226,-1.3248208141658147e-20
0.064,-0.00020010242315899685,-3.8838218497867447e-23,1.000346480016275,-0.009323720800857131,1.2331809836763792e-20,0.006870778745453623,0.9998941458004758,-3.6018167347917316e-20,-0.014549817659928419,-1.3383348930287642e-20
0.066,-0.000219327283336574,-1.2877732080187823e-23,1.0003603095092566,-0.00990391782139181,1.3564708621933977e-20,0.00695863218283254,0.9998879030409178,-4.8215317113544447e-20,-0.014972686880999954,-1.3175776920145048e-20
0.068,-0.00023972907973110274,1.6462928185731315e-23,1.0003743146171853,-0.010500643392660988,1.5819880365750432e-20,0.007046391759750325,0.999881513346066,-4.94012900793042e-20,-0.015393481373008125,-1.3831987397321984e-20
0.07,-0.00026134077979643916,4.985453917468189e-23,1.000388495134869,-0.011113807427903638,1.7471406405939047e-20,0.0071340400536312855,0.9998749803843973,-4.5082529194925185e-20,-0.015812134621911476,-1.474469497629013e-20
0.07200000000000001,-0.00028419517674465895,8.674158185038844e-23,1.0004028508223441,-0.011743326571287781,1.9387673481202014e-20,0.0072215596904299795,0.999868305948293,-4.088002764072052e-20,-0.01622870173769498,-1.1201807341439294e-20
0.074,-0.00030832489244712516,1.2685972842897444e-22,1.0004173814052966,-0.012389112204224676,2.070259323043591e-20,0.007308933713247691,0.9998614933305533,-3.124450357845782e-20,-0.01664314137403866,-5.522779050053689e-21
0.076,-0.0003337623753018885,1.6962174595719954e-22,1.0004320865756289,-0.01305107997620329,2.2067856291623338e-20,0.007396145279703358,0.9998545445702977,-3.253054641898475e-20,-0.017055488914804687,-5.1792934540466855e-21
0.078,-0.0003605399021106749,2.150559140230309e-22,1.0004469659919055,-0.013729142241937884,2.337469722564414e-20,0.007483177906631188,0.9998474626971843,-3.928101255532678e-20,-0.01746571893748113,-5.615344867213984e-21
0.08,-0.00038868957678366554,2.6362263606130534e-22,1.0004620192798934,-0.014423214073345826,2.5164158609334653e-20,0.00757001526878884,0.999840249903752,-4.054092640843782e-20,-0.017873854436109653,-4.584731953559848e-21
0.082,-0.0004182433315753604,3.153476087894552e-22,1.00047724603302,-0.015133208491079037,2.6569019856499867e-20,0.0076566413606370355,0.9998329090324134,-3.633787581944357e-20,-0.01827988008117627,-2.773568852422766e-21
0.084,-0.00044923292632216403,3.70112572022227e-22,1.0004926458128953,-0.015859040257235217,2.813218181848364e-20,0.007743040362700879,0.9998254423661551,-3.2159136987633763e-20,-0.018683811102733466,-6.242832873318419e-22
0.08600000000000001,-0.0004816899492785557,4.276564026935016e-22,1.0005082181497773,-0.01660062286920233,2.963633769690343e-20,0.00782919674807516,0.9998178526110467,-6.085720859027841e-20,-0.0190856385860061,-8.079215739960216e-22
0.088,-0.0005156458166953012,4.899891102795018e-22,1.0005239625430788,-0.017357870952723176,3.281212370504994e-20,0.007915095193785244,0.9998101420982001,-8.395037259155665e-20,-0.019485372913483404,-8.854996976626483e-22
0.09,-0.000551131773408103,5.5875127646194625e-22,1.0005398784618371,-0.01813069836715228,3.613716702249192e-20,0.008000720650567547,0.9998023134313059,-1.0690749967826334e-19,-0.019883009264427053,-2.3319057533542875e-21
0.092,-0.0005881788926351439,6.358627792972903e-22,1.000555965345209,-0.018919019715786325,4.1016479212171497e-20,0.008086058284062737,0.9997943689612483,-1.1335288255149712e-19,-0.020278555012126536,-7.058864756179697e-22
0.094,-0.0006268180764140982,7.2179240977302e-22,1.0005722226029408,-0.019722749152028637,4.506321411381357e-20,0.00817109352026667,0.9997863112118912,-1.1977271415638147e-19,-0.02067200796535608,1.2599003226082387e-21
0.096,-0.0006670800555424194,8.173299742108221e-22,1.0005886496158543,-0.02054180133298732,5.0660153475233324e-20,0.008255812006440951,0.9997781425349429,-1.3163662485092257e-19,-0.02106337364667596,3.450744906665056e-21
0.098,-0.0007089953899230919,9.232973927567384e-22,1.0006052457363148,-0.021376090667654453,5.53123772712347e-20,0.00834019964048701,0.9997698653893424,-1.2144632937114998e-19,-0.021452651569821395,3.3583901301860625e-21
0.1,-0.0007525944685992704,1.039250199081245e-21,1.0006220102887098,-0.02222553191937119,6.086207048442067e-20,0.00842424254485187,0.9997614821149804,-1.4959679703373756e-19,-0.021839846136314615,-6.411380683687346e-22
0.10200000000000001,-0.0007979075100467605,1.1668719504812357e-21,1.0006389425699143,-0.023090039732746433,6.676427285234216e-20,0.008507927085302118,0.9997529951156684,-1.502667280942029e-19,-0.022224957980852108,-1.9760449000151866e-21
0.10400000000000001,-0.0008449645622724024,1.3063245599053318e-21,1.0006560418497612,-0.0239695290146536,7.269292702456657e-20,0.008591239853371539,0.9997444067110525,-1.5090438517530635e-19,-0.022607990843199536,-4.67785847592662e-21
0.106,-0.0008937955030771486,1.4576609425234817e-21,1.000673307371504,-0.02486391463691684,7.86480564355413e-20,0.008674167678158989,0.9997357192562248,-1.5151047835418297e-19,-0.022988946109798136,-8.743760242988546e-21
0.108,-0.0009444300401987975,1.6209341341655134e-21,1.0006907383522805,-0.02577311167761452,8.462973674672462e-20,0.008756697614376155,0.9997269350449698,-1.5221032761585246e-19,-0.023367827147407767,-8.688959503315346e-21
0.11,-0.000996897711560634,1.796197133508433e-21,1.000708333983571,-0.026697035234592485,9.063784763695762e-20,0.008838816949561156,0.9997180563878268,-1.5288990565441434e-19,-0.023744635860462816,-9.319541418493687e-21
0.112,-0.0010512278854461934,1.9836108711320926e-21,1.0007260934316553,-0.02763560057864685,9.678045515487284e-20,0.00892051319578808,0.999709085548971,-1.5904889999546565e-19,-0.02411937542392786,-1.0078989108612496e-20
0.114,-0.0011074497607428129,2.1832278822923533e-21,1.0007440158380667,-0.028588723036908965,1.0262478355940031e-19,0.009001774093871429,0.9997000247970805,-1.2691855955251166e-19,-0.024492048111920187,-6.485374085871957e-21
0.116,-0.0011655923671405682,2.393046462080489e-21,1.0007621003200433,-0.02955631809043248,1.0698301231049421e-19,0.009082587607463376,0.9996908763642169,-1.113239903045454e-19,-0.024862657021005624,-5.702214151744704e-21
0.11800000000000001,-0.001225684565376545,2.6115443147760038e-21,1.0007803459709754,-0.030538301301621287,1.1159302192610517e-19,0.009162941925284196,0.9996816424789235,-1.1779026887893375e-19,-0.025231204700567226,-3.411366513531774e-21
0.12,-0.0012877550474529051,2.83926061790563e-21,1.0007987518608519,-0.0315345883767331,1.1612913976101486e-19,0.00924282545677171,0.9996723253394715,-1.2421510091273453e-19,-0.025597694239408594,-1.4681995636397185e-21
0.122,-0.001351832336885453,3.0766244216652514e-21,1.0008173170367025,-0.0325450951210615,1.2124022319968213e-19,0.00932222683301674,0.9996629271353674,-1.2509775740145348e-19,-0.025962128401758135,-7.380995717710162e-23
0.124,-0.0014179447889375637,3.323772900048949e-21,1.0008360405230377,-0.033569737479292365,1.2584157991711155e-19,0.009401134903418096,0.9996534500299672,-1.2047193397042338e-19,-0.02632451031233457,1.1173545071194541e-21
0.126,-0.0014861205908752134,3.580264869252655e-21,1.000854921322285,-0.034608431508167496,1.3058376433488743e-19,0.009479538735767849,0.999643896174434,-1.1038343640979202e-19,-0.02668484291123992,2.7924729383409444e-21
0.128,-0.0015563877622146222,3.8454074908492095e-21,1.000873958415224,-0.03566109340285243,1.3449252842462716e-19,0.009557427613554931,0.9996342676964529,-1.0036831778555998e-19,-0.027043129385791242,5.490925096092313e-21
0.13,-0.0016287741549850293,4.1186195336901764e-21,1.0008931507614165,-0.036727639480603376,1.3886981569561591e-19,0.009634791035491334,0.9996245667092788,-1.232280900424106e-19,-0.027399372826527532,5.237823105126626e-21
0.132,-0.0017033074539886126,4.4014857036752405e-21,1.0009124972996348,-0.0378079861982918,1.4414593907685998e-19,0.00971161871323176,0.9996147953044191,-1.4598853185233105e-19,-0.02775357649933791,5.329200721189288e-21
0.134,-0.00178001517707173,4.6956910461881594e-21,1.000931996948287,-0.038902050142989364,1.5010011948240016e-19,0.009787900570531055,0.9996049555574944,-1.5212361639459583e-19,-0.028105743628305986,3.137931745657998e-21
0.136,-0.0018589246753961215,5.0017587090725246e-21,1.000951648605839,-0.04000974804389435,1.559721097504359e-19,0.009863626741228922,0.9995950495234985,-1.5826350401059143e-19,-0.028455877567120716,1.6359114175537831e-21
0.138,-0.0019400631337189917,5.3201377328883586e-21,1.0009714511512335,-0.04113099676725833,1.624112185456032e-19,0.009938787568162973,0.9995850792405919,-1.6435192745511693e-19,-0.028803981661914686,-2.0408190028345598e-22
0.14,-0.002023457570674782,5.651418300703633e-21,1.0009914034443066,-0.04226571332476118,1.6887339762687522e-19,0.010013373601320574,0.9995750467270368,-1.7586105895293755e-19,-0.029150059359158185,-2.8825435000804116e-21
0.14200000000000002,-0.002109134839064241,5.996151255157382e-21,1.0010115043262002,-0.04341381487115495,1.756829695795373e-19,0.01008737559658897,0.9995649539836512,-1.5998467945733805e-19,-0.029494114118948825,-2.3577910274383127e-21
0.14400000000000002,-0.002197121626146241,6.3534416333462905e-21,1.0010317526197725,-0.044575218710378395,1.8143114247054817e-19,0.010160784514011128,0.9995548029918307,-1.4963777523150155e-19,-0.02983614948284992,-1.996116131175532e-21
0.146,-0.002287444453935846,6.722253579386438e-21,1.0010521471300047,-0.04574984229489372,1.872048547963712e-19,0.010233591516426166,0.9995445957151373,-1.2290946905775298e-19,-0.03017616901899996,-8.029570078497085e-22
0.148,-0.00238012967950575,7.100762393502264e-21,1.001072686644405,-0.046937603230354966,1.9105663602277517e-19,0.010305787967788633,0.9995343340980264,-9.083512844993148e-20,-0.03051417636469138,1.2357634581679147e-21
0.15,-0.0024752034952932743,7.486647739791264e-21,1.0010933699334101,-0.04813841927599182,1.9494304233379674e-19,0.0103773654317343,0.9995240200668772,-1.0826603997444865e-19,-0.0308501751915497,2.446188962985053e-21
0.152,-0.002572691929411078,7.88077369530595e-21,1.0011141957507812,-0.04935220834834559,1.9908034377118466e-19,0.010448315669937022,0.9995136555291774,-9.267036212412523e-20,-0.031184169232184013,2.6147526492910606e-21
0.154,-0.0026726208459629526,8.282017121935192e-21,1.0011351628340004,-0.05057888852229302,2.0195282808509522e-19,0.010518630640622995,0.9995032423741939,-6.618979337984302e-20,-0.03151616225802539,3.1239655831329446e-21
0.156,-0.002775015945363514,8.688430885916295e-21,1.0011562699046612,-0.05181837803417403,2.0443178813266347e-19,0.010588302496948802,0.9994927824724545,-6.186078156010082e-20,-0.031846158095934,6.3628959171851124e-21
0.158,-0.0028799027646626263,9.099627434629631e-21,1.001177515668857,-0.05307059528319905,2.0673572842684143e-19,0.010657323585479586,0.9994822776761895,-5.751798471867374e-20,-0.03217416061402332,8.56633361937785e-21
0.16,-0.002987306677873803,9.51525747147568e-21,1.0011988988175662,-0.05433545883417315,2.0886539744328976e-19,0.010725686444578124,0.9994717298190051,-5.3183767086788106e-20,-0.03250017373193529,1.0420881663069868e-20
0.162,-0.003097252896307085,9.93497321740003e-21,1.001220418027035,-0.05561288741912528,2.1082155755849691e-19,0.010793383802857248,0.9994611407161783,-4.888015110700776e-20,-0.03282420141170293,1.2613150046119893e-20
0.164,-0.003209766468905897,1.0358428406075678e-20,1.0012420719591553,-0.056902799939758116,2.126049598451767e-19,0.01086040857757377,0.9994505121644567,-4.459579660576695e-20,-0.033146247664034234,1.4800270563953385e-20
0.166,-0.003324872282588185,1.0785278268683274e-20,1.0012638592618408,-0.058205115469197516,2.142163543550271e-19,0.010926753873062231,0.9994398459422594,-4.030811632737583e-20,-0.03346631654235431,1.6296899169397528e-20
0.168,-0.003442595062591496,1.1215179564027334e-20,1.0012857785693996,-0.059519753254249755,2.15656515730956e-19,0.01099241297913012,0.9994291438095603,-3.6040128138135534e-20,-0.03378441214657417,1.7789611158650874e-20
0.17,-0.0035629593728221695,1.1647790596722932e-20,1.0013078285029038,-0.06084663271720735,2.1692621155462494e-19,0.011057379369477897,0.999418407508029,-3.181446650279225e-20,-0.03410053861914014,1.9963365465233538e-20
0.17200000000000001,-0.0036859896162084156,1.2082771180951917e-20,1.0013300076705551,-0.062185673457965385,2.1802618810169777e-19,0.011121646700093546,0.9994076387609698,-2.758459542000332e-20,-0.03441470014721854,2.1447097406945415e-20
0.17400000000000002,-0.003811710035057357,1.2519782643211348e-20,1.0013523146680485,-0.06353679525584362,2.1895721281672126e-19,0.011185208807662462,0.9993968392734258,-2.3362376140467198e-20,-0.03472690096001301,2.2584494830183314e-20
0.176,-0.0039401447114158815,1.2958487858656624e-20,1.0013747480789312,-0.06489991807159479,2.1972006615252985e-19,0.011248059707960462,0.9993860107321535,-1.9159651491445572e-20,-0.035037145329952134,2.37188368976762e-20
0.178,-0.0040713175674353345,1.3398551261763343e-20,1.0013973064749602,-0.06627496204921784,2.203155248458436e-19,0.0113101935942562,0.9993751548057057,-1.4976335945494103e-20,-0.03534543757080847,2.4850134366485665e-20
0.18,-0.0042052523657399275,1.383963884749804e-20,1.0014199884164547,-0.06766184751787924,2.20744377485678e-19,0.01137160483570243,0.9993642731444308,-1.076424195138758e-20,-0.03565178203825942,2.460940932912011e-20
0.182,-0.004341972709798874,1.428141822725632e-20,1.0014427924526472,-0.0690604949937017,2.210074552608802e-19,0.011432287975733032,0.9993533673805421,-6.560312070470173e-21,-0.03595618312851388,2.4026019715759104e-20
0.184,-0.004481502044302145,1.472355870162595e-20,1.0014657171220296,-0.07047082518161188,2.2110560850393266e-19,0.011492237730452739,0.9993424391281346,-2.376706513930322e-21,-0.03625864527847984,2.3443631070459188e-20
0.186,-0.004623863655539847,1.516573127246364e-20,1.0014887609526972,-0.07189275897709506,2.2103968745076143e-19,0.011551448987030442,0.9993314899832468,1.7742506953854417e-21,-0.03655917296471321,2.320468103835485e-20
0.188,-0.004769080671785113,1.560760862366376e-20,1.0015119224626898,-0.07332621746797782,2.20810520540665e-19,0.011609916802087865,0.9993205215238903,5.917947566521421e-21,-0.036857770703339454,2.2623502216781808e-20
0.19,-0.004917176063680513,1.6048865096667468e-20,1.0015352001603284,-0.07477112193614294,2.204189443087478e-19,0.011667636400090609,0.9993095353101076,1.0028915725218155e-20,-0.03715444304920757,2.238494398828537e-20
0.192,-0.005068172644627889,1.648917670062015e-20,1.001558592544549,-0.07622739385925269,2.1986578187955133e-19,0.011724603171736346,0.9992985328840108,1.4120288356503934e-20,-0.037449194595658625,2.2146596242284856e-20
0.194,-0.005222093071181593,1.6928221077604877e-20,1.0015820981052341,-0.07769495491242046,2.1915184908327213e-19,0.011780812672344883,0.9992875157698389,1.820480642780369e-20,-0.037742029973811195,2.1565627971269435e-20
0.196,-0.005378959843445058,1.7365677514956284e-20,1.0016057153235405,-0.07917372696987857,2.182779772806305e-19,0.011836260620246614,0.9992764854740022,2.2308186714486303e-20,-0.03803295385223531,1.995841900549916e-20
0.198,-0.005538795305470664,1.7801226996944387e-20,1.0016294426722225,-0.0806636321066046,2.1724503653057477e-19,0.011890942895172653,0.999265443485141,2.641701064577006e-20,-0.0383219709363228,1.7669804476426762e-20
0.2,-0.005701621645662855,1.8234552276219255e-20,1.0016532786159547,-0.0821645925999364,2.1605391462274233e-19,0.011944855536644426,0.9992543912741755,3.049222868281662e-20,-0.03860908596790363,1.5728644369617793e-20
0.202,-0.005867460897184434,1.86653378668383e-20,1.0016772216116485,-0.08367653093115206,2.1470549355820842e-19,0.011997994742364815,0.9992433302943647,3.457337867428832e-20,-0.03889430372467175,1.3106890330469762e-20
0.20400000000000001,-0.006036334938366017,1.9093270075898067e-20,1.001701270108768,-0.08519936978703402,2.132006817101383e-19,0.012050356866609683,0.9992322619813622,3.8673448219818624e-20,-0.039177629019767166,9.463742725707039e-21
0.20600000000000002,-0.006208265493118577,1.951814525100437e-20,1.0017254225496406,-0.08673303206140236,2.1186499736083498e-19,0.012101938418621052,0.9992211877532758,1.5253599708985674e-20,-0.03945906670123875,7.494062605139283e-21
0.20800000000000002,-0.006383274131349039,1.9941635931266616e-20,1.001749677369766,-0.08827744085662934,2.117793045505691e-19,0.012152736061001323,0.9992101090107278,8.311949198495719e-21,-0.03973862165160667,8.235169557734183e-21
0.21,-0.00656138226937887,2.0364756842114767e-20,1.0017740329981213,-0.08983251948512594,2.1142279160322313e-19,0.012202746608109378,0.9991990271369171,-9.499391832926581e-21,-0.0400162987873506,7.513196843865518e-21
0.212,-0.006742611170365632,2.078844598281319e-20,1.0017984878574622,-0.09139819147080808,2.1231090974700466e-19,0.012251967024458302,0.9991879434976817,-1.626984152241042e-20,-0.040292103058461655,7.233809108254918e-21
0.214,-0.006926981944727432,2.1213202273193755e-20,1.0018230403646227,-0.09297438055053656,2.1238153065445346e-19,0.012300394423115295,0.9991768594415643,-1.2051940020884499e-20,-0.04056603944794863,7.397520113710171e-21
0.216,-0.007114515550570235,2.1638836754858508e-20,1.0018476889308099,-0.09456101067553585,2.1315316420332114e-19,0.012348026064103654,0.9991657762998772,-1.3346012672751855e-20,-0.04083811297138534,7.680394699181123e-21
0.218,-0.007305232794117988,2.2065341957295525e-20,1.0018724319618963,-0.0961580060127879,2.1332442885482614e-19,0.01239485935280729,0.9991546953867707,-9.196692748848003e-21,-0.041108328676430175,8.871241983236532e-21
0.22,-0.0074991543301455126,2.2492566794719113e-20,1.00189726785871,-0.09776529094640422,2.138729204009669e-19,0.012440891838377762,0.9991436179993004,3.8335948385247986e-22,-0.04137669164237252,1.0968999662800489e-20
0.222,-0.007696300662414112,2.2919748700804997e-20,1.0019221950173185,-0.09938279007897405,2.1317366956707875e-19,0.012486121212144208,0.9991325454174981,9.934068202701244e-21,-0.04164320697966267,1.2376413012550632e-20
0.224,-0.00789669214410986,2.334580494014286e-20,1.001947211829314,-0.10101042823289054,2.1274763238637098e-19,0.012530545306026134,0.999121478904442,3.038238252295799e-20,-0.04190787982945967,1.4236463814729377e-20
0.226,-0.008100348978284513,2.3769333142709433e-20,1.001972316682091,-0.10264813045165372,2.106462704920469e-19,0.012574162090949508,0.9991104197063296,5.0820249630794064e-20,-0.04217071536316971,1.4035960649987312e-20
0.228,-0.008307291218299009,2.4189010684846358e-20,1.001997507959124,-0.10429582200115155,2.091500095718179e-19,0.01261696967526608,0.9990993690525508,3.2857999969539325e-20,-0.042431718781996815,1.153130353019025e-20
0.23,-0.008517538768269505,2.4605757066266022e-20,1.0020227840402396,-0.1059534283709182,2.0749814290912624e-19,0.01265896630317629,0.9990883281557623,4.774506254954936e-20,-0.04269089531648858,1.2826716118980703e-20
0.232,-0.00873111138351591,2.501861159173628e-20,1.0020481433018882,-0.10762087527537065,2.0525861864646415e-19,0.01270015035315587,0.9990772982119634,6.260540330453409e-20,-0.04294825022609056,1.3091372289682576e-20
0.234,-0.008948028671012865,2.5426401855340473e-20,1.0020735841174093,-0.10929808865502291,2.024343496841882e-19,0.012740520336386266,0.9990662804005732,7.740969515714963e-20,-0.04320378879869861,1.3011196955478839e-20
0.23600000000000002,-0.00916831008984314,2.5827961288576522e-20,1.0020991048572965,-0.11098499467767879,1.9902825297355135e-19,0.012780074895189142,0.9990552758845077,9.215831020760112e-20,-0.04345751635021756,1.258743302861325e-20
0.23800000000000002,-0.009391974951653378,2.6222129148187438e-20,1.0021247038894578,-0.11268151973960266,1.950432402529428e-19,0.012818812801465039,0.9990442858102593,1.0683666033909802e-19,-0.043709438224119636,1.2163248790049133e-20
0.24,-0.00961904242111218,2.6607750503086124e-20,1.0021503795794733,-0.11438759046666902,1.9048221079414138e-19,0.012856732955136412,0.9990333113079763,1.214151458866723e-19,-0.043959559791007824,1.2422923545344613e-20
0.242,-0.009849531516370443,2.6983676190290762e-20,1.0021761302908494,-0.11610313371549046,1.8534802726702103e-19,0.012893834382595165,0.9990223534915442,1.3589440935408718e-19,-0.04420788644818,1.3365269302509085e-20
0.244,-0.010083461109523963,2.734876273317123e-20,1.0022019543852705,-0.11782807657452463,1.796435157076156e-19,0.012930116235154842,0.9990114134586671,1.5027491456980195e-19,-0.044454423619197214,1.4989093200341664e-20
0.246,-0.010320849927078199,2.77018722638297e-20,1.0022278502228472,-0.11956234636516005,1.733714544841737e-19,0.012965577787507662,0.9990004922909509,1.6454225755022343e-19,-0.04469917675345334,1.7634731196055448e-20
0.248,-0.01056171655041521,2.804208883757381e-20,1.0022538161623618,-0.12130587064278109,1.668592122199793e-19,0.013000218436186485,0.9989895910539869,1.5149455830534141e-19,-0.04494215132574837,1.5966588704981014e-20
0.25,-0.010806079416262696,2.837001615756444e-20,1.0022798505615098,-0.12305857719781219,1.610818838483036e-19,0.013034037698031933,0.9989787107974365,1.4944892727572116e-19,-0.0451833528358635,1.4795740616612253e-20
0.252,-0.0110539568171651,2.8686038640835295e-20,1.0023059517771398,-0.12482039405674156,1.5484611053776652e-19,0.013067035208664698,0.9989678525551164,1.5838243057426932e-19,-0.04542278680813944,1.3781603443396535e-20
0.254,-0.011305366901956743,2.8989494039560837e-20,1.0023321181654887,-0.12659124948312445,1.4847901464099996e-19,0.013099210720963284,0.9989570173450851,1.6724153626819246e-19,-0.04566045879105684,1.3453263899463556e-20
0.256,-0.011560327676236947,2.927954302732698e-20,1.0023583480824154,-0.12837107197856612,1.4144006291347105e-19,0.013130564103547257,0.9989462061697302,1.8149147418654604e-19,-0.04589637435681971,1.4060525063271722e-20
0.258,-0.011818857002847101,2.955524267633086e-20,1.0023846398836302,-0.13015979028368477,1.3427448721188676e-19,0.013161095339266163,0.9989354200158561,1.7927723577174003e-19,-0.04613053910094109,1.288219680673142e-20
0.26,-0.012080972602349627,2.9816701870921084e-20,1.0024109919249222,-0.13195733337905446,1.2719954346166556e-19,0.013190804523694241,0.9989246598547731,1.7707316893701193e-19,-0.04636295864183155,1.1707509116815943e-20
0.262,-0.012346692053508823,3.006410146878031e-20,1.002437402562383,-0.13376363048612838,1.2021482567791568e-19,0.01321969186363102,0.9989139266423863,1.7484749517123903e-19,-0.0465936386203901,1.1220225312860036e-20
0.264,-0.01261603279377353,3.029762150462843e-20,1.0024638701526278,-0.13557861106814226,1.1331991171858064e-19,0.013247757675607987,0.9989032213192863,1.7261642785269578e-19,-0.04682258469959778,1.1076840692956865e-20
0.266,-0.012889012119761577,3.051744115300856e-20,1.0024903930530136,-0.13740220483099844,1.0651437186765356e-19,0.013275002384401423,0.99889254481084,1.704438988300031e-19,-0.04704980256411371,9.907383902455991e-21
0.268,-0.013165647187745988,3.072373876216997e-20,1.0025169696218532,-0.13923434172413063,9.979781559682951e-20,0.013301426521551477,0.9988818980272819,1.6837757310429258e-19,-0.04727529791987376,6.687413075835186e-21
0.27,-0.013445955014142889,3.091669196555178e-20,1.0025435982186286,-0.14107495194134945,9.316991842135581e-20,0.013327030723887702,0.9988712818638068,1.6635208499119282e-19,-0.04749907649369176,2.7908850918666538e-21
0.272,-0.013729952476001095,3.109647777761723e-20,1.0025702772041991,-0.14292396592166892,8.663037710667493e-20,0.01335181573206103,0.9988606972006622,1.6433501448438396e-19,-0.047721144032863226,-1.09603807166502e-21
0.274,-0.014017656311493324,3.126316440235375e-20,1.002597004941008,-0.1447813143501141,7.985425703315649e-20,0.013375782389082432,0.9988501449032422,1.8961021265491528e-19,-0.04794150630477164,-1.6115648521929998e-21
0.276,-0.014309083120409015,3.1414944742309945e-20,1.002623779793286,-0.14664692815851005,7.186925152285529e-20,0.013398931638868277,0.9988396258221812,1.9825782226040021e-19,-0.04816016909649725,-1.547396639245884e-21
0.278,-0.014604249364648695,3.1550958805161596e-20,1.0026506001272508,-0.1485207385262522,6.398003963152628e-20,0.013421264524792531,0.9988291407934494,2.1234073704507742e-19,-0.0483771382144284,-1.2209027747710302e-21
0.28,-0.014903171368719879,3.1670206395216676e-20,1.0026774643113052,-0.15040267688105827,5.531947392906053e-20,0.013442782188245865,0.9988186906384469,2.1003665505494105e-19,-0.04859241948387535,-3.401504175265732e-21
0.28200000000000003,-0.015205865320234454,3.1773061072552234e-20,1.0027043707162318,-0.15229267489970202,4.762313227942804e-20,0.013463485867201893,0.9988082761641001,2.0226674971228475e-19,-0.04880601874868663,-5.8428677953296126e-21
0.28400000000000003,-0.015512347270407501,3.186004004055243e-20,1.0027313177153843,-0.15419066450872887,3.9479602037488115e-20,0.01348337689479044,0.9987978981629579,1.8904018565252524e-19,-0.0490179418708679,-8.202266279849292e-21
0.28600000000000003,-0.015822633134557545,3.1932270691079086e-20,1.0027583036848764,-0.15609657788515338,3.2946458137677886e-20,0.013502456697878097,0.9987875574132886,1.6485311377839026e-19,-0.04922819473020325,-9.379928805230237e-21
0.28800000000000003,-0.016136738692608177,3.1991631780697695e-20,1.0027853270037685,-0.1580103474571392,2.660936543899099e-20,0.013520726795656109,0.9987772546791769,1.4070065502872335e-19,-0.04943678322387904,-9.182604527022403e-21
0.29,-0.016454679589591008,3.203988549062162e-20,1.0028123860542502,-0.15993190590466125,2.165797328234208e-20,0.0135381887982356,0.9987669907106214,1.3865119498165409e-19,-0.049643713266110216,-9.609783608703228e-21
0.292,-0.01677647133614995,3.2077270543915905e-20,1.002839479221821,-0.16186118616015022,1.5596449901603978e-20,0.01355484440525045,0.9987567662436331,1.3654704936502992e-19,-0.04984899078776909,-9.009088589155364e-21
0.294,-0.01710212930904675,3.2103664375577516e-20,1.002866604895468,-0.16379812140912,1.0919256271664385e-20,0.013570695404467604,0.9987465820003338,1.2891373109014627e-19,-0.050052621736016545,-7.656610807176792e-21
0.296,-0.017431668751667774,3.211980987510275e-20,1.002893761467841,-0.16574264509077774,5.23958575001666e-21,0.013585743670405121,0.998736438689055,1.3787655199120807e-19,-0.05025461207393576,-7.878827060218374e-21
0.298,-0.017765104774531984,3.212540071868877e-20,1.0029209473354241,-0.16769469089861674,2.925683054248835e-22,0.013599991162957993,0.9987263370044371,1.358542847336537e-19,-0.05045496778016835,-8.309349593817873e-21
0.3,-0.018102452355800092,3.21201315200926e-20,1.0029481608987054,-0.1696541927809927,-5.5482048972190635e-21,0.013613439926031742,0.9987162776275292,1.393428518272511e-19,-0.05065369484855297,-9.489015428334668e-21
0.302,-0.01844372634178485,3.210405888410578e-20,1.002975400562344,-0.17162108494168288,-1.0438696520805323e-20,0.013626092086183959,0.998706261225889,1.2648728767874473e-19,-0.05085079928776634,-1.3209362634889064e-20
0.304,-0.018788941447462435,3.207788879544374e-20,1.003002664735333,-0.17359530184042893,-1.5898459094808646e-20,0.013637949851273794,0.998696288453683,1.4641014401171827e-19,-0.05104628712096668,-1.2852405487796297e-20
0.306,-0.0191381122569849,3.204037691975186e-20,1.0030299518311618,-0.175576778193463,-2.1599517200392735e-20,0.01364901550911954,0.9986863599517875,1.4419746427245919e-19,-0.05124016438543962,-1.0880661454593689e-20
0.308,-0.01949125322419368,3.199154731211914e-20,1.0030572602679744,-0.17756544897401774,-2.7216268970801975e-20,0.013659291426164285,0.9986764763478889,1.4197834183905492e-19,-0.051432437132246496,-8.570913609911013e-21
0.31,-0.01984837867313408,3.1931568100784303e-20,1.0030845884687245,-0.17956124941281976,-3.2749199189870546e-20,0.013668780046149721,0.9986666382565854,1.397528199332017e-19,-0.05162311142587502,-5.923963389662466e-21
0.312,-0.020209502798570745,3.186060643940705e-20,1.00311193486133,-0.18156411499856748,-3.8198796779689635e-20,0.013677483888798355,0.9986568462794881,1.375384984477769e-19,-0.051812193343892414,-3.2828216878911816e-21
0.314,-0.020574639666504073,3.1778828504340176e-20,1.0031392978788227,-0.18357398147839274,-4.356555519976566e-20,0.013685405548503784,0.9986471010053226,1.3531781406186412e-19,-0.051999688976600886,-3.0526394877189897e-22
0.316,-0.02094380321468752,3.168639947374884e-20,1.0031666759594973,-0.18559078485830682,-4.884997235206459e-20,0.013692547693029602,0.9986374030100308,1.330728582179601e-19,-0.0521856044266955,3.3501031360731963e-21
0.318,-0.021317007253145805,3.15834835236773e-20,1.0031940675470554,-0.18761446140363075,-5.405255748721387e-20,0.013698913062216543,0.9986277528568733,1.3082165301582025e-19,-0.05236994580892446,7.339481080874857e-21
0.32,-0.021694265464693933,3.147024380103789e-20,1.00322147109075,-0.1896449476394102,-5.917383081683315e-20,0.013704504466698183,0.9986181510965314,1.2852840121292519e-19,-0.05255271924975172,1.2346463090076833e-20
0.322,-0.022075591405457055,3.134684239132431e-20,1.003248885045525,-0.19168218035081494,-6.421432241381973e-20,0.0137093247866252,0.9986085982672094,1.264449511806997e-19,-0.052733930887021926,1.3577985663649123e-20
0.324,-0.0224609985053911,3.121344041742588e-20,1.0032763078721525,-0.19372609658352327,-6.917445037886203e-20,0.013713376970398171,0.9985990948947372,1.246594874314673e-19,-0.05291358686962784,9.332391889187245e-21
0.326,-0.022850500068804167,3.107019829659111e-20,1.0033037380373688,-0.1957766336440912,-7.405451483930428e-20,0.013716664033409064,0.9985896414926729,1.2284542320568134e-19,-0.05309169335717995,5.780733433706622e-21
0.328,-0.02324410927487863,3.0917275863663034e-20,1.0033311740140072,-0.1978337291003068,-7.885481235877786e-20,0.01371918905679135,0.9985802385624071,1.2100304661773876e-19,-0.053268256519678606,2.9217819937782344e-21
0.33,-0.02364183917819395,3.0754832342068164e-20,1.0033586142811273,-0.1998973207815298,-8.357564978004775e-20,0.013720955186178874,0.9985708865932605,1.192050879106326e-19,-0.05344328253718812,-6.140111063848598e-22
0.332,-0.024043702709250145,3.0583026357492473e-20,1.003386057324144,-0.20196734677901645,-8.821732002822972e-20,0.013721965630473551,0.9985615860625945,1.1745140053527381e-19,-0.05361677759951381,-4.825452210632024e-21
0.334,-0.02444971267499189,3.040190775532194e-20,1.003413501634952,-0.20404374544622997,-9.299652678120306e-20,0.01372222366062184,0.998552337435909,1.3747568981304284e-19,-0.053788747905880736,-5.455977606963621e-21
0.336,-0.024859881759333242,3.0210336272806144e-20,1.0034409457120486,-0.20612645539913654,-9.845306791502189e-20,0.01372173260840004,0.9985431411669472,1.2994502762130587e-19,-0.05395919966461509,-6.1935544412686665e-21
0.338,-0.025274222523682912,3.00087296509713e-20,1.003468388060655,-0.2082154155164871,-1.0317618082713223e-19,0.013720495865208534,0.9985339976977985,1.3341778395514544e-19,-0.0541281390928278,-6.6795763862438945e-21
0.34,-0.025692747407470115,2.979667449770428e-20,1.0034958271928331,-0.21031056494008496,-1.0890148580130684e-19,0.013718516880874951,0.9985249074590016,1.423853320286889e-19,-0.05429557241610041,-7.551915321449527e-21
0.342,-0.026115468728670935,2.9573686595505554e-20,1.0035232616276024,-0.21241184307503969,-1.1389214920638174e-19,0.013715799162466284,0.9985158708696474,1.1832009483026151e-19,-0.05446150586817328,-7.814070296213301e-21
0.34400000000000003,-0.026542398684335174,2.9341160298690244e-20,1.0035506898910527,-0.2145191895900068,-1.186932089135608e-19,0.013712346273109981,0.9985068883374832,1.326663879236637e-19,-0.05462594569063604,-5.2971844423143404e-21
0.34600000000000003,-0.026973549351113665,2.909839004888622e-20,1.0035781105164545,-0.216632544417414,-1.2406360510154822e-19,0.013708161830824125,0.9984979602590147,1.305345214056683e-19,-0.054788898132620306,-3.685739558547038e-21
0.34800000000000003,-0.027408932685786046,2.884550262751933e-20,1.003605522044369,-0.21875184775367376,-1.2870224407472847e-19,0.01370324950735662,0.9984890870196098,1.1746468201268684e-19,-0.0549503694504947,-2.6784296465490795e-21
0.35000000000000003,-0.027848560525788917,2.858338147312656e-20,1.003632923022753,-0.22087704005938247,-1.3347809154550096e-19,0.013697613027033463,0.9984802689936013,1.2646675853753877e-19,-0.05511036590756207,-2.519468415529307e-21
0.352,-0.028292444589744406,2.8311355061329583e-20,1.003660312007064,-0.22300806205950624,-1.3860722165547464e-19,0.01369125616561616,0.9984715065443904,1.3538839301149123e-19,-0.055268893773758966,-1.676828869298533e-21
0.354,-0.02874059647798908,2.802871857074699e-20,1.003687687560361,-0.22514485474355359,-1.4408789324580042e-19,0.013684182749168237,0.9984628000245495,1.442489227739606e-19,-0.0554259593253574,-4.942517250248098e-22
0.356,-0.029193027673103184,2.773477064549021e-20,1.0037150482534052,-0.22728735936573502,-1.4991838404233207e-19,0.013676396652930927,0.9984541497759248,1.5299178592299205e-19,-0.05558156884466878,2.0526620483495918e-21
0.358,-0.029649749540440206,2.742902975337365e-20,1.0037423926647555,-0.22943551744510968,-1.5577238051490177e-19,0.013667901800208014,0.9984455561297397,1.3439910550257757e-19,-0.055735728619750104,1.7003855150050875e-21
0.36,-0.030110773328656703,2.711238746818644e-20,1.0037697193808652,-0.2315892707657192,-1.608924941687404e-19,0.0136587021612599,0.9984370194066968,1.4339825858379427e-19,-0.05588844494411232,4.845098449941677e-22
0.362,-0.03057611017024239,2.67847198942681e-20,1.003797026996174,-0.2337485613767089,-1.6668934991544792e-19,0.013648801752206821,0.9984285399170809,1.359585143258191e-19,-0.05603972411643096,-1.6481314159981952e-21
0.364,-0.031045771082050456,2.644651671131139e-20,1.0038243141131984,-0.23591333159243646,-1.715364470988159e-19,0.013638204633941376,0.9984201179608615,1.3412950538250368e-19,-0.05618957244025892,-5.520033449490783e-21
0.366,-0.031519766965828096,2.609786946977136e-20,1.003851579342621,-0.23808352399256807,-1.7706132134468908e-19,0.013626914911050222,0.998411753827795,1.2681549572809435e-19,-0.056337996223741436,-9.349562351429687e-21
0.368,-0.031998108608747196,2.5739157436896552e-20,1.003878821303376,-0.24025908142216237,-1.81745653089463e-19,0.01361493673074505,0.9984034477975268,1.4130241728931397e-19,-0.05648500177933326,-9.880629776024736e-21
0.37,-0.032480806683935215,2.536942431465196e-20,1.0039060386227339,-0.24243994699174218,-1.8797374840453774e-19,0.013602274281802811,0.9983952001396931,1.4481168262014998e-19,-0.056630595423518,-1.1715421969671931e-20
0.372,-0.03296787175100615,2.4988547974856455e-20,1.0039332299363832,-0.24462606407735418,-1.9281670349156974e-19,0.013588931793515233,0.9983870111140234,1.3195344567494551e-19,-0.056774783476529644,-1.5503267764009095e-20
0.374,-0.033459314256591655,2.4597200193983916e-20,1.0039603938885109,-0.2468173763206167,-1.986620003531528e-19,0.013574913534647596,0.9983788809704416,1.5186238389202687e-19,-0.056917572262076194,-1.5018275761633974e-20
0.376,-0.033955144534872216,2.419420973786742e-20,1.0039875291318796,-0.2490138276287556,-2.0431457037589966e-19,0.013560223812406817,0.9983708099491674,1.4420445465021385e-19,-0.057058968107065504,-1.4043456367988843e-20
0.378,-0.034455372808108384,2.3779816901866612e-20,1.0040146343279044,-0.25121536217462853,-2.0999248693257695e-19,0.013544866971418788,0.998362798280818,1.3658333376862855e-19,-0.057198977341333224,-1.306973010936159e-20
0.38,-0.03496000918717205,2.335494502412603e-20,1.0040417081467259,-0.25342192439673755,-2.1472180209765009e-19,0.013528847392715064,0.9983548461865085,1.1806405236643402e-19,-0.05733760629737288,-1.2723183130579101e-20
0.382,-0.03546906367207776,2.2921018210573668e-20,1.0040687492672824,-0.2556334589992305,-2.191561240839125e-19,0.013512169492728788,0.9983469538779531,9.96396342126343e-20,-0.05747486131006814,-1.271681994423154e-20
0.384,-0.03598254615251397,2.2479021634228033e-20,1.0040957563773796,-0.2578499109518908,-2.2286427363635004e-19,0.013494837722299936,0.9983391215575658,1.143205487118893e-19,-0.057610748716427095,-1.389566008483092e-20
0.386,-0.03650046640837433,2.202852784831854e-20,1.0041227281737581,-0.260071225490116,-2.2747253522915945e-19,0.013476856565689877,0.99833134941856,9.047926376573579e-20,-0.05774527485531871,-1.488994379326716e-20
0.388,-0.037022834110288845,2.157098832320668e-20,1.00414966336216,-0.2622973481148856,-2.3016315288787724e-19,0.01345823053960521,0.9983236376450496,9.398685908722643e-20,-0.05787844606721141,-1.224291936569076e-20
0.39,-0.03754965882015502,2.1106153053067774e-20,1.0041765606573922,-0.2645282245927173,-2.347321068268032e-19,0.013438964192230899,0.9983159864121477,1.0295153756609034e-19,-0.05801026869391367,-9.285212756619297e-21
0.392,-0.038080949991668875,2.063366447763107e-20,1.0042034187833888,-0.2667638009556131,-2.374915690675228e-19,0.013419062102272667,0.9983083958860668,6.818652559874708e-20,-0.058140749078316775,-1.0590423920150767e-20
0.394,-0.03861671697085586,2.0155763920239056e-20,1.0042302364732707,-0.26900402350099384,-2.4039747754237876e-19,0.013398528878008721,0.9983008662242177,6.098647281119155e-20,-0.05826989356413959,-1.1321634001743121e-20
0.396,-0.03915696899660162,1.9673132357993157e-20,1.0042570124694044,-0.2712488387916238,-2.4215066388914423e-19,0.013377369156350698,0.9982933975753089,4.832735487681508e-20,-0.058397708495675486,-1.2027034089621341e-20
0.398,-0.03970171520118257,1.9186663494136757e-20,1.004283745523458,-0.2734981936555244,-2.4416295585247876e-19,0.013355587601913948,0.9982859900794445,4.1128570564679216e-20,-0.05852420021754121,-1.1383310849226669e-20
0.4,-0.040250964610796344,1.869710300309342e-20,1.0043104343964553,-0.27575203518587754,-2.45242519746263e-19,0.013333188906096988,0.9982786438682232,3.939729132796508e-20,-0.05864937507442792,-9.735042153430486e-21
0.402,-0.040804726146092006,1.82049050631683e-20,1.0043370778588294,-0.2780103107409186,-2.469088343843815e-19,0.013310177786170262,0.9982713590648357,3.224723165703613e-20,-0.058773239410854175,-8.75249035859869e-21
0.404,-0.04136300862270003,1.771030465083795e-20,1.004363674690473,-0.28027296794381934,-2.4775342103500395e-19,0.01328655898437411,0.9982641357841627,3.6057337924105776e-20,-0.058895799570921045,-6.784698444852568e-21
0.406,-0.04192582075176206,1.721302938112694e-20,1.004390223680787,-0.2825399546825607,-2.4961964142054294e-19,0.013262337267025978,0.9982569741328727,4.534274887682863e-20,-0.0590170618980692,-4.840819272433998e-21
0.40800000000000003,-0.042493171140460376,1.671215901458184e-20,1.0044167236287285,-0.28481121910979557,-2.513120764287913e-19,0.013237517423636828,0.9982498742095177,6.008474207941764e-20,-0.059137032734838,-3.2641269316161935e-21
0.41000000000000003,-0.04306506829254711,1.6206741743677963e-20,1.0044431733428563,-0.2870867096427016,-2.542382184636007e-19,0.01321210426603672,0.9982428361046313,7.479723563662421e-20,-0.059255718422626676,-2.3765000181198884e-21
0.41200000000000003,-0.043641520608873136,1.569539869792061e-20,1.004469571641374,-0.2893663749628244,-2.572012406419339e-19,0.013186102627509607,0.9982358599008236,1.0031211581302802e-19,-0.05937312530145743,1.821913702629116e-22
0.41400000000000003,-0.04422253638791663,1.517639728743256e-20,1.004495917352173,-0.29165016401591115,-2.617154498118096e-19,0.01315951736193725,0.9982289456728783,1.0389582907469437e-19,-0.05948925970974058,6.102374333492864e-23
0.41600000000000004,-0.0448081238263113,1.4649528694164155e-20,1.0045222093128718,-0.2939380260117343,-2.650683079597571e-19,0.013132353342952314,0.9982220934878476,9.114553594275093e-20,-0.059604127984041695,-2.7494229448410566e-21
0.418,-0.04539829101937429,1.4115667663103548e-20,1.0045484463708554,-0.2962299104239063,-2.686723039764488e-19,0.013104615463100556,0.9982153034051474,7.30161515782964e-20,-0.05971773645885068,-6.219381225186911e-21
0.42,-0.04599304596163359,1.3575936124410245e-20,1.0045746273833118,-0.2985257669896845,-2.7111954366696907e-19,0.01307630863301213,0.9982085754766521,8.222860001478409e-20,-0.05983009146635286,-6.67358516581028e-21
0.422,-0.046592396547355204,1.3029972947423136e-20,1.004600751217268,-0.30082554570976733,-2.749036551387984e-19,0.013047437780581985,0.9982019097467891,8.041110179679645e-20,-0.05994119933620205,-7.100284264966216e-21
0.424,-0.04719635057106978,1.2477708075996358e-20,1.0046268167496235,-0.30312919684808076,-2.773130069447727e-19,0.01301800785015927,0.9981953062526326,7.317777070652903e-20,-0.060051066395295505,-8.880390827588732e-21
0.426,-0.047804915728098835,1.1919721021167099e-20,1.0046528228671816,-0.30543667093155624,-2.8084246480677737e-19,0.012988023801745845,0.9981887650239972,8.774614982213737e-20,-0.0601596989675509,-7.285969747543434e-21
0.428,-0.04841809961508056,1.1354822184153271e-20,1.004678768466681,-0.3077479187498995,-2.840800696444356e-19,0.012957490610203745,0.9981822860835313,1.0222498007706171e-19,-0.06026710337368521,-5.355275633502093e-21
0.43,-0.049035909730495125,1.0782151494478076e-20,1.004704652454824,-0.3100628913553503,-2.886499353086919e-19,0.012926413264471682,0.9981758694468092,1.111009079576835e-19,-0.06037328593099553,-2.736230080569258e-21
0.432,-0.04965835347518949,1.02009625098678e-20,1.0047304737483045,-0.31238154006243396,-2.925980881625685e-19,0.012894796766790454,0.998169515122424,1.1444161906289138e-19,-0.060478252953141805,-1.1392211284394008e-22
0.434,-0.050285438152901714,9.610728726923517e-21,1.0047562312738334,-0.3147038164477037,-2.977666801277304e-19,0.012862646131937317,0.9981632231120792,1.396232979783359e-19,-0.060582010749931525,4.168561903774611e-21
0.436,-0.050917170970784784,9.009772568345487e-21,1.004781923968163,-0.31702967234947477,-3.0317540963130876e-19,0.012829966386469273,0.9981569934106801,1.484548136984393e-19,-0.06068456562710625,4.36267541296702e-21
0.438,-0.05155355903992982,8.397326680509219e-21,1.00480755077811,-0.3193590598675501,-3.093644173163447e-19,0.012796762567975224,0.998150826006425,1.5723646504301882e-19,-0.06078592388613014,4.897599207607385e-21
0.44,-0.052194609375888795,7.772482531368081e-21,1.0048331106605763,-0.32169193136293756,-3.1557348325800955e-19,0.01276303972433697,0.9981447208808956,1.7137890588435667e-19,-0.06088609182398025,7.131508037097075e-21
0.442,-0.05284032889919665,7.134334257809511e-21,1.0048586025825694,-0.324028239457559,-3.225598999460538e-19,0.012728802912999035,0.9981386780091466,1.6916204439508832e-19,-0.060985075732938814,6.3046339888399226e-21
0.444,-0.05349072443589281,6.482954494301121e-21,1.0048840255212208,-0.32636793703395095,-3.28805042084986e-19,0.01269405720024727,0.9981326973597963,1.6699744565028802e-19,-0.06108288190038736,4.796151368485821e-21
0.446,-0.054145802718042146,5.818523776569462e-21,1.0049093784638023,-0.3287109772349577,-3.3550272273842516e-19,0.012658807660496223,0.9981267788951147,1.6484299511863195e-19,-0.06117951660860272,3.2913020176069135e-21
0.448,-0.05480557038425524,5.14143817551392e-21,1.0049346604077425,-0.3310573134634159,-3.4167638741844723e-19,0.012623059375585246,0.998120922571113,1.7366428813353646e-19,-0.061274986134554836,2.1197147208323233e-21
0.45,-0.05547003398020804,4.450903038956376e-21,1.0049598703606404,-0.3334068993818317,-3.4884387029478336e-19,0.012586817434083254,0.9981151283376313,1.7149109707863865e-19,-0.061369296749706516,6.207019186820553e-22
0.452,-0.05613919995916092,3.746991156000216e-21,1.004985007340278,-0.33575968891204994,-3.549450058788599e-19,0.012550086930602186,0.9981093961384264,1.5827863616681628e-19,-0.06146245471981494,1.6287627700927123e-22
0.454,-0.05681307468247696,3.030784140316147e-21,1.0050100703746323,-0.33811563623491553,-3.6106737180230122e-19,0.012512872965119047,0.9981037259112596,1.3415528473542916e-19,-0.06155446630473508,-2.8009153812653013e-22
0.456,-0.05749166442013966,2.3039705982376804e-21,1.0050350585018848,-0.34047469578992745,-3.656966321980644e-19,0.012475180642306594,0.9980981175879824,1.3217451101554678e-19,-0.06164533775822489,-1.4197224998442386e-21
0.458,-0.058174975351269836,1.5668232647888567e-21,1.0050599707704306,-0.3428368222748852,-3.715455731743357e-19,0.012437015070872507,0.9980925710946237,1.4105474602494933e-19,-0.06173507532775232,-1.7025612187174238e-22
0.46,-0.05886301356464192,8.188553931160712e-22,1.0050848062388857,-0.34520197064552777,-3.7622837127441384e-19,0.012398381362907135,0.9980870863514749,1.1156711703154318e-19,-0.06182368525430421,-9.521735240283473e-22
0.462,-0.05955578505919942,6.203438687500492e-23,1.005109563976093,-0.3475700961151652,-3.806160179981562e-19,0.01235928463323968,0.9980816632731756,1.1524218331832358e-19,-0.061911173772196924,-2.7721592127094067e-21
0.464,-0.06025329574456973,-7.037010927056859e-22,1.005134243061127,-0.3499411541543031,-3.851427297159348e-19,0.012319729998802837,0.998076301768798,1.1885737387337786e-19,-0.061997547108888766,-3.904259858170374e-21
0.466,-0.060955551441578104,-1.4786284644723079e-21,1.005158842583298,-0.35231510049025994,-3.8980779764434065e-19,0.012279722578005843,0.9980710017419318,1.224130194031031e-19,-0.062082811484794255,-4.350499125275036e-21
0.468,-0.06166255788276091,-2.263023740493677e-21,1.005183361642154,-0.3546918911067772,-3.9461052239520925e-19,0.012239267490115885,0.9980657630907668,1.2595179249842556e-19,-0.06216697311310012,-4.7965025471430595e-21
0.47000000000000003,-0.0623743207128781,-3.0571615403809024e-21,1.0052077993474815,-0.35707148224362256,-3.995502119984674e-19,0.012198369854647843,0.9980605857081772,1.294312311230657e-19,-0.062250038199583094,-4.55785812036444e-21
0.47200000000000003,-0.06309084548942481,-3.861315112531967e-21,1.0052321548193062,-0.3594538303961864,-4.046261867876192e-19,0.012157034790762272,0.998055469481804,1.3285162586009757e-19,-0.06233201294242947,-3.636584290369663e-21
0.47400000000000003,-0.06381213768314226,-4.675756355456761e-21,1.0052564271878908,-0.3618388923150711,-4.0983777631654356e-19,0.012115267416671698,0.9980504142941367,1.3625584295358503e-19,-0.062412903532056405,-2.7182868618365625e-21
0.47600000000000003,-0.0645382026785277,-5.500755832500175e-21,1.0052806155937335,-0.36422662500567404,-4.151843136590723e-19,0.012073072849055056,0.998045420022595,1.3966526333231664e-19,-0.06249271615093499,-2.144546065491152e-21
0.47800000000000004,-0.0652690457743436,-6.336582771186807e-21,1.0053047191875633,-0.36661698572776363,-4.2066513192101856e-19,0.012030456202480319,0.9980404865396111,1.4307993850717925e-19,-0.06257145697341504,-1.914539279700205e-21
0.48,-0.066004672184126,-7.18350506710261e-21,1.005328737130336,-0.3690099319950489,-4.2627956532854023e-19,0.011987422588835258,0.9980356137127085,1.4645703866613388e-19,-0.06264913216555164,-1.3434658710730523e-21
0.482,-0.06674508703669192,-8.04178928994384e-21,1.0053526685932281,-0.37140542157474266,-4.320269535954414e-19,0.011943977116766216,0.9980308014045834,1.497537551972147e-19,-0.0627257478849334,2.518464995448177e-22
0.484,-0.06749029537664589,-8.91170069980653e-21,1.0053765127576293,-0.3738034124871183,-4.379066503144258e-19,0.011900124891125005,0.9980260494731839,1.5299193688350336e-19,-0.06280131028051243,2.526995502634873e-21
0.486,-0.06824030216488569,-9.793503277196179e-21,1.005400268815135,-0.37620386300506,-4.4391802000738165e-19,0.01185587101242373,0.9980213577717884,1.5621476674166068e-19,-0.06287582549243603,4.796401729784613e-21
0.488,-0.0689951122791071,-1.0687459735402561e-20,1.0054239359675363,-0.3786067316536071,-4.500604294151405e-19,0.011811220576297576,0.9980167261490847,1.5944380606586505e-19,-0.06294929965188008,6.718095865823788e-21
0.49,-0.06975473051430771,-1.1593831520132189e-20,1.005447513426811,-0.3810119772094919,-4.563332465387881e-19,0.01176617867297548,0.9980121544492475,1.6265762648365137e-19,-0.0630217388808841,8.634081722370286e-21
0.492,-0.07051916158328987,-1.251287881626047e-20,1.0054710004151113,-0.38341955870067196,-4.62735838788544e-19,0.011720750386758697,0.9980076425120165,1.659208562476833e-19,-0.06309314929218807,9.519642317570356e-21
0.494,-0.07128841011716269,-1.344486053535771e-20,1.0054943961647511,-0.38582943540585557,-4.692675676026579e-19,0.011674940795507143,0.9980031901727716,1.6916862858815676e-19,-0.06316353698907085,1.0402351031022405e-20
0.496,-0.072062480665843,-1.439003431365375e-20,1.0055176999181936,-0.3882415668540221,-4.759277968477431e-19,0.011628754970133506,0.997998797262611,1.7240101294532618e-19,-0.06323290806519027,1.1282625278792315e-20
0.498,-0.07284137769855548,-1.5348656517360024e-20,1.0055409109280364,-0.3906559128239361,-4.827158901559524e-19,0.011582197974105101,0.9979944636084257,1.7566127208642377e-19,-0.06330126860442498,1.147692111823834e-20
0.5,-0.07362510560433166,-1.6320982235034616e-20,1.005564028456996,-0.3930724333436555,-4.896312082998696e-19,0.01153527486295336,0.997990189032975,1.7897109286331257e-19,-0.06336862468071779,1.0644488955850858e-20
0.502,-0.07441366869250811,-1.730726527179062e-20,1.0055870517778918,-0.39549108869003463,-4.966731051178271e-19,0.011487990683790987,0.9979859733549611,1.8235204494981443e-19,-0.06343498235792086,8.445382699250153e-21
0.504,-0.07520707119322342,-1.8307758130149326e-20,1.0056099801736282,-0.39791183938822117,-5.03840924557918e-19,0.011440350474836677,0.9979818163891031,1.8573875059220035e-19,-0.06350034768964236,5.9083504234623256e-21
0.506,-0.07600531725791437,-1.932271199800244e-20,1.0056328129371772,-0.4003346462111476,-5.111340101540193e-19,0.011392359264947324,0.9979777179462104,1.8908769030276525e-19,-0.06356472671909481,3.719355984250912e-21
0.508,-0.07680841095981093,-2.035237675739665e-20,1.0056555493715582,-0.4027594701790174,-5.185517125176453e-19,0.011344022073157795,0.9979736778332556,1.9235550540524877e-19,-0.06362812547894514,2.5611131415643673e-21
0.51,-0.07761635629443032,-2.1397001002459072e-20,1.005678188789819,-0.40518627255878575,-5.260933946566533e-19,0.011295343908228072,0.9979696958534471,1.955861259230062e-19,-0.06369054999116618,1.746847375212547e-21
0.512,-0.07842915718006996,-2.245683206184175e-20,1.0057007305150139,-0.4076150148636347,-5.337584270311227e-19,0.011246329768197786,0.9979657718063005,1.9877965301871864e-19,-0.06375200626688993,1.2761525267316871e-21
0.514,-0.07924681745829941,-2.3532116012547142e-20,1.0057231738801824,-0.41004565885244354,-5.415461854404411e-19,0.01119698463994815,0.9979619054877105,2.0202350120553527e-19,-0.0638125003062624,-2.1883151427716463e-22
0.516,-0.08006934089445124,-2.4623097678012573e-20,1.005745518228326,-0.4124781665292534,-5.494560409703038e-19,0.011147313498771107,0.9979580966900204,2.0525203430538578e-19,-0.0638720380982999,-1.711408868082223e-21
0.518,-0.08089673117811079,-2.5730020625289195e-20,1.005767762912385,-0.41491250014272735,-5.574873675048862e-19,0.011097321307945754,0.9979543452020933,2.0846531257436961e-19,-0.06393062562074711,-3.200361526801675e-21
0.52,-0.08172899192360489,-2.6853127173374074e-20,1.0057899072952134,-0.417348622185605,-5.656395423030833e-19,0.01104701301832194,0.997950650809381,2.1168532503326625e-19,-0.06398826883993664,-5.0280612142488204e-21
0.522,-0.08256612667048946,-2.7992658397122566e-20,1.005811950749555,-0.4197864953941523,-5.739119434579916e-19,0.010996393567911036,0.9979470132939932,2.1486823075174497e-19,-0.06404497371065007,-6.5101904795509924e-21
0.524,-0.08340813888403599,-2.914885413094118e-20,1.0058338926580157,-0.42222608274760653,-5.823039537200358e-19,0.010945467881483753,0.9979434324347656,2.1803611675373054e-19,-0.06410074617598077,-7.989114770997581e-21
0.526,-0.08425503195571696,-3.032195297978702e-20,1.0058557324130375,-0.4246673474676163,-5.908149613591863e-19,0.01089424087017503,0.9979399080073285,2.2116718302057994e-19,-0.0641555921671981,-9.123689341335553e-21
0.528,-0.08510680920369004,-3.1512192331051135e-20,1.0058774694168708,-0.42711025301767686,-5.994443589081082e-19,0.01084271743109591,0.9979364397841729,2.242834499888142e-19,-0.06420951760361315,-1.025587406839793e-20
0.53,-0.08596347387328131,-3.271980836014396e-20,1.0058991030815458,-0.4295547631025606,-6.081915431939941e-19,0.010790902446952341,0.9979330275347182,2.2740702969273433e-19,-0.06426252839244617,-1.1727622948546005e-20
0.532,-0.08682502913746712,-3.39450360386078e-20,1.0059206328288435,-0.43200084166774316,-6.170559121903617e-19,0.010738800785670877,0.9979296710253779,2.304938665466665e-19,-0.06431463042869537,-1.2854223473309969e-20
0.534,-0.08769147809735503,-3.5188109137761913e-20,1.0059420580902654,-0.4344484528988248,-6.260368683051601e-19,0.01068641730003121,0.9979263700196248,2.335440516992625e-19,-0.06436582959500733,-1.3635678465190688e-20
0.536,-0.0885628237826634,-3.6449260239080316e-20,1.0059633783070032,-0.4368975612209471,-6.351338204202606e-19,0.01063375682730549,0.9979231242780564,2.365578132280921e-19,-0.06441613176154896,-1.407360976059592e-20
0.538,-0.08943906915219993,-3.77287207486691e-20,1.0059845929299074,-0.4393481312982057,-6.443461824423677e-19,0.010580824188904386,0.9979199335584595,2.3962351369815467e-19,-0.06446554278588082,-1.5536630605945512e-20
0.54,-0.09032021709433895,-3.902672089671912e-20,1.006005701419455,-0.4418001280330584,-6.5367336402456545e-19,0.010527624190029833,0.9979167976158735,2.427189625323474e-19,-0.06451406851283213,-1.7681173919645996e-20
0.542,-0.09120627042749756,-4.034348972966413e-20,1.0060267032457169,-0.4442535165657286,-6.631147722433361e-19,0.010474161619334395,0.9979137162026538,2.458661666516253e-19,-0.06456171477437715,-2.0846758760243264e-20
0.544,-0.09209723190061057,-4.1679146918065065e-20,1.0060475978883245,-0.44670826227360516,-6.723452500854913e-19,0.010420441248587209,0.9979106890685346,2.214660451250476e-19,-0.06460848738951308,-2.3039776190166628e-20
0.546,-0.09299310419360422,-4.3032044903410697e-20,1.0060683848364358,-0.4491643307706377,-6.806088574299289e-19,0.01036646783234649,0.9979077159606915,2.298665457687721e-19,-0.06465439216413943,-2.0703478596131995e-20
0.548,-0.09389388991786869,-4.4402600161114866e-20,1.0060890635887,-0.45162168790672785,-6.900744691201354e-19,0.010312246107638466,0.997904796623802,2.3826223002051783e-19,-0.06469943489093889,-1.871494816760364e-20
0.55,-0.09479959161672939,-4.579169673785987e-20,1.0061096336532231,-0.45408029976711634,-6.990056634734294e-19,0.010257780793642786,0.9979019308001074,2.46618072276447e-19,-0.06474362134925968,-1.6732653071518223e-20
0.552,-0.09571021176591703,-4.7199710596613655e-20,1.0061300945475307,-0.45654013267176624,-7.091357383161951e-19,0.01020307659138425,0.9978991182294725,2.549341865519384e-19,-0.06478695730499924,-1.4756165726742873e-20
0.554,-0.09662575277403643,-4.862766346021003e-20,1.0061504457985322,-0.4590011531747423,-7.189443214430701e-19,0.010148138183430907,0.9978963586494463,2.7420650707232286e-19,-0.06482944851048951,-1.310132259831353e-20
0.556,-0.09754621698303412,-5.007707741069171e-20,1.0061706869424836,-0.46146332806358636,-7.30704408996037e-19,0.010092970233598366,0.9978936517953204,3.0986720262723473e-19,-0.06487110070438362,-1.1413101264014029e-20
0.558,-0.09847160666866465,-5.155033220849649e-20,1.0061908175249494,-0.46392662435868876,-7.424594949663814e-19,0.010037577386660407,0.9978909974001885,2.9609741713043113e-19,-0.06491191961154393,-1.2593966445082352e-20
0.56,-0.09940192404095569,-5.3046550312821175e-20,1.0062108371007645,-0.46639100931265626,-7.536681467669376e-19,0.00998196426806566,0.9978883951950037,2.823484661480157e-19,-0.06495191094293157,-1.3085812912717758e-20
0.562,-0.10033717124467174,-5.456464155049253e-20,1.006230745233995,-0.4688564504096762,-7.643330580515901e-19,0.00992613548366044,0.997885844908637,2.686423764809083e-19,-0.06499108039549742,-1.3231419372869008e-20
0.5640000000000001,-0.10127735035977678,-5.610352112581548e-20,1.0062505414978984,-0.4713229153648771,-7.744569127106557e-19,0.009870095619417672,0.9978833462679336,2.549789702501028e-19,-0.06502943365207442,-1.3032435177677058e-20
0.5660000000000001,-0.1022224634018954,-5.766210960020289e-20,1.006270225474885,-0.47379037212368513,-7.840423838517717e-19,0.00981384924117175,0.9978808989977699,2.413580032548157e-19,-0.06506697638127137,-1.2489696048775317e-20
0.5680000000000001,-0.10317251232277282,-5.923933287079769e-20,1.0062897967564757,-0.4762587888611781,-7.930921332469258e-19,0.00975740089435942,0.9978785028211087,2.2775691051229694e-19,-0.06510371423736808,-1.1262101979466052e-20
0.5700000000000001,-0.10412749901073347,-6.083412214679936e-20,1.0063092549432617,-0.478728133981435,-8.016088121052753e-19,0.009700755103766499,0.9978761574590553,2.1426468244597834e-19,-0.0651396528602119,-1.0718222443746148e-20
0.5720000000000001,-0.10508742529113843,-6.244541392598442e-20,1.0063285996448634,-0.4811983761168825,-8.095950567334358e-19,0.009643916373280494,0.9978738626309119,2.0085861345092338e-19,-0.06517479787511565,-1.0515334595347522e-20
0.5740000000000001,-0.1060522929268414,-6.407214996380914e-20,1.0063478304798872,-0.4836694841276384,-8.170534890090459e-19,0.009586889185648989,0.9978716180542317,1.8749369219229796e-19,-0.065209154892757,-9.968782754558926e-21
0.5760000000000001,-0.10702210361864345,-6.571327724748907e-20,1.0063669470758838,-0.48614142710085123,-8.239867188275275e-19,0.009529678002243781,0.9978694234448731,1.7416964202180912e-19,-0.06524272950907904,-9.078995269352523e-21
0.578,-0.10799685900574643,-6.736774797318449e-20,1.0063859490693055,-0.4886141743500371,-8.303973460631347e-19,0.009472287262830722,0.9978672785170518,1.6086395532965093e-19,-0.06527552730519239,-7.505680812340053e-21
0.58,-0.10897656066620501,-6.903451952728204e-20,1.0064048361054616,-0.49108769541441294,-8.362879599436257e-19,0.009414721385345142,0.9978651829833944,1.4766584488489123e-19,-0.06530755384727852,-6.617797855401431e-21
0.582,-0.10996121011737742,-7.071255445934981e-20,1.006423607838476,-0.4935619600582269,-8.416611343743606e-19,0.009356984765672947,0.9978631365549899,1.34574908359052e-19,-0.06533881468649459,-6.41414697482332e-21
0.584,-0.11095080881637485,-7.240082045137908e-20,1.0064422639312416,-0.4960369382700856,-8.465194277670198e-19,0.009299081777437174,0.997861138941441,1.2159073154404162e-19,-0.06536931535887944,-6.893125337135464e-21
0.586,-0.11194535816050952,-7.40982902865302e-20,1.0064608040553762,-0.49851260026227834,-8.508653831909779e-19,0.009241016771790045,0.9978591898509155,1.0866810439870304e-19,-0.065399061385261,-7.369276608603775e-21
0.588,-0.11294485948774129,-7.580394182123503e-20,1.0064792278911774,-0.5009889164700982,-8.547015306110771e-19,0.009182794077210484,0.9978572889901959,9.580667212849272e-20,-0.06542805827116506,-7.841815544886184e-21
0.59,-0.11394931407712305,-7.751675795905764e-20,1.006497535127577,-0.5034658575511607,-8.580303879397835e-19,0.00912441799930695,0.9978554360647302,8.300618076575556e-20,-0.06545631150672529,-8.311173069036498e-21
0.592,-0.11495872314924468,-7.923572662783878e-20,1.0065157254620944,-0.5059433943847188,-8.608544614698089e-19,0.009065892820625648,0.9978536307786802,7.024392127480421e-20,-0.06548382656659461,-8.435447144297095e-21
0.594,-0.11597308786667562,-8.095984075685828e-20,1.0065337986007916,-0.5084214980709757,-8.631762456793382e-19,0.009007222800463989,0.9978518728349706,5.758689418325637e-20,-0.06551060890985784,-9.240442400592675e-21
0.596,-0.11699240933440605,-8.268809825024492e-20,1.0065517542582252,-0.510900139930395,-8.649982217450955e-19,0.008948412174689238,0.9978501619353369,4.4967460956930976e-20,-0.06553666397994563,-9.700001079728524e-21
0.598,-0.11801668860028677,-8.441950196388006e-20,1.0065695921574003,-0.5133792915030071,-8.663228603470303e-19,0.008889465155562376,0.9978484977803739,3.236293284559457e-20,-0.06556199720454976,-9.472627409296912e-21
0.6,-0.11904592665546763,-8.615305968530503e-20,1.0065873120297224,-0.5158589245477146,-8.671526217241855e-19,0.008830385931567068,0.9978468800695818,1.9840476080065912e-20,-0.06558661399553964,-9.58533575710935e-21
0.602,-0.12008012443483455,-8.788778410968435e-20,1.0066049136149506,-0.5183390110415936,-8.674899540477576e-19,0.00877117866724366,0.9978453085014131,7.377322900276368e-21,-0.06561051974888006,-9.695817458228339e-21
0.604,-0.12111928281744519,-8.962269281714328e-20,1.0066223966611485,-0.520819523179193,-8.673372932435177e-19,0.008711847503028227,0.9978437827733184,-5.004395735493903e-21,-0.06563371984455034,-1.0145208221062698e-20
0.606,-0.12216340262696318,-9.135680824655748e-20,1.0066397609246365,-0.5233004333718314,-8.666970624332153e-19,0.00865239655509656,0.9978423025817925,-1.7327484274039457e-20,-0.06565621964646459,-1.0591204465927118e-20
0.608,-0.12321248463209096,-9.308915767106068e-20,1.0066570061699427,-0.5257817142468915,-8.655716731197882e-19,0.008592829915213044,0.9978408676224186,-2.9569707818447765e-20,-0.06567802450239331,-1.1375751722741122e-20
0.61,-0.12426652954700121,-9.4818773174979e-20,1.0066741321697548,-0.5282633386471117,-8.639635242692107e-19,0.008533151650584452,0.9978394775899135,-4.1731372261677525e-20,-0.0656991397438862,-1.2498876162498821e-20
0.612,-0.12532553803176683,-9.654469162704545e-20,1.0066911387048696,-0.530745279629876,-8.618750018828762e-19,0.008473365803718448,0.9978381321781706,-5.38353443057622e-20,-0.06571957068619627,-1.3617464929054332e-20
0.614,-0.12638951069278953,-9.826595465674008e-20,1.0067080255641443,-0.533227510466501,-8.593084806709039e-19,0.008413476392286946,0.997836831080304,-6.583685020082589e-20,-0.06573932262820503,-1.5415385467362585e-20
0.616,-0.12745844808322698,-9.998160863024036e-20,1.0067247925444467,-0.5357100046415204,-8.562663223310305e-19,0.008353487408994109,0.9978355739886908,-7.77587667891251e-20,-0.06575840085234914,-1.7549935244599032e-20
0.618,-0.12853235070341856,-1.0169070462454424e-19,1.0067414394506047,-0.5381927358519687,-8.52750876273702e-19,0.008293402821449008,0.9978343605950142,-8.964652775826265e-20,-0.06577681062454803,-1.9335681359973488e-20
0.62,-0.12961121900130956,-1.0339229840542116e-19,1.006757966095356,-0.5406756780066606,-8.48764482561468e-19,0.008233226572042878,0.9978331905903043,-1.0156787350630411e-19,-0.06579455719413291,-1.9748515966295486e-20
0.622,-0.13069505337287413,-1.0508545041073241e-19,1.0067743722992983,-0.54315880522547,-8.443094727531689e-19,0.008172962577830963,0.9978320636649801,-1.134102181763463e-19,-0.06581164579377687,-2.0500088145932665e-20
0.624,-0.13178385416253655,-1.0676922573010418e-19,1.0067906578908377,-0.545642091838606,-8.39388166596206e-19,0.008112614730418785,0.9978309795088904,-1.2515138118853098e-19,-0.06582808163942627,-2.1931125047290807e-20
0.626,-0.13287762166359127,-1.084426940804404e-19,1.0068068227061375,-0.5481255123858872,-8.340028718706516e-19,0.00805218689585297,0.9978299378113533,-1.3685933971074906e-19,-0.06584386993023326,-2.301508628573849e-20
0.628,-0.13397635611862138,-1.1010492978327022e-19,1.0068228665890682,-0.5506090416160141,-8.281558856141946e-19,0.007991682914516334,0.9978289382611968,-1.4851174154724429e-19,-0.0658590158484895,-2.4094727286102886e-20
0.63,-0.1350800577199156,-1.117550117435846e-19,1.006838789391155,-0.5530926544858388,-8.218494941473779e-19,0.007931106601027468,0.9978279805467973,-1.6008628185336352e-19,-0.06587352455956096,-2.5511990547227033e-20
0.632,-0.13618872660988396,-1.1339202342757854e-19,1.0068545909715263,-0.5555763261596338,-8.150859721099567e-19,0.007870461744144493,0.9978270643561192,-1.7160586180685715e-19,-0.06588740121182415,-2.6924174183501605e-20
0.634,-0.13730236288147177,-1.150150528396978e-19,1.0068702711968622,-0.5580600320083584,-8.078675836897193e-19,0.0078097521066731465,0.9978261893767525,-1.831158446948786e-19,-0.06590065093660323,-2.7647874693183904e-20
0.636,-0.13842096657857234,-1.1662319250331354e-19,1.0068858299413426,-0.560543747608923,-8.0019658337103985e-19,0.007748981425379027,0.9978253552959507,-1.945712506430488e-19,-0.06591327884810837,-2.836816657663871e-20
0.638,-0.13954453769643813,-1.182155394402598e-19,1.0069012670865944,-0.5630274487434525,-7.920752150759752e-19,0.007688153410904017,0.9978245618006683,-2.0597233807757172e-19,-0.06592529004337531,-2.9085072185436824e-20
0.64,-0.14067307618209043,-1.1979119514955863e-19,1.00691658252164,-0.5655111113985466,-7.835057122072726e-19,0.007627271747686778,0.9978238085775971,-2.1736450969481105e-19,-0.06593668960220607,-2.9115186422076694e-20
0.642,-0.14180658193472762,-1.2134926558735732e-19,1.006931776142844,-0.5679947117645401,-7.744902983824847e-19,0.007566340093887309,0.9978230953132031,-2.2868016018513984e-19,-0.06594748258711064,-2.948549325188591e-20
0.644,-0.14294505480613182,-1.2288886114607582e-19,1.0069468478538612,-0.5704782262347599,-7.650311861670924e-19,0.007505362081315527,0.9978224216937618,-2.399421504698471e-19,-0.06595767404325,-2.985409568527866e-20
0.646,-0.14408849460107417,-1.2440909663241583e-19,1.0069617975655836,-0.5729616314047813,-7.551305773818949e-19,0.007444341315363772,0.9978217874053935,-2.5112818388620197e-19,-0.0659672689983801,-3.0562116096966795e-20
0.648,-0.14523690107771858,-1.2590909124604586e-19,1.0069766251960874,-0.5754449040716828,-7.447906630755733e-19,0.007383281374943248,0.9978211921340987,-2.622837253189956e-19,-0.06597627246279707,-3.0925744168053545e-20
0.65,-0.14639027394802404,-1.2738796855823286e-19,1.0069913306705804,-0.5779280212332987,-7.340136239739641e-19,0.0073221858124242825,0.9978206355657915,-2.7336380835878784e-19,-0.06598468942928347,-3.1628828737928203e-20
0.652,-0.14754861287814525,-1.2884485649112519e-19,1.007005913921348,-0.5804109600874708,-7.22801629959401e-19,0.007261058153580442,0.9978201173863344,-2.843235271159356e-19,-0.06599252487305562,-3.335440854210496e-20
0.654,-0.148711917488832,-1.3027888729516086e-19,1.0070203748877011,-0.5828936980312986,-7.111568395800657e-19,0.007199901897536376,0.9978196372815712,-2.9525371804757863e-19,-0.06599978375171212,-3.473282056067842e-20
0.656,-0.14988018735582692,-1.316891975278193e-19,1.0070347135159217,-0.5853762126603875,-6.990814015527923e-19,0.007138720516719403,0.9978191949373599,-3.0619979245905524e-19,-0.06600647100518334,-3.5081071300737104e-20
0.658,-0.15105342201026173,-1.3307492803467196e-19,1.00704892975921,-0.5878584817680963,-6.865774553499059e-19,0.00707751745681473,0.9978187900396054,-3.171392117550169e-19,-0.06601259155568208,-3.474352932739657e-20
0.66,-0.15223162093905196,-1.3443522393089041e-19,1.0070630235776308,-0.5903404833447831,-6.7364713087573775e-19,0.0070162961367243185,0.997818422274291,-3.2804954943743656e-19,-0.06601815030765525,-3.406293670754062e-20
0.662,-0.1534147835852902,-1.3576923458144108e-19,1.00707699493806,-0.5928221955770497,-6.602925480110204e-19,0.006955059948529317,0.9978180913275106,-3.3890837665080747e-19,-0.06602315214773663,-3.3382033331526347e-20
0.664,-0.1546029093486379,-1.3707611358078896e-19,1.0070908438141308,-0.5953035968469855,-6.465158162973849e-19,0.006893812257456036,0.9978177968854993,-3.4962544945909594e-19,-0.06602760194470073,-3.4068488062529504e-20
0.666,-0.1557959975857155,-1.3835501873151325e-19,1.00710457018618,-0.5977846657314089,-6.3231903428908635e-19,0.006832556401845353,0.9978175386346642,-3.602464276864205e-19,-0.06603150454941761,-3.543605575788662e-20
0.668,-0.15699404761049118,-1.3960511202277417e-19,1.0071181740411939,-0.6002653810011085,-6.177042901187858e-19,0.006771295693125622,0.9978173162616143,-3.707943103379653e-19,-0.06603486479480886,-3.714081529710612e-20
0.67,-0.15819705869466802,-1.4082555960987985e-19,1.0071316553727547,-0.6027457216200831,-6.026736617602996e-19,0.006710033415788926,0.9978171294531908,-3.812467662983452e-19,-0.0660376874958045,-3.9523893361412615e-20
0.672,-0.15940503006806966,-1.4201553179397007e-19,1.0071450141809872,-0.6052256667447801,-5.8722921721923e-19,0.006648772827370685,0.9978169778964954,-3.9162671060060665e-19,-0.06603997744930107,-4.224259084761642e-20
0.674,-0.16061796091902447,-1.4317441936927518e-19,1.0071582504725038,-0.6077051957233333,-5.718057483495728e-19,0.006587517158432537,0.9978168612789199,-3.6924654789639355e-19,-0.06604173943412052,-4.107182051010574e-20
0.676,-0.16183585039474807,-1.4430356342637986e-19,1.007171364260351,-0.6101842880947992,-5.572686335849443e-19,0.0065262696125485305,0.9978167792881741,-3.79863984285205e-19,-0.06604297821097038,-4.105426104688573e-20
0.678,-0.16305869760172453,-1.45402278951863e-19,1.0071843555639557,-0.6126629235883928,-5.413413150441969e-19,0.0064650333662944455,0.9978167316123142,-4.013304471837198e-19,-0.06604369852240473,-4.2786909861935386e-20
0.68,-0.16428650160608585,-1.464692693896536e-19,1.0071972244090708,-0.6151410821227221,-5.256522299511735e-19,0.006403811569240354,0.9978167179397699,-3.954811228251838e-19,-0.06604390509278629,-4.0993581073487673e-20
0.682,-0.16551926143398998,-1.47504613716546e-19,1.0072099708277211,-0.6176187438050218,-5.096589573914412e-19,0.006342607343946244,0.9978167379593715,-3.951755750308187e-19,-0.06604360262824951,-3.888430677212306e-20
0.684,-0.16675697607199733,-1.4850846167526636e-19,1.0072225948581501,-0.6200958889303859,-4.943361538574136e-19,0.006281423785960742,0.9978167913603767,-3.7287617838504e-19,-0.0660427958166646,-3.704151028611431e-20
0.686,-0.1679996444674457,-1.4948254860545769e-19,1.007235096544765,-0.6225724979809999,-4.798972313692605e-19,0.006220263963822845,0.9978168778324966,-3.506599065118139e-19,-0.06604148932760251,-3.5548685035569376e-20
0.6880000000000001,-0.16924726552882371,-1.5042863791408223e-19,1.0072474759380827,-0.6250485516253717,-4.663378381352225e-19,0.00615913091906669,0.9978169970659215,-3.2850365424139313e-19,-0.06603968781230106,-3.474729088970261e-20
0.6900000000000001,-0.1704998381261427,-1.5134848432544398e-19,1.007259733094677,-0.6275240307175618,-4.536536432456971e-19,0.0060980276662291845,0.9978171487513464,-3.0647494451925874e-19,-0.06603739590363188,-3.360951464687911e-20
0.6920000000000001,-0.17175736109130696,-1.5224383392259685e-19,1.0072718680771233,-0.6299989162964132,-4.41840336285706e-19,0.006036957192860592,0.9978173325799956,-2.8464114427681227e-19,-0.06603461821606837,-3.110997985408547e-20
0.6940000000000001,-0.17301983321848266,-1.5311642418785618e-19,1.0072838809539448,-0.63247318958478,-4.308936269461073e-19,0.005975922459537986,0.9978175482436479,-2.6291103492903543e-19,-0.06603135934565468,-2.8619540149646015e-20
0.6960000000000001,-0.174287253264465,-1.5396798404318215e-19,1.0072957717995596,-0.6349468319887553,-4.2080924513800807e-19,0.00591492639988148,0.9978177954346599,-2.4130672657615063e-19,-0.0660276238699755,-2.5796637708038932e-20
0.6980000000000001,-0.175559619949044,-1.5480001752284204e-19,1.0073075406942256,-0.6374198250968991,-4.111502057974964e-19,0.005853971920573234,0.9978180738459901,-2.524477870794361e-19,-0.06602341634812699,-2.78908619414791e-20
0.7000000000000001,-0.17683693195536862,-1.5561185761830691e-19,1.0073191877239873,-0.6398921506794649,-4.0061621210331535e-19,0.005793061901379213,0.9978183831712222,-2.63513133679589e-19,-0.06601874132068843,-3.0320799068452514e-20
0.7020000000000001,-0.1781191879303093,-1.5640276855693946e-19,1.007330712980622,-0.6423637906876262,-3.9040179040542313e-19,0.005732199195173614,0.9978187231045879,-2.472954202154321e-19,-0.06601360330969504,-2.888083578043464e-20
0.704,-0.17940638648481913,-1.5717389405695757e-19,1.0073421165615852,-0.6448347272527017,-3.8083026594815386e-19,0.0056713866279659575,0.9978190933409894,-2.311772354976637e-19,-0.06600800681861156,-2.710544116213261e-20
0.706,-0.18069852619429336,-1.5792651674404804e-19,1.0073533985699585,-0.6473049426853814,-3.718984723446859e-19,0.00561062699893074,0.9978194935760216,-2.151129506191014e-19,-0.06600195633230682,-2.5678812533654364e-20
0.708,-0.1819956055989273,-1.586619129263102e-19,1.0073645591143945,-0.6497744194749503,-3.636032584868641e-19,0.005549923080439732,0.9978199235059938,-1.9910225091923765e-19,-0.06599545631702923,-2.460010229087977e-20
0.71,-0.1832976232040728,-1.593813526250637e-19,1.0073755983090638,-0.6522431402885134,-3.5594148858639414e-19,0.005489277618096708,0.9978203828279505,-1.8316744562631337e-19,-0.0659885112203831,-2.3526551169763294e-20
0.712,-0.18460457748059306,-1.6008609960501793e-19,1.0073865162736015,-0.654711087970219,-3.489100418608337e-19,0.005428693330774715,0.9978208712396931,-1.672855612724121e-19,-0.06598112547130602,-2.2800041194832366e-20
0.714,-0.18591646686521598,-1.6077741140444404e-19,1.007397313133054,-0.6571782455404827,-3.4250581250865755e-19,0.005368172910655773,0.9978213884397998,-1.5150146378022936e-19,-0.06597330348004697,-2.173671115141245e-20
0.716,-0.1872332897608859,-1.614565393644898e-19,1.0074079890178251,-0.6596445961952095,-3.367257093713859e-19,0.005307719023272953,0.9978219341276464,-1.3579218516173006e-19,-0.06596504963814544,-2.06784437259371e-20
0.718,-0.18855504453711383,-1.6212472865896193e-19,1.0074185440636232,-0.662110123305018,-3.3156665613065723e-19,0.005247334307554871,0.9978225080034255,-1.2013482107007983e-19,-0.06595636831841138,-1.996631195259101e-20
0.72,-0.18988172953032603,-1.6278321832381048e-19,1.0074289784114077,-0.6645748104144611,-3.2702559135335775e-19,0.00518702137587246,0.9978231097681661,-1.0455164604972268e-19,-0.06594726387490607,-1.92579658872059e-20
0.722,-0.1912133430442112,-1.6343324128675967e-19,1.0074392922073365,-0.6670386412412496,-3.2309946811802324e-19,0.005126782814088025,0.9978237391237527,-8.906482916831088e-20,-0.06593774064292375,-1.8212677733033993e-20
0.724,-0.19254988335006593,-1.6407602439599053e-19,1.0074494856027127,-0.6695015996754731,-3.197852537659297e-19,0.005066621181606587,0.9978243957729437,-7.362877897850689e-20,-0.0659278029389743,-1.751505853659654e-20
0.726,-0.1938913486871387,-1.647127884490321e-19,1.007459558753932,-0.6719636697788224,-3.170799303769572e-19,0.005006539011429376,0.9978250794193901,-5.831099756375273e-20,-0.0659174550607666,-1.6138112066664256e-20
0.728,-0.19523773726297233,-1.6534474822114949e-19,1.0074695118224293,-0.6744248357838105,-3.149804933086655e-19,0.004946538810209552,0.9978257897676535,-4.313366781414449e-20,-0.06590670128719292,-1.3741109936224836e-20
0.73,-0.19658904725374485,-1.6597311249105896e-19,1.0074793449746269,-0.6768850820929943,-3.134839505979462e-19,0.004886623058310019,0.9978265265232227,-2.8096290230187967e-20,-0.06589554587831395,-1.0326451897960085e-20
0.732,-0.1979452768046088,-1.665989758809175e-19,1.0074890583818814,-0.6793443932781954,-3.1226276806857294e-19,0.004826794209863325,0.9978272893925323,-4.032594800482943e-20,-0.06588399307534486,-1.1121276812675202e-20
0.734,-0.19930642403002893,-1.6722133649905828e-19,1.0074986522204314,-0.6818027540797218,-3.1001770820124533e-19,0.004767054692833665,0.9978280780829788,-6.340339947076341e-20,-0.06587204710064208,-1.2975808785677792e-20
0.736,-0.20067248701411847,-1.6783883682408515e-19,1.0075081266713455,-0.6842601494055884,-3.075112962928266e-19,0.00470740690908086,0.9978288923029371,-5.918900968772445e-20,-0.065859712157691,-1.062404935109464e-20
0.738,-0.2020434638109737,-1.684514966278043e-19,1.00751748192047,-0.6867165643307387,-3.051770503426271e-19,0.0046478532344263485,0.9978297317617769,-5.501751023971573e-20,-0.06584699243109438,-7.93706084883924e-21
0.74,-0.20341935244500714,-1.690596593892109e-19,1.0075267181583765,-0.6891719840962648,-3.030141177234021e-19,0.00458839601872108,0.9978305961698786,-5.088879325243142e-20,-0.0658338920865617,-4.915228367806702e-21
0.742,-0.2048001509112789,-1.6966366688465948e-19,1.0075358355803108,-0.6916263941086295,-3.0102164876034796e-19,0.004529037585915379,0.9978314852386483,-4.680271165672848e-20,-0.0658204152708992,-1.5593405157120392e-21
0.744,-0.20618585717582674,-1.7026385919475312e-19,1.0075448343861404,-0.6940797799388867,-2.9919879740977494e-19,0.0044697802341306485,0.9978323986805334,-4.2691474110211096e-20,-0.06580656611200086,1.1044666820135908e-21
0.746,-0.2075764691759945,-1.708605747126326e-19,1.0075537147803038,-0.6965321273219027,-2.9754472244491994e-19,0.004410626235732891,0.9978333362090378,-3.8555031600151804e-20,-0.06579234871884004,3.0770288957008825e-21
0.748,-0.20897198482075893,-1.7145415015444776e-19,1.007562476971758,-0.6989834221555775,-2.9605858795005436e-19,0.00435157783740811,0.9978342975387354,-3.441593745609303e-20,-0.06577776718146201,4.7019089679804615e-21
0.75,-0.2103724019910549,-1.7204492056903948e-19,1.0075711211739278,-0.7014336505000661,-2.9473956256803054e-19,0.0042926372602393615,0.997835282385285,-3.027417841904528e-20,-0.06576282557097723,5.980341272024841e-21
0.752,-0.21177771854009922,-1.7263321934733705e-19,1.007579647604655,-0.7038827985770002,-2.935868198535979e-19,0.004233806699785664,0.9978362904654438,-2.6107191261302792e-20,-0.06574752793955545,6.5716385889105086e-21
0.754,-0.21318793229371277,-1.7321937823259717e-19,1.007588056486147,-0.7063308527687094,-2.925995386238448e-19,0.004175088326162527,0.9978373214970813,-2.1937486116501823e-20,-0.06573187832042049,6.81894977100318e-21
0.756,-0.21460304105064115,-1.7380372733064003e-19,1.0075963480449257,-0.7087777996174439,-2.9177690234989915e-19,0.004116484284124179,0.997838375199192,-1.7810043408130394e-20,-0.06571588072784594,7.406530617421997e-21
0.758,-0.21602304258287375,-1.743865951177832e-19,1.0076045225117773,-0.7112236258245959,-2.9111809790816875e-19,0.0040579966931474,0.9978394512919089,-1.3724754117556992e-20,-0.06569953915715146,8.333983963966866e-21
0.76,-0.21744793463596118,-1.7496830844705104e-19,1.0076125801217022,-0.713668318249922,-2.906223152705544e-19,0.003999627647517,0.9978405494965155,-9.636441229562617e-21,-0.06568285758469995,8.91666720006573e-21
0.762,-0.2188777149293313,-1.7554919255551104e-19,1.0076205211138636,-0.7161118639107668,-2.9028874842723164e-19,0.003941379216412804,0.9978416695354583,-5.612539386425965e-21,-0.06566583996789543,1.0180355878964023e-20
0.764,-0.2203123811566036,-1.7612957107112782e-19,1.0076283457315385,-0.7185542499812846,-2.901165940844562e-19,0.0038832534439982138,0.9978428111323588,-1.5854388275134876e-21,-0.06564849024518168,1.1098889877113621e-20
0.766,-0.221751930985902,-1.767097660190366e-19,1.007636054222067,-0.7209954637916636,-2.9010505356754335e-19,0.003825252349510241,0.9978439740120253,2.489924521973854e-21,-0.06563081233604162,1.0989249898205345e-20
0.768,-0.22319636206016627,-1.7729009783336797e-19,1.007643646836803,-0.7234354928273492,-2.902533339591415e-19,0.003767377927351043,0.9978451579004638,6.523593212797859e-21,-0.06561281014099742,1.1220351807723258e-20
0.77,-0.22464567199746155,-1.7787088536591675e-19,1.0076511238310646,-0.7258743247282683,-2.90560645591244e-19,0.003709632147180846,0.9978463625248897,1.0493189473526452e-20,-0.06559448754161129,1.2133720017653044e-20
0.772,-0.22609985839128677,-1.7845244589129282e-19,1.0076584854640842,-0.7283119472880535,-2.9102620110334693e-19,0.003652016954012311,0.9978475876137379,1.4443810151028563e-20,-0.06557584840048711,1.3044705427080334e-20
0.774,-0.2275589188108811,-1.7903509511265878e-19,1.0076657319989597,-0.730748348453268,-2.916492164451659e-19,0.003594534268306248,0.9978488328966741,1.837557133453578e-20,-0.06555689656127266,1.3952912941778137e-20
0.776,-0.22902285080152918,-1.7961914716867783e-19,1.0076728637026058,-0.7331835163226311,-2.9242891107586494e-19,0.0035371859860687093,0.9978500981046042,2.2266091602444385e-20,-0.06553763584866264,1.5200277476613412e-20
0.778,-0.23049165188486456,-1.8020491463999234e-19,1.0076798808457044,-0.7356174391462442,-2.933645079943505e-19,0.0034799739789493295,0.9978513829696846,2.6227765577365718e-20,-0.06551807006840234,1.5077187620551757e-20
0.78,-0.23196531955917174,-1.80792708559965e-19,1.0076867837026566,-0.7380501053248166,-2.944552370644237e-19,0.003422900094340994,0.9978526872253318,3.019322431991893e-20,-0.06549820300729202,1.4611457843111454e-20
0.782,-0.23344385129968656,-1.81382838427111e-19,1.0076935725515344,-0.7404815034088928,-2.9570033263254115e-19,0.0033659661554807513,0.9978540106062318,3.405021725826114e-20,-0.06547803843319205,1.5513935397005885e-20
0.784,-0.2349272445588952,-1.8197561220844669e-19,1.0077002476740315,-0.7429116220980799,-2.9709902860739857e-19,0.0033091739615519348,0.9978553528483491,3.7776573473334545e-20,-0.06545758009502864,1.8123305213116152e-20
0.786,-0.2364154967668314,-1.8257133633774186e-19,1.007706809355417,-0.7453404502402752,-2.9865055790565397e-19,0.0032525252877874723,0.9978567136889356,4.148477970072018e-20,-0.06543683172280035,2.0725891879370415e-20
0.788,-0.23790860533137242,-1.8317031571674538e-19,1.0077132578844856,-0.7477679768308951,-3.003541564208543e-19,0.003196021885574364,0.9978580928665389,4.519739861557541e-20,-0.06541579702758515,2.2979385217539253e-20
0.79,-0.23940656763853313,-1.8377285372361682e-19,1.0077195935535117,-0.7501941910121046,-3.022090644813775e-19,0.0031396654825592792,0.997859490121011,4.8892012467315646e-20,-0.06539447970154832,2.522694906282136e-20
0.792,-0.2409093810527589,-1.8437925222077639e-19,1.007725816658201,-0.7526190820720463,-3.0421452597044744e-19,0.003083457782755295,0.997860905193516,5.256870572598718e-20,-0.06537288341795086,2.7468601533090307e-20
0.794,-0.24241704291721666,-1.8498981156195718e-19,1.0077319274976437,-0.7550426394440717,-3.063697884637057e-19,0.003027400466649643,0.997862337826538,5.624997075244298e-20,-0.06535101183115866,2.9362432713261686e-20
0.796,-0.24392955055408466,-1.8560483060046815e-19,1.0077379263742678,-0.7574648527059719,-3.086741040629951e-19,0.0029714951913125728,0.9978637877638884,5.993585348239293e-20,-0.06532886857665224,3.090927205693547e-20
0.798,-0.2454469012648405,-1.8622460669860496e-19,1.007743813593792,-0.7598857115792097,-3.111267294041033e-19,0.0029157435905071707,0.9978652547507134,6.362637709833885e-20,-0.06530645727103727,3.2109945541067635e-20
0.8,-0.24696909233054776,-1.8684943573623425e-19,1.007749589465179,-0.7623052059281524,-3.1372692557271904e-19,0.0028601472748002186,0.9978667385335009,6.732160649559999e-20,-0.06528378151205563,3.296487290544951e-20
0.802,-0.24849612101214097,-1.8747961212016195e-19,1.0077552543005899,-0.764723325759305,-3.1647395873410297e-19,0.0028047078316739862,0.9978682388600871,7.104393944725485e-20,-0.0652608448785971,3.313335396383768e-20
0.804,-0.25002798455070924,-1.8811542879515883e-19,1.0077608084153378,-0.7671400612205441,-3.19367100329872e-19,0.0027494268256389783,0.9978697554796632,7.472626651286553e-20,-0.06523765093071171,3.36428126206178e-20
0.806,-0.25156468016777805,-1.8875717725178806e-19,1.0077662521278417,-0.7695554026003534,-3.2240562423513297e-19,0.002694305798347552,0.9978712881427815,7.830162895441797e-20,-0.06521420320962279,3.551823683130695e-20
0.808,-0.2531062050655899,-1.8940514752812018e-19,1.0077715857595813,-0.7719693403270589,-3.255888039673867e-19,0.002639346268708498,0.9978728366013618,8.188199207552244e-20,-0.06519050523774053,3.704754251409725e-20
0.81,-0.2546525564273831,-1.9005962821228087e-19,1.0077768096350512,-0.774381864968066,-3.2891591669726637e-19,0.0025845497330023773,0.9978744006086967,8.54674538453004e-20,-0.06516656051867617,3.823074439748606e-20
0.812,-0.2562037314176693,-1.907209064510799e-19,1.0077819240817165,-0.7767929672290967,-3.3238624393846053e-19,0.002529917664997777,0.9978759799194574,8.903571276300672e-20,-0.06514237253725692,3.941059966246401e-20
0.8140000000000001,-0.25775972718250906,-1.9138926795853799e-19,1.007786929429967,-0.7792026379534279,-3.359990712796689e-19,0.002475451516068313,0.9978775742896988,9.260912729977099e-20,-0.06511794475954136,4.0245997372058814e-20
0.8160000000000001,-0.2593205408497867,-1.9206499702387403e-19,1.0077918260130734,-0.7816108681211308,-3.3975368860628844e-19,0.0024211527153104317,0.997879183476865,9.618773414700585e-20,-0.06509328063283543,4.073775822696849e-20
0.8180000000000001,-0.26088616952948257,-1.9274837652073142e-19,1.007796614167142,-0.7840176488483108,-3.4364939001279163e-19,0.0023670226696619876,0.997880807239794,9.970469092593078e-20,-0.06506838358570914,4.191169345327157e-20
0.8200000000000001,-0.26245661031394485,-1.9343968791248197e-19,1.007801294231071,-0.786422971386349,-3.476854706758691e-19,0.0023130627640215156,0.9978824453387221,1.0313785308060673e-19,-0.06504325702801378,4.4108122649782996e-20
0.8220000000000001,-0.26403186027815895,-1.94139211252302e-19,1.0078058665465066,-0.7888268271211437,-3.5186122481096374e-19,0.002259274361368217,0.9978840975352885,1.0650971166133186e-19,-0.06501790435089969,4.6982687550945316e-20
0.8240000000000001,-0.26561191648001603,-1.9484722518143048e-19,1.007810331457799,-0.7912292075723539,-3.5617594728292753e-19,0.0022056588028826697,0.9978857635925398,1.097981802654828e-19,-0.0649923289268347,5.0875721126481047e-20
0.8260000000000001,-0.2671967759605797,-1.9556379054901503e-19,1.0078146893119593,-0.7936301043926433,-3.601961682340376e-19,0.002152217408068121,0.9978874432749333,8.584891864496725e-20,-0.06496653410962305,5.092656137155159e-20
0.8280000000000001,-0.26878643574435135,-1.9628738093630043e-19,1.0078189404586155,-0.7960295093669247,-3.634902222008212e-19,0.0020989514748724785,0.9978891363483416,8.947926373256212e-20,-0.06494052323442498,5.1051813387845547e-20
0.8300000000000001,-0.2703808928395336,-1.9701828053989022e-19,1.0078230852499708,-0.7984274144116073,-3.673610159179401e-19,0.002045862279810875,0.9978908425800557,8.76436297669191e-20,-0.06491429961777677,5.04786603091826e-20
0.8320000000000001,-0.2719801442382929,-1.9775612410551145e-19,1.0078271240407595,-0.8008238115738422,-3.705063700850385e-19,0.0019929510780888455,0.9978925617387883,8.577231348075018e-20,-0.06488786655761142,5.059024370470301e-20
0.834,-0.27358418691702013,-1.9850083553272575e-19,1.0078310571882052,-0.803218693030772,-3.7422902066056327e-19,0.0019402191037260468,0.9978942935946775,7.845171746295841e-20,-0.06486122733327987,5.034736622234064e-20
0.836,-0.2751930178365898,-1.9925187163328198e-19,1.0078348850519787,-0.8056120510887794,-3.7668701579895644e-19,0.0018876675696805523,0.9978960379192892,6.576142792877475e-20,-0.06483438520557272,4.872478499285116e-20
0.838,-0.2768066339426177,-2.0000800696578461e-19,1.0078386079941557,-0.8080038781827379,-3.794007792805081e-19,0.0018352976679736003,0.9978977944856198,4.7727121604583286e-20,-0.06480734341674256,4.5725941475799374e-20
0.84,-0.2784250321657173,-2.00768021068523e-19,1.007842226379175,-0.8103941668752629,-3.8053029017690587e-19,0.001783110569814922,0.9978995630680996,2.426325701308396e-20,-0.06478010519052681,4.306477942517855e-20
0.842,-0.28004820942175446,-2.0153033983488276e-19,1.0078457405737973,-0.8127829098559647,-3.818142859139274e-19,0.0017311074257284854,0.9979013434425944,2.816435579115044e-20,-0.06475267373217107,4.355710291189992e-20
0.844,-0.2816761626121006,-2.0229494714967861e-19,1.0078491509470633,-0.8151700999407023,-3.828187162029733e-19,0.0016792893656787287,0.997903135386408,3.2113442902702356e-20,-0.06472505222845303,4.302183503105012e-20
0.846,-0.2833088886238845,-2.0306225900155737e-19,1.007852457870254,-0.8175557300708385,-3.845187016712347e-19,0.0016276574991972124,0.997904938678284,4.7008316132627804e-20,-0.06469724384770686,4.285583962562168e-20
0.848,-0.2849463843302424,-2.0383301416339165e-19,1.0078556617168482,-0.8199397933124957,-3.861534549006546e-19,0.0015762129155096614,0.9979067530984083,3.433499553280886e-20,-0.06466925173984824,4.330887422476423e-20
0.85,-0.2865886465905671,-2.0460654126157402e-19,1.0078587628624835,-0.8223222828558137,-3.872910304613053e-19,0.0015249566836634666,0.9979085784284096,2.1743681360414693e-20,-0.06464107903639962,4.342042459429289e-20
0.852,-0.288235672250755,-2.0538184839024958e-19,1.0078617616849155,-0.8247031920142082,-3.8793387590534967e-19,0.0014738898526554741,0.9979104144513621,9.167568484018701e-21,-0.06461272885051644,4.421712007457134e-20
0.854,-0.28988745814345207,-2.0615794852493734e-19,1.0078646585639777,-0.8270825142236308,-3.880844245491954e-19,0.0014230134515601743,0.9979122609517855,-3.3714089794210105e-21,-0.06458420427701336,4.535537625043103e-20
0.856,-0.291544001088298,-2.0693385949458582e-19,1.007867453881542,-0.82946024304183,-3.877450972854865e-19,0.0013723284896582344,0.9979141177156476,-1.5784954196836427e-20,-0.06455550839239131,4.546699356176569e-20
0.858,-0.2932052978921691,-2.077086039612078e-19,1.0078701480214793,-0.8318363721476139,-3.8691830694666267e-19,0.001321835956565292,0.997915984530364,-2.809558511749874e-20,-0.06452664425486496,4.48963419491611e-20
0.86,-0.2948713453494199,-2.0848120940507592e-19,1.0078727413696202,-0.8342108953401136,-3.856064582570189e-19,0.0012715368223610874,0.9979178611847993,-4.0325831079750684e-20,-0.0644976149043906,4.398737792677182e-20
0.862,-0.29654214024212283,-2.0925070810538946e-19,1.0078752343137156,-0.8365838065380488,-3.8381194582362167e-19,0.0012214320377188538,0.9979197474692681,-5.249807511419742e-20,-0.06446842336269464,4.308243486219869e-20
0.864,-0.2982176793403067,-2.1001613712046117e-19,1.007877627243399,-0.8389550997789933,-3.815371532409088e-19,0.0011715225340349425,0.9979216431755349,-6.46347026982892e-20,-0.06443907263330241,4.2523438124142763e-20
0.866,-0.2998979594021937,-2.1077653826238025e-19,1.007879920550147,-0.8413247692186437,-3.7878445076139373e-19,0.0011218092235587259,0.9979235480968144,-7.673595501880628e-20,-0.0644095657015676,4.2309554092680186e-20
0.868,-0.30158297717443505,-2.1153095807153235e-19,1.007882114627242,-0.8436928091300882,-3.7555619750647237e-19,0.0010722929995226752,0.9979254620277721,-8.871374466922897e-20,-0.06437990553470205,4.107256146289989e-20
0.87,-0.30327272939234473,-2.1227844779937725e-19,1.0078842098697343,-0.8460592139030765,-3.7185474531003064e-19,0.0010229747362726649,0.9979273847645239,-1.0054638205336216e-19,-0.06435009508180611,3.847251948057426e-20
0.872,-0.3049672127801324,-2.1301806339523922e-19,1.0078862066744032,-0.8484239780432926,-3.676824401459359e-19,0.0009738552893984491,0.997929316104636,-1.1227840957295768e-19,-0.06432013727389935,3.51961450037796e-20
0.874,-0.3066664240511344,-2.1374897368886644e-19,1.0078881054397215,-0.8507870961716274,-3.6336620816793175e-19,0.0009249354958642925,0.9979312558471243,-9.670837061945867e-20,-0.0642900350239518,3.5402706213901104e-20
0.876,-0.30837035990804346,-2.14472334759735e-19,1.0078899065658167,-0.8531485630234538,-3.6009658144041365e-19,0.0008762161741397644,0.9979332037924546,-8.131309947691404e-20,-0.06425979122691557,3.6972142379476775e-20
0.878,-0.3100790170431369,-2.1518918841119049e-19,1.007891610454435,-0.8555083734479025,-3.566778945155963e-19,0.0008276981243306628,0.9979351597425414,-9.318394051266971e-20,-0.06422940875975701,3.403788625920354e-20
0.88,-0.3117923921385034,-2.1589873106701072e-19,1.007893217508905,-0.8578665224071401,-3.527859630733994e-19,0.0007793821283100304,0.9979371235007471,-1.0490998641767737e-19,-0.06419889048148925,2.9744593004577136e-20
0.882,-0.31351048186626856,-2.1660023498758648e-19,1.0078947281341004,-0.8602230049756476,-3.4885592778262303e-19,0.0007312689498492765,0.9979390948718814,-8.390606552874439e-20,-0.06416823923320511,2.996841955271398e-20
0.884,-0.31523328288881847,-2.172950317502232e-19,1.0078961427364048,-0.8625778163395014,-3.4586175740964464e-19,0.0006833593347494014,0.9979410736622,-9.051194296702647e-20,-0.06413745783811062,3.0823559778971675e-20
0.886,-0.3169607918590225,-2.179826796567954e-19,1.0078974617236753,-0.864930951795655,-3.416352282490843e-19,0.0006356540109722465,0.9979430596794034,-1.0256706241224239e-19,-0.06410654910155876,3.166838867885691e-20
0.888,-0.31869300542045415,-2.1866212655057505e-19,1.0078986855052074,-0.8672824067512231,-3.379135769748889e-19,0.0005881536887718036,0.9979450527326359,-1.0911605827754852e-19,-0.06407551581108378,3.3206433284017476e-20
0.89,-0.32042992020761074,-2.193332260945143e-19,1.0078998144916993,-0.8696321767227662,-3.33071512167205e-19,0.0005408590608255863,0.9979470526324836,-1.2649314060184988e-19,-0.06404436073643582,3.23269214883968e-20
0.892,-0.32217153284613154,-2.199946070383953e-19,1.0079008490952173,-0.8719802573355772,-3.28411915375421e-19,0.0004937708023659683,0.9979490591909734,-1.1080623373371257e-19,-0.06401308662961604,3.116518081604479e-20
0.894,-0.32391783995301454,-2.2064717544683417e-19,1.0079017897291607,-0.8743266443229699,-3.2415029366529783e-19,0.0004468895713115646,0.9979510722215708,-1.172322319000677e-19,-0.06398169622491207,3.0994507289279594e-20
0.896,-0.3256688381368318,-2.212906430673076e-19,1.0079026368082273,-0.8766713335255688,-3.1920321406411526e-19,0.0004002160083985694,0.997953091539178,-1.237245486722684e-19,-0.06395019223893392,3.2535405958798504e-20
0.898,-0.32742452399794325,-2.219244718027685e-19,1.0079033907483799,-0.8790143208906002,-3.147640692303617e-19,0.00035375073731208504,0.9979551169601325,-1.0274200578328057e-19,-0.06391857737065028,3.4458812665098667e-20
0.9,-0.32918489412870944,-2.225502530999927e-19,1.007904051966811,-0.881355602471185,-3.1115511866658595e-19,0.00030749436481739966,0.9979571483022044,-8.18591213248106e-20,-0.06388685430142518,3.637525811568591e-20
0.902,-0.33094994511370235,-2.231696432459038e-19,1.0079046208819102,-0.883695174425634,-3.083722637976154e-19,0.0002614474808912053,0.9979591853845945,-6.111916532017624e-20,-0.06385502569505509,3.8967891116492156e-20
0.904,-0.3327196735299152,-2.2378429034820325e-19,1.0079050979132302,-0.8860330330167427,-3.0641142331411884e-19,0.00021561065885275247,0.9979612280279317,-4.0455996043058595e-20,-0.06382309419780635,4.121005220530677e-20
0.906,-0.33449407594697084,-2.2439583437053194e-19,1.007905483481454,-0.8883691746110908,-3.0526853545721657e-19,0.0001699844554949036,0.9979632760542708,-1.993474425473484e-20,-0.063791062438453,4.4127671040778495e-20
0.908,-0.33627314892732824,-2.250057989713074e-19,1.0079057780083618,-0.89070359567834,-3.047231570590289e-19,0.0001245694112151188,0.9979653292870903,-1.5816119680946266e-20,-0.06375893302831505,4.4277013962341746e-20
0.91,-0.33805688902648834,-2.256144380572525e-19,1.0079059819167981,-0.8930362927905363,-3.037987124641936e-19,7.936605014629284e-05,0.9979673875512883,-3.348041020889265e-20,-0.06372670856129695,4.1318137028074256e-20
0.912,-0.3398452927931979,-2.2622052625185505e-19,1.0079060956306396,-0.8953672626214123,-3.0217282243248107e-19,3.437488028747945e-05,0.9979694506731814,-5.106056057776605e-20,-0.06369439161392662,3.8368560687990586e-20
0.914,-0.3416383567696523,-2.2682266413866494e-19,1.007906119574763,-0.8976965019456915,-2.998489591218954e-19,-1.0403606365514876e-05,0.9979715184805009,-6.853509589840699e-20,-0.06366198474539478,3.5085876397648735e-20
0.916,-0.3434360774916968,-2.2741956743147865e-19,1.0079060541750129,-0.9000240076383947,-2.9704697998467027e-19,-5.4968933689681275e-05,0.99797359080239,-6.419319410990725e-20,-0.06362949049759455,3.5603119269633723e-20
0.918,-0.3452384514890263,-2.280113645271138e-19,1.0079058998581707,-0.9023497766741481,-2.948507403694612e-19,-9.932064130454762e-05,0.9979756674694006,-5.441351128452678e-20,-0.06359691139516149,3.646648800583331e-20
0.92,-0.3470454752853842,-2.285988670063084e-19,1.007905657051923,-0.9046738061264922,-2.926077051619475e-19,-0.0001434582844420711,0.9979777483134902,-6.091142152289827e-20,-0.06356424994551402,3.3201766182612853e-20
0.922,-0.34885714539875906,-2.2918162008001437e-19,1.0079053261848296,-0.9069960931671937,-2.901015461677257e-19,-0.00018738143381673788,0.9979798331680185,-6.735611707883752e-20,-0.06353150863889404,2.9603826254624093e-20
0.924,-0.35067345834158076,-2.2975909881814975e-19,1.0079049076862947,-0.9093166350655582,-2.873335797402557e-19,-0.0002310896754958406,0.997981921867744,-7.379133513419685e-20,-0.06349868994840804,2.6356983545905695e-20
0.926,-0.35249441062091474,-2.3033078091610536e-19,1.0079044019865344,-0.9116354291877454,-2.843051147796643e-19,-0.000274582610769992,0.9979840142488208,-8.023896831753759e-20,-0.06346579633006852,2.380277418238149e-20
0.928,-0.3543199987386551,-2.308961466771872e-19,1.0079038095165473,-0.9139524729960854,-2.810174497842892e-19,-0.0003178598560238499,0.9979861101487942,-8.672083937101343e-20,-0.06343283022283565,2.2281112030517724e-20
0.93,-0.3561502191917161,-2.314546789909458e-19,1.0079031307080841,-0.916267764048397,-2.7747187287683723e-19,-0.0003609210426070685,0.9979882094065982,-9.31934691302574e-20,-0.06339979404865934,2.110560086218634e-20
0.932,-0.35798506847222256,-2.320058633146909e-19,1.0079023659936182,-0.9185812999973081,-2.7366966429623955e-19,-0.0004037658167054994,0.9979903118625505,-9.959179343195922e-20,-0.06336669021252163,1.924990404593448e-20
0.934,-0.35982454306769884,-2.32549187662836e-19,1.0079015158063156,-0.9208930785895773,-2.6961210158492878e-19,-0.0004463938392126641,0.9979924173583496,-1.0591601610453766e-19,-0.06333352110247938,1.6715630866405112e-20
0.936,-0.36166863946125644,-2.330841426022434e-19,1.007900580580006,-0.9232030976654179,-2.6530045912905953e-19,-0.0004888047856014823,0.9979945257370704,-1.121880989051133e-19,-0.06330028908970725,1.384635675015916e-20
0.9380000000000001,-0.36351735413178005,-2.3361022124387414e-19,1.007899560749154,-0.9255113551578236,-2.6073600626893017e-19,-0.0005309983457962681,0.99799663684316,-1.185166508119284e-19,-0.06326699652854104,1.235192980245137e-20
0.9400000000000001,-0.3653706835541127,-2.3412691922719506e-19,1.0078984567488298,-0.9278178490918955,-2.559200016487821e-19,-0.000572974224045025,0.997998750522434,-1.2481503063361106e-19,-0.06323364575652131,1.0862804629422016e-20
0.9420000000000001,-0.36722862419923896,-2.3463373470100193e-19,1.0078972690146806,-0.9301225775841717,-2.508536964852533e-19,-0.0006147321387920521,0.998000866622072,-1.310832932634601e-19,-0.06320023909443728,9.37774780643328e-21
0.9440000000000001,-0.3690911725344676,-2.351301683104415e-19,1.007895997982903,-0.9324255388419582,-2.4553833599242903e-19,-0.0006562718225508216,0.9980029849906132,-1.3736490562019602e-19,-0.06316677884637115,8.580696154799952e-21
0.9460000000000001,-0.3709583250236121,-2.3561572318250273e-19,1.0078946440902143,-0.934726731162662,-2.3997515574446936e-19,-0.0006975930217772169,0.9980051054779528,-1.4368160943478727e-19,-0.06313326729974247,8.81198678543509e-21
0.9480000000000001,-0.37283007812717023,-2.3608990490400657e-19,1.0078932077738256,-0.937026152933126,-2.341653809880618e-19,-0.0007386954967430594,0.9980072279353366,-1.4996853216430366e-19,-0.0630997067253531,9.04405442391221e-21
0.9500000000000001,-0.37470642830250245,-2.3655222150583115e-19,1.0078916894714132,-0.9393238026289651,-2.2811023061538166e-19,-0.0007795790214100055,0.9980093522153568,-1.5622578913317973e-19,-0.06306609937743218,9.276486483626841e-21
0.9520000000000001,-0.3765873720040086,-2.3700218345065247e-19,1.007890089621092,-0.9416196788139057,-2.2181091791667816e-19,-0.0008202433833037467,0.9980114781719479,-1.6241026288851675e-19,-0.06303244749368161,8.82491352044436e-21
0.9540000000000001,-0.3784729056833035,-2.3743930362541906e-19,1.0078884086613886,-0.9439137801391257,-2.1526865456301914e-19,-0.0008606883833886277,0.9980136056603816,-1.6847895441106873e-19,-0.06299875329532166,7.007401158844893e-21
0.9560000000000001,-0.3803630257893913,-2.378630973406838e-19,1.0078866470312142,-0.9462061053425971,-2.0848465149985864e-19,-0.0009009138359425522,0.9980157345372617,-1.7454015284474401e-19,-0.0629650189871369,5.536678234203947e-21
0.9580000000000001,-0.3822577287688383,-2.382730823223493e-19,1.0078848051698384,-0.9484966532484298,-2.0146011305763222e-19,-0.000940919568432329,0.9980178646605201,-1.8063713378684362e-19,-0.06293124675752239,5.096285056341558e-21
0.96,-0.38415701106594463,-2.386687786955624e-19,1.0078828835168625,-0.9507854227662188,-1.9419623369902346e-19,-0.0009807054213893528,0.9980199958894118,-1.8670521213378424e-19,-0.06289743877853021,4.6578260387478044e-21
0.962,-0.38606086912291454,-2.3904970896795846e-19,1.0078808825121939,-0.9530724128903916,-1.8669420252491203e-19,-0.001020271248285684,0.9980221280845094,-1.926582567884657e-19,-0.06286359720591614,2.8533632987419215e-21
0.964,-0.38796929938002545,-2.3941539802504264e-19,1.0078788025960204,-0.9553576226995587,-1.7895520861272057e-19,-0.0010596169154105427,0.9980242611076987,-1.985611826197386e-19,-0.06282972417918664,7.116769028783843e-22
0.966,-0.38988229827579557,-2.3976537312786062e-19,1.007876644208784,-0.9576410513558656,-1.7098043720285252e-19,-0.0010987423017471982,0.9980263948221735,-2.045003540919344e-19,-0.06279582182164616,-3.980980509553463e-22
0.968,-0.39179986224715047,-2.4009916389779954e-19,1.007874407791157,-0.9599226981043472,-1.6277106286462763e-19,-0.0011376472988502417,0.9980285290924301,-2.1049732885425355e-19,-0.06276189224044457,-1.364310751171005e-22
0.97,-0.39372198772958805,-2.4041630229348184e-19,1.0078720937840153,-0.9622025622722831,-1.5432824788830819e-19,-0.0011763318107233301,0.9980306637842631,-2.165305659600907e-19,-0.06272793752662492,1.1514340001354921e-21
0.972,-0.3956486711573426,-2.4071632258579475e-19,1.0078697026284147,-0.9644806432685563,-1.4565314286937445e-19,-0.0012147957536973232,0.998032798764759,-2.2260005561835176e-19,-0.06269395975517149,3.462652326708418e-21
0.974,-0.3975799089635471,-2.4099876133719533e-19,1.0078672347655664,-0.9667569405830131,-1.3674688902008345e-19,-0.001253039056308846,0.9980349339022918,-2.285984033610227e-19,-0.0626599609850579,5.085668026486156e-21
0.976,-0.39951569758039485,-2.412631573879014e-19,1.007864690636812,-0.9690314537858247,-1.276106239687399e-19,-0.00129106165917934,0.9980370690665173,-2.345687116963306e-19,-0.06262594325929569,6.705274621134027e-21
0.978,-0.4014560334392991,-2.415090518493231e-19,1.0078620706836003,-0.9713041825268516,-1.18245480591637e-19,-0.0013288635148945016,0.998039204128368,-2.404896647459286e-19,-0.06259190860498294,7.979485949390042e-21
0.98,-0.403400912971052,-2.417359880942772e-19,1.007859375347463,-0.9735751265350095,-1.0865258757650097e-19,-0.0013664445878842266,0.9980413389600472,-2.4636140762980363e-19,-0.06255785903335323,8.908711478338601e-21
0.982,-0.4053503326059822,-2.4194351174932406e-19,1.0078566050699906,-0.9758442856176376,-9.883307044367103e-20,-0.0014038048543029728,0.998043473435024,-2.5220558563006063e-19,-0.06252379653982477,9.836566710410926e-21
0.984,-0.40730428877411073,-2.4213117068694916e-19,1.0078537602928106,-0.978111659659868,-8.87880482931784e-20,-0.0014409443019106445,0.9980456074280273,-2.5812948421884784e-19,-0.0624897231040498,1.2472596347241806e-20
0.986,-0.4092627779053063,-2.4229862321506074e-19,1.0078508414575627,-0.9803772486239986,-7.884325646802457e-20,-0.001477862929953901,0.9980477408150408,-2.3649531459431774e-19,-0.06245564068996413,1.408109792362001e-20
0.988,-0.4112257964294388,-2.424472962745886e-19,1.007847849005877,-0.9826410525488665,-6.975533155627354e-20,-0.0015145607490479542,0.998049873473297,-2.366714800746437e-19,-0.06242155124583698,1.1234146782056658e-20
0.99,-0.4131933407765318,-2.4257720248269316e-19,1.0078447833793513,-0.9849030715492249,-6.011248775926316e-20,-0.0015510377810588822,0.9980520052812716,-2.3684622544095e-19,-0.06238745670432099,8.393986348344718e-21
0.992,-0.4151654073769138,-2.4268853421986894e-19,1.0078416450195284,-0.9871633058151208,-5.1433447616953977e-20,-0.0015872940589863984,0.9980541361186778,-2.153114121108408e-19,-0.06235335898250241,1.0007532125733725e-20
0.994,-0.4171419926613682,-2.4278292681085854e-19,1.007838434367874,-0.9894217556112759,-4.2956161179628784e-20,-0.00162332962684715,0.9980562658664605,-2.1599317788952758e-19,-0.06231925998195156,1.366533352993528e-20
0.996,-0.4191230930612819,-2.428604568429249e-19,1.0078351518657545,-0.9916784212764684,-3.478732067567468e-20,-0.0016591445395584986,0.9980583944067908,-1.892273781716809e-19,-0.06228516158877341,1.7654060716341446e-20
0.998,-0.42110870500879305,-2.429229666637921e-19,1.0078317979544162,-0.9939333032229178,-2.7682531905359605e-20,-0.0016947388628228025,0.99806052162306,-1.8429755413926869e-19,-0.06225106567365844,1.7185436108574522e-20
1.0,-0.4230993123417428,-2.429688741550241e-19,1.0078322894752791,-0.9966708473661785,-1.783039152724203e-20,0.0021866569437247203,0.9980857277834457,-2.341165838051829e-19,-0.061845614193654294,1.3235256502728835e-20
1.002,-0.4250948637012986,-2.4299486871491813e-19,1.0078364763745062,-0.9988769738513071,-7.946808908000104e-21,0.0020006805119740906,0.9981193590189684,-2.6444120264960947e-19,-0.06130044984797774,8.745601311056685e-21
1.004,-0.42709480906863956,-2.430004046197143e-19,1.0078402943648272,-1.0010651763060883,2.3767486126468125e-21,0.0018177048563362093,0.9981496741609376,-2.5902236810726326e-19,-0.06080483510720771,6.0411166483571065e-21
1.006,-0.4290991086000099,-2.4298578635364395e-19,1.007843749910692,-1.0032309061761358,1.2171818963438333e-20,0.0016382609063532894,0.9981818939686546,-2.484186098402693e-19,-0.06027359747974361,7.768886554291294e-21
1.008,-0.4311077206685152,-2.4295178185828323e-19,1.007846849640962,-1.0053779209203249,2.1763296676461722e-20,0.0014618606058659697,0.9982119128120429,-2.377833748405918e-19,-0.059774385150525085,8.130477488824265e-21
1.01,-0.4331206053531515,-2.4289917309454576e-19,1.0078495999155868,-1.0075033810046898,3.083010864197048e-20,0.0012888188096329125,0.9982429690070026,-2.353450337138297e-19,-0.05925347945973487,6.966612875473223e-21
1.012,-0.4351377216681913,-2.4282825504947766e-19,1.0078520071677834,-1.0096096871054003,4.0018925414344526e-20,0.0011188185619963034,0.9982725181872352,-2.246670233849081e-19,-0.0587535482512931,5.613053280706045e-21
1.014,-0.4371590297644986,-2.427398048787428e-19,1.0078540776354785,-1.011695078023168,4.8362534266525116e-20,0.0009520408754393987,0.9983025691376319,-2.1401610962058152e-19,-0.05824071130407304,3.915767837991272e-21
1.016,-0.43918448918169983,-2.426344351668191e-19,1.0078558175737058,-1.0137610985662049,5.715355523882871e-20,0.0007882751147117274,0.9983315457292292,-2.3637383770719976e-19,-0.05774188083088841,2.360465363090184e-21
1.018,-0.4412140602370748,-2.4251060790945673e-19,1.0078572330882656,-1.0158066679604916,6.681939101880806e-20,0.0006276194754750049,0.9983606942916159,-2.586451359968339e-19,-0.057235688984788036,1.1515882359345555e-21
1.02,-0.4432477029229922,-2.423665777809524e-19,1.00785833026762,-1.0178327911676863,7.735574377894952e-20,0.00046992945447971645,0.9983890390690698,-2.807915889530977e-19,-0.05673911055647526,-3.9052420942670493e-22
1.022,-0.4452853777832401,-2.422006079840678e-19,1.0078591150799558,-1.019838816791363,8.875836922860767e-20,0.00031525208718523,0.9984173536482377,-3.028324747285894e-19,-0.056238669383711665,-1.926975830877323e-21
1.024,-0.44732704521754657,-2.420111850679973e-19,1.007859593455151,-1.021825409316726,1.0059335141681958e-19,0.0001634840739274582,0.9984450344876696,-2.973025299862329e-19,-0.05574507249001189,-3.624842860054461e-21
1.026,-0.44937266603453485,-2.4179859348708942e-19,1.0078597712211614,-1.0237921883335876,1.1194507951209113e-19,1.4640927150976905e-05,0.9984725621039475,-2.9185318912619953e-19,-0.05524982104567468,-4.294116015018014e-21
1.028,-0.45142220101306135,-2.4156322417693126e-19,1.0078596541550262,-1.0257396036248525,1.2335333741393576e-19,-0.00013135490955486527,0.9984995636805353,-2.8648698639306427e-19,-0.05475966882461235,-3.934982218948948e-21
1.03,-0.4534756112511521,-2.4130564515035666e-19,1.0078592479436377,-1.0276674458324275,1.3422657864104658e-19,-0.000274507267146948,0.99852633807609,-2.7570888088560744e-19,-0.05426925619864855,-2.5928508287586305e-21
1.032,-0.455532857889355,-2.4102642221624406e-19,1.0078585582155524,-1.0295760293794156,1.4489008344779023e-19,-0.00041487754547997593,0.9985526554695349,-2.595152185022477e-19,-0.053782843498099794,-6.142286572384372e-22
1.034,-0.4575939023309588,-2.4072686985666467e-19,1.007857590516879,-1.0314652529062707,1.5459224332032405e-19,-0.000552481365742505,0.9985787021357585,-2.488787095431365e-19,-0.05329705095842271,1.4054779063678587e-21
1.036,-0.45965870606754955,-2.404079035206227e-19,1.0078563503311897,-1.0333353455253524,1.643044096924154e-19,-0.00068736991472147,0.9986043368612845,-2.437519725419976e-19,-0.05281456618997134,2.785464602350521e-21
1.038,-0.46172723081801814,-2.400700047137288e-19,1.00785484306478,-1.0351862740898843,1.735965076532711e-19,-0.0008195659203637511,0.9986296761555985,-2.4410644818816894e-19,-0.052333258080929417,3.528984178697184e-21
1.04,-0.4637994384185883,-2.3971307980581526e-19,1.0078530740592058,-1.0370182139696789,1.834379536108528e-19,-0.0009491140405009162,0.998654633700161,-2.499540956665657e-19,-0.051854822236681815,4.325974278441432e-21
1.042,-0.4658752909105838,-2.3933674868743028e-19,1.0078510485823513,-1.038831175124373,1.927518428497196e-19,-0.0010760412061497611,0.9986792827774088,-2.283090933467595e-19,-0.05137791501414683,4.8323849960281504e-21
1.044,-0.4679547504711226,-2.389426379789984e-19,1.007848771836397,-1.0406252990902098,2.0121820351848505e-19,-0.0012003878293791181,0.9987035710698748,-2.067840494898121e-19,-0.050903606279713694,5.677512201198196e-21
1.046,-0.47003777946855224,-2.385324386452435e-19,1.007846248952488,-1.0424006230879523,2.0884112109693553e-19,-0.0013221832442789866,0.998727545078358,-1.8534293393243958e-19,-0.05043104898529296,6.1763877458891574e-21
1.048,-0.472124340418792,-2.3810783350657935e-19,1.0078434849958682,-1.0441572673737636,2.1562466362777615e-19,-0.001441465031889214,0.9987511735391468,-1.640204783442001e-19,-0.04996091826795826,7.013587361193093e-21
1.05,-0.47421439602036497,-2.3767049724480637e-19,1.007840484962781,-1.0458952864269249,2.2157289874317914e-19,-0.0015582638137381598,0.9987744863605761,-1.4279889185165014e-19,-0.04949268021806699,7.84600434305866e-21
1.052,-0.4763079091269148,-2.372220964215389e-19,1.00783725378385,-1.047614787136699,2.2668987563504843e-19,-0.0016726152163220132,0.9987974653107833,-1.2167771955238e-19,-0.04902676094496754,8.67413565862427e-21
1.054,-0.4784048427693593,-2.367642895167663e-19,1.007833796322361,-1.049315834924344,2.3097962795243365e-19,-0.0017845504572950657,0.9988201300174209,-1.0065649405134887e-19,-0.04856282397042619,9.497960201987949e-21
1.056,-0.4805051601386045,-2.362987269613175e-19,1.0078301173765551,-1.0509985282980505,2.344461679955325e-19,-0.0018941037515970724,0.998842470310945,-7.971794629642997e-20,-0.0481011382726992,9.975282107188289e-21
1.058,-0.48260882459956855,-2.3582705120123467e-19,1.0078262216787681,-1.052662939630016,2.3709347251481627e-19,-0.0020013064847840315,0.9988644994474298,-5.887813600718292e-20,-0.04764149182840375,1.0449180655045602e-20
1.06,-0.4847157996803218,-2.3535089674494023e-19,1.0078221138970507,-1.0543091621865048,2.3892549821644853e-19,-0.002106191796664825,0.9988862122414389,-3.813662201919612e-20,-0.047184054445878504,1.0920093461280614e-20
1.062,-0.48682604908097604,-2.3487189020388894e-19,1.0078177986348362,-1.0559372727667722,2.3994619465174345e-19,-0.0022087909756045537,0.9989076179979692,-1.752555764343478e-20,-0.04672869253064962,1.2071765883130567e-20
1.064,-0.48893953666687284,-2.3439165027236394e-19,1.0078132804321454,-1.0575473613693895,2.4015952424132417e-19,-0.002309136294826526,0.9989287146091966,3.0036122581584362e-21,-0.046275513278825245,1.2876142967057832e-20
1.066,-0.4910562264742269,-2.3391178774937785e-19,1.0078085637655816,-1.0591395076224388,2.3956941176114095e-19,-0.0024072587815850924,0.9989495089274201,2.3483641898198375e-20,-0.045824432496940924,1.2649498187148033e-20
1.068,-0.4931760827058626,-2.334339056571053e-19,1.007803653049277,-1.060713799496222,2.381797073507821e-19,-0.0025031899719445577,0.9989700007417232,4.385223100717637e-20,-0.045375517827151275,1.2763091688272558e-20
1.07,-0.49529906973480375,-2.329595993336492e-19,1.0077985526350905,-1.062270318433452,2.3599426814845873e-19,-0.002596960530900764,0.9989901953789748,6.406231262352448e-20,-0.044928716169930875,1.4242605784238922e-20
1.072,-0.49742515210161137,-2.324902413493056e-19,1.0077932668133935,-1.0638091511521146,2.3344697998400857e-19,-0.0026886013378797733,0.9990100937939613,5.135997705659057e-20,-0.04448407015754445,1.3210649740378263e-20
1.074,-0.49955429451667255,-2.3202504771106976e-19,1.0077877998133926,-1.065330380263881,2.3182951922518587e-19,-0.0027781426334463405,0.9990297003617431,3.8749713569324726e-20,-0.04404154623905328,1.1498245366278739e-20
1.076,-0.5016864618585423,-2.315632383494538e-19,1.0077821558038165,-1.0668340917180799,2.2984731525546787e-19,-0.002865614690719084,0.9990490167499483,5.897222160546305e-20,-0.04360117121090141,1.3293506107265919e-20
1.078,-0.5038216191754057,-2.3110618695225068e-19,1.0077763388933145,-1.0683203688822336,2.2707219297766247e-19,-0.0029510472878885243,0.999068046736505,7.908288989640419e-20,-0.04316292379004894,1.542464285227073e-20
1.08,-0.5059597316840478,-2.306553678871967e-19,1.0077703531310818,-1.0697892972363685,2.2372311272420986e-19,-0.003034470123497246,0.999086792421357,7.726151519547023e-20,-0.042726820724284714,1.489025684263762e-20
1.082,-0.5081007647707888,-2.3021081504208366e-19,1.0077642025073041,-1.071240960637548,2.2077006461134576e-19,-0.0031159124905110356,0.9991052572044542,8.097189128777498e-20,-0.04229284840752807,1.35653237998532e-20
1.084,-0.5102446839908433,-2.2977288470758645e-19,1.0077578909537444,-1.0726754442796698,2.1702910860646e-19,-0.0031954035332041266,0.9991234434442148,9.563692382059618e-20,-0.04186101718992792,1.2020779293463297e-20
1.086,-0.5123914550689184,-2.2934268360639314e-19,1.007751422344216,-1.07409283233572,2.1304116975552666e-19,-0.003272972045898339,0.9991413542979017,1.1572618957401158e-19,-0.04143131824785809,1.070810009736134e-20
1.088,-0.5145410438988132,-2.289215649951608e-19,1.0077448004951435,-1.0754932098234375,2.0805474298079996e-19,-0.0033486466319238542,0.9991589922746029,1.1369560315662097e-19,-0.04100375783755332,1.1226779792324639e-20
1.09,-0.5166934165437977,-2.2850965697736893e-19,1.0077380291660532,-1.0768766611166716,2.0379469139805574e-19,-0.0034224555794619194,0.9991763603723026,1.1160328072867622e-19,-0.04057833009328113,1.3455711784768673e-20
1.092,-0.5188485392363598,-2.281069799992452e-19,1.0077311120601171,-1.078243271120879,1.987519804497717e-19,-0.0034944269599858574,0.9991934611838273,1.314725579326382e-19,-0.040155038631338444,1.5542097949698868e-20
1.094,-0.521006378378439,-2.27714593600292e-19,1.0077240528246536,-1.07959312433274,1.936840138359892e-19,-0.003564588551787332,0.9992102975992057,1.2396808207717925e-19,-0.03973387939413749,1.3439162305379137e-20
1.096,-0.5231669005412612,-2.273320451810892e-19,1.00771685505166,-1.0809263055803162,1.8891373755562116e-19,-0.003632967901029757,0.99922687225337,1.1652869951498644e-19,-0.03931485427606611,1.0657084126294066e-20
1.098,-0.5253300724654772,-2.26958740975544e-19,1.0077095222783181,-1.0822428994285325,1.8443954588580738e-19,-0.0036995922747645334,0.999243187959881,1.0911319611709189e-19,-0.03889796030353165,8.223824853295096e-21
1.1,-0.5274958610610457,-2.265940904006591e-19,1.0077020579875187,-1.0835429906447427,1.8025985206781963e-19,-0.003764488698899216,0.9992592473698043,1.0173484997664268e-19,-0.038483198229010425,5.796968816344696e-21
1.102,-0.5296642334073064,-2.262375060346702e-19,1.0076944656083693,-1.0848266638224047,1.7637308256462795e-19,-0.0038276839294546575,0.9992750532394656,9.43934854447161e-20,-0.03807056570717503,3.3760916195642288e-21
1.104,-0.5318351567528895,-2.258884036004442e-19,1.007686748516713,-1.0860940036734574,1.7277766904962974e-19,-0.0038892044762888493,0.9992906082197884,8.708891264963559e-20,-0.03766006271538349,9.611756208806944e-22
1.106,-0.5340085985157418,-2.2554620194718746e-19,1.0076789100356358,-1.0873450947896535,1.6947205164939604e-19,-0.00394907658564088,0.9993059150215312,7.98209113503518e-20,-0.037251687250129464,-1.4469848119271773e-21
1.108,-0.5361845262830472,-2.252103230349344e-19,1.0076709534359811,-1.0885800218257102,1.6645467758657012e-19,-0.00400732625507397,0.9993209762852064,7.260205722952658e-20,-0.036845438745970314,-4.19083242913113e-21
1.11,-0.5383629078112188,-2.2488019193766634e-19,1.0076628819368558,-1.0897988693474976,1.6372398390437546e-19,-0.004063979223007917,0.9993357946830094,6.543242349129494e-20,-0.036441315361538065,-7.269970052101352e-21
1.112,-0.5405437110258209,-2.2455523687383027e-19,1.0076546987061399,-1.0910017219463128,1.6127838554326685e-19,-0.0041190609782566995,0.9993503728384976,5.829956092691125e-20,-0.03603931613608573,-1.0340756300194967e-20
1.114,-0.5427269040215345,-2.2423488922272623e-19,1.0076464068609918,-1.0921886641418779,1.5911632832927434e-19,-0.0041725967538929635,0.9993647133894354,5.114061260490842e-20,-0.035639439278028186,-1.1692272164668581e-20
1.116,-0.5449124550620759,-2.2391858338083496e-19,1.0076380094683535,-1.093359780453189,1.572363401189982e-19,-0.004224611533464759,0.9993788189381957,4.402877312652903e-20,-0.03524168352530625,-1.338204015569731e-20
1.118,-0.5471003325801399,-2.236057566797527e-19,1.0076295095454524,-1.0945151553361083,1.5563695160383322e-19,-0.004275130047550434,0.9993926920904813,3.696414036628382e-20,-0.03484604706621793,-1.5410062497150242e-20
1.12,-0.5492905051773115,-2.2329584939841867e-19,1.0076209100603046,-1.0956548732268447,1.5431668211255157e-19,-0.004324176777941315,0.9994063354246916,2.992261238156605e-20,-0.03445252839763147,-1.7090226916196917e-20
1.122,-0.5514829416239903,-2.2298830475565173e-19,1.007612213932213,-1.0967790185013886,1.5327408477919095e-19,-0.0043717759558725335,0.9994197515157602,2.289171185862101e-20,-0.03406112564459768,-1.8081326271200775e-20
1.124,-0.5536776108592929,-2.226825688221619e-19,1.0076034240322655,-1.0978876755017495,1.5250774483418149e-19,-0.004417951564965599,0.9994329429162255,1.5918264793149032e-20,-0.033671837101856596,-1.975443068655132e-20
1.1260000000000001,-0.5558744819909609,-2.223780905184315e-19,1.0075945431838318,-1.0989809285091918,1.520162220590116e-19,-0.004462727340508127,0.999445912170889,9.002445272126033e-21,-0.03328466080495734,-2.2107911446214066e-20
1.1280000000000001,-0.5580735242952527,-2.2207432167389427e-19,1.007585574163057,-1.1000588617596179,1.517980512781608e-19,-0.004506126771645724,0.9994586618051086,2.086862535213444e-21,-0.032899594872017754,-2.342780403786235e-20
1.1300000000000001,-0.5602747072168363,-2.2177071700425293e-19,1.0075765196993545,-1.10112155942553,1.5185182174996242e-19,-0.004548173101322888,0.9994711943337978,-4.795282138185342e-21,-0.03251663723346673,-2.4744005015021416e-20
1.1320000000000001,-0.5624780003686697,-2.2146673403150257e-19,1.007567382475896,-1.1021691056245881,1.5217612668304047e-19,-0.004588889328025752,0.9994835122541762,-1.162120224248101e-20,-0.032135785847822694,-2.674186907631409e-20
1.1340000000000001,-0.5646833735318799,-2.211618331129543e-19,1.007558165130101,-1.1032015844070988,1.5276953249257065e-19,-0.0046282982061441715,0.9994956180512806,-1.840201761119045e-20,-0.031757038531476205,-2.907688708839246e-20
1.1360000000000001,-0.5668907966556317,-2.208554774977555e-19,1.007548870254123,-1.1042190797602889,1.5363059036991151e-19,-0.004666422247450669,0.999507514193467,-2.5116165755027372e-20,-0.031380393095010985,-3.243323829383279e-20
1.1380000000000001,-0.5691002398569929,-2.20547348502153e-19,1.007539500395334,-1.1052216755993016,1.5443510743694245e-19,-0.004703283721735099,0.9995192031357747,-4.439632550546116e-21,-0.03100584723607942,-3.355082234054502e-20
1.1400000000000001,-0.5713116734207913,-2.2023842038218535e-19,1.007530058056807,-1.1062094557687907,1.5453783142677048e-19,-0.004738904658133503,0.9995306873171257,-2.2270971093083586e-20,-0.0306333986256083,-3.3801811650854914e-20
1.1420000000000001,-0.5735250677994674,-2.1992794130841343e-19,1.007520545697797,-1.10718250403615,1.5609317142774742e-19,-0.004773306845943008,0.9995419691623685,-3.453001736449833e-20,-0.03026304484046462,-3.456833470465466e-20
1.1440000000000001,-0.5757403936129198,-2.1961469795391492e-19,1.0075109657342192,-1.1081409040914385,1.5726586302069222e-19,-0.0048065118358701095,0.9995530510805261,-4.6698903589556735e-20,-0.029894783418052066,-3.635959822635692e-20
1.1460000000000001,-0.5779576216483449,-2.192976254207524e-19,1.0075013205391254,-1.1090847395420393,1.599935981102627e-19,-0.004838540940968265,0.9995639354660286,-6.976671733012721e-20,-0.029528611814070297,-3.813138012618796e-20
1.1480000000000001,-0.5801767228600702,-2.189752703576849e-19,1.0074916124431779,-1.110014093911555,1.6233260948551753e-19,-0.004869415237847872,0.9995746246976098,-5.993774698840623e-20,-0.02916452743717376,-3.6185772294887374e-20
1.1500000000000001,-0.5823976683693831,-2.186481583955361e-19,1.0074818437351207,-1.1109290506353897,1.647148790873201e-19,-0.004899155567700448,0.999585121139042,-5.563496075324707e-20,-0.028802527622555266,-3.406244708399949e-20
1.1520000000000001,-0.5846204294643523,-2.183167414677772e-19,1.0074720166622508,-1.111829693059014,1.6670944785845104e-19,-0.0049277825374957574,0.9995954271384347,-5.683363976727048e-20,-0.02844260965402833,-3.210149660120981e-20
1.154,-0.586844977599644,-2.179807524610685e-19,1.007462133430884,-1.112716104434152,1.6928694188946042e-19,-0.004955316521069724,0.9996055450286662,-6.352892675720997e-20,-0.028084770747588996,-2.96164074025715e-20
1.156,-0.5890712843963326,-2.1763996033383963e-19,1.0074521962068208,-1.113588367916671,1.7136892944034603e-19,-0.004981777660323821,0.9996154771269307,-4.272385637817713e-20,-0.02772900806556438,-2.8765721127657906e-20
1.158,-0.5912993216417051,-2.1729582084881966e-19,1.0074422071158087,-1.1144465665631689,1.726349511547533e-19,-0.0050071858663621035,0.9996252257349856,-2.20273677050712e-20,-0.02737531870646569,-2.7576657453422825e-20
1.16,-0.5935290612890608,-2.1694996189290583e-19,1.0074321682440028,-1.1152907833286492,1.7308904563083105e-19,-0.005031560820701534,0.9996347931388553,-1.4293793209212102e-21,-0.027023699714131003,-2.639132851817593e-20
1.162,-0.5957604754575047,-2.166040033008453e-19,1.0074220816384243,-1.1161211010633834,1.7273523118110354e-19,-0.005054921976448539,0.9996441816089656,1.9070446378619942e-20,-0.02667414807154412,-2.5209324608142796e-20
1.164,-0.5979935364317355,-2.1625934169247176e-19,1.0074119493074147,-1.1169376025104694,1.7190029092836476e-19,-0.005077288559525091,0.9996533933999471,1.2115161119593865e-20,-0.02632666070681826,-2.647617738571678e-20
1.166,-0.6002282166618285,-2.1591578866000368e-19,1.0074017732210905,-1.1177403703028894,1.7176988806143443e-19,-0.005098679569878335,0.999662430750702,-3.1360440910072653e-22,-0.025981234489514143,-2.6856686384046403e-20
1.168,-0.6024644887630127,-2.1557215361828325e-19,1.007391555311793,-1.1185294869610156,1.7191018508468282e-19,-0.005119113782724799,0.9996712958842704,-1.818266197670375e-20,-0.025637866234629315,-2.6692893650896843e-20
1.17,-0.604702325515443,-2.1522714315417693e-19,1.0073812974745364,-1.119305034889812,1.7318063365617514e-19,-0.0051386097497885756,0.9996799910078588,-4.144791188403967e-20,-0.025296552700490454,-2.6668941249269452e-20
1.172,-0.6069416998639664,-2.1487914787543265e-19,1.0073710015674546,-1.1200670963763273,1.7482256483029412e-19,-0.005157185800564632,0.9996885183127461,-4.275053404400819e-20,-0.02495729059148285,-2.334846016548047e-20
1.174,-0.6091825849178841,-2.1452782154061743e-19,1.0073606694122434,-1.120815753587009,1.7651168050151415e-19,-0.005174860043582203,0.9996968799742911,-4.4040802864715075e-20,-0.02462007655693359,-2.0377923886112167e-20
1.176,-0.6114249539507075,-2.1417306985148868e-19,1.0073503027946011,-1.1215510885652087,1.7824790368878536e-19,-0.005191650367687202,0.9997050781518652,-4.5318494819850876e-20,-0.0242849071930445,-1.7756901989927293e-20
1.178,-0.6136687803999092,-2.1381479868565111e-19,1.0073399034646675,-1.1222731832285862,1.8003114534340587e-19,-0.0052075744433282955,0.999713114988848,-4.659215969783858e-20,-0.023951779042398206,-1.5142822067340932e-20
1.18,-0.6159140378666695,-2.1345291409863764e-19,1.0073294731374582,-1.1229821193666445,1.8186131133660856e-19,-0.005222649723857974,0.9997209926125795,-4.7861693673334273e-20,-0.023620688595386727,-1.2535257787348667e-20
1.182,-0.6181607001156175,-2.130873223355316e-19,1.0073190134932986,-1.1236779786382107,1.8373830701248699e-19,-0.005236893446839091,0.9997287131343502,-4.9127107446833864e-20,-0.0232916322901084,-9.933786603774266e-21
1.184,-0.620408741074567,-2.1271792983200275e-19,1.007308526178253,-1.12436084256901,1.85662041590537e-19,-0.005250322635363862,0.999736278649366,-5.041256956501257e-20,-0.02296460651347633,-6.3106928087450694e-21
1.186,-0.6226581348342484,-2.1234485837511385e-19,1.0072980128045537,-1.125030792549215,1.8720203605842916e-19,-0.005262954099379138,0.9997436912367379,-1.8768144293546268e-20,-0.022639607601359867,-3.653124555555658e-21
1.188,-0.6249088556480344,-2.1197016574799444e-19,1.0072874749510243,-1.1256879098310648,1.8739180177202367e-19,-0.005274804437022211,0.9997509529594569,-1.4609950659986915e-20,-0.02231663183948914,-4.707313581716185e-21
1.19,-0.6271608779316629,-2.1159450047733154e-19,1.0072769141635036,-1.1263322755264777,1.8828249321124993e-19,-0.005285890035963277,0.9997580658643845,-1.0483759639378944e-20,-0.02199567546374873,-5.760291634805844e-21
1.192,-0.6294141762629527,-2.1121789806281979e-19,1.0072663319552637,-1.1269639706047183,1.8836493078595122e-19,-0.005296227074757008,0.9997650319822354,-1.7331210300864464e-20,-0.021676734660951602,-7.394720065117365e-21
1.194,-0.631668725381517,-2.1083989065999299e-19,1.007255729807428,-1.1275830758900702,1.8979485438185682e-19,-0.005305831524200692,0.9997718533275711,-3.506998362622193e-20,-0.021359805569226765,-1.0975457068812928e-20
1.196,-0.6339245001884704,-2.1045922420441607e-19,1.0072451091693848,-1.1281896720595532,1.908440681959485e-19,-0.005314719148700399,0.9997785318987887,-3.0856128376470337e-20,-0.02104488427870882,-1.1338443869080578e-20
1.198,-0.6361814757461323,-2.1007608537175753e-19,1.0072344714591985,-1.128783839640654,1.9226736510877316e-19,-0.0053229055076435,0.999785069678118,-3.7647397825250883e-20,-0.020731966831982897,-1.0903760679943905e-20
1.2,-0.6384396272777259,-2.096903015928173e-19,1.0072238180640192,-1.1293656590090946,1.9341705461270223e-19,-0.005330405956778245,0.9997914686316157,-2.2416150274062318e-20,-0.020421049224718945,-1.309793426791051e-20
1.202,-0.640698930167072,-2.0930259869230267e-19,1.0072131503404873,-1.1299352103866185,1.9429455282216518e-19,-0.005337235649599325,0.9997977307091672,-2.92022146563443e-20,-0.020112127406150815,-1.4706838913635653e-20
1.204,-0.6429593599582794,-2.0891258619851862e-19,1.0072024696151378,-1.1304925738388114,1.958700032141889e-19,-0.005343409538739712,0.9998038578444849,-5.2440877873411695e-20,-0.019805197279673684,-1.5271443211660647e-20
1.206,-0.6452208923554297,-2.085185121802081e-19,1.0071917771847996,-1.1310378292729422,1.983553515262161e-19,-0.005348942377368052,0.9998098519551137,-7.554865353360739e-20,-0.019500254703342622,-1.6860919434883332e-20
1.208,-0.647483503222259,-2.0811877660709843e-19,1.007181074316994,-1.1315710564358354,2.0131560546230795e-19,-0.005353848720591604,0.9998157149424359,-6.569710862128342e-20,-0.01919729549044483,-1.5748402173502984e-20
1.21,-0.6497471685818351,-2.0771397559471824e-19,1.0071703622503287,-1.1320923349117662,2.0345690071540265e-19,-0.005358142926864221,0.9998214486916788,-5.0419082398422575e-20,-0.018896315410008448,-1.350562222912532e-20
1.212,-0.6520118646162298,-2.0730502592089517e-19,1.00715964219489,-1.1326017441203844,2.055364931500462e-19,-0.00536183915939929,0.9998270550719244,-5.710797677546885e-20,-0.01859731018735686,-1.3396189979165529e-20
1.214,-0.6542775676661879,-2.0689165555139165e-19,1.007148915332632,-1.1330993633146629,2.0787739336688e-19,-0.005364951387587156,0.9998325359361219,-6.377817062158113e-20,-0.01830027550462202,-1.260144923620049e-20
1.216,-0.6565442542307919,-2.0647334312182252e-19,1.0071381828177624,-1.1335852715788732,2.1047835770773215e-19,-0.005367493388416908,0.9998378931211012,-7.043018329065176e-20,-0.01800520700128542,-1.1123029403972243e-20
1.218,-0.6588119009671222,-2.0604956972069922e-19,1.0071274457771258,-1.1340595478265865,2.1333817417107577e-19,-0.005369478747902142,0.9998431284475885,-7.705178122848784e-20,-0.017712100274692232,-9.647760072315322e-21
1.22,-0.6610804846899141,-2.056198188454525e-19,1.0071167053105852,-1.1345222707987,2.164556385645305e-19,-0.005370920862510511,0.9998482437202248,-8.364290492613915e-20,-0.0174209508805819,-8.175221356453747e-21
1.222,-0.6633499823712105,-2.051835764043585e-19,1.0071059624913985,-1.1349735190614898,2.198295507777229e-19,-0.005371832940596729,0.9998532407275855,-9.021583262788091e-20,-0.017131754333600775,-6.019782556838047e-21
1.224,-0.6656203711400105,-2.0474033067005413e-19,1.007095218366594,-1.1354133710046892,2.234587510062573e-19,-0.005372228003838821,0.9998581212422017,-9.678289229124884e-20,-0.01684450610782414,-2.4982517322242544e-21
1.226,-0.6678916282819145,-2.042897874247045e-19,1.0070844739573421,-1.1358419048395914,2.270192561097017e-19,-0.0053721188886773205,0.9998628870205845,-7.587710221040255e-20,-0.016559201637265934,-5.786360092840667e-22
1.228,-0.6701637312387655,-2.0383294539953842e-19,1.0070737302593242,-1.1362591985971786,2.299733462442643e-19,-0.005371518247757161,0.9998675398032499,-9.339060554662061e-20,-0.01627583631639336,-1.6982990256859375e-21
1.23,-0.6724366576082866,-2.033687533174207e-19,1.0070629882430988,-1.1366653301262761,2.343688509682123e-19,-0.0053704385513720235,0.9998720813147465,-1.1632111260288014e-19,-0.015994405500632757,-2.5613367887454004e-21
1.232,-0.674710385143715,-2.0289584197850027e-19,1.0070522488544653,-1.1370603770917311,2.3836901247968037e-19,-0.005368892088910906,0.9998765132636837,-8.980569458601014e-20,-0.01571490450687756,-2.6320917924865323e-21
1.234,-0.6769848917534317,-2.0241575505560283e-19,1.0070415130148238,-1.1374444169726166,2.416528871262566e-19,-0.005366890970306634,0.9998808373427632,-9.086330255944791e-20,-0.015437328613989726,-7.360123869474455e-22
1.236,-0.679260155500589,-2.0192877283191281e-19,1.007030781621533,-1.1378175270604596,2.45300170211587e-19,-0.005364447127486074,0.9998850552288113,-9.191222139619745e-20,-0.015161673063301526,8.134867507740447e-22
1.238,-0.6815361546027332,-2.014348520363357e-19,1.0070200555482638,-1.138179784457495,2.485555559466727e-19,-0.005361572315821829,0.999889168582813,-8.197148307502851e-20,-0.014887933059112188,1.1564472195314173e-21
1.24,-0.683812867431424,-2.00934487494941e-19,1.0070093356453524,-1.1385312660749427,2.5185186379974197e-19,-0.005358278115585199,0.9998931790499472,-8.856064585535054e-20,-0.014616103769183772,3.651415264501415e-21
1.242,-0.6860902725118514,-2.0042727408225105e-19,1.006998622740148,-1.13887204863131,2.554042442832958e-19,-0.005354575933400107,0.9998970882596254,-9.512515724797508e-20,-0.01434618032523284,6.482598453846302e-21
1.244,-0.6883683485224482,-1.9991270079969473e-19,1.0069879176373588,-1.139202208650718,2.5921155014319277e-19,-0.005350477003697845,0.9999008978255295,-1.0166013148478524e-19,-0.01407815782342062,9.307390616732135e-21
1.246,-0.6906470742944997,-1.9939025893866907e-19,1.0069772211193957,-1.1395218224612527,2.632726416661717e-19,-0.005345992390172346,0.999904609345653,-1.0816095676086301e-19,-0.01381203132483954,1.1783181642869273e-20
1.248,-0.6929264288117498,-1.9885944207588075e-19,1.0069665339467109,-1.1398309661933377,2.6758636670384644e-19,-0.005341132987235799,0.9999082244023425,-1.146274936100086e-19,-0.013547795855997817,1.3910806083248185e-20
1.25,-0.6952063912100045,-1.9831974610305912e-19,1.0069558568581363,-1.1401297157781343,2.721515654176933e-19,-0.00533590952147441,0.9999117445623422,-1.2106452067065328e-19,-0.013285446409300785,1.6033722621421512e-20
1.252,-0.6974869407767313,-1.9777066922795192e-19,1.006945190571217,-1.1404181469459624,2.769670892600731e-19,-0.0053303325531040184,0.9999151713768382,-1.2748161464656952e-19,-0.013024977943529992,1.8836391289988632e-20
1.254,-0.6997680569506565,-1.9721171192894651e-19,1.006934535782543,-1.1406963352247468,2.8203180732657873e-19,-0.005324412477425437,0.9999185063815051,-1.3385630304810828e-19,-0.01276638538431926,2.0604858228696048e-20
1.256,-0.7020497193213581,-1.9664237697264513e-19,1.006923893168077,-1.140964355938485,2.8734456177532823e-19,-0.0053181595262792565,0.9999217510965545,-1.401928499249157e-19,-0.012509663624628365,2.1684215279226844e-20
1.258,-0.7043319076288572,-1.9606216945937043e-19,1.0069132633834805,-1.1412222842057407,2.929041728069318e-19,-0.005311583769499946,0.9999249070267834,-1.464956061882157e-19,-0.01225480752521381,2.241873494474078e-20
1.26,-0.7066146017632055,-1.9547059687282366e-19,1.0069026470644362,-1.1414701949381583,2.9870944041451543e-19,-0.005304695116369041,0.9999279756616254,-1.5275177004017145e-19,-0.012001811915097114,2.1781335102695086e-20
1.262,-0.7088977817640695,-1.9486716913430374e-19,1.0068920448269671,-1.1417081628390018,3.047591225809664e-19,-0.005297503317067164,0.9999309584752029,-1.5896529524635496e-19,-0.011750671592030306,2.0118317846353945e-20
1.264,-0.7111814278203128,-1.9425139868271072e-19,1.006881457267754,-1.1419362624017158,3.110519495039772e-19,-0.005290017964124795,0.9999338569263797,-1.65144496087762e-19,-0.011501381322958854,1.811698567718267e-20
1.266,-0.7134655202695748,-1.9362280050908737e-19,1.0068708849644492,-1.1421545679085092,3.1758663725575827e-19,-0.005282248493871491,0.9999366724588162,-1.7128928148703832e-19,-0.011253935844481868,1.5778146402930485e-20
1.268,-0.715750039597847,-1.9298089218111997e-19,1.0068603284759867,-1.1423631534289624,3.2436189926693995e-19,-0.005274204187883439,0.9999394065010251,-1.7741155563924166e-19,-0.011008329863309707,1.4130520173207085e-20
1.27,-0.7180349664390463,-1.923251938096309e-19,1.0068497883428915,-1.142562092818656,3.3137648385817243e-19,-0.005265894174429118,0.9999420604664278,-1.8351564065558726e-19,-0.010764558056718901,1.3514701423820315e-20
1.272,-0.7203202815745855,-1.9165522796974453e-19,1.0068392650875837,-1.1427514597178217,3.3862917500673895e-19,-0.005257327429912905,0.9999446357534135,-1.8959420274042812e-19,-0.010522615073004457,1.3243777422464588e-20
1.274,-0.7226059659329415,-1.9097051964363151e-19,1.0068287592146814,-1.1429313275500161,3.461187821324673e-19,-0.005248512780316458,0.9999471337453983,-1.9565123096048408e-19,-0.010282495531929507,1.3659979718751248e-20
1.276,-0.7248920005892204,-1.9027059616500126e-19,1.0068182712113,-1.1431017695208165,3.5384414098579514e-19,-0.005239458902637671,0.9999495558108851,-2.0167274525474536e-19,-0.010044194025172334,1.339070347102833e-20
1.278,-0.7271783667647208,-1.895549872059445e-19,1.0068078015473485,-1.1432628586165379,3.6180407157219186e-19,-0.005230174326327053,0.9999519033035259,-2.0765503567228758e-19,-0.009807705116770772,1.2093718448414516e-20
1.28,-0.7294650458264931,-1.8882322483119608e-19,1.0067973506758232,-1.1434146676029715,3.699973602989714e-19,-0.005220667434721354,0.9999541775621847,-2.1360139566529245e-19,-0.009573023343563967,1.011492332869539e-20
1.282,-0.7317520192868979,-1.8807484355292504e-19,1.0067869190330987,-1.1435572690241464,3.7842277503978313e-19,-0.005210946466474274,0.9999563799110005,-2.195151904194935e-19,-0.009340143215631536,7.798583733387878e-21
1.284,-0.7340392688031613,-1.8730938035962613e-19,1.0067765070392158,-1.1436907352011112,3.8707907844265415e-19,-0.005201019516984089,0.9999585116594527,-2.253966580369863e-19,-0.009109059216730098,5.145501971717412e-21
1.286,-0.7363267761769271,-1.8652637471214679e-19,1.0067661150981666,-1.1438151382307373,3.959650287785137e-19,-0.005190894539818043,0.9999605741024268,-2.312458014075261e-19,-0.00887976580472721,2.1564806246268776e-21
1.288,-0.738614523353808,-1.857253685649283e-19,1.0067557435981764,-1.1439305499845438,4.050793819345118e-19,-0.00518057934813333,0.999962568520281,-2.3707206301766795e-19,-0.008652257412032674,-1.4014485713146041e-22
1.29,-0.7409024924229333,-1.84905906331455e-19,1.0067453929119836,-1.144037042107543,4.144209213952854e-19,-0.005170081616094547,0.9999644961789144,-2.4287573922835795e-19,-0.00842652844602727,-1.7456080332466422e-21
1.292,-0.7431906656164948,-1.840675348341306e-19,1.0067350633971157,-1.1441346860171064,4.239884562199188e-19,-0.005159408880287429,0.9999663583298352,-2.4865118621852456e-19,-0.008202573289488887,-3.3468427321992703e-21
1.294,-0.7454790253092907,-1.8320980326287891e-19,1.006724755396164,-1.1442235529018527,4.337808097430396e-19,-0.0051485685411287304,0.9999681562102306,-2.544071310089946e-19,-0.007980386301016055,-3.915907507533481e-21
1.296,-0.7477675540182664,-1.823322631244737e-19,1.0067144692370533,-1.144303713720555,4.43796846653825e-19,-0.00513756786427215,0.9999698910430376,-2.601468831688385e-19,-0.007759961815448904,-3.1121929242004325e-21
1.298,-0.7500562344020546,-1.814344681469578e-19,1.006704205233311,-1.144375239201069,4.540354729624308e-19,-0.0051264139820100495,0.9999715640370135,-2.658570978404277e-19,-0.007541294144287541,-2.652204122444669e-21
1.3,-0.7523450492605115,-1.805159742475402e-19,1.006693963684332,-1.144438199839282,4.64495593461996e-19,-0.005115113894670998,0.999973176386809,-2.715351679667604e-19,-0.007324377576107853,-2.8781797576835387e-21
1.302,-0.7546339815342522,-1.7957633954251826e-19,1.0066837448756412,-1.1444926658980812,4.751760999221517e-19,-0.005103674472012811,0.9999747292730409,-2.7718115963042383e-19,-0.007109206376974748,-3.788490118796535e-21
1.304,-0.7569230143041841,-1.7861512438599417e-19,1.0066735490791534,-1.1445387074063424,4.860758623983501e-19,-0.005092102454611104,0.9999762238623655,-2.8279735888985513e-19,-0.006895774790852825,-5.0388551001675786e-21
1.306,-0.7592121307910372,-1.7763189140289493e-19,1.0066633765534303,-1.1445763941579385,4.971937453414783e-19,-0.005080404455243158,0.9999776613075539,-2.8838405894107576e-19,-0.0066840770400145005,-6.627654417348359e-21
1.308,-0.7615013143548935,-1.766262054862645e-19,1.0066532275439344,-1.1446057957107683,5.08528616179389e-19,-0.005068586960266979,0.9999790427475671,-2.939483365773189e-19,-0.00647410732544557,-7.527340315761965e-21
1.31,-0.7637905484947142,-1.755976337780793e-19,1.006643102283281,-1.1446269813858034,5.200793590085632e-19,-0.005056656330995422,0.9999803693076316,-2.994858836226492e-19,-0.006265859827248239,-8.424039491958658e-21
1.312,-0.7660798168478644,-1.7454574564154301e-19,1.0066330009914863,-1.1446400202661569,5.318448680067093e-19,-0.0050446188050653025,0.9999816420993168,-3.0499682874351996e-19,-0.006059328705041611,-9.318162088709222e-21
1.314,-0.7683691031896371,-1.7347011264503555e-19,1.0066229238762143,-1.1446449811961683,5.438240433437108e-19,-0.005032480497801302,0.9999828622206124,-3.104833789374802e-19,-0.005854508098359633,-9.867056044445064e-21
1.316,-0.7706583914327744,-1.723703085449112e-19,1.006612871133019,-1.1446419327805109,5.560158005143883e-19,-0.005020247403574605,0.9999840307560058,-3.1594787358954994e-19,-0.005651392127046532,-9.728882328679507e-21
1.318,-0.7729476656269871,-1.7124590923752723e-19,1.0066028429455853,-1.1446309433833153,5.684190866415851e-19,-0.005007925397156167,0.9999851487765617,-3.2139457616760147e-19,-0.0054499748916497165,-8.21995613209047e-21
1.32,-0.7752369099584734,-1.7009649268013317e-19,1.0065928394859676,-1.144612081127314,5.810328899687486e-19,-0.004995520235064338,0.9999862173400013,-3.268181184132054e-19,-0.005250250473810173,-6.37149326570021e-21
1.322,-0.7775261087494344,-1.6892163883780926e-19,1.0065828609148237,-1.1445854138930027,5.9385621433872335e-19,-0.004983037556907139,0.9999872374907814,-3.32218531047758e-19,-0.005052212936650351,-4.1851072191637906e-21
1.324,-0.7798152464575897,-1.6772103728582173e-19,1.0065729073816483,-1.1445510093178226,6.0656516695000775e-19,-0.004970482886718527,0.9999882102601766,-3.156589408806109e-19,-0.004855856325159542,-2.9214273279074237e-21
1.326,-0.7821043076756898,-1.6649588567535376e-19,1.0065629790250024,-1.1445089347953588,6.187297864357641e-19,-0.0049578616342889825,0.9999891366663587,-3.320811205569396e-19,-0.004661174666576772,-2.8491355557252067e-21
1.328,-0.7843932771310281,-1.6524486473043547e-19,1.0065530759727404,-1.144459257474558,6.325056672451139e-19,-0.004945179096490143,0.9999900177144794,-3.538967786869839e-19,-0.004468161970771195,-2.459270544528084e-21
1.33,-0.7866821396849504,-1.6396648199713617e-19,1.0065431983422346,-1.1444020442589649,6.458397401588434e-19,-0.004932440458593413,0.9999908543967518,-3.4269834991278747e-19,-0.004276812230620012,-5.349268701289509e-21
1.332,-0.7889708803323635,-1.6266140517136948e-19,1.0065333462405976,-1.1443373618059756,6.59271759894538e-19,-0.004919650795582412,0.9999916476925339,-3.4249590702622115e-19,-0.00408711942238391,-9.991835222255955e-21
1.334,-0.7912594842012424,-1.6132954678282584e-19,1.006523519764901,-1.1442652765261097,6.72585331981048e-19,-0.004906815073459265,0.9999923985684108,-3.4778256984574153e-19,-0.00389907750608003,-9.848118143401263e-21
1.336,-0.7935479365521356,-1.5997071254828558e-19,1.006513719002392,-1.1441858545822996,6.86211563539481e-19,-0.00489393815054452,0.9999931079782787,-3.4207949104881874e-19,-0.0037126804258524725,-9.661522985691444e-21
1.338,-0.7958362227776694,-1.5858531978944631e-19,1.0065039440307082,-1.1440991618891978,6.990721960459378e-19,-0.004881024778770731,0.9999937768634289,-3.2542919463726673e-19,-0.0035279221103403503,-8.407087191089956e-21
1.34,-0.7981243284020505,-1.571747531459693e-19,1.0064941949180881,-1.144005264112501,7.112783360191889e-19,-0.004868079604969508,0.9999944061526324,-2.924135138566184e-19,-0.0033447964730433854,-6.4116271160984885e-21
1.342,-0.8004122390805674,-1.5574139520799428e-19,1.006484471723581,-1.1439042266682922,7.219721569810157e-19,-0.004855107172152027,0.9999949967622241,-2.759954118666301e-19,-0.003163297412685065,-6.5317822004719e-21
1.344,-0.8026999405990907,-1.542865404450905e-19,1.0064747744972524,-1.1437961147224003,7.328833103361126e-19,-0.004842111920782864,0.9999955495961892,-2.761116202083896e-19,-0.0029834188135733635,-3.961386470610888e-21
1.346,-0.8049874188735718,-1.5281029288528192e-19,1.0064651032803886,-1.1436809931897753,7.433649653867935e-19,-0.004829098190047128,0.9999960655462475,-2.762308232410369e-19,-0.002805154545959029,-7.114392356889125e-22
1.348,-0.8072746599495408,-1.5131271991939372e-19,1.006455458105698,-1.143558926733882,7.5417292219484805e-19,-0.004816070219110783,0.9999965454919402,-2.70864731200542e-19,-0.002628498466391453,-2.9356799369365262e-21
1.35,-0.8095616500016026,-1.4979410326989508e-19,1.0064458389975086,-1.143429979766109,7.644446025881698e-19,-0.0048030321483740574,0.9999969903007155,-2.655138344187608e-19,-0.002453444418072119,-3.784089939973453e-21
1.352,-0.8118483753329323,-1.4825486714397257e-19,1.0064362459719665,-1.143294216445196,7.747208027268854e-19,-0.0047899880207179545,0.9999974008280159,-2.6018921029192735e-19,-0.0022799862312056452,-4.2875461033965155e-21
1.354,-0.8141348223747694,-1.4669550562551485e-19,1.0064266790372276,-1.1431517006766763,7.845700707606877e-19,-0.004776941782743694,0.9999977779173644,-2.60357978796911e-19,-0.002108117723348424,-5.1446605432918416e-21
1.356,-0.8164209776859109,-1.451162246828247e-19,1.0064171381936502,-1.1430024961123357,7.946403038072001e-19,-0.0047638972860051055,0.9999981224004523,-2.4957314490028377e-19,-0.001937832699754865,-6.3190084315516654e-21
1.358,-0.8187068279522032,-1.43517587948126e-19,1.0064076234339834,-1.1428466661496888,8.039619833074198e-19,-0.004750858288233777,0.9999984350972246,-2.4430616226207045e-19,-0.0017691249537212473,-8.528908936515406e-21
1.36,-0.8209923599860328,-1.4190008454500793e-19,1.0063981347435533,-1.1426842739314698,8.135071244296937e-19,-0.004737828454557057,0.9999987168159731,-2.390623685074562e-19,-0.0016019882669272047,-1.1419033758129907e-20
1.362,-0.8232775607258167,-1.4026405815120014e-19,1.006388672100448,-1.14251538234514,8.224132813805492e-19,-0.004724811358708795,0.9999989683534167,-2.3382853262402746e-19,-0.00143641640977481,-1.464468610081659e-20
1.364,-0.8255624172354912,-1.3860999484481207e-19,1.0063792354756977,-1.1423400540224118,8.317595487223532e-19,-0.0047118104842326725,0.9999991904947948,-2.505679563027053e-19,-0.001272403141725319,-1.412590310151026e-20
1.366,-0.8278469167039996,-1.369365847825401e-19,1.006369824833455,-1.1421583513387872,8.4175952029900045e-19,-0.004698829225678171,0.9999993840139536,-2.6722821826889476e-19,-0.0011099422116335404,-1.3608007622162116e-20
1.368,-0.8301310464447799,-1.3524252378587193e-19,1.0063604401311712,-1.1419703364131124,8.5240996639145995e-19,-0.004685870889789059,0.9999995496734354,-2.838084393598634e-19,-0.0009490273580798549,-1.4118969028917987e-20
1.37,-0.8324147938952505,-1.335265141414269e-19,1.0063510813197714,-1.1417760711071478,8.637076509153299e-19,-0.0046729386966843965,0.9999996882245663,-3.0030948130692414e-19,-0.0007896523096998906,-1.4971826103165322e-20
1.372,-0.8346981466162964,-1.3178726460376452e-19,1.0063417483438253,-1.1415756170251536,8.756493452718696e-19,-0.004660035781031971,0.9999998004075458,-3.167323724645598e-19,-0.0006318107855118595,-1.5479621760199812e-20
1.374,-0.8369810922917527,-1.3002349036387737e-19,1.0063324411417183,-1.1413690355134896,8.882318409162314e-19,-0.004647165193214101,0.9999998869515351,-3.330770538702716e-19,-0.0004754964952415617,-1.6328484815311806e-20
1.3760000000000001,-0.8392636187278893,-1.28234128287628e-19,1.006323159645818,-1.1411563876602309,9.010214085180888e-19,-0.004634329900485816,0.9999999485747467,-3.21932396511668e-19,-0.0003207031396450672,-1.4763269254594067e-20
1.3780000000000001,-0.8415457138528938,-1.2641991451950774e-19,1.0063139037826399,-1.1409377342947982,9.131556408373215e-19,-0.004621532788125288,0.9999999859845332,-3.163239729244624e-19,-0.0001674244108290803,-1.3203161009874913e-20
1.3800000000000001,-0.8438273657163533,-1.2458111550284334e-19,1.0063046734730092,-1.1407131359876033,9.257144720718667e-19,-0.004608776660576567,0.9999999998774762,-3.21707701849136e-19,-1.565399256899544e-05,-1.0963715806183833e-20
1.3820000000000001,-0.8461085624887368,-1.2271724219101444e-19,1.006295468632223,-1.1404826530497083,9.382656561404584e-19,-0.004596064242584504,0.9999999909394763,-3.380320806470842e-19,0.00013461443937534939,-8.385909005404214e-21
1.3840000000000001,-0.8483892924608755,-1.208274845311856e-19,1.006286289170207,-1.1402463455324998,9.514548930633227e-19,-0.004583398180321818,0.9999999598458419,-3.268798387600688e-19,0.00028338721694621345,-8.900661369711544e-21
1.3860000000000001,-0.8506695440434436,-1.189124716838273e-19,1.0062771349916724,-1.1400042732273776,9.633417991459654e-19,-0.0045707810425083435,0.9999999072613787,-2.9933267551615784e-19,0.00043067067947678026,-1.0103798316740206e-20
1.3880000000000001,-0.8529493057664381,-1.1697415620036184e-19,1.0062680059962692,-1.1397564956654578,9.750096044252239e-19,-0.004558215321522334,0.9999998338404794,-3.048244079988704e-19,0.0005764711733822656,-1.1974865925170109e-20
1.3900000000000001,-0.8552285662786573,-1.1501229229880424e-19,1.0062589020787382,-1.1395030721172892,9.86890041836681e-19,-0.004545703434503844,0.999999740227213,-3.1028908752402747e-19,0.0007207950518532964,-1.2813989282212965e-20
1.3920000000000001,-0.85750731434718,-1.1302645580284688e-19,1.0062498231290604,-1.1392440615925847,9.989820275412024e-19,-0.004533247724450149,0.9999996270554141,-3.157274869117103e-19,0.0008636486745515549,-1.3307309154516811e-20
1.3940000000000001,-0.8597855388568433,-1.1101622468565745e-19,1.0062407690326036,-1.138979522839966,1.0112844932663003e-18,-0.004520850461303142,0.9999994949487726,-3.2113943708514157e-19,0.00100503840730768,-1.311338662456562e-20
1.3960000000000001,-0.8620632288097204,-1.0898117903808746e-19,1.006231739670268,-1.1387095143467219,1.0237963923968831e-18,-0.004508513843028712,0.9999993445209231,-3.265255993920041e-19,0.0011449706218214176,-1.2576914505841999e-20
1.3980000000000001,-0.8643403733245976,-1.0692090102984411e-19,1.006222734918629,-1.1384340943385804,1.0365166891712373e-18,-0.00449623999668805,0.999999176375534,-3.3188599770394974e-19,0.0012834516953640143,-1.169910761572753e-20
1.4000000000000001,-0.8666169616364506,-1.0483497489260925e-19,1.0062137546500776,-1.1381533207794952,1.0494443579792622e-18,-0.004484030979500885,0.9999989911063976,-3.372212358611858e-19,0.001420488010482844,-1.0822620561231124e-20
1.4020000000000001,-0.8688929830959214,-1.0272298690206309e-19,1.0062047987329594,-1.1378672513714432,1.062578381019358e-18,-0.004471888779900601,0.9999987892975184,-3.4253098915631077e-19,0.0015560859547082621,-9.605191875534331e-21
1.4040000000000001,-0.8711684271687936,-1.0058452535751904e-19,1.006195867031711,-1.137575943554238,1.0759177518195077e-18,-0.004459815318581218,0.9999985715232033,-3.478154183001584e-19,0.0016902519202626803,-8.04762636693478e-21
1.4060000000000001,-0.8734432834354683,-9.841918056205273e-20,1.0061869594069945,-1.1372794545053548,1.089461472472905e-18,-0.004447812449536215,0.9999983383481501,-3.5307632729296143e-19,0.0018229923037718506,-7.178709925102586e-21
1.408,-0.8757175415904389,-9.622654482096498e-20,1.0061780757158298,-1.1369778411397686,1.1032085342356083e-18,-0.004435881961089215,0.9999980903275372,-3.5831480302025493e-19,0.0019543135059783565,-7.681723067322307e-21
1.41,-0.8779911914417663,-9.400621247772212e-20,1.006169215811725,-1.1366711601098056,1.117157910141295e-18,-0.004424025576916393,0.9999978280071119,-3.635296196076604e-19,0.0020842219314572974,-8.868495216363887e-21
1.412,-0.8802642229105532,-9.175777993685922e-20,1.0061603795448042,-1.1363594678050073,1.1313085670230492e-18,-0.004412244957060791,0.9999975519232797,-3.687173270974981e-19,0.0022127239883341643,-9.024911295443819e-21
1.414,-0.8825366260304185,-8.948084565403052e-20,1.0061515667619345,-1.136042820352007,1.1456594920990705e-18,-0.00440054169893831,0.9999972626031927,-3.7387826819644363e-19,0.002339826088004896,-8.152597827458177e-21
1.416,-0.8848083909469715,-8.717501008641857e-20,1.00614277730685,-1.1357212736144187,1.160209694243276e-18,-0.004388917338335525,0.9999969605648389,-3.7901656981196687e-19,0.0024655346448581093,-7.966886540513913e-21
1.418,-0.8870795079172854,-8.483987567378326e-20,1.0061340110202739,-1.1353948831927392,1.1749581763615587e-18,-0.004377373350399217,0.9999966463171297,-3.841337740359854e-19,0.002589856075999493,-9.151468288413058e-21
1.42,-0.8893499673093714,-8.247504686964394e-20,1.0061252677400387,-1.135063704424261,1.1899039199707515e-18,-0.004365911150617661,0.9999963203599889,-3.8922889394106165e-19,0.0027127968009783626,-1.1360432236811888e-20
1.422,-0.891619759601652,-8.008013018184181e-20,1.006116547301205,-1.1347277923829995,1.2050458967739895e-18,-0.004354532095793642,0.9999959831844406,-3.9429850086466854e-19,0.0028343632415163632,-1.3221924499256845e-20
1.424,-0.8938888753824342,-7.765473416545538e-20,1.0061078495361775,-1.1343872018796297,1.2203830856346772e-18,-0.004343237485009191,0.9999956352726972,-3.9934267846079333e-19,0.0029545618212383157,-1.473595366911964e-20
1.426,-0.8961573053493833,-7.519846940498668e-20,1.0060991742748193,-1.1340419874614371,1.235914482804229e-18,-0.004332028560582038,0.9999952770982473,-4.043577497019835e-19,0.003073398965405199,-1.4533512260852637e-20
1.428,-0.8984250403089956,-7.271094846296356e-20,1.0060905213445654,-1.1336922034122792,1.2516391130926387e-18,-0.004320906509013782,0.9999949091259428,-4.093481317019072e-19,0.003190881100649258,-1.398808673200384e-20
1.43,-0.9006920711760716,-7.01917858352925e-20,1.0060818905705324,-1.1333379037525584,1.2675560153293693e-18,-0.004309872461929766,0.9999945318120868,-4.1431389810882534e-19,0.0033070146547112328,-1.3100893502545454e-20
1.432,-0.9029583889731893,-6.764059792891633e-20,1.0060732817756277,-1.132979142239208,1.2836642414325475e-18,-0.004298927497010644,0.9999941456045205,-4.1925414499478817e-19,0.003421806056179695,-1.1530079965683998e-20
1.434,-0.9052239848301767,-6.505700303458401e-20,1.0060646947806566,-1.132615972365688,1.2999628545943249e-18,-0.004288072638915671,0.9999937509427103,-4.2417132448755547e-19,0.0035352617342324934,-9.961770421696231e-21
1.436,-0.9074888499835859,-6.244062130535842e-20,1.0060561294044275,-1.1322484473619927,1.3164509290133951e-18,-0.00427730886019769,0.9999933482578345,-4.290631978220191e-19,0.0036473881183802935,-7.711855727612913e-21
1.438,-0.9097529757761651,-5.979107473688105e-20,1.0060475854638544,-1.131876620194671,1.3331275483862665e-18,-0.00426663708220981,0.9999929379728696,-4.339348682967345e-19,0.0037581916382122037,-6.152179346360624e-21
1.44,-0.9120163536563323,-5.710798715672151e-20,1.0060390627740596,-1.1315005435668555,1.3499917938445193e-18,-0.004256058176003827,0.9999925205026763,-4.387850302876162e-19,0.0038676787231434833,-4.938850047900126e-21
1.442,-0.9142789751776483,-5.439098423642281e-20,1.0060305611484723,-1.1311202699183038,1.3670427396205319e-18,-0.004245572963220303,0.999992096254086,-4.436149927479337e-19,0.003975855802165323,-4.4124852108551884e-21
1.444,-0.9165408319982904,-5.163969350486098e-20,1.0060220803989277,-1.1307358514254515,1.3842794566322371e-18,-0.004235182216970427,0.9999916656259863,-4.484221699921574e-19,0.004082729303596692,-3.8869485545308015e-21
1.446,-0.9188019158805251,-4.8853744347850207e-20,1.006013620335762,-1.1303473400014745,1.4017010182199443e-18,-0.004224886662709541,0.9999912290094061,-4.532053033219947e-19,0.004188305654838239,-3.0191707514799013e-21
1.448,-0.9210622186901822,-4.6032767993975256e-20,1.0060051807679073,-1.1299547872963627,1.4193065054338102e-18,-0.0042146869791024185,0.999990786787601,-4.579672978601305e-19,0.004292591282128242,-2.49487157351627e-21
1.45,-0.9233217323961286,-4.317639751178069e-20,1.005996761502985,-1.1295582446970043,1.4370950003227242e-18,-0.004204583798880299,0.9999903393361382,-4.627082950240771e-19,0.004395592610300603,-2.3144525840766045e-21
1.452,-0.9255804490697416,-4.0284267804695364e-20,1.0059883623473955,-1.1291577633272807,1.4550655827176256e-18,-0.004194577709689633,0.999989887022981,-4.674297960706987e-19,0.004497316062544874,-2.8193486974529223e-21
1.454,-0.9278383608843835,-3.735601562310216e-20,1.005979983106409,-1.1287533940481713,1.4732173268013009e-18,-0.004184669254932621,0.9999894302085727,-4.721318671442612e-19,0.004597768060168308,-4.007933226175041e-21
1.456,-0.930095460114876,-3.439127957246618e-20,1.0059716235842517,-1.1283451874578694,1.4915493024578874e-18,-0.0041748589345994985,0.9999889692459206,-4.768113941160044e-19,0.004696955022359929,-5.1936740278781194e-21
1.458,-0.9323517391369741,-3.138970012000272e-20,1.0059632835841932,-1.1279331938919068,1.510060580100831e-18,-0.004165147206092627,0.9999885044806803,-4.8146848508221905e-19,0.004794883365956612,-6.3757632934687485e-21
1.46,-0.9346071904268416,-2.835091958454801e-20,1.0059549629086295,-1.1275174634232903,1.5287502394257838e-18,-0.004155534485042348,0.9999880362512382,-4.861001020151208e-19,0.004891559505211161,-6.869704004612611e-21
1.462,-0.9368618065605258,-2.5274582111406947e-20,1.0059466613591668,-1.1270980458626465,1.5476173750643189e-18,-0.004146021146114665,0.9999875648887946,-4.907047843447423e-19,0.00498698985156239,-6.334873387541562e-21
1.464,-0.939115580213433,-2.2160333638762354e-20,1.005938378736702,-1.1266749907583777,1.5666610968759416e-18,-0.004136607523810785,0.9999870907174463,-4.95286028336276e-19,0.00508118081340718,-5.458210081729323e-21
1.466,-0.9413685041598043,-1.9007821876698962e-20,1.0059301148415025,-1.1262483473968268,1.5858805232980222e-18,-0.004127293913258442,0.999986614054269,-4.998491276375422e-19,0.005174138795874522,-5.268087267726197e-21
1.468,-0.9436205712721917,-1.5816696300835993e-20,1.0059218694732845,-1.1258181648024517,1.6052747676679756e-18,-0.004118080570995138,0.9999861352093993,-5.043993678775176e-19,0.0052658702006015265,-6.790846642618696e-21
1.47,-0.945871774520934,-1.2586608176668871e-20,1.0059136424312887,-1.1253844917380103,1.624842925841648e-18,-0.004108967715743213,0.9999856544861156,-5.089312677914139e-19,0.005356381425511397,-8.99486284145185e-21
1.472,-0.9481221069736343,-9.317210584717773e-21,1.0059054335143551,-1.1249473767047535,1.644584090871798e-18,-0.0040999555291768705,0.9999851721809201,-5.134395476757613e-19,0.00544567886459336,-1.0850548765557194e-20
1.474,-0.9503715617946369,-6.00815841299591e-21,1.0058972425209975,-1.1245068679426287,1.6644973622070735e-18,-0.004091044156681077,0.9999846885836188,-5.179224585140398e-19,0.005533768907684538,-1.201647781286084e-20
1.476,-0.9526201322445046,-2.6591083372021732e-21,1.0058890692494742,-1.1240630134304919,1.684581854835283e-18,-0.0040822337081024345,0.9999842039774025,-5.22378338091155e-19,0.005620657940253763,-1.2151220020310035e-20
1.478,-0.9548678116794973,7.302812141908068e-22,1.0058809134978586,-1.1236158608863291,1.7048366999359913e-18,-0.004073524258491989,0.9999837186389267,-5.268112115278143e-19,0.005706352343187327,-1.1942123329302687e-20
1.48,-0.95711459355105,4.1603500865531245e-21,1.0058727750641083,-1.1231654577674874,1.7252610393476314e-18,-0.004064915848840043,0.999983232838391,-5.312192294788466e-19,0.005790858492576644,-1.1047751135360011e-20
1.482,-0.959360471405252,7.631436420831743e-21,1.0058646537461324,-1.122711851270913,1.7458540290150177e-18,-0.004056408486802984,0.9999827468396185,-5.356006857109174e-19,0.005874182759507838,-9.127069273993817e-21
1.484,-0.9616054388823265,1.1143876686498167e-20,1.0058565493418572,-1.1222550883334013,1.7666148369839145e-18,-0.004048002147422146,0.9999822609001348,-5.399656043118751e-19,0.005956331509853233,-7.894974867556787e-21
1.486,-0.9638494897161102,1.4698005686657442e-20,1.0058484616492906,-1.121795215631852,1.787542630697894e-18,-0.004039696773834693,0.9999817752712463,-5.443100209306102e-19,0.0060373111040647465,-6.6657414198828454e-21
1.488,-0.9660926177335338,1.8294156562186473e-20,1.0058403904665862,-1.1213322795835365,1.808636580472598e-18,-0.0040314922779766445,0.999981290198118,-5.486340532678258e-19,0.006117127896969169,-5.4389541497808655e-21
1.49,-0.9683348168541035,2.193266079912676e-20,1.0058323355921042,-1.120866326346371,1.8298958593790304e-18,-0.0040233885412780165,0.9999808059198515,-5.529398059705449e-19,0.006195788237565334,-4.55685497320306e-21
1.492,-0.9705760810893819,2.5613848227285773e-20,1.005824296824471,-1.1203974018191996,1.851319639205888e-18,-0.004015385415350041,0.9999803226695622,-5.572273699059847e-19,0.006273298468823161,-4.019031307533932e-21
1.494,-0.9728164045424704,2.933804702161144e-20,1.0058162739626402,-1.1199255516420852,1.8729070934886038e-18,-0.004007482722664619,0.9999798406744554,-5.614968390158304e-19,0.006349664927484559,-3.825477689155882e-21
1.496,-0.9750557814074925,3.3105583703549534e-20,1.005808266805948,-1.1194508211966088,1.8946573941829735e-18,-0.003999680257225941,0.9999793601559037,-5.65748222647281e-19,0.006424893943866209,-3.974970863245472e-21
1.498,-0.9772942059690761,3.691678313778929e-20,1.0058002751541713,-1.1189732556061776,1.9165697136178664e-18,-0.003991977785234359,0.9999788813295222,-5.699772319614159e-19,0.006498991841664181,-3.78098113912612e-21
1.5,-0.979531616267944,4.077664417594796e-20,1.0057963902341704,-1.1184335164550627,1.9433245693942182e-18,0.00010701036650604626,0.9999758827011987,-5.741805998457976e-19,0.006945071342987937,-3.114737670467668e-21
1.502,-0.9817679758404674,4.468560230831696e-20,1.0057967478167573,-1.117922216199309,1.9655527583090335e-18,0.00025051664156897964,0.9999716647531038,-5.68772429066285e-19,0.007527927397820766,-2.938568026823343e-21
1.504,-0.9840032933147427,4.8638600320029154e-20,1.0057973924756127,-1.1173917567251734,1.9873465616523877e-18,0.0003940876321497518,0.9999675225409121,-5.53798531371356e-19,0.008059395969375313,-3.1491531412239032e-21
1.506,-0.9862375263013256,5.263459073101062e-20,1.0057983242431852,-1.116837497225676,2.008545614541659e-18,0.0005376176534223765,0.9999627956508228,-5.388995271619036e-19,0.008625967435118486,-3.893066726444877e-21
1.508,-0.9884706306657863,5.667238693659353e-20,1.005799543058984,-1.1162633557820232,2.029152814008545e-18,0.0006811356870214665,0.9999580558071375,-5.240662196270478e-19,0.009158964265161574,-4.103979421898093e-21
1.51,-0.990702564124331,6.075080804516504e-20,1.0058010488207847,-1.1156664531172902,2.049170990015624e-18,0.0008245572289075942,0.9999528283297516,-5.092948852728276e-19,0.009712935464172996,-3.297771745233602e-21
1.512,-0.9929332833877252,6.486867898935606e-20,1.0058028413426825,-1.1150493077838302,2.0686031261884657e-18,0.0009678947574470371,0.9999475230154372,-5.000805690919672e-19,0.010244570039427406,-2.771807278239509e-21
1.514,-0.9951627464288441,6.90252638237997e-20,1.005804920392786,-1.114410151336248,2.08799346094349e-18,0.0011110799939121699,0.9999418048950487,-5.01865168851677e-19,0.010788272486054122,-2.4835657528555256e-21
1.516,-0.9973909106812616,7.322069618908951e-20,1.0058072856631595,-1.1137506195236988,2.107450612579621e-18,0.001254113405696879,0.9999359637623396,-5.036275032746021e-19,0.011316729858133937,-8.18471702884653e-22
1.518,-0.9996177344691946,7.745510946482902e-20,1.0058099367970998,-1.1130696443344132,2.1269743481229272e-18,0.00139693887111728,0.9999297668231538,-5.05372491646402e-19,0.011851642122260187,1.8666948140291287e-21
1.52,-1.0018431758712485,8.172863668140427e-20,1.0058128733680678,-1.112368304601783,2.146564534582869e-18,0.0015395484183124595,0.9999234170290456,-5.07112007657817e-19,0.012375785912747489,4.550688139841842e-21
1.522,-1.0040671936220906,8.604141060101862e-20,1.0058160948992094,-1.1116459739078017,2.166221030312896e-18,0.001681894926355536,0.9999167547806709,-5.088502540694498e-19,0.012902848867310555,6.883961179368677e-21
1.524,-1.0062897463956906,9.039356368811967e-20,1.0058196008488849,-1.1109033796962942,2.185943678817644e-18,0.0018239646950158643,0.9999099212916736,-5.105826635852788e-19,0.013421970886577235,9.215085368854272e-21
1.526,-1.0085107933738175,9.478522809235884e-20,1.0058233906245577,-1.110140173890408,2.2057323299998675e-18,0.001965717243108371,0.999902808571207,-5.123005332356904e-19,0.013941786521569785,1.222453705218064e-20
1.528,-1.0107302937938412,9.921631891709543e-20,1.0058274635730609,-1.109356862159672,2.2252616756231935e-18,0.002107135135375762,0.9998955145406111,-4.921176608594931e-19,0.014455448853886025,1.2525202744930356e-20
1.53,-1.0129482073070957,1.036855231487207e-19,1.0058318189904687,-1.1085532718020126,2.2437741215473712e-18,0.002248182808295541,0.999887967140344,-4.775126741690526e-19,0.01496840565828765,1.2904847980220361e-20
1.532,-1.0151644936935258,1.0819157096070625e-19,1.0058364561157094,-1.1077297684519019,2.2621418472185036e-18,0.002388840523532726,0.9998802342617282,-4.629733339211691e-19,0.015476341063453889,1.3628572356772312e-20
1.534,-1.0173791130875207,1.1273330692557857e-19,1.0058413741376118,-1.1068862898375693,2.2794989492214378e-18,0.0025290764018133824,0.9998722686030569,-4.485263401473707e-19,0.015982693095253988,1.3666650653738653e-20
1.536,-1.0195920257977773,1.1730954615437017e-19,1.0058465721908478,-1.1060231131031566,2.2966095255199682e-18,0.00266886941174763,0.9998641174054386,-4.3416219652360005e-19,0.01648474218919129,1.3706804660775592e-20
1.538,-1.0218031924495452,1.2191914651735782e-19,1.0058520493610146,-1.105140245442628,2.3129327991942185e-18,0.002808190486532821,0.9998557502763953,-4.2532506179211324e-19,0.016984658937627094,1.5209069872471502e-20
1.54,-1.024012573870842,1.2656147732772602e-19,1.0058578046821822,-1.1042379080115978,2.3293402655021402e-18,0.002947018003329971,0.999847200355528,-4.1653829727614205e-19,0.017480730568640798,1.636709779839474e-20
1.542,-1.0262201311819765,1.3123573103818956e-19,1.0058638371406192,-1.1033161516289602,2.344855989527588e-18,0.0030853250974265,0.9998384487099498,-4.02317586288105e-19,0.017974328395849632,1.708442988390515e-20
1.544,-1.0284258257236023,1.3594103153043435e-19,1.0058701456734362,-1.1023751619538527,2.3603512841945484e-18,0.003223090035239434,0.9998295189024924,-3.991105204370007e-19,0.018464374649889908,1.834112218625438e-20
1.546,-1.030629619112986,1.406766515709734e-19,1.005876729171381,-1.101415017127615,2.3750673257566373e-18,0.0033602877293879905,0.9998203997115024,-3.6856751137459804e-19,0.018951736615217322,1.669102700593944e-20
1.548,-1.0328314731984427,1.4544060257285018e-19,1.0058835864782216,-1.1004358802309044,2.3889000040386848e-18,0.003496896660475776,0.9998111082226622,-3.6005012596321953e-19,0.01943573704733217,1.7861246685215037e-20
1.55,-1.0350313500946253,1.5023231541544569e-19,1.005890716392907,-1.099437846440711,2.402720957034295e-18,0.003632893223701963,0.9998016383675389,-3.515554234234863e-19,0.019916925404939608,1.9372063085741007e-20
1.552,-1.0372292121535918,1.5505107988504018e-19,1.0058981176694448,-1.0984210644006531,2.416096522850786e-18,0.003768256330279164,0.999792002862848,-3.7058299946717395e-19,0.020394877089501478,1.8342927702597805e-20
1.554,-1.0394250219868593,1.5989795954103363e-19,1.00590578901863,-1.0973856398306217,2.430763283612687e-18,0.003902963653285433,0.9997821990592545,-3.620498762380627e-19,0.020869941165277097,1.983936658604291e-20
1.556,-1.0416187424469547,1.6477260323080514e-19,1.0059137291082498,-1.0963317120663898,2.4437885796831754e-18,0.0040369946761283915,0.9997722367296733,-3.480643490018337e-19,0.021341852416008975,2.1905034868396288e-20
1.558,-1.0438103366411178,1.69673939962697e-19,1.0059219365645171,-1.0952593932709156,2.457565177316535e-18,0.00417032820687448,0.9997621154749591,-3.5064084733001813e-19,0.021810833570389276,2.192090665218665e-20
1.56,-1.0459997679194575,1.7460195149206378e-19,1.005930409972491,-1.0941688167017707,2.4703548895694765e-18,0.004302944391520548,0.9997518430826527,-3.3677624914286864e-19,0.02227671997488765,2.0893806701667787e-20
1.562,-1.0481869998833826,1.7955553558706713e-19,1.0059391478773074,-1.0930600983744105,2.4831381619370352e-18,0.004434823072337009,0.9997414206197803,-3.120138808063619e-19,0.022739654727902396,1.9626200881496216e-20
1.564,-1.0503719963779201,1.8453294456758265e-19,1.005948148784738,-1.0919333675000356,2.493963641701154e-18,0.004565945113527064,0.9997308545301589,-2.709119969610521e-19,0.023199536641903707,1.7989626864780425e-20
1.566,-1.0525547214968158,1.8953099429427116e-19,1.0059574111622807,-1.0907887423080052,2.5040332194248424e-18,0.004696291319280142,0.9997201468234249,-2.6290405900562117e-19,0.02365645863924515,1.7122739647198807e-20
1.568,-1.054735139577472,1.945488644965528e-19,1.0059669334398065,-1.0896263492397256,2.513784356385277e-18,0.004825843304136044,0.999709303027577,-2.549495970372631e-19,0.024110359601566062,1.5573715712512973e-20
1.57,-1.0569132152039438,1.995859197645781e-19,1.0059767140105522,-1.0884463077003794,2.523218518211788e-18,0.004954582781102761,0.9996983257466059,-2.4703158492424846e-19,0.024561300849783207,1.402885957752976e-20
1.572,-1.0590889132035242,2.0464152760602282e-19,1.0059867512318188,-1.0872487421620018,2.5323371589192565e-18,0.00508249213140622,0.9996872198770991,-2.3915001907962447e-19,0.02500924657795848,1.2488167310980874e-20
1.574,-1.0612621986484088,2.0971505841718273e-19,1.0059970434258951,-1.0860337725463782,2.5411417202290438e-18,0.005209553936626275,0.9996759883865886,-2.313045773849268e-19,0.02545423821876706,1.0952014185620629e-20
1.576,-1.0634330368533147,2.1480588548867748e-19,1.006007588880786,-1.084801521856458,2.5496336496642826e-18,0.005335751350470022,0.9996646357287461,-2.234953974258607e-19,0.025896255970971706,9.42080077856648e-21
1.578,-1.065601393376301,2.1991338499691763e-19,1.0060183858510852,-1.0835521101104804,2.5578143845373396e-18,0.005461067791420892,0.9996531650821912,-2.157309141647324e-19,0.026335328764954882,7.551135432213645e-21
1.58,-1.0677672340170363,2.250369359634179e-19,1.0060294325587171,-1.0822856591534578,2.565685331681051e-18,0.00558548718443312,0.9996415805823181,-2.0801079254337774e-19,0.026771446932986286,5.344217358339937e-21
1.582,-1.069930524817082,2.301759202007396e-19,1.006040727193772,-1.0810022888308453,2.5732478753789616e-18,0.005708993758932269,0.999629885518476,-2.00334863555831e-19,0.027204631560073158,2.800834242035559e-21
1.584,-1.0720912320585643,2.3532972226486793e-19,1.0060522679152515,-1.0797021200217334,2.5805033719253606e-18,0.005831572205224128,0.9996180837900542,-1.927026775687099e-19,0.027634879408111008,-7.863698473173151e-23
1.586,-1.0742493222641145,2.4049772938947757e-19,1.0060640528518736,-1.0783852722248672,2.5874531428328836e-18,0.005953207541503038,0.9996061787312991,-1.8510430131436027e-19,0.028062206652558475,-2.95048181981847e-21
1.588,-1.0764047621957926,2.4567933144443152e-19,1.0060760801028157,-1.0770518654704389,2.5940985220737162e-18,0.006073885214453073,0.9995941740598474,-1.7751162804436085e-19,0.028486614147917536,-4.787122114598827e-21
1.59,-1.0785575188548078,2.508739210259569e-19,1.0060883477384945,-1.0757020187968043,2.6004408894142832e-18,0.006193591011375799,0.9995820731118281,-1.6995386699712607e-19,0.02890811501050759,-6.618588733762754e-21
1.592,-1.0807075594805953,2.5608089348945823e-19,1.0061008538013028,-1.074335851455128,2.6064816213809244e-18,0.0063123111243392795,0.9995698794589009,-1.624403545594405e-19,0.02932671271246254,-8.787838949543937e-21
1.594,-1.082854851550395,2.6129964692153157e-19,1.0061135963063672,-1.0729534819478281,2.6122220736002436e-18,0.006430032091757552,0.9995575964111066,-1.5495095628976123e-19,0.029742418476851926,-1.0608643645562934e-20
1.596,-1.0849993627784222,2.665295821318049e-19,1.0061265732422766,-1.0715550287873126,2.617663623773081e-18,0.0065467408387707106,0.9995452274177506,-1.474657474405065e-19,0.030155237462141313,-1.1397207025642989e-20
1.598,-1.0871410611153514,2.717701027382223e-19,1.0061397825718195,-1.070140609888694,2.622807702330287e-18,0.006662424638020476,0.9995327757447127,-1.400055807407511e-19,0.0305651797323515,-1.1840582359604913e-20
1.6,-1.089279914747543,2.7702061524589885e-19,1.0061532222327012,-1.0687103430473626,2.6276557510899322e-18,0.006777071134556956,0.9995202447345949,-1.3260131896987214e-19,0.030972251543868623,-1.2967113871042402e-20
1.602,-1.091415892096465,2.8228052900116397e-19,1.0061668901382645,-1.0672643455551414,2.632209173194483e-18,0.006890668319109635,0.9995076375975425,-1.2524201425438094e-19,0.03137646226362958,-1.4433105119325774e-20
1.604,-1.0935489618179504,2.875492561290933e-19,1.0061807841781942,-1.0658027345005858,2.6364693352355535e-18,0.007003204542937414,0.9994949575798898,-1.1795930735049808e-19,0.03177781887379105,-1.7264439967729854e-20
1.606,-1.0956790928015758,2.928262114061866e-19,1.0061949022192203,-1.0643256265260779,2.640437525880692e-18,0.007114668499224513,0.9994822078287371,-1.1070900330585675e-19,0.032176330334495074,-2.0088356914713938e-20
1.608,-1.0978062541699356,2.9811081217176934e-19,1.0062092421058093,-1.0628331380163654,2.6441150337660617e-18,0.007225049231405126,0.9994693915011823,-1.034476620575295e-19,0.03257200411792021,-2.153410868139754e-20
1.61,-1.0999304152779903,3.034024784090624e-19,1.006223801660853,-1.0613253849445663,2.647503222016882e-18,0.007334336119838142,0.9994565116767624,-9.616478758647945e-20,0.032964848959446624,-2.1263281741525356e-20
1.612,-1.102051545712347,3.0870063291527637e-19,1.0062385786863444,-1.059802482990263,2.650603538516071e-18,0.00744251888590542,0.9994435714281549,-8.89057890619529e-20,0.03335487267156269,-2.0649440781718488e-20
1.614,-1.104169615290586,3.140047014201925e-19,1.0062535709640517,-1.0582645474416061,2.6534174562808884e-18,0.007549587582114764,0.9994305737646447,-8.168183053540917e-20,0.03374208387866008,-2.0036289919339788e-20
1.616,-1.1062845940605424,3.193141125934426e-19,1.0062687762561806,-1.0567116932690155,2.6559464360327097e-18,0.007655532593466718,0.9994175216778669,-7.451560018442054e-20,0.034126490638098264,-2.010877898523553e-20
1.618,-1.1083964522996155,3.246282979860226e-19,1.0062841923060326,-1.0551440350626928,2.6581919036935953e-18,0.007760344629784307,0.9994044181053633,-6.737182197700042e-20,0.034508101534018426,-1.983871899883244e-20
1.62,-1.1105051605140484,3.2994669200316034e-19,1.0062998168386534,-1.0535616870783586,2.660155297865053e-18,0.007864014725319274,0.9993912659601749,-6.02155080652174e-20,0.034886924807453784,-1.8198725666710797e-20
1.622,-1.1126106894382233,3.352687319958175e-19,1.006315647561476,-1.0519647631971238,2.6618381186811337e-18,0.007966534232529618,0.9993780681073953,-5.3106482271545494e-20,0.03526296904590546,-1.6903910166968023e-20
1.624,-1.1147130100339369,3.4059385829565467e-19,1.0063316821649555,-1.0503533769536233,2.6632418314286388e-18,0.008067894820555465,0.9993648273833223,-4.607977277169238e-20,0.035636242634491014,-1.698125146022247e-20
1.6260000000000001,-1.116812093489684,3.459215140936261e-19,1.0063479183231971,-1.0487276415100169,2.6643678437377535e-18,0.008168088469940096,0.9993515465804116,-3.907458144758145e-20,0.03600675419058675,-1.6716081814501024e-20
1.6280000000000001,-1.1189079112199278,3.512511453934222e-19,1.006364353694577,-1.0470876696730513,2.665217558245631e-18,0.008267107470383842,0.9993382284596866,-3.2102943069175526e-20,0.03637451221744554,-1.6450449223856813e-20
1.6300000000000001,-1.121000434864374,3.5658220100239336e-19,1.0063809859223554,-1.0454335738770015,2.6657923718632292e-18,0.00836494441608298,0.9993248757411157,-2.5177049616838564e-20,0.03673952537806596,-1.652720980059139e-20
1.6320000000000001,-1.1230896362872336,3.619141324903166e-19,1.0063978126352835,-1.0437654661937803,2.666093655944033e-18,0.008461592203026379,0.9993114911116739,-1.8309191086826095e-20,0.03710180227650258,-1.7288402399602586e-20
1.6340000000000001,-1.1251754875764883,3.6724639413479086e-19,1.0064148314482022,-1.0420834583215455,2.6661227363834358e-18,0.008557044024741892,0.9992980772192196,-1.1486057256357014e-20,0.037461351630345203,-1.838959680296085e-20
1.6360000000000001,-1.1272579610431488,3.7257844283623267e-19,1.0064320399626348,-1.0403876615904537,2.665880924035924e-18,0.008651293369307454,0.9992846366777537,-4.682183450822723e-21,0.03781818213256289,-1.9145547017244638e-20
1.6380000000000001,-1.1293370292205103,3.7790973812102144e-19,1.0064494357673717,-1.0386781869548698,2.6653695251438874e-18,0.008744334015369606,0.9992711720635528,2.0770229976886062e-21,0.03817230256004386,-2.0241115767591936e-20
1.6400000000000001,-1.131412664863404,3.8323974210851732e-19,1.0064670164390481,-1.0369551449964027,2.6645898320952002e-18,0.008836160028980265,0.9992576859186241,8.804679503673923e-21,0.03852372168623204,-2.13334972255149e-20
1.6420000000000001,-1.1334848409474465,3.8856791949633403e-19,1.006484779542716,-1.035218645918413,2.6635431299633692e-18,0.008926765759800458,0.9992441807482939,1.5500927200591342e-20,0.0388724483493463,-2.242270854313396e-20
1.6440000000000001,-1.1355535306682847,3.938937375485337e-19,1.0065027226324073,-1.033468799547362,2.6622307016881644e-18,0.009016145837834996,0.9992306590235014,2.2179092291016223e-20,0.03921849139705292,-2.3166765588091814e-20
1.6460000000000001,-1.1376187074408377,3.99216666100703e-19,1.0065208432516906,-1.0317057153287976,2.6606538342750577e-18,0.009104295169765684,0.9992171231793238,2.8812558015755946e-20,0.03956185972925933,-2.425048475562461e-20
1.6480000000000001,-1.139680344898535,4.045361775477215e-19,1.0065391389342222,-1.029929502327667,2.6588137946156446e-18,0.009191208935630952,0.9992035756165254,3.5401730713523273e-20,0.03990256226299357,-2.5673079762654722e-20
1.6500000000000001,-1.141738416892553,4.098517467902793e-19,1.0065576072042888,-1.028140269225259,2.6567118301565286e-18,0.009276882585253035,0.9991900187006865,4.194652986867644e-20,0.04024060795916629,-2.743415338527727e-20
1.6520000000000001,-1.1437928974910467,4.151628512122107e-19,1.0065762455773433,-1.026338124318892,2.654349160625684e-18,0.009361311834893147,0.9991764547632735,4.842023349791943e-20,0.0405760058001971,-3.0217708178235504e-20
1.6540000000000001,-1.1458437609783794,4.204689705703666e-19,1.0065950515605346,-1.0245231755194868,2.651726948615845e-18,0.00944449266375024,0.9991628861011573,5.483706271972586e-20,0.04090876480666913,-3.3679360822795393e-20
1.6560000000000001,-1.1478909818543497,4.257695869140461e-19,1.0066140226532303,-1.0226955303508836,2.6488463248348787e-18,0.009526421310611773,0.999149314977377,6.122523068513573e-20,0.041238894022997345,-3.713276367637517e-20
1.6580000000000001,-1.1499345348334151,4.310641845398792e-19,1.0066331563475317,-1.0208552959478403,2.6457084037724505e-18,0.009607094270409991,0.9991357436209086,6.754269331717996e-20,0.041566402527711974,-4.160465831298813e-20
1.6600000000000001,-1.1519743948439125,4.363522499301307e-19,1.0066524501287835,-1.0190025790551418,2.6422058833619654e-18,0.009686508290881522,0.9991221742272332,7.950907587037103e-20,0.041891299424201604,-4.150029753768796e-20
1.6620000000000001,-1.154010537027277,4.416329108331783e-19,1.0066719014760757,-1.0171374860258904,2.6385572243255115e-18,0.009764660369172442,0.9991086089582673,6.963449695188768e-20,0.04221359384698161,-3.7394699123796564e-20
1.6640000000000001,-1.1560429367372578,4.469069971611842e-19,1.0066915078627392,-1.0152601228205098,2.6355226992805155e-18,0.009841547748515627,0.9990950499428061,6.505408387715271e-20,0.042533294955640864,-3.866616232585276e-20
1.666,-1.1580715695391304,4.52174722655399e-19,1.0067112667568343,-1.0133705950052452,2.632232454574886e-18,0.009917167914879278,0.9990814992765584,6.594675862607557e-20,0.04285041193858105,-4.0509832092133237e-20
1.668,-1.1600964112089078,4.57436264057382e-19,1.0067311756216335,-1.0114690077511248,2.6294471077180774e-18,0.00999151859366802,0.9990679590225101,4.5043889538458486e-20,0.0431649540089868,-3.832815372450563e-20
1.67,-1.1621174377325494,4.626930630102279e-19,1.0067512319160963,-1.0095554658326165,2.6274893601924018e-18,0.010064597746411842,0.9990544312110273,2.4254200046822142e-20,0.04347693040697309,-3.581149619169782e-20
1.672,-1.1641346253051652,4.679466622950259e-19,1.0067714330953386,-1.0076300736265873,2.6260300175684055e-18,0.010136403567495055,0.9990409178401692,2.5353158292915003e-20,0.04378635039683442,-3.69947343315803e-20
1.674,-1.166147950330221,4.731969715994974e-19,1.0067917766110952,-1.0056929351110822,2.624199499427514e-18,0.01020693448088404,0.9990274208758343,3.1941974627800803e-20,0.0440932232681912,-3.773077125198885e-20
1.676,-1.1681573894187387,4.784435038996367e-19,1.0068122599121756,-1.0037441538643055,2.6222170894034206e-18,0.01027618913688698,0.9990139422520462,4.9468828300902064e-20,0.044397558334048806,-3.860557801214858e-20
1.678,-1.1701629193884957,4.836848356850821e-19,1.0068328804449134,-1.0017838330635014,2.618999541729796e-18,0.010344166408919463,0.9990004838711225,7.794312596749423e-20,0.04469936493131541,-3.825176783118919e-20
1.68,-1.1721645172632222,4.889191529190181e-19,1.006853635653609,-0.9998120754839714,2.6153117297728744e-18,0.010410865390297272,0.9989870476039417,7.335499947032371e-20,0.04499865241937461,-3.8136816909887414e-20
1.682,-1.1741621602717964,4.941463122852246e-19,1.0068745229809675,-0.9978289834980415,2.6116970139087187e-18,0.010476285391039597,0.9989736352901359,9.059034185943224e-20,0.045295430180210254,-4.140586504076397e-20
1.684,-1.1761558258474374,4.993651950289807e-19,1.0068955398685269,-0.9958346590741263,2.6072886129050016e-18,0.010540425934696443,0.9989602487383411,8.047055240890576e-20,0.04558970761730567,-4.068432954933427e-20
1.686,-1.1781454916268959,5.045766029690866e-19,1.0069166837570835,-0.9938292037757721,2.6042580205159936e-18,0.01060328675518957,0.998946889726404,6.489046740061321e-20,0.04588149415552349,-4.039999116351457e-20
1.688,-1.1801311354496447,5.097815877512565e-19,1.0069379520871093,-0.9918127187607733,2.600865044218953e-18,0.010664867793675776,0.9989335600016248,5.481716755483566e-20,0.04617079924021388,-4.105412447889375e-20
1.69,-1.1821127353570653,5.149812320220181e-19,1.006959342299163,-0.9897853047802851,2.5988447650349756e-18,0.01072516919542581,0.998920261280972,3.9325472007498865e-20,0.04645763233694269,-4.179910323868452e-20
1.692,-1.1840902695916342,5.201763956454544e-19,1.006980851834295,-0.9877470621779944,2.596131039400344e-18,0.010784191306724557,0.9989069952513212,5.687883459903191e-20,0.04674200293073445,-4.167712355548128e-20
1.694,-1.1860637165961074,5.253657299511961e-19,1.007002478134447,-0.9856980908892983,2.5930521324480408e-18,0.010841934671788294,0.9988937635696759,7.434779435099587e-20,0.047023920525707745,-4.155434504126152e-20
1.696,-1.1880330550127025,5.305478199119751e-19,1.0070242186428444,-0.9836384904405302,2.588959497455601e-18,0.010898400029702722,0.9988805678634033,9.724265821830463e-20,0.04730339464440605,-4.100410036727634e-20
1.698,-1.1899982636822803,5.357212575425255e-19,1.0070460708043825,-0.9815683599482012,2.5844004438067056e-18,0.010953588311378944,0.9988674097304592,1.0908773745289062e-19,0.047580434827377394,-3.993462459317932e-20
1.7,-1.191959321643524,5.408849316051151e-19,1.0070680320660077,-0.9794877981182819,2.5792686404540755e-18,0.011007500636530018,0.9988542907396224,1.098782136621325e-19,0.047855050632563526,-3.902914196023936e-20
1.702,-1.1939162081321175,5.460388562075575e-19,1.0070900998770926,-0.9773969032455033,2.574651014581375e-18,0.011060138310666233,0.9988412124307224,9.969512137010448e-20,0.048127251634847296,-3.794340127187984e-20
1.704,-1.1958689025799227,5.511834793936134e-19,1.0071122716898036,-0.9752957732126943,2.569894654900782e-18,0.01111150282211074,0.9988281763148731,1.1133405770731196e-19,0.0483970474254813,-4.065435839532355e-20
1.706,-1.1978173846141544,5.563181264743276e-19,1.0071345449594638,-0.9731845054901411,2.564675268431234e-18,0.011161595839034555,0.9988151838747025,1.2296804588923133e-19,0.04866444761161782,-4.2331399118652836e-20
1.708,-1.1997616340565553,5.614418736508202e-19,1.00715691714491,-0.9710631971349789,2.5589951095416422e-18,0.011210419206511934,0.998802236564586,1.3456399456829195e-19,0.04892946181576517,-4.366069669805015e-20
1.71,-1.2017016309225683,5.665538016376025e-19,1.0071793857088438,-0.9689319447906075,2.5528564366133724e-18,0.011257974943595494,0.9987893358108776,1.4607181621975954e-19,0.04919209967530935,-4.5669846989952664e-20
1.712,-1.2036373554205093,5.716529956364508e-19,1.0072019481181762,-0.9667908446861375,2.5462614696901348e-18,0.011304265240411827,0.9987764830121432,1.5744180645289277e-19,0.04945237084199069,-4.938402303044684e-20
1.714,-1.2055687879507373,5.767387619420923e-19,1.007224601844367,-0.9646399926358603,2.5396458077410006e-18,0.011349292455277172,0.998763679539392,1.4144753365078557e-19,0.04971028498142301,-5.0363387977082395e-20
1.716,-1.2074959091048252,5.818119995150222e-19,1.007247344363758,-0.9624794840387471,2.5334432753493935e-18,0.011393059111833697,0.9987509267363108,1.5846902943514038e-19,0.04996585177258584,-5.1266618299009805e-20
1.718,-1.2094186996647276,5.86871508074033e-19,1.0072701731579017,-0.9603094138779726,2.526025603540323e-18,0.011435567896206126,0.9987382259194955,1.6450542516574752e-19,0.05021908090734472,-5.093506902838791e-20
1.72,-1.2113371406019493,5.9191692243611555e-19,1.0072930857138824,-0.9581298767204661,2.5193492735669214e-18,0.01147682165417909,0.9987255783786851,1.6505429990689284e-19,0.050469982089955956,-4.998588349810773e-20
1.722,-1.2132512130767128,5.969480244366881e-19,1.0073160795246334,-0.9559409667164865,2.5116771505856343e-18,0.01151682338839509,0.9987129853769945,1.710928712643187e-19,0.05071856503659042,-4.897361946224114e-20
1.724,-1.2151608984371238,6.019643075575978e-19,1.0073391520892478,-0.9537427775992248,2.5046388534438013e-18,0.011555576255573267,0.9987004481511473,1.770633872478973e-19,0.05096483947484886,-4.899022382400969e-20
1.726,-1.2170661782183372,6.069654472543383e-19,1.0073623009132835,-0.9515354026844296,2.4964977998288394e-18,0.01159308356374898,0.9986879679117096,1.8848085970958245e-19,0.051208815143290586,-4.928659421836848e-20
1.728,-1.2189670341417214,6.119506157031626e-19,1.0073855235090636,-0.9493189348700596,2.488559530673379e-18,0.011629348769534364,0.9986755458433225,1.9443411473384555e-19,0.051450501790958135,-4.8274455589890754e-20
1.73,-1.2208634481140228,6.169190967969935e-19,1.0074088173959708,-0.9470934666359587,2.4799551047953232e-18,0.011664375475399833,0.9986631831049356,1.9488322177391734e-19,0.05168990917691171,-4.698221002229739e-20
1.732,-1.2227554022265292,6.218710796630762e-19,1.0074321801007355,-0.9448590900435565,2.4720974362619184e-18,0.011698167426976666,0.9986508808300398,1.952944864566284e-19,0.051927047069762367,-4.637810445836048e-20
1.734,-1.2246428787542325,6.268066815000012e-19,1.0074556091577211,-0.9426158967355923,2.463574003013703e-18,0.011730728510380707,0.9986386401269,1.8471290259026436e-19,0.052161925247212734,-4.623399739319075e-20
1.736,-1.2265258601549913,6.317265240438861e-19,1.0074791021092009,-0.9403639779358632,2.4565544991127125e-18,0.01176206274955723,0.9986264620787878,1.6317795590283485e-19,0.05239455349559826,-4.6546494801296945e-20
1.738,-1.2284043290686926,6.366324525914957e-19,1.0075026565056318,-0.9381034244489951,2.4494064446723477e-18,0.01179217430364707,0.9986143477442146,1.6383788853784185e-19,0.052624941609434456,-4.4588607126007055e-20
1.74,-1.2302782683164133,6.415243540797607e-19,1.0075262699059215,-0.9358343266602368,2.442455244903869e-18,0.01182106746437398,0.9986022981571634,1.7002226111088616e-19,0.0528530993909658,-4.189784346788457e-20
1.742,-1.2321476608995814,6.464018985498006e-19,1.0075499398776921,-0.933556774535278,2.435266303652168e-18,0.011848746653453356,0.9985903143273208,1.4860355108218982e-19,0.05307903664971976,-4.152812225932228e-20
1.744,-1.2340124899991365,6.51266671448898e-19,1.0075736639975363,-0.9312708576200882,2.4295747383950797e-18,0.011875216420022318,0.9985783972403091,1.2716494036700784e-19,0.05330276320206306,-4.3214642772004985e-20
1.746,-1.2358727389746904,6.561198904073798e-19,1.0075974398512706,-0.9289766650407792,2.423531131366938e-18,0.011900481438091175,0.9985665478579175,1.4435255933851536e-19,0.053524288870762556,-4.3183468416148363e-20
1.748,-1.237728391363687,6.609605269864573e-19,1.007621265034182,-0.9266742855034893,2.4169205926844674e-18,0.011924546504016335,0.9985547671183341,1.72456951541116e-19,0.05374362348454876,-4.305323227693458e-20
1.75,-1.2395794308805625,6.657866909848602e-19,1.0076451371512705,-0.9243638072942887,2.4093121273986568e-18,0.011947416533994674,0.9985430559363759,1.6193458066633144e-19,0.05396077687768349,-4.4279805921526567e-20
1.752,-1.2414258414159054,6.705987395799425e-19,1.007669053817486,-0.9220453182791073,2.4026604971376174e-18,0.011969096561579427,0.9985314152037196,1.7887798630835385e-19,0.054175758889530565,-4.5957147750453704e-20
1.754,-1.2432676070356155,6.753956565240007e-19,1.0076930126579606,-0.9197189059036832,2.3942531331743993e-18,0.011989591735217542,0.9985198457891317,1.9020557931963107e-19,0.054388579364130274,-4.870096381473926e-20
1.756,-1.245104711980064,6.801765385221634e-19,1.0077170113082365,-0.917384657193532,2.3864814633639666e-18,0.012008907315808596,0.9985083485386983,2.0699181529240227e-19,0.05459924814977701,-5.10518571362044e-20
1.758,-1.246937140663253,6.849400537033843e-19,1.007741047414488,-0.9150426587539374,2.377067393389765e-18,0.012027048674285239,0.9984969242760544,2.0195019070322526e-19,0.05480777509860064,-4.946033808103219e-20
1.76,-1.2487648776719749,6.896862842288786e-19,1.0077651186337382,-0.9126929967699616,2.369268960325586e-18,0.012044021289215223,0.9984855738026125,2.024308743714803e-19,0.05501417006615097,-4.748944237136479e-20
1.762,-1.250587907764972,6.94415348236375e-19,1.0077892226340743,-0.9103357570064764,2.359503613682797e-18,0.012059830744424946,0.9984742978977905,2.356918980402393e-19,0.05521844291098588,-4.870286426386193e-20
1.764,-1.2524062158720963,6.99124836620674e-19,1.0078133570948535,-0.907971024808214,2.3500554674516184e-18,0.012074482726644614,0.9984630973192405,2.250394145885632e-19,0.05542060349426267,-4.68028392009746e-20
1.766,-1.2542197870934693,7.03815311603092e-19,1.0078375197069074,-0.9055988850998377,2.3403815611050032e-18,0.012087983023174959,0.9984519728030751,2.2540385048660074e-19,0.05562066167933288,-4.517459979457704e-20
1.768,-1.2560286066986412,7.084867553518505e-19,1.0078617081727408,-0.9032194223860315,2.331024163018231e-18,0.012100337519575517,0.9984409250640942,2.257033563045718e-19,0.055818627331340374,-4.491978939637886e-20
1.77,-1.2578326601257528,7.13139185103491e-19,1.007885920206726,-0.9008327207516096,2.3213314673523252e-18,0.012111552197374467,0.9984299547960116,2.2598203840701577e-19,0.05601451031682282,-4.500842879124589e-20
1.772,-1.2596319329806938,7.177725098071879e-19,1.0079101535352923,-0.8984388638616445,2.3119552341859315e-18,0.012121633131800034,0.9984190626716798,2.262786973844307e-19,0.056208320503316464,-4.4755069832825574e-20
1.774,-1.261426411036265,7.22386638468926e-19,1.0079344058971111,-0.8960379349616137,2.3020270367643626e-18,0.012130586489533437,0.9984082493433152,2.4859770486416675e-19,0.05640006775896423,-4.368207174171531e-20
1.776,-1.2632160802313384,7.269802525643978e-19,1.0079586750432767,-0.893630016877565,2.291658003217475e-18,0.012138418526483362,0.9983975154427223,2.3787062111108507e-19,0.05658976195212709,-4.2464678174940166e-20
1.778,-1.265000926670019,7.315537734576383e-19,1.0079829587374824,-0.8912151920163003,2.281825182011248e-18,0.012145135585581923,0.998386861581517,2.489541182773913e-19,0.05677741295099872,-4.488864112901493e-20
1.78,-1.2667809366208065,7.361065730376626e-19,1.0080072547561925,-0.8887935423655766,2.2710091518079577e-18,0.012150744094602171,0.9983762883513496,2.4903165907087395e-19,0.05696303062322339,-4.702647351775738e-20
1.782,-1.268556096515757,7.406385670369073e-19,1.00803156088881,-0.886365149494326,2.261055701955157e-18,0.01215525056399702,0.9983657963241269,2.491286659067522e-19,0.05714662483551714,-4.881875882846624e-20
1.784,-1.2703263929496458,7.4514981588027065e-19,1.0080558749378392,-0.8839300945528916,2.2501195828821754e-18,0.012158661584759615,0.9983553860522336,2.601922494488934e-19,0.057328205453292175,-5.08921187159987e-20
1.786,-1.2720918126791305,7.4963951386036595e-19,1.0080801947190454,-0.8814884582732825,2.239613497113089e-18,0.012160983826305158,0.9983450580687531,2.5495938007038906e-19,0.05750778234028443,-4.89376643424804e-20
1.788,-1.2738523426219153,7.541079779368408e-19,1.0081045180616093,-0.8790403209694443,2.228885522245374e-18,0.012162224034374076,0.9983348128876866,2.497504500492863e-19,0.057685365358184366,-4.698931737205015e-20
1.79,-1.2756079698559135,7.58555559815158e-19,1.0081288428082775,-0.8765857625375473,2.2186951211303166e-18,0.01216238902895653,0.9983246510041733,2.445138427834734e-19,0.05786096436627095,-4.5730135787922537e-20
1.792,-1.277358681618414,7.629826822778791e-19,1.008153166815509,-0.8741248624562913,2.2083898440982236e-18,0.012161485702238272,0.9983145728947082,2.392420892938384e-19,0.05803458922104882,-4.5501276212795405e-20
1.794,-1.2791044653052452,7.673896218227872e-19,1.0081774879536176,-0.8716576997872265,2.1985121234611473e-18,0.012159521016567735,0.9983045790173589,2.448698178040222e-19,0.05820624977588854,-4.693594222088956e-20
1.796,-1.2808453084699427,7.717761124932333e-19,1.00820180410691,-0.8691843531750905,2.187868856392188e-18,0.012156502002444365,0.9982946698119836,2.5597711652105083e-19,0.05837595588067006,-4.834379769229042e-20
1.798,-1.2825811988229143,7.76141203553369e-19,1.0082261131738208,-0.8667049008481615,2.1772210773081526e-18,0.012152435756528149,0.9982848457004457,2.6708494093211197e-19,0.058543717381429244,-4.906297762614109e-20
1.8,-1.2843121242306084,7.8048423623263105e-19,1.0082504130670418,-0.8642194206186278,2.165702440828253e-18,0.012147329439670259,0.9982751070868292,2.7817278009088483e-19,0.05870954412000756,-4.9437582233210453e-20
1.802,-1.286038072714682,7.848041219092144e-19,1.008274701713649,-0.8617279898829711,2.1540743386229308e-18,0.012141190274964792,0.9982654543576526,2.9471438918165176e-19,0.058873445933704825,-4.9790762632182715e-20
1.804,-1.2877590324511703,7.890997394281345e-19,1.0082989770552258,-0.859230685622367,2.1414708172055316e-18,0.012134025545821553,0.9982558878820822,3.0573720282442556e-19,0.05903543265493502,-4.947714025804129e-20
1.806,-1.289474991769655,7.933701533148623e-19,1.0083232370479802,-0.8567275844031,2.128979347924066e-18,0.012125842594059806,0.9982464080121438,3.112348086193831e-19,0.05919551411088519,-4.883911580852997e-20
1.808,-1.2911859391524365,7.976150821443278e-19,1.008347479662861,-0.8542187623769927,2.1159498357444057e-18,0.012116648818022959,0.9982370150829348,3.111923477149644e-19,0.05935370012317738,-4.856226265691383e-20
1.81,-1.2928918632337043,8.018343910443345e-19,1.008371702885669,-0.8517042952818503,2.1033594204956332e-18,0.012106451670714129,0.9982277094128338,3.1119083049170174e-19,0.05951000050753365,-4.7603248786249085e-20
1.812,-1.2945927527987102,8.060280897562308e-19,1.008395904717163,-0.8491842584419201,2.0902313621430203e-18,0.01209525865795248,0.9982184913037101,3.2215490536200664e-19,0.05966442507344398,-4.695661781721964e-20
1.814,-1.2962885967829414,8.101954664866934e-19,1.0084200831731651,-0.8466587267683641,2.0772182572792868e-18,0.012083077336550348,0.9982093610411321,3.109718074433064e-19,0.059816983623837354,-4.8421719572995824e-20
1.816,-1.2979793842712946,8.143372564086071e-19,1.008444236284661,-0.8441277747597464,2.0646442010448943e-18,0.012069915312510992,0.9982003188945752,2.9986236023544016e-19,0.05996768595475569,-4.954417990186658e-20
1.818,-1.2996651044972514,8.184543354095832e-19,1.0084683620978956,-0.841591476502535,2.052506984911003e-18,0.012055780239247024,0.9981913651176272,2.8880580495939225e-19,0.060116541855030826,-5.0666025788569926e-20
1.82,-1.3013457468420548,8.2254757497129035e-19,1.0084924586744661,-0.8390499056716159,2.0408044121383118e-18,0.012040679815819324,0.9981824999481946,2.778018820028508e-19,0.06026356110596443,-5.178723662272167e-20
1.822,-1.3030213008338867,8.266178421924742e-19,1.0085165240914127,-0.8365031355308221,2.02953429587882e-18,0.01202462178519646,0.9981737236087065,2.668091073486051e-19,0.060408753481010866,-5.359146689517964e-20
1.824,-1.3046917561470457,8.306657832388042e-19,1.0085405564413032,-0.8339512389334752,2.0182613337100685e-18,0.012007613932534503,0.9981650363063178,2.833762714334409e-19,0.06055212874546299,-5.465472309137041e-20
1.826,-1.3063571026011271,8.346903083591717e-19,1.008564553832317,-0.8313942883229403,2.0062270796589463e-18,0.011989664083477168,0.9981564382331118,2.8887052059909983e-19,0.060693696656140855,-5.607560080566238e-20
1.828,-1.3080173301602038,8.386909096737567e-19,1.0085885143883229,-0.8288323557331934,1.9943016908074527e-18,0.011970780102476203,0.9981479295663016,2.9975710211503403e-19,0.06083346696108335,-5.850880309079401e-20
1.83,-1.3096724289320074,8.426667940391048e-19,1.008612436248957,-0.8262655127894026,1.981510475044461e-18,0.011950969891131955,0.9981395104684291,2.998136507814625e-19,0.06097144939924267,-5.753141633963245e-20
1.832,-1.3113223891671115,8.466178577329384e-19,1.008636317569694,-0.8236938307085211,1.969589128516978e-18,0.011930241386554045,0.9981311810875654,2.9444417088435323e-19,0.061107653700181744,-5.588163793553327e-20
1.834,-1.3129672012581162,8.505446452127251e-19,1.0086601565219164,-0.8211173802998923,1.9573423695652494e-18,0.011908602559741997,0.998122941557508,2.8360664510641147e-19,0.06124208958377442,-5.424314543605007e-20
1.836,-1.3146068557388328,8.544482399171727e-19,1.0086839512929817,-0.818536231965868,1.9463959273148403e-18,0.011886061413985889,0.9981147919979778,2.6184682563976446e-19,0.06137476675990858,-5.2623823210375455e-20
1.838,-1.3162413432834714,8.583300448088545e-19,1.0087077000862845,-0.8159504557024378,1.9354436057337204e-18,0.011862625983286754,0.9981067325148146,2.5667006941874013e-19,0.06150569492819205,-5.099410525959282e-20
1.84,-1.3178706547058279,8.621905890235035e-19,1.008731401121317,-0.8133601210998712,1.925243361441902e-18,0.011838304330796811,0.9980987632001723,2.4606614051318857e-19,0.06163488377766135,-4.869052556490876e-20
1.842,-1.3194947809584736,8.660307236764562e-19,1.0087550526337254,-0.8107652973433704,1.9148170884317757e-18,0.011813104547279329,0.9980908841327117,2.5726649544247505e-19,0.06176234298649322,-5.014087193428114e-20
1.844,-1.321113713131946,8.698495634862523e-19,1.008778652875364,-0.8081660532137356,1.9039488684454936e-18,0.011787034749588069,0.9980830953777932,2.6841377606251835e-19,0.06188808222171892,-5.1586508107419296e-20
1.846,-1.32272744245394,8.736462267520103e-19,1.0088022001143448,-0.8055624570880406,1.8926408915508285e-18,0.011760103079166268,0.9980753969876678,2.79423530577197e-19,0.06201211113894138,-5.439549010092228e-20
1.848,-1.3243359602885016,8.774200526500886e-19,1.0088256926350867,-0.802954576940321,1.881220111971397e-18,0.01173231770056498,0.9980677890016674,2.631696612374934e-19,0.062134439382055075,-5.310264265682504e-20
1.85,-1.325939258135223,8.811719716308836e-19,1.0088491287383592,-0.8003424803422717,1.8707695533398974e-18,0.0117036867999807,0.9980602714463931,2.5248590841668322e-19,0.062255076582968576,-5.18130550758611e-20
1.852,-1.3275373276284372,8.84902981080672e-19,1.0088725067413247,-0.7977262344639564,1.8603102498693592e-18,0.011674218583812268,0.9980528443359034,2.474313409665747e-19,0.06237403236132999,-4.915979096024684e-20
1.854,-1.3291301605364167,8.886136772434038e-19,1.008895824977577,-0.7951059060745277,1.8504921959065118e-18,0.011643921277236837,0.9980455076719003,2.3143516063063956e-19,0.06249131632425494,-4.617072066554694e-20
1.856,-1.3307177487605724,8.923050507917168e-19,1.0089190817971783,-0.7924815615429571,1.8408788761177813e-18,0.01161280312280488,0.9980382614439147,2.3175928682739204e-19,0.06260693806605742,-4.6955220243783203e-20
1.858,-1.3323000843346529,8.959771849033254e-19,1.0089422755666915,-0.7898532668387761,1.8312527701671347e-18,0.01158087237905412,0.998031105629491,2.3214616597409584e-19,0.06272090716798324,-4.6712163646077317e-20
1.86,-1.3338771594239474,8.996300540817969e-19,1.0089654046692118,-0.7872210875328267,1.8216139551972586e-18,0.01154813731914228,0.9980240401943691,2.3253116318902715e-19,0.06283323319794619,-4.6469538410059726e-20
1.862,-1.3354489663244888,9.032636329872766e-19,1.008988467504394,-0.784585088798023,1.811962510584684e-18,0.011514606229498544,0.9980170650926664,2.3291426379878707e-19,0.06294392571026684,-4.6227748321242676e-20
1.864,-1.3370154974622586,9.068778964410703e-19,1.009011462488478,-0.7819453354101217,1.8022985168255484e-18,0.011480287408493647,0.9980101802670587,2.3331703437950545e-19,0.06305299424541405,-4.5644401206513675e-20
1.866,-1.3385767453923931,9.104728194296015e-19,1.009034388054311,-0.7793018917485026,1.792622060004752e-18,0.011445189165128485,0.9980033856489587,2.3376094174573073e-19,0.06316044832974908,-4.4378727254760475e-20
1.868,-1.340132702798392,9.140483771195398e-19,1.009057242651367,-0.7766548217969592,1.7829332347037662e-18,0.011409319817741124,0.9979966811586948,2.3424582586565977e-19,0.0632662974752723,-4.2432338937234117e-20
1.87,-1.3416833624913276,9.176045448794281e-19,1.0090800247457665,-0.774004189144498,1.7732321474278323e-18,0.011372687692732149,0.9979900667056871,2.34728209784058e-19,0.0633705511793726,-4.049079738368775e-20
1.872,-1.3432287174090558,9.211412982895956e-19,1.0091027328202884,-0.7713500569861476,1.7635189010847337e-18,0.011335301123308161,0.9979835421886234,2.3514307696248065e-19,0.06347321892457931,-3.9580015948562306e-20
1.874,-1.3447687606154295,9.246586131222434e-19,1.0091253653743844,-0.7686924881237768,1.753793583766487e-18,0.011297168448243418,0.9979771074956332,2.355342289336093e-19,0.06357431017831677,-3.9013211531997515e-20
1.8760000000000001,-1.346303485299513,9.281564653189196e-19,1.0091479209241878,-0.7660315449669217,1.7440562772696045e-18,0.011258298010659444,0.997970762504461,2.3594523758995507e-19,0.06367383439266144,-3.8106034846581756e-20
1.8780000000000001,-1.347832884774798,9.3163483098291e-19,1.0091703980025217,-0.7633672895336215,1.7343070647161741e-18,0.01121869815682251,0.9979645070826381,2.3628879020075083e-19,0.06377180100410157,-3.822715662053488e-20
1.8800000000000001,-1.3493569524784212,9.350936863752799e-19,1.009192795158904,-0.7606997834512633,1.7245460154546638e-18,0.011178377234958908,0.9979583410876526,2.365651926450143e-19,0.06386821943329948,-3.9374554696103757e-20
1.8820000000000001,-1.3508756819703847,9.385330078795775e-19,1.0092151109595493,-0.7580290879574354,1.7147731855690717e-18,0.011137343594087861,0.9979522643671191,2.3688400416119455e-19,0.06396309908485626,-3.983639159625575e-20
1.8840000000000001,-1.3523890669327763,9.41952771994793e-19,1.0092373439873705,-0.7553552639007888,1.7049886363662268e-18,0.011095605582871985,0.997946276758947,2.371793260380959e-19,0.0640564493470791,-4.06393538306507e-20
1.8860000000000001,-1.353897101168993,9.453529553404895e-19,1.0092594928419767,-0.7526783717419072,1.6951924235391499e-18,0.011053171548485207,0.9979403780915062,2.3740753738962086e-19,0.06414827959175107,-4.246656150498644e-20
1.8880000000000001,-1.355399778602966,9.487335346343418e-19,1.0092815561396682,-0.7499984715541854,1.6853845916434287e-18,0.01101004983549798,0.9979345681837934,2.3761271896809986e-19,0.06423859917390341,-4.463126488593311e-20
1.8900000000000001,-1.356897093278386,9.520944866796065e-19,1.0093035325134314,-0.7473156230247152,1.6755651817365392e-18,0.010966248784779723,0.9979288468455964,2.3783891742115435e-19,0.06432741743159036,-4.644916052043758e-20
1.8920000000000001,-1.3583890393579332,9.554357883632374e-19,1.0093254206129296,-0.7446298854551798,1.6657342362830527e-18,0.010921776732418354,0.9979232138776558,2.3804204795854813e-19,0.06441474368566631,-4.860456919454852e-20
1.8940000000000001,-1.3598756111225063,9.587574166536377e-19,1.0093472191044925,-0.7419413177627553,1.6558917942903253e-18,0.010876642008656814,0.9979176690718282,2.38200145818103e-19,0.0645005872395656,-5.143864309597068e-20
1.8960000000000001,-1.3613568029704546,9.620593485907167e-19,1.0093689266711037,-0.7392499784810206,1.646037887514981e-18,0.010830852936846427,0.9979122122112454,2.3835754127319685e-19,0.06458495737908464,-5.42658780353238e-20
1.8980000000000001,-1.3628326094168115,9.653415612755937e-19,1.0093905420123854,-0.7365559257608743,1.6361725471652023e-18,0.010784417832417069,0.9979068430704735,2.3849209240612694e-19,0.06466786337216644,-5.742782745363332e-20
1.9000000000000001,-1.3643030250925308,9.686040318719927e-19,1.009412063844582,-0.7338592173714589,1.626295804984132e-18,0.010737345001863902,0.9979015614156713,2.386923449054582e-19,0.06474931446868773,-5.955713171551914e-20
1.9020000000000001,-1.365768044743723,9.718467376166747e-19,1.0094334909005411,-0.7311599107010929,1.6164077033214877e-18,0.01068964274175069,0.9978963670047463,2.389359178123088e-19,0.06482931990024828,-6.099736351841266e-20
1.9040000000000001,-1.367227663230896,9.750696558400858e-19,1.0094548219296924,-0.7284580627582095,1.6065082904042837e-18,0.010641319337729447,0.9978912595875095,2.391117664087067e-19,0.06490788887996271,-6.34594596658001e-20
1.9060000000000001,-1.3686818755281946,9.782727639607636e-19,1.0094760556980253,-0.7257537301723024,1.5965976063160577e-18,0.010592383063576434,0.9978862389058303,2.3926450222297647e-19,0.06498503060225476,-6.625833810277174e-20
1.9080000000000001,-1.370130676722645,9.81456039471594e-19,1.0094971909880643,-0.7230469691948788,1.5866756862291284e-18,0.010542842180244288,0.997881304693788,2.3943870677571953e-19,0.06506075424265377,-6.87089176979704e-20
1.9100000000000001,-1.3715740620133994,9.84619459939346e-19,1.0095182265988418,-0.7203378357004185,1.5767425695415456e-18,0.010492704934930182,0.9978764566778239,2.395897337806367e-19,0.06513506895759363,-7.149548639663252e-20
1.9120000000000001,-1.3730120267109822,9.877630030088224e-19,1.00953916134587,-0.717626385187341,1.5667982930450648e-18,0.010441979560159948,0.9978716945768907,2.3967301382455433e-19,0.06520798388421405,-7.530192917314805e-20
1.9140000000000001,-1.37444456623654,9.90886646389233e-19,1.0095599940611106,-0.7149126727789773,1.5568428891018489e-18,0.010390674272887973,0.9978670181026016,2.4004600638252173e-19,0.06527950814016414,-7.46553065946045e-20
1.9160000000000001,-1.3758716761210916,9.93990367897113e-19,1.0095807235929433,-0.7121967532245499,1.5468764334736286e-18,0.010338797273612787,0.997862426959377,2.4046157813897666e-19,0.06534965082340836,-7.332738341169979e-20
1.9180000000000001,-1.3772933520047808,9.970740372881167e-19,1.009601348806131,-0.709478680900158,1.5367907863483594e-18,0.010286356745508223,0.9978579208445917,2.5186190337925427e-19,0.06541842101203472,-7.203475118529081e-20
1.92,-1.3787095896361312,1.0001369836900077e-18,1.0096218685817855,-0.7067585098097694,1.5259372831855003e-18,0.01023336085357003,0.9978534994487189,2.6869167203124926e-19,0.06548582776406534,-7.110321099162267e-20
1.922,-1.3801203848713035,1.003177601887224e-18,1.0096422818173292,-0.7040362935862184,1.514751767183085e-18,0.010179817743777811,0.9978491624554737,2.6338863361448526e-19,0.06555188011726917,-7.112892458440992e-20
1.924,-1.3815257336733535,1.006196457406584e-18,1.0096625874264566,-0.7013120854922099,1.50421051045381e-18,0.010125735542272111,0.9978449095419558,2.526173618175888e-19,0.06561658708897722,-7.113743093234582e-20
1.926,-1.3829256321114933,1.0091945111075419e-18,1.0096827843390945,-0.6985859384213285,1.4939856822532128e-18,0.010071122354546692,0.9978407403787897,2.3091070905553665e-19,0.06567995767589976,-7.11122538184049e-20
1.928,-1.384320076360354,1.012173188345466e-18,1.0097028715013587,-0.6958579048990549,1.4847251603834961e-18,0.01001598626465564,0.997836654630265,2.313920674335615e-19,0.06574200085394602,-6.945467613929552e-20
1.93,-1.38570906269925,1.0151328249409366e-18,1.0097228478755114,-0.6931280370837865,1.474908899091962e-18,0.009960335334435418,0.9978326519544746,2.2643587895169987e-19,0.06580272557804591,-6.709972489453932e-20
1.932,-1.3870925875114468,1.018073538745682e-18,1.0097427124399152,-0.6903963867678645,1.465730161011946e-18,0.009904177602741569,0.9978287320034508,2.379248498957815e-19,0.06586214078197415,-6.549093152021684e-20
1.934,-1.3884706472834292,1.0209946535877806e-18,1.009762464188987,-0.6876630053786064,1.4553462791025531e-18,0.009847521084700035,0.9978248944233026,2.4930465987593255e-19,0.06592025537817654,-6.491104640012372e-20
1.936,-1.3898432386041721,1.023895207946956e-18,1.0097821021331497,-0.684927943979343,1.4452783253985701e-18,0.009790373770972959,0.9978211388543488,2.6054989349772386e-19,0.06597707825759838,-6.535594539845291e-20
1.938,-1.3912103581644146,1.0267744980231286e-18,1.009801625298782,-0.682191253270462,1.4339020054122448e-18,0.009732743627038803,0.9978174649312519,2.7732533468677235e-19,0.06603261828951514,-6.445087920080356e-20
1.94,-1.3925720027559343,1.0296312114586322e-18,1.0098210327281683,-0.6794529835904557,1.422846395090786e-18,0.009674638592486733,0.9978138722831494,2.719708612872422e-19,0.06608688432136528,-6.483329994682102e-20
1.942,-1.3939281692708245,1.0324655916073841e-18,1.009840323479445,-0.676713184916974,1.4115685525031116e-18,0.009616066580325032,0.9978103605337851,2.6661906163917193e-19,0.0661398851785853,-6.555869135430623e-20
1.944,-1.3952788547007744,1.0352780607358501e-18,1.009859496626548,-0.6739719068678829,1.4009352082719979e-18,0.00955703547630361,0.9978069293016377,2.6124708382285937e-19,0.0661916296644468,-6.696772557745921e-20
1.946,-1.3966240561363494,1.038068930828066e-18,1.0098785512591562,-0.6712291987023274,1.3899693488759627e-18,0.00949755313825026,0.9978035782000491,2.6675097524324927e-19,0.06624212655989588,-7.046800651363845e-20
1.948,-1.3979637707662762,1.0408381153927817e-18,1.009897486482636,-0.6684851093217994,1.3793219905415544e-18,0.009437627395420695,0.9978003068373511,2.504824154820671e-19,0.06629138462339444,-7.045523834556545e-20
1.95,-1.3992979958767269,1.0435866471006421e-18,1.0099163014179835,-0.6657396872712096,1.3693159841221426e-18,0.009377266047862218,0.9977971148169908,2.3429084513427396e-19,0.06633941259076383,-7.044533797190155e-20
1.952,-1.4006267288506082,1.0463158054777729e-18,1.0099349952017644,-0.6629929807399652,1.359948154064723e-18,0.009316476865790839,0.9977940017376551,2.181531809694153e-19,0.06638621917503043,-7.078017637217549e-20
1.954,-1.4019499671668512,1.049026647318194e-18,1.009953566986055,-0.6602450375630511,1.3508907485391033e-18,0.009255267588981767,0.9977909671933929,2.296034577669913e-19,0.06643181306627345,-7.054349713384826e-20
1.956,-1.403267708399703,1.0517186371684355e-18,1.00997201593838,-0.6574959052221162,1.3410604564831888e-18,0.009193645926173168,0.9977880107737375,2.4104488305535925e-19,0.06647620293147469,-6.962201373275414e-20
1.958,-1.4045799502180216,1.0543910267140157e-18,1.0099903412416498,-0.6547456308465633,1.3314350603042471e-18,0.009131619554483026,0.9977851320638265,2.2496602136086283e-19,0.0665193974143705,-6.858880224958802e-20
1.96,-1.4058866903845733,1.0570448022987559e-18,1.0100085420940972,-0.6519942612146441,1.3224459926234409e-18,0.009069196118838989,0.9977823306445209,2.089177410848596e-19,0.06656140513530572,-6.82446312180071e-20
1.962,-1.4071879267553296,1.0596812334301846e-18,1.010026617709212,-0.6492418427545575,1.3140901054550697e-18,0.009006383231421115,0.9977796060925235,1.9289984531652862e-19,0.06660223469108967,-6.858784197473478e-20
1.964,-1.40848365727877,1.0623015833309498e-18,1.0100445673156755,-0.6464884215455525,1.3063642620490686e-18,0.008943188471117355,0.9977769579804945,1.7688927015836199e-19,0.06664189465485425,-6.995867755221119e-20
1.966,-1.4097738799951842,1.0649068925775935e-18,1.0100623901572923,-0.643734043319035,1.2988325723787718e-18,0.008879619382991661,0.9977743858771678,1.8846609042372123e-19,0.06668039357591397,-7.076292834853375e-20
1.968,-1.411058593035978,1.067496465334524e-18,1.0100800854929233,-0.6409787534596786,1.2906280508729943e-18,0.00881568347776462,0.9977718893474645,1.9455332717890256e-19,0.0667177399796281,-7.085661516884021e-20
1.97,-1.4123377946229805,1.0700696804633305e-18,1.010097652596416,-0.6382225970065383,1.282619388301897e-18,0.008751388231306457,0.9977694679526058,2.0063457485779126e-19,0.06675394236726472,-7.060742837068391e-20
1.972,-1.4136114830677544,1.0726264241082804e-18,1.0101150907565344,-0.6354656186541694,1.2741566700583299e-18,0.008686741084142292,0.9977671212502249,1.956220885443038e-19,0.06678900921586681,-7.16771502457375e-20
1.974,-1.414879656770908,1.0751668720299994e-18,1.0101323992768874,-0.6327078627537492,1.2663235105206345e-18,0.008621749440969592,0.9977648487944771,1.850941993622442e-19,0.06682294897812036,-7.340565695099802e-20
1.976,-1.4161423142214098,1.077691630852267e-18,1.0101495774758575,-0.6299493733142023,1.2583589741863892e-18,0.008556420670187567,0.997762650136149,1.9664747462415791e-19,0.0668557700822244,-7.454725949366428e-20
1.978,-1.417399453995904,1.0802000049656243e-18,1.010166624686527,-0.6271901940033291,1.2499391642052287e-18,0.00849076210343851,0.997760524822766,2.0807720538836068e-19,0.06688748093176301,-7.670980376630599e-20
1.98,-1.4186510747580312,1.082691086087731e-18,1.0101835402566046,-0.6244303681489386,1.2410663435550993e-18,0.00842478103516093,0.9977584723987,2.1945254267204197e-19,0.06691808990557929,-7.886561115955121e-20
1.982,-1.4198971752577478,1.0851639704510553e-18,1.0102003235483499,-0.6216699387399837,1.2317427639722551e-18,0.008358484722154298,0.9977564924052736,2.307737767707945e-19,0.06694760535765121,-8.101431116065115e-20
1.984,-1.421137754330651,1.0876177587803309e-18,1.0102169739384983,-0.6189089484277001,1.2219706668053977e-18,0.00829188038315536,0.9977545843808653,2.4206402584443583e-19,0.06697603561696945,-8.28148549115917e-20
1.986,-1.4223728108973028,1.0900515562742923e-18,1.0102334908181843,-0.6161474395267483,1.2117522842443017e-18,0.008224975198425863,0.9977527478610116,2.532776237422425e-19,0.06700338898741721,-8.495146486191133e-20
1.988,-1.42360234396256,1.092464472584329e-18,1.0102498735928638,-0.613385454016359,1.2010898368227992e-18,0.008157776309351548,0.9977509823785101,2.644378075857069e-19,0.06702967374765173,-8.708187577405151e-20
1.99,-1.4248263526149025,1.0948556217926363e-18,1.0102661216822366,-0.6106230335414808,1.189985534763775e-18,0.008090290818052393,0.9977492874635188,2.755448532854044e-19,0.06705489815098789,-8.920571445803175e-20
1.992,-1.4260448360257671,1.0972241223914332e-18,1.0102822345201667,-0.6078602194139318,1.1784415779372503e-18,0.008022525787003822,0.9977476626436559,2.865990084121221e-19,0.06707907042528365,-9.132301363476757e-20
1.994,-1.4272577934488824,1.0995690972624256e-18,1.0102982115546035,-0.605097052613553,1.1664601559673166e-18,0.007954488238668908,0.9977461074440986,2.976005194238173e-19,0.0671021987728273,-9.343380576660362e-20
1.996,-1.428465224219605,1.1018896736563601e-18,1.010314052247501,-0.6023335737893656,1.1540434482774597e-18,0.007886185155141391,0.9977446213876795,3.0854963167045396e-19,0.06712429137022663,-9.553812305882862e-20
1.998,-1.4296671277542603,1.1041849831725964e-18,1.010329756074736,-0.5995698232607305,1.1411936237788649e-18,0.007817623477799381,0.9977432039949824,3.19377601118687e-19,0.06714535636829995,-9.866166422063328e-20
2.0,-1.4308635035494834,1.1064542699108025e-18,1.010345322526028,-0.5968058410185104,1.1281291895969241e-18,0.007748810106969641,0.9977418547844374,3.138352605626083e-19,0.06716540189196894,-9.930442293227933e-20
2.0020000000000002,-1.432054351181564,1.1086980436714552e-18,1.0103607511048551,-0.5940416667262345,1.1158246229004344e-18,0.007679751901602365,0.9977405732724142,2.866122171608148e-19,0.06718443604015327,-9.608112869043624e-20
2.004,-1.4332396703057921,1.1109180731059411e-18,1.010376041328372,-0.5912773397212661,1.1041676627304795e-18,0.00761045567895628,0.9977393589733142,2.922473432221481e-19,0.06720246688566717,-9.644853150169843e-20
2.0060000000000002,-1.4344194606558076,1.1131141347834764e-18,1.0103911927273257,-0.588512899015972,1.091857043046425e-18,0.007540928214293987,0.9977382113996621,2.9778665327929224e-19,0.06721950247511764,-9.783970103717718e-20
2.008,-1.4355937220429509,1.1152857900154902e-18,1.0104062048459717,-0.5857483832988953,1.079761393208597e-18,0.007471176240587402,0.9977371300621954,3.0329938040345764e-19,0.06723555082880464,-9.922817659287586e-20
2.0100000000000002,-1.4367624543556166,1.1174326023217924e-18,1.0104210772419886,-0.5829838309359295,1.067014292272665e-18,0.007401206448233213,0.9977361144699539,3.141638747885268e-19,0.06725061994062297,-1.0234811929027556e-19
2.012,-1.4379256575586095,1.119553921319803e-18,1.0104358094863932,-0.5802192799714956,1.0543766858234047e-18,0.007331025484778239,0.9977351641303668,3.03220981301822e-19,0.06726471777796583,-1.0193299588869745e-19
2.0140000000000002,-1.439083331692503,1.1216503989219914e-18,1.0104504011634543,-0.5774547681297205,1.0421725556729527e-18,0.007260639954654497,0.9977342785493393,2.9232977143447356e-19,0.06727785228163038,-1.0152169521274447e-19
2.016,-1.440235476872999,1.1237228999480205e-18,1.0104648518706063,-0.5746903328156191,1.0303997703898587e-18,0.007190056418923978,0.9977334572313384,2.815361936590914e-19,0.06729003136572484,-1.0042920302681364e-19
2.0180000000000002,-1.4413820932902919,1.1257722849659028e-18,1.0104791612183617,-0.5719260111162766,1.0190562101296749e-18,0.007119281395032926,0.9977326996794775,2.7086290610187123e-19,0.06730126291757742,-9.831563356270801e-20
2.02,-1.442523181208433,1.127799410315575e-18,1.0104933288302245,-0.5691618398020344,1.0081397667676959e-18,0.007048321356575586,0.9977320053955986,2.6030946864695733e-19,0.06731155479764704,-9.518379250965868e-20
2.0220000000000002,-1.4436587409646984,1.129805128132504e-18,1.0105073543426013,-0.566397855327677,9.97648343813583e-19,0.006977182733067201,0.997731373880355,2.4992162461103664e-19,0.06732091483943568,-9.035189994711631e-20
2.024,-1.4447887729689597,1.1317900700399132e-18,1.0105212374047141,-0.5636340938336207,9.871471940529777e-19,0.006905871909726262,0.9977308046332924,2.722429280283186e-19,0.06732935084940248,-9.014113133616684e-20
2.0260000000000002,-1.4459132777030554,1.1337529176423916e-18,1.0105349776785106,-0.5608705911471055,9.757710640546e-19,0.0068343952272658165,0.9977302971529287,2.613378722080601e-19,0.06733687060687948,-9.21568084963709e-20
2.028,-1.4470322557201667,1.1356940896392121e-18,1.0105485748385752,-0.5581073827833866,9.653630894370915e-19,0.0067627589816937495,0.9977298509368323,2.67032889215291e-19,0.06734348186398931,-9.322589622496984e-20
2.0300000000000002,-1.4481457076441941,1.137613100798692e-18,1.0105620285720391,-0.5553445039469295,9.534300497107292e-19,0.0066909694241219664,0.9977294654817003,3.002258881882307e-19,0.06734919234556411,-9.374553911693195e-20
2.032,-1.4492536341691376,1.1395079173075548e-18,1.0105753385784912,-0.5525819895326057,9.4149396253372e-19,0.006619032760584245,0.9977291402834347,2.839843363560461e-19,0.06735400974906658,-9.161946027980806e-20
2.0340000000000003,-1.450356036058478,1.1413795081066075e-18,1.010588504569887,-0.5498198741268908,9.302038304613517e-19,0.006546955151862816,0.9977288748372185,2.677967789431332e-19,0.06735794174451241,-8.984316263990839e-20
2.036,-1.4514529141445618,1.1432291619198123e-18,1.010601526270458,-0.547058192009063,9.195564695580385e-19,0.006474742713323424,0.9977286686375894,2.5163985772983963e-19,0.06736099597439447,-8.875726751498033e-20
2.0380000000000003,-1.4525442693279877,1.1450581611180509e-18,1.0106144034166211,-0.5442969771524041,9.095487107820705e-19,0.00640240151475884,0.9977285211785138,2.3553634596798903e-19,0.0673631800536086,-8.801903796875111e-20
2.04,-1.4536301025769964,1.146867781749165e-18,1.010627135756887,-0.5415362632254013,9.001774000852397e-19,0.006329937580240643,0.997728431953459,2.1948602063294853e-19,0.06736450156938104,-8.762640704611417e-20
2.0420000000000003,-1.4547104149268617,1.1486592935680218e-18,1.0106397230517685,-0.538776083592951,8.914393985929137e-19,0.006257356887979255,0.9977284004554637,2.0351162917024637e-19,0.0673649680811975,-8.723705037475352e-20
2.044,-1.455785207479284,1.1504339600669115e-18,1.0106521650736893,-0.5360164713175634,8.833315825850495e-19,0.006184665370192039,0.9977284261772097,1.8756661757248567e-19,0.06736458712073388,-8.753510451783857e-20
2.0460000000000003,-1.4568544814017883,1.1521928221907066e-18,1.0106644616068907,-0.5332574591605679,8.754182131978873e-19,0.006111868912979412,0.9977285086110899,2.047023427328655e-19,0.06736336619178844,-8.731607453205703e-20
2.048,-1.4579182379271214,1.153934824673769e-18,1.0106766124473407,-0.5304990795833213,8.664002857958898e-19,0.006038973356208827,0.9977286472492768,2.2172383889043733e-19,0.06736131277021573,-8.777883910612768e-20
2.05,-1.4589764783526542,1.1556584122233203e-18,1.0106886174026404,-0.5277413647484156,8.570398640858347e-19,0.005965984493406517,0.9977288415837897,2.3859542649617893e-19,0.06735843430386204,-8.926362363415979e-20
2.052,-1.4600292040397849,1.1573625408735972e-18,1.0107004762919314,-0.5249843465208872,8.471221752420054e-19,0.005892908071656952,0.9977290911065608,2.2824393109316504e-19,0.06735473821250237,-8.58197535202015e-20
2.054,-1.4610764164133452,1.1590477586950074e-18,1.010712188945803,-0.5222280564694278,8.380566884179835e-19,0.005819749791509812,0.9977293953095003,2.344316256479562e-19,0.06735023188777906,-8.212575230760963e-20
2.056,-1.462118116961009,1.1607139269156625e-18,1.0107237552061992,-0.5194725258675957,8.282168799014174e-19,0.005746515306894476,0.9977297536845604,2.1858457145327787e-19,0.06734492269314185,-7.901491769617647e-20
2.058,-1.463154307232703,1.162362024580513e-18,1.0107351749263247,-0.5167177856950285,8.198774793718812e-19,0.005673210225041808,0.9977301657237986,2.1379934080107984e-19,0.06733881796378965,-7.596887330729939e-20
2.06,-1.4641849888400205,1.1639922684715418e-18,1.0107464479705521,-0.5139638666386557,8.102187469259233e-19,0.00559984010641326,0.9977306309194395,2.364571399798254e-19,0.0673319250066136,-7.3751322153608e-20
2.062,-1.465210163455637,1.1656032515926383e-18,1.0107575742143284,-0.5112107990939138,8.007615281001657e-19,0.005526410464637081,0.9977311487639364,2.4249527862350327e-19,0.06732425110014194,-7.213846988336509e-20
2.064,-1.4662298328127281,1.1671944745517401e-18,1.0107685535440807,-0.5084586131659604,7.905307850871235e-19,0.0054529267664516195,0.997731718750031,2.4307096392023007e-19,0.0673158034944861,-6.981897730993824e-20
2.066,-1.4672439987043908,1.168765980358043e-18,1.0107793858571226,-0.5057073386708908,7.811524539397999e-19,0.005379394431655515,0.9977323403708127,2.3809486713639497e-19,0.06730658941128857,-6.850364557776127e-20
2.068,-1.4682526629830661,1.170318243834662e-18,1.0107900710615603,-0.5029570051369535,7.711080461477637e-19,0.005305818833064808,0.9977330131197771,2.3863564971169235e-19,0.06729661604367203,-6.72203661145671e-20
2.07,-1.4692558275599648,1.1718509450202438e-18,1.0108006090761985,-0.5002076418057679,7.614820273467435e-19,0.005232205296476756,0.9977337364908833,2.555614742533026e-19,0.06728589055619007,-6.73886002522527e-20
2.072,-1.470253494404495,1.1733629352943483e-18,1.0108109998304469,-0.49745927763354153,7.504336266471949e-19,0.005158559100640324,0.9977345099786092,2.669269330486536e-19,0.06727442008477942,-6.752779789943057e-20
2.074,-1.4712456655436932,1.1748532512717088e-18,1.010821243264225,-0.49471194129228846,7.398080853807125e-19,0.005084885477233184,0.9977353330780084,2.7269923275873596e-19,0.06726221173671358,-6.832187780837264e-20
2.076,-1.4722323430616566,1.1763214385581393e-18,1.010831339327869,-0.491965661171048,7.283050323125973e-19,0.005011189610845218,0.9977362052847635,2.7300984158258937e-19,0.06724927259055788,-6.840438462114973e-20
2.078,-1.4732135290989787,1.1777673325678036e-18,1.0108412879820372,-0.48922046537710395,7.175508685616736e-19,0.004937476638968341,0.9977371260952401,2.732958695289679e-19,0.06723560969612603,-6.882873749819467e-20
2.08,-1.4741892258521865,1.1791910572670699e-18,1.0108510891976155,-0.48647638173720403,7.062437944798262e-19,0.004863751651992598,0.9977380950065394,2.625838892018049e-19,0.06722123007443816,-6.954151972322901e-20
2.082,-1.4751594355731812,1.1805934926173917e-18,1.0108607429556236,-0.4837334377987799,6.962252252477443e-19,0.004790019693208434,0.9977391115165498,2.409690329804322e-19,0.06720614071768012,-6.951653467003383e-20
2.084,-1.4761241605686806,1.1819759838663128e-18,1.0108702492471204,-0.4809916608311676,6.862990210807697e-19,0.004716285758814998,0.9977401751239977,2.4156742628746205e-19,0.06719034858916438,-6.754980310295509e-20
2.086,-1.477083403199664,1.1833388957054184e-18,1.0108796080731108,-0.47825107782682785,6.76681877542252e-19,0.004642554797934448,0.9977412853284972,2.4225545900054485e-19,0.06717386062329218,-6.422029619898069e-20
2.088,-1.47803716588082,1.1846821235087686e-18,1.0108888194444503,-0.4755117155025671,6.663986234931902e-19,0.004568831712632115,0.9977424416305993,2.646965007197138e-19,0.0671566837255172,-6.442332158876442e-20
2.09,-1.478985451079996,1.186004120786702e-18,1.0108978833817515,-0.4727736003007585,6.556683404511821e-19,0.004495121357942468,0.9977436435318402,2.5402599987485623e-19,0.06713882477231053,-6.514844224084058e-20
2.092,-1.4799282613176505,1.1873055468875522e-18,1.0109067999152903,-0.47003675839056297,6.457911543844021e-19,0.0044214285419007585,0.9977448905347883,2.433927510201236e-19,0.06712029061112708,-6.587283463114658e-20
2.094,-1.4808655991663087,1.188587022961315e-18,1.0109155690849114,-0.46730121566915056,6.355737932119946e-19,0.0043477580255802725,0.9977461821430904,2.6039072776578833e-19,0.06710108806037327,-6.501884688933503e-20
2.096,-1.4817974672500187,1.1898474007026477e-18,1.0109241909399351,-0.4645669977629219,6.24693348602551e-19,0.004274114523135077,0.9977475178615174,2.773544607827091e-19,0.06708122390937618,-6.348060682360024e-20
2.098,-1.482723868243812,1.1910855735180894e-18,1.010932665539063,-0.46183413002872925,6.135856760859576e-19,0.004200502701848177,0.9977488971960091,2.613478728723269e-19,0.06706070491835402,-6.076294404377115e-20
2.1,-1.4836448048731652,1.1923023868157963e-18,1.0109409929502842,-0.45910263755509834,6.032251854169649e-19,0.00412692718218504,0.9977503196537177,2.671374902776925e-19,0.06703953781838784,-6.191836675354946e-20
2.102,-1.4845602799134643,1.193497636116997e-18,1.010949173250782,-0.4563725451634492,5.920938715963293e-19,0.004053392537852304,0.997751784743051,2.6197193026591685e-19,0.06701772931139473,-6.233607480727326e-20
2.104,-1.4854702961894726,1.1946718381119126e-18,1.0109572065268408,-0.4536438774093177,5.821415873413283e-19,0.003979903295861662,0.9977532919737144,2.5139632098451146e-19,0.06699528607010222,-6.204574068928065e-20
2.106,-1.4863748565747992,1.1958257230164802e-18,1.010965092873752,-0.45091665858357655,5.71632265088163e-19,0.003906463936598809,0.9977548408567523,2.4627210487380186e-19,0.06697221473802405,-6.315092510856895e-20
2.108,-1.4872739639913717,1.1969593683807223e-18,1.010972832395721,-0.4481909127136561,5.620821254246616e-19,0.0038330788938973396,0.9977564309045884,2.4655028518787265e-19,0.06694852192943722,-6.598919882497408e-20
2.11,-1.4881676214089097,1.1980730299626733e-18,1.010980425205775,-0.4454666635647651,5.513239949210063e-19,0.0037597525551175586,0.9977580616310658,2.7977591782738106e-19,0.06692421422936035,-6.931413424186599e-20
2.112,-1.4890558318444023,1.1991642242270973e-18,1.010987871425669,-0.4427439346411113,5.397960812846745e-19,0.003686489261230067,0.9977597325514854,2.9114613872587035e-19,0.06689929819353328,-6.842326687969348e-20
2.114,-1.489938598361587,1.2002319205921407e-18,1.0109951711857939,-0.4400227491871212,5.278264470355493e-19,0.003613293306904063,0.9977614431826443,3.0243984766859276e-19,0.066873780348398,-6.787440781958477e-20
2.116,-1.4908159240704313,1.2012752378119515e-18,1.0110023246250834,-0.4373031301886604,5.154172860724258e-19,0.00354016894060029,0.9977631930428729,3.1368026075393774e-19,0.0668476671910808,-6.732486661360249e-20
2.118,-1.491687812126617,1.2022932990184883e-18,1.0110093318909223,-0.4345851003742526,5.025707817873755e-19,0.0034671203646685204,0.9977649816520717,3.2486767733973557e-19,0.06682096518937575,-6.677425588934642e-20
2.12,-1.492554265731027,1.203285231698824e-18,1.0110161931390542,-0.4318686822162988,4.892891066951823e-19,0.0033941517354494806,0.9977668085317467,3.359564834814804e-19,0.0667936807817293,-6.690719333697949e-20
2.122,-1.4934152881292329,1.2042501676778762e-18,1.011022908533489,-0.42915389793229614,4.755744260335301e-19,0.0033212671633811755,0.9977686732050445,3.46969888614778e-19,0.06676582037722623,-6.738017457630479e-20
2.124,-1.4942708826109883,1.2051872431019786e-18,1.0110294782464118,-0.42644076948605564,4.61428895875467e-19,0.0032484707131095183,0.9977705751967866,3.5793111998097997e-19,0.0667373903555768,-6.785010717691683e-20
2.126,-1.4951210525097216,1.2060955984196029e-18,1.0110359024580915,-0.42372931858892005,4.46854661395132e-19,0.0031757664036031518,0.9977725140335028,3.6886325913019186e-19,0.0667083970671051,-6.797592684417773e-20
2.128,-1.4959658012020323,1.2069743783574502e-18,1.0110421813567891,-0.42101956670098084,4.3185385635624257e-19,0.003103158208272407,0.9977744892434639,3.797665529280537e-19,0.06667884683273861,-6.77576529023004e-20
2.13,-1.4968051321071898,1.207822731897961e-18,1.0110483151386673,-0.4183115350322948,4.1642860227285525e-19,0.00303065005509233,0.997776500356714,3.90686883269017e-19,0.06664874594399897,-6.651272383743526e-20
2.132,-1.4976390486866347,1.2086399203872623e-18,1.0110543040076991,-0.41560524454409964,4.007972763983424e-19,0.002958245826729682,0.9977785469051008,3.85076112273996e-19,0.06661810066299398,-6.519916824353044e-20
2.134,-1.4984675544434822,1.2094262540388451e-18,1.0110601481755777,-0.4129007159500295,3.8550141123971387e-19,0.002885949360673805,0.9977806284223076,3.8502110825366903e-19,0.06658691722241072,-6.357216663587396e-20
2.136,-1.4992906529220285,1.2101816081969956e-18,1.0110658478616263,-0.4101979697173292,3.6988986622639435e-19,0.0028137644493713703,0.9977827444438819,3.849895628489085e-19,0.06655520182550989,-6.16073911285468e-20
2.138,-1.5001083477072583,1.2109062182272087e-18,1.0110714032927082,-0.4074970260680682,3.5482928040729754e-19,0.0027416948403648006,0.997784894507265,3.7407621652631055e-19,0.06652296064612129,-5.823521356974166e-20
2.14,-1.500920642424357,1.2116010030165537e-18,1.0110768147031364,-0.4047979049803535,3.4010032040960695e-19,0.002669744236434388,0.9977870781518203,3.5236550712534346e-19,0.06649019982864046,-5.2776788687150506e-20
2.142,-1.501727540738223,1.212267525793323e-18,1.0110820823345854,-0.402100626189542,3.2645844572777276e-19,0.0025979162957440126,0.9977892949188613,3.5252636518615186e-19,0.06645692548802654,-5.0502660874845565e-20
2.144,-1.5025290463529832,1.2129060807056349e-18,1.0110872064360015,-0.3994052091894518,3.12060364736494e-19,0.002526214631990354,0.9977915443516779,3.4733038201411343e-19,0.06642314370980108,-4.616067397084737e-20
2.146,-1.5033251630115123,1.2135170331124915e-18,1.011092187263514,-0.39671167323357276,2.9907211665512966e-19,0.0024546428145555427,0.9977938259955639,3.147490784078681e-19,0.06638886055004826,-4.069175092472394e-20
2.148,-1.5041158944949524,1.214102692709583e-18,1.0110970250803464,-0.39402003733627605,2.8662235159786634e-19,0.0023832043686631897,0.9977961393978415,3.0958433675000877e-19,0.06635408203541598,-3.8428691168676024e-20
2.15,-1.504901244622236,1.2146636641983343e-18,1.0111017201567292,-0.39133032027402315,2.7438384143734823e-19,0.0023119027755377024,0.9977984841078871,3.044672438892328e-19,0.0663188141631182,-3.582970379317873e-20
2.152,-1.5056812172496121,1.2152003690431556e-18,1.011106272769811,-0.3886425405865733,2.6235554082535467e-19,0.0022407414725668304,0.9978008596771551,2.993976789835918e-19,0.06628306290093834,-3.2895579588075655e-20
2.154,-1.5064558162701733,1.2157132266200516e-18,1.0111106832035717,-0.3859567165781906,2.5053640749740367e-19,0.0021697238534673226,0.9978032656592024,2.943527363809386e-19,0.06624683418723379,-2.9969010587371266e-20
2.156,-1.5072250456133862,1.216202654225235e-18,1.011114951748735,-0.38327286631884927,2.3892540326219506e-19,0.0020988532684537396,0.9978057016097104,2.893777401933554e-19,0.06621013393094148,-2.6366155477698986e-20
2.158,-1.507988909244624,1.2166689589491266e-18,1.011119078702682,-0.38059100764543885,2.2730523106819134e-19,0.002028133024410169,0.9978081670865083,3.0619582625546114e-19,0.06617296801158462,-2.5934390146223134e-20
2.16,-1.5087474111647017,1.2171112210749028e-18,1.011123064369364,-0.3779111581629676,2.150275007538969e-19,0.001957566385064985,0.9978106616495946,2.9542284271150872e-19,0.06613534227928035,-2.608056645640987e-20
2.162,-1.5095005554094136,1.2175298953872054e-18,1.011126909059217,-0.37523333524576497,2.0360895486835124e-19,0.001887156571168395,0.9978131848611582,2.9555117617537977e-19,0.06609726255474861,-2.832106278840696e-20
2.164,-1.5102483460490728,1.2179248931862002e-18,1.0111306130890754,-0.37255755603868296,1.9131495497147184e-19,0.001816906760672824,0.997815736285599,3.065515662791631e-19,0.066058734629322,-3.230726125587283e-20
2.166,-1.5109907871880537,1.2182956212991212e-18,1.0111341767820872,-0.3698838374582964,1.7955588046790786e-19,0.0017468200889160454,0.9978183154895479,2.957977111659551e-19,0.06601976426495663,-3.209840636296715e-20
2.168,-1.5117278829643366,1.2186429675919023e-18,1.0111376004676282,-0.36721219619410167,1.67896756894074e-19,0.0016768996488069315,0.997820922041886,2.7960152493312645e-19,0.06598035719424412,-3.187224852100315e-20
2.17,-1.5124596375490547,1.2189680686021901e-18,1.0111408844812182,-0.36454264870971476,1.574182240198844e-19,0.0016071484910138562,0.9978235555137633,2.57920697078002e-19,0.06594051912042452,-3.265520625815148e-20
2.172,-1.5131860551460432,1.2192725591787948e-18,1.011144029164436,-0.3618752112440674,1.4703335154497228e-19,0.0015375696241555952,0.9978262154786176,2.6387623635833885e-19,0.06590025571740031,-3.2512514943268984e-20
2.174,-1.5139071399913924,1.2195560484773128e-18,1.0111470348648357,-0.35920989981260254,1.3641713093421217e-19,0.0014681660149947187,0.9978289015121911,2.698036370005088e-19,0.06585957262975142,-3.2369373086024994e-20
2.176,-1.514622896353,1.21981807495431e-18,1.0111499019358634,-0.35654673020846794,1.2557071349823053e-19,0.0013989405886333777,0.9978316131925478,2.756804790959796e-19,0.06581847547275121,-3.2567706939523267e-20
2.178,-1.5153333285301291,1.2200581793633399e-18,1.011152630736774,-0.35388571800370877,1.1449524611559768e-19,0.0013298962287114366,0.99783435010009,2.815069347750885e-19,0.06577696983238349,-3.310671283462204e-20
2.18,-1.516038440852967,1.220275904749663e-18,1.011155221632548,-0.3512268785504587,1.0319187401081464e-19,0.0012610357776068801,0.9978371118175745,2.87260619494888e-19,0.06573506126536044,-3.4327100165638737e-20
2.182,-1.5167382376821863,1.2204707964471225e-18,1.0111576749938096,-0.3485702269821296,9.166173922763958e-20,0.0011923620366384594,0.9978398979301272,2.930093618197205e-19,0.06569275529914163,-3.520190749069886e-20
2.184,-1.5174327234085083,1.2206424020669526e-18,1.0111599911967455,-0.3459157782145998,7.99059779768426e-20,0.0011238777662704656,0.9978427080252582,2.9873075208540774e-19,0.06565005743195393,-3.607306919875333e-20
2.186,-1.5181219024522699,1.2207902714879455e-18,1.0111621706230216,-0.34326354694740085,6.792572074642901e-20,0.0010555856863196107,0.9978455416928764,3.0444739134359363e-19,0.0656069731328124,-3.659949044672502e-20
2.188,-1.5188057792629914,1.2209139568416854e-18,1.0111642136597037,-0.34061354766490287,5.572208973999285e-20,0.000987488476163945,0.9978483985253028,3.101368625286707e-19,0.06556350784154212,-3.7124324039748995e-20
2.19,-1.5194843583189481,1.2210130124997993e-18,1.0111661206991758,-0.3379657946374983,4.329620486771311e-20,0.0009195887749537611,0.9978512781172839,3.15664472691368e-19,0.06551966696880102,-3.969790222450136e-20
2.192,-1.5201576441267428,1.2210869950789166e-18,1.0111678921390603,-0.3353203019227841,3.064919075028398e-20,0.0008518891818243864,0.997854180066004,3.2114281324660457e-19,0.06547545589610353,-4.260696274951937e-20
2.194,-1.5208256412208818,1.2211354634443245e-18,1.0111695283821378,-0.33267708336674245,1.7782170742792425e-20,0.0007843922561108721,0.9978571039710978,3.2659456687139833e-19,0.0654308799758453,-4.550798064939735e-20
2.196,-1.5214883541633528,1.2211579787034588e-18,1.0111710298362682,-0.33003615260491975,4.696263448223069e-21,0.0007171005175644412,0.9978600494346619,3.320198160914427e-19,0.06538594453132877,-4.8401385042126195e-20
2.198,-1.522145787543205,1.2211541041960242e-18,1.0111723969143114,-0.32739752306360403,-8.607419095634087e-21,0.0006500164465707218,0.9978630160612657,3.3746354628774144e-19,0.0653406548567896,-5.060375373987818e-20
2.2,-1.5227979459761316,1.2211234054757858e-18,1.0111736300340488,-0.3247612079610009,-2.2127772210474087e-20,0.0005831424843696369,0.9978660034579625,3.428362179320284e-19,0.06529501621742413,-5.348322626274732e-20
2.202,-1.5234448341040558,1.2210654503049089e-18,1.0111747296181055,-0.32212722030840735,-3.586369380891391e-20,0.0005164810332769633,0.997869011234299,3.481827337157401e-19,0.06524903384941762,-5.635596589988201e-20
2.204,-1.524086456594717,1.2209798086442428e-18,1.0111756960938725,-0.31949557291138436,-4.981408688155313e-20,0.0004500344569074236,0.9978720390023259,3.5357029124473873e-19,0.06520271295997343,-5.81962004828766e-20
2.206,-1.524722818141261,1.220866052639303e-18,1.0111765298934292,-0.3168662783709275,-6.397786460667088e-20,0.00038380508039933446,0.9978750863766062,3.58931927285033e-19,0.06515605872734313,-6.003137229762242e-20
2.208,-1.5253539234618325,1.2207237566022455e-18,1.0111772314534675,-0.31423934908463574,-7.835394643170419e-20,0.0003177951906407258,0.9978781529742243,3.642453790833552e-19,0.06510907630085735,-6.220383523544798e-20
2.21,-1.5259797772991683,1.220552497002558e-18,1.0111778012152146,-0.3116147972478786,-9.294125504673354e-20,0.0002520070364968529,0.9978812384147945,3.6953315790027533e-19,0.06506177080095762,-6.437045552239522e-20
2.212,-1.526600384420195,1.220351852460389e-18,1.0111782396243578,-0.3089926348549615,-1.077387171969586e-19,0.00018644282903909924,0.9978843423204684,3.747730741010665e-19,0.06501414731922901,-6.687318662185659e-20
2.214,-1.5272157496156276,1.2201214037394971e-18,1.0111785471309689,-0.3063728737002892,-1.2274526262764596e-19,0.00012110474177519235,0.9978874643159427,3.7996528430095075e-19,0.06496621091843362,-6.971123594611683e-20
2.216,-1.5278258776995712,1.2198607337412405e-18,1.0111787241894292,-0.30375552537952755,-1.379598242085195e-19,5.599491088065731e-05,0.9978906040284656,3.851322386285697e-19,0.06491796663254494,-7.254187730598565e-20
2.218,-1.5284307735091243,1.219569427497011e-18,1.0111787712583555,-0.3011406012907629,-1.5338133837575575e-19,-8.884564568488278e-06,0.9978937610878438,3.9029626757001897e-19,0.06486941946678301,-7.502319252483344e-20
2.22,-1.529030441903985,1.2192470721589285e-18,1.0111786888005259,-0.2985281126356604,-1.6900874949260573e-19,-7.353162236189764e-05,0.9978969351264483,3.9543525852212903e-19,0.06482057439765042,-7.749795756332379e-20
2.222,-1.5296248877660594,1.2188932569843325e-18,1.0111784772828059,-0.2959180704206195,-1.8484100709914096e-19,-0.00013794423691992544,0.9979001257792197,4.0054928641119785e-19,0.06477143637296912,-7.996659704267597e-20
2.224,-1.5302141159990719,1.2185075733271016e-18,1.0111781371760757,-0.2933104854579281,-2.0087706444383585e-19,-0.00020212041905761505,0.9979033326836743,4.056162928464718e-19,0.06472201031191804,-8.277025948837867e-20
2.226,-1.5307981315281782,1.2180896146317064e-18,1.0111776689551584,-0.2907053683669145,-2.1711587868490346e-19,-0.00026605821574765385,0.997906555479908,4.1063642857388607e-19,0.06467230110507156,-8.590896827807924e-20
2.228,-1.5313769392995813,1.2176390845477142e-18,1.0111770730987462,-0.2881027295750975,-2.3334016585636676e-19,-0.00032975570988235325,0.9979097938106014,3.9394710872336865e-19,0.0646223136144387,-8.454380506399952e-20
2.23,-1.5319505442801475,1.2171572016788622e-18,1.0111763500893305,-0.28550257931933426,-2.484692717080891e-19,-0.00039321102003471507,0.997913047321023,3.773943425102244e-19,0.0645720526735031,-8.250196419288776e-20
2.232,-1.532518951457028,1.2166452501363395e-18,1.0111755004131298,-0.28290492764696606,-2.6337323252813003e-19,-0.0004564223002186269,0.9979163156590335,3.6084075347085604e-19,0.06452152308726389,-8.149265377776469e-20
2.234,-1.5330821658372795,1.2161046165083047e-18,1.0111745245600194,-0.2803097844169625,-2.771878288510565e-19,-0.0005193877396482161,0.9979195984750885,3.443526885858277e-19,0.06447072963227715,-8.048757589526302e-20
2.236,-1.5336401924474894,1.2155366097779131e-18,1.0111734230234615,-0.27771715930106317,-2.9078288969213295e-19,-0.000582105562496428,0.9979228954222419,3.333917441357716e-19,0.06441967705669835,-8.01825373777934e-20
2.238,-1.5341930363334024,1.2149421002611215e-18,1.0111721963004343,-0.27512706178491714,-3.0372699702289776e-19,-0.0006445740276528192,0.9979262061561477,3.2797599814040233e-19,0.06436837008032534,-7.989126063624284e-20
2.24,-1.5347407025595494,1.214321449522581e-18,1.0111708448913648,-0.2725395011692206,-3.168881536252739e-19,-0.0007067914284807144,0.9979295303350627,3.2799995381132787e-19,0.06431681339464224,-8.063677550804021e-20
2.242,-1.5352831962088784,1.2136749098357868e-18,1.0111693693000583,-0.2699544865708524,-3.295077368788735e-19,-0.000768756092573653,0.9979328676198476,3.0630216434331997e-19,0.06426501166286394,-7.723369831579056e-20
2.244,-1.5358205223823886,1.2130039949284987e-18,1.0111677700336312,-0.267372026924007,-3.4126405846032264e-19,-0.0008304663815112744,0.9979362176739685,2.8470778675672653e-19,0.06421296951998151,-7.384133426020736e-20
2.246,-1.5363526861987657,1.212310427051215e-18,1.0111660476024427,-0.26479213098132565,-3.521613872823339e-19,-0.0008919206906145916,0.9979395801634983,2.6317224614179084e-19,0.06416069157280817,-7.114394078346548e-20
2.248,-1.53687969279402,1.2115959199414586e-18,1.011164202520028,-0.2622148073150251,-3.6220396694318803e-19,-0.0009531174487007129,0.997942954757117,2.4169508036699397e-19,0.06410818240002603,-6.914024515567212e-20
2.25,-1.537401547321127,1.210862178876415e-18,1.0111622353030316,-0.2596400643180242,-3.7139601514077027e-19,-0.001014055117837152,0.997946341126112,2.20297876607279e-19,0.06405544655223358,-6.748661957853945e-20
2.2520000000000002,-1.5379182549496697,1.2101109007197403e-18,1.0111601464711406,-0.2570679102050683,-3.7974172796178946e-19,-0.0010747321930956195,0.9979497389443781,1.9902412141154108e-19,0.0640024885519939,-6.549829336634327e-20
2.254,-1.5384298208654827,1.2093437739620011e-18,1.011157936547019,-0.25449835301385093,-3.872452825434157e-19,-0.001135147202305408,0.997953147888417,1.7785140353746267e-19,0.06394931289388349,-6.35171818842587e-20
2.2560000000000002,-1.5389362502703008,1.2085624787576308e-18,1.0111556060562426,-0.25193140060613395,-3.939108381379201e-19,-0.0011952987058064628,0.997956567637337,1.5682302969172103e-19,0.0638959240445418,-6.086054010936161e-20
2.258,-1.5394375483814067,1.2077686869591515e-18,1.0111531555272346,-0.24936706066886472,-3.9974253766085877e-19,-0.0012551852962020512,0.9979599978728514,1.358946572983067e-19,0.06384232644272152,-5.821346073718525e-20
2.2600000000000002,-1.5399337204312833,1.2069640621512572e-18,1.0111505854912008,-0.24680534071529112,-4.047445058013866e-19,-0.0013148055981111718,0.9979634382792777,1.1508770806513e-19,0.06378852449933949,-5.523393445034551e-20
2.262,-1.5404247716672674,1.2061501515657475e-18,1.011147896482066,-0.24424624808607442,-4.0924521032303313e-19,-0.001374158267920704,0.9979668885435355,1.2162754272554905e-19,0.06373452259752826,-5.572313138381723e-20
2.2640000000000002,-1.5409107073512052,1.205326513049868e-18,1.0111450890364102,-0.24168978995039947,-4.1443610597715056e-19,-0.0014332419935373212,0.9979703483551452,1.2816699265330437e-19,0.06368032509268841,-5.552504863744097e-20
2.266,-1.5413915327591108,1.2044927790144635e-18,1.011142163693407,-0.2391359733070827,-4.192324082109279e-19,-0.0014920554941392427,0.9979738174062248,1.1832684098110939e-19,0.06362593631254136,-5.3253211885468034e-20
2.2680000000000002,-1.5418672531808266,1.2036494489702572e-18,1.01113912099476,-0.2365848049856776,-4.2417650056117216e-19,-0.0015505975199278138,0.9979772953914879,1.3023211745173007e-19,0.06357136055718297,-5.511773698053241e-20
2.27,-1.5423378739196858,1.2027957592989624e-18,1.0111359614846418,-0.23403629164757783,-4.2959165951241795e-19,-0.0016088668518789825,0.997980782008241,1.421024277832739e-19,0.06351660209913772,-5.663409844544775e-20
2.2720000000000002,-1.5428034002921769,1.2019307702098096e-18,1.0111326857096326,-0.23149043978711778,-4.354755458950712e-19,-0.0016668623014947021,0.9979842769563801,1.5398156096178475e-19,0.06346166518341353,-5.712001239428717e-20
2.274,-1.5432638376276109,1.2010535465727823e-18,1.0111292942186592,-0.2289472557326708,-4.418258361338921e-19,-0.0017245827105542631,0.9979877799383873,1.6576090259969919e-19,0.06340655402755727,-5.828656741603972e-20
2.2760000000000002,-1.543719191267791,1.200163157896665e-18,1.0111257875629347,-0.22640674564774477,-4.486402162395219e-19,-0.001782026950865649,0.9979912906593271,1.77505982675538e-19,0.06335127282171069,-5.910746687571531e-20
2.278,-1.544169466566683,1.199258678304757e-18,1.011122166295899,-0.2238689155320753,-4.559163849323168e-19,-0.001839193924016869,0.9979948088268428,1.8919533274626697e-19,0.06329582572866725,-5.992511076854704e-20
2.2800000000000002,-1.5446146688900892,1.1983391865120003e-18,1.011118430973159,-0.22133377122271639,-4.63652051338427e-19,-0.0018960825611273916,0.9979983341511517,2.0080748976951764e-19,0.06324021688392935,-6.108149141112427e-20
2.282,-1.5450548036153249,1.1974037658069198e-18,1.01111458215243,-0.2188013183951284,-4.718449327382837e-19,-0.0019526918225996226,0.998001866345041,2.1236441881480046e-19,0.06318445039576617,-6.223384165965893e-20
2.2840000000000003,-1.5454898761308948,1.1964515040338001e-18,1.0111106203934779,-0.2162715625642636,-4.804927564599635e-19,-0.00200902069787053,0.998005405123863,2.2382310527351024e-19,0.06312853034527223,-6.406573163241966e-20
2.286,-1.5459198918361747,1.1954814935754229e-18,1.0111065462580604,-0.2137445090856492,-4.895932554065026e-19,-0.002065068205163374,0.9980089502055304,2.351838095493941e-19,0.06307246078642638,-6.657596325322115e-20
2.2880000000000003,-1.5463448561410924,1.1944928313448823e-18,1.0111023603098703,-0.2112201631564675,-4.991441676188802e-19,-0.0021208333912396695,0.99801250131051,2.4649013735848364e-19,0.06301624574615147,-6.90789835597784e-20
2.29,-1.5467647744658128,1.1934847268879628e-18,1.0110980631144786,-0.20869852981663373,-5.089270054634597e-19,-0.002176315331151316,0.9980160581618187,2.3605012709359113e-19,0.0629598892243746,-6.711422887442682e-20
2.2920000000000003,-1.5471796522404244,1.1924579070761972e-18,1.0110936552392782,-0.20617961394987108,-5.177518170262049e-19,-0.0022315131279929683,0.9980196204850167,2.2015813340225926e-19,0.0629033951940878,-6.549456801512271e-20
2.294,-1.5475894949046274,1.191413598904316e-18,1.0110891372534279,-0.2036634202847832,-5.265960607403974e-19,-0.0022864259126546965,0.9980231880082019,2.259696115601699e-19,0.06284676760140948,-6.936445955375801e-20
2.2960000000000003,-1.5479943079074254,1.1903515824089692e-18,1.0110845097277972,-0.2011499533959239,-5.35243708858513e-19,-0.0023410528435749067,0.998026760462004,2.0452312302535402e-19,0.06279001036564617,-6.944959703342883e-20
2.298,-1.548394096706818,1.1892734043072752e-18,1.0110797732349113,-0.19863921770486426,-5.429385330989956e-19,-0.0023953931064936056,0.9980303375795777,2.052588192681741e-19,0.06273312737935513,-6.783691180664979e-20
2.3000000000000003,-1.5487888667694953,1.1881789467922637e-18,1.011074928348897,-0.196131217481257,-5.5152310564154905e-19,-0.0024494459142059984,0.9980339190965963,2.0603448911774185e-19,0.06267612250840715,-6.55440497740735e-20
2.302,-1.5491786235705365,1.1870679474007842e-18,1.0110699756454282,-0.1936259568438982,-5.595885123653071e-19,-0.0025032105063164784,0.9980375047512449,2.17707757563339e-19,0.06261899959205014,-6.462701504735751e-20
2.3040000000000003,-1.5495633725931077,1.1859395316106556e-18,1.0110649157016738,-0.19112343976178614,-5.689751853857799e-19,-0.0025566861489930066,0.998041094284213,2.4026974282199975e-19,0.06256176244297312,-6.439712665504797e-20
2.306,-1.5499431193281645,1.1847922166877689e-18,1.0110597490962432,-0.18862367005517766,-5.782707050232105e-19,-0.0026098721347219225,0.9980446874386879,2.352586764405085e-19,0.0625044148473708,-6.41594610460571e-20
2.308,-1.5503178692741548,1.1836263292588906e-18,1.0110544764091351,-0.18612665139664145,-5.874758547958501e-19,-0.0026627677820632,0.9980482839603466,2.1940482338163898e-19,0.06244696056500856,-6.221262481892051e-20
2.31,-1.5506876279367252,1.1824430586455704e-18,1.0110490982216855,-0.18363238731210876,-5.957264674010866e-19,-0.0027153724354062147,0.9980518835973488,2.0364790086952321e-19,0.06238940332928806,-5.993043172747253e-20
2.312,-1.5510524008284283,1.18124340803905e-18,1.0110436151165154,-0.18114088118192126,-6.040005015967974e-19,-0.0027676854647259545,0.9980554861003283,2.1517568799927189e-19,0.062331746847313296,-6.175986674828064e-20
2.314,-1.5514121934684326,1.1800267535741322e-18,1.0110380276774809,-0.17865213624187612,-6.127299616026854e-19,-0.0028197062653398065,0.9980590912223861,2.266485134211309e-19,0.06227399479995713,-6.358329009646451e-20
2.316,-1.5517670113822346,1.1787921866702178e-18,1.011032336489622,-0.17616615558426818,-6.219125791644875e-19,-0.00287143425766489,0.9980626987190808,2.38087965716642e-19,0.062216150841928324,-6.505954443518201e-20
2.318,-1.5521168601013724,1.1775388032700088e-18,1.0110265421391134,-0.17368294215892943,-6.315460970079767e-19,-0.0029228688869759297,0.9980663083484214,2.494089992864401e-19,0.06215821860183906,-6.755582827312975e-20
2.32,-1.5524617451631428,1.1762658119465113e-18,1.0110206452132142,-0.17120249877426552,-6.413039051743837e-19,-0.0029740096231637516,0.9980699198708581,2.334651499343674e-19,0.062100201682272926,-6.594581143217055e-20
2.322,-1.5528016721103184,1.1749743349389268e-18,1.0110146463002196,-0.16872482809828943,-6.499962411174557e-19,-0.0030248559604943996,0.9980735330492739,2.175759181606747e-19,0.062042103659853354,-6.46832198481614e-20
2.324,-1.5531366464908682,1.173665813520001e-18,1.011008545989412,-0.16624993265965224,-6.583848524429339e-19,-0.0030754074173688683,0.9980771476489756,2.0174064642351886e-19,0.06198392808531256,-6.37680045067333e-20
2.326,-1.5534666738576806,1.1723415385706861e-18,1.011002344871013,-0.16377781484867115,-6.65822345006165e-19,-0.0031256635360835273,0.9980807634376844,1.8595926779454587e-19,0.06192567848356089,-6.319933947282675e-20
2.328,-1.5537917597682864,1.1710025426012598e-18,1.010996043536136,-0.16130847691835434,-6.731783584241825e-19,-0.003175623882591208,0.9980843801855273,1.7566915302550897e-19,0.061867358353756646,-6.365667881672273e-20
2.33,-1.5541119097845866,1.1696494566964322e-18,1.010989642576739,-0.15884192098542316,-6.799125107564823e-19,-0.003225288046262989,0.9980879976650273,1.7627395018160267e-19,0.06180897116937633,-6.615966148605981e-20
2.332,-1.5544271294725798,1.1682825125931724e-18,1.0109831425855782,-0.15637814903133115,-6.870005741319677e-19,-0.0032746556396507196,0.998091615651094,1.71352339091471e-19,0.061750520378285365,-6.934496070306126e-20
2.334,-1.5547374244020933,1.1669021212307837e-18,1.0109765441561616,-0.15391716290328042,-6.932517945445885e-19,-0.0033237262982502855,0.9980952339210142,1.5574188236788503e-19,0.061692009402809195,-6.808382917908378e-20
2.336,-1.5550428001465153,1.1655093042243444e-18,1.0109698478827032,-0.15145896431523467,-6.996428617223091e-19,-0.003372499680265611,0.9980988522544413,1.6768021296404074e-19,0.06163344163980483,-6.646632225171776e-20
2.338,-1.5553432622825296,1.164103241193026e-18,1.0109630543600785,-0.14900355484892958,-7.064974545615172e-19,-0.0034209754663734673,0.9981024704333863,1.7956257057817855e-19,0.061574820460732836,-6.485056644472574e-20
2.34,-1.555638816389852,1.1626831154821035e-18,1.0109561641837794,-0.14655093595488006,-7.134889383442107e-19,-0.003469153359489076,0.9981060882422071,1.6392271055446202e-19,0.06151614921172967,-6.325989343072595e-20
2.342,-1.5559294680509692,1.161250024184292e-18,1.0109491779498696,-0.1441011089533845,-7.195356113026997e-19,-0.0035170330845325118,0.9981097054675985,1.5382923997681683e-19,0.06145743121368049,-6.201257699098772e-20
2.344,-1.5562152228508788,1.1598048070961578e-18,1.0109420962549414,-0.14165407503552602,-7.256150454337772e-19,-0.0035646143881959656,0.9981133218985815,1.4927709981934328e-19,0.061398669762292336,-6.076507001946551e-20
2.346,-1.556496086376832,1.158348011705921e-18,1.010934919696072,-0.13920983526417072,-7.311861390932356e-19,-0.003611897038711839,0.9981169373264935,1.4474671613291606e-19,0.0613398681281677,-5.952122198719892e-20
2.348,-1.5567720642180791,1.156879787135839e-18,1.0109276488707808,-0.1367683905749629,-7.370082445339296e-19,-0.0036588808256217123,0.9981205515449771,1.4022518032113276e-19,0.06128102955687847,-5.82798252596598e-20
2.35,-1.5570431619656147,1.155400569979181e-18,1.010920284376987,-0.13432974177731713,-7.422148252831882e-19,-0.003705565559546196,0.9981241643499696,1.3577530064923526e-19,0.061222157269040296,-5.601521728883612e-20
2.352,-1.5573093852119269,1.1539107238732485e-18,1.0109128268129681,-0.13189388955540743,-7.47565259770745e-19,-0.0037519510719556844,0.9981277755396922,1.2587484587868077e-19,0.06116325446038729,-5.342103072465811e-20
2.354,-1.5575707395507477,1.1524107907283245e-18,1.0109052767773175,-0.12946083446915319,-7.524102965884135e-19,-0.0037980372149420275,0.9981313849146388,1.4311068361426478e-19,0.061104324301847146,-5.695738811600334e-20
2.356,-1.5578272305768057,1.1509000481781053e-18,1.0108976348689038,-0.12703057695520217,-7.581579656689135e-19,-0.0038438238609911283,0.9981349922775655,1.1664497452078997e-19,0.06104536993961656,-5.54098216984786e-20
2.358,-1.5580788638855805,1.1493800479072658e-18,1.0108899016868311,-0.12460311732791034,-7.616688469623248e-19,-0.0038893109027564893,0.9981385974334785,1.0150072260852539e-19,0.060986394495237045,-5.0435713387875807e-20
2.36,-1.5583256450730585,1.1478520446914085e-18,1.010882077830398,-0.12217845578031852,-7.664136739672738e-19,-0.003934498252833728,0.998142200189624,1.1362387710836235e-19,0.060927401065671134,-4.9883664129405195e-20
2.362,-1.5585675797354919,1.1463152695742586e-18,1.010874163899058,-0.11975659238512606,-7.70224133092147e-19,-0.003979385843536042,0.9981458003554756,9.818157316878684e-20,0.06086839272337883,-5.005517218599619e-20
2.364,-1.5588046734691587,1.144770686371786e-18,1.0108661604923803,-0.11733752709566132,-7.74510559408847e-19,-0.004023973626670699,0.998149397742724,1.1036214373256336e-19,0.06080937251639451,-4.881804462201899e-20
2.366,-1.5590369318701252,1.1432173446343805e-18,1.0108580682100115,-0.11492125974684897,-7.788381353523768e-19,-0.004068261573316501,0.9981529921652649,1.2252733476371742e-19,0.06075034346840411,-4.6897687908362944e-20
2.368,-1.5592643605340095,1.141654694073163e-18,1.010849887651637,-0.11250779005617421,-7.837469304194475e-19,-0.0041122496736022635,0.9981565834391869,1.125789751610481e-19,0.06069130857882261,-4.638412863987315e-20
2.37,-1.5594869650557486,1.1400832695157837e-18,1.0108416194169427,-0.11009711762464382,-7.877205619350376e-19,-0.004155937936486343,0.9981601713827607,1.081502187772345e-19,0.06063227082287189,-4.6205979833402134e-20
2.372,-1.5597047510293653,1.1385032064970055e-18,1.0108332641055784,-0.10768924193774396,-7.923854440279725e-19,-0.004199326389537186,0.9981637558164267,1.0920194673111524e-19,0.06057323315165893,-4.6360537713842464e-20
2.374,-1.5599177240477393,1.1369145314973389e-18,1.0108248223171201,-0.10528416236639491,-7.96332595053246e-19,-0.004242415078714943,0.9981673365627831,1.15754901467887e-19,0.060514198492254236,-4.650503717005667e-20
2.376,-1.5601258897023778,1.1353168381383192e-18,1.0108162946510337,-0.10288187816790255,-8.014035997454247e-19,-0.004285204068154119,0.9981709134465743,1.2229764584396935e-19,0.060455169747770654,-4.6305835122638734e-20
2.378,-1.5603292535831899,1.1337098304280717e-18,1.010807681706639,-0.1004823884869066,-8.056467438782051e-19,-0.00432769343994735,0.9981744862946783,1.0691927785725545e-19,0.06039614979744244,-4.4780387832755005e-20
2.38,-1.560527821278262,1.1320941874303822e-18,1.0107989840830733,-0.09808569235632576,-8.098229582584178e-19,-0.004369883293930211,0.9981780549360953,8.611548537611736e-20,0.060337141496704653,-4.292768385472795e-20
2.382,-1.560721598373636,1.1304719539917741e-18,1.0107902023792574,-0.09569178869829954,-8.123099171785394e-19,-0.004411773747467151,0.998181619201935,5.99792599181991e-20,0.06027814767727283,-4.006749686039226e-20
2.384,-1.5609105904530876,1.1288447705146942e-18,1.0107813371938597,-0.09330067632512691,-8.148458958910748e-19,-0.004453364935238518,0.9981851789254044,6.124767003816368e-20,0.06021917114722296,-4.02384084337576e-20
2.386,-1.5610948030979077,1.1272129708280898e-18,1.0107723891252618,-0.09091235394020167,-8.16890046973711e-19,-0.004494657009028732,0.9981887339417952,5.705797405371042e-20,0.06016021469107168,-3.9736539126804906e-20
2.388,-1.5612742418866867,1.1255768161232236e-18,1.0107633587715255,-0.08852682013894463,-8.192009602877123e-19,-0.004535650137515552,0.9981922840884725,5.2875299891284e-20,0.06010128106985686,-3.923609777246048e-20
2.39,-1.561448912395098,1.1239366030340166e-18,1.0107542467303579,-0.08614407340973246,-8.210206418123934e-19,-0.004576344506060498,0.9981958292048613,5.4143807286937024e-20,0.06004237302121834,-3.9751439011679787e-20
2.392,-1.561618820195686,1.1222922664369779e-18,1.0107450535990792,-0.08376411213482338,-8.233244260358052e-19,-0.004616740316500386,0.9981993691324342,5.532390094245004e-20,0.059983493259479014,-4.163355062410103e-20
2.394,-1.5617839708576535,1.1206438136224015e-18,1.0107357799745895,-0.08138693459127945,-8.251368174692513e-19,-0.004656837786940076,0.9982029037146993,5.104570360078645e-20,0.05992464447572612,-4.284009766098891e-20
2.396,-1.5619443699466538,1.1189913243826783e-18,1.0107264264533369,-0.07901253895188572,-8.274329748842931e-19,-0.004696637151546328,0.9982064327971873,6.323382577063511e-20,0.059865829337892806,-4.4345139622336615e-20
2.398,-1.5621000230245818,1.1173339413686314e-18,1.0107169936312848,-0.07664092328606593,-8.299942531452042e-19,-0.004736138660342854,0.9982099562274389,8.080851044161979e-20,0.05980705049084001,-4.685795806268197e-20
2.4,-1.5622509356493688,1.1156705585905854e-18,1.0107074821038813,-0.07427208556079509,-8.332519851063874e-19,-0.004775342579006534,0.9982134738549919,7.103822654596909e-20,0.059748310556438436,-4.6013403900320493e-20
2.402,-1.5623971133747783,1.1140018417406351e-18,1.0106978924660273,-0.07190602364150861,-8.353646707257317e-19,-0.004814249188664843,0.9982169855313692,5.57799967230765e-20,0.059689612133650906,-4.5872034791167846e-20
2.404,-1.5625385617502041,1.1123286336483493e-18,1.0106882253120464,-0.06954273529300818,-8.378518245653696e-19,-0.00485285878569443,0.9982204911100648,6.271016100502511e-20,0.05963095779861489,-4.328043112239112e-20
2.406,-1.5626752863204694,1.1106507629111092e-18,1.0106784812356544,-0.06718221818036434,-8.4006323726234635e-19,-0.00489117168152097,0.9982239904465326,5.879841728976385e-20,0.059572350104725266,-3.798865813047401e-20
2.408,-1.5628072926256287,1.1089683110877475e-18,1.0106686608299293,-0.0648244698698157,-8.423248395696038e-19,-0.0049291882024201155,0.9982274833981721,4.915506824005118e-20,0.0595137915827173,-3.6828945115413806e-20
2.41,-1.5629345862007709,1.1072822600175461e-18,1.010658764687282,-0.062469487829664834,-8.436627870611061e-19,-0.004966908689319758,0.9982309698243165,3.4084633693096184e-20,0.05945528474074988,-3.5347062653911114e-20
2.412,-1.5630571725758242,1.1055935518582907e-18,1.0106487933994266,-0.06011726943117082,-8.449462754076736e-19,-0.005004333497603467,0.9982344495862191,2.456614721698352e-20,0.05939683206448891,-3.385438387846947e-20
2.414,-1.5631750572753633,1.1039031240131211e-18,1.0106387475573526,-0.05776781194943846,-8.45418897469902e-19,-0.005041462996915157,0.9982379225470411,1.5024417139350924e-20,0.059338436017190965,-3.37355897628313e-20
2.416,-1.5632882458184176,1.1022115489515245e-18,1.0106286277512961,-0.055421112564304105,-8.461657003358132e-19,-0.005078297570964984,0.9982413885718382,1.6610530090547763e-20,0.05928009903978713,-3.1530264409980197e-20
2.418,-1.5633967437182814,1.10051885680921e-18,1.0106184345707119,-0.05307716836121815,-8.464278160651144e-19,-0.005114837617336485,0.9982448475275476,1.27778362982108e-20,0.059221823550967015,-2.797961613991441e-20
2.42,-1.5635005564823266,1.09882536606764e-18,1.0106081686042456,-0.05073597633212414,-8.471807573097193e-19,-0.005151083547294956,0.9982482992829751,3.0747033718721434e-20,0.059163611947262995,-2.7789847575204165e-20
2.422,-1.5635996896118158,1.0971298799589915e-18,1.0105978304397072,-0.04839753337633455,-8.48206381367528e-19,-0.0051870357855970835,0.9982517437087822,1.5651466133088492e-20,0.05910546660313464,-2.804704451611602e-20
2.424,-1.5636941486017188,1.095433297210677e-18,1.0105874206640433,-0.046061836301403085,-8.483138189017286e-19,-0.005222694770301816,0.998255180677473,5.735242427649411e-22,0.059047389871053325,-2.898908096133191e-20
2.426,-1.5637839389405293,1.093736584783435e-18,1.0105769398633118,-0.04372888182399368,-8.484806898614198e-19,-0.005258060952582493,0.9982586100633811,1.3093776691164681e-20,0.058989384081587,-2.881313726041568e-20
2.428,-1.5638690661100838,1.092039046936229e-18,1.010566388622655,-0.041398666570746104,-8.491388507311357e-19,-0.005293134796540228,0.9982620317426565,2.5534668778042642e-20,0.05893145154348515,-2.897793477541976e-20
2.43,-1.5639495355853832,1.0903397035125535e-18,1.0105557675262744,-0.039071187079138085,-8.502858800333069e-19,-0.005327916779018591,0.9982654455932526,3.7916697689433475e-20,0.05887359454376395,-2.9141016026361487e-20
2.432,-1.5640253528344148,1.0886375791875518e-18,1.010545077157405,-0.03674643979834415,-8.519193670683802e-19,-0.005362407389419509,0.9982688514949133,5.0240146039259915e-20,0.058815815347791574,-2.9301989073603304e-20
2.434,-1.5640965233179767,1.0869317034475512e-18,1.0105343180982906,-0.034424421090090924,-8.540369118660328e-19,-0.005396607129520448,0.9982722493291596,6.246498314770292e-20,0.0587581161993736,-3.0145005824543154e-20
2.436,-1.5641630524895034,1.0852211105709948e-18,1.0105234909301597,-0.032105127229509145,-8.566361214932824e-19,-0.005430516513292899,0.9982756389792766,7.463176162908572e-20,0.05870049932083869,-3.0985129644001505e-20
2.438,-1.5642249457948942,1.083504839613029e-18,1.0105125962332004,-0.02978855440598216,-8.597146132156902e-19,-0.005464136066722112,0.9982790203303009,8.674084780269936e-20,0.05864296691312435,-3.182116254329027e-20
2.44,-1.5642822086723422,1.0817819343822822e-18,1.010501634586537,-0.027474698723991026,-8.632700157585679e-19,-0.005497466327628111,0.9982823932690063,9.881260995478845e-20,0.05858552115586281,-3.2311052635482657e-20
2.442,-1.564334846552165,1.0800514434164464e-18,1.0104906065682064,-0.025163556203956206,-8.672999730063735e-19,-0.005530507845488008,0.9982857576838922,1.1084730362635338e-19,0.058528164207467134,-3.245644586567611e-20
2.444,-1.5643828648566374,1.0783124199500318e-18,1.0104795127551354,-0.022855122783075797,-8.718021428182892e-19,-0.0055632611812595776,0.9982891134651696,1.228250810053475e-19,0.05847089820521741,-3.2599834991478054e-20
2.446,-1.5644262689998265,1.0765639218912785e-18,1.0104683537231172,-0.02054939431616033,-8.76774192563731e-19,-0.005595726907206119,0.9982924605047478,1.347061483558105e-19,0.058413725265347084,-3.342457172813697e-20
2.448,-1.5644650643874272,1.074805011807248e-18,1.0104571300467895,-0.018246366576464133,-8.822137970805934e-19,-0.005627905606722649,0.9982957986962224,1.4653085370218313e-19,0.058356647483129395,-3.424570889529068e-20
2.45,-1.5644992564166,1.0730347569058112e-18,1.010445842299612,-0.015946035256513242,-8.881186393012355e-19,-0.005659797874163323,0.9982991279348612,1.5823946343987441e-19,0.05829966693296404,-3.608868270843748e-20
2.452,-1.5645288504758106,1.0712522290258549e-18,1.0104344910538454,-0.013648395968929847,-8.944864056640823e-19,-0.005691404314670179,0.9983024481175913,1.6985225725630188e-19,0.05824278566846381,-3.8609809344183796e-20
2.454,-1.5645538519446704,1.0694565046287175e-18,1.010423076880529,-0.011353444247253302,-9.013147871519824e-19,-0.005722725544003177,0.9983057591429867,1.8134961862095108e-19,0.058186005722541505,-4.214956934698037e-20
2.456,-1.56457426619378,1.0676468810374547e-18,1.01041160034946,-0.009061175546757661,-9.08277110117932e-19,-0.005753762188371518,0.9983090609112545,1.655449660359168e-19,0.05812932910749679,-4.203178391015233e-20
2.458,-1.5645900985845724,1.0658241730501607e-18,1.0104000620291735,-0.006771585245265755,-9.143995878006264e-19,-0.005784514884266265,0.9983123533242223,1.607487848774352e-19,0.05807275781510332,-4.2552693179533526e-20
2.46,-1.5646013544691597,1.0639889391202762e-18,1.010388462486921,-0.004484668643959799,-9.207672437831772e-19,-0.005814984278294248,0.998315636285325,1.5594819514271534e-19,0.05801629381669586,-4.3757935558346363e-20
2.462,-1.5646080391901804,1.0621417346274e-18,1.0103768022886508,-0.0022004209681885335,-9.262982990094108e-19,-0.005845171027013277,0.9983189096995919,1.4025621826158624e-19,0.05795993906325755,-4.398388674993491e-20
2.464,-1.5646101580806486,1.0602837606353053e-18,1.0103650819989884,8.116263172911571e-05,-9.315371443136076e-19,-0.00587507579676865,0.9983221734736338,1.1921154742800944e-19,0.05790369548550726,-4.2866666358051155e-20
2.466,-1.5646077164638046,1.0584164653709138e-18,1.0103533021812172,0.002360087079703852,-9.358364779522677e-19,-0.005904699263530936,0.9983254275156298,1.2031912988535328e-19,0.05784756499398705,-4.028815775020195e-20
2.468,-1.5646007196529674,1.0565396680790978e-18,1.0103414633972587,0.004636357373079296,-9.409309352014347e-19,-0.005934042112735091,0.9983286717353147,1.2138921786250007e-19,0.05779154947914968,-3.8057385779455175e-20
2.47,-1.5645891729513883,1.054653693042479e-18,1.0103295662076546,0.006909978581838775,-9.450862802156829e-19,-0.00596310503912081,0.9983319060439657,1.0605433316450169e-19,0.05773565081144624,-3.453997278245111e-20
2.472,-1.564573081652107,1.0527591528953296e-18,1.0103176111715477,0.009180955847815574,-9.494963609431907e-19,-0.005991888746574245,0.9983351303543898,1.1799551834297346e-19,0.05767987084141384,-3.5008053758747595e-20
2.474,-1.5645524510378082,1.0508557564384013e-18,1.010305598846664,0.011449294383906699,-9.538340063728117e-19,-0.006020393947970963,0.9983383445809112,1.0783484957058434e-19,0.057624211399763384,-3.6601927070779305e-20
2.476,-1.56452728638068,1.0489440814720418e-18,1.0102935297892952,0.013714999473290112,-9.577751798862603e-19,-0.006048621365020196,0.9983415486393576,9.770202322078866e-20,0.05756867429746742,-3.8535471920648106e-20
2.478,-1.5644975929422753,1.0470249190065581e-18,1.0102814045542807,0.015978076468645477,-9.61321814304329e-19,-0.006076571728110439,0.9983447424470484,8.767582577229503e-20,0.05751326132584803,-3.9439505878872437e-20
2.48,-1.5644633759733722,1.0450990561882853e-18,1.0102692236949904,0.018238530791378382,-9.644758419019527e-19,-0.006104245776156268,0.9983479259227812,7.775600773720302e-20,0.05745797425666484,-3.9316467885598934e-20
2.482,-1.564424640713838,1.043167276299331e-18,1.0102569877633083,0.020496367930848084,-9.672391927543949e-19,-0.006131644256446485,0.9983510989868195,6.788308351622351e-20,0.057402814842203005,-3.919506728990594e-20
2.484,-1.5643813923924943,1.0412303587701717e-18,1.0102446973096153,0.022751593443598728,-9.696137886685031e-19,-0.006158767924493543,0.9983542615608797,5.807649658926633e-20,0.05734778481536134,-3.87336024967438e-20
2.486,-1.5643336362269826,1.0392890791939322e-18,1.0102323528827735,0.025004212952594085,-9.716015464312256e-19,-0.006185617543884282,0.9983574135681187,4.833603139880004e-20,0.05729288588974046,-3.7933281599353295e-20
2.488,-1.564281377423633,1.037344209334617e-18,1.0102199550301096,0.027254232146455785,-9.732043772594299e-19,-0.006212193886131888,0.9983605549331209,3.8720317330718813e-20,0.057238119759730914,-3.576860439078651e-20
2.49,-1.5642246211773332,1.0353965171349183e-18,1.0102075042973995,0.02950165677870506,-9.74424192727746e-19,-0.0062384977305292005,0.9983636855818859,2.918990862388073e-20,0.05718348810060149,-3.292538013137496e-20
2.492,-1.5641633726713995,1.0334467667155403e-18,1.010195001228853,0.031746492667007985,-9.75262901640491e-19,-0.006264529864003262,0.998366805441816,1.9685666964995605e-20,0.05712899256858745,-3.0431916175771614e-20
2.494,-1.5640976370774495,1.0314957183898133e-18,1.0101824463670983,0.03398874569242424,-9.757224014660946e-19,-0.0062902910809711525,0.9983699144417031,1.022691701636155e-20,0.057074634800978845,-2.794567638519354e-20
2.496,-1.5640274195552761,1.0295441286869941e-18,1.0101698402531678,0.03622842179865935,-9.758045804130785e-19,-0.006315782183197116,0.9983730125117168,7.939632158151499e-22,0.05702041641620885,-2.580833678716133e-20
2.498,-1.5639527252527223,1.0275927503695624e-18,1.0101571834264829,0.03846552699132051,-9.755113154670571e-19,-0.0063410039796509285,0.9983760995833921,-8.593904489178758e-21,0.05696633901394215,-2.3677361357568497e-20
2.5,-1.563873559305559,1.0256423324571973e-18,1.0101444764248397,0.0407000673371758,-9.748444730647668e-19,-0.006365957286367559,0.9983791755896162,-1.7936854782093447e-20,0.05691240417516333,-2.1551916832661902e-20
2.5020000000000002,-1.563789469153155,1.0236937810996269e-18,1.01013574850965,0.043386719265734786,-9.736322270312773e-19,-0.0023615743761381033,0.9984034105394669,-2.720357838628396e-20,0.056485660332156344,-1.8742321381463064e-20
2.504,-1.563700502968191,1.0217478570876363e-18,1.0101308783459209,0.04557577355484341,-9.722305353321147e-19,-0.002508172365214926,0.9984353790058201,-3.6426036457355686e-20,0.05591774270750883,-1.5936919527224425e-20
2.5060000000000002,-1.5636071778400062,1.0198050492458558e-18,1.0101257179349699,0.04774598520462094,-9.70596967746541e-19,-0.0026518617571985193,0.9984642665887512,-3.7419477583973005e-20,0.05539953380116162,-1.4114326348714148e-20
2.508,-1.5635095354493795,1.0178654079068804e-18,1.0101202735104713,0.049892804985835856,-9.690820093257646e-19,-0.0027921639901745494,0.9984948326050644,-3.1589402323914305e-20,0.05484586822162061,-1.3187956334691941e-20
2.5100000000000002,-1.5634076192501003,1.015928570656512e-18,1.0101145514446743,0.05202000271544209,-9.677927272002453e-19,-0.00292952988306712,0.9985233401850074,-2.578510519029434e-20,0.05432438776253939,-1.2264075770837904e-20
2.512,-1.5633014709744462,1.013994087209131e-18,1.0101085578525364,0.05412474089205784,-9.667280398156786e-19,-0.003063678737518975,0.998552734387899,-2.0016590581212955e-20,0.053781378249806104,-1.1511991498017651e-20
2.5140000000000002,-1.5631911334081723,1.0120615093213106e-18,1.010102298904175,0.056209430379068184,-9.658870134955279e-19,-0.0031949046497453974,0.9985807054592819,-1.427383023324148e-20,0.05325950323126964,-1.076142152745387e-20
2.516,-1.5630766481857628,1.0101303907088604e-18,1.0100957805801705,0.05827231369888219,-9.652686029435772e-19,-0.0033230491446811805,0.998609075901839,-8.557199532338168e-21,0.05272488526752718,-1.0011361574310947e-20
2.5180000000000002,-1.5629580575410065,1.0082002871041906e-18,1.0100890088650822,0.060314944480228075,-9.648718479310645e-19,-0.003448309117365083,0.9986364188776042,-2.848195417054326e-21,0.052204433636549044,-8.919541162729576e-21
2.52,-1.5628354029159643,1.0062707561865827e-18,1.0100819895963147,0.06233624672112137,-9.646957640460662e-19,-0.0035706014875232193,0.9986638624609511,2.889362796562282e-21,0.05167678216156126,-6.8026917408408e-21
2.5220000000000002,-1.5627087260652603,1.0043413574955776e-18,1.0100747285840328,0.06433723334055953,-9.647394821300673e-19,-0.003690062790453063,0.9986905259309704,8.602712708139138e-21,0.051158903582079716,-4.689874914740423e-21
2.524,-1.5625780681784183,1.0024116523160365e-18,1.0100672315179249,0.0663172583638014,-9.65002104694266e-19,-0.00380665635559928,0.9987171078697841,1.4256182017248333e-20,0.05063732268014316,-3.2659563394598547e-21
2.5260000000000002,-1.5624434705764296,1.0004812037496784e-18,1.0100595040415805,0.06827699368521323,-9.65482727791032e-19,-0.003920481157215575,0.998743065274332,1.9919813361400642e-20,0.05012274500095004,-1.1611336420481497e-21
2.528,-1.562304974157973,9.985495766805934e-19,1.0100515516950734,0.07021606471455,-9.661804689642587e-19,-0.004031528997606533,0.9987688311490301,2.5525060219280867e-20,0.04960667218428349,2.555301246818813e-22
2.5300000000000002,-1.5621626198387655,9.966163377751044e-19,1.0100433799611708,0.0721349282925327,-9.670944088933775e-19,-0.004139875395546522,0.9987940712857737,3.105415145308199e-20,0.049095856896358654,6.428100098958639e-22
2.532,-1.5620164482021177,9.946810556189744e-19,1.0100349942300715,0.07403338112145869,-9.682235579964564e-19,-0.004245529528682169,0.9988190545026312,3.6557575855699574e-20,0.048584939667233935,1.0289351700396165e-21
2.5340000000000003,-1.5618664997760223,9.927433007966209e-19,1.0100263998281958,0.07591174445369821,-9.69566915206842e-19,-0.004348552185500016,0.9988435756472948,4.2035655152991396e-20,0.048078179958541065,1.4148507976606482e-21
2.536,-1.5617128148126265,9.908026458847439e-19,1.0100176019966238,0.07776992313137139,-9.711234883852304e-19,-0.00444896305445969,0.9988678020545682,4.7472038386238397e-20,0.04757219795926,1.4581573412568102e-21
2.5380000000000003,-1.5615554334629593,9.888586654642707e-19,1.0100086059091158,0.07960815294399007,-9.728922494316197e-19,-0.004546813589644168,0.9988916083197209,5.284971211963221e-20,0.047069680564459045,8.175511180467097e-22
2.54,-1.5613943956377414,9.86910936220713e-19,1.0099994166590196,0.08142640702527931,-9.7487215368524e-19,-0.004642129745145364,0.9989150990627478,5.825051504630129e-20,0.04656849648055558,1.2050918963203418e-21
2.5420000000000003,-1.561229741117544,9.849590368572605e-19,1.0099900392706336,0.08322486731750282,-9.770622132260172e-19,-0.00473495697687439,0.998938198142513,6.364260503277229e-20,0.046070340695380886,1.935477033208854e-21
2.544,-1.5610615094649172,9.830025480188722e-19,1.009980478691351,0.08500355010019896,-9.794614787962919e-19,-0.004825324879901701,0.9989609714285979,6.90104220488974e-20,0.045573869294050266,2.6650989836298065e-21
2.5460000000000003,-1.5608897400938224,9.81041052233116e-19,1.009970739798907,0.08676260340662127,-9.820690145865588e-19,-0.004913274974331413,0.9989833732014239,7.440104880823864e-20,0.045080151586963185,4.420125382003227e-21
2.548,-1.5607144722141426,9.790741338438595e-19,1.009960827396758,0.08850207079180283,-9.848839412884154e-19,-0.004998838873961024,0.9990054453899485,7.978379043727138e-20,0.044588340193705715,6.514241182879916e-21
2.5500000000000003,-1.5605357448754291,9.771013789172203e-19,1.009950746218787,0.09022207895139064,-9.879054179130189e-19,-0.005082055437804343,0.9990271610525492,8.512826636824544e-20,0.044099109733452255,8.261233549656997e-21
2.552,-1.560353596931846,9.751223752105159e-19,1.009940500926682,0.0919226886972934,-9.911325822964753e-19,-0.0051629572960894135,0.9990485473275498,9.041901588658457e-20,0.04361192592298204,9.319980381683419e-21
2.5540000000000003,-1.5601680670697204,9.731367122420938e-19,1.0099300961130693,0.09360401331155707,-9.945645344247658e-19,-0.0052415814345989345,0.999069588857609,9.570103486758463e-20,0.04312721437662549,1.0719155494744241e-20
2.556,-1.5599791937853849,9.711439813264934e-19,1.0099195363001263,0.09526612453606367,-9.982003913439055e-19,-0.005317960881072606,0.9990903036420701,1.0095996213621e-19,0.04264463821391316,1.2115968399421205e-20
2.5580000000000003,-1.559787015402516,9.69143775524194e-19,1.0099088259417455,0.09690912723149184,-1.0020392812390065e-18,-0.005392131235100635,0.9991106834644206,1.0621031825631027e-19,0.04216446593113393,1.3852401386045928e-20
2.56,-1.5595915700581198,9.67135689625629e-19,1.0098979694229075,0.09853310007183831,-1.0060803568117814e-18,-0.005464125540080583,0.9991307406748555,1.1146710606793e-19,0.04168648508226459,1.6269962740000347e-20
2.562,-1.5593928957134353,9.651193200651798e-19,1.0098869710612466,0.10013814263921415,-1.0103228222572505e-18,-0.005533978310663349,0.9991504714535836,1.167163972577084e-19,0.04121086500039598,1.9025084911005285e-20
2.564,-1.559191030145064,9.630944799290286e-19,1.0098758351068924,0.10172433801125064,-1.0143357038837937e-18,-0.005601722370647273,0.9991698846559002,8.903400904564743e-20,0.040737471653435046,2.210231862898454e-20
2.566,-1.5589860109518194,9.61063026336719e-19,1.0098645657436651,0.1032917824676665,-1.017152256554895e-18,-0.00566739133632556,0.9991889791643912,8.881809311872707e-20,0.04026641176490664,2.2683406750846235e-20
2.568,-1.5587778755491075,9.59025014961441e-19,1.0098531670892068,0.10484056188829613,-1.0208217923619875e-18,-0.005731017667310112,0.9992077616687797,9.40403023520564e-20,0.03979760069233441,2.2016888318904303e-20
2.57,-1.5585666611732272,9.56980249696475e-19,1.0098416431959465,0.10637077049077429,-1.0239418281510996e-18,-0.005792634197396743,0.9992262327080179,9.920988833447589e-20,0.03933110560537882,2.0668200434953386e-20
2.572,-1.5583524048778061,9.549283570733447e-19,1.00982999805141,0.10788249594062387,-1.0279131145806503e-18,-0.005852272933526882,0.9992443976262064,9.338321798788345e-20,0.0388668729464986,1.9413052456698343e-20
2.574,-1.5581351435364994,9.528696109068316e-19,1.0098182355790417,0.10937583116958295,-1.0307955457298245e-18,-0.005909965999292478,0.9992622579729652,8.767686359981804e-20,0.038404944873939445,2.0557288154775072e-20
2.576,-1.5579149138407293,9.508044264985838e-19,1.0098063596386235,0.11085086498143111,-1.034423355631432e-18,-0.005965744895223008,0.9992798182522775,9.30486729333309e-20,0.03794528737135243,2.3331958139859295e-20
2.578,-1.557691752301379,9.487325349421918e-19,1.0097943740270086,0.11230768950550717,-1.0373949832779196e-18,-0.006019641080205172,0.9992970806258455,7.64051820027461e-20,0.03748792675864769,2.4878609187220915e-20
2.58,-1.55746569524736,9.466548512099652e-19,1.0097822824786051,0.11374639426934037,-1.040359473682534e-18,-0.006071685516159539,0.9993140490689849,8.714354016006709e-20,0.03703284128108308,2.2995630912213705e-20
2.582,-1.5572367788266797,9.445708153653443e-19,1.0097700886660557,0.11516707089882473,-1.0437467434959085e-18,-0.006121909026326436,0.9993307261094031,9.78295478730667e-20,0.03658004720681333,2.1118619098226435e-20
2.584,-1.5570050390055366,9.424795840289009e-19,1.00975779620076,0.11656980937776336,-1.0475546130275791e-18,-0.006170342015211395,0.9993471153854795,1.084382246038233e-19,0.03612953045253559,1.8562290792143708e-20
2.586,-1.5567705115689972,9.403804257922105e-19,1.0097454086335187,0.11795470101124057,-1.0515657150180175e-18,-0.006217014689417826,0.9993632196389506,1.0261969479087854e-19,0.03568130088534121,1.831956194367587e-20
2.588,-1.556533232120432,9.382735812536837e-19,1.0097329294550803,0.11932183606470394,-1.0553486739390274e-18,-0.006261956885583559,0.9993790422891579,1.0777503733226006e-19,0.03523534919941866,1.734292355682996e-20
2.59,-1.5562932360819506,9.361586801350285e-19,1.009720362096761,0.12067130563178204,-1.0595503920359091e-18,-0.006305198206576472,0.9993945861979423,1.1287967328598137e-19,0.03479168116436764,1.5684336530288452e-20
2.592,-1.5560505586940587,9.34035676731445e-19,1.0097077099310052,0.1220032001436028,-1.0633073371140982e-18,-0.00634676791595496,0.999409854637991,9.061128276751526e-20,0.034350290427723425,1.6353800929679106e-20
2.594,-1.5558052350159475,9.31906032781645e-19,1.00969497627199,0.12331761054556183,-1.0661916224254773e-18,-0.006386695022073561,0.9994248505331312,6.843628652071964e-20,0.03391118011552553,1.6676714221448947e-20
2.596,-1.5555572999252942,9.297714893599584e-19,1.0096821643761922,0.12461462735560627,-1.0682074881590164e-18,-0.006425008213516554,0.999439577053734,4.636601812005924e-20,0.03347434567923131,1.6997172765135634e-20
2.598,-1.5553067881184661,9.276337790830445e-19,1.009669277442982,0.12589434140511743,-1.0693591538050476e-18,-0.00646173591116337,0.9994540371495803,2.4399988262222757e-20,0.033039788519373864,1.731518628535598e-20
2.6,-1.5550537341104171,9.25494626148162e-19,1.0096563186151932,0.1271568432435017,-1.0696508134675167e-18,-0.006496906228856425,0.999468233915793,2.526092199371696e-21,0.03260750516744683,1.728829929118533e-20
2.602,-1.554798172234843,9.233557464052158e-19,1.0096432909797082,0.12840222360414488,-1.0690866349561998e-18,-0.006530547005773133,0.9994821703056966,-1.922217666965432e-20,0.03217749587854407,1.7944349395355838e-20
2.604,-1.5545401366441454,9.212188473385914e-19,1.0096301975680286,0.12963057302747352,-1.0676708158712812e-18,-0.006562685782636117,0.9994958493556084,-4.082270220527293e-20,0.031749757808689424,1.996707529208167e-20
2.606,-1.5542796613095602,9.190854127678986e-19,1.0096170413568537,0.13084198215351234,-1.0658380315149817e-18,-0.006593349821992058,0.9995092740083901,-2.9484219016210077e-20,0.03132429043442846,1.956850085117578e-20
2.608,-1.5540167800211702,9.169546594110458e-19,1.0096038252686497,0.1320365414827774,-1.064989254673718e-18,-0.006622566093997925,0.9995224472514633,-1.267716156644311e-20,0.030901091250068118,2.0369516406645573e-20
2.61,-1.5537515263880226,9.148253410686349e-19,1.0095905521722226,0.13321434155948184,-1.064474259971908e-18,-0.006650361289283197,0.9995353720084114,9.564448662707371e-21,0.030480159186038358,2.202784270091003e-20
2.612,-1.553483933838176,9.126958590382877e-19,1.0095772248832848,0.13437547281939463,-1.0650446627436325e-18,-0.006676761810640154,0.9995480512236621,1.5198962498790325e-20,0.030061491895425507,2.2130135880241097e-20
2.614,-1.5532140356188178,9.105656265767618e-19,1.0095638461650236,0.1355200257040937,-1.0652963429531182e-18,-0.006701793781345715,0.9995604877959102,3.17696457578237e-20,0.029645087910165818,2.156088955768466e-20
2.616,-1.5529418647963373,9.084333775703896e-19,1.0095504187286632,0.1366480905637047,-1.0670606894848102e-18,-0.006725483040496406,0.9995726846300386,5.373144462611981e-20,0.029230944929935967,2.0489567422834772e-20
2.618,-1.5526674542564485,9.062974574861457e-19,1.0095369452340293,0.13775975772768445,-1.0688232404000305e-18,-0.006747855148557766,0.9995846445962294,7.006830211702847e-20,0.028819061182302163,1.821258780946004e-20
2.62,-1.5523908367042856,9.041567939551152e-19,1.009523428290107,0.13885511744220047,-1.0718753467072546e-18,-0.006768935384954214,0.9995963705617711,8.081545792501261e-20,0.02840943434378932,1.5071907945755657e-20
2.622,-1.5521120446645325,9.020104648498422e-19,1.009509870455601,0.13993425991351904,-1.0742731286208459e-18,-0.006788748751932005,0.9996078653659444,5.866318305135085e-20,0.028002062397967858,1.4586673627781982e-20
2.624,-1.5518311104815383,8.998599200418205e-19,1.0094962742394888,0.14099727526725903,-1.0762353135059035e-18,-0.006807319973548992,0.9996191318394849,5.31276568045537e-20,0.027596942955231647,1.5695422297732866e-20
2.626,-1.5515480663194572,8.97705669047994e-19,1.0094826421015763,0.14204425357452366,-1.0779794935015268e-18,-0.006824673498517792,0.9996301727891538,4.760018267306655e-20,0.027194073794235524,1.611697679851796e-20
2.628,-1.55126294416238,8.955481467829182e-19,1.0094689764530471,0.1430752848249759,-1.0795067575666012e-18,-0.006840833500069417,0.999640991009629,4.2080376813563645e-20,0.02679345243313391,1.5852161895782572e-20
2.63,-1.5509757758144853,8.933877860277831e-19,1.009455279657012,0.14409045894210928,-1.0808181511054e-18,-0.006855823878185336,0.9996515892740198,3.6604747991895443e-20,0.026395076471307885,1.6272761739904152e-20
2.632,-1.5506865929001878,8.912250174583537e-19,1.0094415540290549,0.14508986576506525,-1.081914745777242e-18,-0.0068696682600112614,0.9996619703411174,3.1173697138040315e-20,0.025998943319195923,1.7377948898853663e-20
2.634,-1.5503954268642997,8.890602695656746e-19,1.0094278018377765,0.14607359505707718,-1.0827976607050347e-18,-0.006882390001728309,0.9996721369495566,2.5796467951164717e-20,0.025605050414063177,1.9507414274951774e-20
2.636,-1.550102308972194,8.868939685513745e-19,1.0094140253053359,0.14704173649282543,-1.083468050138482e-18,-0.006894012189317504,0.9996820918222251,2.0428616031201732e-20,0.025213395049852764,2.0947213198193858e-20
2.638,-1.549807270309979,8.847265383374181e-19,1.0094002266079884,0.14799437966259904,-1.0839270447511607e-18,-0.006904557640222855,0.9996918376626631,1.508743546726537e-20,0.024823974513512443,2.2383270300022623e-20
2.64,-1.5495103417846754,8.825584005854201e-19,1.0093864078766228,0.1489316140631673,-1.0841757655105239e-18,-0.006914048904343531,0.9997013771577334,9.78967062796265e-21,0.02443678597792584,2.4500709459636456e-20
2.642,-1.5492115541244016,8.803899747121953e-19,1.0093725711972938,0.14985352909926394,-1.0842153510309436e-18,-0.0069225082655819045,0.9997107129753957,4.501933148839156e-21,0.024051826588133287,2.5928484685020593e-20
2.644,-1.548910937878565,8.782216778692313e-19,1.0093587186117539,0.15076021407670043,-1.0840469072761505e-18,-0.006929957742987223,0.9997198477663148,-7.765420804583336e-22,0.023669093394044795,2.6667840626961936e-20
2.646,-1.5486085234180602,8.76053925052469e-19,1.0093448521179806,0.1516517582021846,-1.0836714925738975e-18,-0.00693641909224497,0.9997287841624775,-6.029622851574729e-21,0.023288583405057513,2.7405539512909255e-20
2.648,-1.5483043409354722,8.73887129144239e-19,1.0093309736707028,0.15252825057787137,-1.0830901741601989e-18,-0.006941913806924717,0.9997375247781544,-1.123287296969586e-20,0.022910293547856488,2.9168056988925655e-20
2.65,-1.5479984204452872,8.717217008543016e-19,1.0093170851819226,0.15338978020015437,-1.0823040572374053e-18,-0.00694646311994464,0.9997460722090354,-1.6386334120908742e-20,0.022534220701098045,3.1953772590444366e-20
2.652,-1.547690791784108,8.695580486257337e-19,1.0093031885214365,0.1542364359551464,-1.0813143031196523e-18,-0.006950088004893839,0.9997544290327988,-2.1489680396767073e-20,0.022160361669031008,3.5760655227142463e-20
2.654,-1.5473814846108775,8.673964708787913e-19,1.0092892855173514,0.15506830661684667,-1.0803374120083355e-18,-0.006952809177492123,0.9997625978085651,-4.686906611708949e-21,0.021788713203605713,3.7016707482070254e-20
2.656,-1.5470705284071056,8.652359727307254e-19,1.0092753779566,0.15588548084323078,-1.0801264530053338e-18,-0.006954647096967996,0.9997705810772294,-9.968976865871485e-21,0.02141927198807083,3.5665531545832203e-20
2.658,-1.546757952477104,8.630766416749015e-19,1.009261467585451,0.1566880471740472,-1.079278115020764e-18,-0.006955621967525337,0.9997783813611127,1.2017341452101393e-21,0.02105203465114973,3.3279433765154165e-20
2.66,-1.5464437859482267,8.609177752088613e-19,1.0092475561100192,0.15747609402731483,-1.0797333457490694e-18,-0.00695575373976488,0.9997860011641515,1.779747535781706e-20,0.02068699775692663,3.009872257780241e-20
2.662,-1.546128057771115,8.587580642880811e-19,1.0092336451967705,0.15824970969690855,-1.079870755216962e-18,-0.006955062112164259,0.9997934429716725,1.2423582744516384e-20,0.020324157814017765,2.9779294590561276e-20
2.664,-1.545810796719949,8.56598000595724e-19,1.0092197364730244,0.15900898234933686,-1.0801221698783284e-18,-0.006953566532534938,0.9998007092504965,1.6153877411164053e-21,0.01996351126942195,3.059996785619845e-20
2.666,-1.545492031392706,8.544380743894907e-19,1.0092058315274546,0.1597540000212171,-1.079841255451217e-18,-0.0069512861995190255,0.9998078024487919,1.8210506221966693e-20,0.01960505451453287,2.8130597775345837e-20
2.668,-1.5451717902114221,8.522773015175738e-19,1.009191931910585,0.1604848506162524,-1.0810760395511683e-18,-0.006948240064076042,0.9998147249961286,4.0219588733154377e-20,0.019248783881487774,2.5560168221368352e-20
2.67,-1.5448501014224612,8.501139493191095e-19,1.0091780391352847,0.1612016219026601,-1.0823122317267484e-18,-0.006944446830997941,0.9998214793033806,4.573149753908431e-20,0.018894695647185315,2.6054285811190705e-20
2.672,-1.5445269930967884,8.479475488659237e-19,1.0091641546772572,0.16190440151029717,-1.0841959911090944e-18,-0.006939924960421765,0.9998280677627533,5.123800741885184e-20,0.018542786031207632,2.6888648668998634e-20
2.674,-1.54420249313025,8.457775612190401e-19,1.0091502799755296,0.16259327692808134,-1.0857557149680705e-18,-0.006934692669363106,0.9998344927477177,5.1243096420529295e-20,0.01819305119857811,2.816560599118893e-20
2.676,-1.5438766292438577,8.4360420280220555e-19,1.0091364164329368,0.16326833550123257,-1.0875308940407705e-18,-0.006928767933251673,0.9998407566130222,4.0305753422936175e-20,0.017845487258673576,3.0666458320230484e-20
2.678,-1.5435494289840783,8.414279768388564e-19,1.009122565416603,0.16392966442871218,-1.0888747383368202e-18,-0.006922168487482814,0.99984686169465,5.677328036255041e-20,0.017500090267185197,3.027415822288118e-20
2.68,-1.5432209197231295,8.392476258482706e-19,1.0091087282584201,0.16457735076055963,-1.0915118629859565e-18,-0.006914911828973493,0.9998528103098238,7.318711161037632e-20,0.017156856225652935,3.1253972281509847e-20
2.682,-1.5428911286592797,8.370623643639287e-19,1.0090949062555241,0.1652114813953651,-1.0937129493053764e-18,-0.00690701521773109,0.9998586047569784,6.207964900730796e-20,0.016815781082921692,3.064686750157234e-20
2.684,-1.542560082817154,8.348726685024298e-19,1.0090811006707658,0.1658321430776885,-1.0960182649628996e-18,-0.006898495678427784,0.9998642473157631,6.197406495602851e-20,0.01647686073506601,2.98562864244833e-20
2.686,-1.5422278090480441,8.326785458672559e-19,1.0090673127331808,0.16643942239557527,-1.098211419003127e-18,-0.00688937000198553,0.9998697402470262,6.734946049132044e-20,0.016140091026525704,2.9662350997870524e-20
2.688,-1.541894334030225,8.304793947887197e-19,1.0090535436384556,0.16703340577804904,-1.1009387921371882e-18,-0.006879654747167087,0.9998750857928181,7.269160154285316e-20,0.015805467750274513,2.981240544741328e-20
2.69,-1.541559684269274,8.282750470310253e-19,1.0090397945493894,0.16761417949267632,-1.1033362294421711e-18,-0.006869366242175976,0.9998802861763842,7.25234439833727e-20,0.015472986648751378,2.902220770987419e-20
2.692,-1.5412238860983971,8.260655149508987e-19,1.0090260665963546,0.1681818296431276,-1.1062666789966817e-18,-0.006858520586262529,0.999885343602171,7.784251634080829e-20,0.015142643414180774,2.849136559208837e-20
2.694,-1.540886965678759,8.238502368660149e-19,1.0090123608777528,0.16873644216679443,-1.10897447564565e-18,-0.006847133651337593,0.9998902602558261,7.766754525833141e-20,0.014814433689372925,2.804489617094981e-20
2.696,-1.5405489489998174,8.216292980343927e-19,1.0089986784604672,0.169278102832415,-1.1118915341143817e-18,-0.006835221083592052,0.9998950383042079,7.200028229172086e-20,0.014488353068137613,2.6995568647793126e-20
2.698,-1.5402098618796638,8.194031425664736e-19,1.0089850203803135,0.1698068972377459,-1.114263048548725e-18,-0.00682279830512302,0.999899679895392,7.181618624250585e-20,0.014164397095999537,2.4156485830143298e-20
2.7,-1.5398697299653665,8.171717104873764e-19,1.0089713876424857,0.1703229108072496,-1.117168126056253e-18,-0.006809880515565433,0.9999041871586838,7.710268527124719e-20,0.0138425612706689,2.0560939800310212e-20
2.702,-1.5395285787333206,8.149347266426845e-19,1.0089577812219996,0.17082622878982184,-1.1198506131111308e-18,-0.006796482693729423,0.9999085622046319,8.244257335269142e-20,0.013522841042701078,2.1770825350364374e-20
2.704,-1.5391864334896006,8.126917375546117e-19,1.0089442020641328,0.17131693625653943,-1.123280890006112e-18,-0.006782619599242599,0.9999128071250443,9.872733637286077e-20,0.013205231816000819,2.3172048065990665e-20
2.706,-1.5388433193703184,8.104416100233799e-19,1.0089306510848615,0.17179511809844356,-1.1268090962100057e-18,-0.006768305774197341,0.9999169239930065,9.297037461013657e-20,0.012889728948444604,2.2119131543396233e-20
2.708,-1.538499261341986,8.081846517031654e-19,1.0089171291712935,0.17226085902434662,-1.130111846605129e-18,-0.006753555544802485,0.9999209148629027,8.724426898088442e-20,0.012576327752403884,2.1411302166663624e-20
2.71,-1.5381542842018816,8.059213124449041e-19,1.0089036371820992,0.1727142435586717,-1.1331902011969778e-18,-0.006738383023039296,0.9999247817704385,8.153177108250636e-20,0.012265023495341724,1.9678012590834095e-20
2.712,-1.537808412578421,8.036520400148406e-19,1.0088901759479374,0.17315535603931712,-1.1360451784309447e-18,-0.006722802108321217,0.999928526732666,7.583655329387449e-20,0.011955811400345856,1.7262707197630723e-20
2.714,-1.5374616709315325,8.013772801825798e-19,1.0088767462718795,0.173584280615552,-1.1386777600762983e-18,-0.0067068264891573335,0.999932151748011,7.016673329061075e-20,0.01164868664670694,1.4853085514132833e-20
2.716,-1.537114083553036,7.990974767623303e-19,1.008863348929829,0.17400110124593784,-1.1410889218870228e-18,-0.006690469644819029,0.9999356587963032,6.452630520319362e-20,0.011343644370455642,1.2791767783188929e-20
2.718,-1.5367656745670264,7.968130716090748e-19,1.0088499846709393,0.17440590169627967,-1.1432796514294735e-18,-0.006673744847009648,0.9999390498388073,5.891914139761154e-20,0.011040679664927125,1.1420157276507654e-20
2.72,-1.5364164679302623,7.945245045819508e-19,1.0088366542180258,0.17479876553760387,-1.1452509569101251e-18,-0.0066566651615368715,0.9999423268182566,5.3341444171290086e-20,0.01073978758129848,1.0394786444451519e-20
2.722,-1.5360664874325562,7.922322135081923e-19,1.0088233582679773,0.17517977614416466,-1.14700386060923e-18,-0.006639243449987487,0.9999454916588886,4.7789510050257073e-20,0.010440963129142377,9.371782580884076e-21
2.724,-1.5357157566971706,7.899366341668008e-19,1.0088100974921619,0.17554901669147727,-1.1485393917612186e-18,-0.006621492371404286,0.9999485462664831,4.227057457946342e-20,0.01014420127696255,9.035608155294383e-21
2.726,-1.5353642991812173,7.876382002545403e-19,1.0087968725368308,0.17590657015437933,-1.149858599961008e-18,-0.006603424383964797,0.9999514925284019,3.6777660791877473e-20,0.009849496952738452,8.700155644838097e-21
2.728,-1.5350121381760606,7.853373433711639e-19,1.0087836840235183,0.17625251930511887,-1.1509625292980345e-18,-0.0065850517466615865,0.9999543323136296,3.130707194697594e-20,0.009556845044457349,8.022777513487098e-21
2.73,-1.5346592968077248,7.830344930429526e-19,1.0087705325494383,0.17658694671146988,-1.1518522085257868e-18,-0.00656638652098387,0.9999570674728181,2.5865248493716577e-20,0.009266240400651134,7.689572697101242e-21
2.732,-1.5343057980373047,7.807300767314019e-19,1.008757418687878,0.17690993473487454,-1.1525286840814445e-18,-0.0065474405726001425,0.9999596998383309,2.0458907374672544e-20,0.00897767783092414,8.384604960724202e-21
2.734,-1.5339516646613798,7.78424519771529e-19,1.0087443429885878,0.1772215655286125,-1.1529930300573341e-18,-0.0065282255730415755,0.9999622312242911,1.508175240692736e-20,0.00869115210648285,9.420544877013064e-21
2.736,-1.5335969193124326,7.761182453350281e-19,1.0087313059781673,0.17752192103599662,-1.1532463349761326e-18,-0.0065087530013859035,0.9999646634266298,9.730668644940631e-21,0.00840665796065885,1.0453932934692439e-20
2.738,-1.5332415844592708,7.738116744216265e-19,1.008718308160449,0.17781108298859533,-1.1532896803377248e-18,-0.006489034145941581,0.999966998223137,4.405526119963229e-21,0.008124190089431924,1.1484772225049803e-20
2.74,-1.5328856824074522,7.715052258665178e-19,1.0087053500168783,0.17808913290448125,-1.1531241523243497e-18,-0.006469080105931943,0.9999692373735137,-8.90831717687299e-22,0.00784374315194779,1.2855308255971634e-20
2.742,-1.532529235299713,7.691993163282784e-19,1.00869243200689,0.17835615208650624,-1.152750838192964e-18,-0.006448901793179087,0.9999713826194264,-6.1559441649641646e-21,0.00756531177103488,1.490819671297869e-20
2.744,-1.5321722651164011,7.668943602713365e-19,1.0086795545682805,0.1786122216206021,-1.1521708516503037e-18,-0.006428509933787292,0.9999734356845624,-1.1392075217722326e-20,0.007288890533716661,1.7299161972629814e-20
2.746,-1.5318147936759101,7.645907699250037e-19,1.008666718117579,0.1788574223741076,-1.1513853022758129e-18,-0.006407915069825695,0.9999753982746874,-1.6609924008199595e-20,0.007014473991722276,1.8657200791294254e-20
2.748,-1.5314568426351192,7.622889553332414e-19,1.0086539230504128,0.1790918349941208,-1.1503952702005681e-18,-0.006387127561009971,0.9999772720777041,-2.179981007310947e-20,0.0067420566619933245,2.0354557045919733e-20
2.75,-1.5310984334898348,7.599893243803315e-19,1.0086411697418705,0.1793155399058773,-1.1492018386534501e-18,-0.006366157586382884,0.9999790587637132,-2.696168452206349e-20,0.006471633027188514,2.239042216244736e-20
2.7520000000000002,-1.5307395875752365,7.576922827743999e-19,1.0086284585468623,0.17952861731115383,-1.1478061004996497e-18,-0.0063450151459933345,0.9999807599850746,-3.208894519456951e-20,0.006203197536184811,2.5791546828410855e-20
2.754,-1.530380326066325,7.553980186335216e-19,1.0086157898004755,0.17973114718669678,-1.1465322329373591e-18,-0.006323710062573794,0.9999823773764718,-9.792922584868726e-21,0.0059367446045761945,2.6616660522747405e-20
2.7560000000000002,-1.5300206699783732,7.531053548041784e-19,1.008603163818328,0.17992320928267636,-1.1460256180532062e-18,-0.0063022519832158395,0.999983912554976,-2.0514197232557797e-20,0.005672268615169143,2.489416838859797e-20
2.758,-1.5296606401673822,7.508147720421776e-19,1.0085905808969173,0.18010488312116518,-1.1443437183898333e-18,-0.006280650381043648,0.9999853671201129,-3.119843823671425e-20,0.005409763918475549,2.3176476036057745e-20
2.7600000000000002,-1.5293002573305385,7.485273231914052e-19,1.008578041313968,0.18027624799464204,-1.1431075697375933e-18,-0.006258914556885144,0.9999867426539304,-3.0826991382589655e-20,0.0051492248332025235,2.414447055907488e-20
2.762,-1.5289395420066738,7.462427635297985e-19,1.008565545328773,0.18043738296451997,-1.14145452691314e-18,-0.006237053640940621,0.9999880407210672,-3.5942319765225516e-20,0.004890645646739529,2.4452637829350283e-20
2.7640000000000002,-1.5285785145767297,7.439613143752827e-19,1.0085530931825344,0.18058836685969903,-1.139925424272377e-18,-0.00621507659444872,0.9999892628688243,-4.10375029825754e-20,0.004634020615642493,2.4074248251994263e-20
2.766,-1.5282171952642234,7.416835183444848e-19,1.0085406850986995,0.1807292782751432,-1.1378733528126475e-18,-0.006192992211349394,0.9999904106272355,-4.611141354234743e-20,0.004379343966115193,2.3011326065608464e-20
2.7680000000000002,-1.5278556041357174,7.394097366429721e-19,1.0085283212832934,0.18086019557048147,-1.1358394500091325e-18,-0.006170809119943833,0.9999914855091414,-5.664807276364704e-20,0.004126609894487694,2.1290319023610973e-20
2.77,-1.5274937611012918,7.371407591843408e-19,1.0085160019252488,0.1809811968686329,-1.1331771207639441e-18,-0.006148535784551013,0.9999924890102629,-5.0674424848376697e-20,0.0038758125676920134,2.2588858003739154e-20
2.7720000000000002,-1.5271316859150181,7.348763315605164e-19,1.0085037271967323,0.1810923600544556,-1.1311817549916501e-18,-0.006126180507160802,0.999993422609277,-5.020807741947877e-20,0.003626946123734891,2.4590056016962164e-20
2.774,-1.5267693981754378,7.326164520570331e-19,1.0084914972534673,0.1811937627734191,-1.1287725799292474e-18,-0.006103751429083323,0.9999942877678935,-4.426049078495284e-20,0.003380004672167774,2.6566557489537334e-20
2.7760000000000002,-1.5264069173260417,7.303603296772226e-19,1.0084793122350542,0.1812854824303005,-1.1273526689651285e-18,-0.006081256532594493,0.9999950859309326,-3.834012305384207e-20,0.0031349822945539296,2.8539169752740395e-20
2.778,-1.5260442626557527,7.281076420703587e-19,1.008467172265286,0.18136759618790374,-1.1253017398882627e-18,-0.0060587036425774265,0.9999958185264038,-3.2444626911251957e-20,0.002891873044932772,3.119281960765342e-20
2.7800000000000002,-1.5256814532994114,7.258580329279635e-19,1.0084550774524625,0.18144018096580214,-1.1242383082312495e-18,-0.0060361004281596995,0.9999964869655862,-3.203351989993093e-20,0.002650670950281347,3.3513291156197635e-20
2.782,-1.5253185082382632,7.236115767390487e-19,1.008443027889699,0.18150331343910384,-1.1220053847849135e-18,-0.006013454404346164,0.9999970926431089,-4.804083989172385e-20,0.002411370010973023,3.724076114593945e-20
2.7840000000000003,-1.524955446300449,7.213693867182572e-19,1.0084310236552338,0.1815570700372402,-1.1202238339452298e-18,-0.005990772933647175,0.999997636937034,-3.6578610679771947e-20,0.002173964201233367,3.7810032135053197e-20
2.786,-1.5245922861614976,7.191308129852252e-19,1.0084190648127311,0.1816015269427768,-1.1182451540882117e-18,-0.0059680632277020786,0.999998121208939,-5.258934193270729e-20,0.0019384474695932287,3.6038121438477734e-20
2.7880000000000003,-1.52422904634482,7.168968237107435e-19,1.0084071514115815,0.18163676009024687,-1.1156398627003593e-18,-0.005945332348897816,0.9999985468040014,-6.852356711728968e-20,0.0017048137393390291,3.495477624932974e-20
2.79,-1.523865745222208,7.146686690669105e-19,1.0083952834871988,0.18166284516500736,-1.1124110106605996e-18,-0.005922587211982453,0.9999989150510832,-8.438280367736491e-20,0.0014730569089602653,3.387384290538147e-20
2.7920000000000003,-1.5235024010143319,7.124475931313792e-19,1.008383461061313,0.1816798576021168,-1.1085616394232946e-18,-0.005899834585673467,0.9999992272628173,-1.0016689475658064e-19,0.0012431708525942333,3.313796487747265e-20
2.794,-1.5231390317912437,7.102348338989058e-19,1.0083716841422616,0.1816878725852355,-1.1040947965756918e-18,-0.00587708109426068,0.9999994847356946,-1.158749468872222e-19,0.0010151494204679826,3.34308219873745e-20
2.7960000000000003,-1.5227756554728802,7.080316232545236e-19,1.0083599527252767,0.18168696504554746,-1.0990135400664232e-18,-0.005854333219203666,0.9999996887501511,-1.3150843701597447e-19,0.0007889864393374974,3.3722792538988327e-20
2.798,-1.522412289829569,7.058391869737113e-19,1.0083482667927688,0.181677209660704,-1.0933209194324726e-18,-0.005831597300723456,0.9999998405706573,-1.4706744921813447e-19,0.000564675712924124,3.435652818830724e-20
2.8000000000000003,-1.5220489524825374,7.036587447381644e-19,1.0083366263146079,0.18165868085378897,-1.087019982921966e-18,-0.005808879539388469,0.9999999414458067,-1.6255191544399234e-19,0.00034221102234824146,3.567386830503634e-20
2.802,-1.521685660904421,7.014915101238353e-19,1.008325031248401,0.18163145279230528,-1.0801137909169259e-18,-0.005786185997694448,0.9999999926084072,-1.7796165683053268e-19,0.00012158612656018683,3.8358503495721925e-20
2.8040000000000003,-1.5213224324197774,6.993384751865166e-19,1.0083134815397667,0.18159559938718267,-1.0730361665690467e-18,-0.005763522601638338,0.9999999952755713,-1.6040206656729998e-19,-9.720523723155973e-05,3.932004094693087e-20
2.806,-1.5209592842056,6.971985809563692e-19,1.0083019771226072,0.18155119429180658,-1.0667571654765547e-18,-0.005740895142285882,0.9999999506488079,-1.6485606984231427e-19,-0.00031416935313492277,3.8220983083509444e-20
2.8080000000000003,-1.5205962332918332,6.9507217326576625e-19,1.0082905179193757,0.18149831090106774,-1.059657528066438e-18,-0.005718309277332919,0.9999998599141152,-1.6379385658115944e-19,-0.0005293125261515054,3.678338148511729e-20
2.81,-1.5202332965618912,6.929590936735935e-19,1.0082791038413423,0.18143702235043274,-1.0533574084815114e-18,-0.005695770532660159,0.9999997242420741,-1.6271155449906845e-19,-0.000742641081756582,3.603390097468626e-20
2.8120000000000003,-1.5198704907531775,6.908594334275781e-19,1.0082677347888556,0.18136740151503497,-1.0462382296937807e-18,-0.005673284303881326,0.9999995447879411,-1.671042500198886e-19,-0.0009541613654818046,3.528313777052935e-20
2.814,-1.5195078324576061,6.8877321133709e-19,1.0082564106516019,0.18128952100878606,-1.0399192968081494e-18,-0.005650855857884618,0.9999993226917434,-1.6600735530880035e-19,-0.0011638797425006114,3.488263714811641e-20
2.816,-1.5191453381221256,6.867004456415538e-19,1.0082451313088614,0.18120345318350747,-1.0328895737758571e-18,-0.005628490334367289,0.9999990590783747,-1.6490323586333865e-19,-0.0013718025972163357,3.5167391361540245e-20
2.818,-1.5187830240492433,6.846409745919016e-19,1.0082338966297606,0.18110927012808237,-1.026660511495199e-18,-0.005606192747363227,0.99999875505769,-1.5283972570618787e-19,-0.0015779363328530045,3.580895487294943e-20
2.82,-1.5184209063975525,6.825941345812714e-19,1.008222706473522,0.18100704366762715,-1.0201504755141566e-18,-0.0055839679867634995,0.9999984117246024,-1.5727821181749019e-19,-0.0017822873710488212,3.470949515145503e-20
2.822,-1.5180590011822606,6.805601271600778e-19,1.0082115606897117,0.180896845362683,-1.0137922402223355e-18,-0.005561820819829683,0.99999803015918,-1.671650426806309e-19,-0.0019848621514523225,3.2917383796760295e-20
2.824,-1.5176973242757195,6.78539474928558e-19,1.008200459118482,0.18077874650842687,-1.0070467635247949e-18,-0.005539755892699876,0.9999976114267431,-1.4960750418136169e-19,-0.0021856671313212066,3.2211716757148173e-20
2.826,-1.5173358914079567,6.765307603985422e-19,1.0081894015908133,0.18065281813390202,-1.0017462177915332e-18,-0.005517777731887339,0.9999971565779628,-1.26662658027794e-19,-0.0023847087851238216,3.0833257746435133e-20
2.828,-1.516974718167208,6.745326449535016e-19,1.0081783879287507,0.1805191310012678,-9.962674919673479e-19,-0.0054958907457716,0.9999966666489587,-1.3124546255651554e-19,-0.0025819936041433077,3.1791023191560753e-20
2.83,-1.5166138200004529,6.725453772212385e-19,1.00816741794564,0.18037775560506855,-9.909345471682112e-19,-0.005474099226081972,0.9999961426613984,-1.3580667923448481e-19,-0.0027775280960843844,3.308903916972841e-20
2.832,-1.5162532122139494,6.705693484860464e-19,1.0081564914463583,0.18022876217152156,-9.849927465925731e-19,-0.005452407349373341,0.9999955856225967,-1.4582781280924378e-19,-0.002971318784682781,3.402594545062864e-20
2.834,-1.5158929099737726,6.686052711435617e-19,1.008145608227544,0.18007222065782372,-9.789833879099487e-19,-0.005430819178494191,0.9999949965256154,-1.6129823304816242e-19,-0.0031633722093172938,3.5628694843597753e-20
2.836,-1.5155329283063523,6.666542493273388e-19,1.0081347680778219,0.17990820075147695,-9.721530666302781e-19,-0.005409338664046707,0.9999943763493637,-1.5475750710028429e-19,-0.0033536949246244685,3.489831005223846e-20
2.838,-1.5151732820990138,6.647156952996124e-19,1.0081239707780267,0.1797367718696321,-9.665511186514478e-19,-0.005387969645838928,0.9999937260586985,-1.427937091662826e-19,-0.0035422935001159003,3.487261844511891e-20
2.84,-1.514813986100519,6.62788630299734e-19,1.0081132161014232,0.17955800315845116,-9.605558980116584e-19,-0.005366715854328837,0.9999930466045258,-1.3638108676804408e-19,-0.0037291745197981386,3.448620258705288e-20
2.842,-1.5144550549216087,6.6087265520870235e-19,1.008102503813923,0.17937196349248774,-9.554610043746923e-19,-0.005345580912060274,0.9999923389239017,-1.2999540647843514e-19,-0.003914344581795197,3.3073305747240574e-20
2.844,-1.514096503035547,6.589671583506179e-19,1.0080918336742994,0.1791787214740855,-9.501851425609446e-19,-0.005324568335090685,0.9999916039401342,-1.1267808201500255e-19,-0.004097810297973652,3.239095819710723e-20
2.846,-1.513738344778666,6.570707054260321e-19,1.008081205434399,0.17897834543279464,-9.463447470194813e-19,-0.00530368153441049,0.9999908425628854,-8.996445248350073e-20,-0.0042795782935703295,3.275995307374679e-20
2.848,-1.513380594350912,6.551820481464099e-19,1.0080706188393502,0.1787709034248059,-9.423170069663678e-19,-0.005282923817354144,0.9999900556882736,-1.0026096769328746e-19,-0.004459655206822562,3.4701053704870747e-20
2.85,-1.5130232658163922,6.533015251013572e-19,1.0080600736277692,0.17855646323240226,-9.38210759380923e-19,-0.005262298389002693,0.9999892441989756,-1.105251014812188e-19,-0.00463804768860103,3.766545626700787e-20
2.852,-1.5126663731039243,6.514299034510652e-19,1.0080495695319627,0.17833509236342815,-9.33380040164217e-19,-0.005241808353577854,0.9999884089643301,-1.1523553221924074e-19,-0.004814762402045142,3.5851838888811904e-20
2.854,-1.5123099300075846,6.4956769535520435e-19,1.0080391062781289,0.17810685805077575,-9.287973395505309e-19,-0.005221456715827452,0.9999875508404399,-1.199214549766042e-19,-0.004989806022200992,3.335710870939236e-20
2.856,-1.5119539501872596,6.47715195791196e-19,1.008028683586555,0.17787182725188863,-9.23707455742098e-19,-0.005201246382402255,0.9999866706702759,-1.136471324260578e-19,-0.005163185235661843,3.3663695483184793e-20
2.858,-1.5115984471691963,6.458720890958533e-19,1.0080183011718116,0.17763006664828218,-9.194041959247765e-19,-0.005181180163224058,0.9999857692837802,-1.1290477870406402e-19,-0.005334906740211158,3.5310778615696677e-20
2.86,-1.511243434346555,6.440383136229036e-19,1.0080079587429447,0.17738164264508097,-9.141608570825639e-19,-0.0051612607728449954,0.9999848474979701,-1.3408642968300583e-19,-0.0055049772444681596,3.512312387419296e-20
2.862,-1.5108889249799626,6.422153509090886e-19,1.0079976560036656,0.17712662137057275,-9.088433353340541e-19,-0.005141490831797989,0.9999839061170411,-1.2773888219871046e-19,-0.005673403467535905,3.200342682377374e-20
2.864,-1.5105349321980668,6.404027737118593e-19,1.0079873926525376,0.17686506867577909,-9.037751269064682e-19,-0.005121872867938361,0.9999829459324715,-1.21416810347142e-19,-0.005840192138651881,2.7862905759160406e-20
2.866,-1.5101814689980906,6.38600192417834e-19,1.0079771683831595,0.17659705013404217,-8.986318681522837e-19,-0.005102409317776439,0.9999819677231265,-1.4255040672702002e-19,-0.0060053499968410985,2.562819683893335e-20
2.868,-1.5098285482463882,6.3680908542143035e-19,1.0079669828843476,0.17632263104062806,-8.92552812153517e-19,-0.005083102527801189,0.9999809722553621,-1.4165747572780673e-19,-0.006168883790571688,2.6272740436416653e-20
2.87,-1.5094761826790022,6.350293445968987e-19,1.0079568358403137,0.17604187641234595,-8.871579078063661e-19,-0.005063954755794778,0.999979960283129,-1.352928386322086e-19,-0.00633080027741298,2.5921751841152934e-20
2.872,-1.5091243849022198,6.33260718780738e-19,1.0079467269308418,0.1757548509871833,-8.8147349553927e-19,-0.005044968172138068,0.9999789325480779,-1.2347181319807907e-19,-0.0064911062236960694,2.491991944816842e-20
2.874,-1.5087731673931315,6.315022414661144e-19,1.007936655831461,0.17546161922395692,-8.770091193946337e-19,-0.005026144861106934,0.9999778897796633,-1.171767053062235e-19,-0.006649808404176849,2.3884622040419626e-20
2.876,-1.5084225425001898,6.297532726295013e-19,1.0079266222136178,0.17516224530197952,-8.720365996575887e-19,-0.005007486822159411,0.9999768326952477,-1.0542254811109145e-19,-0.006806913601701505,2.1860842126050577e-20
2.878,-1.508072522443768,6.280130315098306e-19,1.0079166257448426,0.17485679312074198,-8.681733575905917e-19,-0.004988995971213621,0.999975762000207,-1.1566846662670571e-19,-0.006962428606874477,2.1747774215229494e-20
2.88,-1.507723119316721,6.262820691056635e-19,1.0079066660889167,0.17454532629961078,-8.627222270784556e-19,-0.004970674141916389,0.999974678388034,-1.2040317174742712e-19,-0.007116360217728855,2.2700233670171774e-20
2.882,-1.507374345084945,6.245609341160168e-19,1.0078967429060353,0.17422790817754083,-8.58489741323826e-19,-0.004952523086902628,0.9999735825404434,-1.0316051774068508e-19,-0.007268715239399222,2.2093261590177776e-20
2.884,-1.5070262115879387,6.228483067967509e-19,1.0078868558529679,0.17390460181280323,-8.542857984603873e-19,-0.004934544479045313,0.9999724751274763,-8.051744984955772e-20,-0.007419500483796922,2.1527155457370906e-20
2.886,-1.5066787305393654,6.211424428428494e-19,1.0078770045832175,0.17357546998272813,-8.515103280765447e-19,-0.004916739912696126,0.9999713568076046,-7.992169776493689e-20,-0.007568722769287756,2.2169790937616522e-20
2.888,-1.506331913527615,6.194434002795326e-19,1.0078671887471755,0.1732405751834622,-8.475721478249805e-19,-0.004899110904916665,0.9999702282278355,-7.931805182372943e-20,-0.00771638892037209,2.3152736165360467e-20
2.89,-1.5059857720163663,6.177508784063179e-19,1.0078574079922755,0.17289997962974096,-8.449536452990743e-19,-0.004881658896700253,0.9999690900238157,-7.872233087222213e-20,-0.007862505767367368,2.3104784910474134e-20
2.892,-1.5056403173451502,6.160650799874981e-19,1.007847661963144,0.1725537452546755,-8.407410018829935e-19,-0.004864385254184262,0.9999679428199356,-1.0553614768244723e-19,-0.008007080146093018,2.2156005639749093e-20
2.894,-1.5052955607299134,6.1438753516006655e-19,1.007837950301749,0.17220193370955364,-8.368803367160728e-19,-0.00484729126985296,0.9999667872294337,-9.385175575611669e-20,-0.008150118897557752,2.220285932180372e-20
2.896,-1.5049515132635816,6.127177202139708e-19,1.0078282726475463,0.17184460636365526,-8.329388927666036e-19,-0.004830378163730845,0.9999656238545007,-8.77234760424025e-20,-0.008291628867649253,2.2889370788657238e-20
2.898,-1.5046081859166245,6.110551154134083e-19,1.007818628637623,0.17148182430408193,-8.2977758936867945e-19,-0.004813647084566428,0.9999644532863836,-7.067808945497109e-20,-0.008431616906826218,2.435014122703417e-20
2.9,-1.5042655895376196,6.093983434143383e-19,1.0078090179068389,0.17111364833560025,-8.271774291783167e-19,-0.004797099111006526,0.9999632761054892,-4.273523037616759e-20,-0.008570089869812773,2.58995924986393e-20
2.902,-1.5039237348538173,6.077453507908029e-19,1.0077994400879655,0.17074013898049928,-8.257820097407203e-19,-0.004780735252760895,0.999962092881488,-4.231625773051896e-20,-0.008707054615295248,2.4811279082098795e-20
2.904,-1.5035826324717063,6.060960315590691e-19,1.0077898948118231,0.17036135647846148,-8.235399901804544e-19,-0.00476455645175736,0.9999609041734179,-4.1877856982553376e-20,-0.008842518005621287,2.2698056070122564e-20
2.906,-1.5032422928775784,6.044503159435638e-19,1.0077803817074147,0.16997736078644735,-8.222860450081035e-19,-0.004748563583287284,0.9999597105297876,-3.0492299206011085e-20,-0.008976486906501307,2.239876198728505e-20
2.908,-1.5029027264380943,6.028073810624783e-19,1.0077709004020585,0.16958821157859344,-8.20615259351935e-19,-0.004732757457141444,0.9999585124886796,-3.562380999955604e-20,-0.009108968186712281,2.2294787777086837e-20
2.91,-1.5025639434008493,6.0116755686318195e-19,1.0077614505215173,0.16919396824612373,-8.192831880662812e-19,-0.004717138818736304,0.9999573105778533,-2.9766500159938935e-20,-0.00923996871780384,2.2291414612285047e-20
2.912,-1.5022259538949394,5.995304546139603e-19,1.007752031690127,0.16879468989727414,-8.17749492248446e-19,-0.004701708350230613,0.9999561053148481,-4.0421862398918084e-20,-0.009369495373806694,2.4875749916955868e-20
2.914,-1.501888767931527,5.97896620846271e-19,1.0077426435309207,0.16839043535723003,-8.162303727937169e-19,-0.004686466671632362,0.9999548972070859,-1.8106583038342432e-20,-0.00949755503094335,2.5021195790286137e-20
2.916,-1.5015523954044072,5.962647334653854e-19,1.0077332856657535,0.16798126316807677,-8.156947414915523e-19,-0.004671414341896136,0.9999536867519733,-2.3289760839577515e-20,-0.009624154567341133,2.2849537047647417e-20
2.918,-1.5012168460905742,5.946348767993406e-19,1.0077239577154222,0.16756723158876294,-8.139843988661113e-19,-0.00465655186001074,0.999952474437004,-4.4912026438103213e-20,-0.009749300862747487,2.0867744509558046e-20
2.92,-1.5008821296507873,5.930086775808814e-19,1.0077146592997848,0.1671483985950763,-8.122892628958186e-19,-0.004641879666077232,0.9999512607398607,-3.3528573708862106e-20,-0.009873000798247556,1.9554573808024755e-20
2.922,-1.5005482556301373,5.91385422348884e-19,1.0077053900378767,0.16672482187963222,-8.110400535145016e-19,-0.004627398142377244,0.9999500461285172,-2.2192704528510688e-20,-0.009995261255984041,1.7559729916919483e-20
2.924,-1.5002152334586132,5.897642214943167e-19,1.0076961495480263,0.16629655885187455,-8.102345270090385e-19,-0.004613107614431664,0.9999488310613389,-1.0914469667688381e-20,-0.010116089118879311,1.5911147881945273e-20
2.926,-1.4998830724516683,5.881441898859743e-19,1.0076869374479662,0.1658636666380888,-8.098704509137891e-19,-0.00459900835204966,0.9999476159871844,3.1679552406547657e-22,-0.010235491270359763,1.3580898472864828e-20
2.928,-1.4995517818107862,5.865246621773677e-19,1.0076777533549444,0.16542620208142736,-8.095149507339423e-19,-0.0045851005703680305,0.9999464013455065,-2.1427382283432097e-20,-0.010353474594082448,1.365993679134752e-20
2.93,-1.4992213706240474,5.849071295510657e-19,1.0076685968858323,0.16498422174194688,-8.07876046260152e-19,-0.004571384430880912,0.9999451875664529,-4.307519942500021e-20,-0.010470045973663895,1.4424587112952108e-20
2.932,-1.4988918478666953,5.832930758348423e-19,1.0076594676572312,0.16453778189665746,-8.06252033238707e-19,-0.004557860042459831,0.9999439750709656,-3.16982373374837e-20,-0.010585212292411205,1.2791187233644728e-20
2.934,-1.4985632224017023,5.816818243503414e-19,1.0076503652855764,0.16408693853958378,-8.050734572781995e-19,-0.0045445274623641205,0.9999427642708818,-2.0379162718771658e-20,-0.010698980433055328,1.150357060697009e-20
2.936,-1.4982355029803356,5.800724864549034e-19,1.0076412893872393,0.1636317473818376,-8.043380889380761e-19,-0.004531386697241681,0.9999415555690332,-9.117668789015497e-21,-0.01081135727748657,1.0561335265235322e-20
2.938,-1.4979086982427232,5.784641779490485e-19,1.0076322395786277,0.16317226385170217,-8.040437142141809e-19,-0.004518437704120131,0.9999403493593448,2.09388473628406e-21,-0.010922349706492298,9.278390376420357e-21
2.94,-1.497582816718419,5.768560190552524e-19,1.007623215476284,0.16270854309472768,-8.041881241573436e-19,-0.004505680391388343,0.9999391460269345,1.3255668916871733e-20,-0.011031964599496824,7.655959803499895e-21
2.942,-1.4972578668269687,5.752471344060372e-19,1.0076142166969821,0.16224063997383836,-8.047691201222329e-19,-0.0044931146197683776,0.9999379459482112,2.4356748231111685e-20,-0.0111402088343035,6.722376443106895e-21
2.944,-1.4969338568784747,5.736366530122623e-19,1.0076052428578208,0.16176860906945056,-8.057845209308011e-19,-0.0044807402032777935,0.9999367494909733,3.5401173754682036e-20,-0.011247089286838959,6.133783813505868e-21
2.946,-1.4966107950741605,5.720237082325709e-19,1.007596293576317,0.1612925046796019,-8.07232161146651e-19,-0.004468556910182436,0.9999355570145065,4.6396948116708435e-20,-0.011352612830899543,5.204501869432046e-21
2.948,-1.4962886895069363,5.704074377456465e-19,1.0075873684704957,0.16081238082009147,-8.091098840083972e-19,-0.004456564463939623,0.9999343688696811,5.734039792087792e-20,-0.011456786337899883,4.27717556664957e-21
2.95,-1.4959675481619625,5.687869835358547e-19,1.0075784671589791,0.16032829122463071,-8.114155415443652e-19,-0.00444476254413179,0.9999331853990492,6.822784963950957e-20,-0.011559616676623627,3.694449767583843e-21
2.952,-1.4956473789172144,5.6716149186838305e-19,1.0075695892610734,0.15984028934500522,-8.141470031728126e-19,-0.004433150787390629,0.9999320069369414,7.90557460006389e-20,-0.011661110712976309,3.797752161371367e-21
2.954,-1.4953281895440451,5.655301132495445e-19,1.0075607343968536,0.15934842835124693,-8.173021564667236e-19,-0.004421728788311704,0.9999308338095632,8.983230349298578e-20,-0.011761275309740355,3.900596393391599e-21
2.956,-1.4950099877077492,5.638920023971547e-19,1.0075519021872468,0.15885276113181696,-8.208789016524365e-19,-0.0044104961003595755,0.9999296663350905,1.0055777020442797e-19,-0.01186011732633221,4.002587722472559e-21
2.958,-1.494692780968126,5.622463182217061e-19,1.0075430922541133,0.15835334029379872,-8.248751453911111e-19,-0.004399452236763473,0.9999285048237655,1.1124044433058372e-19,-0.011957643618561576,3.418868986986077e-21
2.96,-1.4943765767800419,5.605922238164872e-19,1.0075343042203266,0.15785021816310135,-8.292887978056766e-19,-0.004388596671403502,0.9999273495779915,1.2188051672140486e-19,-0.012053861038392769,2.1510752899713483e-21
2.962,-1.4940613824939921,5.58928886455201e-19,1.007525537709851,0.15734344678467327,-8.341177654145779e-19,-0.0043779288396874625,0.9999262008924276,1.3249040403456663e-19,-0.01214877643370816,-8.266676654120469e-22
2.964,-1.4937472053566632,5.572556929161015e-19,1.0075167923478179,0.15683307792272574,-8.389293364086205e-19,-0.004367448139418238,0.9999250590540827,1.1561373586665626e-19,-0.012242396648073707,-2.0755495692806178e-21
2.966,-1.4934340525114935,5.555736121120267e-19,1.0075080677605994,0.1563191630609665,-8.431849767428661e-19,-0.004357153931651829,0.9999239243424096,1.2619453184215318e-19,-0.012334728520506589,-2.4417042257388226e-22
2.968,-1.4931219309992343,5.538819933754064e-19,1.0074993635758818,0.15580175340284294,-8.483952612271938e-19,-0.004347045541546043,0.9999227970293979,1.2576989775801647e-19,-0.01242577888524488,1.7902393471886542e-21
2.97,-1.49281084775851,5.521809056464173e-19,1.0074906794227363,0.15528089987179539,-8.526181017020371e-19,-0.004337122259199856,0.999921677379667,1.1438745634136606e-19,-0.012515554571519311,3.341495957223815e-21
2.972,-1.492500809626378,5.504710634907398e-19,1.007482014931688,0.1547566531115196,-8.573653443205416e-19,-0.0043273833404835075,0.9999205656505583,1.3049988596763193e-19,-0.012604062403327076,2.8345873148117253e-21
2.974,-1.492191823338888,5.487513842254521e-19,1.0074733697347842,0.15422906348623897,-8.623110880738373e-19,-0.0043178280078593045,0.9999194620922276,1.3010206259083655e-19,-0.012691309199207688,6.525418533553151e-23
2.976,-1.4918838955316398,5.470218314694317e-19,1.0074647434656594,0.15369818108098612,-8.6723884226076095e-19,-0.004308455451193225,0.9999183669477356,1.2970573065757153e-19,-0.012777301772020879,-2.6973713555580383e-21
2.978,-1.4915770327403428,5.4528244115464765e-19,1.0074561357596006,0.15316405570189368,-8.721486547167461e-19,-0.0042992648285573075,0.9999172804531398,1.2930216626436185e-19,-0.012862046928726511,-4.768038717633175e-21
2.98,-1.4912712414013725,5.435332491095118e-19,1.0074475462536097,0.15262673687649433,-8.770405820785342e-19,-0.004290255267022883,0.9999162028375843,1.288958803672024e-19,-0.012945551470166532,-6.4906147966774635e-21
2.982,-1.4909665278523274,5.417742910420336e-19,1.0074389745864645,0.15208627385402995,-8.819146876802533e-19,-0.0042814258634446475,0.9999151343233902,1.2848248474120213e-19,-0.013027822190848925,-7.524104622331731e-21
2.984,-1.490662898332586,5.400056025271678e-19,1.0074304203987792,0.15154271560576957,-8.867710402857188e-19,-0.0042727756852356845,0.9999140751261447,1.2807538410435739e-19,-0.013108865878733673,-8.89763339730467e-21
2.986,-1.4903603589838619,5.382272190036464e-19,1.0074218833330615,0.1509961108253364,-8.916097062660533e-19,-0.004264303771133361,0.9999130254547901,1.2767448645318712e-19,-0.013188689315020714,-1.0610803125645223e-20
2.988,-1.4900589158507584,5.364391757819626e-19,1.0074133630337696,0.15044650792904354,-8.964307480506094e-19,-0.004256009131956254,0.9999119855117127,1.272752872560694e-19,-0.013267299273939881,-1.2320177584288108e-20
2.99,-1.4897585748813236,5.346415080486373e-19,1.0074048591473674,0.1498939550562383,-9.012342275496499e-19,-0.00424789075135204,0.9999109554928302,1.2688229887852737e-19,-0.013344702522542823,-1.4367992140359908e-20
2.992,-1.4894593419276032,5.328342508686715e-19,1.0073963713223784,0.14933850006965516,-9.060202038558872e-19,-0.004239947586536443,0.9999099355876794,1.2649093722353279e-19,-0.0134209058204969,-1.641081446546705e-20
2.994,-1.4891612227461943,5.310174391894671e-19,1.0073878992094367,0.14878019055577724,-9.10788737014837e-19,-0.004232178569023244,0.9999089259795031,1.2609665466829904e-19,-0.013495915919881028,-1.810602594673108e-20
2.996,-1.4888642229987963,5.2919110783350515e-19,1.0073794424613391,0.14821907382520602,-9.155398911967038e-19,-0.004224582605345457,0.9999079268453364,1.2568561236574005e-19,-0.013569739564983486,-1.8426560369367168e-20
2.998,-1.4885683482527634,5.273552914837954e-19,1.0073710007330934,0.1476551969130394,-9.20273742995239e-19,-0.004217158577767624,0.9999069383560925,1.2528116794197446e-19,-0.013642383492101662,-1.9088419375691278e-20
3.0,-1.4882736039816546,5.255100246703589e-19,1.0073625736819665,0.14708860657925799,-9.249903658410379e-19,-0.004209905344989294,0.9999059606766482,1.248925096732817e-19,-0.013713854429343746,-2.077646195512781e-20
3.0020000000000002,-1.487979995565784,5.236553417853898e-19,1.0073541609675307,0.14651934930911933,-9.296898240177908e-19,-0.004202821742839787,0.9999049939659288,1.2450550380985483e-19,-0.013784159096432325,-2.2460368888796748e-20
3.004,-1.487687528292769,5.217912770946649e-19,1.0073457622517095,0.14594747131356026,-9.343721826788712e-19,-0.004195906584964194,0.999904038376992,1.2410608494518198e-19,-0.013853304204509925,-2.3113075024681433e-20
3.0060000000000002,-1.4873962073580798,5.199178647246188e-19,1.00733737719882,0.14537301852960705,-9.39037515796149e-19,-0.004189158663500724,0.9999030940571119,1.23699064260024e-19,-0.013921296455946443,-2.3078841278466127e-20
3.008,-1.4871060378655854,5.180351386454797e-19,1.0073290054756165,0.14479603662079338,-9.436859062875395e-19,-0.004182576749749414,0.9999021611478618,1.2328454759435776e-19,-0.013988142544148496,-2.2359295559485437e-20
3.0100000000000002,-1.4868170248281012,5.161431326542735e-19,1.0073206467513303,0.14421657097758603,-9.48317441540479e-19,-0.004176159594832207,0.9999012397851972,1.2287205297406158e-19,-0.014053849153370643,-2.1640507825649006e-20
3.012,-1.4865291731679346,5.142418803732522e-19,1.0073123006977105,0.1436346667178182,-9.529322107077316e-19,-0.004169905930344538,0.9999003300995376,1.2245201503682311e-19,-0.014118422958528516,-2.023803324805745e-20
3.0140000000000002,-1.4862424877174292,5.123314152415686e-19,1.0073039669890622,0.14305036868713014,-9.575303078346568e-19,-0.004163814468998379,0.9998994322158481,1.220244861270494e-19,-0.014181870625013806,-1.815349274548247e-20
3.016,-1.4859569732195093,5.104117705043118e-19,1.0072956453022828,0.1424637214594176,-9.62111832605839e-19,-0.004157883905256824,0.9998985462537205,1.2158948798824217e-19,-0.014244198808511134,-1.538809766026287e-20
3.0180000000000002,-1.4856726343282225,5.084829792019767e-19,1.007287335316899,0.14187476933728718,-9.666768900271084e-19,-0.004152112915960258,0.9998976723274534,1.2115194181998137e-19,-0.014305414154816766,-1.2285682856228884e-20
3.02,-1.4853894756092827,5.065450741614196e-19,1.0072790367151003,0.1412835563525192,-9.712255886840802e-19,-0.004146500160944157,0.9998968105461319,1.20711890768202e-19,-0.014365523299659184,-8.847859778078624e-21
3.0220000000000002,-1.48510750154061,5.04598087990797e-19,1.0072707491817736,0.1406901262665377,-9.757580370578122e-19,-0.00414104428364858,0.9998959610137073,1.2028402445005118e-19,-0.01442453286852151,-6.102897507847197e-21
3.024,-1.4848267165128721,5.026420530868412e-19,1.0072624724045345,0.14009452257088734,-9.80274338508567e-19,-0.004135743911719357,0.9998951238290754,1.1985842464945273e-19,-0.014482449476465748,-3.3647153184222373e-21
3.0260000000000002,-1.4845471248300226,5.006770016419904e-19,1.0072542060737586,0.1394967884877174,-9.847745941165836e-19,-0.004130597657601065,0.9998942990861547,1.1944002827954154e-19,-0.01453927972795886,-9.755175493205872e-22
3.028,-1.4842687307098403,4.987029656511253e-19,1.0072459498826112,0.13889696697027273,-9.892588986178361e-19,-0.00412560411912181,0.999893486873964,1.1904362387146142e-19,-0.014595030216700661,3.845689312236523e-23
3.0300000000000002,-1.4839915382844655,4.967199769306924e-19,1.0072377035270763,0.13829510070339138,-9.93727336661099e-19,-0.004120761880069894,0.9998926872766992,1.1865413358415993e-19,-0.014649707525453517,7.0793531538723e-22
3.032,-1.4837155516009373,4.947280671334144e-19,1.0072294667059836,0.13769123210400894,-9.9817998822268e-19,-0.004116069510762367,0.9998919003738098,1.182765667390622e-19,-0.014703318225873846,6.915151073185585e-22
3.0340000000000003,-1.4834407746217277,4.927272677555991e-19,1.0072212391210351,0.13708540332166963,-1.002616928689126e-18,-0.004111525568605568,0.9998911262400749,1.1790077659098183e-19,-0.014755868878345414,6.748509937842275e-22
3.036,-1.4831672112252774,4.907176101461158e-19,1.0072130204768306,0.13647765623904384,-1.0070382324875958e-18,-0.004107128598647645,0.9998903649456776,1.1750660067455608e-19,-0.014807366031814404,2.0284402398390248e-21
3.0380000000000003,-1.4828948652065277,4.886991254960118e-19,1.0072048104808917,0.13586803247245213,-1.0114439831844893e-18,-0.0041028771341232095,0.9998896165562804,1.1709920699504937e-19,-0.01485781622362628,4.407223274180151e-21
3.04,-1.4826237402774531,4.866718448216735e-19,1.0071966088436848,0.13525657337239572,-1.0158342717993708e-18,-0.0040987696969900025,0.999888881133099,1.1668883779425935e-19,-0.014907225979364395,7.123116295351926e-21
3.0420000000000003,-1.4823538400675926,4.846357989541214e-19,1.007188415278643,0.13464332002409304,-1.020209191297353e-18,-0.004094804798457819,0.9998881587329758,1.1627546995761385e-19,-0.014955601812690372,1.017531901616208e-20
3.044,-1.4820851681245797,4.825910185374367e-19,1.0071802295021874,0.1340283132480228,-1.0245688362895651e-18,-0.004090980939509593,0.9998874494084525,1.158591231659691e-19,-0.015002950225186237,1.3563439849492536e-20
3.0460000000000003,-1.481817727914671,4.805375340252038e-19,1.0071720512337472,0.13341159360047297,-1.0289133028354891e-18,-0.004087296611414748,0.9998867532078429,1.154346739484352e-19,-0.01504927770619828,1.762971097025237e-20
3.048,-1.4815515228232743,4.784753756752962e-19,1.0071638801957778,0.13279320137409586,-1.0331350549481753e-18,-0.004083750296234876,0.9998860701753038,1.0960770438342323e-19,-0.015094590732682666,1.6465428556466143e-20
3.0500000000000003,-1.4812865561554753,4.764052550616505e-19,1.0071557161137799,0.13217317659846922,-1.0369116229424335e-18,-0.004080340467321819,0.9998854003509069,9.286482556598585e-20,-0.01513889576905276,1.376861064677126e-20
3.052,-1.4810228311365632,4.743279890361307e-19,1.0071475587163148,0.13155155904066318,-1.0404602870817811e-18,-0.004077065589808117,0.9998847437707087,1.0903347979971052e-19,-0.015182199267028174,1.4659463087570676e-20
3.0540000000000003,-1.480760350912555,4.722426681926324e-19,1.0071394077350222,0.130928388205813,-1.0448583068004216e-18,-0.004073924121089935,0.9998841004668205,1.0323395778460828e-19,-0.015224507665485516,1.2817225477862022e-20
3.056,-1.480499118550719,4.701495716023455e-19,1.007131262904634,0.13030370333769772,-1.0482720893772725e-18,-0.004070914511302587,0.9998834704674782,9.747225782693152e-20,-0.015265827390310854,1.0295223136394006e-20
3.0580000000000003,-1.4802391370400965,4.680491204465519e-19,1.0071231239629888,0.12967754341932414,-1.052105334081741e-18,-0.004068035203788543,0.9998828537971103,8.624278819647022e-20,-0.015306164854253856,7.69559693174991e-21
3.06,-1.479980409292023,4.659423083632113e-19,1.0071149906510444,0.12904994717351662,-1.0546333640034427e-18,-0.004065284635558135,0.9998822504764066,7.506644343559277e-20,-0.015345526456783625,5.102614585339526e-21
3.0620000000000003,-1.4797229381406487,4.638299096465604e-19,1.0071068627128912,0.1284209530635124,-1.0576923133535382e-18,-0.004062661237742935,0.9998816605223849,7.490687893089537e-20,-0.015383918583946204,2.6837036962208292e-21
3.064,-1.4794667263434558,4.617123716457528e-19,1.0070987398957623,0.1277905992935622,-1.0598803660237555e-18,-0.004060163436041852,0.9998810839484592,6.927902768670688e-20,-0.015421347608223755,1.868585995887103e-22
3.0660000000000003,-1.4792117765817765,4.595897457703566e-19,1.0070906219500448,0.12715892380953633,-1.0628160665570928e-18,-0.004057789651160075,0.9998805207645048,7.4620886949775e-20,-0.01545781988839538,-2.476915661805699e-21
3.068,-1.4789580914613094,4.574617606476616e-19,1.0070825086292887,0.12652596429953586,-1.0650958595699401e-18,-0.004055538299240794,0.9998799709769248,5.793318202506575e-20,-0.01549334176939962,-1.3630691730275278e-21
3.0700000000000003,-1.478705673512634,4.553294743123176e-19,1.007074399690216,0.12589175819450926,-1.0670460467083102e-18,-0.004053407792289873,0.9998794345887149,4.679605044127633e-20,-0.015527919582198575,5.1898633883710005e-22
3.072,-1.4784545251917247,4.53193831596413e-19,1.0070662948927287,0.12525634266887398,-1.068775551075428e-18,-0.0040513965385934915,0.999878911599528,6.318744821444439e-20,-0.01556155964364367,-6.0371051897517055e-22
3.074,-1.4782046488804625,4.510536560812486e-19,1.0070581939999153,0.12461975464114317,-1.071470879990053e-18,-0.004049502943128747,0.9998784020057382,6.308134257526763e-20,-0.015594268256343038,-1.980657962373514e-21
3.076,-1.4779560468871475,4.489088148452501e-19,1.0070500967780571,0.12398203077455733,-1.0732977730876705e-18,-0.004047725407967381,0.9998779058005041,5.74937875565781e-20,-0.015626051708530538,-3.4397815884218816e-21
3.078,-1.4777087214470075,4.467599284266053e-19,1.0070420029966345,0.12334320747772093,-1.075552196101732e-18,-0.004046062332672569,0.9998774229738315,5.194032901639959e-20,-0.015656916273936356,-4.552368946255094e-21
3.08,-1.4774626747227073,4.4460736329856695e-19,1.00703391242833,0.12270332090524386,-1.0770484898324856e-18,-0.00404451211468896,0.9998769535126357,5.73953747312642e-20,-0.01568686821165924,-5.83321087974614e-21
3.082,-1.4772179088048563,4.42450729837864e-19,1.007025824849034,0.1220624069583876,-1.079620358491737e-18,-0.004043073149725898,0.999876497400803,6.833326882602279e-20,-0.0157159137660403,-8.738264672550358e-21
3.084,-1.4769744257125135,4.402894608923589e-19,1.007017740037846,0.12142050128571617,-1.0815401357840814e-18,-0.004041743832133932,0.9998760546192513,5.1793573426722775e-20,-0.01574405916653842,-1.1039339534179121e-20
3.086,-1.4767322273936936,4.381243556957157e-19,1.0070096577770782,0.12077763928375165,-1.0836723718815349e-18,-0.004040522555274704,0.9998756251459915,6.816985366557691e-20,-0.01577131062760723,-9.391418762563211e-21
3.088,-1.4764913157258692,4.359543436147431e-19,1.007001577852257,0.1201338560976343,-1.0864465119982911e-18,-0.004039407711884202,0.9998752089561858,8.446852143610445e-20,-0.015797674348573647,-7.747553918448984e-21
3.09,-1.476251692516474,4.337781440156943e-19,1.006993500052123,0.11948918662178715,-1.0898593842687255e-18,-0.004038397694429506,0.9998748060222081,1.0068994716161309e-19,-0.015823156513517986,-6.1081265394859386e-21
3.092,-1.4760133595034022,4.3159448259356237e-19,1.0069854241686325,0.11884366550058502,-1.0939078320222154e-18,-0.004037490895458992,0.9998744163137024,1.1682367256806503e-19,-0.01584776329115563,-3.78828009952081e-21
3.094,-1.4757763183555095,4.2940219896217134e-19,1.0069773499969557,0.11819732712902793,-1.0983734697572499e-18,-0.004036685707946159,0.9998740397976403,1.1098591640412577e-19,-0.015871500834720227,-3.87810724903997e-21
3.096,-1.47554057067311,4.272016449090745e-19,1.0069692773354766,0.11755020565341877,-1.102178520461811e-18,-0.004035980525627054,0.9998736764383787,1.0517250045425011e-19,-0.015894375281848425,-2.9393514685673667e-21
3.098,-1.4753061179884734,4.2499320570224784e-19,1.0069612059857904,0.1169023349720452,-1.1061870563289545e-18,-0.004035373743331365,0.9998733261977166,1.048577128167143e-19,-0.01591639275446618,-1.2301377944164765e-21
3.1,-1.4750729617663205,4.2277719259652836e-19,1.0069531357527015,0.11625374873586576,-1.1098601359161734e-18,-0.004034863757307278,0.9998729890349517,9.906459497816496e-20,-0.01593755935867651,1.0728934832767184e-21
3.102,-1.4748411034043165,4.205537002656801e-19,1.0069450664442199,0.11560448034919997,-1.113522967141119e-18,-0.004034448965540101,0.9998726649069354,8.778982683713675e-20,-0.015957881184648828,4.996475132946054e-21
3.104,-1.4746105442335642,4.183237895649247e-19,1.0069369978715574,0.11495456297042257,-1.1162071927882378e-18,-0.0040341277680647596,0.9998723537681283,7.118700644194146e-20,-0.01597736430650975,3.342895410728023e-21
3.106,-1.474381285519095,4.160888748508884e-19,1.006928929849124,0.11430402951266169,-1.1186709895941321e-18,-0.004033898567272153,0.9998720555706547,6.015021159640958e-20,-0.0159960147822354,1.4388990507278266e-21
3.108,-1.4741533284603587,4.138496109633657e-19,1.0069208621945216,0.11365291264450088,-1.12059258194819e-18,-0.004033759768209539,0.9998717702643565,5.46421595924015e-20,-0.016013838653545227,-2.93949652648338e-23
3.11,-1.473926674191712,4.116064332373906e-19,1.0069127947285397,0.11300124479068503,-1.122513253049147e-18,-0.004033709778874864,0.9998714977968463,4.36618825922686e-20,-0.016030841945797264,-5.543077701847546e-22
3.112,-1.4737013237829053,4.093602050606053e-19,1.0069047272751481,0.11234905813283012,-1.123679161502304e-18,-0.004033747010505196,0.9998712381135603,3.8213555737680175e-20,-0.0160470306678849,-1.6750775431284199e-21
3.114,-1.473477278239568,4.0711142804176684e-19,1.006896659661491,0.11169638461013652,-1.1250622642608098e-18,-0.004033869877859305,0.9998709911578104,3.280751241324433e-20,-0.01606241081213509,-3.820400409999173e-21
3.116,-1.4732545385036933,4.048604221984955e-19,1.0068885917178791,0.11104325592010611,-1.126015772875409e-18,-0.004034076799494397,0.9998707568708362,4.929963540965411e-20,-0.016076988354208045,-2.1819797096742406e-21
3.118,-1.4730331054541201,4.0260617887440876e-19,1.0068805232777822,0.11038970351926294,-1.12837097829599e-18,-0.004034366198037104,0.9998705351918552,6.571905765183608e-20,-0.01609076925299835,-8.898388944983606e-22
3.12,-1.472812979907015,4.003473005544996e-19,1.00687245417782,0.10973575862387737,-1.130399065389971e-18,-0.004034736500448751,0.9998703260581141,5.469338150964702e-20,-0.016103759450537533,-3.469218835477053e-21
3.122,-1.472594162616352,3.9808454842005277e-19,1.0068643842577543,0.10908145221069375,-1.1322092630813142e-18,-0.0040351861382850055,0.9998701294049382,3.8249134844441135e-20,-0.01611596487189808,-6.81554682198376e-21
3.124,-1.4723766542743892,3.958190030488527e-19,1.0068563133604786,0.10842681501766151,-1.133372175420118e-18,-0.004035713547949926,0.999869945165781,5.472446759385139e-20,-0.016127391425098857,-6.5395893224687895e-21
3.126,-1.4721604555121484,3.9354965930810307e-19,1.0068482413320088,0.10777187754466952,-1.1360429938373098e-18,-0.004036317170944421,0.9998697732722723,7.659252793646913e-20,-0.01613804500101195,-5.491221362318685e-21
3.128,-1.4719455668998884,3.912750153042619e-19,1.0068401680214722,0.1071166700542839,-1.1386000154231837e-18,-0.004036995454109353,0.9998696136542676,7.098625729161071e-20,-0.016147931473270944,-7.286420994331872e-21
3.13,-1.4717319889475797,3.889951548428841e-19,1.006832093281097,0.10646122257248887,-1.1411520949110784e-18,-0.004037746849863053,0.9998694662398946,6.540852049814144e-20,-0.016157056698180565,-8.392060784304682e-21
3.132,-1.4715197221053766,3.867107334799804e-19,1.0068240169662008,0.10580556488943098,-1.1431611757104603e-18,-0.004038569816433593,0.9998693309556004,5.987579226757409e-20,-0.016165426514627747,-9.836818231920962e-21
3.134,-1.4713087667640885,3.8442229594314936e-19,1.0068159389351787,0.10514972656016632,-1.1451685261673835e-18,-0.004039462818085707,0.9998692077261987,4.8917045178647224e-20,-0.016173046743994064,-1.2393757342987197e-20
3.136,-1.4710991232556492,3.821303478047165e-19,1.0068078590494909,0.10449373690541083,-1.1468514769059528e-18,-0.0040404243253424265,0.9998690964749151,6.538087587251218e-20,-0.01617992319006957,-1.2102511970238596e-20
3.138,-1.4708907918535845,3.7983388472276585e-19,1.0067997771736503,0.1038376250122937,-1.1497189153845808e-18,-0.004041452815201539,0.9998689971234327,7.081592093710088e-20,-0.01618606163896797,-1.1989340492157081e-20
3.14,-1.4706837727734792,3.775321578826038e-19,1.006791693175209,0.10318141973511352,-1.1520431533795132e-18,-0.004042546771346895,0.999868909591937,8.168662859454986e-20,-0.0161914678590432,-1.2130890853790263e-20
3.142,-1.4704780661734416,3.7522460219744956e-19,1.006783606924745,0.10252514969609762,-1.1556549521454659e-18,-0.004043704684354622,0.99986883379916,9.799688468777956e-20,-0.016196147600807315,-1.3554776015199762e-20
3.144,-1.4702736721545668,3.7290990458090146e-19,1.0067755182958478,0.101868843286164,-1.1590410093288152e-18,-0.004044925051894273,0.9998687696624243,9.776573180348255e-20,-0.016200106596849777,-1.4899420093972586e-20
3.146,-1.470070590761399,3.705879780201077e-19,1.0067674271651046,0.10121252866568613,-1.1629557315712177e-18,-0.00404620637892505,0.9998687170976859,1.0850136802279172e-19,-0.016203350561758027,-1.537852998787618e-20
3.148,-1.4698688219823912,3.6825801813361476e-19,1.0067593334120852,0.10055623376526054,-1.1670740021750331e-18,-0.004047547177887039,0.9998686760195771,1.1919166633419275e-19,-0.016205885192039447,-1.6198238490948378e-20
3.15,-1.4696683657503646,3.659192243412867e-19,1.0067512369193268,0.09989998628647706,-1.1717174793550982e-18,-0.004048945968887585,0.9998686463414485,1.188601668866223e-19,-0.016207716166044606,-1.7536858171001072e-20
3.152,-1.4694692219429657,3.6357158985190107e-19,1.0067431375723184,0.09924381370269161,-1.175914710322582e-18,-0.004050401279882869,0.9998686279754107,1.1853584906213648e-19,-0.016208849143891837,-1.921482533230419e-20
3.154,-1.4692713903831214,3.6121503644517396e-19,1.006735035259485,0.09858774325980169,-1.1807440198540525e-18,-0.004051911646854704,0.9998686208323753,1.2917687011363717e-19,-0.016209289767393123,-2.0710987129640023e-20
3.156,-1.469074870839494,3.5884873277462183e-19,1.006726929872172,0.09793180197702424,-1.1856647298331816e-18,-0.004053475613982603,0.9998686248220955,1.3979162532755667e-19,-0.016209043659981288,-2.2888943920112408e-20
3.158,-1.4688796630269336,3.5647199388358087e-19,1.0067188213046274,0.09727601664767617,-1.1908919481610287e-18,-0.004055091733811203,0.999868639853206,1.1743720626303505e-19,-0.016208116426638483,-2.3881359609496264e-20
3.16,-1.4686857666069282,3.5408657682990223e-19,1.0067107094539862,0.09662041383995712,-1.1943795423987195e-18,-0.004056758567413105,0.9998686658332624,8.97032744316811e-20,-0.01620651365382595,-2.393128640736201e-20
3.162,-1.4684931811880542,3.5169440932355795e-19,1.0067025942202523,0.09596501989773468,-1.1977509575761214e-18,-0.004058474684547092,0.9998687026687801,8.406903572797725e-20,-0.01620424090941508,-2.533742638424633e-20
3.164,-1.4683019063264242,3.492961528218258e-19,1.0066944755062812,0.0953098609413319,-1.2004687136406116e-18,-0.004060238663811959,0.9998687502652731,7.845603287312262e-20,-0.016201303742619716,-2.6397343105885102e-20
3.166,-1.4681119415261328,3.468921429171382e-19,1.0066863532177623,0.09465496286831708,-1.2035045355248387e-18,-0.004062049092795781,0.9998688085272917,7.834601140210165e-20,-0.016197707683929766,-2.7023443641734983e-20
3.168,-1.4679232862397014,3.4448256972136756e-19,1.0066782272632009,0.09400035135429578,-1.2059961388067467e-18,-0.004063904568220849,0.9998688773584594,6.727283143167629e-20,-0.016193458245046016,-2.78252079031475e-20
3.17,-1.4677359398685217,3.4206812492223524e-19,1.0066700975538991,0.09334605185370495,-1.2084840928271928e-18,-0.0040658036960842725,0.9998689566615105,7.264782722771518e-20,-0.016188560918816243,-2.527470775558118e-20
3.172,-1.467549901763297,3.3964849246149913e-19,1.006661964003938,0.09269208960060926,-1.211183632203133e-18,-0.004067745091794287,0.9998690463383264,7.798614191861879e-20,-0.016183021179172533,-2.2045180923014727e-20
3.174,-1.467365171224482,3.3722325021921155e-19,1.0066538265301583,0.0920384896094994,-1.2140937067372052e-18,-0.004069727380302274,0.9998691462899708,8.328235104338144e-20,-0.01617684448106986,-1.7794804214155908e-20
3.176,-1.4671817475027216,3.3479219339037123e-19,1.006645685052141,0.09138527667609248,-1.2168904428410954e-18,-0.004071749196230682,0.9998692564167259,6.116609187740687e-20,-0.016170036260425864,-1.536816991348676e-20
3.178,-1.466999629799287,3.323565889956504e-19,1.0066375394921883,0.09073247537813435,-1.2187136962456714e-18,-0.00407380918399676,0.9998693766181266,6.658604726008923e-20,-0.01616260193406188,-1.3873601434970775e-20
3.18,-1.4668188172665118,3.2991644189321153e-19,1.0066293897753031,0.09008011007620391,-1.2213971122551863e-18,-0.004075905997932201,0.999869506792995,6.650944661220179e-20,-0.016154546899645142,-1.3155775895279119e-20
3.182,-1.4666393090082241,3.274716503083611e-19,1.0066212358291706,0.08942820491451917,-1.2232147030721218e-18,-0.004078038302398821,0.9998696468394749,6.095686235067355e-20,-0.016145876535632233,-1.2871604802871251e-20
3.184,-1.46646110408018,3.25022901401905e-19,1.0066130775841362,0.0887767838217453,-1.2254623845313054e-18,-0.004080204771900195,0.999869796655064,4.4498376069262976e-20,-0.016136596201213688,-1.3106689759919082e-20
3.186,-1.4662842014904927,3.2257116517483784e-19,1.0066049149731866,0.08812587051180433,-1.2262026194160309e-18,-0.004082404091189386,0.999869956136648,2.8125379951405606e-20,-0.01612671123625982,-1.299773358792076e-20
3.188,-1.4661086002000616,3.2011776329880274e-19,1.0065967479319284,0.08747548848468668,-1.2272720179024587e-18,-0.004084634955372809,0.9998701251805321,2.826454092522721e-20,-0.01611622696126772,-1.1937910843538719e-20
3.19,-1.4659342991229998,3.176628278526875e-19,1.0065885763985678,0.08682566102726433,-1.2275927083369642e-18,-0.004086896070010263,0.9998703036824735,1.1996046517932144e-20,-0.016105148677309413,-1.3543982977122423e-20
3.192,-1.4657612971270584,3.152074941992147e-19,1.006580400313889,0.08617641121410563,-1.2275989933895976e-18,-0.004089186151211174,0.9998704915377126,-9.66051722359656e-21,-0.016093481665981204,-1.626176655077897e-20
3.194,-1.4655895930340517,3.127532145736502e-19,1.0065722196212332,0.08552776190829177,-1.22675456780334e-18,-0.004091503925727135,0.9998706886410036,-3.832497728581498e-21,-0.01608123118935418,-1.681803130236733e-20
3.196,-1.465419185620278,3.102996763376433e-19,1.0065640342664781,0.08487973576223472,-1.2267856858590436e-18,-0.004093848131040747,0.9998708948866458,-3.5194421574217055e-21,-0.01606840248992584,-1.7118344772564944e-20
3.198,-1.4652500736169416,3.0784696263489856e-19,1.0065558441980151,0.08423235521849678,-1.2258582026498457e-18,-0.004096217515450854,0.999871110168513,-1.4184593294538022e-20,-0.016055000790572916,-1.759436177177945e-20
3.2,-1.4650822557105698,3.0539565955028504e-19,1.0065476493667282,0.08358564251061153,-1.2254830050002035e-18,-0.004098610838154172,0.9998713343800835,-2.8991552868811757e-21,-0.01604103129450529,-1.6003674886763643e-20
3.202,-1.464915730543432,3.029450589472464e-19,1.006539449725972,0.08293961966390617,-1.2251195009137238e-18,-0.004101026869323429,0.9998715674144685,2.839795884539692e-21,-0.016026499185221057,-1.3820715345779172e-20
3.204,-1.4647504967139537,3.0049481485448777e-19,1.0065312452315498,0.08229430849632538,-1.225198052018458e-18,-0.004103464390181973,0.9998718091644416,8.545941200221648e-21,-0.01601140962646272,-1.1300531019589531e-20
3.206,-1.464586552777132,2.98044332641021e-19,1.0065230358416912,0.0816497306192564,-1.225393310848496e-18,-0.004105922193075011,0.9998720595224663,2.5183117496844462e-20,-0.01599576776217448,-8.268349935514966e-21
3.208,-1.4644238972449466,2.9559255390614536e-19,1.00651482151703,0.0810059074383554,-1.2262430615543537e-18,-0.004108399081537395,0.9998723183807241,1.438873684338466e-20,-0.015979578716460663,-8.423604024679493e-21
3.21,-1.464262528586771,2.931401821282967e-19,1.0065066022205817,0.08036286015437519,-1.2260225572436514e-18,-0.004110893870358123,0.9998725856311418,3.661960279233365e-21,-0.015962847593545222,-9.605925874228778e-21
3.212,-1.4641024452297813,2.906880967928991e-19,1.006498377917721,0.0797206097639941,-1.2260286898925737e-18,-0.004113405385641537,0.999872861165418,-7.008391557814221e-21,-0.015945579477732345,-1.1127653365614655e-20
3.214,-1.4639436455593637,2.882369222113377e-19,1.0064901485761588,0.07907917706064597,-1.2250761824572719e-18,-0.004115932464865257,0.9998731448750495,-6.688215294855873e-21,-0.015927779433368153,-1.1785498650469822e-20
3.216,-1.4637861279195206,2.857868134671026e-19,1.0064819141659198,0.07843858263535139,-1.2251063160628445e-18,-0.004118473956934967,0.999873436651358,4.6051896806713656e-21,-0.015909452504803474,-1.2952384879610587e-20
3.218,-1.4636298906132732,2.8333695739881482e-19,1.0064736746593193,0.07779884687754991,-1.2246079491601558e-18,-0.004121028722236016,0.9998737363855146,-6.082378837790632e-21,-0.015890603716357695,-1.4465826241048078e-20
3.22,-1.463474931903065,2.8088801469490106e-19,1.0064654300309404,0.07715998997593339,-1.2244443604195187e-18,-0.004123595632681902,0.9998740439685654,1.066302473830693e-20,-0.015871238072283658,-1.3826581311776402e-20
3.222,-1.4633212500111628,2.78438742543721e-19,1.0064571802576106,0.07652203191928028,-1.2249368763998846e-18,-0.004126173571759751,0.9998743592914563,2.732356394685515e-20,-0.015851360556733658,-1.2846452055969582e-20
3.224,-1.4631688431200538,2.759878319836901e-19,1.006448925318379,0.07588499249729094,-1.2260822516553743e-18,-0.004128761434572759,0.9998746822450567,4.389964027342377e-20,-0.015830976133726443,-1.1526639497175852e-20
3.226,-1.4630177093728454,2.735339805295278e-19,1.006440665194493,0.07524889130142384,-1.227877254985981e-18,-0.0041313581278796556,0.9998750127201839,6.03916185231802e-20,-0.0158100897471153,-9.867936365710364e-21
3.228,-1.462867846873659,2.7107589214443926e-19,1.0064323998693745,0.07461374772573266,-1.2303186696006266e-18,-0.004133962570131273,0.9998753506076259,7.68107319758234e-20,-0.015788706320557143,-8.556370321992789e-21
3.23,-1.4627192536880245,2.6861227720896823e-19,1.006424129328597,0.07397958096770425,-1.2334032947509352e-18,-0.004136573691504227,0.999875695798165,9.314651677351524e-20,-0.015766830757482666,-6.905868652296128e-21
3.232,-1.462571927843273,2.6614206769678333e-19,1.0064158535598613,0.07334641002909739,-1.2366975328663841e-18,-0.004139190433931776,0.9998760481825998,8.202767338518481e-20,-0.01574446794106749,-7.747768971069043e-21
3.234,-1.462425867328927,2.636659943740786e-19,1.0064075725529735,0.0727142537167823,-1.2393391862655258e-18,-0.0041418117511318785,0.9998764076517673,7.644354451205381e-20,-0.01572162273420434,-8.500486716337795e-21
3.236,-1.4622810700970894,2.611844261182137e-19,1.0063992862998197,0.07208313064358099,-1.242192640452627e-18,-0.004144436608632537,0.9998767740965655,7.090746157118349e-20,-0.01569829997947624,-1.0620835125816577e-20
3.238,-1.4621375340628309,2.5869780118655135e-19,1.0063909947943435,0.07145305922910813,-1.2443960367533694e-18,-0.00414706398379442,0.9998771474079736,6.543016563320122e-20,-0.015674504499130677,-1.4791625163376667e-20
3.24,-1.4619952571045753,2.5620655565330504e-19,1.0063826980325217,0.07082405770061276,-1.2468134150150961e-18,-0.004149692865830831,0.9998775274770739,5.989315253811641e-20,-0.01565024109505481,-1.3471190233089032e-20
3.242,-1.4618542370644838,2.5371105177997944e-19,1.0063743960123408,0.07019614409382048,-1.2485827274502051e-18,-0.004152322255825072,0.9998779141950714,4.888731360312586e-20,-0.015625514548751624,-1.2239252327269672e-20
3.244,-1.4617144717488366,2.512120807839304e-19,1.0063660887337735,0.06956933625377634,-1.2504602150742355e-18,-0.004154951166745253,0.9998783074533152,5.990947878428869e-20,-0.01560032962131709,-1.3751111711057586e-20
3.246,-1.4615759589284143,2.4870892419317863e-19,1.0063577761987543,0.0689436518356882,-1.252767982649888e-18,-0.004157578623456537,0.9998787071433167,7.089561834126553e-20,-0.01557469105341828,-1.628762061368563e-20
3.248,-1.4614386963388757,2.462009387706391e-19,1.0063494584111565,0.0683191083057706,-1.2550735056045091e-18,-0.004160203662730952,0.9998791131567706,4.890636713307494e-20,-0.015548603565272478,-1.727550741958316e-20
3.25,-1.4613026816811356,2.436893495809295e-19,1.0063411353767675,0.06769572294208924,-1.2566234167040782e-18,-0.004162825333254701,0.9998795253855725,5.98679061946412e-20,-0.015522071856627219,-1.569322062111021e-20
3.2520000000000002,-1.4611679126217403,2.4117336760333924e-19,1.0063328071032658,0.06707351283540568,-1.2593584359654708e-18,-0.004165442695633125,0.9998799437218385,7.08010049319776e-20,-0.015495100606741311,-1.4799691867646777e-20
3.254,-1.461034386793241,2.386522779419669e-19,1.0063244736001964,0.06645249489002263,-1.2618742292368334e-18,-0.004168054822393279,0.999880368057923,9.26673369671537e-20,-0.015467694474366786,-1.5108410339896563e-20
3.2560000000000002,-1.460902101794566,2.3612458098179044e-19,1.0063161348789476,0.06583268582462955,-1.265893492936496e-18,-0.0041706607979841905,0.9998807982864367,1.089635227099472e-19,-0.015439858097731797,-1.4816718381873697e-20
3.258,-1.4607710551913915,2.335888551067078e-19,1.0063077909527267,0.06521410217314856,-1.2700101540863112e-18,-0.0041732597187748325,0.999881234300264,1.3611742409289388e-19,-0.015411596094524445,-1.3328893312967172e-20
3.2600000000000002,-1.4606412445165093,2.3104307654841974e-19,1.0062994418365365,0.06459676028558071,-1.2757301322548523e-18,-0.004175850693049882,0.99988167599258,1.357698415046681e-19,-0.015382913061877541,-1.4666343518548872e-20
3.262,-1.460512667270195,2.2848741867561237e-19,1.0062910875471511,0.06398067632885245,-1.27981783171426e-18,-0.0041784328410032585,0.999882123256868,1.189648924776321e-19,-0.015353813576354281,-1.4540658939206478e-20
3.2640000000000002,-1.460385320920572,2.2592298682900396e-19,1.0062827281030926,0.06336586628766236,-1.284540408328162e-18,-0.004181005294729528,0.999882575986935,1.0768210911382949e-19,-0.015324302193934833,-1.2617521418127739e-20
3.266,-1.4602592029039765,2.233506302797601e-19,1.0062743635246068,0.06275234596532817,-1.2877428825436563e-18,-0.004183567198213141,0.9998830340769284,9.646845978486807e-20,-0.01529438345000384,-1.1725940295118853e-20
3.2680000000000002,-1.4601343106253186,2.207714089763387e-19,1.0062659938336396,0.062140130984633744,-1.2914773274033465e-18,-0.004186117707315644,0.9998834974213515,7.43621883525931e-20,-0.01526406185933881,-1.1346962763903919e-20
3.27,-1.4600106414584426,2.181865925144967e-19,1.0062576190538135,0.061529236788676445,-1.293266993014968e-18,-0.004188655989760809,0.9998839659150789,6.333508647332428e-20,-0.015233341916099413,-1.148591845236989e-20
3.2720000000000002,-1.4598881927464853,2.1559733498199381e-19,1.0062492392104037,0.060919678641714395,-1.296133939917977e-18,-0.004191181225117773,0.9998844394533716,7.429845956797185e-20,-0.015202228093817646,-1.1975288579367846e-20
3.274,-1.4597669618022333,2.1300277807582826e-19,1.006240854330314,0.060311471630013914,-1.2984583437393247e-18,-0.004193692604782221,0.9998849179318913,7.976198257207703e-20,-0.015170724845388896,-1.563140433635383e-20
3.2760000000000002,-1.4596469459084782,2.1040249805365706e-19,1.0062324644420544,0.05970463066269696,-1.301641691978589e-18,-0.004196189331955649,0.9998854012467154,6.871771754157991e-20,-0.015138836603063874,-1.713017854958458e-20
3.278,-1.4595281423183695,2.0779754340687422e-19,1.006224069575716,0.05909917047258861,-1.3032051299802223e-18,-0.00419867062162268,0.9998858892943508,5.771809940917338e-20,-0.015106567778441398,-1.7255098774593253e-20
3.2800000000000002,-1.4594105482557667,2.0518849183411718e-19,1.0062156697629485,0.058495105617064426,-1.3057388742892872e-18,-0.004201135700526592,0.9998863819717473,6.320355453268305e-20,-0.015073922762462059,-1.7131029485437098e-20
3.282,-1.4592941609155892,2.0257523644858713e-19,1.0062072650369362,0.0578924504788979,-1.3076241408198411e-18,-0.004203583807142982,0.999886879176311,7.416058351138849e-20,-0.015040905925402725,-1.6239954112362178e-20
3.2840000000000003,-1.4591789774641648,1.999566660898229e-19,1.006198855432375,0.05729121926710766,-1.3110178101883098e-18,-0.004206014191651701,0.999887380805918,7.961996357320723e-20,-0.015007521616871897,-1.6117448132699573e-20
3.286,-1.4590649950395764,1.973325324351771e-19,1.0061904409854485,0.05669142601780467,-1.3129003373527234e-18,-0.0042084261159069745,0.9998878867589263,5.2161621412906125e-20,-0.014973774165805904,-1.6487853758515727e-20
3.2880000000000003,-1.4589522107520068,1.94704811882786e-19,1.0061820217338049,0.05609308459503922,-1.3147848907086825e-18,-0.00421081885340586,0.9998883969341884,4.674595402103911e-20,-0.014939667880465936,-1.5500540856477107e-20
3.29,-1.4588406216840821,1.9207407323083447e-19,1.006173597716534,0.05549620869164776,-1.3158110049968609e-18,-0.0042131916892550495,0.9998889112310643,3.039698842556299e-20,-0.014905207048435903,-1.5021797532142748e-20
3.2920000000000003,-1.4587302248912133,1.8944138429292042e-19,1.006165168974144,0.054900811830099476,-1.3169507960767682e-18,-0.0042155439201359566,0.9998894295494316,4.155820714775634e-20,-0.014870395936621103,-1.6534371897387494e-20
3.294,-1.4586210174019358,1.8680619470857403e-19,1.0061567355485375,0.05430690736334271,-1.3180961100946667e-18,-0.004217874854268268,0.999889951789699,1.9744241405417637e-20,-0.014835238791247728,-1.647716207217329e-20
3.2960000000000003,-1.4585129962182481,1.8416989325936172e-19,1.0061482974829898,0.05371450847565103,-1.3181709342897075e-18,-0.004220183811371894,0.9998904778528154,1.4448968568952248e-20,-0.014799739837863151,-1.4119159985312503e-20
3.298,-1.4584061583159482,1.8153310875832346e-19,1.006139854822125,0.05312362818346902,-1.3184717250709002e-18,-0.004222470122627421,0.9998910076402825,-7.25723265306739e-21,-0.01476390328133704,-1.2695228990326856e-20
3.3000000000000003,-1.4583005006449683,1.7889743527086517e-19,1.0061314076118935,0.05253427933625776,-1.3171681910497982e-18,-0.00422473313063497,0.9998915410541642,-1.2379267271524143e-20,-0.014727733305863244,-1.342945377962753e-20
3.302,-1.458196020129708,1.7626349116133508e-19,1.006122955899549,0.05194647461733994,-1.3167425067948842e-18,-0.004226972189371711,0.999892077997098,-2.2963939741995527e-20,-0.014691234074962489,-1.389988462117037e-20
3.3040000000000003,-1.4580927136693653,1.7363185626693814e-19,1.0061144997336262,0.051360226544744564,-1.314823354051123e-18,-0.004229186664147833,0.9998926183723038,-3.3511430654555633e-20,-0.014654409731485834,-1.4369438382474982e-20
3.306,-1.4579905781382674,1.7100343025403602e-19,1.0061060391639176,0.05077554747205125,-1.3134621366928973e-18,-0.004231375931561179,0.9998931620835948,-5.497070594046951e-20,-0.014617264397618929,-1.6025464588705265e-20
3.3080000000000003,-1.4578896103861976,1.6837964724411933e-19,1.0060975742414513,0.05019244958923412,-1.3101810174306989e-18,-0.004233539379450455,0.9998937090353859,-6.540429810131059e-20,-0.014579802174887017,-1.4775564472477374e-20
3.31,-1.457789807238722,1.657614676035565e-19,1.0060891050184686,0.04961094492350516,-1.3082177477765498e-18,-0.0042356764068471634,0.9998942591327036,-4.836358570547615e-20,-0.01454202714416072,-1.415649508817096e-20
3.3120000000000003,-1.457691165497515,1.631475528880628e-19,1.0060806315484014,0.049031045340157106,-1.305628553071963e-18,-0.004237786423926163,0.9998948122811946,-4.783269343316647e-20,-0.014503943365662568,-1.5833810306762225e-20
3.314,-1.4575936819406812,1.6053814862551297e-19,1.0060721538858506,0.04845276254340583,-1.3038149626333406e-18,-0.00423986885195501,0.9998953683871343,-4.181909666353044e-20,-0.014465554878974286,-1.6742632385070856e-20
3.3160000000000003,-1.4574973533230766,1.579325679545022e-19,1.0060636720865628,0.047876108077232124,-1.30191237352778e-18,-0.004241923123242018,0.9998959273574355,-1.9407710219148085e-20,-0.014426865703044824,-1.6041499524764063e-20
3.318,-1.4574021763766298,1.553291223075424e-19,1.0060551862074096,0.047301093326222926,-1.3018586565432943e-18,-0.004243948681083104,0.9998964890996562,8.402269711218671e-21,-0.01438787983619913,-1.594836486724077e-20
3.3200000000000003,-1.4573081478106584,1.5272555694077115e-19,1.006046696306365,0.04672772951641195,-1.3016006725340953e-18,-0.004245944979707474,0.9998970535220073,-7.801634532852758e-21,-0.014348601256147644,-1.6488643606517193e-20
3.322,-1.4572152643121856,1.5012314270814076e-19,1.0060382024424834,0.046156027716119645,-1.300708026218545e-18,-0.004247911484222141,0.9998976205333605,-2.3923739763093744e-20,-0.014309033919996527,-1.7369312630447476e-20
3.3240000000000003,-1.4571235225462553,1.475231457898876e-19,1.0060297046758782,0.04558599883679254,-1.2991838594161362e-18,-0.004249847670555313,0.9998981900432555,-3.995951253591403e-20,-0.014269181764258612,-1.8932607713061018e-20
3.326,-1.4570329191562448,1.4492682609524403e-19,1.0060212030677003,0.04501765363384185,-1.2970313020351973e-18,-0.004251753025398688,0.9998987619619071,-5.591909755915056e-20,-0.014229048704865058,-2.0492073627711365e-20
3.3280000000000003,-1.4569434507641752,1.4233543728706944e-19,1.0060126976801165,0.04445100270748144,-1.294253470107432e-18,-0.004253627046148693,0.9998993362002115,-7.18077365574172e-20,-0.014188638637177727,-2.1704696541067343e-20
3.33,-1.4568551139710224,1.3975022681173434e-19,1.006004188576288,0.04388605650356494,-1.2908534633739868e-18,-0.0042554692408466824,0.9998999126697536,-8.762581595196447e-20,-0.014147955436002245,-2.257049660059377e-20
3.332,-1.456767905357024,1.3717243593456322e-19,1.0059956758203497,0.04332282531442223,-1.286834363508784e-18,-0.004257279128118119,0.999900491282813,-1.0337369781800683e-19,-0.014107002955601772,-2.3091118070553197e-20
3.334,-1.4566818214819857,1.3460329977355583e-19,1.005987159477388,0.04276131927969503,-1.2821992358951499e-18,-0.004259056237110795,0.9999010719523699,-1.1905655453101145e-19,-0.014065785029711462,-2.292516737500067e-20
3.336,-1.456596858885586,1.3204404733505574e-19,1.0059786396134212,0.04220154838717173,-1.2769511262522533e-18,-0.0042608001074320775,0.9999016545921109,-1.3468443354751201e-19,-0.014024305471553589,-2.1388621143124678e-20
3.338,-1.456513014087679,1.294959015558504e-19,1.0059701162953778,0.04164352247362135,-1.2710930587916128e-18,-0.0042625102890852355,0.9999022391164352,-1.5023843973888159e-19,-0.013982568073853376,-1.9854842430263476e-20
3.34,-1.4564302835885954,1.269600793406634e-19,1.0059615895910758,0.04108725122562669,-1.2646280419320536e-18,-0.004264186342404879,0.9999028254404592,-1.6571411313176894e-19,-0.013940576608855478,-1.8666867542607836e-20
3.342,-1.4563486638694423,1.244377915904404e-19,1.0059530595692026,0.04053274418041651,-1.2575590718905733e-18,-0.004265827837991546,0.9999034134800221,-1.811117970441402e-19,-0.01389833482834113,-1.7823073158255502e-20
3.344,-1.456268151392401,1.2193024322573138e-19,1.0059445262992937,0.03998001072669688,-1.2498891324839605e-18,-0.004267434356645372,0.9999040031516908,-1.9643661289218426e-19,-0.013855846463645969,-1.698002389076239e-20
3.346,-1.4561887426010234,1.194386332132103e-19,1.0059359898517133,0.039429060105481535,-1.2416211936912534e-18,-0.004269005489299035,0.9999045943727646,-2.116936432496944e-19,-0.013813115225678489,-1.5795910240140652e-20
3.348,-1.456110433920526,1.1696415459466052e-19,1.0059274502976334,0.038879901410921326,-1.232758209380473e-18,-0.004270540836949835,0.9999051870612793,-2.268785174695559e-19,-0.013770144804939167,-1.461417830555979e-20
3.35,-1.4560332217580836,1.1450799452023503e-19,1.005918907709014,0.03833254359113263,-1.2233031188625995e-18,-0.004272040010591051,0.9999057811360118,-2.4199626169979175e-19,-0.013726938871540209,-1.3092607548922644e-20
3.352,-1.4559571025031197,1.120713342752989e-19,1.0059103621585834,0.037786995449024814,-1.2132588457864767e-18,-0.004273502631142541,0.9999063765164843,-2.5704255799529963e-19,-0.013683501075225948,-1.1573829352546405e-20
3.354,-1.455882072527597,1.096553493145947e-19,1.005901813719818,0.037243265643126605,-1.2026282985887605e-18,-0.004274928329380635,0.9999069731229678,-2.7202242924988514e-19,-0.013639835045393865,-9.715621941448107e-21
3.356,-1.455808128186304,1.0726120929072095e-19,1.0058932624669228,0.03670136268841148,-1.1914143706002931e-18,-0.00427631674586732,0.999907570876486,-2.869315190911858e-19,-0.013595944391116234,-7.861021136340739e-21
3.358,-1.455735265817143,1.0488997048760996e-19,1.0058847084748122,0.03616129495712193,-1.1799427298143074e-18,-0.004277667530878771,0.9999081696988182,-2.743271360051468e-19,-0.013551832701162381,-8.036135738019542e-21
3.36,-1.4556634817414134,1.0254071183945663e-19,1.0058761518190902,0.03562307067959263,-1.1695054709253288e-18,-0.00427898034433325,0.9999087695125036,-2.5631328722493645e-19,-0.013507503544021578,-8.137203789132528e-21
3.362,-1.4555927722640953,1.0021205112363516e-19,1.0058675925760314,0.035086697945072576,-1.1591289615865567e-18,-0.004280254855718344,0.9999093702408433,-2.6035403201507146e-19,-0.013462960467926511,-6.4789046238158014e-21
3.364,-1.4555231336741306,9.790429880178297e-20,1.005859030822562,0.03455218470254592,-1.1485971992908129e-18,-0.004281490744017662,0.9999099718079035,-2.6437583059670064e-19,-0.013418207000877376,-4.8253047027666046e-21
3.366,-1.4554545622447028,9.561776461355294e-20,1.0058504666362404,0.03401953876155181,-1.137910950810119e-18,-0.00428268769763692,0.9999105741385184,-2.683649247616573e-19,-0.013373246650666555,-4.202660769668544e-21
3.368,-1.4553870542335152,9.335275676373477e-20,1.0058419000952397,0.033488767793002944,-1.1270709838418813e-18,-0.004283845414329501,0.9999111771582919,-2.723351736369659e-19,-0.013328082904903891,-3.581450352785119e-21
3.37,-1.455320605883067,9.110958192359905e-20,1.0058333312783274,0.03295987933000297,-1.1160780623875802e-18,-0.0042849636011214835,0.9999117807936009,-2.7629585746204115e-19,-0.013282719231042543,-2.276816418877243e-21
3.372,-1.4552552134209285,8.888854524491106e-20,1.005824760264848,0.03243288076866261,-1.104932942658943e-18,-0.004286041974236143,0.9999123849715968,-2.802470648810606e-19,-0.01323715907640542,-2.899744700618218e-22
3.374,-1.455190873060014,8.668995037521997e-20,1.0058161871347047,0.03190777936891461,-1.0936363725604928e-18,-0.00428708025901801,0.9999129896202075,-2.841843429876953e-19,-0.01319140586821219,2.0348254167565104e-21
3.376,-1.4551275809988538,8.451409947237554e-20,1.0058076119683403,0.03138458225532737,-1.0821890940936e-18,-0.004288078189856427,0.9999135946681388,-2.880987290942962e-19,-0.01314546301360685,4.01151758369135e-21
3.378,-1.455065333421863,8.236129321209851e-20,1.0057990348467207,0.030863296417917286,-1.0705918486252713e-18,-0.004289035510108707,0.9999142000448766,-2.9198576494250826e-19,-0.01309933389968587,5.29910703344446e-21
3.38,-1.4550041264996112,8.023183078726458e-20,1.0057904558513155,0.03034392871295982,-1.0588453772271355e-18,-0.004289951972022834,0.999914805680688,-2.9585005301802136e-19,-0.013053021893526879,6.241045564684215e-21
3.382,-1.454943956389088,7.812600990829851e-20,1.0057818750640812,0.029826485863799216,-1.0469504210764135e-18,-0.004290827336659796,0.9999154115066223,-2.996916485221865e-19,-0.013006530342217913,6.83855794774738e-21
3.384,-1.4548848192339692,7.604412680537585e-20,1.0057732925674436,0.029310974461656883,-1.034907719456782e-18,-0.00429166137381554,0.9999160174545124,-3.035151266047233e-19,-0.012959862572887199,7.435497691202309e-21
3.386,-1.454826711164879,7.398647623229625e-20,1.00576470844428,0.028797400966438392,-1.0227180090487931e-18,-0.004292453861942529,0.9999166234569753,-3.073161059344118e-19,-0.012913021892733486,7.68842034651519e-21
3.388,-1.4547696282996527,7.195335147149959e-20,1.0057561227779024,0.028285771707539112,-1.0103820245347628e-18,-0.004293204588071043,0.9999172294474132,-3.1109909695704327e-19,-0.012866011589056914,7.939960883969944e-21
3.39,-1.4547135667435966,6.994504433877331e-20,1.00574753565204,0.027776092884648416,-9.979004976764366e-19,-0.004293913347730069,0.9999178353600141,-3.1486419017791585e-19,-0.012818834929290396,8.190527522540117e-21
3.392,-1.4546585225897468,6.796184519044894e-20,1.0057389471508227,0.02726837056855249,-9.85274156381346e-19,-0.004294579944867965,0.9999184411297515,-3.186114756756991e-19,-0.012771495161031531,8.440527541585926e-21
3.394,-1.4546044919191259,6.600404292993321e-20,1.005730357358764,0.026762610701935672,-9.72503725457059e-19,-0.0042952041917728246,0.9999190466923856,-3.223454194153879e-19,-0.01272399551207505,9.033000762763585e-21
3.396,-1.4545514708009983,6.40719250166596e-20,1.0057217663607445,0.026258819100180346,-9.5958992311026e-19,-0.004295785908992575,0.9999196519844629,-3.260748856050602e-19,-0.012676339190445753,1.0652806967604099e-20
3.398,-1.454499455293125,6.216577748462587e-20,1.005713174241996,0.02575700145216535,-9.465334567834093e-19,-0.004296324925254831,0.999920256943316,-3.297956220900566e-19,-0.012628529384431956,1.2954063276925474e-20
3.4,-1.4544484414420142,6.028588496124542e-20,1.0057045810880842,0.025257163321062877,-9.333350256208625e-19,-0.004296821077386538,0.9999208615070638,-3.335033539792454e-19,-0.012580569262619455,1.5591707125296687e-20
3.402,-1.4543984252831734,5.843253068221106e-20,1.0056959869848936,0.02475931014513389,-9.199953229521262e-19,-0.004297274210233424,0.9999214656146114,-3.371895422682614e-19,-0.012532461973925978,1.7880483724344362e-20
3.404,-1.4543494028413577,5.660599649804779e-20,1.0056873920186105,0.024263447238521956,-9.065150414817613e-19,-0.004297684176579214,0.9999220692056485,-3.4085423501169537e-19,-0.012484210647636121,1.9821625776023223e-20
3.406,-1.4543013701308172,5.48065628748581e-20,1.005678796275708,0.023769579792045567,-8.928948723913842e-19,-0.004298050837064741,0.9999226722206502,-3.445018186622291e-19,-0.012435818393436776,2.1758590895964364e-20
3.408,-1.4542543231555431,5.3034508899352717e-20,1.0056701998429305,0.02327771287398887,-8.791355032427108e-19,-0.004298374060106852,0.9999232746008752,-3.481366475760072e-19,-0.012387288301453045,2.4033616723828364e-20
3.41,-1.4542082579095124,5.129011228857123e-20,1.0056616028072771,0.02278785143089082,-8.652376165823634e-19,-0.004298653721817229,0.9999238762883652,-3.517587978169316e-19,-0.012338623442284624,2.6646307143014624e-20
3.412,-1.454163170376929,4.957364939973706e-20,1.0056530052559878,0.022300000288332726,-8.512018887006485e-19,-0.004298889705921024,0.9999244772259446,-3.55368385084523e-19,-0.01228982686704266,2.959545421064301e-20
3.414,-1.454119056532467,4.7885395244390086e-20,1.0056444072765272,0.02181416415172416,-8.370289899764398e-19,-0.0042990819036754675,0.9999250773572181,-3.5896125160085543e-19,-0.012240901607387066,3.2537624235015446e-20
3.416,-1.4540759123415088,4.6225623496637275e-20,1.0056358089565698,0.021330347607087272,-8.227195874674783e-19,-0.004299230213788344,0.9999256766265706,-3.625374771130121e-19,-0.012191850675564303,3.547283295757997e-20
3.418,-1.4540337337603833,4.4594606499719676e-20,1.0056272103839858,0.020848555121839387,-8.082743453156125e-19,-0.004299334542336401,0.999926274979165,-3.660971241050507e-19,-0.012142677064445622,3.8401096312237e-20
3.42,-1.4539925167366028,4.2992615271110005e-20,1.0056186116468258,0.020368791045573986,-7.936939243786081e-19,-0.004299394802683719,0.9999268723609412,-3.696319716477744e-19,-0.012093383747565738,4.0637563566810856e-20
3.422,-1.4539522572090973,4.141991950662666e-20,1.0056100128333059,0.01989105961083998,-7.789789875546455e-19,-0.004299410915400046,0.9999274687186144,-3.73142033413833e-19,-0.012043973679161973,4.218387483312394e-20
3.424,-1.4539129511084483,3.98767875737935e-20,1.0056014140317946,0.019415364933919255,-7.641301988055234e-19,-0.004299382808179084,0.9999280639996728,-3.7663567332044323e-19,-0.011994449794213812,4.372653218869447e-20
3.426,-1.4538745943571205,3.836348651412637e-20,1.0055928153307978,0.01894171101560256,-7.491482201798365e-19,-0.004299310415756787,0.9999286581523767,-3.801088471738172e-19,-0.011944815008482922,4.4923313127380585e-20
3.428,-1.4538371828696917,3.6880282046831776e-20,1.0055842168189448,0.01847010174196359,-7.340337117181091e-19,-0.004299193679829672,0.9999292511257559,-3.835739286885424e-19,-0.011895072218553572,4.680213540900512e-20
3.43,-1.4538007125530812,3.542743857681888e-20,1.0055756185849747,0.018000540885131363,-7.187873265643965e-19,-0.004299032548973121,0.9999298428696075,-3.870228797853322e-19,-0.0118452243018735,4.8676512816167036e-20
3.432,-1.453765179306778,3.400521920813514e-20,1.0055670207177225,0.017533032104060823,-7.034097144501366e-19,-0.004298826978559748,0.9999304333344942,-3.90447590992129e-19,-0.011795274116795188,4.9861181308666915e-20
3.434,-1.4537305790230657,3.2613885743561604e-20,1.0055584233061061,0.017067578945301646,-6.879015262416938e-19,-0.004298576930677799,0.9999310224717416,-3.9385624149223255e-19,-0.011745224502617554,5.10430503396043e-20
3.436,-1.453696907587246,3.125369868658711e-20,1.005549826439112,0.016604184843765277,-6.722634105915346e-19,-0.004298282374049608,0.9999316102334364,-3.9725293204938373e-19,-0.011695078279628058,5.256476376435965e-20
3.438,-1.4536641608778622,2.992491724795829e-20,1.0055412302057833,0.016142853123490133,-6.564960105824261e-19,-0.004297943283950156,0.999932196572423,-4.006377412689777e-19,-0.011644838249145206,5.442510918518529e-20
3.44,-1.4536323347669196,2.862779935752875e-20,1.0055326346952058,0.015683586998404993,-6.405999633496177e-19,-0.004297559642125675,0.9999327814423019,-4.040147816075761e-19,-0.011594507193561459,5.696632707179454e-20
3.442,-1.4536014251201053,2.7362601680311005e-20,1.0055240399964953,0.015226389573090544,-6.245758972767651e-19,-0.004297131436712405,0.999933364797426,-4.0737620223962317e-19,-0.011544087876386533,5.950193189975365e-20
3.444,-1.4535714277970055,2.612957962780734e-20,1.0055154461987852,0.01477126384353907,-6.08424439077505e-19,-0.00429665866215542,0.9999339465928988,-4.1071803524089573e-19,-0.011493583042291098,6.168929889639089e-20
3.446,-1.453542338651323,2.4928987359183266e-20,1.0055068533912137,0.014318212697912287,-5.921462124531705e-19,-0.004296141319127611,0.9999345267845706,-4.1405225638237693e-19,-0.011442995417150846,6.455635625428365e-20
3.448,-1.4535141535310914,2.376086260343036e-20,1.0054982616629113,0.013867238917297277,-5.7617221577192605e-19,-0.004295579414448802,0.9999351053290366,-3.8444626242016155e-19,-0.011392327708090962,6.505152670588018e-20
3.45,-1.4534868682788877,2.2623306237200865e-20,1.0054896711029893,0.013418345176460539,-5.614693109461786e-19,-0.004294972961004988,0.999935682183633,-3.76882073738508e-19,-0.011341582603530949,6.28963375763143e-20
3.452,-1.4534604787320462,2.1515468919792237e-20,1.0054810818005266,0.012971534044600127,-5.46416986944077e-19,-0.004294321977667775,0.999936257306434,-3.693547890382251e-19,-0.011290762773229835,5.971873019315592e-20
3.454,-1.4534349807228668,2.0436685116996885e-20,1.005472493844559,0.012526807986095869,-5.326307555215277e-19,-0.004293626489213992,0.9999368306562488,-3.3447877602124685e-19,-0.011239870868331753,5.925637582401068e-20
3.456,-1.4534103700788257,1.938446406447508e-20,1.0054639073240663,0.01208416936125764,-5.196738302218281e-19,-0.004292886526245452,0.9999374021926183,-3.2173566847374405e-19,-0.011188909521411864,6.19744332179114e-20
3.458,-1.453386642622781,1.835786906240268e-20,1.005455322327962,0.011643620427071698,-5.067891169138988e-19,-0.004292102125108944,0.9999379718758116,-3.419313904684891e-19,-0.011137881346522658,6.294702123182776e-20
3.46,-1.4533637941731805,1.7357976556213654e-20,1.0054467389450812,0.011205163337945048,-4.932229298286796e-19,-0.004291273327816433,0.9999385396668223,-3.2363050860676497e-19,-0.011086788939240592,6.09194899305705e-20
3.462,-1.4533418205442643,1.6383742389242334e-20,1.0054381572641686,0.01076880014644784,-4.8102261775946215e-19,-0.004290400181965452,0.9999391055273658,-3.2188188317954926e-19,-0.01103563487671308,6.042667006324007e-20
3.464,-1.4533207175462692,1.543480913858457e-20,1.0054295773738688,0.010334532804053777,-4.680295547940778e-19,-0.0042894827406597365,0.9999396694198744,-3.0916951492356364e-19,-0.010984421717705833,5.937104679639492e-20
3.466,-1.4533004809856291,1.4510282927112495e-20,1.005420999362715,0.009902363161878518,-4.566152714173179e-19,-0.004288521062430118,0.9999402313074953,-2.9101816212776546e-19,-0.010933152002650529,5.803526730477321e-20
3.468,-1.4532811066651756,1.3608915240906014e-20,1.0054124233191173,0.009472292971416075,-4.447268387199529e-19,-0.004287515211155626,0.999940791154085,-2.894480296294085e-19,-0.010881828253692815,5.857868129941799e-20
3.47,-1.4532625903843364,1.2730469678547894e-20,1.005403849331353,0.009044323885273185,-4.337648271830555e-19,-0.00428646525598489,0.9999413489242067,-2.8241066117723e-19,-0.010830452974740655,5.986565800807426e-20
3.472,-1.453244927939332,1.1874388514609124e-20,1.0053952774875565,0.008618457457901643,-4.2243403468163975e-19,-0.0042853712712577745,0.9999419045831264,-2.6990415921849745e-19,-0.010779028651512982,6.052440238626524e-20
3.474,-1.4532281151233717,1.1039649681901239e-20,1.0053867078757075,0.008194695146328595,-4.123503781856461e-19,-0.004284233336427312,0.999942458096808,-2.6293185318615873e-19,-0.010727557751588684,6.043643380181198e-20
3.476,-1.4532121477268476,1.022566590099407e-20,1.0053781405836222,0.007773038310884764,-4.0167876735794776e-19,-0.00428305153598194,0.9999430094319105,-2.5597784196247745e-19,-0.010676042724455898,5.897788645029127e-20
3.478,-1.4531970215375272,9.431781049136632e-21,1.005369575698943,0.007353488215930603,-3.923588306134013e-19,-0.004281825959367991,0.9999435585557831,-2.271311739905564e-19,-0.010624486001561627,5.80989454755345e-20
3.48,-1.4531827323407447,8.656302230073161e-21,1.0053610133091282,0.006936046030580381,-3.829850067591949e-19,-0.004280556700912508,0.9999441054364614,-2.477595749233128e-19,-0.010572889996361644,5.772595543374924e-20
3.482,-1.4531692759195904,7.900270198918376e-21,1.0053524535014426,0.006520712829424157,-3.731278720315406e-19,-0.004279243859746381,0.9999446500426631,-2.408715868752576e-19,-0.010521257104370732,5.695887586001491e-20
3.484,-1.4531566480550997,7.16321398140561e-21,1.0053438963629484,0.0061074895932476635,-3.6397303086118495e-19,-0.0042778875397278,0.9999451923437838,-2.3403630574328276e-19,-0.010469589703213173,5.687936698256422e-20
3.486,-1.4531448445264397,6.444629330265773e-21,1.0053353419804951,0.005696377209750072,-3.5465609415567575e-19,-0.004276487849366037,0.9999457323098925,-2.3271220948454207e-19,-0.01041789015267359,5.639979674563217e-20
3.488,-1.453133861111094,5.744408989583734e-21,1.0053267904407108,0.005287376474259628,-3.4560876541019544e-19,-0.004275044901745569,0.9999462699117276,-2.3685636190941506e-19,-0.010366160794748027,5.517821741763551e-20
3.49,-1.453123693585048,5.062839869304386e-21,1.0053182418299929,0.0048804880904471555,-3.359691391122979e-19,-0.004273558814450531,0.9999468051206926,-2.409808133038141e-19,-0.010314403953695343,5.3958788191896054e-20
3.492,-1.4531143377229705,4.400135691707594e-21,1.0053096962344987,0.004475712671037415,-3.2681559697395974e-19,-0.004272029709489535,0.9999473379088507,-2.341374488247662e-19,-0.01026262193608888,5.319751894443582e-20
3.494,-1.4531057892983952,3.755720765364263e-21,1.0053011537401377,0.004073050738518302,-3.1760794684022066e-19,-0.004270457713220873,0.9999478682489216,-2.218512814360997e-19,-0.010210817030868407,5.317940582373495e-20
3.496,-1.4530980440839005,3.1289502054111434e-21,1.0052926144325625,0.003672502725847882,-3.0920671425385834e-19,-0.00426884295627802,0.9999483961142758,-2.1511259781962992e-19,-0.010158991509392338,5.3790312426242405e-20
3.498,-1.4530910978512879,2.5191476476707407e-21,1.0052840783971595,0.003274068977159248,-3.006397343997155e-19,-0.004267185573495613,0.9999489214789309,-2.0840257016658519e-19,-0.010107147625490216,5.4056932547664574e-20
3.5,-1.4530849463717586,1.925783004878244e-21,1.005275545719042,0.0028777497484631905,-2.927685918174104e-19,-0.0042654857038356975,0.9999494443175464,-2.017207703027744e-19,-0.010055287615515461,5.398008815598301e-20
3.5020000000000002,-1.4530795854160896,1.3483647421369948e-21,1.0052670164830413,0.002483545208348676,-2.847289268368785e-19,-0.004263743490314461,0.9999499646054193,-1.9508374918189668e-19,-0.010003413698398389,5.3903513358401324e-20
3.504,-1.4530750107548076,7.86368901354399e-22,1.005258490773698,0.002091455438681116,-2.772742339473455e-19,-0.004261959079929295,0.9999504823184793,-1.8847469415400014e-19,-0.00995152807569946,5.3484698904152125e-20
3.5060000000000002,-1.4530712181583614,2.3941761985955986e-22,1.0052499686752556,0.0017014804352984245,-2.6964830044522493e-19,-0.004260132623586297,0.9999509974332839,-1.873621575623955e-19,-0.009899632931662813,5.1299726882757914e-20
3.508,-1.453068203397294,-2.9257769906230533e-22,1.0052414502716513,0.0013136201087048517,-2.622823747894333e-19,-0.004258264276028166,0.9999515099270138,-1.972191789346989e-19,-0.00984773043327002,4.9010523470398914e-20
3.5100000000000002,-1.4530659622424116,-8.092391839622252e-22,1.0052329356465093,0.0009278742847625852,-2.5431477428075043e-19,-0.004256354195762506,0.999952019777468,-1.8512372250979654e-19,-0.009795822730294095,4.9341835865065735e-20
3.512,-1.4530644904649532,-1.311016595619719e-21,1.0052244248831332,0.0005442427053811104,-2.474696555285773e-19,-0.004254402544990569,0.999952526963059,-1.7308902196709813e-19,-0.009743911955353748,5.001470306049669e-20
3.5140000000000002,-1.4530637838367573,-1.7988937389223876e-21,1.0052159180644986,0.00016272502920432007,-2.405575902142385e-19,-0.004252409489536392,0.999953031462808,-1.5564924404419891e-19,-0.00969200022396786,5.279537315319426e-20
3.516,-1.4530638381304273,-2.2743156902243535e-21,1.0052074152732455,-0.00021667916770463284,-2.3487037458246057e-19,-0.0042503751987763875,0.9999535332563396,-1.5473586149392397e-19,-0.009640089634610204,5.36970769563992e-20
3.5180000000000002,-1.4530646491194972,-2.737357559405715e-21,1.0051989165916722,-0.0005939703911807498,-2.2814144530752057e-19,-0.004248299845569367,0.9999540323238774,-1.702699673075816e-19,-0.009588182268764383,5.13539868528221e-20
3.52,-1.4530662125785936,-3.1872315395843618e-21,1.0051904221017272,-0.0009691492282768764,-2.217746994253779e-19,-0.004246183606186994,0.9999545286462381,-1.6382391200266004e-19,-0.009536280190978994,5.162557727573346e-20
3.5220000000000002,-1.4530685242835981,-3.624194482844026e-21,1.0051819318850037,-0.0013422163465856742,-2.1523020805281867e-19,-0.004244026660244705,0.9999550222048278,-1.6288433824160492e-19,-0.009484385448923017,5.115837671667964e-20
3.524,-1.453071580011807,-4.048394064198704e-21,1.0051734460227322,-0.001713172493563884,-2.0893958030702548e-19,-0.004241829190633063,0.9999555129816355,-1.6741833033614628e-19,-0.009432500073441413,4.9269663022375965e-20
3.5260000000000002,-1.4530753755420913,-4.459367823952063e-21,1.005164964595774,-0.002082018495858887,-2.02040310346168e-19,-0.004239591383449569,0.9999560009592294,-1.7194042384865587e-19,-0.009380626078610935,4.704274170122346e-20
3.528,-1.4530799066550537,-4.856833318860216e-21,1.0051564876846155,-0.002448755258637574,-1.9550310406874644e-19,-0.004237313427930937,0.9999564861207512,-1.6548904680109396e-19,-0.009328765461796151,4.492473435583822e-20
3.5300000000000002,-1.4530851691331854,-5.241118308733054e-21,1.005148015369361,-0.002813383764917526,-1.8868028254675196e-19,-0.004234995516385821,0.9999569684499104,-1.8101351875716723e-19,-0.009276920203705664,4.432104975686929e-20
3.532,-1.4530911587610205,-5.6111503664612834e-21,1.0051395477297276,-0.003175905074900518,-1.8125065558011911e-19,-0.004232637844128049,0.9999574479309806,-1.9645152823337936e-19,-0.009225092268448542,4.234893911674961e-20
3.5340000000000003,-1.4530978713252904,-5.965718900365387e-21,1.0051310848450385,-0.003536320325308351,-1.7321724020555226e-19,-0.004230240609410262,0.9999579245487928,-2.1181296986366502e-19,-0.009173283603590926,4.0039175457796975e-20
3.536,-1.4531053026150762,-6.303619341525591e-21,1.005122626794218,-0.0038946307287210154,-1.6458304342838969e-19,-0.00422780401335812,0.9999583982887315,-2.2709185962223734e-19,-0.009121496140212858,3.670726093499185e-20
3.5380000000000003,-1.4531134484219588,-6.623868319014097e-21,1.0051141736557847,-0.004250837572917205,-1.5578144487854705e-19,-0.004225328259904897,0.9999588691367285,-2.09413174222572e-19,-0.00906973179296527,3.471155317772135e-20
3.54,-1.4531223045401698,-6.927531639634527e-21,1.005105725507847,-0.004604942220217172,-1.478892460503403e-19,-0.004222813555726616,0.9999593370792585,-2.0828075563112508e-19,-0.00901799246012718,3.428423678407985e-20
3.5420000000000003,-1.4531318667667392,-7.214916781150673e-21,1.0050972824280973,-0.00495694610682794,-1.3950323028126798e-19,-0.00422026011017766,0.9999598021033338,-1.9619516540595003e-19,-0.008966280023663049,3.4641255582531556e-20
3.544,-1.453142130901643,-7.486831976144659e-21,1.0050888444938064,-0.005306850742190886,-1.3266997974809705e-19,-0.0042176681352268635,0.9999602641964983,-1.62231304057566e-19,-0.008914596349280336,3.4509302968449433e-20
3.5460000000000003,-1.4531530927479486,-7.74580184573253e-21,1.0050804117818188,-0.00565465770833168,-1.2630571251758726e-19,-0.004215037845394121,0.9999607233468232,-1.6133250561835737e-19,-0.008862943286487212,3.374091742735538e-20
3.548,-1.4531647481119596,-7.992079335539595e-21,1.0050719843685474,-0.006000368659212609,-1.1997757331302737e-19,-0.004212369457687448,0.9999611795429011,-1.6043787953194254e-19,-0.008811322668650453,3.297432056475926e-20
3.5500000000000003,-1.4531770928033587,-8.225736534544126e-21,1.0050635623299686,-0.006343985320087274,-1.136853948401008e-19,-0.004209663191540614,0.9999616327738413,-1.5955044314125724e-19,-0.008759736313053492,3.255215668654549e-20
3.552,-1.45319012263535,-8.446845196076403e-21,1.0050551457416177,-0.006685509486857685,-1.0742900943919303e-19,-0.004206919268751181,0.9999620830292643,-1.5866415232075058e-19,-0.008708186020954639,3.178871962513001e-20
3.5540000000000003,-1.4532038334247999,-8.655476740387082e-21,1.005046734678584,-0.007024943025433738,-1.0120825134317383e-19,-0.004204137913419152,0.9999625302992962,-1.577819679164177e-19,-0.008656673577645465,3.1026249017464743e-20
3.556,-1.4532182209923752,-8.85170225784825e-21,1.0050383292155065,-0.007362287871095096,-9.50229562083376e-20,-0.004201319351886043,0.9999629745745637,-1.5690091130919646e-19,-0.008605200752509326,2.9922906744554615e-20
3.5580000000000003,-1.4532332811626827,-9.035592511729252e-21,1.005029929426569,-0.007697546027855473,-8.887296196601687e-20,-0.004198463812674511,0.9999634158461892,-1.5603276157794523e-19,-0.008553769299080062,2.984969020441609e-20
3.56,-1.4532490097644055,-9.207217937779344e-21,1.0050215353854963,-0.00803071956782933,-8.275810189747992e-20,-0.0041955715264284914,0.9999638541057847,-1.5516872760713934e-19,-0.008502380955100822,2.977702338819429e-20
3.5620000000000003,-1.4532654026304384,-9.366648637601934e-21,1.00501314716555,-0.008361810630600985,-7.667820915529851e-20,-0.004192642725853824,0.9999642893454469,-1.5430002845305791e-19,-0.008451037442583046,2.867655245567212e-20
3.564,-1.453282455598022,-9.51395438433005e-21,1.005004764839524,-0.008690821422596137,-7.063312326408997e-20,-0.0041896776456594505,0.9999647215577522,-1.5343531462778041e-19,-0.0083997404678656,2.757825598054541e-20
3.5660000000000003,-1.4533001645088766,-9.649204633147369e-21,1.0049963884797408,-0.009017754216455827,-6.462268639901153e-20,-0.004186676522499054,0.9999651507357511,-1.5257744924710324e-19,-0.008348491721674019,2.682518476883251e-20
3.568,-1.453318525209333,-9.772468523469166e-21,1.0049880181580484,-0.009342611350412817,-5.864673935243577e-20,-0.004183639594913265,0.9999655768729628,-1.517207029769166e-19,-0.008297292879179916,2.5731221904016934e-20
3.5700000000000003,-1.453337533550464,-9.883814878360973e-21,1.004979653945815,-0.009665395227670421,-5.270512658879419e-20,-0.0041805671032724085,0.9999659999633702,-1.508650114264415e-19,-0.008246145600060508,2.4297176370026432e-20
3.572,-1.4533571853882126,-9.983312212442516e-21,1.0049712959139265,-0.009986108315783749,-4.6797694506003234e-20,-0.0041774592897197435,0.9999664200014142,-1.5001037394640037e-19,-0.008195051528558265,2.2523042435275178e-20
3.5740000000000003,-1.4533774765835215,-1.0071028737913397e-20,1.0049629441327834,-0.010304753146043424,-4.092429474036879e-20,-0.004174316398115212,0.9999668369819886,-1.491567126382198e-19,-0.008144012293540694,2.041003340332412e-20
3.576,-1.4533984030024585,-1.0147032373053975e-20,1.004954598672296,-0.010621332312861729,-3.5084781274168905e-20,-0.004171138673979776,0.9999672509004351,-1.4830126435418456e-19,-0.008093029508560246,1.7616708768368413e-20
3.5780000000000003,-1.4534199605163436,-1.0211390749804567e-20,1.0049462596018826,-0.010935848473161211,-2.9279014921665947e-20,-0.004167926364440213,0.9999676617525378,-1.4744114727106964e-19,-0.00804210477191433,1.3802032245735036e-20
3.58,-1.453442145001872,-1.026417122932459e-20,1.004937926990465,-0.011248304345765752,-2.3506862709749933e-20,-0.0041646797181744835,0.9999680695345176,-1.465874400166321e-19,-0.00799123966670545,1.0339026239704624e-20
3.5820000000000003,-1.453464952341238,-1.0305440906665466e-20,1.0049296009064668,-0.011558702710794084,-1.7768191727371698e-20,-0.00416139898535761,0.999968474243027,-1.4574284747041852e-19,-0.00794043576090145,7.570320445263649e-21
3.584,-1.4534883784222574,-1.033526660753011e-20,1.0049212814178092,-0.011867046409055781,-1.2062863945945317e-20,-0.004158084417608121,0.9999688758751457,-1.4491014507712623e-19,-0.007889694607395874,5.8365133893910924e-21
3.586,-1.4535124191384874,-1.035371487454684e-20,1.0049129685919094,-0.012173338341449721,-6.390734328706367e-21,-0.004154736267934954,0.999969274428374,-1.4408392117365137e-19,-0.00783901774406842,4.449444523853188e-21
3.588,-1.4535370703893467,-1.0360851956546564e-20,1.0049046624956768,-0.012477581468365011,-7.516554851789754e-22,-0.004151354790684967,0.9999696699006284,-1.4326144859353532e-19,-0.007788406693845502,3.065641635589322e-21
3.59,-1.4535623280802337,-1.0356743808196075e-20,1.004896363195511,-0.012779778809084399,4.8545186778677696e-21,-0.0041479402414909584,0.9999700622902363,-1.4244000662681085e-19,-0.007737862964760918,1.3424466606754557e-21
3.592,-1.4535881881226438,-1.0341456095707231e-20,1.0048880707572991,-0.013079933441190156,1.042793131816519e-20,-0.004144492877220193,0.9999704515959305,-1.4161693306804625e-19,-0.007687388050016594,-1.0619866500854463e-21
3.594,-1.4536146464342854,-1.0315054202738416e-20,1.004879785246413,-0.01337804849997245,1.596872036540623e-20,-0.004141012955923483,0.9999708378168437,-1.407948031017723e-19,-0.0076369834280434435,-3.803797487661563e-21
3.596,-1.4536416989391947,-1.0277603242511417e-20,1.0048715067277079,-0.0136741271778402,2.1477020366361112e-20,-0.004137500736784836,0.9999712209525043,-1.39976261388305e-19,-0.007586650562562299,-6.5391284501016624e-21
3.598,-1.4536693415678494,-1.0229168057825894e-20,1.004863235265519,-0.013968172723734419,2.695296663216475e-20,-0.0041339564800715505,0.99997160100283,-1.3916912237903085e-19,-0.007536390902644936,-8.240446156678162e-21
3.6,-1.453697570257281,-1.0169813216325976e-20,1.0048549709236598,-0.014260188442544055,3.239670024214355e-20,-0.0041303804470849475,0.9999719779681234,-1.3837340297598398e-19,-0.0074862058827751795,-8.910201583026409e-21
3.602,-1.4537263809511862,-1.0099602996084552e-20,1.0048467137654211,-0.014550177694524321,3.78083694529524e-20,-0.00412677290011156,0.9999723518490666,-1.3758654005524147e-19,-0.007436096922910095,-8.893085481127797e-21
3.604,-1.4537557696000374,-1.0018601374006432e-20,1.0048384638535675,-0.014838143894717524,4.3188126382249403e-20,-0.004123134102374906,0.9999727226467159,-1.3680341086803807e-19,-0.007386065428541246,-8.875623382054433e-21
3.606,-1.453785732161191,-9.926872022073085e-21,1.0048302212503364,-0.0151240905123764,4.8536123608613966e-20,-0.0041194643179877566,0.9999730903624966,-1.3602399472138554e-19,-0.007336112790756035,-8.858221805654705e-21
3.608,-1.4538162645989958,-9.82447830760731e-21,1.0048219860174359,-0.015408021070389941,5.385251377086777e-20,-0.004115763811904967,0.9999734549981982,-1.3525584961105522e-19,-0.007286240386299113,-7.812923839332421e-21
3.61,-1.4538473628848996,-9.71148328650394e-21,1.004813758216044,-0.015689939144711743,5.913745632281591e-20,-0.004112032849876826,0.9999738165559691,-1.3449902514599413e-19,-0.00723644957763385,-5.7421662021530216e-21
3.612,-1.4538790229975547,-9.587949689319333e-21,1.0048055379068057,-0.01596984836379084,6.439111646955772e-20,-0.004108271698402949,0.9999741750383112,-1.3374354917642382e-19,-0.007186741713003884,-4.018988908822455e-21
3.614,-1.4539112409229222,-9.453939917014756e-21,1.0047973251498328,-0.01624775240800507,6.961365770581261e-20,-0.004104480624686696,0.9999745304480755,-1.3299431691663034e-19,-0.007137118126494719,-1.9572623882718515e-21
3.616,-1.4539440126543755,-9.309516042876277e-21,1.0047891200047019,-0.016523655009096947,7.480524465814131e-20,-0.004100659896590121,0.9999748827884563,-1.3225134071810296e-19,-0.007087580138095389,4.426171281298964e-22
3.618,-1.4539773341928022,-9.154739809538057e-21,1.0047809225304531,-0.016797559949612025,7.996604357139492e-20,-0.004096809782589452,0.9999752320629863,-1.315145929010827e-19,-0.0070381290537601775,3.179442375250212e-21
3.62,-1.4540112015467057,-8.989672625710342e-21,1.0047727327855893,-0.017069471062339813,8.509622256322338e-20,-0.004092930551731116,0.9999755782755323,-1.307865110423326e-19,-0.00698876616547039,6.595067635659307e-21
3.622,-1.4540456107323045,-8.81437555864011e-21,1.0047645508280745,-0.017339392229757184,9.019595464142878e-20,-0.0040890224735882705,0.999975921430289,-1.3006229153182223e-19,-0.006939492751296176,1.0002578051178601e-20
3.624,-1.4540805577736313,-8.628909330448563e-21,1.0047563767153331,-0.017607327383474303,9.526541147852433e-20,-0.0040850858182178785,0.999976261531775,-1.2934189774244429e-19,-0.006890310075458397,1.3401993357231829e-20
3.626,-1.4541160387026306,-8.433334319537471e-21,1.0047482105042491,-0.01787328050368309,1.00304764900986e-19,-0.004081120856118325,0.9999765985848273,-1.2862768797115266e-19,-0.006841219388390546,1.7135986296045067e-20
3.628,-1.4541520495592557,-8.227710560507135e-21,1.004740052251165,-0.01813725561860819,1.0531418732359849e-19,-0.004077127858187521,0.9999769325945964,-1.279149484743895e-19,-0.006792221926800702,2.0518457351153132e-20
3.63,-1.4541885863915636,-8.012097745677071e-21,1.004731902011881,-0.018399256803960477,1.1029384784362524e-19,-0.004073107095681569,0.9999772635665416,-1.2720596184253984e-19,-0.00674331891373353,2.389329998717517e-20
3.632,-1.4542256452558098,-7.786770421715157e-21,1.0047237598416547,-0.018659288182393072,1.1481352961302975e-19,-0.004069058840173938,0.9999775915064258,-9.906522479215506e-20,-0.006694511558632307,2.4018444762445174e-20
3.634,-1.454263222216542,-7.553795153246191e-21,1.0047156257952001,-0.018917353922959897,1.1801439458282017e-19,-0.0040649833635151575,0.9999779164203109,-7.104854391597412e-20,-0.006645801057400999,2.2771418348077043e-20
3.636,-1.4543013133466913,-7.315013349630506e-21,1.0047074999266874,-0.019173458240576743,1.207643938106219e-19,-0.004060880937793055,0.9999782383145527,-7.059062982280813e-20,-0.006597188592466349,2.3400647756983803e-20
3.638,-1.4543399147276646,-7.07075015826579e-21,1.0046993822897423,-0.019427605395484885,1.2349579746071845e-19,-0.004056751835293477,0.9999785571957961,-7.013722101453254e-20,-0.0065486753328400146,2.4371030797632928e-20
3.64,-1.4543790224494337,-6.821042673853138e-21,1.004691272937446,-0.0196797996927172,1.2620870278015763e-19,-0.004052596328461577,0.9999788730709702,-6.9688350850217e-20,-0.006500262434180711,2.5681758680440133e-20
3.642,-1.4544186326106254,-6.565927794749346e-21,1.0046831719223344,-0.019930045481566832,1.2890320777721317e-19,-0.004048414689863586,0.9999791859472842,-6.923728997411633e-20,-0.006451951038856391,2.630446862048045e-20
3.644,-1.4544587413186085,-6.305442226928636e-21,1.004675079296398,-0.02017834715505838,1.3157940563924883e-19,-0.004044207192149087,0.9999794958322213,-6.878396905314864e-20,-0.006403742276006443,2.624038598672493e-20
3.646,-1.454499344689581,-6.0396224964034785e-21,1.0046669951110827,-0.02042470914942161,1.3423738401513406e-19,-0.004039974108013849,0.9999798027335353,-6.832837160891476e-20,-0.0063556372616039,2.5491139022688535e-20
3.648,-1.4545404388486567,-5.768504959325593e-21,1.0046589194172881,-0.02066913594356772,1.3687722544677889e-19,-0.00403571571016315,0.9999801066592449,-6.787703165892163e-20,-0.006307637098517674,2.5086315519556078e-20
3.65,-1.4545820199299486,-5.492125805425305e-21,1.0046508522653692,-0.020911632058568098,1.3949901424636957e-19,-0.004031432271275594,0.9999804076176296,-6.742780846035184e-20,-0.006259742876574795,2.4682850531403422e-20
3.652,-1.4546240840766544,-5.21052105555229e-21,1.0046427937051352,-0.02115220205713565,1.4210283540868266e-19,-0.004027124063967451,0.9999807056172249,-6.69828458211052e-20,-0.006211955672622666,2.4622177296014848e-20
3.654,-1.4546666274411382,-4.923726559569003e-21,1.0046347437858503,-0.02139085054310862,1.4468877363930688e-19,-0.004022791360757542,0.9999810006668174,-6.65357040328407e-20,-0.006164276550591321,2.3877143737336154e-20
3.656,-1.4547096461850122,-4.6317780013166966e-21,1.0046267025562339,-0.021627582160936975,1.4725691015221682e-19,-0.004018434434032543,0.9999812927754407,-6.609058672541552e-20,-0.006116706561555691,2.3133869926055515e-20
3.658,-1.454753136479218,-4.3347109046639524e-21,1.0046186700644606,-0.0218624015951713,1.4980732477674207e-19,-0.004014053556012873,0.9999815819523701,-6.564750084351565e-20,-0.006069246743797874,2.2392351754142767e-20
3.66,-1.4547970945041055,-4.032560633914805e-21,1.0046106463581608,-0.022095313569954235,1.5234009607917073e-19,-0.004009648998719053,0.9999818682071188,-6.519807208870487e-20,-0.006021898122869401,2.028237116189281e-20
3.662,-1.4548415164495128,-3.725362404604102e-21,1.0046026314844212,-0.022326322848514425,1.548552938472122e-19,-0.004005221033938548,0.9999821515494328,-6.474843219764633e-20,-0.005974661711653503,1.7834325880007725e-20
3.664,-1.4548863985148424,-3.413151296848777e-21,1.004594625489785,-0.02255543423266301,1.57352985414126e-19,-0.004000769933193123,0.999982431989287,-6.430478723060153e-20,-0.005927538510427372,1.6077389049092237e-20
3.666,-1.454931736909139,-3.095962252766784e-21,1.004586628420253,-0.02278265256229266,1.5983324123290437e-19,-0.003996295967706705,0.99998270953688,-6.38630572035046e-20,-0.005880529506924419,1.432461181646777e-20
3.668,-1.454977527851165,-2.7738300732182775e-21,1.0045786403212833,-0.023007982714879107,1.6229613231535601e-19,-0.0039917994083737115,0.9999829842026298,-6.341920376071551e-20,-0.005833635676396513,1.1890673462532528e-20
3.67,-1.4550237675694742,-2.4467894206320656e-21,1.0045706612377934,-0.02323142960498522,1.6474172440244584e-19,-0.00398728052572789,0.9999832559971701,-6.297516808392696e-20,-0.005786857981676221,9.120656924478011e-21
3.672,-1.4550704523024867,-2.1148748289822414e-21,1.0045626912141592,-0.023452998183767615,1.67170080951715e-19,-0.003982739589911635,0.999983524931345,-6.253294421935843e-20,-0.00574019737323902,6.357608452261726e-21
3.674,-1.4551175782985608,-1.778120707486813e-21,1.0045547302942175,-0.02367269343848578,1.695812635794591e-19,-0.003978176870645784,0.9999837910162056,-6.208658748070894e-20,-0.00569365478926551,2.5727322773641008e-21
3.676,-1.4551651418160654,-1.4365613465687624e-21,1.0045467785212656,-0.023890520392013725,1.7197533227717892e-19,-0.003973592637199919,0.9999840542630045,-6.167135022924894e-20,-0.005647231155703587,3.936255627315301e-21
3.678,-1.45521313912345,-1.090230887678051e-21,1.004538835938063,-0.024106484102354157,1.7435237569072893e-19,-0.003968987158363112,0.9999843146831927,-6.125449238494767e-20,-0.005600927386330614,4.612852941809989e-21
3.68,-1.455261566499315,-7.391632968178756e-22,1.0045309025868319,-0.024320589662155185,1.7660488150528148e-19,-0.003964360702415198,0.9999845722884144,-5.535699585679775e-20,-0.005554744382815555,5.3185498094871774e-21
3.682,-1.4553104202324803,-3.8407361777778426e-22,1.0045229785092586,-0.024532842198229536,1.7851810941759634e-19,-0.003959713537098477,0.9999848270905033,-4.948581071392852e-20,-0.005508683034781096,5.679027113344193e-21
3.684,-1.4553596966220532,-2.5136786529133298e-23,1.0045150637464948,-0.024743246871076298,1.804163515376408e-19,-0.003955045929589924,0.9999850791014783,-4.912483665992329e-20,-0.005462744219865726,6.0083727986923506e-21
3.686,-1.4554093919774955,3.3747435436889437e-22,1.004507158339158,-0.024951808874405183,1.8219243070373377e-19,-0.003950358146473829,0.9999853283335391,-4.329078385636961e-20,-0.005416928803785794,7.737507822480712e-21
3.688,-1.4554595026186887,7.0351557595767155e-22,1.0044992623273332,-0.025158533434663292,1.8384644298951394e-19,-0.003945650453714954,0.9999855747990627,-4.291667915503434e-20,-0.0053712376403975345,4.977973109066753e-21
3.69,-1.4555100248760002,1.0728504199650457e-21,1.0044913757505745,-0.025363425810564427,1.8548606117387622e-19,-0.003940923116632105,0.9999858185105983,-4.254591563161408e-20,-0.005325671571759058,2.5672272884831022e-21
3.692,-1.455560955090346,1.4454501499338503e-21,1.0044834986479052,-0.02556649129262088,1.8711133748631634e-19,-0.003936176399872225,0.999986059480864,-4.2180325753546953e-20,-0.005280231428192303,8.47506285590584e-22
3.694,-1.4556122896132553,1.821286138581502e-21,1.004475631057821,-0.02576773520267776,1.8872232967868963e-19,-0.003931410567384879,0.9999862977227427,-4.1819972372923614e-20,-0.00523491802834495,-1.8282820667914385e-22
3.696,-1.455664024806931,2.200329879199534e-21,1.0044677730182896,-0.025967162893449827,1.9031909914219765e-19,-0.00392662588239725,0.9999865332492778,-4.146301306266653e-20,-0.0051897321792522995,-8.684728785051814e-22
3.698,-1.455716157044313,2.5825529890236488e-21,1.0044599245667538,-0.02616477974806082,1.9190170903374063e-19,-0.003921822607389551,0.9999867660736692,-4.11076756119723e-20,-0.0051446746763990974,-1.5524954619142446e-21
3.7,-1.4557686827091365,2.967927212390594e-21,1.0044520857401313,-0.026360591179585308,1.9347022218511197e-19,-0.003917001004070917,0.9999869962092698,-4.075215902008441e-20,-0.005099746303781324,-2.5775564444064666e-21
3.702,-1.455821598195993,3.3564244170070773e-21,1.004444256574818,-0.026554602630593033,1.9502470114797944e-19,-0.003912161333355725,0.9999872236695813,-4.0403522899965526e-20,-0.005054947833967935,-2.5730320803237907e-21
3.704,-1.455874899910388,3.748016601791081e-21,1.004436437106688,-0.02674681957269577,1.9656521316878684e-19,-0.003907303855340371,0.9999874484682498,-4.0056557163229675e-20,-0.005010280028162546,-2.5681155902349873e-21
3.706,-1.4559285842687992,4.142675900496055e-21,1.004428627371097,-0.026937247506096672,1.9809182573456883e-19,-0.0039024288292804805,0.9999876706190632,-3.971122130130379e-20,-0.004965743636265077,-2.5632137713121877e-21
3.708,-1.4559826476987325,4.5403745813299455e-21,1.004420827402882,-0.02712589195914212,1.9960460591286414e-19,-0.003897536513568576,0.9999878901359462,-3.9367524853216235e-20,-0.004921339396933335,-2.5579204642619373e-21
3.71,-1.4560370866387786,4.94108504641823e-21,1.004413037236365,-0.027312758487876065,2.0110362065344312e-19,-0.003892627165712148,0.9999881070329573,-3.902377168825392e-20,-0.004877068037644547,-2.8952998997212646e-21
3.712,-1.4560918975386674,5.344779829240703e-21,1.0044052569053534,-0.027497852675596873,2.025889332724974e-19,-0.003887701042312195,0.9999883213242844,-3.867822847448797e-20,-0.00483293027475683,-3.9167906753367084e-21
3.714,-1.4561470768593225,5.751431585857823e-21,1.0043974864431424,-0.02768118013241664,2.0406060383386986e-19,-0.00388275839904215,0.9999885330242418,-3.8334221396884917e-20,-0.004788926813570611,-4.935862448980131e-21
3.716,-1.456202621072914,6.1610130906715074e-21,1.0043897258825167,-0.027862746494823017,2.0551869022581411e-19,-0.0038777994906273017,0.9999887421472661,-3.7986790720071595e-20,-0.004745058348389976,-6.980493227427982e-21
3.718,-1.456258526662911,6.573497228018589e-21,1.0043819752557528,-0.0280425574252435,2.0696324420785625e-19,-0.003872824570824562,0.9999889487079123,-3.76358818382789e-20,-0.004701325562583961,-1.0048251697738746e-20
3.72,-1.456314790124133,6.988856979737118e-21,1.0043742345946205,-0.02822061861161222,2.0839431084925905e-19,-0.003867833892402713,0.9999891527208509,-3.728308032175521e-20,-0.0046577291286477845,-1.379446093479269e-20
3.722,-1.4563714079628005,7.40706541083649e-21,1.004366503930385,-0.028396935766939198,2.098119295363995e-19,-0.003862827707123046,0.9999893542008637,-3.692995360200713e-20,-0.004614269708263998,-1.7875260962376087e-20
3.724,-1.4564283766965849,7.82809566303126e-21,1.0043587832938092,-0.028571514628882088,2.1121613769020208e-19,-0.003857806265720408,0.9999895531628407,-3.657652019090617e-20,-0.0045709479523635835,-2.2289046464044033e-20
3.726,-1.4564856928546572,8.252028547634065e-21,1.0043510727151552,-0.02874436095932038,2.1282216650764134e-19,-0.0038527698178846804,0.9999897496217763,-4.1730499456883404e-20,-0.004527764501186972,-2.157756373641031e-20
3.728,-1.4565433529777359,8.679267727272501e-21,1.0043433722241872,-0.028915480543932084,2.1452244269706263e-19,-0.0038477186122426632,0.9999899435927659,-5.2364070641798965e-20,-0.004484719984344992,-2.1919814364355107e-20
3.73,-1.4566013536181344,9.110467560107217e-21,1.0043356818501732,-0.029084879191772876,2.1663894172327175e-19,-0.0038426528963403407,0.9999901350910024,-4.647717582203415e-20,-0.004441815020879742,-2.4244481957586707e-20
3.732,-1.4566596913398069,9.54534582874101e-21,1.004328001621887,-0.029252562734857716,2.183086561542435e-19,-0.0038375729166255845,0.9999903241317732,-5.707790026386113e-20,-0.004399050219325395,-2.3895492625748347e-20
3.734,-1.4567183627183948,9.984625621021834e-21,1.0043203315676106,-0.029418537027744905,2.209325406198585e-19,-0.003832478918431204,0.9999905107304562,-6.214132836285115e-20,-0.004356426177768915,-2.4550261676401937e-20
3.736,-1.4567773643412707,1.0428560408772075e-20,1.0043126717151367,-0.029582807947122626,2.231069542634613e-19,-0.003827371145958466,0.9999906949025169,-6.717465007869995e-20,-0.004313943483910698,-2.6573243731124425e-20
3.738,-1.4568366928075818,1.0877795922237656e-20,1.0043050220917704,-0.029745381391397926,2.261254268211489e-19,-0.003822249842260929,0.999990876663505,-6.668839119667893e-20,-0.0042716027151251355,-2.8567667836447e-20
3.74,-1.456896344728294,1.1332078597316504e-20,1.0042973827243322,-0.02990626328028814,2.280465320012898e-19,-0.0038171152492287226,0.9999910560290509,-4.975663608701815e-20,-0.0042294044385210935,-3.0486701240560995e-20
3.742,-1.4569563167262338,1.1790473797781477e-20,1.00428975363916,-0.03006545955441477,2.3038185323994594e-19,-0.0038119676075731887,0.999991233014863,-6.031777666914652e-20,-0.004187349211002304,-2.943371918540749e-20
3.744,-1.457016605436129,1.2253485805950178e-20,1.004282134862111,-0.030222976174899826,2.326989640187476e-19,-0.0038068071568119056,0.9999914076367241,-7.084346598603597e-20,-0.004145437579327672,-2.804092844947903e-20
3.746,-1.45707720750465,1.2722011133863558e-20,1.0042745264185649,-0.030378819122964557,2.3596666334207653e-19,-0.00380163413525408,0.9999915799104881,-8.681196435524505e-20,-0.004103670080171498,-2.7359431107156876e-20
3.748,-1.4571381195904496,1.3197265843690131e-20,1.0042669283334262,-0.030532994399530673,2.393203413592046e-19,-0.003796448779986345,0.9999917498520774,-9.17556720531548e-20,-0.004062047240183604,-2.595034773266713e-20
3.75,-1.4571993383642015,1.367974400356609e-20,1.0042593406311262,-0.03068550802482396,2.432975561786591e-19,-0.0037912513268589096,0.9999919174774791,-1.131110033908179e-19,-0.004020569576049377,-2.7695291320261926e-20
3.7520000000000002,-1.457260860508639,1.417090529834018e-20,1.0042517633356258,-0.030836366037980335,2.47895217437721e-19,-0.0037860420104720836,0.9999920828027425,-1.1244725307443448e-19,-0.0039792375945497125,-2.6264601362170042e-20
3.754,-1.457322682718592,1.467098298511863e-20,1.004244196470418,-0.03098557449665433,2.5214224085811955e-19,-0.003780821064163149,0.9999922458439763,-1.1179374754752218e-19,-0.003938051792620866,-2.3125229365085168e-20
3.7560000000000002,-1.4573848017010247,1.5179815427663308e-20,1.0042366400585305,-0.031133139476629997,2.567935423677239e-19,-0.0037755887199936336,0.9999924066173447,-1.2759330831642683e-19,-0.0038970126574142125,-2.279898729989705e-20
3.758,-1.4574472141750696,1.569856860692457e-20,1.0042290941225278,-0.031279067071434206,2.6206248806256336e-19,-0.003770345208736885,0.999992565139065,-1.433166666094086e-19,-0.0038561206663559012,-2.2816025156304912e-20
3.7600000000000002,-1.4575099168720642,1.6228474752863014e-20,1.0042215586845145,-0.03142336339195238,2.679460207555532e-19,-0.00376509075986606,0.999992721425405,-1.5896014968304129e-19,-0.003815376287206416,-2.4202694688270345e-20
3.762,-1.4575729065355851,1.6770759989333367e-20,1.0042140337661374,-0.03156603456604664,2.7444109116597433e-19,-0.003759825601542443,0.9999928754926793,-1.7452538508730309e-19,-0.003774779978120035,-2.6614309886322225e-20
3.7640000000000002,-1.4576361799214808,1.7326536752163254e-20,1.0042065193885883,-0.03170708673817631,2.8122187033014235e-19,-0.0037545499606040852,0.9999930273572473,-1.6261039052811033e-19,-0.003734332187704187,-2.7204099097628126e-20
3.766,-1.457699733797905,1.789501146898412e-20,1.0041990155726068,-0.03184652606902088,2.8710354858106123e-19,-0.0037492640625548424,0.9999931770355096,-1.452693349233412e-19,-0.0036940333550787054,-2.7772113283715337e-20
3.7680000000000002,-1.457763564945349,1.847471298856565e-20,1.0041915223384827,-0.031984358735105335,2.924133449839584e-19,-0.0037439681315537023,0.9999933245439059,-1.2253036568906551e-19,-0.003653883909934973,-2.7632541367680764e-20
3.77,-1.4578276701566728,1.9063854113436612e-20,1.004184039706059,-0.032120590928427846,2.966155898893796e-19,-0.0037386623904044894,0.9999934698989114,-1.0538183161115812e-19,-0.003613884272594967,-2.751271129664808e-20
3.7720000000000002,-1.457892046237135,1.966130176569838e-20,1.0041765676947343,-0.0322552288560899,3.008998150594258e-19,-0.003733347060545885,0.9999936131170352,-1.1573277486746002e-19,-0.0035740348540701907,-2.95487811666129e-20
3.774,-1.4579566900044234,2.026772288107484e-20,1.0041691063234657,-0.032388278739928764,3.055887303358514e-19,-0.0037280223620417908,0.9999937542148166,-1.2603573576450995e-19,-0.003534336056120497,-3.1237270828365394e-20
3.7760000000000002,-1.4580215982886842,2.088392482468982e-20,1.0041616556107715,-0.03251974681615236,3.1068032208091776e-19,-0.0037226885135719914,0.9999938932088231,-1.362933528884381e-19,-0.003494788271312802,-3.1894092387714194e-20
3.778,-1.4580867679325495,2.1510710948357344e-20,1.0041542155747343,-0.0326496393349765,3.1617259238005247e-19,-0.0037173457324231975,0.9999940301156477,-1.4650713183635762e-19,-0.0034553918830796857,-3.1178220691645737e-20
3.7800000000000002,-1.4581521957911663,2.2148880626332018e-20,1.0041467862330034,-0.03277796256026445,3.2206356068027294e-19,-0.003711994234480343,0.9999941649519055,-1.5667495202972496e-19,-0.0034161472657778785,-2.977782293344734e-20
3.782,-1.4582178787322222,2.279922928538647e-20,1.0041393676027974,-0.03290472276916892,3.2835125968207265e-19,-0.0037066342342182536,0.9999942977342327,-1.66793523188822e-19,-0.003377054784746633,-2.8722906722455877e-20
3.7840000000000003,-1.4582838136359721,2.346254842691679e-20,1.004131959700908,-0.03302992625177639,3.350337306834112e-19,-0.0037012659446935964,0.9999944284792824,-1.7686421638991984e-19,-0.0033381147963659798,-2.767080645543876e-20
3.786,-1.458349997395264,2.41396256438701e-20,1.0041245625437016,-0.033153579310753745,3.421090239324513e-19,-0.0036958895775371804,0.9999945572037234,-1.868884018557835e-19,-0.0032993276481148625,-2.627885652088361e-20
3.7880000000000003,-1.458416426915563,2.4831244639733007e-20,1.0041171761471233,-0.0332756882609973,3.4957520110094455e-19,-0.003690505342946513,0.9999946839242371,-1.968663563338405e-19,-0.00326069367862916,-2.4547457105206093e-20
3.79,-1.4584830991149766,2.5538185254397704e-20,1.0041098005266986,-0.033396259429284154,3.5743033560773677e-19,-0.0036851134496787012,0.9999948086575149,-2.0680053544272658e-19,-0.0032222132177595827,-2.1792094148667848e-20
3.7920000000000003,-1.4585500109242768,2.6261008295169854e-20,1.0041024356975377,-0.03351529915392591,3.6534972479342284e-19,-0.0036797141050436376,0.9999949314202567,-1.892673008082648e-19,-0.0031838865866294476,-2.1353461433107855e-20
3.794,-1.458617159286924,2.6998585981379895e-20,1.004095081674337,-0.03363281378442466,3.7214965989361515e-19,-0.0036743075148974926,0.9999950522291678,-1.7181604903556225e-19,-0.0031457140976923325,-2.1258648290227124e-20
3.7960000000000003,-1.458684541159088,2.7749545276869994e-20,1.0040877384713833,-0.033748809681131364,3.788035205073037e-19,-0.0036688938836364786,0.9999951711009566,-1.599182197820124e-19,-0.0031076960547896043,-2.083953742031119e-20
3.798,-1.4587521535096704,2.851305685383322e-20,1.0040804061025554,-0.0338632932149065,3.8466644595360355e-19,-0.003663473414190945,0.9999952880523326,-1.5355826596214702e-19,-0.0030698327532078244,-2.078119518377098e-20
3.8000000000000003,-1.4588199933203243,2.9288403602247185e-20,1.004073084581328,-0.03397627076678307,3.9060310893192726e-19,-0.003658046308019708,0.9999954031000041,-1.4176003173371348e-19,-0.0030321244797360224,-2.0364389409244664e-20
3.802,-1.458888057585475,3.0074728653543006e-20,1.0040657739207743,-0.03408774872763191,3.95645114996661e-19,-0.0036526127651047265,0.9999955162606757,-1.3001663311628067e-19,-0.0029945715127228443,-2.0290900595652325e-20
3.8040000000000003,-1.4589563433123391,3.087110788096881e-20,1.0040584741335692,-0.034197733497829244,4.0065765007140246e-19,-0.0036471729839460047,0.9999956275510465,-1.238146618370642e-19,-0.0029571741221335753,-1.92060993169735e-20
3.806,-1.4590248475209433,3.1676872608657063e-20,1.004051185231992,-0.03430623148692665,4.0510253967126536e-19,-0.0036417271615568005,0.9999957369878077,-1.1764416762011164e-19,-0.002919932569607025,-1.7438584828072098e-20
3.8080000000000003,-1.4590935672441419,3.249167956401315e-20,1.0040439072279292,-0.03441324911332322,4.0973593605151e-19,-0.0036362754934591035,0.9999958445876407,-1.1150111896642702e-19,-0.0028828471085122864,-1.636020908604112e-20
3.81,-1.4591624995276349,3.3315295376450936e-20,1.0040366401328782,-0.034518792803940046,4.1391150297060104e-19,-0.003630818173679381,0.9999959503672144,-1.163373362326653e-19,-0.0028459179840053597,-1.6002129476810658e-20
3.8120000000000003,-1.4592316414299842,3.4147989949354424e-20,1.0040293839579495,-0.034622868993897014,4.189221422396247e-19,-0.0036253553947445927,0.999996054343184,-1.3211286325186023e-19,-0.0028091454330856427,-1.6704450285111736e-20
3.814,-1.4593009900226301,3.4990856127575436e-20,1.0040221387138701,-0.03472548412619183,4.2390329062417974e-19,-0.003619887347678459,0.9999961565321879,-1.25877401737867e-19,-0.002772529684652287,-1.9400158753953132e-20
3.8160000000000003,-1.4593705423899064,3.5843439516029365e-20,1.0040149044109867,-0.034826644651381355,4.286395433741078e-19,-0.003614414221998034,0.999996256950847,-1.1967225995623426e-19,-0.002736070959560416,-2.1746848864475576e-20
3.818,-1.459440295629055,3.670525151590458e-20,1.0040076810592682,-0.03492635702726518,4.3313209157003244e-19,-0.0036089362057104735,0.999996355615762,-1.134944479143204e-19,-0.0026997694706772093,-2.4773327895191056e-20
3.8200000000000003,-1.4595102468502412,3.7575805901654205e-20,1.004000468668309,-0.03502462771857148,4.373821179725882e-19,-0.003603453485310094,0.999996452543511,-1.0734660736842249e-19,-0.0026636254229378425,-2.745040973400505e-20
3.822,-1.4595803931765656,3.845461880960487e-20,1.0039932672473324,-0.035121463196645115,4.413908023442493e-19,-0.0035979662457756743,0.9999965477506487,-1.0123048835981765e-19,-0.002627639013401295,-2.909319588114201e-20
3.8240000000000003,-1.4596507317440781,3.934120873454632e-20,1.0039860768051927,-0.03521686993913797,4.451593230589778e-19,-0.003592474670568009,0.9999966412537036,-9.51450478321862e-20,-0.002591810431306011,-3.0046797929297786e-20
3.826,-1.4597212597017901,4.023509652650868e-20,1.0039788973503792,-0.035310854429701555,4.486888576985691e-19,-0.0035869789416277044,0.9999967330691765,-8.909108238390816e-20,-0.0025561398581254225,-2.9970189046746445e-20
3.8280000000000003,-1.4597919742116858,4.1135805390616605e-20,1.0039717288910188,-0.03540342315768185,4.519805832863389e-19,-0.0035814792393732073,0.9999968232135388,-8.306584711243363e-20,-0.0025206274676233304,-2.9893385791173427e-20
3.83,-1.459862872448734,4.2042860882575675e-20,1.003964571434879,-0.035494582617816337,4.550356729773832e-19,-0.0035759757426991044,0.9999969117032305,-7.707265756997264e-20,-0.0024852734259091375,-2.8446965333036975e-20
3.8320000000000003,-1.4599339516008973,4.2955790903533817e-20,1.003957424989371,-0.035584339309933315,4.578552997686308e-19,-0.0035704686289746005,0.9999969985546585,-7.110801551169719e-20,-0.002450077891492941,-2.700319103413846e-20
3.834,-1.4600052088691438,4.3874125697043284e-20,1.0039502895615529,-0.035672699738653384,4.6044063195835145e-19,-0.0035649580740422723,0.999997083784195,-6.517258727741676e-20,-0.0024150410153404773,-2.5219801989034157e-20
3.8360000000000003,-1.4600766414674546,4.479739783910348e-20,1.0039431651581325,-0.035759670413093185,4.627928342474293e-19,-0.003559444252217048,0.9999971674081756,-5.926628339395234e-20,-0.002380162940927923,-2.309760307816265e-20
3.838,-1.4601482466228337,4.5725142231359304e-20,1.0039360517854707,-0.035845257846571305,4.649130674234444e-19,-0.0035539273362853833,0.9999972494428977,-5.338813618130987e-20,-0.0023454438042965443,-2.0981275944459228e-20
3.84,-1.4602200215753154,4.665689609175194e-20,1.0039289494495842,-0.03592946855631641,4.668024869173715e-19,-0.0035484074975047014,0.999997329904619,-4.753801285110951e-20,-0.0023108837341071983,-1.8869994210941085e-20
3.842,-1.4602919635779725,4.7592198943556863e-20,1.0039218581561489,-0.03601230906317758,4.684622423268876e-19,-0.0035428849056030006,0.9999974088095558,-4.171578130523421e-20,-0.002276482851694691,-1.6762933471311846e-20
3.844,-1.4603640698969225,4.853059260405415e-20,1.0039147779105022,-0.0360937858913368,4.698934778349831e-19,-0.0035373597287787304,0.9999974861738813,-3.592051452709988e-20,-0.0022422412711219763,-1.5003556262259943e-20
3.846,-1.4604363378113345,4.9471621171034944e-20,1.0039077087176476,-0.036173905568023655,4.710973299313383e-19,-0.003531832133700847,0.9999975620137243,-3.015051984900506e-20,-0.002208159099234209,-1.4277171565417932e-20
3.848,-1.4605087646134352,5.041483100564193e-20,1.0039006505822559,-0.03625267462323221,4.720749250298804e-19,-0.0035263022855090685,0.9999976363451674,-2.4407150617201874e-20,-0.002174236435712643,-1.3895603250059798e-20
3.85,-1.460581347608513,5.135977071364156e-20,1.0038936035086696,-0.03633009958944002,4.728273815834242e-19,-0.0035207703478143796,0.9999977091842456,-1.8690281276647765e-20,-0.0021404733731283806,-1.3856815459834294e-20
3.852,-1.4606540841149245,5.2305991131090474e-20,1.0038865675009054,-0.03640618700132938,4.733558117421914e-19,-0.003515236482699719,0.9999977805469449,-1.3000515202867038e-20,-0.002106869996995961,-1.3818553230486036e-20
3.854,-1.460726971464097,5.325304531230288e-20,1.0038795425626574,-0.03648094339551061,4.736613223695423e-19,-0.0035097008507208407,0.999997850449201,-7.339912615071885e-21,-0.002073426385826801,-1.2752833220855502e-20
3.856,-1.4608000070005327,5.420048852489137e-20,1.0038725286973003,-0.03655437531024762,4.737450198957272e-19,-0.0035041636109073983,0.9999979189068976,-1.7083866214105927e-21,-0.0020401426111824736,-1.0661684730726046e-20
3.858,-1.4608731880818122,5.514787824825555e-20,1.0038655259078917,-0.03662648928518553,4.736080099683297e-19,-0.0034986249207642375,0.999997985935865,3.8969815257077025e-21,-0.0020070187377278378,-8.918181157854794e-21
3.86,-1.460946512078596,5.609477416900346e-20,1.0038585341971762,-0.036697291861080485,4.732513928817579e-19,-0.003493084936272842,0.9999980515518792,9.47565344154569e-21,-0.001974054823284002,-7.178837553426275e-21
3.862,-1.4610199763746277,5.704073816807153e-20,1.0038515535675878,-0.03676678957953153,4.726762629734936e-19,-0.0034875438118929904,0.9999981157706598,1.5026392497606765e-20,-0.0019412509188811362,-4.758322451629476e-21
3.864,-1.4610935783667338,5.798533431229998e-20,1.0038445840212533,-0.036834988982714686,4.718837126193486e-19,-0.0034820017005646057,0.9999981786078697,2.0549961519402053e-20,-0.0019086070688111223,-2.0013173452215056e-21
3.866,-1.4611673154648264,5.89281288499464e-20,1.0038376255599948,-0.03690189661311911,4.70874829906866e-19,-0.003476458753709764,0.9999982400791129,2.6047829904501246e-20,-0.001876123310680046,4.064648259745773e-22
3.868,-1.461241185091902,5.986869019926228e-20,1.0038306781853332,-0.036967519013285335,4.696506974004705e-19,-0.0034709151212349004,0.9999983001999336,3.1517517725645933e-20,-0.0018437996754605264,3.836495166356973e-21
3.87,-1.4613151846840424,6.080680413364741e-20,1.0038237418984914,-0.037031862725545685,4.685351828342687e-19,-0.003465370951533185,0.9999983589858155,9.550067791837246e-21,-0.0018116361875438862,6.179841631586207e-21
3.872,-1.4613893116904135,6.174376408715486e-20,1.0038168167003965,-0.03709493429176671,4.683885255306871e-19,-0.003459826391487075,0.9999984164521795,1.509154634102458e-20,-0.0017796328647921586,5.826078690387504e-21
3.874,-1.4614635635732645,6.267938728071956e-20,1.0038099025916838,-0.037156740253093776,4.671628141809051e-19,-0.003454281586471017,0.9999984726143833,2.6077589422669857e-20,-0.001747789718589933,4.796729560958738e-21
3.876,-1.4615379378079254,6.361288355606133e-20,1.0038029995726991,-0.03721728714969769,4.663695432630246e-19,-0.0034487366803543653,0.9999985274877204,2.0560891310408868e-20,-0.0017161067538960348,5.455142293752196e-21
3.878,-1.4616124318828059,6.454464984092433e-20,1.003796107643502,-0.037276581520523454,4.654684333478426e-19,-0.0034431918155044014,0.9999985810874186,9.600657702807953e-21,-0.0016845839692950434,6.10262844626797e-21
3.88,-1.461687043299392,6.547540331602233e-20,1.0037892268038688,-0.03733462990304101,4.653206140087597e-19,-0.0034376471327895656,0.9999986334286386,4.1619832013337684e-21,-0.0016532213570486446,6.7578367674107064e-21
3.882,-1.461761769572243,6.640564287478354e-20,1.003782357053296,-0.03739143883299815,4.649543490468349e-19,-0.0034321027715828317,0.9999986845264738,-1.2515840573553394e-21,-0.0016220189031468165,7.754985963671437e-21
3.884,-1.4618366082289873,6.733579347191862e-20,1.003775498391002,-0.03744701484417539,4.650162935915635e-19,-0.0034265588697652166,0.9999987343959486,1.529361335852819e-20,-0.0015909765873588508,7.07205902020327e-21
3.886,-1.4619115568103196,6.826437800436608e-20,1.003768650815932,-0.037501364468142964,4.634606979622943e-19,-0.003421015563729474,0.9999987830520173,3.7214227933100673e-20,-0.0015600943832842068,8.111861173827534e-21
3.888,-1.4619866128699945,6.91901061931464e-20,1.003761814326759,-0.03755449423401982,4.624474659629097e-19,-0.0034154729883839326,0.9999988305095638,2.066851430053309e-20,-0.001529372258403196,7.37554991709382e-21
3.89,-1.4620617739748225,7.011402524224163e-20,1.0037549889218882,-0.03760641066823464,4.614357674560814e-19,-0.0034099312771564707,0.9999988767834003,2.6149419712469855e-20,-0.0014988101741275014,3.590246568370652e-21
3.892,-1.462137037704664,7.103592172845621e-20,1.003748174599459,-0.03765712029428895,4.606402617948898e-19,-0.0034043905619986184,0.9999989218882657,-1.2945198556293925e-21,-0.0014684080858505264,2.1624052713315204e-21
3.894,-1.4622124016524236,7.195755507776563e-20,1.0037413713573486,-0.03770662963252219,4.610284033178914e-19,-0.003398850973389857,0.9999989658388255,-6.6930398346941826e-21,-0.0014381659429975743,2.1412780869468855e-21
3.896,-1.4622878634240428,7.287945744019715e-20,1.0037345791931749,-0.037754945199878834,4.608733268348726e-19,-0.0033933126403420106,0.999999008649671,-1.2077442041494695e-20,-0.0014080836890758583,1.0922181251639465e-21
3.898,-1.4623634206384937,7.380215907376726e-20,1.0037277981042987,-0.037802073509677486,4.618992371655778e-19,-0.0033877756904037927,0.9999990503353174,-2.8402382313113855e-20,-0.001378161261724341,7.155462461144718e-22
3.9,-1.462439070927771,7.472676177097325e-20,1.0037210280878277,-0.03784802107138203,4.62594642855985e-19,-0.0033822402496654675,0.9999990909102043,-2.273023093801337e-20,-0.0013483985927634017,-1.3440890188524917e-21
3.902,-1.4625148119368845,7.565282073918763e-20,1.0037142691406187,-0.037892794390374705,4.634991423344093e-19,-0.0033767064427636727,0.9999991303886938,-2.2565940977842356e-20,-0.0013187956082443338,-4.434234044395108e-21
3.904,-1.46259064132385,7.658039455426832e-20,1.0037075212592808,-0.03793639996773124,4.639659475260271e-19,-0.003371174392886364,0.99999916878507,-5.943387494896519e-21,-0.001289352228498668,-6.1238875047186675e-21
3.906,-1.4626665567596817,7.750825056385848e-20,1.0037007844401777,-0.03797884429999789,4.637818507303207e-19,-0.0033656442217778674,0.9999992061135387,1.0600488289179218e-20,-0.001260068368187324,-7.80958596203396e-21
3.908,-1.4627425559283818,7.843509017416092e-20,1.0036940586794316,-0.038020133878970526,4.629500606146141e-19,-0.0033601160497440594,0.9999992423882258,2.7065134900671888e-20,-0.0012309439363495881,-8.806016658150988e-21
3.91,-1.462818636526931,7.935962119663926e-20,1.0036873439729252,-0.03806027519147562,4.61473772342412e-19,-0.0033545899956576933,0.9999992776231775,4.345222926239455e-20,-0.0012019788364519177,-1.0141984753831339e-20
3.912,-1.4628947962652787,8.028055781665216e-20,1.003680640316305,-0.038099274719153225,4.59356165502275e-19,-0.003349066176963801,0.9999993118323587,5.97612968216259e-20,-0.0011731729664365702,-1.1132175459038081e-20
3.914,-1.4629710328663323,8.119662056484252e-20,1.003673947704984,-0.03813713893824191,4.566004054757403e-19,-0.003343544709685263,0.9999993450296528,7.599310734861723e-20,-0.001144526218770058,-1.2119663629224781e-20
3.916,-1.463047344065946,8.210653628800638e-20,1.0036672661341446,-0.0381738743193656,4.532096434921566e-19,-0.0033380257084284514,0.9999993772288611,9.214683092149829e-20,-0.0011160384804914279,-1.2076878380269903e-20
3.918,-1.4631237276129092,8.300903812442048e-20,1.0036605955987414,-0.03820948732732242,4.49187020123991e-19,-0.0033325092863889906,0.9999994084437019,1.0822278607228373e-19,-0.001087709633260365,-1.1006262093194715e-20
3.92,-1.4632001812689353,8.390286548268902e-20,1.003653936093504,-0.03824398442087539,4.445356645556382e-19,-0.0033269955553576476,0.9999994386878098,1.2422247662008583e-19,-0.0010595395534051186,-9.938234974021435e-21
3.922,-1.4632767028086489,8.478676401567915e-20,1.0036472876129396,-0.0382773720525451,4.392586921850024e-19,-0.003321484625726308,0.9999994679747356,1.4014587323432729e-19,-0.0010315281119702541,-8.530536028623972e-21
3.924,-1.4633532900195731,8.565948559397131e-20,1.0036406501513366,-0.038309656668404246,4.333592047691348e-19,-0.0033159766064940425,0.9999994963179449,1.5599370002112698e-19,-0.0010036751747642247,-7.126225770089561e-21
3.926,-1.4634299407021167,8.651978827696532e-20,1.003634023702766,-0.03834084470787417,4.2684028963012803e-19,-0.0033104716052733216,0.9999995237308185,1.7176561864778964e-19,-0.0009759806024067679,-5.039973929847594e-21
3.928,-1.4635066526695604,8.736665147589317e-20,1.0036274082610859,-0.03837094260352316,4.2002780573968784e-19,-0.003304969728296287,0.9999995502266509,1.6005244950277521e-19,-0.0009484442503761222,-5.725952103037726e-21
3.93,-1.463583423748043,8.820056622661453e-20,1.0036208038199423,-0.03839995678086677,4.138915622599999e-19,-0.003299471080421132,0.9999995758186505,1.593474126477197e-19,-0.0009210659690560664,-6.742160294513812e-21
3.932,-1.4636602517765471,8.902187762074974e-20,1.0036142103727737,-0.038427893658169954,4.0735261191819e-19,-0.0032939757651385907,0.9999996005199386,1.6414033120124877e-19,-0.0008938456037827792,-6.7237395873756225e-21
3.934,-1.4637371346068846,8.98302122777228e-20,1.0036076279128123,-0.03845475964625108,4.010585180370369e-19,-0.0032884838845784856,0.9999996243435495,1.5245170158026628e-19,-0.00086678299489152,-8.776475154985099e-21
3.936,-1.4638140701036813,9.062641811609305e-20,1.003601056433088,-0.038480561148287865,3.9522342932482807e-19,-0.0032829955395164,0.9999996473024292,1.4081830187285516e-19,-0.00083987797776313,-1.0481673804566391e-20
3.938,-1.4638910561443614,9.141141087492645e-20,1.0035944959264298,-0.038505304559625114,3.8984507672702404e-19,-0.0032775108293804198,0.9999996694094356,1.2923984101961892e-19,-0.0008131303828703526,-1.1840159150622843e-20
3.94,-1.4639680906191324,9.218610176761781e-20,1.00358794638547,-0.03852899626758433,3.8492120313374887e-19,-0.0032720298522579553,0.9999996906773382,1.1771662348639818e-19,-0.0007865400358239745,-1.3538075439741103e-20
3.942,-1.4640451714309675,9.295139750376314e-20,1.0035814078026455,-0.038551642651275225,3.8044956160991066e-19,-0.0032665527049026677,0.9999997111188169,1.0624785790151033e-19,-0.0007601067574187847,-1.4890107454509234e-20
3.944,-1.46412229649559,9.370820030940243e-20,1.0035748801702011,-0.03857325008140896,3.7642791588416644e-19,-0.0032610794827414398,0.9999997307464624,9.483380466870402e-20,-0.0007338303636793533,-1.6581179138156136e-20
3.946,-1.4641994637414564,9.445740794871663e-20,1.0035683634801922,-0.038593824920113345,3.7285404012433723e-19,-0.003255610279881463,0.9999997495727754,8.347395302968179e-20,-0.0007077106659056292,-1.8268231375841917e-20
3.948,-1.4642766711097381,9.519991374441703e-20,1.0035618577244871,-0.03861337352074977,3.6972571880382436e-19,-0.0032501451891173844,0.9999997676101662,7.216804512695056e-20,-0.0006817474707183543,-1.995127343703655e-20
3.95,-1.4643539165543051,9.593660659875124e-20,1.0035553628947702,-0.038631902227732,3.670407469774268e-19,-0.0032446843019385318,0.9999997848709546,6.091582432839377e-20,-0.0006559405801042975,-2.163031455858917e-20
3.952,-1.4644311980417064,9.666837101461556e-20,1.003548878982544,-0.03864941737634678,3.64796930231073e-19,-0.0032392277085361875,0.9999998013673698,4.9717035221493e-20,-0.0006302897914613054,-2.330536394509882e-20
3.954,-1.4645085135511529,9.739608711648152e-20,1.0035424059791316,-0.03866592529257619,3.6299208454606527e-19,-0.0032337754978109708,0.9999998171115493,3.857120763157707e-20,-0.00060479489764317,-2.4633769410027705e-20
3.956,-1.4645858610744973,9.8120630672733e-20,1.0035359438756801,-0.0386814322929219,3.6162403835628584e-19,-0.003228327757380252,0.9999998321155396,2.7477640426295557e-20,-0.0005794556870043145,-2.493184185502354e-20
3.958,-1.4646632386162164,9.884287312168497e-20,1.0035294926631624,-0.038695944684231084,3.6069063308557154e-19,-0.003222884573585661,0.9999998463912948,1.6437076124413984e-20,-0.0005542719434442943,-2.5914111738954272e-20
3.96,-1.4647406441933906,9.956368159439309e-20,1.00352305233238,-0.03870946876352425,3.6018971908004505e-19,-0.003217446031500651,0.9999998599506776,5.448909933507451e-21,-0.0005292434464521164,-2.689363417767006e-20
3.962,-1.4648180758356841,1.0028391893222784e-19,1.0035166228739654,-0.038722010817824705,3.6011915692323106e-19,-0.0032120122149381014,0.9999998728054582,-5.487676579879017e-21,-0.0005043699711503725,-2.684283734932542e-20
3.964,-1.4648955315853256,1.0100444370995869e-19,1.0035102042783848,-0.038733577123989914,3.60476819864647e-19,-0.0032065832064580076,0.9999998849673143,-1.637207415525834e-20,-0.00047965128833919155,-2.747665784443433e-20
3.966,-1.4649730094970868,1.0172611025909164e-19,1.0035037965359408,-0.03874417394854451,3.6126059027098814e-19,-0.0032011590873752215,0.999999896447831,-2.720466805175621e-20,-0.00045508716454000403,-2.8452029472477656e-20
3.968,-1.4650505076382618,1.0244976868368408e-19,1.0034973996367742,-0.03875380754751512,3.6246835849363554e-19,-0.0031957399377672362,0.9999999072585007,-3.798568717017225e-20,-0.0004306773620391248,-2.976814227045424e-20
3.97,-1.4651280240886466,1.0317626487691005e-19,1.0034910135708672,-0.038762484166266924,3.6409802378680263e-19,-0.0031903258364820385,0.9999999174107224,-4.8715679730376375e-20,-0.00040642163893114987,-3.07388654080295e-20
3.972,-1.465205556940517,1.0390644054197105e-19,1.0034846383280454,-0.038770210039341925,3.6614749723879447e-19,-0.003184916861146013,0.9999999269158021,-5.939506076031718e-20,-0.0003823197491621688,-3.1022761950553963e-20
3.974,-1.4652831042986065,1.0464113321580119e-19,1.00347827389798,-0.038776991390298964,3.686147011566419e-19,-0.0031795130881718814,0.9999999357849525,-7.00236619500534e-20,-0.00035837144257279115,-3.1648631521581246e-20
3.976,-1.4653606642800854,1.0538117629016418e-19,1.0034719202701912,-0.03878283443155545,3.714975678919112e-19,-0.0031741145927667047,0.9999999440292929,-8.060197761610746e-20,-0.0003345764649409886,-3.193074644490816e-20
3.978,-1.4654382350145367,1.061273990315537e-19,1.0034655774340495,-0.03878774536423081,3.7479403997627326e-19,-0.0031687214489399145,0.9999999516598491,-9.113013214290179e-20,-0.00031093455802475077,-3.221217644739794e-20
3.98,-1.4655158146439349,1.0688062660182211e-19,1.0034592453787792,-0.03879173037799162,3.7850207022671274e-19,-0.0031633337295114083,0.999999958687553,-1.01608477953955e-19,-0.0002874454596045558,-3.215066746488849e-20
3.982,-1.4655934013226217,1.0764168007911317e-19,1.0034529240934593,-0.038794795650898474,3.8261962226534284e-19,-0.0031579515061196843,0.999999965123243,-1.1203725958065758e-19,-0.0002641089035256551,-3.174662587166333e-20
3.984,-1.4656709932172838,1.0841137647964459e-19,1.0034466135670275,-0.0387969473492545,3.871446702716403e-19,-0.003152574849230001,0.9999999709776634,-1.2241671222726383e-19,-0.0002409246197401717,-3.100045707003711e-20
3.986,-1.4657485885069281,1.0919052877900996e-19,1.003440313788281,-0.03879819162745557,3.9207520005359516e-19,-0.003147203828142591,0.9999999762614651,-1.327471837136215e-19,-0.00021789233434901282,-2.957071632007765e-20
3.988,-1.4658261853828585,1.0997994593644484e-19,1.0034340247458802,-0.03879853462784221,3.9740920891333156e-19,-0.0031418385110008945,0.9999999809852047,-1.4302875671520458e-19,-0.00019501176964359577,-2.814434635681509e-20
3.99,-1.4659037820486511,1.10780432915263e-19,1.0034277464283499,-0.03879798248055315,4.0314470310719657e-19,-0.0031364789647998583,0.9999999851593452,-1.53261564287084e-19,-0.00017228264414738802,-2.706400017722268e-20
3.992,-1.4659813767201306,1.1159279069974488e-19,1.003421478824082,-0.038796541303380505,4.0927969795249815e-19,-0.003131125255394237,0.9999999887942554,-1.6344591900253149e-19,-0.00014970467265726012,-2.5987007960695024e-20
3.994,-1.4660589676253442,1.1241781631396762e-19,1.0034152219213386,-0.0387942172016267,4.158122177178053e-19,-0.0031257774475069422,0.9999999919002105,-1.7358198339096633e-19,-0.00012727756628465181,-2.5255210505970627e-20
3.996,-1.4661365530045374,1.1325630283922083e-19,1.0034089757082525,-0.03879101626796292,4.2274029494047277e-19,-0.003120435604737419,0.9999999944873915,-1.8366997836128753e-19,-0.00010500103249655221,-2.486697689579952e-20
3.998,-1.4662141311101282,1.1410903942989178e-19,1.003402740172831,-0.03878694458228928,4.3006197052930318e-19,-0.0031150997895700496,0.9999999965658858,-1.9371016732800189e-19,-8.287477515629213e-05,-2.4479643118882692e-20
4.0,-1.4662917002066815,1.1497681133120644e-19,1.0033965153029574,-0.03878200821159661,4.377752944576588e-19,-0.0031097700633825765,0.9999999981456866,-2.0370277673625987e-19,-6.089849456415008e-05,-2.4093206591153624e-20
4.002,-1.4663692585708832,1.158603998975915e-19,1.0033903010863932,-0.0387762132098298,4.4587832579913865e-19,-0.003104446486454581,0.9999999992366938,-2.13648024479433e-19,-3.90718874977711e-05,-2.370766472998882e-20
4.0040000000000004,-1.4664468044915138,1.1676058261053693e-19,1.0033840975107806,-0.038769565617752876,4.543691331221804e-19,-0.003099129117975945,0.9999999998487131,-2.235461839744439e-19,-1.7394647252397963e-05,-2.2637692102220053e-20
4.006,-1.4665243362694222,1.176781331006276e-19,1.0033779045636446,-0.03876207146281553,4.632457970827369e-19,-0.0030938180160553722,0.999999999991457,-2.333975210121805e-19,4.133536319084008e-06,-2.054265528948542e-20
4.008,-1.466601852217499,1.186138211713331e-19,1.003371722232395,-0.03875373675902139,4.725064090765532e-19,-0.0030885132377288845,0.9999999996745441,-2.4320222712810414e-19,2.551297676629031e-05,-1.9137072390836872e-20
4.01,-1.4666793506606488,1.1956841281677507e-19,1.0033655505043284,-0.03874456750679777,4.821490687363772e-19,-0.00308321483896839,0.9999999989074998,-2.529605021895027e-19,4.674399100166731e-05,-1.7049069082362066e-20
4.0120000000000005,-1.4667568299357636,1.2054245505316307e-19,1.0033593893666306,-0.03873456969286708,4.917415104547548e-19,-0.0030779228746902337,0.999999997699756,-2.297771558159014e-19,6.782689926100978e-05,-1.5995513397626654e-20
4.014,-1.466834288391695,1.2153451958940143e-19,1.0033532388063786,-0.038723749290119756,5.004230551354874e-19,-0.0030726373987637824,0.9999999960606516,-2.3410372171145975e-19,8.876202506416595e-05,-1.6313216076756985e-20
4.016,-1.4669117243892262,1.2254497737828643e-19,1.0033470988105428,-0.03871211225748879,5.100269499780327e-19,-0.0030673584640199844,0.9999999939994323,-2.438793046692968e-19,0.00010954969517592982,-1.5944335339705488e-20
4.018,-1.4669891363010448,1.235742333744109e-19,1.003340969365989,-0.0386996645398258,5.192568243219747e-19,-0.003062086122260016,0.9999999915252509,-2.536085366988254e-19,0.0001301902395671211,-1.5233646225953718e-20
4.0200000000000005,-1.4670665225117132,1.246232984873274e-19,1.0033348504594801,-0.03868641206777866,5.298356804266564e-19,-0.0030568204242638745,0.9999999886471674,-2.687612688813154e-19,0.00015068399137585273,-1.4524313910536863e-20
4.022,-1.4671438814176414,1.2569314301604919e-19,1.0033287420776789,-0.038672360757670686,5.4014344868928445e-19,-0.0030515614197990076,0.9999999853741495,-2.7837292793731093e-19,0.00017103128686898536,-1.6216502338238952e-20
4.024,-1.4672212114270575,1.2678462482698114e-19,1.0033226442071492,-0.03865751651138131,5.512573914533609e-19,-0.0030463091576289477,0.9999999817150721,-2.659954371045731e-19,0.00019123246540377002,-1.6880425036334404e-20
4.026,-1.4672985109599785,1.2789687634141766e-19,1.003316556834359,-0.03864188521622834,5.609135356954638e-19,-0.003041063685521957,0.9999999776787181,-2.6464179917072063e-19,0.00021128786938967784,-1.7539833204355978e-20
4.0280000000000005,-1.4673757784481816,1.290296433015777e-19,1.003310479945681,-0.038625472744851716,5.719163371812258e-19,-0.003035825050259678,0.9999999732737782,-2.7425961914076377e-19,0.00023119784425041685,-1.7852673525219906e-20
4.03,-1.4674530123351743,1.301834968602018e-19,1.0033044135273954,-0.038608284955098764,5.818922427592665e-19,-0.003030593297645788,0.9999999685088516,-2.564184319141008e-19,0.000250962738386137,-1.5772052465626276e-20
4.032,-1.4675302110761654,1.3135760700667648e-19,1.0032983575656922,-0.03859032768991098,5.923528014355372e-19,-0.003025368472514651,0.9999999633924457,-2.7704063981615803e-19,0.00027058290313582194,-1.642798738374688e-20
4.034,-1.4676073731380341,1.3255312098772732e-19,1.0032923120466724,-0.0385716067772123,6.031878432199511e-19,-0.0030201506187399942,0.9999999579329766,-2.8111789313306865e-19,0.0002900586927398689,-1.9485840125592524e-20
4.0360000000000005,-1.4676844969993006,1.3377046260757867e-19,1.0032862769563502,-0.038552128029798856,6.141803121571165e-19,-0.0030149397792435285,0.9999999521387692,-2.85175794656455e-19,0.00030939046430285467,-2.2879081360443088e-20
4.038,-1.4677615811500953,1.350098383284019e-19,1.003280252280655,-0.03853189724523021,6.251142241201694e-19,-0.0030097359960036684,0.9999999460180578,-2.672829875722205e-19,0.0003285785777564904,-2.2844831493204277e-20
4.04,-1.4678386240921284,1.3627012676732094e-19,1.0032742380054331,-0.038510920205722075,6.350218562584462e-19,-0.0030045393100641394,0.9999999395789856,-2.5495741160058707e-19,0.000347623395822762,-2.2123498430851435e-20
4.042,-1.4679156243386595,1.3755003324318197e-19,1.0032682341164498,-0.03848920267804053,6.4476850838094425e-19,-0.002999349761542662,0.999999932829606,-2.3720768762318877e-19,0.000366525283977259,-2.1405745973474874e-20
4.0440000000000005,-1.4679925804144656,1.388483041109628e-19,1.003262240599391,-0.03846675041339761,6.532792061092101e-19,-0.002994167389639603,0.9999999257778819,-2.1405899256944297e-19,0.0003852846104126899,-1.8979170922982063e-20
4.046,-1.4680694908558107,1.4016311887316365e-19,1.0032562574398647,-0.03844356914734843,6.615283929888214e-19,-0.00298899223264661,0.9999999184316866,-2.1296431475825682e-19,0.00040390174600258416,-1.894766883110303e-20
4.048,-1.4681463542104145,1.414943874463933e-19,1.003250284623404,-0.03841966459968972,6.697330513757345e-19,-0.002983824327955262,0.9999999107988039,-2.1187442622540074e-19,0.000422377064265182,-1.7888235348855872e-20
4.05,-1.4682231690374201,1.4284202098873117e-19,1.0032443221354674,-0.03839504247435979,6.778933964167624e-19,-0.002978663712065713,0.9999999028869284,-2.1078961137551773e-19,0.0004407109413275103,-1.6488629912222537e-20
4.0520000000000005,-1.4682999339073626,1.4420593108859078e-19,1.0032383699614418,-0.03836970845933994,6.860096435384537e-19,-0.002973510420595305,0.9999998947036659,-2.097097006894983e-19,0.0004589037558896457,-1.4407809765342625e-20
4.054,-1.468376647402137,1.4558602976649622e-19,1.0032324280866434,-0.038343668226557284,6.940820092521976e-19,-0.0029683644882871753,0.9999998862565335,-2.0863422205558444e-19,0.0004769558891891636,-1.0618593293766177e-20
4.056,-1.4684533081149658,1.469821218852319e-19,1.00322649649632,-0.038316927431788966,7.018955256958093e-19,-0.002963225949018883,0.9999998775529599,-1.8563477089225732e-19,0.0004948677249657742,-9.246614336828801e-21
4.058,-1.4685299146503674,1.4839283002172156e-19,1.0032205751756522,-0.03828949171456782,7.088064186335884e-19,-0.002958094835810993,0.9999998686002863,-1.9565384740914898e-19,0.0005126396494261453,-9.917119256481646e-21
4.0600000000000005,-1.4686064656241227,1.4981857791288568e-19,1.003214664109756,-0.038261366698089425,7.170784273050472e-19,-0.002952971180835655,0.999999859405766,-2.220724775626331e-19,0.0005302720512089104,-9.20695064588505e-21
4.062,-1.4686829596632422,1.5126114883870857e-19,1.003208763283683,-0.03823255798912048,7.254133630549796e-19,-0.002947855015425177,0.9999998499765651,-2.0997464184107723e-19,0.0005477653213498639,-8.175767188590125e-21
4.064,-1.4687593954059341,1.5271991390599516e-19,1.0032028726824238,-0.03820307117790868,7.332729443527078e-19,-0.0029427463700805725,0.9999998403197629,-1.9793419413367495e-19,0.0005651198532473416,-7.146991863902434e-21
4.066,-1.4688357715015699,1.541939247512638e-19,1.0031969922909085,-0.03817291183809387,7.4065951506720705e-19,-0.0029376452744801006,0.9999998304423522,-1.859506743610936e-19,0.0005823360426277872,-5.77836446850889e-21
4.0680000000000005,-1.468912086610652,1.556822376886046e-19,1.0031911220940086,-0.038142085526620594,7.475754087130355e-19,-0.0029325517574877715,0.9999998203512397,-1.7402401681860312e-19,0.0005994142875115049,-4.412946591656517e-21
4.07,-1.4689883394047798,1.57183913688198e-19,1.0031852620765387,-0.03811059778365203,7.540229476457362e-19,-0.0029274658471618734,0.999999810053246,-1.6215413924533735e-19,0.000616354988178597,-3.393392768629242e-21
4.072,-1.4690645285666164,1.58698018352868e-19,1.003179412223258,-0.038078454132485236,7.600044423537589e-19,-0.002922387570763438,0.9999997995551068,-1.5034056702944315e-19,0.0006331585471350873,-2.3762225760084087e-21
4.074,-1.4691406527898543,1.6022362189532656e-19,1.0031735725188724,-0.038045660079467795,7.655221922457536e-19,-0.0029173169547647066,0.9999997888634723,-1.3858281582903524e-19,0.0006498253690792296,-1.0187697744645479e-21
4.0760000000000005,-1.4692167107791818,1.6175979911707463e-19,1.003167742948035,-0.03801222111391574,7.705784871547247e-19,-0.002912254024857577,0.9999997779849085,-1.2688042617799682e-19,0.0006663558608680011,1.0200074087588104e-21
4.078,-1.4692927012502488,1.6330562939005882e-19,1.0031619234953488,-0.03797814270803282,7.751756073608661e-19,-0.0029071988059620217,0.9999997669258968,-1.1523289973563847e-19,0.000682750431483781,4.0811545588291225e-21
4.08,-1.469368622929632,1.6486030423065764e-19,1.0031561141453675,-0.03794343031683114,7.796386024194312e-19,-0.0029021513222344856,0.999999755692835,-1.3105544298331114e-19,0.0006990094920012134,4.412907208703455e-21
4.082,-1.4694444745548016,1.6642499121648354e-19,1.0031503148825973,-0.037908089378053046,7.851513123398194e-19,-0.0028971115970762634,0.9999997442920374,-1.4679065217022888e-19,0.000715133455554255,3.716679006127458e-21
4.0840000000000005,-1.4695202548740856,1.68000672535308e-19,1.0031445256914984,-0.03787212531209437,7.904172621390489e-19,-0.0028920796531418666,0.9999997327297355,-1.2955434455028058e-19,0.0007311227373034067,5.054532003514348e-21
4.086,-1.4695959626466348,1.6958620930422522e-19,1.0031387465564863,-0.03783554352192894,7.950072974088963e-19,-0.0028870555123473203,0.9999997210120779,-1.1240003009200892e-19,0.0007469777544031301,6.046188716996226e-21
4.088,-1.4696715966423894,1.7118025303425298e-19,1.0031329774619333,-0.037798349393034385,7.989247557537697e-19,-0.0028820391958784986,0.9999997091451314,-9.532707474988416e-20,0.0007626989259694473,7.03553605550468e-21
4.09,-1.4697471556420427,1.7278146189568859e-19,1.0031272183921704,-0.03776054829331926,8.021729584757799e-19,-0.0028770307241993667,0.9999996971348808,-7.833533769344481e-20,0.000778286673047724,7.679916992063571e-21
4.0920000000000005,-1.469822638437006,1.7438850068453505e-19,1.003121469331488,-0.03772214557305142,8.047552102054262e-19,-0.002872030117060236,0.9999996849872299,-6.142496257152572e-20,0.0007937414185806372,7.294419295563552e-21
4.094,-1.4698980438293734,1.760000407884469e-19,1.003115730264138,-0.037683146564787634,8.066747977722879e-19,-0.0028670373935060166,0.9999996727080015,-4.4595278083665244e-20,0.0008090635873763253,6.223738189503438e-21
4.096,-1.4699733706318865,1.7761476015166073e-19,1.003110001174335,-0.03764355658330454,8.079349911530426e-19,-0.002862052571884351,0.999999660302938,-2.784507685722551e-20,0.000824253606076721,5.4974806029695584e-21
4.098,-1.4700486176678986,1.7923134324254378e-19,1.0031042820462572,-0.03760338092553077,8.085390442135578e-19,-0.0028570756698538275,0.9999996477777018,-1.1175649284848458e-20,0.0008393119031260679,3.0604855480239978e-21
4.1,-1.4701237837713392,1.808485886113849e-19,1.0030985728640482,-0.037562624870480385,8.088129704773307e-19,-0.002852106704392084,0.9999996351378759,-2.1996933317460186e-20,0.0008542389087396186,2.0229544601048167e-21
4.102,-1.4701988677866773,1.8246738038941644e-19,1.0030928736118188,-0.03752129367918752,8.100491680927335e-19,-0.0028471456918039164,0.9999996223889644,-3.8236786219031365e-20,0.0008690350548725165,6.490616835654127e-22
4.104,-1.4702738685688863,1.8408881365259092e-19,1.0030871842736473,-0.03747939259464228,8.113823078486831e-19,-0.0028421926477293336,0.9999996095363928,-4.8931465680231855e-20,0.0008837007751888578,-2.4396640948618867e-21
4.106,-1.4703487849834076,1.8571361967441781e-19,1.003081504833582,-0.0374369268417278,8.13565051429569e-19,-0.0028372475871516066,0.9999995965855081,-5.957148398087129e-20,0.0008982365050309371,-1.066489396494894e-21
4.108,-1.470423615906114,1.8734291997711975e-19,1.003075835275641,-0.03739390162715864,8.158403953190494e-19,-0.0028323105244052473,0.9999995835415814,-7.564280014501656e-20,0.0009126426813886741,1.3351036252553658e-21
4.11,-1.4704983602232733,1.8897783177154847e-19,1.0030701755838152,-0.037350322139420265,8.1917604530113415e-19,-0.0028273814731840613,0.9999995704098028,-9.163982664340543e-20,0.0009269197428692174,1.6750087123605564e-21
4.112,-1.4705730168315125,1.906192512183015e-19,1.0030645257420683,-0.03730619354870982,8.220608087389084e-19,-0.002822460446548986,0.9999995571952895,-6.372605833603265e-20,0.0009410681296667395,2.316517828412901e-21
4.114,-1.4706475846377802,1.9226534579179399e-19,1.0030588857343388,-0.03726152100687805,8.238520377761314e-19,-0.0028175474569360247,0.9999995439030811,-3.5945596929792676e-20,0.000955088283532401,1.928590811614506e-21
4.116,-1.4707220625593107,1.9391404141997911e-19,1.0030532555445406,-0.03721630964737243,8.2487790970824265e-19,-0.002812642516164121,0.9999995305381416,-3.570842344393795e-20,0.0009689806477445025,2.9384764497424482e-21
4.118,-1.4707964495235863,1.955652463334352e-19,1.0030476351565647,-0.03717056458518145,8.263253816600779e-19,-0.0028077456354429703,0.99999951710536,-4.094233996174295e-20,0.0009827456670788142,3.608610905855467e-21
4.12,-1.4708707444683013,1.972191197212515e-19,1.0030420245542804,-0.037124290916780114,8.274385442308057e-19,-0.0028028568253808195,0.99999950360955,-2.4210112801371875e-20,0.0009963837877790852,2.1996162468655193e-21
4.122,-1.470944946341324,1.9887456347812416e-19,1.0030364237215363,-0.037077493720076585,8.278962694579317e-19,-0.002797976095992234,0.999999490055452,-7.55582662788741e-21,0.0010098954575277336,2.1650543538113922e-21
4.124,-1.47101905410066,2.0053026996894599e-19,1.0030308326421618,-0.037030178054359965,8.277017946466646e-19,-0.0027931034567057894,0.9999994764477317,9.019502668392862e-21,0.0010232811254167144,2.1314272007648037e-21
4.126,-1.4710930667144149,2.0218493801826942e-19,1.0030252512999673,-0.036982348960249274,8.268583419786647e-19,-0.0027882389163717772,0.9999994627909821,2.55155564462919e-20,0.0010365412419185678,1.4125966134169744e-21
4.128,-1.4711669831607566,2.0383727287853068e-19,1.003019679678747,-0.03693401145964354,8.253691166371389e-19,-0.002783382483269829,0.9999994490897235,4.1932026196739396e-20,0.0010496762588576456,-6.74324718513062e-22
4.13,-1.4712408024278782,2.0548598619493388e-19,1.0030141177622784,-0.03688517055567303,8.232373065529921e-19,-0.0027785341651165255,0.9999994353484039,5.827072262935648e-20,0.001062686629381515,-2.7566685218507244e-21
4.132,-1.4713145235139606,2.0713001115677892e-19,1.0030085655343246,-0.03683583123265162,8.208964526541101e-19,-0.0027736939690729567,0.9999994215713994,4.7121274104749884e-20,0.0010755728079325417,-2.7485358521811776e-21
4.134,-1.471388145427134,2.0877007955148038e-19,1.0030030229786344,-0.03678599845603028,8.193162574675221e-19,-0.0027688619017522367,0.9999994077630154,3.054208928115324e-20,0.001088335250219651,-2.7345583453708167e-21
4.136,-1.4714616671854406,2.104073498729303e-19,1.0029974900789445,-0.0367356771723517,8.179543241123951e-19,-0.0027640379692269804,0.9999993939274863,3.0500397058889536e-20,0.0011009744131902643,-4.452692774408925e-21
4.138,-1.4715350878167968,2.1204189815755412e-19,1.0029919668189795,-0.036684872309205946,8.165942187915988e-19,-0.0027592221770367615,0.9999993800689763,3.045856837727033e-20,0.0011134907550024158,-6.50901267906152e-21
4.14,-1.4716084063589554,2.1367372804986445e-19,1.002986453182454,-0.03663358877518735,8.152359299111408e-19,-0.0027544145301954944,0.99999936619158,3.0417364875187233e-20,0.0011258847349970421,-8.217800112874732e-21
4.142,-1.4716816218594673,2.1530284317139367e-19,1.0029809491530723,-0.03658183145985236,8.138794462516807e-19,-0.0027496150331987866,0.999999352299323,3.0376008860296744e-20,0.0011381568136704517,-1.0264389029344559e-20
4.144,-1.471754733375643,2.1692924712140053e-19,1.002975454714531,-0.03652960523367855,8.125247567010269e-19,-0.002744823690031257,0.9999993383961624,3.033566433943437e-20,0.001150307452646969,-1.1620807317966306e-20
4.146,-1.4718277399745159,2.1855294347793646e-19,1.0029699698505188,-0.0364769149480247,8.111718513784863e-19,-0.0027400405041738485,0.9999993244859868,3.0297493718353195e-20,0.0011623371146517534,-1.126070730900053e-20
4.148,-1.4719006407328017,2.2017393580201716e-19,1.002964494544718,-0.03642376543509193,8.098207233349168e-19,-0.002735265478610957,0.9999993105726176,3.026027594727213e-20,0.0011742462634837946,-1.0216141342073213e-20
4.15,-1.471973434736862,2.2179222764242535e-19,1.0029590287808057,-0.03637016150788593,8.084713666642724e-19,-0.002730498615837681,0.9999992966598104,3.0222419531601766e-20,0.0011860353639890847,-9.859376635162544e-21
4.152,-1.4720461210826652,2.2340782253519943e-19,1.0029535725424539,-0.03631610796018022,8.071237745303983e-19,-0.0027257399178670033,0.9999992827512506,3.0183929800240166e-20,0.0011977048820339571,-1.0188782841124678e-20
4.154,-1.4721186988757478,2.2502072400157565e-19,1.0029481258133317,-0.036261609566480446,8.057779388421318e-19,-0.0027209893862368043,0.9999992688505612,3.0144820163248364e-20,0.0012092552844786136,-1.120232736954295e-20
4.156,-1.472191167231176,2.2663093554547407e-19,1.0029426885771051,-0.036206671081989786,8.044338506382088e-19,-0.002716247022016951,0.9999992549612987,3.0105911190655596e-20,0.0012206870391508122,-1.2213878421187737e-20
4.158,-1.4722635252735072,2.2823846065281737e-19,1.0029372608174387,-0.036151297242575334,8.030915008073754e-19,-0.0027115128258162883,0.9999992410869546,3.00663732803444e-20,0.0012320006148197355,-1.3908356949031623e-20
4.16,-1.4723357721367512,2.298433027903903e-19,1.0029318425179965,-0.03609549276473552,8.017508791491109e-19,-0.002706786797789618,0.999999227230956,3.002664108581278e-20,0.0012431964811700296,-1.5941076882792126e-20
4.162,-1.4724079069643312,2.3144546540383893e-19,1.0029264336624422,-0.03603926234556858,8.00411974856849e-19,-0.0027020689376446,0.9999992133966663,2.9986713759429047e-20,0.0012542751087760168,-1.8311236455616e-20
4.164,-1.4724799289090453,2.330449519165834e-19,1.0029210342344406,-0.03598261066274203,7.990747764661529e-19,-0.002697359244648624,0.9999991995873856,2.9945741586266064e-20,0.0012652369690760816,-2.1703764247701207e-20
4.166,-1.4725518371330277,2.3464155054497786e-19,1.0029156442176586,-0.03592554237446314,7.974164973760693e-19,-0.00269265771763563,0.999999185806351,5.732050467999174e-20,0.0012760825343472258,-2.3066970293748808e-20
4.168,-1.472623630807709,2.362335799828476e-19,1.0029102635957658,-0.03586806211945039,7.94685754047327e-19,-0.0026879643550129,0.9999991720567379,5.167393412337445e-20,0.0012868122776797985,-2.130175190151342e-20
4.17,-1.4726953091137782,2.3782123252029904e-19,1.0029048923524355,-0.03581017451690601,7.930395073790197e-19,-0.0026832791547677687,0.9999991583416595,4.055984362753665e-20,0.0012974266729523958,-1.8506090460448977e-20
4.172,-1.472766871241143,2.3940520223329717e-19,1.0028995304713453,-0.03575188416648938,7.908592151950376e-19,-0.002678602114474309,0.9999991446641683,5.1412603131553744e-20,0.0013079261948069315,-1.814415764254323e-20
4.174,-1.472838316388891,2.409848179177444e-19,1.002894177936178,-0.035693195648291515,7.887934068226405e-19,-0.00267393323129997,0.9999991310272556,5.673134689204305e-20,0.0013183113186238777,-1.7776695132926325e-20
4.176,-1.4729096437652498,2.425598062277891e-19,1.0028888347306224,-0.03563411352281047,7.8619614204550255e-19,-0.002669272502012194,0.9999991174338531,5.654272413658457e-20,0.0013285825204976767,-1.706020317761933e-20
4.178,-1.4729808525875492,2.441299676950917e-19,1.0028835008383747,-0.03557464233092774,7.839307798593474e-19,-0.002664619922984906,0.999999103886833,6.182593719112841e-20,0.0013387402772123214,-1.532469862024073e-20
4.18,-1.4730519420821808,2.4569503220355087e-19,1.0028781762431382,-0.03551478659388559,7.810275351320976e-19,-0.002659975490205035,0.9999990903890082,6.709933160957683e-20,0.001348785066217106,-1.188000829603729e-20
4.182,-1.4731229114845588,2.4725437209903976e-19,1.0028728609286246,-0.03545455081326539,7.783497856553005e-19,-0.0026553391992789697,0.9999990769431336,7.234261722767703e-20,0.0013587173656025445,-1.2213150610680506e-20
4.184,-1.4731937600390812,2.4880793542514e-19,1.002867554878555,-0.03539393947096682,7.751434522379441e-19,-0.0026507110454389257,0.9999990635519056,7.209240967607176e-20,0.001368537654076458,-1.1852738943047787e-20
4.186,-1.4732644869990899,2.503553843085195e-19,1.0028622580766604,-0.035332957029188115,7.723787902226921e-19,-0.0026460910235493293,0.9999990502179636,6.636124620945634e-20,0.0013782464109402307,-1.1143024485830745e-20
4.188,-1.4733350916268315,2.518972413614046e-19,1.0028569705066823,-0.03527160793040714,7.694079038211311e-19,-0.0026414791281130804,0.9999990369438904,7.711329275520643e-20,0.0013878441160652317,-1.3884314908563163e-20
4.19,-1.4734055731934181,2.534327357503363e-19,1.0028516921523738,-0.035209896597363455,7.660164592196457e-19,-0.0026368753532778374,0.9999990237322118,8.78139320739803e-20,0.0013973312498694061,-1.6962552248752203e-20
4.192,-1.4734759309787873,2.549612436193023e-19,1.0028464229974996,-0.0351478274330413,7.626368973491218e-19,-0.0026322796928421872,0.9999990105853985,6.557080841577914e-20,0.0014067082932940316,-1.8274193958427942e-20
4.194,-1.4735461642716625,2.564842959715043e-19,1.0028411630258376,-0.03508540482065346,7.603450706692376e-19,-0.0026276921402618334,0.9999989975058658,5.440069187877905e-20,0.001415975727780641,-1.7885331945936808e-20
4.196,-1.4736162723695145,2.5800255611904867e-19,1.002835912221179,-0.03502263312362607,7.580596980142022e-19,-0.0026231126886556667,0.9999989844959744,3.228996985909592e-20,0.0014251340352481113,-1.9195176138399388e-20
4.198,-1.4736862545785208,2.5951786751346333e-19,1.0028306705673287,-0.03495951668558429,7.571804499398923e-19,-0.0026185413308118413,0.9999989715580304,3.221635128155692e-20,0.0014341836980699184,-1.9161790152181923e-20
4.2,-1.4737561102135261,2.610300937874978e-19,1.002825438048107,-0.034896059830338874,7.549028482753853e-19,-0.00261397805919378,0.9999989586942868,5.407483849142152e-20,0.001443125199051556,-1.8131955208853227e-20
4.202,-1.4738258385980034,2.625380224643333e-19,1.002820214647349,-0.03483226686187369,7.530626786581811e-19,-0.002609422865946117,0.9999989459069435,4.843935247166865e-20,0.00145195902140812,-1.9463596007756095e-20
4.204,-1.4738954390640135,2.6404155801797947e-19,1.0028150003489065,-0.034768142064334005,7.5036618077511e-19,-0.0026048757429005874,0.9999989331981488,7.023198378205721e-20,0.0014606856487420568,-1.9803092051696768e-20
4.206,-1.4739649109521658,2.6553945765577636e-19,1.0028097951366473,-0.034703689702015754,7.475708932058293e-19,-0.002600336681581976,0.9999989205699958,6.451139934359847e-20,0.0014693055650210703,-1.804570590150692e-20
4.208,-1.474034253611578,2.6703199154081464e-19,1.0028045989944565,-0.03463891401935559,7.450002509360115e-19,-0.002595805673213817,0.9999989080245293,5.881790969657727e-20,0.0014778192545562038,-1.6292510829954867e-20
4.21,-1.4741034663998376,2.6851960785791546e-19,1.0027994119062376,-0.03457381924092188,7.42653149057858e-19,-0.0025912827087242072,0.9999988955637422,5.3151889874064657e-20,0.0014862272019800736,-1.4201241480950034e-20
4.212,-1.4741725486829607,2.7000275258759138e-19,1.002794233855912,-0.03450840957140644,7.405284881655255e-19,-0.0025867677787514928,0.999998883189577,4.751270282907128e-20,0.0014945298922252681,-1.2114953669719179e-20
4.214,-1.474241499835353,2.714818695168301e-19,1.0027890648274203,-0.03444268919561724,7.386251740427219e-19,-0.0025822608736499417,0.9999988709039263,4.1899712724161747e-20,0.0015027278105029108,-1.0376296161794229e-20
4.216,-1.4743103192397702,2.7295740024892252e-19,1.0027839048047227,-0.03437666227847187,7.369421173337986e-19,-0.002577761983495338,0.9999988587086334,3.631330692193654e-20,0.0015108214422813822,-8.641783427526256e-21
4.218,-1.4743790062872777,2.74429784213754e-19,1.0027787537717994,-0.034310332964991856,7.354782337858232e-19,-0.0025732710980905485,0.9999988466054928,3.0753880383227384e-20,0.001518811273265204,-6.568744140457593e-21
4.22,-1.4744475603772114,2.7589945867779207e-19,1.0027736117126513,-0.03424370538029781,7.342324444644895e-19,-0.0025687882069710295,0.9999988345962506,2.5220263470904498e-20,0.0015266977893740833,-4.843302327417104e-21
4.222,-1.4745159809171369,2.773668587547011e-19,1.002768478611301,-0.034176783629605426,7.332036752486992e-19,-0.0025643132994102895,0.9999988226826054,1.9712341220183328e-20,0.001534481476722117,-3.464633602179914e-21
4.224,-1.474584267322811,2.7883241741442145e-19,1.0027633544517918,-0.03410957179822221,7.323908566745169e-19,-0.002559846364425291,0.9999988108662085,1.4230514193215026e-20,0.0015421628215971542,-2.089254495146611e-21
4.226,-1.4746524190181405,2.8029656549292783e-19,1.00275823921819,-0.034042073951545126,7.317929242367601e-19,-0.0025553873907818076,0.9999987991486642,8.774659111679021e-21,0.00154974231044032,-7.171567506953328e-22
4.228,-1.474720435435144,2.817597317022879e-19,1.0027531328945842,-0.033974294135058966,7.314088185800872e-19,-0.0025509363669997402,0.999998787531531,3.3451817527141224e-21,0.0015572204298256957,9.94328884051025e-22
4.23,-1.4747883160139101,2.8322234264120264e-19,1.0027480354650866,-0.033906236374335534,7.312374856382216e-19,-0.0025464932813583645,0.9999987760163216,-2.0585741569787627e-21,0.0015645976664401587,2.702143490835801e-21
4.232,-1.4748560602025595,2.846848228052111e-19,1.0027429469138327,-0.03383790467503363,7.312778763767208e-19,-0.0025420581219015533,0.9999987646045034,-7.436197021160277e-21,0.0015718745070633785,4.748551115174538e-21
4.234,-1.4749236674572042,2.8614759459718493e-19,1.0027378672249823,-0.0337693030228998,7.315289471564068e-19,-0.002537630876442924,0.9999987532974995,-1.2787275819668589e-20,0.0015790514385479704,7.475004506812966e-21
4.236,-1.4749911372419071,2.876110783381426e-19,1.0027327963827197,-0.0337004353837699,7.319896597734601e-19,-0.0025332115325709566,0.9999987420966887,-1.8113014576953853e-20,0.001586128947799807,1.0194976264009612e-20
4.238,-1.4750584690286435,2.8907569227779317e-19,1.0027277343712546,-0.03363130570357136,7.326589810367019e-19,-0.0025288000776540337,0.9999987310034063,-2.3412989090057217e-20,0.0015931075217584828,1.325114318591552e-20
4.24,-1.4751256622972604,2.905416374241792e-19,1.0027226811748218,-0.03356191790832629,7.331055220178279e-19,-0.0025243964988454675,0.9999987200189443,4.204317004685766e-21,0.0015999876473779375,1.4191675786151967e-20
4.242,-1.475192716535437,2.9200696203490497e-19,1.002717636777682,-0.033492275904155294,7.322544819962083e-19,-0.0025200007830884588,0.9999987091445525,9.755479521591643e-21,0.0016067698116072329,1.208203493747279e-20
4.244,-1.475259631238645,2.934711577778135e-19,1.0027126011641225,-0.03342238357728202,7.318333726001838e-19,-0.002515612917120988,0.9999986983814383,2.6244945113606412e-20,0.001613454501371484,9.617135555965491e-21
4.246,-1.4753264059101086,2.949330023137386e-19,1.0027075743184573,-0.033352244794038526,7.301189663903836e-19,-0.002511232887480702,0.9999986877307677,2.621240050397977e-20,0.0016200422035529461,9.583304366373122e-21
4.248,-1.4753930400607644,2.9639267734530795e-19,1.0027025562250271,-0.03328186340087132,7.294844653965679e-19,-0.0025068606805096964,0.9999986771936656,3.167557130484157e-20,0.0016265334049722535,9.54064807225899e-21
4.25,-1.4754595332092224,2.978496113083984e-19,1.0026975468682007,-0.03321124322434814,7.273422039957562e-19,-0.0025024962823592977,0.9999986667712166,4.259487634899468e-20,0.0016329285923698117,9.147345031676295e-21
4.252,-1.4755258848817259,2.993029837122252e-19,1.0026925462323741,-0.0331403880711655,7.260667834000993e-19,-0.0024981396789947687,0.999998656464465,3.700838158120538e-20,0.0016392282523873438,1.2893824016458125e-20
4.2540000000000004,-1.4755920946121115,3.0075294674084306e-19,1.0026875543019722,-0.033069301728156905,7.237174758001105e-19,-0.002493790856199956,0.9999986462744155,6.433987036529757e-20,0.0016454328715495865,1.4179660062089715e-20
4.256,-1.4756581619417697,3.0219778726811256e-19,1.0026825710614482,-0.03299798796230182,7.211603095782432e-19,-0.0024894497995819236,0.999998636202034,5.864408365638394e-20,0.0016515429362461403,1.4145627018906334e-20
4.258,-1.475724086419605,3.0363773717005693e-19,1.0026775964952843,-0.03292645052073533,7.1882667393455735e-19,-0.002485116494575501,0.9999986262482478,5.297755381918757e-20,0.0016575589327134685,1.5482291538140242e-20
4.26,-1.4757898676019967,3.050732424057854e-19,1.002672630587992,-0.03285469313075849,7.167154676971556e-19,-0.002480790926447806,0.9999986164139459,4.7337312639374906e-20,0.0016634813470170486,1.6473506375245766e-20
4.2620000000000005,-1.4758555050527586,3.0650474673728974e-19,1.0026676733241124,-0.03278271949984939,7.148255949135051e-19,-0.002476473080302703,0.9999986066999802,4.1724940477093897e-20,0.0016693106650336722,1.814685537278546e-20
4.264,-1.4759209983430996,3.0793269174025076e-19,1.0026627246882165,-0.03271053331567492,7.131559652970527e-19,-0.002472162941085236,0.999998597107165,3.613973173121449e-20,0.0016750473724338963,2.015887339566444e-20
4.266,-1.4759863470515842,3.0935751681535623e-19,1.0026577846649056,-0.03263813824610316,7.11705494056488e-19,-0.0024678604935859574,0.9999985876362784,3.058155954673176e-20,0.0016806919546646416,2.25087581511773e-20
4.268,-1.4760515507640928,3.107796591991526e-19,1.002652853238812,-0.03256553793921655,7.104731018236908e-19,-0.0024635657224452968,0.9999985782880632,2.5050295816835532e-20,0.0016862448969319427,2.5195709247877883e-20
4.2700000000000005,-1.4761166090737823,3.1219955397471013e-19,1.002647930394598,-0.03249273602332562,7.094577144978674e-19,-0.002459278612157835,0.9999985690632235,1.9545237251926092e-20,0.0016917066841838362,2.787626724436724e-20
4.272,-1.4761815215810465,3.136176340821245e-19,1.002643016116958,-0.032419736106983454,7.086582631515522e-19,-0.0024549991470764767,0.9999985599624316,1.4066259666015615e-20,0.0016970778010934155,3.055004164522161e-20
4.274,-1.4762462878934766,3.150343303284904e-19,1.0026381103906168,-0.03234654177900081,7.080736837197224e-19,-0.0024507273114166457,0.9999985509863237,8.612661137691336e-21,0.0017023587320420131,3.287479417334982e-20
4.276,-1.4763109076258212,3.1645007139772795e-19,1.002633213200332,-0.03227315660846186,7.077029170889216e-19,-0.002446463089260433,0.9999985421355023,3.1849021772845404e-21,0.0017075499611025405,3.5194013533852624e-20
4.2780000000000005,-1.476375380399948,3.178652838604131e-19,1.0026283245308922,-0.03219958414474062,7.075449089336564e-19,-0.0024422064645606505,0.9999985334105358,-2.217718236764723e-21,0.0017126519720229686,3.7165458478804375e-20
4.28,-1.4764397058448033,3.1928039218312993e-19,1.002623444367119,-0.032125827917517974,7.075986096889673e-19,-0.002437957421144868,0.9999985248119593,-7.594735688157788e-21,0.0017176652482099573,3.913220862655587e-20
4.282,-1.4765038835963735,3.2069581873829565e-19,1.002618572693866,-0.032051891436799394,7.078629747711163e-19,-0.0024337159427194064,0.9999985163402754,-1.2945684141831672e-20,0.0017225902727126283,4.143693647973721e-20
4.284,-1.476567913297645,3.2211198381427657e-19,1.0026137094960195,-0.031977778192933244,7.083369646752648e-19,-0.002429482012873276,0.9999985079959541,-1.8271274784890213e-20,0.0017274275282064817,4.3736586549419886e-20
4.2860000000000005,-1.4766317945985654,3.235293056253574e-19,1.002608854758499,-0.03190349165662972,7.090195447995408e-19,-0.002425255615082051,0.999998499779434,-2.357221821857173e-20,0.001732177496977458,4.568810427827022e-20
4.288,-1.476695527156004,3.249482003213092e-19,1.002604008466257,-0.031829035278980414,7.099096852817385e-19,-0.0024210367327117057,0.9999984916911216,-2.884744734701252e-20,0.0017368406609061405,4.797723102001276e-20
4.29,-1.4767591106337128,3.2636908199721943e-19,1.0025991706042794,-0.031754412491478486,7.110063612748605e-19,-0.0024168253490224494,0.9999984837313931,-3.409648783926434e-20,0.0017414175014521041,5.0946233980896507e-20
4.292,-1.4768225447022871,3.277922551143771e-19,1.0025943411575857,-0.031679626706039465,7.12093374485877e-19,-0.002412621447172434,0.9999984759005938,-1.739334068492078e-20,0.0017459084996384036,5.215587358275394e-20
4.2940000000000005,-1.4768858290391265,3.2921658829773074e-19,1.0025895201112291,-0.03160468131502262,7.122028084832447e-19,-0.0024084250102214804,0.9999984681990391,-6.2537369564225155e-21,0.0017503141360362049,5.2344305674593e-20
4.296,-1.4769489633283959,3.3064109918422407e-19,1.002584707450297,-0.031529579691252946,7.121996967722103e-19,-0.002404236021134718,0.9999984606270149,1.0312634779952877e-20,0.0017546348907495565,5.080943704231947e-20
4.298,-1.4770119472609862,3.3206452320965856e-19,1.0025799031599103,-0.03145432518804372,7.111164610740262e-19,-0.002400054462786213,0.9999984531847779,2.6799887055652236e-20,0.0017588712434003027,4.893561382733534e-20
4.3,-1.4770747805344755,3.334857813565125e-19,1.0025751072252251,-0.03137892113921968,7.102495078755013e-19,-0.0023958803179625118,0.999998445872556,1.0317145605971622e-20,0.0017630236731131356,4.91809355981321e-20
4.3020000000000005,-1.47713746285309,3.349059516793352e-19,1.0025703196314317,-0.03130337085914077,7.100281257990094e-19,-0.002391713569366167,0.9999984386905489,-6.088054503986776e-21,0.0017670926585007876,4.908294532614009e-20
4.304,-1.4771999939276654,3.3632632212846937e-19,1.002565540363755,-0.031227677642726406,7.10449125367202e-19,-0.0023875541996192327,0.9999984316389285,-2.2415478198262184e-20,0.0017710786776493621,4.89851190569659e-20
4.306,-1.4772623734756076,3.3774817429043262e-19,1.0025607694074548,-0.031151844765480396,7.115093322211602e-19,-0.002383402191266666,0.9999984247178393,-3.8664887347722775e-20,0.0017749822081038033,4.9230118654218307e-20
4.308,-1.477324601220854,3.391727834183104e-19,1.0025560067478256,-0.031075875483516365,7.132055873448086e-19,-0.0023792575267797163,0.9999984179273987,-5.48366542982318e-20,0.0017788037268535036,4.981713285123754e-20
4.3100000000000005,-1.4773866768938353,3.4060141846235666e-19,1.0025512523701974,-0.03099977303358376,7.155347468405339e-19,-0.002375120188559266,0.999998411267698,-7.093175379730585e-20,0.0017825437103180478,5.0402691397868237e-20
4.312,-1.4774486002314358,3.4203534210006046e-19,1.0025465062599352,-0.030923540633094382,7.1849368187035e-19,-0.0023709901589391244,0.9999984047388017,-8.694933078994609e-20,0.001786202634333095,5.1671714725228906e-20
4.314,-1.4775103709769557,3.4347581076631937e-19,1.0025417684024398,-0.0308471814801495,7.220792786193254e-19,-0.0023668674201892765,0.9999983983407492,-1.0289097110468553e-19,0.0017897809741363958,5.293807455319965e-20
4.316,-1.477571988880072,3.4492385950539034e-19,1.0025370387831471,-0.030770698753567485,7.258580823671381e-19,-0.0023627519545190946,0.9999983920735546,-8.586527011265598e-20,0.001793279204353947,5.2086125257222303e-20
4.3180000000000005,-1.4776334536968003,3.4637836650547774e-19,1.002532317387529,-0.03069409561291197,7.284304786505018e-19,-0.002358643744080483,0.9999983859372066,-6.34376988871132e-20,0.001796697798986278,5.1226035961686654e-20
4.32,-1.4776947651894556,3.4783764183025585e-19,1.0025276042010924,-0.03061737519852056,7.308781432992141e-19,-0.0023545427709710113,0.9999983799316702,-6.852624540018018e-20,0.001800037231394876,5.2130642524661975e-20
4.322,-1.4777559231266149,3.4930201146099804e-19,1.002522899209381,-0.030540540631534063,7.335246267785277e-19,-0.0023504490172369785,0.9999983740568859,-7.359128291505867e-20,0.0018032979742887416,5.2690427102976795e-20
4.324,-1.477816927283078,3.5077187204993177e-19,1.0025182023979742,-0.030463595013926224,7.36368944364679e-19,-0.0023463624648764544,0.9999983683127706,-7.863292237743384e-20,0.0018064804997110803,5.2906613568131784e-20
4.3260000000000005,-1.4778777774398293,3.5224761828434564e-19,1.002513513752487,-0.030386541428533986,7.394101158833015e-19,-0.0023422830958422613,0.9999983626992183,-8.365065889648217e-20,0.0018095852790261263,5.3122271525911386e-20
4.328,-1.4779384733840004,3.5372964289578907e-19,1.0025088332585708,-0.030309382939088265,7.4264716568425e-19,-0.002338210892044917,0.9999983572161,-8.864646106291859e-20,0.0018126127829060973,5.230982613284068e-20
4.33,-1.477999014908831,3.552183366687032e-19,1.0025041609019134,-0.030232122590245207,7.460791223239429e-19,-0.0023341458353555323,0.9999983518632642,-9.361981396107747e-20,0.001815563481318283,5.081396950715594e-20
4.332,-1.4780594018136306,3.5671408844898135e-19,1.0024994966682388,-0.03015476340761797,7.497050187757782e-19,-0.0023300879076086967,0.9999983466405375,-9.85683417573756e-20,0.0018184378435122648,5.000696542919288e-20
4.3340000000000005,-1.4781196339037415,3.582172851532888e-19,1.0024948405433072,-0.03007730839780898,7.535238928029925e-19,-0.0023260370906052694,0.999998341547725,-1.034940287744349e-19,0.0018212363380072647,4.885919886377546e-20
4.336,-1.4781797109905,3.597283117782691e-19,1.0024901925129155,-0.029999760548442674,7.575347866176857e-19,-0.002321993366115174,0.9999983365846105,-1.0839698362847378e-19,0.001823959432579625,4.737066568494898e-20
4.338,-1.4782396328911986,3.6124755140950573e-19,1.0024855525628966,-0.02992212282819873,7.617367469684082e-19,-0.0023179567158801147,0.9999983317509565,-1.1327544364888048e-19,0.0018266075942504185,4.657015658842171e-20
4.34,-1.4782993994290488,3.6277538523078118e-19,1.0024809206791208,-0.02984439818684579,7.661288253250585e-19,-0.0023139271216163016,0.9999983270465058,-1.1813014827351373e-19,0.001829181289273187,4.611378633632984e-20
4.3420000000000005,-1.4783590104331419,3.6431219253351486e-19,1.002476296847494,-0.029766589555275613,7.707100778091212e-19,-0.002309904565017072,0.9999983224709806,-1.2296308753460557e-19,0.001831680983121809,4.4973163112469603e-20
4.344,-1.4784184657384127,3.658583507256751e-19,1.0024716810539596,-0.029688699845537746,7.754795647957557e-19,-0.002305889027755517,0.9999983180240838,-1.2777436442890232e-19,0.0018341071404784932,4.3149909207646924e-20
4.346,-1.4784777651856011,3.674142353401839e-19,1.002467073284497,-0.02961073195087462,7.804363508905567e-19,-0.002301880491487053,0.9999983137054984,-1.3256408426962335e-19,0.0018364602252219017,4.064604918658256e-20
4.348,-1.4785369086212148,3.6898022004348864e-19,1.0024624735251224,-0.029532688745757114,7.855795050070346e-19,-0.0022978789378519594,0.9999983095148891,-1.373304663103668e-19,0.0018387407004153999,3.848996089236774e-20
4.3500000000000005,-1.4785958958974916,3.705566766442936e-19,1.0024578817618892,-0.029454573085920567,7.909081005376981e-19,-0.0022938843484778633,0.9999983054519015,-1.42073619471927e-19,0.0018409490282954306,3.668163256513611e-20
4.352,-1.4786547268723622,3.7214397510266306e-19,1.0024532979808873,-0.029376387808401256,7.964212154927333e-19,-0.0022898967049821937,0.9999983015161632,-1.4679176401605945e-19,0.001843085670260017,3.6248222781360396e-20
4.354,-1.4787134014094125,3.7374248353953614e-19,1.0024487221682432,-0.029298135731573277,8.021179326954954e-19,-0.002285915988974597,0.999998297707284,-1.51487539606736e-19,0.0018451510868573867,3.581623555803587e-20
4.356,-1.4787719193778466,3.75352568245905e-19,1.0024441543101204,-0.029219819655185907,8.07997339311038e-19,-0.0022819421820593068,0.9999982940248561,-1.5616231415836677e-19,0.0018471457377747251,3.4699940053538293e-20
4.358,-1.4788302806524496,3.769745936912852e-19,1.002439594392719,-0.029141442360401355,8.140585266832556e-19,-0.0022779752658374877,0.9999982904684546,-1.6081555685236507e-19,0.001849070081827048,3.3243619511540615e-20
4.36,-1.4788884851135504,3.78608922532086e-19,1.002435042402276,-0.029063006609832978,8.203005904333167e-19,-0.0022740152219095137,0.9999982870376376,-1.654461077642987e-19,0.001850924576946201,3.213258970537127e-20
4.362,-1.4789465326469846,3.802559156203531e-19,1.0024304983250656,-0.028984515147583892,8.267226305221036e-19,-0.002270062031877261,0.9999982837319472,-1.7005533820246352e-19,0.001852709680169982,3.068192916542945e-20
4.364,-1.4790044231440573,3.819159320123056e-19,1.0024259621473979,-0.028905970699286004,8.333237511678678e-19,-0.002266115677346282,0.9999982805509091,-1.746427169230647e-19,0.0018544258476313829,2.923469799219218e-20
4.366,-1.4790621565015065,3.835893289768565e-19,1.0024214338556205,-0.028827375972139465,8.401030608513703e-19,-0.0022621761399280378,0.9999982774940331,-1.792077123731138e-19,0.0018560735345479556,2.813354921848779e-20
4.368,-1.4791197326214665,3.852764620041861e-19,1.0024169134361178,-0.02874873365495253,8.470596723737496e-19,-0.002258243401242,0.999998274560814,-1.8375106652009314e-19,0.0018576531952112984,2.703500198560131e-20
4.37,-1.4791771514114305,3.86977684814369e-19,1.0024124008753104,-0.028670046418181806,8.5419270280594185e-19,-0.0022543174429177962,0.9999982717507313,-1.8827288238343177e-19,0.001859165282976664,2.59386443254714e-20
4.372,-1.4792344127842143,3.8869334936582314e-19,1.002407896159656,-0.02859131691397291,8.615012734136494e-19,-0.002250398246597249,0.9999982690632497,-1.9277326153976418e-19,0.0018606102502526864,2.4844877477062202e-20
4.374,-1.4792915166579201,3.9042380586369173e-19,1.0024033992756491,-0.02851254777620152,8.689845096475722e-19,-0.002246485793936431,0.9999982664978195,-1.9725230535879499e-19,0.0018619885484912266,2.3753695607216262e-20
4.376,-1.4793484629558993,3.921694027681762e-19,1.0023989102098205,-0.028433741620514798,8.76641541139656e-19,-0.0022425800666076596,0.9999982640538772,-2.0171011611928865e-19,0.0018633006281773407,2.266509289560254e-20
4.378,-1.4794052516067164,3.9393048680293567e-19,1.002394428948738,-0.028354901044373226,8.844715016906715e-19,-0.0022386810463014607,0.9999982617308452,-2.06146795433078e-19,0.0018645469388193616,2.1578657413817124e-20
4.38,-1.479461882544113,3.95707402963356e-19,1.002389955479006,-0.028276028627092786,8.924735292104792e-19,-0.0022347887147284814,0.9999982595281325,-2.1056308059504404e-19,0.0018657279289391027,2.015212960538748e-20
4.382,-1.4795183557069707,3.975004945246882e-19,1.0023854897872648,-0.028197126929887538,9.006467656608222e-19,-0.0022309030536214066,0.9999982574451352,-2.1495907008250884e-19,0.0018668440460621765,1.838631590983479e-20
4.384,-1.4795746710392756,3.9931010305015103e-19,1.0023810318601922,-0.028118198495912555,9.089903570481834e-19,-0.002227024044736801,0.9999982554812363,-2.193348615718793e-19,0.0018678957367084304,1.6282020850965167e-20
4.386,-1.4796308284900825,4.01136568399019e-19,1.0023765816845018,-0.028039245850307228,9.175034534170696e-19,-0.0022231516698569273,0.9999982536358066,-2.2368927260114666e-19,0.0018688834463824995,1.4525368702011395e-20
4.388,-1.4796868280134783,4.029802287347455e-19,1.0023721392469438,-0.027960271500238932,9.26185208910529e-19,-0.002219285910791541,0.9999982519082046,-2.2802432488321015e-19,0.0018698076195644735,1.2087553218657935e-20
4.39,-1.4797426695685458,4.0484142053306453e-19,1.0023677045343047,-0.027881277934947032,9.350347816426958e-19,-0.002215426749379637,0.9999982502977769,-2.323388324896027e-19,0.0018706686997006802,9.654698712522139e-21
4.392,-1.4797983531193293,4.0672047858996213e-19,1.0023632775334073,-0.027802267625787268,9.440513337797876e-19,-0.002211574167491171,0.9999982488038585,-2.3663097091706726e-19,0.0018714671291945816,8.255182304393494e-21
4.394,-1.479853878634797,4.0861773602985393e-19,1.0023588582311107,-0.02772324302627646,9.532340315815545e-19,-0.002207728147028743,0.9999982474257731,-2.4090340504353593e-19,0.0018722033493977861,6.517129914986493e-21
4.396,-1.479909246088807,4.105335243136987e-19,1.0023544466143102,-0.027644206572137557,9.625820453078316e-19,-0.0022038886699292585,0.9999982461628336,-2.4515302467504183e-19,0.001872877800601172,6.153430054653745e-21
4.398,-1.479964455460071,4.124681732470145e-19,1.002350042669937,-0.027565160681345048,9.720945492770668e-19,-0.002200055718165539,0.9999982450143421,-2.4938249768794553e-19,0.0018734909220261247,5.79140031121215e-21
4.4,-1.4800195067321187,4.144220109879268e-19,1.0023456463849587,-0.02748610775417067,9.817707217368508e-19,-0.002196229273747896,0.9999982439795904,-2.53594486917621e-19,0.0018740431518158866,4.059987565764341e-21
4.402,-1.4800743998932628,4.1639536405487123e-19,1.0023412577463784,-0.027407050173229468,9.916097447620104e-19,-0.002192409318725705,0.9999982430578599,-2.5778715661967306e-19,0.0018745349270270172,1.9896082669623648e-21
4.404,-1.4801291349365637,4.1838855733431064e-19,1.002336876741235,-0.027327990303526173,1.0016108043036872e-18,-0.0021885958351889104,0.9999982422484224,-2.6195995716359917e-19,0.0018749666836209657,-7.586691031767869e-23
4.406,-1.4801837118597942,4.2040191408850606e-19,1.0023325033566037,-0.027248930492501895,1.011773090215649e-18,-0.002184788805269531,0.9999982415505402,-2.661110559143012e-19,0.0018753388564557536,-1.1084668616780485e-21
4.408,-1.4802381306654044,4.22435755963349e-19,1.002328137579595,-0.027169873070081136,1.0220957962713785e-18,-0.002180988211143106,0.9999982409634663,-2.702411928499927e-19,0.0018756518792777668,-1.4524882252340028e-21
4.41,-1.4802923913604866,4.2449040299616553e-19,1.002323779397355,-0.02709082034871911,1.0325781201253618e-18,-0.0021771940350301102,0.9999982404864447,-2.743523948965755e-19,0.0018759061847136574,-2.138763764344945e-21
4.412,-1.480346493956741,4.26566173623408e-19,1.0023194287970656,-0.02701177462344937,1.0432192632383055e-18,-0.002173406259197369,0.9999982401187105,-2.7844475227514107e-19,0.0018761022042623544,-3.1660758512532177e-21
4.414,-1.4804004384704401,4.2866338468824917e-19,1.0023150857659437,-0.026932738171931737,1.0540184308714866e-18,-0.0021696248659594255,0.9999982398594907,-2.825170705252788e-19,0.0018762403682871828,-3.848294214293877e-21
4.416,-1.4804542249223946,4.3078235144817796e-19,1.002310750291242,-0.026853713254500523,1.0649748320769363e-18,-0.0021658498376798483,0.9999982397080038,-2.86571372667286e-19,0.001876321106008091,-5.214625206484836e-21
4.418,-1.4805078533379186,4.3292338758255574e-19,1.0023064223602483,-0.026774702114213053,1.0760876796713482e-18,-0.0021620811567725435,0.9999982396634606,-2.906058192429862e-19,0.0018763448454939824,-6.2358706385048444e-21
4.42,-1.480561323746795,4.35086805200135e-19,1.002302101960285,-0.026695706976898475,1.0873561902275228e-18,-0.002158318805703057,0.999998239725064,-2.9461921637545025e-19,0.0018763120136551582,-6.227120496258869e-21
4.422,-1.480614636183241,4.372729148465486e-19,1.00229778907871,-0.026616730051206846,1.0987795840475382e-18,-0.0021545627669897834,0.9999982398920096,-2.9861358658838164e-19,0.001876223036235862,-6.217986263928211e-21
4.424,-1.4806677906858745,4.394820255117419e-19,1.0022934837029163,-0.026537773528658513,1.1103570851390954e-18,-0.002150813023205195,0.9999982401634863,-3.025890201040753e-19,0.0018760783378069328,-6.2084686289037385e-21
4.426,-1.4807207872976786,4.417144446373633e-19,1.002289185820331,-0.02645883958369376,1.12208792119361e-18,-0.002147069556977019,0.9999982405386751,-3.0654432237298385e-19,0.0018758783417585603,-5.514058864853696e-21
4.428,-1.480773626065969,4.43970478124103e-19,1.002284895418417,-0.02637993037372273,1.1339713235567393e-18,-0.0021433323509894146,0.9999982410167513,-3.1048087052056197e-19,0.0018756234702931476,-4.821295735731121e-21
4.43,-1.4808263070423586,4.462504303389855e-19,1.0022806124846704,-0.026301048039175604,1.1460065272173968e-18,-0.0021396013879840772,0.9999982415968833,-3.1439939539424347e-19,0.0018753141444182748,-4.4724298330902825e-21
4.432,-1.4808788302827245,4.485546041226543e-19,1.0022763370066228,-0.026222194703553074,1.1581927708033803e-18,-0.0021358766507613516,0.9999982422782335,-3.182993420585366e-19,0.0018749507839397677,-4.124391074732691e-21
4.434,-1.480931195847174,4.5088330079663e-19,1.0022720689718396,-0.02614337247347704,1.1705292965629622e-18,-0.0021321581221813027,0.9999982430599583,-3.221820836252324e-19,0.001874533807454868,-4.462498942847414e-21
4.436,-1.4809834038000107,4.532368201705617e-19,1.0022678083679208,-0.026064583438741584,1.1830153503807273e-18,-0.0021284457851647597,0.9999982439412084,-3.260470643773637e-19,0.0018740636323455063,-5.143278218675041e-21
4.438,-1.481035454209701,4.556154605494997e-19,1.0022635551825,-0.02598582967236419,1.1956501817625677e-18,-0.0021247396226943363,0.9999982449211291,-3.2989436785869854e-19,0.001873540674771677,-6.164698093394628e-21
4.44,-1.4810873471488408,4.580195187411018e-19,1.0022593094032455,-0.02590711323063722,1.2084330438240884e-18,-0.0021210396178154138,0.9999982459988604,-3.3372600533683804e-19,0.001872965349664913,-8.553527284788194e-21
4.442,-1.4811390826941215,4.604491824759747e-19,1.0022550710178586,-0.025828436153179604,1.2210404324705658e-18,-0.0021173457536371103,0.9999982471735375,-3.101240587030076e-19,0.0018723380707218614,-9.617393391607924e-21
4.444,-1.4811906609262975,4.629028817481449e-19,1.002250840014075,-0.025749800462988817,1.2327204343038649e-18,-0.002113658013333208,0.9999982484442904,-3.195385929688259e-19,0.0018716592503979597,-8.561035755723998e-21
4.446,-1.4812420819301524,4.653812779945234e-19,1.0022466163796637,-0.025671208166493046,1.2458447015479549e-18,-0.002109976380143093,0.999998249810245,-3.4535749265528204e-19,0.0018709292999012101,-8.161744078402279e-21
4.448,-1.4812933457944661,4.678859620646159e-19,1.002242400102427,-0.02559266125360362,1.2586846967081277e-18,-0.002106300837372615,0.9999982512705226,-3.21710830806235e-19,0.0018701486291860547,-7.855812985492679e-21
4.45,-1.4813444526119819,4.704153969908195e-19,1.002238191170201,-0.02551416169776765,1.27059629094298e-18,-0.00210263136839494,0.9999982528242403,-2.981743471071191e-19,0.0018693176469473452,-6.5229090951154915e-21
4.452,-1.4813954024793736,4.729677305499581e-19,1.0022339895708543,-0.025435711456020905,1.2815840594484404e-18,-0.002098967956651422,0.9999982544705115,-2.7475007499830046e-19,0.0018684367606144143,-5.534893534197069e-21
4.454,-1.481446195497213,4.755411196474982e-19,1.0022297952922892,-0.025357312469040896,1.291652555689432e-18,-0.0020953105856523747,0.999998256208446,-2.5143684515270725e-19,0.0018675063763452422,-4.549102031176462e-21
4.456,-1.4814968317699364,4.781337302741938e-19,1.0022256083224406,-0.025278966661200192,1.3008063115034005e-18,-0.00209165923897787,0.9999982580371496,-2.2823413101025113e-19,0.001866526899020719,-3.565531132514202e-21
4.458,-1.4815473114058129,4.807437374629278e-19,1.002221428649276,-0.02520067594061992,1.3090498371979896e-18,-0.0020880139002785107,0.9999982599557253,-2.051414085089657e-19,0.0018654987322390057,-2.584177373616254e-21
4.46,-1.4815976345169115,4.833693252457361e-19,1.0022172562607963,-0.025122442199223518,1.3163876216298923e-18,-0.002084374553276147,0.9999982619632728,-1.821575172304838e-19,0.0018644222783099867,-1.2627825650724983e-21
4.462,-1.481647801219069,4.860086866109986e-19,1.0022130911450338,-0.025044267312790646,1.322824132307381e-18,-0.002080741181764601,0.999998264058889,-1.5928385501807033e-19,0.001863297938249822,-6.293247526358345e-22
4.464,-1.4816978116318578,4.886600234609336e-19,1.002208933290054,-0.02496615314101133,1.3283638156026044e-18,-0.0020771137696103514,0.9999982662416681,-1.3651926568216696e-19,0.0018621261117755892,-3.399202945432683e-22
4.466,-1.4817476658785533,4.913215465694471e-19,1.0022047826839537,-0.02488810152754029,1.3330110968226044e-18,-0.00207349230075321,0.9999982685107016,-1.1386195704556228e-19,0.0018609071973000222,2.915662859403792e-22
4.468,-1.4817973640861024,4.939914755399975e-19,1.002200639314863,-0.02481011430005146,1.3367703802174643e-18,-0.002069876759206933,0.999998270865079,-9.131269232793652e-20,0.0018596415919263426,5.798129875115209e-22
4.47,-1.4818469063850914,4.966680387636278e-19,1.0021965031709428,-0.02473219327029272,1.3396460491744928e-18,-0.0020662671290598853,0.9999982733038874,-6.887160008883073e-20,0.0018583296914431828,1.8256478136223938e-22
4.472,-1.4818962929097144,4.9934947337743735e-19,1.0021923742403862,-0.024654340234140766,1.3416424663504271e-18,-0.002062663394475608,0.999998275826212,-4.6536261264828427e-20,0.0018569718903196026,1.2861515055812772e-22
4.474,-1.481945523797741,5.020340252230686e-19,1.0021882525114179,-0.02457655697165622,1.3427639736471535e-18,-0.0020590655396933934,0.9999982784311365,-2.4306171785848847e-20,0.0018555685817001968,4.175548175959183e-22
4.476,-1.4819945991904855,5.047199488052825e-19,1.002184137972294,-0.02449884524713888,1.3430148923001626e-18,-0.0020554735490288557,0.9999982811177428,-2.1821033116238968e-21,0.001854120157400294,3.632477037462626e-22
4.478,-1.482043519232775,5.074055072508182e-19,1.0021800306113018,-0.02442120680918316,1.342399523074152e-18,-0.0020518874068744504,0.9999982838851114,1.9837080104180708e-20,0.001852627007901245,3.0916665844941837e-22
4.48,-1.482092284072918,5.100889722675244e-19,1.00217593041676,-0.024343643390733694,1.3409221463198112e-18,-0.002048307097699982,0.9999982867323216,4.175124287737385e-20,0.001851089522345803,-8.653905499804635e-23
4.482,-1.4821408938626737,5.127686241036288e-19,1.0021718373770179,-0.024266156709141125,1.3385870220766148e-18,-0.0020447326060531084,0.9999982896584517,6.356278329539277e-20,0.0018495080885335923,2.0410905150964177e-22
4.484,-1.4821893487572197,5.154427515070968e-19,1.002167751480456,-0.02418874846621804,1.3353983900874442e-18,-0.0020411639165597902,0.9999982926625791,8.526902249736074e-20,0.0018478830929166653,-5.33009463784786e-22
4.486,-1.4822376489151226,5.181096516854151e-19,1.002163672715485,-0.024111420348295068,1.3313604701244202e-18,-0.0020376010139247576,0.9999982957437804,1.0687235118418956e-19,0.0018462149205951484,-1.2691018913986744e-21
4.488,-1.4822857944983057,5.207676302655737e-19,1.002159601070547,-0.024034174026277152,1.3264774619455277e-18,-0.002034043882931918,0.9999982989011317,1.2837515709523241e-19,0.001844503955312977,-9.753774233800792e-22
4.49,-1.4823337856720187,5.234150012539755e-19,1.0021555365341133,-0.023957011155699957,1.3207535451551115e-18,-0.0020304925084447863,0.9999983021337087,1.4977602828364174e-19,0.0018427505794537157,-6.818550328914598e-22
4.492,-1.4823816226048072,5.260500869962487e-19,1.0021514790946862,-0.02387993337678644,1.3141928794945243e-18,-0.002026946875406849,0.999998305440587,1.7107418075913427e-19,0.0018409551740364658,-1.074263528959267e-21
4.494,-1.4824293054684823,5.286712181379297e-19,1.0021474287407977,-0.023802942314503563,1.3067996050495024e-18,-0.0020234069688419404,0.9999983088208418,1.9227325420255622e-19,0.00183911811871186,-4.384864762710829e-22
4.496,-1.4824768344380892,5.312767335848002e-19,1.0021433854610098,-0.023726039578619147,1.2985778420175358e-18,-0.002019872773854612,0.9999983122735487,2.1337309542628782e-19,0.0018372397917581426,8.811888751801965e-22
4.498,-1.4825242096918778,5.338649804632787e-19,1.0021393492439141,-0.023649226763758878,1.2895316908434205e-18,-0.0020163442756304297,0.9999983157977834,2.343722900827755e-19,0.0018353205700773333,1.85556356727014e-21
4.5,-1.4825714314112723,5.364343140811532e-19,1.002135320078132,-0.023572505449463432,1.2796652325174509e-18,-0.0020128214594363064,0.9999983193926218,2.5527257032105047e-19,0.0018333608291914777,3.1703702573959045e-21
4.502,-1.4826184997808407,5.389833130609236e-19,1.002131297952314,-0.023495877200245756,1.2693052868730736e-18,-0.0020093043106207955,0.9999983230571409,2.486565107205151e-19,0.0018313609432389804,2.1337715495213233e-21
4.5040000000000004,-1.4826654149882652,5.415120695046288e-19,1.00212728285514,-0.023419343565648457,1.2594225764276795e-18,-0.002005792814614354,0.9999983267904176,2.5302269979631305e-19,0.0018293212849710223,3.9421111767214806e-22
4.506,-1.482712177224312,5.44020675101094e-19,1.0021232747753186,-0.023342906080301335,1.2493697472017798e-18,-0.0020022869569295966,0.99999833059153,2.24477753679573e-19,0.001827242225748061,1.4602451095823976e-21
4.508,-1.4827587866828016,5.465109791501851e-19,1.0021192737015878,-0.023266566263979035,1.24097678076437e-18,-0.001998786723161563,0.9999983344595571,2.2346550864639815e-19,0.0018251241355364128,1.102908978015605e-21
4.51,-1.4828052435605799,5.489834957764371e-19,1.0021152796227142,-0.023190325621658816,1.2316539319874192e-18,-0.001995292098987905,0.9999983383935791,2.0602208026970202e-19,0.0018229673829049187,9.189172198456272e-23
4.5120000000000005,-1.482851548057487,5.51439346106679e-19,1.0021112925274926,-0.023114185643578446,1.2242023579193449e-18,-0.001991803070169113,0.9999983423926774,1.9963148837917275e-19,0.0018207723350216888,1.8036721274931056e-21
4.514,-1.48289770037633,5.538791075115744e-19,1.0021073124047468,-0.023038147805294198,1.215708341104599e-18,-0.001988319622548684,0.9999983464559344,1.7681298852485555e-19,0.0018185393576509304,4.91197346151338e-21
4.516,-1.4829437007228512,5.5630435911699765e-19,1.0021033392433283,-0.02296221356773897,1.2095127107790136e-18,-0.0019848417420533226,0.9999983505824345,1.760026317512019e-19,0.0018162688151498554,5.574747174120522e-21
4.518,-1.4829895493057013,5.587153833353131e-19,1.0020993730321168,-0.022886384377280508,1.201409289885154e-18,-0.0019813694146930683,0.9999983547712632,1.751831224288433e-19,0.0018139610704656667,6.2355563673906536e-21
4.5200000000000005,-1.4830352463364083,5.611119247750072e-19,1.00209541376002,-0.022810661665779733,1.1951735244588645e-18,-0.0019779026265614483,0.9999983590215081,1.7982409152061123e-19,0.0018116164851326257,6.884890198546287e-21
4.522,-1.48308079202935,5.634940882368827e-19,1.0020914614159733,-0.02273504685064917,1.1870313708824849e-18,-0.001974441363835591,0.9999983633322587,1.789728615069007e-19,0.0018092354192691975,7.199945164865327e-21
4.524,-1.4831261866017247,5.658619075109798e-19,1.0020875159889395,-0.022659541334911482,1.1808651721408999e-18,-0.001970985612776333,0.999998367702606,1.7264434112540215e-19,0.0018068182315752735,8.209483210629062e-21
4.526,-1.483171430273522,5.682155594200232e-19,1.002083577467909,-0.022584146507258082,1.1726844999530922e-18,-0.0019675353597283156,0.9999983721316436,1.9375436099647665e-19,0.0018043652793294743,6.768437775696478e-21
4.5280000000000005,-1.4832165232674948,5.705537848975569e-19,1.0020796458418995,-0.02250886374210786,1.1656186198567247e-18,-0.00196409059112007,0.999998376618467,1.764054557566821e-19,0.0018018769183865276,8.826723791192848e-21
4.53,-1.4832614658091308,5.728774816492806e-19,1.0020757210999554,-0.02243369439966598,1.1580475652319439e-18,-0.001960651293464044,0.9999983811621742,1.755970693393224e-19,0.001799353503174724,9.479745820162079e-21
4.532,-1.4833062581266236,5.751870753660148e-19,1.0020718032311484,-0.02235863982598279,1.151694869204147e-18,-0.0019572174533566936,0.9999983857618656,1.4189336641354475e-19,0.0017967953866934478,8.134434756217109e-21
4.534,-1.4833509004508452,5.774847469940664e-19,1.0020678922245767,-0.022283701353012768,1.1460169307911893e-18,-0.001953789057478486,0.999998390416644,1.3575609038466393e-19,0.0017942029205107858,1.0512200867344291e-20
4.5360000000000005,-1.483395393015317,5.797713045322682e-19,1.0020639880693651,-0.022208880298673607,1.1405805886960335e-18,-0.0019503660925939221,0.999998395125615,1.2964916551540504e-19,0.0017915764547612085,1.357002706381264e-20
4.538,-1.4834397360561826,5.820472299827106e-19,1.0020600907546646,-0.022134177966905328,1.1353846532973002e-18,-0.0019469485455515427,0.9999983998878867,1.2356999347955448e-19,0.001788916338143328,1.593606440471844e-20
4.54,-1.4834839298121796,5.843130029740688e-19,1.0020562002696527,-0.022059595647729503,1.1304279408099559e-18,-0.0019435364032839202,0.9999984047025706,1.1751904970538343e-19,0.001786222917917729,1.795380177172863e-20
4.542,-1.4835279745246113,5.865691007732089e-19,1.0020523166035329,-0.02198513461730852,1.1257092731391755e-18,-0.001940129652807621,0.9999984095687807,1.1149803735145458e-19,0.0017834965399048748,2.065164171716351e-20
4.5440000000000005,-1.48357187043732,5.888159982961571e-19,1.0020484397455345,-0.021910796138004944,1.121227477559964e-18,-0.0019367282812231899,0.9999984144856341,1.0550559607778009e-19,0.0017807375484830835,2.3343056924766298e-20
4.546,-1.4836156177966588,5.910541681190653e-19,1.0020445696849125,-0.02183658145844093,1.1169813869186767e-18,-0.0019333322757150895,0.9999984194522513,9.954036931815787e-20,0.0017779462865865812,2.5342741279128227e-20
4.548,-1.4836592168514644,5.932840804894064e-19,1.0020407064109476,-0.021762491813557685,1.1129698397359982e-18,-0.001929941623551624,0.9999984244677558,9.360344139373769e-20,0.0017751230957036227,2.733684439583532e-20
4.55,-1.4837026678530294,5.955062033374196e-19,1.0020368499129457,-0.02168852842467503,1.109191680260928e-18,-0.001926556312084884,0.9999984295312745,8.76928524749853e-20,0.001772268315874688,2.829902172788746e-20
4.5520000000000005,-1.483745971055076,5.977210022875811e-19,1.002033000180238,-0.02161469249955097,1.1056457584397055e-18,-0.0019231763287506497,0.9999984346419378,8.181029511675792e-20,0.0017693822856907463,2.925848404374224e-20
4.554,-1.4837891267137282,5.999289406698851e-19,1.0020291572021807,-0.021540985232441367,1.1023309298924568e-18,-0.001919801661068283,0.9999984397988796,7.595381477989977e-20,0.0017664653422915938,2.918847386784605e-20
4.556,-1.483832135087485,6.021304795313328e-19,1.0020253209681549,-0.02146740780415962,1.099246056003426e-18,-0.0019164322966406242,0.9999984450012372,7.012388636946953e-20,0.0017635178213642585,2.8433280491110513e-20
4.558,-1.4838749964371938,6.043260776474814e-19,1.0020214914675665,-0.021393961382136433,1.0963900038884347e-18,-0.0019130682231538738,0.9999984502481521,6.432037935390378e-20,0.0017605400571414783,2.6994122330592465e-20
4.5600000000000005,-1.483917711026023,6.065161915337567e-19,1.0020176686898457,-0.021320647120479593,1.0937616463634066e-18,-0.001909709428377439,0.9999984555387692,5.854316314487773e-20,0.0017575323824002439,2.4873027147553712e-20
4.562,-1.4839602791194368,6.087012754569803e-19,1.0020138526244473,-0.021247466160033833,1.0913598619788858e-18,-0.001906355900163792,0.9999984608722372,5.27927102523398e-20,0.001754495128460414,2.2414272671918618e-20
4.564,-1.4840027009851673,6.10881781446593e-19,1.0020100432608503,-0.02117441962844069,1.0891835347454767e-18,-0.0019030076264483125,0.9999984662477088,4.7069494426816985e-20,0.001751428625183397,1.9961320559698187e-20
4.566,-1.4840449768931887,6.130581593053977e-19,1.0020062405885577,-0.021101508640198444,1.0872315539968174e-18,-0.0018996645952491236,0.9999984716643409,4.1374587009426684e-20,0.0017483332009708998,1.81990731180127e-20
4.5680000000000005,-1.4840871071156914,6.152308566198923e-19,1.0020024445970963,-0.021028734296722057,1.0855028140549889e-18,-0.0018963267946669143,0.9999984771212942,3.570726025602397e-20,0.0017452091827637453,1.6783638701417603e-20
4.57,-1.4841290919270553,6.17400318770332e-19,1.001998655276017,-0.02095609768640317,1.0839962143789252e-18,-0.00189299421288473,0.9999984826177338,3.0066786716795755e-20,0.001742056896040755,1.5371534695737472e-20
4.572,-1.4841709316038245,6.195669889410293e-19,1.0019948726148935,-0.020883599884670125,1.0827106595690143e-18,-0.0018896668381677881,0.999998488152829,2.4452442433926572e-20,0.0017388766648176984,1.361968654295223e-20
4.574,-1.4842126264246807,6.217313081308553e-19,1.0019910966033236,-0.020811241954048,1.0816450596730243e-18,-0.0018863446588632672,0.9999984937257532,1.8864097249008412e-20,0.0017356688116463093,1.1529306046498039e-20
4.5760000000000005,-1.4842541766704178,6.23893715164191e-19,1.001987327230928,-0.02073902494421869,1.0807983300487497e-18,-0.0018830276634000662,0.9999984993356845,1.330281985063443e-20,0.001732433657613364,9.786923940220561e-21
4.578,-1.4842955826239166,6.260546467011557e-19,1.0019835644873505,-0.020666949892080996,1.080169391094523e-18,-0.0018797158402885927,0.9999985049818052,7.767888869120192e-21,0.001729171522339828,8.048648658390342e-21
4.58,-1.4843368445701184,6.282145372478188e-19,1.0019798083622578,-0.020595017821810734,1.0797571683289138e-18,-0.001876409178120518,0.999998510663302,2.258586775690073e-21,0.001725882723980064,5.971809896028032e-21
4.582,-1.4843779627960008,6.303738191664646e-19,1.0019760588453392,-0.020523229744920882,1.079560592517545e-18,-0.0018731076655685269,0.9999985163793664,-3.224619191345186e-21,0.001722567579221105,3.899871433470502e-21
4.5840000000000005,-1.4844189375905514,6.325329226860316e-19,1.001972315926307,-0.020451586660321715,1.079578599471399e-18,-0.0018698112913860582,0.9999985221291946,-8.680671473389837e-21,0.0017192264032819908,2.5173315921970327e-21
4.586,-1.4844597692447434,6.3469227591193295e-19,1.0019685795948956,-0.020380089554380962,1.079810129827087e-18,-0.0018665200444070282,0.9999985279119871,-1.4110282653806763e-20,0.0017158595099131663,1.4807078845217907e-21
4.588,-1.4845004580515098,6.368523048356653e-19,1.0019648498408615,-0.02030873940098399,1.080254129080172e-18,-0.0018632339135455699,0.9999985337269495,-1.9514164012577264e-20,0.001712467211395943,4.469258826124656e-22
4.59,-1.4845410043057192,6.3901343334468945e-19,1.0019611266539836,-0.02023753716159396,1.080909547687595e-18,-0.0018599528877957297,0.9999985395732919,-2.4892438281128987e-20,0.0017090498185420209,-5.844269424395463e-22
4.5920000000000005,-1.4845814083041509,6.411760832323933e-19,1.0019574100240627,-0.020166483785312033,1.081775341100405e-18,-0.0018566769562311943,0.9999985454502296,-3.0245225735387153e-20,0.001705607640693074,-1.6133560311807454e-21
4.594,-1.4846216703454698,6.433406742080112e-19,1.001953699940921,-0.02009558020893754,1.082850469787137e-18,-0.001853406108004968,0.9999985513569826,-3.557323386490558e-20,0.0017021409857203942,-2.9817155029019278e-21
4.596,-1.4846617907302024,6.455076239068433e-19,1.0019499963944032,-0.02002482735702817,1.0841338992954794e-18,-0.0018501403323490774,0.9999985572927758,-4.087599784903433e-20,0.0016986501600245972,-4.3464456582081735e-21
4.598,-1.4847017697607119,6.476773479002211e-19,1.0019462993743742,-0.019954226141960164,1.0856246000421546e-18,-0.0018468796185742418,0.9999985632568391,-4.6151889529871036e-20,0.0016951354685353877,-4.6799781143328266e-21
4.6000000000000005,-1.4847416077411741,6.498502597047327e-19,1.001942608870721,-0.01988377746398848,1.087321546847258e-18,-0.001843623956069565,0.9999985692484076,-5.140102735523032e-20,0.001691597214711384,-3.984756896635306e-21
4.602,-1.4847813049775538,6.52026770790982e-19,1.001938924873352,-0.019813482211306983,1.0892237188538655e-18,-0.0018403733343021825,0.9999985752667214,-5.662469084063316e-20,0.0016880357005400013,-2.9485421113759615e-21
4.604,-1.4848208617775793,6.542072905923254e-19,1.0019352473721956,-0.019743341260108595,1.0913300997947216e-18,-0.001837127742816941,0.9999985813110259,-6.182299931544852e-20,0.0016844512265373947,-1.5721417442847677e-21
4.606,-1.4848602784507199,6.56392226514301e-19,1.001931576357202,-0.01967335547464546,1.0936396780667573e-18,-0.001833887171236021,0.9999985873805715,-6.699607099077579e-20,0.001680844091748458,1.4323201147624616e-22
4.6080000000000005,-1.4848995553081614,6.585819839438604e-19,1.001927911818342,-0.019603525707289078,1.0961514467559042e-18,-0.0018306516092586123,0.9999985934746137,-7.214575374312873e-20,0.0016772145937468817,1.1691992419059476e-21
4.61,-1.4849386926627826,6.607769662591946e-19,1.001924253745606,-0.019533852798590438,1.0988644039957719e-18,-0.0018274210466605473,0.9999985995924137,-7.727158834606665e-20,0.001673563028635269,1.849649210351088e-21
4.612,-1.4849776908291312,6.62977574839699e-19,1.0019206021290057,-0.019464337577340115,1.1017775529193758e-18,-0.001824195473293918,0.9999986057332375,-8.237426449349254e-20,0.001669889691045305,1.843146374051867e-21
4.614,-1.4850165501234016,6.6518420907621045e-19,1.0019169569585726,-0.019394980860628366,1.1048899018329108e-18,-0.0018209748790867196,0.9999986118963569,-8.745561637218376e-20,0.0016661948741379864,1.2333650147621644e-22
4.616,-1.48505527086341,6.673972663816598e-19,1.0019133182243587,-0.01932578345390519,1.1082004645538697e-18,-0.0018177592540424572,0.9999986180810487,-9.251347333022727e-20,0.0016624788696039028,-1.9358873827797215e-21
4.618,-1.485093853368572,6.69617142201782e-19,1.0019096859164351,-0.01925674615104037,1.1117082600000398e-18,-0.0018145485882397655,0.9999986242865956,-9.754908612484839e-20,0.0016587419676635763,-5.017417911700178e-21
4.62,-1.4851322979598798,6.718440148562614e-19,1.0019060600248937,-0.019187869734383488,1.11508955864662e-18,-0.0018113428718320075,0.9999986305122852,-8.062600842472433e-20,0.001654984457067854,-5.386750060015332e-21
4.622,-1.4851706049598783,6.740768421703993e-19,1.0019024405398451,-0.019119154974823912,1.1176993059753421e-18,-0.001808142095046891,0.9999986367574109,-7.474717148693674e-20,0.0016512066250983562,-5.051668920981307e-21
4.624,-1.4852087746926432,6.763151970688056e-19,1.00189882745142,-0.01905060263185075,1.1207249094866635e-18,-0.0018049462481860513,0.9999986430212715,-7.985965609823874e-20,0.0016474087575679773,-3.671674357842804e-21
4.626,-1.485246807483758,6.785595512720235e-19,1.001895220749768,-0.018982213453612767,1.1237343134633967e-18,-0.0018017553216246513,0.9999986493031714,-9.59119007589178e-20,0.0016435911388214403,-1.5915825670331455e-21
4.628,-1.4852847036602903,6.808107689926895e-19,1.001891620425058,-0.018913988176978282,1.1273727602686435e-18,-0.0017985693058109632,0.9999986556024205,-8.996223853988383e-20,0.001639754051735906,-2.2934072824224487e-21
4.63,-1.4853224635507711,6.830684542166904e-19,1.0018880264674783,-0.018845927527595008,1.130237862882142e-18,-0.0017953881912659401,0.9999986619183344,-8.404135207429006e-20,0.0016358977777216315,-3.3345792259913355e-21
4.632,-1.4853600874851713,6.853321408528334e-19,1.0018844388672357,-0.01877803221994987,1.1333027182426603e-18,-0.0017922119685828027,0.9999986682502343,-6.171100622650384e-20,0.0016320225967226844,-2.6864324956716244e-21
4.634,-1.4853975757948796,6.876002546146093e-19,1.0018808576145557,-0.018710302957428773,1.1346296495106597e-18,-0.0017890406284266037,0.999998674597447,-3.397962559730496e-20,0.001628128787217705,-3.0767070554376105e-21
4.636,-1.4854349288126802,6.898706899547068e-19,1.0018772826996825,-0.01864274043237633,1.13573274080332e-18,-0.0017858741615337963,0.9999986809593048,-2.282688921004194e-20,0.001624216626220723,-3.0965085205818245e-21
4.638,-1.4854721468727312,6.921425345287821e-19,1.0018737141128788,-0.01857534532615554,1.1359674215186535e-18,-0.001782712558711791,0.999998687335146,-6.2303340208473994e-21,0.0016202863892820231,-2.4398235567431652e-21
4.64,-1.4855092303105426,6.944144858033441e-19,1.0018701518444257,-0.018508118309207424,1.1359834864930207e-18,-0.0017795558108385158,0.9999986937243143,-6.175401098041402e-21,0.0016163383504890602,-3.1294162962972684e-21
4.642,-1.4855461794629543,6.966864670090221e-19,1.0018665958846222,-0.018441060041110617,1.13599735450745e-18,-0.0017764039088619618,0.9999987001261593,-6.122402442961087e-21,0.0016123727824674265,-4.8453569886203626e-21
4.644,-1.4855829946681147,6.989584737636945e-19,1.0018630462237856,-0.018374171170640895,1.1360090374231866e-18,-0.0017732568437997156,0.9999987065400378,-6.070231271824716e-21,0.0016083899563818695,-6.900296961777546e-21
4.646,-1.4856196762654585,7.012305017092192e-19,1.001859502852251,-0.018307452335830664,1.1360185472431303e-18,-0.0017701146067385712,0.9999987129653082,-6.01777802187034e-21,0.0016043901419373478,-8.607704587884973e-21
4.648,-1.4856562245956866,7.035025465112405e-19,1.0018559657603712,-0.01824090416402838,1.1360258958399029e-18,-0.0017669771888340093,0.9999987194013386,-5.965593973201176e-21,0.0016003736073801557,-1.0310252400131697e-20
4.65,-1.485692640000743,7.057746038590612e-19,1.0018524349385167,-0.018174527271957924,1.1360310948465031e-18,-0.0017638445813097418,0.9999987258475017,-5.9120277938169964e-21,0.0015963406194990776,-1.0981187317961766e-20
4.652,-1.4857289228237953,7.080466694646897e-19,1.0018489103770756,-0.018108322265777913,1.1360341554890473e-18,-0.001760716775457235,0.9999987323031759,-5.858726668862153e-21,0.0015922914436265981,-1.1650531499165897e-20
4.654,-1.4857650734092127,7.103187390625137e-19,1.001845392066453,-0.018042289741140957,1.1360350887209689e-18,-0.0017575937626352748,0.9999987387677456,-5.804592480769231e-21,0.0015882263436401577,-1.1633778977202867e-20
4.656,-1.485801092102545,7.125908084083048e-19,1.0018418799970714,-0.01797643028325284,1.1360339052000371e-18,-0.0017544755342694643,0.9999987452406006,-5.752349957066138e-21,0.0015841455819634572,-1.2644642678584428e-20
4.658,-1.4858369792505026,7.148628732795893e-19,1.0018383741593706,-0.017910744466931645,1.1360306159871325e-18,-0.001751362081851753,0.9999987517211371,-5.700370277661964e-21,0.0015800494195678057,-1.3653922129959365e-20
4.66,-1.4858727352009344,7.171349294760254e-19,1.001834874543807,-0.01784523285666683,1.1360252320888655e-18,-0.0017482533969399579,0.9999987582087565,-5.6481053064528335e-21,0.001575938115973517,-1.4318147864241396e-20
4.662,-1.4859083603028087,7.194069728191524e-19,1.001831381140854,-0.0177798960066782,1.1360177644717898e-18,-0.0017451494711572836,0.9999987647028667,-5.597179525079188e-21,0.00157181192925135,-1.566530855371948e-20
4.664,-1.4859438549061916,7.216789991526701e-19,1.0018278939410015,-0.01771473446097484,1.1360082242750465e-18,-0.0017420502961918382,0.9999987712028813,-5.5470504467419805e-21,0.001567671116023994,-1.7351936625248734e-20
4.666,-1.4859792193622272,7.239510043427863e-19,1.0018244129347564,-0.01764974875341397,1.1359966229322847e-18,-0.0017389558637961216,0.9999987777082193,-5.497719870595773e-21,0.0015635159314676013,-1.937722741266862e-20
4.668,-1.4860144540231173,7.262229842787459e-19,1.0018209381126417,-0.017584939407759716,1.1359829719728484e-18,-0.0017358661657865771,0.999998784218306,-5.449183914535608e-21,0.0015593466293133602,-2.174037816604918e-20
4.67,-1.486049559242101,7.284949348730097e-19,1.0018174694651967,-0.017520306937741818,1.1359672831766063e-18,-0.001732781194043057,0.9999987907325726,-5.401979548521073e-21,0.0015551634618491154,-2.4782842921076748e-20
4.672,-1.486084535373435,7.307668520620179e-19,1.0018140069829768,-0.01745585184711426,1.1359495686685612e-18,-0.0017297009405083485,0.9999987972504558,-5.355569369862414e-21,0.0015509666799210296,-2.816075656179886e-20
4.674,-1.4861193827723738,7.330387318065581e-19,1.0018105506565538,-0.017391574629713812,1.1359298406709554e-18,-0.0017266253971876817,0.9999988037713986,-5.308358008402867e-21,0.0015467565329352897,-3.084534090603275e-20
4.676,-1.486154101795149,7.353105700915534e-19,1.001807100476515,-0.017327475769518517,1.135908110964865e-18,-0.0017235545561482114,0.9999988102948497,-5.2598081172957835e-21,0.001542533268859854,-3.249557840074301e-20
4.678,-1.486188692798951,7.375823629248347e-19,1.001803656433464,-0.017263555740706066,1.135884390733585e-18,-0.0017204884095185136,0.9999988168202636,-5.211509434120549e-21,0.0015382971342262429,-3.414190389162656e-20
4.68,-1.4862231561419086,7.398541063363947e-19,1.0018002185180197,-0.01719981500771211,1.1358586910124071e-18,-0.0017174269494881044,0.9999988233471008,-5.1634607938728515e-21,0.0015340483741313705,-3.578432665526806e-20
4.682,-1.4862574921830698,7.421257963782338e-19,1.0017967867208166,-0.01713625402528848,1.1358310227167416e-18,-0.0017143701683069092,0.9999988298748275,-5.1140811376145125e-21,0.0015297872322394194,-3.639487287822917e-20
4.684,-1.4862917012823824,7.443974291235477e-19,1.0017933610325047,-0.017072873238561326,1.1358013960973454e-18,-0.0017113180582847742,0.999998836402916,-5.06441558785187e-21,0.001525513950783754,-3.666131055545836e-20
4.686,-1.4863257838006751,7.466690006657367e-19,1.0017899414437492,-0.017009673083089163,1.135769821213842e-18,-0.0017082706117909465,0.9999988429308443,-5.0160389291736836e-21,0.0015212287705688764,-3.7612844548948183e-20
4.688,-1.486359740099638,7.489405071186005e-19,1.0017865279452307,-0.01694665398492083,1.1357363084729713e-18,-0.0017052278212535763,0.9999988494580965,-4.968949871604914e-21,0.0015169319309724207,-3.924744480894965e-20
4.69,-1.4863935705418037,7.512119446171428e-19,1.0017831205276448,-0.016883816360653364,1.135700868663027e-18,-0.00170218967915918,0.9999988559841622,-4.9231477584335855e-21,0.0015126236699471891,-4.156349221443307e-20
4.692,-1.4864272754905288,7.5348330931840845e-19,1.0017797191817024,-0.016821160617489762,1.1356635130850278e-18,-0.001699156178052158,0.9999988625085369,-4.879152607584175e-21,0.0015083042240232258,-4.490162639634424e-20
4.694,-1.486460855309975,7.557544898190947e-19,1.0017763238981285,-0.016758687153296686,1.1354090863517405e-18,-0.001696127310534267,0.9999988690307222,1.7098005154971588e-20,0.001503973828309931,-4.6208959035086045e-20
4.696,-1.48649431036509,7.580240845442201e-19,1.0017729346676634,-0.01669639635666202,1.1341860876112309e-18,-0.0016931030692641067,0.9999988755502255,1.7031276452443556e-20,0.0014996327164982133,-4.508148534864327e-20
4.698,-1.4865276410215904,7.602918472935337e-19,1.0017695514810618,-0.016634288606952395,1.1337204678778432e-18,-0.0016900834469566015,0.9999988820665597,6.013748104859289e-21,0.0014952811208626782,-4.3254938488377925e-20
4.7,-1.4865608476459413,7.625587505702689e-19,1.0017661743290933,-0.016572364274370546,1.133254380862516e-18,-0.0016870684363824843,0.999998888579244,-4.927588300545431e-21,0.0014909192722638589,-4.280384958253237e-20
4.702,-1.4865939306053397,7.648256894582342e-19,1.0017628032025414,-0.01651062372001263,1.1337557397059213e-18,-0.0016840580303677801,0.9999988950878029,-2.12986101152964e-20,0.0014865474001504798,-4.166037230954119e-20
4.704,-1.4866268902676956,7.670938055471207e-19,1.0017594380922041,-0.016449067295925407,1.1344670200055605e-18,-0.001681052221793297,0.9999989015917671,-3.7602953709908727e-20,0.0014821657325617599,-3.914818704739156e-20
4.706,-1.486659727001614,7.693643068384358e-19,1.0017560789888937,-0.01638769534516332,1.13592526950557e-18,-0.001678051003594096,0.9999989080906728,-2.641912764481905e-20,0.0014777744961297524,-3.805288172809193e-20
4.708,-1.4866924411763773,7.716362802861245e-19,1.0017527258834364,-0.016326508201845495,1.1359754691476118e-18,-0.0016750543687589774,0.9999989145840623,-9.819740329370782e-21,0.0014733739160817192,-3.765353793221655e-20
4.71,-1.486725033161927,7.739087096334377e-19,1.0017493787666725,-0.01626550619121261,1.1363457378269519e-18,-0.0016720623103299592,0.9999989210714832,-4.253732555293971e-21,0.0014689642162425435,-3.89514389596428e-20
4.712,-1.4867575033288465,7.761808706331081e-19,1.001746037629456,-0.01620468962968367,1.1358507387898981e-18,-0.0016690748214017632,0.9999989275524894,1.2848599445156593e-21,0.0014645456190371764,-4.093156610178896e-20
4.714,-1.4867898520483427,7.784525793087979e-19,1.0017427024626548,-0.016144058824912672,1.1358935008674365e-18,-0.0016660918951212941,0.9999989340266401,6.811170276227177e-21,0.0014601183454931179,-4.222208340170148e-20
4.716,-1.4868220796922298,7.807235094353992e-19,1.0017393732571505,-0.01608361407584515,1.1350722762207707e-18,-0.001663113524687116,0.9999989404935001,1.3606120521699063e-21,0.001455682615242935,-4.246554803165916e-20
4.718,-1.486854186632911,7.829938378610889e-19,1.001736050003838,-0.016023355672774627,1.13532766199205e-18,-0.001660139703348936,0.9999989469526406,-9.571178353230922e-21,0.0014512386465268122,-4.1672452464836905e-20
4.72,-1.4868861732433611,7.85264279150034e-19,1.0017327326936258,-0.015963283897398952,1.1352566075212712e-18,-0.0016571704244070908,0.9999989534036376,-1.4982050980453904e-20,0.0014467866561951373,-4.123146689404123e-20
4.722,-1.4869180398971105,7.875356882823641e-19,1.001729421317436,-0.015903399022876505,1.1361517232368064e-18,-0.0016542056812120086,0.9999989598460735,-2.5823853538454534e-20,0.001442326859711119,-4.0783650386244254e-20
4.724,-1.4869497869682267,7.898084140865428e-19,1.0017261158662034,-0.015843701313882307,1.1366088043049512e-18,-0.0016512454671637222,0.9999989662795359,-2.0168504225191538e-20,0.0014378594711534395,-4.1730487043868484e-20
4.726,-1.4869814148312983,7.920823713436831e-19,1.0017228163308765,-0.015784191026664004,1.137168100447485e-18,-0.0016482897757113175,0.9999989727036181,-3.5623231966171785e-21,0.0014333847032189397,-4.303513028630625e-20
4.728,-1.4870129238614183,7.943558264640225e-19,1.0017195227024165,-0.01572486840909774,1.135999684593482e-18,-0.0016453386003524397,0.9999989791179194,4.036500549637207e-20,0.0014289027672253363,-4.437589915543244e-20
4.73,-1.4870443144341667,7.966260134981055e-19,1.0017162349717976,-0.01566573370074391,1.1341880947876619e-18,-0.001642391934632765,0.999998985522044,4.024993227286829e-20,0.001424413873113971,-4.5308045247566364e-20
4.732,-1.487075586925595,7.988925821802163e-19,1.0017129531300073,-0.015606787132902774,1.1323813292136168e-18,-0.0016394497721454776,0.9999989919156023,4.013539179881084e-20,0.0014199182294525913,-4.623798287869851e-20
4.734,-1.4871067417122084,8.011555421374242e-19,1.0017096771680452,-0.015548028928669999,1.1305793664331089e-18,-0.001636512106530773,0.9999989982982098,4.002187119211688e-20,0.0014154160434381655,-4.682305619352743e-20
4.736,-1.4871377791709504,8.034149029537519e-19,1.0017064070769237,-0.015489459302992017,1.12878218487753e-18,-0.0016335789314753239,0.9999990046694879,3.991082336340792e-20,0.0014109075208997234,-4.603609938554738e-20
4.738,-1.4871686996791862,8.056706741694789e-19,1.0017031428476684,-0.01543107846272131,1.1269897621807364e-18,-0.0016306502407117773,0.9999990110290633,3.980273548839539e-20,0.001406392866301233,-4.353770359085154e-20
4.74,-1.487199503614687,8.079228652790676e-19,1.0016998844713165,-0.015372886606671536,1.125202075003122e-18,-0.0016277260280182285,0.9999990173765682,3.96947093414989e-20,0.001401872282744504,-4.138789207430526e-20
4.742,-1.4872301913556134,8.101714857304029e-19,1.0016966319389184,-0.015314883925672557,1.1234191002387243e-18,-0.0016248062872177252,0.9999990237116402,3.958673729997199e-20,0.0013973459719721227,-3.9585838541017715e-20
4.744,-1.4872607632804995,8.124165449253961e-19,1.0016933852415364,-0.015257070602625315,1.1216408150298626e-18,-0.001621891012177741,0.9999990300339225,3.947977926965231e-20,0.0013928141343704174,-3.7444990365401506e-20
4.746,-1.4872912197682377,8.1465805222030785e-19,1.0016901443702448,-0.0151994468125566,1.1198671965021845e-18,-0.0016189801968096718,0.9999990363430638,3.937335375557287e-20,0.00138827696897245,-3.530921781595139e-20
4.748,-1.4873215611980624,8.16896016925669e-19,1.0016869093161307,-0.015142012722673676,1.1180982218715938e-18,-0.001616073835068332,0.9999990426387179,3.9266505258778243e-20,0.0013837346734610404,-3.3863831041649156e-20
4.75,-1.4873517879495346,8.191304483069752e-19,1.0016836800702924,-0.015084768492418785,1.1163338689580731e-18,-0.0016131719209514252,0.999999048920544,3.915875314347059e-20,0.0013791874441718163,-3.344985465126087e-20
4.752,-1.4873819004025268,8.213613555860977e-19,1.0016804566238409,-0.015027714273523514,1.1145741163269802e-18,-0.0016102744484990561,0.999999055188207,3.905104038148803e-20,0.001374635476096293,-3.337952160117402e-20
4.7540000000000004,-1.487411898937207,8.235887479425113e-19,1.0016772389678987,-0.014970850210063034,1.1128189429044089e-18,-0.001607381411793233,0.9999990614413766,3.8943367219799307e-20,0.0013700789628849806,-3.3652017319893066e-20
4.756,-1.4874417839340235,8.258126345138775e-19,1.0016740270936004,-0.014914176438510198,1.1110683280322115e-18,-0.001604492804957339,0.9999990676797282,3.883619714932054e-20,0.0013655180968505187,-3.3923868052557585e-20
4.758,-1.4874715557736906,8.280330243967263e-19,1.001670820992092,-0.01485769308778952,1.1093222510119657e-18,-0.0016016086221556406,0.9999990739029424,3.873047298256215e-20,0.001360953068970838,-3.350975311365239e-20
4.76,-1.4875012148371725,8.302499266457512e-19,1.001667620654531,-0.014801400279331,1.1075806909102236e-18,-0.0015987288575927902,0.9999990801107049,3.8625253278654494e-20,0.0013563840688923488,-3.309621458131049e-20
4.7620000000000005,-1.487530761505669,8.324633502739637e-19,1.0016644260720868,-0.014745298127123826,1.1058436269070139e-18,-0.0015958535055133182,0.9999990863027067,3.851960552925669e-20,0.0013518112849331564,-3.336897941912799e-20
4.764,-1.4875601961606004,8.346733042531359e-19,1.0016612372359404,-0.014689386737769929,1.1041110386646583e-18,-0.0015929825602011404,0.999999092478644,3.8413524860289936e-20,0.0013472349040863027,-3.4326420816412064e-20
4.766,-1.487589519183593,8.368797975149635e-19,1.0016580541372837,-0.014633666210537409,1.1023829064849474e-18,-0.0015901160159790683,0.9999990986382181,3.830747018829113e-20,0.0013426551120230325,-3.562384858762407e-20
4.768,-1.4876187309564641,8.390828389521676e-19,1.0016548767673201,-0.014578136637413813,1.100659210968397e-18,-0.0015872538672083002,0.9999991047811354,3.8201901402000196e-20,0.0013380720930960873,-3.6918201828736763e-20
4.7700000000000005,-1.4876478318612079,8.412824374187989e-19,1.0016517051172644,-0.01452279810315928,1.0989399328743941e-18,-0.0015843961082879438,0.9999991109071075,3.809681518911775e-20,0.0013334860303430224,-3.820908169774704e-20
4.772,-1.487676822279981,8.434786017304767e-19,1.0016485391783425,-0.014467650685359539,1.0972250529096543e-18,-0.0015815427336545054,0.999999117015851,3.799312834853812e-20,0.001328897105489549,-3.8811986413905837e-20
4.774,-1.4877057025950877,8.456713406639346e-19,1.0016453789417914,-0.014412694454478762,1.0955145515432382e-18,-0.0015786937377814212,0.9999991231070875,3.788992468403641e-20,0.0013243054989529024,-3.941346285310648e-20
4.776,-1.4877344731889668,8.478606629568386e-19,1.001642224398859,-0.014357929473912288,1.0938084091974862e-18,-0.0015758491151785516,0.9999991291805439,3.778856643158385e-20,0.0013197113898452326,-3.898553101389029e-20
4.7780000000000005,-1.4877631344441762,8.500465773071998e-19,1.0016390755408042,-0.014303355800039184,1.0921066057743885e-18,-0.0015730088603917163,0.9999991352359516,3.7688149453628326e-20,0.0013151149559770192,-3.8215140995033004e-20
4.78,-1.4877916867433798,8.522290923725917e-19,1.0016359323588968,-0.014248973482274677,1.0904091209969267e-18,-0.0015701729680021996,0.9999991412730475,3.758821708833555e-20,0.0013105163738605103,-3.744657790157538e-20
4.782,-1.4878201304693337,8.544082167700829e-19,1.0016327948444175,-0.014194782563122423,1.0887159346573922e-18,-0.0015673414326262648,0.9999991472915729,3.7488767035183185e-20,0.0013059158187131846,-3.6679837392677717e-20
4.784,-1.4878484660048719,8.565839590764057e-19,1.0016296629886574,-0.014140783078226653,1.0870270265656261e-18,-0.0015645142489146898,0.9999991532912744,3.739024764512547e-20,0.0013013134644612357,-3.557225400683689e-20
4.7860000000000005,-1.4878766937328927,8.587563278278007e-19,1.0016265367829187,-0.014086975056424146,1.0853423765641966e-18,-0.001561691411552268,0.9999991592719033,3.72922059898145e-20,0.0012967094837430789,-3.4466484554987554e-20
4.788,-1.4879048140363456,8.609253315202776e-19,1.0016234162185138,-0.014033358519796072,1.0836619643735508e-18,-0.0015588729152573593,0.9999991652332155,3.719553475678193e-20,0.0012921040479128814,-3.267842080975145e-20
4.79,-1.4879328272982173,8.630909786089489e-19,1.001620301286766,-0.013979933483719674,1.0819857694584948e-18,-0.00155605875478141,0.9999991711749722,3.709978679687772e-20,0.0012874973270441139,-3.055234119258234e-20
4.792,-1.4879607339015188,8.652532775076898e-19,1.0016171919790087,-0.013926699956919806,1.0803137711379616e-18,-0.0015532489249084672,0.999999177096939,3.7004959283530465e-20,0.0012828894899331218,-2.8088640799403744e-20
4.7940000000000005,-1.487988534229272,8.674122365888628e-19,1.001614088286586,-0.013873657941520321,1.0786459485185e-18,-0.0015504434204547265,0.9999991829988862,3.6910614006670036e-20,0.0012782807041027211,-2.5630781058050016e-20
4.796,-1.4880162286644962,8.695678641830386e-19,1.0016109902008523,-0.013820807433095302,1.0769822808667805e-18,-0.001547642236268069,0.9999991888805891,3.681630432376878e-20,0.0012736711358058135,-2.3521409253494205e-20
4.798,-1.4880438175901955,8.71720168579703e-19,1.0016078977131722,-0.013768148420720142,1.075322747748649e-18,-0.0015448453672275968,0.9999991947418275,3.6722903441118375e-20,0.0012690609500290214,-2.107437703370715e-20
4.8,-1.4880713013893458,8.73869158027317e-19,1.0016048108149203,-0.013715680887022474,1.0736673284495773e-18,-0.001542052808243154,0.9999992005823858,3.66312846301972e-20,0.0012644503104963446,-1.7605974710306377e-20
4.8020000000000005,-1.4880986804448817,8.76014840732401e-19,1.0016017294974817,-0.013663404808232943,1.0720160017434504e-18,-0.0015392645542549007,0.999999206402053,3.6541446172285156e-20,0.0012598393796728372,-1.3118217186186614e-20
4.804,-1.488125955139684,8.781570096940693e-19,1.0015986537522514,-0.013611320154235827,1.0700459995806278e-18,-0.0015364806002328307,0.9999992122006227,6.386065348325323e-20,0.0012552283187683023,-1.2101433225651748e-20
4.806,-1.4881531258565668,8.80293844967597e-19,1.0015955835706345,-0.013559426888619497,1.0666830755936051e-18,-0.001533700941176335,0.9999992179778932,8.558033611676985e-20,0.0012506172877410086,-1.1422774409931873e-20
4.808,-1.4881801929782654,8.824235710167274e-19,1.001592518944046,-0.013507724968726724,1.063009085016332e-18,-0.001530925572113738,0.999999223733667,1.017274863754399e-19,0.0012460064453014249,-1.0738820461784252e-20
4.8100000000000005,-1.4882071568874233,8.845450294254266e-19,1.0015894598639108,-0.013456214345704832,1.0582724929586435e-18,-0.0015281544881018615,0.9999992294677513,1.2327980913479228e-19,0.0012413959489159729,-1.0748594776634846e-20
4.812,-1.4882340179665805,8.866565304050928e-19,1.0015864063216637,-0.013404894964555686,1.0532316276883313e-18,-0.0015253876842255894,0.9999992351799577,1.2280263530893872e-19,0.0012367859548107997,-8.332431438653374e-21
4.814,-1.4882607765981604,8.88757969478905e-19,1.0015833583087494,-0.013353766764185525,1.0482105719562254e-18,-0.0015226251555973981,0.9999992408701021,1.223273274150623e-19,0.001232176617975568,-6.26465916207008e-21
4.816,-1.4882874331644584,8.908493861712872e-19,1.0015803158166223,-0.013302829677454641,1.0432092312020175e-18,-0.0015198668973569367,0.9999992465380048,1.2185387397538157e-19,0.0012275680921672643,-4.544452093141337e-21
4.8180000000000005,-1.48831398804763,8.929308198181565e-19,1.0015772788367465,-0.013252083631226892,1.0382275114898194e-18,-0.0015171129046705869,0.9999992521834906,1.2138268579825611e-19,0.0012229605299140247,-2.8283251688624988e-21
4.82,-1.4883404416296777,8.950023095680875e-19,1.0015742473605955,-0.013201528546419048,1.0332653194120944e-18,-0.0015143631727310258,0.9999992578063884,1.2091333146939903e-19,0.0012183540825189782,-1.458929851755811e-21
4.822,-1.4883667942924406,8.970638943835675e-19,1.0015712213796528,-0.013151164338049998,1.0283225623607391e-18,-0.0015116176967567936,0.9999992634065316,1.20444960482821e-19,0.001213748900064107,-1.120360446083032e-21
4.824,-1.4883930464175814,8.991156130428805e-19,1.0015682008854112,-0.013100990915289771,1.0233991486264566e-18,-0.001508876471991873,0.9999992689837574,1.1997923096384593e-19,0.001209145131414124,-4.403410161299876e-22
4.8260000000000005,-1.488419198386576,9.011575041412087e-19,1.0015651858693728,-0.013051008181508407,1.0184949867854383e-18,-0.0015061394937052185,0.9999992745379087,1.1951613501340825e-19,0.0012045429242203665,5.807252222841698e-22
4.828,-1.4884452505807009,9.031896060911195e-19,1.0015621763230496,-0.013001216034324662,1.0136099857080867e-18,-0.0015034067571904613,0.9999992800688293,1.1905483295420848e-19,0.0011999424249247027,1.2571136588809987e-21
4.83,-1.488471203381022,9.052119571234975e-19,1.0015591722379626,-0.012951614365654559,1.0087440548412501e-18,-0.0015006782577653497,0.9999992855763702,1.185961371436569e-19,0.0011953437787634636,2.2745575854808062e-21
4.832,-1.4884970571683835,9.072245952884068e-19,1.0015561736056424,-0.012902203061759753,1.003897103793611e-18,-0.0014979539907713916,0.9999992910603852,1.181404515901403e-19,0.0011907471297713803,3.9745036653756845e-21
4.8340000000000005,-1.4885228123233967,9.092275584550692e-19,1.0015531804176288,-0.012852982003295751,9.990690421756048e-19,-0.00149523395157344,0.9999992965207327,1.1768776393930732e-19,0.0011861526207855419,6.355334148454026e-21
4.836,-1.4885484692264284,9.112208843119549e-19,1.0015501926654704,-0.012803951065359965,9.942597795641374e-19,-0.0014925181355592721,0.9999993019572747,1.1723806706366816e-19,0.0011815603934493667,9.41584123033412e-21
4.838,-1.4885740282575903,9.132046103665885e-19,1.001547210340726,-0.012755110117539584,9.894692254468022e-19,-0.0014898065381391881,0.9999993073698774,1.1679135227511683e-19,0.0011769705882165905,1.3154819971182552e-20
4.84,-1.4885994897967276,9.151785587818427e-19,1.0015442334349625,-0.0127064590239593,9.842669623054491e-19,-0.0014870991547456006,0.9999993127584108,1.4923985038517135e-19,0.0011723833443552662,1.4790655626737828e-20
4.8420000000000005,-1.4886248542234084,9.171405085940154e-19,1.0015412619397568,-0.012657997643328851,9.774716283722376e-19,-0.0014843959808326392,0.999999318122749,1.7604994122960212e-19,0.0011677987999517807,1.4715418299554043e-20
4.844,-1.4886501219169126,9.190885727783344e-19,1.0015382958466943,-0.012609725828990405,9.707048260256903e-19,-0.0014816970118757566,0.9999993234627698,1.5888649762700148e-19,0.0011632170919148835,1.572002706155512e-20
4.846,-1.488675293256222,9.21023777267044e-19,1.0015353351473695,-0.012561643428965772,9.64611400323241e-19,-0.001479002243371316,0.9999993287783548,1.4180563490483944e-19,0.0011586383559797305,1.7751001752234194e-20
4.848,-1.4887003686200087,9.22947250325371e-19,1.001532379833386,-0.01251375028600345,9.588652840973004e-19,-0.0014763116708362153,0.9999993340693898,1.5221588430767904e-19,0.001154062726711941,1.734672421308633e-20
4.8500000000000005,-1.4887253483866252,9.248584290599263e-19,1.0015294298963564,-0.012466046237625508,9.522815389188217e-19,-0.0014736252898074871,0.9999993393357638,1.6257557820014703e-19,0.0011494903375116672,1.591544870329912e-20
4.852,-1.488750232934094,9.26756717750763e-19,1.0015264853279022,-0.012418531116174279,9.461547794309074e-19,-0.0014709430958419181,0.99999934457737,1.4000682856335404e-19,0.0011449213206176775,1.7266680587898726e-20
4.854,-1.4887750226400969,9.286434233491056e-19,1.0015235461196537,-0.012371204748858911,9.404825832295386e-19,-0.0014682650845156608,0.9999993497941052,1.5043859778959847e-19,0.001140355807111452,1.6863272375919634e-20
4.856,-1.4887997178819652,9.30517945575543e-19,1.0015206122632498,-0.012324066957801727,9.339717310293461e-19,-0.0014655912514238605,0.9999993549858698,1.6082129288846332e-19,0.0011357939269212901,1.6803508723531264e-20
4.8580000000000005,-1.4888243190366695,9.323795795029845e-19,1.0015176837503386,-0.012277117560084419,9.275946061419036e-19,-0.0014629215921802712,0.9999993601525677,1.6019078752470316e-19,0.0011312358088264314,1.7784351325466217e-20
4.86,-1.488848826480809,9.342280542797865e-19,1.0015147605725767,-0.01223035636779408,9.208126457028846e-19,-0.001460256102416879,0.9999993652941067,1.70515827401692e-19,0.0011266815804611872,1.90931378835186e-20
4.862,-1.4888732405906029,9.36062777658567e-19,1.0015118427216296,-0.012183783188069048,9.137359464827883e-19,-0.0014575947777835446,0.9999993704103979,1.8627568328922968e-19,0.0011221313683190844,2.1420655025451976e-20
4.864,-1.4888975617418791,9.378824082990475e-19,1.0015089301891713,-0.012137397823144599,9.06043225503696e-19,-0.0014549376139476175,0.9999993755013561,1.854966450021956e-19,0.0011175852977570206,2.0678434320997593e-20
4.866,-1.4889217903100658,9.396873681541338e-19,1.0015060229668844,-0.012091200070398444,8.989216100407917e-19,-0.0014522846065935944,0.9999993805668995,1.8473351830458374e-19,0.0011130434929994299,1.925263274512424e-20
4.868,-1.4889459266701803,9.414774690173822e-19,1.0015031210464604,-0.012045189722396071,8.911842103200352e-19,-0.001449635751422731,0.9999993856069498,1.8397246212585308e-19,0.0011085060771424608,1.646037505414383e-20
4.87,-1.488969971196821,9.432528809302211e-19,1.0015002244195992,-0.011999366566935905,8.84340217773675e-19,-0.0014469910441527152,0.999999390621432,1.6128656755046718e-19,0.0011039731721581632,1.5412348919693367e-20
4.872,-1.4889939242641566,9.450150638113224e-19,1.0014973330780093,-0.0119537303870943,8.778468086802685e-19,-0.001444350480517284,0.9999993956102745,1.606545642220348e-19,0.0010994448988986866,1.7083811544439478e-20
4.874,-1.4890177862459175,9.46764286006585e-19,1.0014944470134075,-0.01190828096127035,8.71379512070643e-19,-0.001441714056265887,0.9999994005734093,1.6002595509718853e-19,0.0010949213771004882,1.909397077216641e-20
4.876,-1.4890415575153866,9.485005996166698e-19,1.0014915662175194,-0.011863018063230533,8.649382037228476e-19,-0.0014390817671633353,0.9999994055107715,1.5939997344059765e-19,0.001090402725388551,2.0757107480565316e-20
4.878,-1.489065238445389,9.502240564944669e-19,1.001488690682079,-0.011817941462153175,8.585227601175333e-19,-0.001436453608989454,0.9999994104222995,1.5877697904192062e-19,0.0010858890612806124,2.2416299387038714e-20
4.88,-1.4890888294082845,9.519347082464616e-19,1.0014858203988286,-0.01177305092267274,8.521330582879034e-19,-0.0014338295775387373,0.9999994153079349,1.5815807704996353e-19,0.0010813805011913999,2.5099539553289882e-20
4.882,-1.4891123307759566,9.536326062331949e-19,1.0014829553595188,-0.011728346204923946,8.457689751759249e-19,-0.0014312096686200165,0.9999994201676227,1.5754362978538374e-19,0.0010768771604368781,2.9147874096386394e-20
4.884,-1.4891357429198055,9.553176939875196e-19,1.001480095555909,-0.011683827064585709,8.393228064039617e-19,-0.001428593878056119,0.9999994250013107,1.5692807677261854e-19,0.0010723791532385042,2.941814885309907e-20
4.886,-1.4891590662107381,9.569898072390636e-19,1.0014772409797663,-0.0116394932529249,8.326868721210379e-19,-0.0014259822016835593,0.9999994298089501,1.8372648750120115e-19,0.0010678865927274904,2.79458896373063e-20
4.888,-1.4891823010191594,9.586474913334652e-19,1.0014743916228668,-0.011595344516839936,8.250019765575995e-19,-0.0014233746353521674,0.9999994345904952,1.8300051374954718e-19,0.0010633995909490788,2.89054818655437e-20
4.89,-1.4892054477149637,9.602903750954419e-19,1.0014715474769942,-0.01155138059890419,8.1777893584763e-19,-0.0014207711749248,0.9999994393459034,1.9872536487509663e-19,0.0010589182588668193,2.950264499405205e-20
4.892,-1.4892285066675264,9.619171202438636e-19,1.001468708533941,-0.011507601237409227,8.088638505287559e-19,-0.0014181718162769935,0.999999444075135,2.253404727299864e-19,0.0010544427063668598,2.9744158674467137e-20
4.894,-1.4892514782456951,9.635262151195985e-19,1.001465874785508,-0.011464006166407859,8.004163715710823e-19,-0.0014155765552966639,0.9999994487781533,1.970039722289823e-19,0.0010499730422622415,3.0385637264213165e-20
4.896,-1.4892743628177816,9.651194194659506e-19,1.0014630462235037,-0.011420595115757022,7.927572802012382e-19,-0.001412985387883782,0.9999994534549247,1.9621218854308933e-19,0.001045509374297203,2.8598518508112957e-20
4.898,-1.4892971607515526,9.66696871157056e-19,1.0014602228397451,-0.011377367811160485,7.8459205618323e-19,-0.0014103983099500513,0.9999994581054185,2.0089443612448862e-19,0.0010410518091514916,2.7495237043707103e-20
4.9,-1.4893198724142227,9.682580982571725e-19,1.0014574046260574,-0.011334323974211368,7.766762760990276e-19,-0.0014078153174186157,0.9999994627296066,2.0555519692911576e-19,0.0010366004524446804,2.7079903929798275e-20
4.902,-1.4893424981724452,9.698030250049506e-19,1.0014545915742736,-0.011291463322434487,7.682559880506238e-19,-0.0014052364062237524,0.9999994673274641,2.0471091463442465e-19,0.0010321554087404945,2.6329400142185272e-20
4.904,-1.489365038392305,9.713315772550428e-19,1.0014517836762353,-0.011248785569328524,7.604093334515787e-19,-0.001402661572310548,0.999999471898969,1.9838805443329252e-19,0.0010277167815511412,2.5586331295165175e-20
4.906,-1.4893874934393092,9.728443617983223e-19,1.0014489809237919,-0.011206290424408018,7.523804191941777e-19,-0.0014000908116346283,0.9999994764441016,1.9210744391348834e-19,0.001023284673341649,2.4160077885176663e-20
4.908,-1.4894098636783808,9.743415878532408e-19,1.0014461833088009,-0.011163977593245169,7.449223712803434e-19,-0.0013975241201618365,0.9999994809628453,1.8585659841026035e-19,0.0010188591855342121,2.273718925315967e-20
4.91,-1.4894321494738494,9.758238924649024e-19,1.0014433908231282,-0.011121846777511473,7.374946426027171e-19,-0.001394961493867954,0.9999994854551862,1.7415278474738436e-19,0.0010144404185125381,2.1323243599138954e-20
4.912,-1.4894543511894445,9.772920534204838e-19,1.0014406034586472,-0.011079897675019178,7.306348260371682e-19,-0.0013924029287384074,0.9999994899211131,1.8445020281917904e-19,0.0010100284716262062,2.228898930177055e-20
4.914,-1.489476469188287,9.787455888381197e-19,1.0014378212072397,-0.011038129979762544,7.22941059498313e-19,-0.0013898484207679814,0.9999994943606174,1.8922853565137538e-19,0.0010056234431950273,2.257307787195418e-20
4.916,-1.4894985038328823,9.801842340931828e-19,1.0014350440607953,-0.010996543381958948,7.1570895127301735e-19,-0.0013872979659605381,0.999999498773693,1.9398456337307678e-19,0.0010012254305134106,2.319875892198866e-20
4.918,-1.4895204554851125,9.816075471969964e-19,1.0014322720112117,-0.010955137568089792,7.075373349614074e-19,-0.0013847515603287344,0.9999995031603365,1.9871839703144392e-19,0.0009968345298547357,2.4165222648735836e-20
4.92,-1.489542324506229,9.83014837087468e-19,1.0014295050503943,-0.010913912220941237,6.997218298940522e-19,-0.0013822091998937447,0.9999995075205471,2.0889904274438803e-19,0.0009924508364757285,2.478129250600267e-20
4.922,-1.4895641112568445,9.844055231802089e-19,1.001426743170257,-0.010872867019644754,6.909697131623507e-19,-0.0013796708806849832,0.9999995118543266,2.080655885290161e-19,0.0009880744446208432,2.4721485219871634e-20
4.924,-1.4895858160969273,9.85779602133647e-19,1.0014239863627212,-0.0108320016397175,6.8322224567891855e-19,-0.0013771365987398356,0.999999516161679,2.0175282406408092e-19,0.0009837054475266471,2.398109957592888e-20
4.926,-1.4896074393857925,9.871376799948632e-19,1.0014212346197164,-0.01079131575310251,6.749683402369746e-19,-0.0013746063501034014,0.999999520442611,1.9000005653380067e-19,0.0009793439374262108,2.2904360595910007e-20
4.928,-1.4896289814820958,9.884807180320772e-19,1.0014184879331798,-0.01075080902820871,6.682536929953886e-19,-0.0013720801308282154,0.9999995246971314,1.6186791000560157e-19,0.0009749900055535021,2.1504392340660054e-20
4.93,-1.4896504427438262,9.898106041138008e-19,1.0014157462950566,-0.010710481129950745,6.616721563385557e-19,-0.001369557936974,0.9999995289252518,1.6127170384332527e-19,0.0009706437421477843,2.2822252557296032e-20
4.932,-1.4896718235282989,9.911276395806997e-19,1.0014130096973,-0.010670331719788638,6.553313390815189e-19,-0.0013670397646073948,0.9999995331269858,1.6615992214092444e-19,0.0009663052364580167,2.310449396190284e-20
4.934,-1.4896931241921487,9.924313358662915e-19,1.001410278131871,-0.01063036045576725,6.483689017242065e-19,-0.0013645256098017103,0.9999995373023496,1.7103862511022657e-19,0.0009619745767472599,2.407138711729243e-20
4.936,-1.4897143450913233,9.937214204389851e-19,1.0014075515907384,-0.010590566992555579,6.41648056790567e-19,-0.0013620154686366777,0.9999995414513615,1.758952110860588e-19,0.0009576518502970837,2.606398288763474e-20
4.938,-1.489735486581076,9.94997622656115e-19,1.0014048300658787,-0.01055095098148586,6.347378033916442e-19,-0.001359509337198193,0.9999995455740421,1.5329992610966827e-19,0.0009533371434119788,2.4993366903352674e-20
4.94,-1.4897565490159597,9.962613233260641e-19,1.0014021135492763,-0.010511512070592498,6.289307326232198e-19,-0.0013570072115780744,0.9999995496704142,1.636952143001205e-19,0.0009490305414237695,2.4921873005794304e-20
4.942,-1.4897775327498202,9.975120325747683e-19,1.0013994020329235,-0.010472249904650816,6.217465345138539e-19,-0.001354509087873832,0.9999995537405028,1.6310140701317238e-19,0.0009447321286960318,2.4175630688171318e-20
4.944,-1.4897984381357894,9.987494408587076e-19,1.0013966955088205,-0.010433164125215614,6.156656948155597e-19,-0.0013520149621884037,0.999999557784335,1.6797933355659181e-19,0.0009404419886285112,2.274025965502603e-20
4.946,-1.4898192655262792,9.99973454737206e-19,1.001393993968975,-0.010394254370659557,6.083163353822319e-19,-0.0013495248306299543,0.9999995618019403,1.7284615148969687e-19,0.0009361602036615445,2.0279899396809816e-20
4.948,-1.4898400152729752,1.0011836589435032e-18,1.001391297405403,-0.010355520276211378,6.018561738570609e-19,-0.0013470386893116137,0.9999995657933499,1.7768922055345565e-19,0.0009318868552804833,1.7140059085300152e-20
4.95,-1.4898606877268301,1.0023796399321494e-18,1.0013886058101273,-0.010316961473993897,5.939138822753831e-19,-0.0013445565343512557,0.9999995697585974,1.98972280874118e-19,0.000927622024020119,1.6391367305502638e-20
4.952,-1.4898812832380584,1.003559838216114e-18,1.0013859191751795,-0.010278577593061864,5.863251504929715e-19,-0.0013420783618712652,0.9999995736977182,1.927431281502303e-19,0.0009233657894691101,1.738404415838599e-20
4.954,-1.4899018021561288,1.004724673316773e-18,1.0013832374925984,-0.010240368259439615,5.784429251283106e-19,-0.0013396041679983439,0.9999995776107498,1.920264200734399e-19,0.0009191182302744099,1.8712359046483953e-20
4.956,-1.4899222448297595,1.005874276566254e-18,1.0013805607544306,-0.010202333096158553,5.713442982328179e-19,-0.0013371339488632509,0.9999995814977317,1.6389863802844304e-19,0.0009148794241456972,1.8349412812906718e-20
4.958,-1.4899426116069119,1.0070107860797817e-18,1.0013778889527307,-0.01016447172329444,5.653483170073391e-19,-0.001334667700600606,0.9999995853587051,1.3590419858624865e-19,0.0009106494478598062,1.7987265702005912e-20
4.96,-1.4899629028347843,1.008136401703228e-18,1.0013752220795606,-0.01012678375800451,5.604495401188312e-19,-0.0013322054193486942,0.9999995891937136,1.0804246961897251e-19,0.0009064283772651592,1.7625916436638865e-20
4.962,-1.4899831188598067,1.0092533124256588e-18,1.0013725601269903,-0.010089268814564413,5.566425520458013e-19,-0.001329747101249209,0.9999995930028021,8.031282343887891e-20,0.0009022162872861986,1.7265363731126952e-20
4.964,-1.4900032600276347,1.0103636964307622e-18,1.001369903087097,-0.010051926504404951,5.539219629417161e-19,-0.0013272927424470852,0.9999995967860178,5.271494304912854e-20,0.0008980132519278208,1.7248267581918448e-20
4.966,-1.490023326683144,1.0114697211480598e-18,1.0013672509519664,-0.010014756436148662,5.522824085132547e-19,-0.0013248423390902616,0.9999996005434095,2.524789466797995e-20,0.0008938193442798087,1.7231965404037077e-20
4.968,-1.4900433191704248,1.0125733281431908e-18,1.0013646037136912,-0.0099777582156462,5.513958087458723e-19,-0.0013223958873295112,0.9999996042750279,2.532212146545228e-20,0.0008896346365212667,1.5135173723599433e-20
4.97,-1.490063237832776,1.0136749430348404e-18,1.001361961364372,-0.00994093144601255,5.502902225765232e-19,-0.0013199533833182172,0.9999996079809252,1.4443803651600074e-20,0.0008854591999250545,1.3053501927147328e-20
4.972,-1.4900830830127005,1.0147751328471644e-18,1.0013593238961174,-0.009904275727663045,5.499346172019967e-19,-0.0013175148232121908,0.9999996116611557,9.087541329392256e-21,0.00088129310486222,1.1999070181216925e-20
4.974,-1.4901028550518989,1.0158743900086972e-18,1.0013566913010432,-0.009867790658349224,5.493574058544951e-19,-0.0013150802031694675,0.9999996153157751,3.7563509559472696e-21,0.0008771364208064338,1.0605277592466691e-20
4.976,-1.4901225542912646,1.0169731330452308e-18,1.0013540635712732,-0.009831475833194481,5.494203270488282e-19,-0.0013126495193501323,0.9999996189448409,-1.5489696643582825e-21,0.0008729892163384216,9.899288083295223e-21
4.978,-1.4901421810708793,1.0180718500521986e-18,1.0013514406989388,-0.009795330844729564,5.493669869801804e-19,-0.0013102227679161146,0.9999996225484122,-1.2299038676451664e-20,0.0008688515591503971,8.8574807772743e-21
4.98,-1.4901617357300065,1.0191712412731584e-18,1.001348822676179,-0.009759355282927863,5.500584327577776e-19,-0.0013077999450310243,0.9999996261265499,-1.7528563408472826e-20,0.0008647235160504938,7.812962429715116e-21
4.982,-1.4901812186070877,1.0202716811917764e-18,1.0013462094951406,-0.009723548735240537,5.504155226163054e-19,-0.0013053810468599384,0.9999996296793162,-1.7251031020215827e-20,0.000860605152967195,6.423507059204585e-21
4.984,-1.4902006300397364,1.021373219609179e-18,1.0013436011479782,-0.009687910786631457,5.510852202031079e-19,-0.0013029660695692564,0.999999633206775,-1.149253698113045e-20,0.0008564965349537641,4.689966146732563e-21
4.986,-1.4902199703647334,1.0224755118901198e-18,1.0013409976268535,-0.009652441019611959,5.5109775985659345e-19,-0.0013005550093265084,0.9999996367089916,-5.749256058333578e-21,0.0008523977261926725,1.932551047279455e-21
4.988,-1.4902392399180227,1.0235781070136927e-18,1.0013383989239364,-0.009617139014275423,5.516392616719898e-19,-0.0012981478623001826,0.999999640186033,-2.744437111214075e-20,0.0008483087900000264,1.2610181835164454e-21
4.99,-1.4902584390347056,1.02468263507322e-18,1.0013358050314043,-0.009582004348331676,5.530300231563816e-19,-0.0012957446246595586,0.9999996436379677,-4.903664225493711e-20,0.0008442297888299926,5.910334759321629e-22
4.992,-1.4902775680490368,1.0257907903884993e-18,1.0013332159414423,-0.009547036597141205,5.552658479581639e-19,-0.0012933452925745343,0.9999996470648653,-7.052626772710273e-20,0.000840160784279221,2.6525496617386027e-22
4.994,-1.4902966272944191,1.0269042589063493e-18,1.001330631646243,-0.009512235333749192,5.583425593074821e-19,-0.0012909498622154752,0.9999996504667973,-9.191343859125867e-20,0.0008361018370912672,6.255284577015215e-22
4.996,-1.4903156171033995,1.0280247182394532e-18,1.0013280521380068,-0.009477600128919378,5.622559999880766e-19,-0.0012885583297530254,0.999999653843836,-1.1319892845971242e-19,0.0008320530071610111,1.3275668400715306e-21
4.998,-1.490334537807664,1.0291538377057118e-18,1.0013254774089417,-0.009443130551167729,5.670020323286082e-19,-0.0012861706913579825,0.9999996571960558,-1.3438350245231866e-19,0.0008280143535390746,2.027899079328703e-21
5.0,-1.4903533897380332,1.030293278367251e-18,1.0013229074512637,-0.009408826166795939,5.725765382922453e-19,-0.001283786943201121,0.9999996605235317,-1.5546820785292303e-19,0.0008239859344362363,2.0412069795790407e-21
5.002,-1.4903721732244586,1.0314446930700363e-18,1.001320342257196,-0.009374686539924744,5.789754198299739e-19,-0.001281407081453046,0.9999996638263405,-1.7645380870803018e-19,0.0008199678072278436,1.0264581094539415e-21
5.0040000000000004,-1.4903908885960173,1.0326096189040033e-18,1.0013177818189694,-0.009340711232527062,5.858718586483315e-19,-0.0012790311022840345,0.9999996671045601,-1.6992477397593371e-19,0.0008159600284582224,2.7332925475337805e-21
5.006,-1.4904095361809087,1.0337875775748488e-18,1.0013152261288227,-0.009306899804460944,5.920801788943897e-19,-0.0012766590018638978,0.9999996703582696,-1.634263824295696e-19,0.0008119626538450836,4.779161036575298e-21
5.008,-1.4904281163064494,1.0349783075587638e-18,1.0013126751790022,-0.009273251813502355,5.987868131338021e-19,-0.0012742907763618298,0.9999996735875495,-1.843739250949563e-19,0.0008079757382839269,4.101160150024443e-21
5.01,-1.49044662929907,1.0361832702166738e-18,1.001310128961762,-0.00923976681537777,6.063122033890876e-19,-0.0012719264219462692,0.9999996767924814,-2.0522161263285046e-19,0.0008039993358524417,4.110048697330079e-21
5.0120000000000005,-1.4904650754843096,1.037404099005659e-18,1.0013075874693638,-0.009206444363796596,6.146522976990909e-19,-0.0012695659347847538,0.999999679973148,-2.259701871628019e-19,0.0008000334998149038,4.461537523616075e-21
5.014,-1.490483455186814,1.0386424192979051e-18,1.0013050506940766,-0.009173284010483406,6.238030632757768e-19,-0.0012672093110437902,0.9999996831296334,-2.4662094710729876e-19,0.0007960782826265693,4.126830933925995e-21
5.016,-1.4905017687303297,1.0398998484195756e-18,1.0013025186281777,-0.009140285305210006,6.337604868175053e-19,-0.0012648565468887053,0.9999996862620225,-2.671743574830292e-19,0.0007921337359380651,3.107555801572435e-21
5.018,-1.4905200164377008,1.0411779956895497e-18,1.0012999912639515,-0.009107447795827313,6.445205743967983e-19,-0.0012625076384835366,0.9999996893704017,-2.876303415316069e-19,0.0007881999105997757,2.0898455450363717e-21
5.0200000000000005,-1.4905381986308655,1.042478247298332e-18,1.0012974685936906,-0.009074771028297061,6.5575661148621835e-19,-0.0012601625819908824,0.9999996924548583,-2.805748302245099e-19,0.0007842768566662245,3.108870078862435e-21
5.022,-1.4905563156308517,1.04380047621593e-18,1.001294950609695,-0.009042254546723328,6.663904369651929e-19,-0.0012578213735717828,0.9999996955154805,-2.790220662736523e-19,0.0007803646234004538,4.472036697862929e-21
5.024,-1.490574367757774,1.0451441259529836e-18,1.0012924373042724,-0.009009897893383877,6.771775639162957e-19,-0.001255484009385595,0.9999996985523576,-2.665244891427157e-19,0.0007764632592783988,5.823427841942983e-21
5.026,-1.49059235533083,1.0465084984362316e-18,1.001289928669738,-0.008977700608761333,6.871493454648505e-19,-0.0012531504855898747,0.99999970156558,-2.5407341100365915e-19,0.0007725728119932574,6.829779050524105e-21
5.0280000000000005,-1.4906102786682958,1.0478927559127547e-18,1.0012874246984151,-0.00894566223157417,6.971706081119299e-19,-0.0012508207983402454,0.9999997045552392,-2.636270668339929e-19,0.0007686933284598564,4.766768087601454e-21
5.03,-1.4906281380875237,1.0492972130184967e-18,1.0012849253826341,-0.008913782298807528,7.071335190519167e-19,-0.0012484949437903009,0.9999997075214274,-2.4023864538421663e-19,0.0007648248548190128,4.3966494344645255e-21
5.032,-1.490645933904938,1.0507204613505416e-18,1.0012824307147337,-0.008882060345743847,7.161777191390136e-19,-0.0012461729180914668,0.9999997104642379,-2.4985500875980123e-19,0.0007609674364418896,6.108577297844067e-21
5.034,-1.4906636664360322,1.052162820634795e-18,1.00127994068706,-0.008850495905993334,7.260290133875405e-19,-0.0012438547173929126,0.9999997133837647,-2.2653158574068164e-19,0.0007571211179343482,6.076872018003228e-21
5.0360000000000005,-1.490681335995365,1.0536225291250577e-18,1.001277455291967,-0.008819088511524235,7.335634233256586e-19,-0.0012415403378414223,0.999999716280103,-1.8685800082933e-19,0.0007532859431412949,6.033632753011397e-21
5.038,-1.4906989428965578,1.0550971154932921e-18,1.001274974521816,-0.008787837692692953,7.411591408527004e-19,-0.0012392297755813022,0.9999997191533487,-1.9671468867134068e-19,0.0007494619551510224,7.397569081860849e-21
5.04,-1.4907164874522907,1.0565867751298751e-18,1.0012724983689762,-0.008756742978273972,7.483853666299475e-19,-0.0012369230267542618,0.9999997220035988,-1.791127636146647e-19,0.0007456491962995463,7.366251940339443e-21
5.042,-1.4907339699743,1.0580901960898217e-18,1.001270026825825,-0.008725803895489612,7.549210100099081e-19,-0.0012346200874993204,0.9999997248309505,-1.6159402803757675e-19,0.000741847708174936,7.677701073957112e-21
5.0440000000000005,-1.4907513907733752,1.0596060006160972e-18,1.001267559884747,-0.00869501997003961,7.607694760970834e-19,-0.0012323209539527112,0.9999997276355023,-1.4415757465882839e-19,0.0007380575316216408,9.016426385792132e-21
5.046,-1.4907687501593552,1.0611328177452357e-18,1.0012650975381343,-0.00866439072613052,7.659341534618287e-19,-0.0012300256222477779,0.9999997304173535,-1.268045310420521e-19,0.000734278706744809,9.32483681070408e-21
5.048,-1.4907860484411262,1.062669283275238e-18,1.0012626397783875,-0.00863391568650494,7.704184151223745e-19,-0.001227734088514877,0.9999997331766038,-1.0953526806883256e-19,0.0007305112729146034,7.576578076705122e-21
5.05,-1.4908032859266183,1.0642142548942896e-18,1.0012601865979143,-0.008603594372470573,7.745483577068998e-19,-0.001225446348881288,0.9999997359133541,-1.1975929258805192e-19,0.000726755268770509,7.908486460848006e-21
5.0520000000000005,-1.4908204629228028,1.0657681739085808e-18,1.0012577379891303,-0.008573426303929089,7.794013531311308e-19,-0.001223162399471129,0.9999997386277057,-1.244522542460248e-19,0.0007230107322256355,8.23560567452613e-21
5.054,-1.4908375797356896,1.0673316221243336e-18,1.0012552939444592,-0.008543410999404843,7.840056089822234e-19,-0.0012208822364052445,0.9999997413197607,-1.2911072416944362e-19,0.0007192777004710138,7.53516607344496e-21
5.056,-1.4908546366703241,1.0689046765333326e-18,1.0012528544563322,-0.008513547976073397,7.890074869970217e-19,-0.0012186058558011509,0.9999997439896217,-1.227944469341415e-19,0.0007155562099798865,7.513823507403006e-21
5.058,-1.4908716340307846,1.0704870548706859e-18,1.0012504195171879,-0.008483836749789876,7.932221536825825e-19,-0.0012163332537729367,0.9999997466373922,-1.0554295615400097e-19,0.0007118462965119915,7.484289600078127e-21
5.0600000000000005,-1.4908885721201801,1.0720775450277532e-18,1.0012479891194732,-0.008454276835117146,7.972991407676827e-19,-0.0012140644264311674,0.9999997492631763,-1.1030234891059538e-19,0.0007081479951178392,9.183772233115565e-21
5.062,-1.4909054512406474,1.0736763748710662e-18,1.0012455632556427,-0.00842486774535383,8.015616921278947e-19,-0.0012117993698828374,0.9999997518670786,-1.1503940587354296e-19,0.0007044613401429839,1.0536556803720093e-20
5.064,-1.4909222716933486,1.0752839146068388e-18,1.0012431419181589,-0.008395608992562134,8.060088862270587e-19,-0.0012095380802312594,0.9999997544492043,-1.1975423735326814e-19,0.0007007863652322878,1.1543465176054288e-20
5.066,-1.4909390337784685,1.076900532602894e-18,1.0012407250994917,-0.008366500087595513,8.106398060586313e-19,-0.0012072805535760075,0.9999997570096592,-1.2444670699061128e-19,0.0006971231033341787,1.2547572486632904e-20
5.0680000000000005,-1.4909557377952127,1.0785265953973424e-18,1.001238312792119,-0.008337540540126162,8.154535390201348e-19,-0.0012050267860128513,0.9999997595485496,-1.2911692306302962e-19,0.0006934715867049001,1.354929155029401e-20
5.07,-1.4909723840418052,1.0801624677075338e-18,1.0012359049885264,-0.00830872985867233,8.20449176843044e-19,-0.0012027767736336613,0.9999997620659825,-1.337647509992547e-19,0.0006898318469127551,1.4891289426570314e-20
5.072,-1.4909889728154855,1.081808512438344e-18,1.0012335016812077,-0.008280067550625467,8.256258152790358e-19,-0.0012005305125263588,0.9999997645620652,-1.383900550755722e-19,0.0006862039148423429,1.691542092523459e-20
5.074,-1.4910055044125068,1.0834650906900728e-18,1.0012311028626641,-0.008251553122277199,8.30982554135112e-19,-0.0011982879987748455,0.9999997670369056,-1.4299317960289082e-19,0.000682587820698788,1.9277813963147815e-20
5.0760000000000005,-1.4910219791281338,1.0851325617668856e-18,1.0012287085254048,-0.008223186078846126,8.365184973541925e-19,-0.00119604922845892,0.9999997694906122,-1.4757469432461311e-19,0.000678983594011962,2.129275020770703e-20
5.078,-1.491038397256641,1.0868112831850315e-18,1.0012263186619468,-0.008194965924504458,8.422327531218133e-19,-0.0011938141976542526,0.9999997719232937,-1.521337710197024e-19,0.0006753912636406982,2.4330886469606843e-20
5.08,-1.4910547590913097,1.0885015031017125e-18,1.0012239332648152,-0.008166892162404476,8.479092749221148e-19,-0.001191582902432283,0.9999997743350595,-1.3474134410105724e-19,0.0006718108577769982,2.6661679134878814e-20
5.082,-1.4910710649244268,1.0902020701802273e-18,1.0012215523265426,-0.008138964294704818,8.525805391536864e-19,-0.001189355338860182,0.9999997767260191,-1.2292901032080734e-19,0.0006682424039502318,2.5905901785775526e-20
5.0840000000000005,-1.4910873150472823,1.0919118757039997e-18,1.0012191758396698,-0.00811118182259661,8.571123117279853e-19,-0.0011871315030008065,0.9999997790962828,-1.0570286851528436e-19,0.000664685929031328,2.5490940532199333e-20
5.086,-1.4911035097501681,1.0936296375588188e-18,1.001216803796745,-0.008083544246329401,8.604298251846035e-19,-0.0011849113909126112,0.9999997814459609,-7.759345439831086e-20,0.0006611414592369593,2.4727039908919696e-20
5.088,-1.4911196493223753,1.0953532916523398e-18,1.001214436190325,-0.008056051065236963,8.631847210197836e-19,-0.0011826949986496324,0.9999997837751643,-7.154968605326797e-20,0.0006576090201337169,2.0895540675655753e-20
5.09,-1.4911357340521927,1.097082433236748e-18,1.0012120730129739,-0.008028701777762891,8.661326622543488e-19,-0.0011804823222614069,0.9999997860840041,-9.84289632903437e-20,0.0006540886366422789,1.8808071833623006e-20
5.0920000000000005,-1.4911517642269052,1.0988187394188032e-18,1.0012097142572638,-0.008001495881486055,8.701333269347102e-19,-0.0011782733577929455,0.999999788372592,-9.228353720714365e-20,0.0006505803330415693,1.9444877172556983e-20
5.094,-1.4911677401327923,1.1005620859442563e-18,1.0012073599157751,-0.007974432873145872,8.731371663969143e-19,-0.0011760681012846607,0.9999997906410397,-8.614146914480302e-20,0.0006470841329729097,1.9738316139664674e-20
5.096,-1.491183662055126,1.1023117027194442e-18,1.0012050099810956,-0.007947512248667415,8.764397119188586e-19,-0.0011738665487723374,0.9999997928894595,-7.455982283872444e-20,0.0006436000594441624,1.8657696168634825e-20
5.098,-1.491199530278169,1.1040668946450643e-18,1.0012026644458214,-0.007920733503186356,8.78748535923765e-19,-0.0011716686962871005,0.9999997951179637,-6.303486442252752e-20,0.0006401281348338649,1.4839176440633442e-20
5.1000000000000005,-1.4912153450851744,1.1058270070174896e-18,1.0012003233025564,-0.007894096131073742,8.813606864156283e-19,-0.0011694745398553375,0.999999797326665,-6.803699366980069e-20,0.0006366683808953557,1.3095426489384559e-20
5.102,-1.491231106758382,1.107592072172201e-18,1.0011979865439125,-0.007867599625960595,8.837371079811042e-19,-0.001167284075498692,0.9999997995156764,-7.302841241897874e-20,0.0006332208187608924,1.1355810329512178e-20
5.104,-1.4912468155790195,1.1093625165615343e-18,1.0011956541625093,-0.007841243480762362,8.867397663899351e-19,-0.0011650972992340103,0.999999801685111,-8.34781163712622e-20,0.0006297854689457594,1.0650953454994041e-20
5.106,-1.4912624718272987,1.111139087356671e-18,1.001193326150975,-0.007815027187703182,8.89934909159303e-19,-0.0011629142070733042,0.9999998038350824,-9.936021183303852e-20,0.0006263623513523685,1.0979188338233966e-20
5.1080000000000005,-1.4912780757824153,1.1129229938535589e-18,1.0011910025019448,-0.007788950238339999,8.938598176957838e-19,-0.0011607347950237182,0.9999998059657038,-9.323862802454717e-20,0.00062295148527435,8.208932622171203e-21
5.11,-1.4912936277225481,1.1147135753179556e-18,1.001188683208063,-0.007763012123586507,8.964665430251579e-19,-0.0011585590590875024,0.9999998080770893,-5.97189002131347e-20,0.000619552889400634,7.484135253781447e-21
5.112,-1.491309127924857,1.1165085231858468e-18,1.0011863682619813,-0.007737212333736927,8.98406558864455e-19,-0.0011563869952619587,0.9999998101693528,-4.82867013564043e-20,0.0006161665818195242,9.51598278461971e-21
5.114,-1.491324576665481,1.1183069028105734e-18,1.0011840576563593,-0.0077115503584896244,8.998986541696446e-19,-0.0011542185995394416,0.9999998122426085,-3.690868511964728e-20,0.0006127925800227617,1.1543030565826977e-20
5.1160000000000005,-1.491339974219539,1.120107820563025e-18,1.001181751383865,-0.007686025686970556,9.009450391592893e-19,-0.001152053867907303,0.9999998142969704,-2.5584170165950345e-20,0.0006094309009095788,1.4250612574728606e-20
5.118,-1.491355320861127,1.121910387223819e-18,1.0011794494371742,-0.007660637807756561,9.015479134039996e-19,-0.0011498927963478924,0.9999998163325531,-1.4313529117982493e-20,0.0006060815607907453,1.660994371639729e-20
5.12,-1.4913706168633176,1.1237139331200835e-18,1.0011771518089707,-0.007635386208898484,9.02139781746858e-19,-0.0011477353808385044,0.999999818349471,-3.5992831026815026e-20,0.0006027445753926035,1.7269516784607e-20
5.122,-1.4913858624981593,1.1255197282619146e-18,1.0011748584919464,-0.007610270377944133,9.036889078292966e-19,-0.0011455816173513733,0.9999998203478389,-3.015769083042704e-20,0.0005994199598610947,1.5855004112101406e-20
5.124,-1.491401058036675,1.1273276376678096e-18,1.0011725694788014,-0.007585289801961084,9.041465630918837e-19,-0.001143431501853636,0.9999998223277713,-2.433784931596678e-20,0.0005961077287657767,1.3416672869874305e-20
5.126,-1.4914162037488614,1.1291370964523143e-18,1.0011702847622437,-0.00756044396755931,9.05345961046445e-19,-0.0011412850303073267,0.9999998242893829,-2.9498400671143335e-20,0.0005928078961038301,9.962674075024373e-21
5.128,-1.491431299903688,1.1309484013251849e-18,1.0011680043349893,-0.007535732360913663,9.057773340002441e-19,-0.0011391421986693536,0.9999998262327887,-1.270276082898469e-20,0.0005895204753040564,8.9024842596559e-21
5.13,-1.4914463467690962,1.1327604136356441e-18,1.0011657281897626,-0.007511154467786186,9.063049367019633e-19,-0.001137003002891469,0.9999998281581035,-2.339762945521727e-20,0.0005862454792308652,1.1286792812683509e-20
5.132,-1.4914613446119982,1.1345739001427298e-18,1.0011634563192957,-0.007486709773548261,9.072511987262062e-19,-0.0011348674389202735,0.9999998300654421,-3.404157561310816e-20,0.000582982920188252,1.4008096056808234e-20
5.134,-1.491476293698277,1.1363894809354495e-18,1.0011611887163294,-0.00746239776320261,9.081837345207384e-19,-0.0011327355026971948,0.9999998319549196,-1.7223533409389217e-20,0.0005797328099237662,1.430832308039782e-20
5.136,-1.4914911942927853,1.1382059799294045e-18,1.0011589253736122,-0.007438217921405119,9.082416406298612e-19,-0.001130607190158456,0.9999998338266509,-4.854237825069365e-22,0.0005764951596324687,1.4265606233520487e-20
5.138,-1.4915060466593444,1.1400221549874184e-18,1.0011566662839004,-0.00741416973248652,9.077528238049e-19,-0.0011284824972350891,0.9999998356807509,2.712649878569623e-20,0.0005732699799608795,1.592919425139809e-20
5.14,-1.4915208510607443,1.1418360544824495e-18,1.0011544114399593,-0.0073902526804738985,9.060745125067617e-19,-0.001126361419852916,0.9999998375173343,3.267562591968067e-20,0.0005700572810109151,1.4860969865429878e-20
5.142,-1.4915356077587425,1.1436468840638819e-18,1.0011521608345617,-0.007366466249112051,9.047190269508715e-19,-0.0011242439539325424,0.9999998393365163,4.915119201724336e-20,0.0005668570723438159,1.481702597974221e-20
5.144,-1.4915503170140638,1.1454537099700488e-18,1.0011499144604887,-0.007342809921884684,9.020712630454064e-19,-0.0011221300953893412,0.9999998411384114,6.008004304630455e-20,0.000563669362984063,1.6489615968275235e-20
5.146,-1.4915649790863998,1.1472556393465633e-18,1.00114767231053,-0.007319283182035451,8.99858695644418e-19,-0.001120019840133447,0.9999998429231346,5.999115661973722e-20,0.0005604941614232846,1.6794197546446665e-20
5.148,-1.4915795942344086,1.149052608091553e-18,1.0011454343774826,-0.007295885512588837,8.972182073848806e-19,-0.001117913184069773,0.9999998446908005,4.893714370757054e-20,0.0005573314756241521,1.641888049865016e-20
5.15,-1.4915941627157134,1.1508453769245349e-18,1.0011432006541525,-0.007272616396370882,8.955509472765083e-19,-0.0011158101230979687,0.9999998464415237,4.3404927627987425e-20,0.0005541813130242657,1.569913510537874e-20
5.152,-1.4916086847869037,1.152634273305181e-18,1.0011409711333537,-0.007249475316029752,8.933454985745245e-19,-0.0011137106531124551,0.9999998481754189,3.791192757521563e-20,0.0005510436805400291,1.498108152923501e-20
5.154,-1.4916231607035337,1.154419765051298e-18,1.0011387458079082,-0.007226461754056148,8.922178615552301e-19,-0.001111614770002419,0.9999998498926004,2.6962949599922714e-20,0.0005479185845705135,1.5295728294721418e-20
5.156,-1.4916375907201225,1.1562026761693917e-18,1.0011365246706463,-0.007203575192803569,8.906569525579986e-19,-0.0011095224696517805,0.9999998515931826,3.251174238580958e-20,0.0005448060310013117,1.2173989364850558e-20
5.158,-1.4916519750901538,1.1579827872185005e-18,1.0011343077144066,-0.007180815114508411,8.895255435519452e-19,-0.0011074337479392248,0.9999998532772797,2.7068285855682837e-20,0.0005417060252083802,7.694579729183021e-21
5.16,-1.4916663140660757,1.1597605255314094e-18,1.0011320949320361,-0.007158181001309913,8.881765542755594e-19,-0.0011053486007382032,0.9999998549450058,2.712242834468295e-20,0.0005386185720618715,7.33475473241173e-21
5.162,-1.4916806078993006,1.161535815703971e-18,1.00112988631639,-0.007135672335269954,8.870415454194225e-19,-0.0011032670239169342,0.9999998565964747,2.717613093537376e-20,0.0005355436759299551,6.6327153695933416e-21
5.164,-1.4916948568402046,1.1633085106343015e-18,1.0011276818603314,-0.007113288598392693,8.856889773237844e-19,-0.001101189013338398,0.9999998582318003,2.173398965459916e-20,0.0005324813406826264,5.9352834399567275e-21
5.166,-1.4917090611381283,1.1650791452522117e-18,1.001125481556732,-0.00709102927264405,8.849810643759209e-19,-0.0010991145648603594,0.9999998598510962,1.0834698334805832e-20,0.000529431569695507,4.5575006629116244e-21
5.168,-1.4917232210413758,1.1668485034810002e-18,1.001123285398472,-0.007068893839971048,8.84376390848594e-19,-0.0010970436743353612,0.9999998614544757,5.469645050941108e-21,0.0005263943658536315,3.1792552418254997e-21
5.17,-1.491737336797215,1.1686170067859582e-18,1.0011210933784391,-0.007046881782320988,8.84197693319256e-19,-0.0010949763376107448,0.9999998630420521,5.612421255526637e-21,0.0005233697315552246,1.459534965395216e-21
5.172,-1.4917514086518784,1.1703849310082287e-18,1.0011189054895304,-0.00702499258166048,8.837972276791235e-19,-0.001092912550528649,0.9999998646139386,-5.1973026911416274e-21,0.0005203576687154662,4.34946072544154e-22
5.174,-1.4917654368505615,1.1721526940799378e-18,1.0011167217246506,-0.007003225719994325,8.838210506675189e-19,-0.0010908523089260408,0.9999998661702479,1.145873958233559e-20,0.0005173581787702458,2.4824603794413534e-21
5.176,-1.4917794216374247,1.1739190255812095e-18,1.001114542076713,-0.006981580679384237,8.824378925139318e-19,-0.0010887956086346998,0.9999998677110927,2.803530124207382e-20,0.000514371262679905,3.497969890778584e-21
5.178,-1.491793363255592,1.1756827682090353e-18,1.0011123665386388,-0.006960056941967423,8.81160972243639e-19,-0.0010867424454812558,0.9999998692365855,5.001533476558694e-20,0.0005113969209329691,3.4811006370082055e-21
5.18,-1.491807261947152,1.177442305000513e-18,1.0011101951033583,-0.006938653989975012,8.782685122714967e-19,-0.0010846928152871852,0.9999998707468384,7.190328254771457e-20,0.000508435153549867,1.7517969678313274e-21
5.182,-1.4918211179531582,1.1791960623982134e-18,1.0011080277638096,-0.006917371305750327,8.754899205849614e-19,-0.0010826467138688347,0.9999998722419634,6.626311784423464e-20,0.0005054859600866395,3.122891446707061e-21
5.184,-1.4918349315136283,1.1809442680921104e-18,1.0011058645129394,-0.006896208371767018,8.728241267764711e-19,-0.001080604137037433,0.9999998737220721,5.518029526085146e-20,0.0005025493396386367,4.836155710332094e-21
5.186,-1.4918487028675458,1.1826876495785654e-18,1.0011037053437026,-0.006875164670647041,8.70486072185043e-19,-0.001078565080599128,0.9999998751872761,7.704447612898919e-20,0.0004996252908442026,4.4728460941704776e-21
5.188,-1.4918624322528589,1.184424743735682e-18,1.0011015502490628,-0.006854239685178489,8.66429812074274e-19,-0.0010765295403549746,0.9999998766376864,1.0430126882752291e-19,0.0004967138118883498,5.478323791951703e-21
5.19,-1.4918761199064818,1.1861536279779162e-18,1.0010993992219916,-0.006833432898333279,8.625997372973165e-19,-0.001074497512100976,0.9999998780734141,8.208544101840942e-20,0.0004938149005064202,6.164111136013392e-21
5.192,-1.491889766064295,1.187875723300437e-18,1.0010972522554693,-0.006812743793284687,8.596402034291577e-19,-0.00107246899162809,0.9999998794945697,5.997476718420397e-20,0.0004909285539877359,6.505585985777253e-21
5.194,-1.4919033709611453,1.1895927664838263e-18,1.0010951093424845,-0.006792171853424739,8.575469125392483e-19,-0.0010704439747222666,0.9999998809012636,3.7968915632414314e-20,0.00048805476917923715,6.846226026208084e-21
5.196,-1.491916934830847,1.1913064857333196e-18,1.0010929704760343,-0.00677171656238146,8.563155871060807e-19,-0.0010684224571644557,0.9999998822936058,1.6067392154683288e-20,0.0004851935424891099,7.185627264490253e-21
5.198,-1.4919304579061814,1.1930186007193471e-18,1.0010908356491244,-0.006751377404035966,8.559419699390783e-19,-0.0010664044347306288,0.9999998836717061,-5.7303015676210004e-21,0.00048234486989039946,7.524198899952909e-21
5.2,-1.491943940418898,1.1947306074618897e-18,1.0010887048547685,-0.006731153862539428,8.560990895571136e-19,-0.0010643899031918197,0.9999998850356738,-1.2739630700656788e-23,0.0004795087469246135,5.7923461194970405e-21
5.202,-1.491957382599715,1.1964423090511006e-18,1.0010865780859894,-0.006711045422329872,8.556011346413762e-19,-0.0010623788583141358,0.9999998863856182,5.6778645557360045e-21,0.00047668516870531303,4.4072663659887525e-21
5.204,-1.4919707846783197,1.1981532587762359e-18,1.0010844553358178,-0.0066910515681488526,8.55311457659658e-19,-0.0010603712958587794,0.9999998877216479,5.8717378935048646e-21,0.0004738741299216906,2.6858282290854744e-21
5.206,-1.491984146883369,1.199863333849984e-18,1.001082336597293,-0.006671171785057969,8.547982082012085e-19,-0.0010583672115820953,0.9999998890438714,6.064512029149767e-21,0.0004710756248421376,6.249971752795289e-22
5.208,-1.4919974694424905,1.2015728778194794e-18,1.0010802218634631,-0.00665140555845525,8.54923796992088e-19,-0.0010563666012355759,0.9999998903523969,-2.1155576511253316e-20,0.0004682896473177984,6.379331999106602e-22
5.21,-1.492010752582283,1.2032835243091574e-18,1.0010781111273843,-0.006631752374091385,8.557923062642985e-19,-0.001054369460565898,0.9999998916473319,-2.6316776206820658e-20,0.00046551619078611235,-3.8785181144948394e-22
5.212,-1.492023996528317,1.2049960373631399e-18,1.0010760043821216,-0.006612211718085823,8.568618350765178e-19,-0.0010523757853149556,0.9999998929287841,-4.788826901297267e-20,0.00046275524827434485,-1.40234218378272e-21
5.214,-1.4920372015051357,1.2067118582020794e-18,1.0010739016207486,-0.006592783076942725,8.589918442734705e-19,-0.0010503855712198815,0.9999998941968604,-5.2908956597192415e-20,0.00046000681240310453,-7.08756114487624e-22
5.216,-1.4920503677362555,1.2084315959396454e-18,1.001071802836347,-0.006573465937566772,8.607785779237795e-19,-0.0010483988140130853,0.9999998954516676,-6.887084400590404e-20,0.0004572708753898492,3.304794301328235e-22
5.218,-1.4920634954441674,1.2101562512769955e-18,1.0010697080220072,-0.006554259787278843,8.63837230406788e-19,-0.0010464155094222821,0.9999998966933118,-6.830993569622028e-20,0.0004545474290523791,-1.1744992225493204e-23
5.22,-1.4920765848503372,1.211885887383634e-18,1.0010676171708286,-0.006535164113831539,8.657953089455664e-19,-0.0010444356531705212,0.9999998979218991,-6.228163792435556e-20,0.0004518364648123179,6.71933850914587e-22
5.222,-1.4920896361752067,1.2136201377981192e-18,1.0010655302759186,-0.006516178405424583,8.683800063955618e-19,-0.0010424592409762291,0.999999899137535,-5.0798859037627646e-20,0.0004491379736985814,2.3799112594894873e-21
5.224,-1.4921026496381946,1.2153579929277166e-18,1.0010634473303934,-0.006497302150720067,8.693285763735784e-19,-0.001040486268553227,0.9999999003403246,-2.839327571394133e-20,0.0004464519463508336,2.0225468604251304e-21
5.226,-1.4921156254576975,1.2170977297863865e-18,1.0010613683273777,-0.0064785348388575695,8.702624302382737e-19,-0.0010385167316107771,0.9999999015303727,-1.705877174187111e-20,0.0004437783730229303,2.3554590574811275e-21
5.228,-1.4921285638510904,1.218838207038032e-18,1.0010592932600049,-0.006459875959469132,8.702127580971978e-19,-0.0010365506258536176,0.9999999027077836,-5.778304418956804e-21,0.0004411172435863508,2.002677277550015e-21
5.23,-1.4921414650347284,1.2205788976288e-18,1.001057222121417,-0.006441325002694097,8.703684562731802e-19,-0.0010345879469819937,0.9999999038726615,1.0943803887889274e-20,0.0004384685475336159,6.203351067190282e-22
5.232,-1.4921543292239476,1.2223183816966357e-18,1.0010551549047642,-0.0064228814591938115,8.690067537608047e-19,-0.0010326286906916916,0.9999999050251096,2.758678020016296e-20,0.0004358322739816944,-4.164576738928224e-22
5.234,-1.4921671566330654,1.224055281553377e-18,1.0010530916032059,-0.0064045448201661935,8.67856565043261e-19,-0.0010306728526740707,0.9999999061652313,3.3171937870816887e-20,0.00043320841167539693,-3.158485605421151e-21
5.236,-1.4921799474753825,1.2257890153814276e-18,1.0010510322099098,-0.006386314577360161,8.656257425955171e-19,-0.001028720428616123,0.9999999072931292,6.614440611602773e-20,0.0004305969489907562,-3.8507273373084194e-21
5.238,-1.4921927019631835,1.2275173553663481e-18,1.0010489767180524,-0.006368190223089927,8.626430407475911e-19,-0.0010267714142004937,0.9999999084089054,7.703171219473962e-20,0.00042799787393839567,-1.1052370485616419e-21
5.24,-1.4922054203077384,1.2292394115884804e-18,1.0010469251208187,-0.00635017125024916,8.594498950303705e-19,-0.0010248258051055179,0.9999999095126619,6.593680035384786e-20,0.0004254111741668849,9.574141533933123e-22
5.242,-1.4922181027193033,1.230955768603333e-18,1.0010448774114022,-0.00633225715232501,8.569076300232526e-19,-0.001022883597005267,0.9999999106045002,6.585965920840232e-20,0.0004228368369660827,3.0117189754773977e-21
5.244,-1.492230749407122,1.2326666849528712e-18,1.0010428335830055,-0.006314447423412001,8.540450014394871e-19,-0.0010209447855695985,0.9999999116845212,6.579589651170865e-20,0.0004202748492704669,5.061149166117164e-21
5.246,-1.4922433605794276,1.2343723103980378e-18,1.0010407936288395,-0.006296741558225787,8.517243863672167e-19,-0.0010190093664641641,0.9999999127528253,4.378825202654007e-20,0.0004177251976624517,5.058163405893208e-21
5.248,-1.4922559364434425,1.2360741573668474e-18,1.0010387575421238,-0.006279139052116781,8.502658426658545e-19,-0.0010170773353504823,0.9999999138095128,2.1884940003456123e-20,0.0004151878683756927,5.055163206778842e-21
5.25,-1.4922684772053805,1.2377739457414546e-18,1.0010367253160868,-0.006261639401083649,8.496651129837243e-19,-0.0010151486878859604,0.9999999148546831,8.546582976489964e-23,0.000412662847298378,5.052148700847321e-21
5.252,-1.4922809830704487,1.2394733869095813e-18,1.0010346969439656,-0.00624424210178667,8.499179602185895e-19,-0.0010132234197239647,0.9999999158884355,-2.1610803998470984e-20,0.00041015011997650705,4.706864736513383e-21
5.2540000000000004,-1.4922934542428477,1.24117418380493e-18,1.001032672419006,-0.006226946651560969,8.510201674884652e-19,-0.0010113015265138176,0.9999999169108686,-4.320422040888014e-20,0.0004076496716171571,4.362377994310817e-21
5.256,-1.4923058909257736,1.2428780309475925e-18,1.0010306517344623,-0.0062097525484296175,8.529675379818125e-19,-0.00100938300390088,0.9999999179220808,-6.46951302829228e-20,0.00040516148709173605,4.3617541911075646e-21
5.258,-1.4923182933214192,1.2445866144838153e-18,1.0010286348835977,-0.006192659291116604,8.557558946392004e-19,-0.0010074678475265784,0.9999999189221697,-8.608401668808404e-20,0.00040268555093922253,4.704178331943786e-21
5.26,-1.4923306616309753,1.2463016122254648e-18,1.0010266218596842,-0.006175666379059673,8.593810801858304e-19,-0.0010055560530284502,0.9999999199112327,-1.0737191760838761e-19,0.0004002218473693931,4.017785638075182e-21
5.2620000000000005,-1.4923429960546326,1.2480245861122172e-18,1.0010246126560023,-0.006158773312423042,8.636238019387719e-19,-0.0010036476160401864,0.9999999208893665,-1.0662747243153121e-19,0.0003977703602660365,6.0647010365395305e-21
5.264,-1.4923552967915827,1.2497556921264181e-18,1.0010226072658415,-0.006141979592109979,8.674057378870019e-19,-0.0010017425321916843,0.9999999218566676,-1.0589953444318616e-19,0.0003953310731901549,8.10676967024889e-21
5.266,-1.49236756404002,1.2514946204906503e-18,1.0010206056824997,-0.0061252847197752645,8.714820337090752e-19,-0.0009998407971090807,0.9999999228132318,-9.96932762968615e-20,0.00039290396938315215,8.087080361580713e-21
5.268,-1.4923797979971425,1.2532409185495372e-18,1.0010186078992838,-0.006108688197837516,8.74668047351991e-19,-0.0009979424064148032,0.9999999237591545,-8.255140618315758e-20,0.00039048903177000914,7.720473204914505e-21
5.2700000000000005,-1.4923919988591543,1.2549933832020532e-18,1.0010166139095094,-0.006092189529491388,8.778284550115168e-19,-0.0009960473557276202,0.9999999246945306,-8.742221232617719e-20,0.0003880862429624457,4.622428844743587e-21
5.272,-1.4924041668212662,1.2567523588343993e-18,1.001014623706501,-0.006075788218719654,8.811788763793016e-19,-0.0009941556406626844,0.9999999256194544,-9.226981195547836e-20,0.00038569558526206974,1.8743843621994152e-21
5.274,-1.4924163020776982,1.2585182245324764e-18,1.0010126372835915,-0.00605948377030515,8.847183706105571e-19,-0.0009922672568315814,0.9999999265340199,-9.70941800331818e-20,0.0003833170406635132,-1.8182845469654358e-22
5.276,-1.4924284048216805,1.2602913575047065e-18,1.0010106546341229,-0.0060432756898426,8.884460010686023e-19,-0.0009903821998423696,0.9999999274383204,-1.0189555568921032e-19,0.00038095059085755496,-1.8905108899919137e-21
5.2780000000000005,-1.4924404752454552,1.2620721330905674e-18,1.001008675751446,-0.006027163483750317,8.923608354956112e-19,-0.0009885004652996374,0.999999928332449,-1.0667444060352712e-19,0.00037859621723423096,-4.280064793401411e-21
5.28,-1.4924525135402782,1.2638609247695599e-18,1.0010067006289203,-0.0060111466592817795,8.964619461957451e-19,-0.000986622048804541,0.9999999292164979,-1.1143068422549366e-19,0.00037625390088593026,-6.663959543160159e-21
5.282,-1.4924645198964206,1.2656581041703152e-18,1.001004729259914,-0.00599522472453708,9.007484099387339e-19,-0.000984746945954862,0.9999999300905592,-1.1616426310508945e-19,0.00037392362261047865,-8.699141019020971e-21
5.284,-1.492476494503171,1.2674640410792495e-18,1.0010027616378043,-0.005979397188474258,9.052193077473664e-19,-0.0009828751523450578,0.9999999309547242,-1.2087541241615155e-19,0.000371605362914209,-1.0729097189548762e-20
5.2860000000000005,-1.492488437548836,1.2692791034491845e-18,1.0010007977559772,-0.005963663560920504,9.098737250007718e-19,-0.0009810066635662959,0.9999999318090838,-1.255643658888223e-19,0.00036929910201501863,-1.309690794749194e-20
5.288,-1.4925003492207438,1.2711036574081161e-18,1.0009988376078274,-0.005948023352583243,9.147107515376126e-19,-0.000979141475206503,0.9999999326537282,-1.302313578581927e-19,0.0003670048198454129,-1.614443384175813e-20
5.29,-1.4925122297052438,1.2729378521134181e-18,1.0009968811867584,-0.005932476075061101,9.194067493827112e-19,-0.0009772795828504504,0.9999999334887476,-1.0746257264710203e-19,0.0003647224960555361,-1.713802088595644e-20
5.292,-1.4925240791877101,1.2747803656045754e-18,1.0009949284861828,-0.005917021240854745,9.231019616514597e-19,-0.0009754209820797563,0.9999999343142313,-1.0673105424842573e-19,0.0003624521100161886,-1.537953794055043e-20
5.2940000000000005,-1.4925358978525427,1.2766308155099299e-18,1.0009929794995216,-0.005901658363377602,9.271998345910938e-19,-0.0009735656684729581,0.999999935130268,-8.956799407607885e-20,0.00036019364082183155,-1.2945451207270146e-20
5.296,-1.4925476858831692,1.2784881047935062e-18,1.0009910342202049,-0.005886386956966469,9.301929708485156e-19,-0.0009717136376055699,0.999999935936946,-9.443010611066953e-20,0.0003579470672935776,-1.1880674106023915e-20
5.298,-1.4925594434620468,1.2803526846294203e-18,1.0009890926416718,-0.005871206536891988,9.34346799610511e-19,-0.0009698648850501106,0.9999999367343533,-9.926953655530868e-20,0.00035571236798216877,-1.1846409880587359e-20
5.3,-1.4925711707706644,1.2822243597605755e-18,1.00098715475737,-0.005856116619369014,9.373957783923827e-19,-0.000968019406376181,0.9999999375225769,-9.313373015771598e-20,0.0003534895211709408,-1.1473466022962532e-20
5.3020000000000005,-1.492582867989544,1.2841031493769082e-18,1.0009852205607563,-0.00584111672156686,9.413896717875885e-19,-0.0009661771971504979,0.9999999383017038,-9.249647869119387e-20,0.00035127850487877443,-1.0756806802192502e-20
5.304,-1.4925945352982433,1.2859887151163982e-18,1.0009832900452962,-0.005826206361619425,9.441719212400209e-19,-0.0009643382529369444,0.99999993907182,-8.637977813677881e-20,0.00034907929686303353,-1.0387245963039888e-20
5.306,-1.4926061728753566,1.2878807190771011e-18,1.000981363204464,-0.005811385058635207,9.477921385628005e-19,-0.0009625025692966334,0.9999999398330115,-7.47966206885742e-20,0.00034689187462248934,-1.0363136424160179e-20
5.308,-1.492617780898518,1.2897783945484401e-18,1.000979440031743,-0.0057966523327071945,9.496644954937303e-19,-0.0009606701417879422,0.9999999405853632,-5.778531067869744e-20,0.00034471621540023195,-8.971143474945179e-21
5.3100000000000005,-1.4926293595444025,1.2916803337610905e-18,1.0009775205206257,-0.005782007704922649,9.523791391391155e-19,-0.0009588409659665929,0.9999999413289601,-7.375061167435541e-20,0.00034255229618656836,-8.941742562564817e-21
5.312,-1.4926409089887283,1.2935875726838226e-18,1.0009756046646128,-0.0057674506973727675,9.548561331932868e-19,-0.0009570150373856598,0.999999942063886,-7.319165186950765e-20,0.0003404000937219073,-6.5182108033609365e-21
5.314,-1.4926524294062586,1.295500174562264e-18,1.0009736924572143,-0.005752980833162227,9.577421120284094e-19,-0.0009551923515956648,0.9999999427902246,-7.263532637273378e-20,0.0003382595844996302,-4.09961151419542e-21
5.316,-1.4926639209708044,1.2974180947243311e-18,1.0009717838919492,-0.005738597636418626,9.601744338706462e-19,-0.0009533729041446127,0.9999999435080592,-6.659881285914876e-20,0.0003361307447689497,-1.0024647240103919e-21
5.3180000000000005,-1.4926753838552256,1.2993408586576476e-18,1.0009698789623451,-0.005724300632301798,9.624785780455423e-19,-0.0009515566905780286,0.9999999442174721,-4.9638497249272897e-20,0.0003340135505377541,2.7689864995487437e-21
5.32,-1.4926868182314332,1.3012673497655357e-18,1.000967977661939,-0.005710089347013021,9.640097113619831e-19,-0.0009497437064390416,0.9999999449185454,-6.017251714617254e-20,0.000331907977575439,3.456714693940993e-21
5.322,-1.4926982242703923,1.3031980705770207e-18,1.0009660799842761,-0.005695963307804116,9.667080399973622e-19,-0.0009479339472684085,0.9999999456113604,-7.066993354707459e-20,0.00032981400141572506,3.1152302374674262e-21
5.324,-1.4927096021421231,1.3051336289884193e-18,1.0009641859229113,-0.005681922042986421,9.689546479727275e-19,-0.0009461274086045873,0.9999999462959983,-7.564800005631237e-20,0.00032773159735946294,2.772742606294088e-21
5.3260000000000005,-1.4927209520157034,1.3070748090771432e-18,1.000962295471408,-0.005667965081939669,9.723652520208233e-19,-0.0009443240859837819,0.9999999469725394,-8.60589465711202e-20,0.0003256607404774246,2.7755121370002397e-21
5.328,-1.4927322740592712,1.3090224985486085e-18,1.0009604086233383,-0.005654091955120745,9.754278488516173e-19,-0.0009425239749399932,0.9999999476410635,-9.64205382015689e-20,0.00032360140561308134,2.778266497381422e-21
5.33,-1.4927435684400265,1.3109774735787156e-18,1.0009585253722837,-0.0056403021940723335,9.796505743510016e-19,-0.00094072707100508,0.9999999483016501,-1.0674589238786646e-19,0.0003215535673853683,3.1236713577637945e-21
5.332,-1.492754835324233,1.3129403995978953e-18,1.0009566457118344,-0.005626595331431461,9.831992226083804e-19,-0.0009389333697087986,0.9999999489543779,-9.509262764198527e-20,0.00031951720019143636,1.4044164357139817e-21
5.3340000000000005,-1.4927660748772213,1.3149104328686088e-18,1.0009547696355896,-0.0056129709009379225,9.868299904192887e-19,-0.0009371428665788647,0.9999999495993253,-8.899030961737085e-20,0.00031749227820938923,-6.516604924473778e-22
5.336,-1.4927772872633904,1.3168871644991921e-18,1.0009528971371575,-0.005599428437442604,9.89897856821023e-19,-0.0009353555571410155,0.9999999502365698,-8.29299231023591e-20,0.000315478775401009,-2.7024495080828097e-21
5.338,-1.49278847264621,1.3188701890720567e-18,1.0009510282101552,-0.005585967476915694,9.930514026716457e-19,-0.0009335714369190491,0.9999999508661889,-7.689827843571639e-20,0.00031347666551446686,-4.7483734077168006e-21
5.34,-1.4927996311882228,1.3208589243969508e-18,1.0009491628482088,-0.0055725875564547915,9.958598940243406e-19,-0.0009317905014348883,0.9999999514882589,-9.283769775726842e-20,0.0003114859220870212,-4.041273731169804e-21
5.3420000000000005,-1.4928107630510472,1.3228545120675088e-18,1.000947301044953,-0.0055592882142928976,9.997240440104902e-19,-0.0009300127462086216,0.9999999521028563,-9.226669083683307e-20,0.000309506518447702,-2.9975080758158467e-21
5.344,-1.492821868395379,1.3248569422439043e-18,1.000945442794032,-0.005546068989806312,1.002594840520391e-18,-0.0009282381667585741,0.9999999527100566,-8.073353916779212e-20,0.00030753842771998264,-2.9880008654228473e-21
5.346,-1.4928329473809936,1.326865380526625e-18,1.000943588089099,-0.005532929423522414,1.005983605933477e-18,-0.0009264667586013426,0.9999999533099347,-9.119839186605158e-20,0.0003055816228244371,-2.9717599005779475e-21
5.348,-1.4928440001667493,1.3288805744416135e-18,1.0009417369238154,-0.005519869057127344,1.0091349092842728e-18,-0.0009246985172518721,0.9999999539025654,-7.966967366306416e-20,0.00030363607648138517,-9.063026277292984e-22
5.3500000000000005,-1.4928550269105885,1.3309016186495264e-18,1.0009398892918522,-0.005506887433473574,1.0118342562019824e-18,-0.0009229334382234781,0.9999999544880225,-6.819549590867929e-20,0.0003017017612135234,1.4969279250708933e-21
5.352,-1.4928660277695405,1.3329276114686171e-18,1.0009380451868894,-0.0054939840965873826,1.0140838761387217e-18,-0.0009211715170279333,0.9999999550663795,-5.677601460424244e-20,0.0002997786493485431,2.866891564760911e-21
5.354,-1.4928770028997236,1.3349576556657017e-18,1.0009362046026158,-0.005481158591676214,1.0158859882168507e-18,-0.0009194127491755081,0.9999999556377095,-4.5410768147940555e-20,0.00029786671302173485,3.890141974165167e-21
5.356,-1.4928879524563483,1.3369908584354357e-18,1.0009343675327291,-0.005468410465135945,1.017242801152853e-18,-0.0009176571301750022,0.9999999562020848,-3.409949947111858e-20,0.0002959659241785796,4.568313211828394e-21
5.3580000000000005,-1.4928988765937186,1.3390263313795224e-18,1.000932533970936,-0.005455739264558043,1.0181565132980929e-18,-0.0009159046555338358,0.9999999567595772,-2.2842259146759156e-20,0.0002940762545773272,3.874238992635331e-21
5.36,-1.492909775465235,1.341063190486269e-18,1.0009307039109525,-0.005443144538736621,1.0186293129417347e-18,-0.0009141553207580919,0.9999999573102581,-1.16387952214882e-20,0.00029219767579156047,1.811172033962788e-21
5.362,-1.4929206492233968,1.3431005561105431e-18,1.0009288773465033,-0.005430625837675394,1.0186633783656562e-18,-0.0009124091213525491,0.9999999578541984,-4.887553263346364e-22,0.0002903301592127468,-1.2745751268608778e-21
5.364,-1.4929314980198047,1.3451377681074186e-18,1.000927054271322,-0.005418182712594534,1.01858360824244e-18,-0.0009106660528207626,0.9999999583914682,-1.68036030680405e-20,0.00028847367605277634,-1.2614948561856846e-21
5.3660000000000005,-1.492942322005163,1.3471757834802076e-18,1.0009252346791515,-0.005405814715937421,1.0194663333748225e-18,-0.0009089261106651113,0.9999999589221373,-2.757121783667535e-20,0.00028662819734648646,-2.2205045155943494e-22
5.368,-1.4929531213292817,1.3492153755705519e-18,1.0009234185637437,-0.005393521401377297,1.0200165561793125e-18,-0.0009071892903868353,0.9999999594462751,-1.0875660581397405e-20,0.0002847936939541736,-1.9342260327109988e-21
5.37,-1.4929638961410798,1.3512554138284314e-18,1.000921605918859,-0.005381302323823819,1.0199130186874362e-18,-0.0009054555874861089,0.9999999599639501,5.740837447419168e-21,0.0002829701365640912,-3.300076626395375e-21
5.372,-1.4929746465885874,1.3532945939658182e-18,1.0009197967382675,-0.005369157039429511,1.0191589509720807e-18,-0.0009037249974620773,0.9999999604752305,2.2278848491896762e-20,0.0002811574956949348,-3.634694223157409e-21
5.3740000000000006,-1.492985372818948,1.3553316181392415e-18,1.0009179910157475,-0.005357085105596126,1.017757567553916e-18,-0.0009019975158129223,0.9999999609801841,3.873845582672966e-20,0.00027935574169831356,-3.968101366101106e-21
5.376,-1.4929960749784212,1.3573651949189398e-18,1.0009161887450873,-0.005345086080980896,1.0157120676416116e-18,-0.0009002731380359227,0.9999999614788778,5.512003104222333e-20,0.0002775648447612092,-4.300707055916597e-21
5.378,-1.4930067532123852,1.359394039258355e-18,1.0009143899200832,-0.005333159525502697,1.0130256352454498e-18,-0.0008985518596274905,0.9999999619713784,7.14240391918104e-20,0.0002757847749084209,-4.289851791748687e-21
5.38,-1.493017407665339,1.361416872463764e-18,1.0009125945345412,-0.005321305000348111,1.0097014391660011e-18,-0.000896833676083223,0.9999999624577518,8.765085016462446e-20,0.0002740155020049974,-3.935943599436089e-21
5.382,-1.4930280384809058,1.363432422163851e-18,1.000910802582276,-0.0053095220679773925,1.0057426330729989e-18,-0.0008951185828979796,0.9999999629380636,1.0380073516018698e-19,0.00027225699575865567,-3.582050950657198e-21
5.384,-1.4930386458018345,1.3654394222796803e-18,1.0009090140571113,-0.005297810292130338,1.0011523556728522e-18,-0.000893406575565914,0.9999999634123788,1.1987377897792438e-19,0.00027050922572218654,-4.25615806416975e-21
5.386,-1.4930492297700033,1.36743661299499e-18,1.00090722895288,-0.005286169237832065,9.959337309864538e-19,-0.0008916976495805301,0.9999999638807622,1.358704353349592e-19,0.0002687721612958474,-5.613979029848823e-21
5.388,-1.4930597905264211,1.369422740726928e-18,1.000905447263424,-0.00527459847139869,9.90089868425299e-19,-0.0008899918004347417,0.9999999643432774,1.5179106430253257e-19,0.00026704577172974135,-7.653487085417274e-21
5.39,-1.4930703282112312,1.3713965580968929e-18,1.000903668982594,-0.0052630975604429165,9.83623862780423e-19,-0.0008882890236209238,0.9999999647999881,1.6763611781324711e-19,0.000265330026126183,-1.0031217209426091e-20
5.392,-1.493080842963713,1.3733569314778737e-18,1.00090189410425,-0.005251666073879528,9.768615241331147e-19,-0.0008865893146309563,0.9999999652509572,1.559934955991936e-19,0.00026362489344205185,-1.102497491955338e-20
5.394,-1.4930913349222856,1.3753044894735543e-18,1.0009001226222607,-0.005240303581930786,9.705570193460962e-19,-0.0008848926689562856,0.9999999656962474,1.7731519326220036e-19,0.00026193034249113144,-9.626428901062063e-21
5.396,-1.4931018042245094,1.3772377416743537e-18,1.000898354530504,-0.005229009656131739,9.627715435971612e-19,-0.0008831990820879775,0.9999999661359202,1.875699292385458e-19,0.0002602463419464369,-1.0969196656528796e-20
5.398,-1.4931122510070896,1.3791563158134242e-18,1.0008965898228666,-0.005217783869335438,9.556639524499806e-19,-0.0008815085495167631,0.9999999665700374,1.8683686877553532e-19,0.00025857286034252773,-1.2305927122748732e-20
5.4,-1.4931226754058777,1.3810595193439222e-18,1.0008948284932446,-0.005206625795718057,9.475086589470059e-19,-0.0008798210667330995,0.9999999669986598,1.9156387289773925e-19,0.000256909866077809,-1.36408991996029e-20
5.402,-1.4931330775558758,1.3829471994437805e-18,1.0008930705355432,-0.005195535010783927,9.401406684883372e-19,-0.0008781366292272153,0.9999999674218478,2.0175077588853811e-19,0.0002552573274168182,-1.6001689429621115e-20
5.404,-1.4931434575912377,1.3848188466847638e-18,1.000891315943676,-0.005184511091370479,9.316195513964281e-19,-0.0008764552324891665,0.9999999678396615,1.844771677765833e-19,0.00025361521249249973,-1.5608587558240514e-20
5.406,-1.4931538156452724,1.3866757474241217e-18,1.000889564711566,-0.005173553615653094,9.2550120774519e-19,-0.0008747768720088832,0.9999999682521601,1.5083779105035531e-19,0.0002519834893084664,-1.4869187736955963e-20
5.408,-1.4931641518504466,1.3885201140156043e-18,1.0008878168331454,-0.005162662163149864,9.18869207358459e-19,-0.000873101543276222,0.9999999686594025,1.612187276445321e-19,0.0002503621257412475,-1.3458101245777008e-20
5.41,-1.4931744663383875,1.390351673444715e-18,1.0008860723023552,-0.005151836314726272,9.126942821385408e-19,-0.0008714292417810278,0.9999999690614473,1.5511604946890322e-19,0.00024875108954252413,-1.0675592042029547e-20
5.412,-1.4931847592398853,1.392170512432067e-18,1.0008843311131452,-0.005141075652599768,9.061127174468883e-19,-0.0008697599630131802,0.9999999694583522,1.6548980484817987e-19,0.00024715034834135144,-8.931756657493492e-21
5.414,-1.4931950306848956,1.3939762144145322e-18,1.0008825932594747,-0.005130379760344273,8.996652603374838e-19,-0.0008680937024626288,0.9999999698501748,1.538703788026024e-19,0.00024555986964636817,-9.927509578245604e-21
5.416,-1.4932052808025431,1.395769478023734e-18,1.0008808587353115,-0.005119748222894585,8.936739839434382e-19,-0.0008664304556194766,0.999999970236972,1.4230594924321079e-19,0.00024397962084799223,-1.1262757146555848e-20
5.418,-1.4932155097211237,1.3975512133718147e-18,1.000879127534633,-0.005109180626550706,8.881366407085084e-19,-0.0008647702179739923,0.9999999706188,1.3079633825804252e-19,0.000242409569220605,-1.259443933486642e-20
5.42,-1.4932257175681067,1.3993223260865297e-18,1.000877399651425,-0.005098676558982074,8.830509937443623e-19,-0.0008631129850166964,0.999999970995715,1.1934137004954476e-19,0.00024084968192472154,-1.358030929552266e-20
5.422,-1.4932359044701389,1.4010837173324008e-18,1.000875675079683,-0.005088235609231717,8.784148167222492e-19,-0.000861458752238387,0.9999999713677724,1.079407033772418e-19,0.00023929992600914762,-1.4563442032928206e-20
5.424,-1.4932460705530457,1.4028362838318536e-18,1.0008739538134108,-0.0050778573677203185,8.742258938740879e-19,-0.0008598075151301966,0.9999999717350271,9.659391622369377e-20,0.00023776026841312503,-1.622957298896576e-20
5.426,-1.4932562159418354,1.4045807027336773e-18,1.0008722358466218,-0.005067541426250197,8.700517145230165e-19,-0.0008581592691836605,0.9999999720975336,1.1819690182690093e-19,0.000236230675968463,-1.584320699050627e-20
5.428,-1.493266340760701,1.4063155679976608e-18,1.000870521173338,-0.005057287378009203,8.646011232860619e-19,-0.0008565140098907328,0.9999999724553459,1.397105550845984e-19,0.0002347111154016574,-1.5115085622037945e-20
5.43,-1.4932764451330234,1.4080391214966763e-18,1.0008688097875906,-0.0050470948175745335,8.589558543872551e-19,-0.0008548717327438622,0.9999999728085175,1.391782442392195e-19,0.00023320155333599672,-1.7124818307697802e-20
5.432,-1.4932865291813737,1.409751406426779e-18,1.00086710168342,-0.005036963340916462,8.533325379697831e-19,-0.0008532324332360367,0.9999999731571014,1.3864828950604264e-19,0.0002317019562936555,-1.9815109422122042e-20
5.434,-1.4932965930275168,1.411452466590334e-18,1.0008653968548755,-0.005026892545401984,8.477310715294939e-19,-0.0008515961068608294,0.9999999735011503,1.3812091648702764e-19,0.00023021229069777478,-2.2156767653822254e-20
5.436,-1.4933066367924137,1.4131423455851448e-18,1.000863695296015,-0.005016882029798383,8.421513529556513e-19,-0.0008499627491124437,0.9999999738407161,1.375962740367567e-19,0.00022873252287452988,-2.346529655756174e-20
5.438,-1.4933166605962238,1.4148210868050489e-18,1.000861997000906,-0.005006931394276715,8.365932803895431e-19,-0.0008483323554857718,0.9999999741758506,1.3707435074155596e-19,0.00022726261905518566,-2.374355115152869e-20
5.44,-1.493326664558309,1.4164887334404382e-18,1.0008603019636249,-0.004997040240415208,8.310567522646726e-19,-0.0008467049214764393,0.9999999745066048,1.365549792290745e-19,0.00022580254537813853,-2.3678484171666133e-20
5.442,-1.493336648797235,1.4181453284789424e-18,1.0008586101782566,-0.00498720817120259,8.255416673821283e-19,-0.0008450804425808522,0.9999999748330296,1.3603807080279732e-19,0.00022435226789094647,-2.361316472037488e-20
5.444,-1.4933466134307756,1.4197909147062293e-18,1.0008569216388956,-0.004977434791041324,8.200479250336868e-19,-0.0008434589142962402,0.999999975155175,1.3552361239538718e-19,0.00022291175255234548,-2.354718728018782e-20
5.446,-1.4933565585759143,1.4214255347070925e-18,1.000855236339645,-0.004967719705750773,8.145754250013179e-19,-0.0008418403321207147,0.9999999754730907,1.3501159337412425e-19,0.0002214809652342542,-2.3480553412686696e-20
5.448,-1.4933664843488481,1.423049230866297e-18,1.0008535542746173,-0.004958062522570284,8.091240674747257e-19,-0.0008402246915533219,0.9999999757868261,1.3450215515164564e-19,0.00022005987172376567,-2.272916018969878e-20
5.45,-1.4933763908649893,1.424662045369358e-18,1.0008518754379336,-0.004948462850162193,8.036937530359467e-19,-0.0008386119880940733,0.99999997609643,1.339951341442523e-19,0.00021864843772512622,-2.1979547466911017e-20
5.452,-1.4933862782389695,1.4262640202034162e-18,1.0008501998237243,-0.0049389202986147495,7.982843826876762e-19,-0.0008370022172439978,0.9999999764019508,1.3349074555724956e-19,0.00021724662886170177,-2.0203726768577066e-20
5.454,-1.4933961465846417,1.427855197157863e-18,1.0008485274261285,-0.004929434479444967,7.9289585770615995e-19,-0.000835395374505197,0.9999999767034364,1.3298875503182092e-19,0.00021585441067793225,-1.84321148474729e-20
5.456,-1.4934059960150834,1.4294356178251229e-18,1.0008468582392946,-0.004920005005601396,7.875280798763811e-19,-0.0008337914553808909,0.9999999770009342,1.3248892639225321e-19,0.00021447174864127258,-1.7692685986541608e-20
5.458,-1.4934158266425994,1.4310053236018107e-18,1.00084519225738,-0.004910631491466817,7.821809515901421e-19,-0.0008321904553754586,0.9999999772944913,1.3199154382303523e-19,0.00021309860814412168,-1.6611941736560018e-20
5.46,-1.4934256385787248,1.4325643556897603e-18,1.0008435294745508,-0.004901313552860866,7.76854375680888e-19,-0.0008305923699944892,0.9999999775841542,1.3149659578884446e-19,0.00021173495450573903,-1.519109726052433e-20
5.462,-1.4934354319342276,1.4341127550969257e-18,1.0008418698849824,-0.004892050807042569,7.715482554098347e-19,-0.0008289971947448231,0.9999999778699691,1.3100370764520822e-19,0.0002103807529741485,-1.5144265822091285e-20
5.464,-1.4934452068191117,1.4356505626384125e-18,1.000840213482859,-0.004882842872712822,7.662624947338241e-19,-0.0008274049251345987,0.9999999781519815,1.3051293823802155e-19,0.00020903596872802978,-1.6125529083039314e-20
5.466,-1.4934549633426204,1.4371778189379284e-18,1.0008385602623735,-0.004873689370016778,7.609969982607852e-19,-0.000825815556673312,0.9999999784302369,1.3002449237677688e-19,0.0002077005668785976,-1.7104465820613958e-20
5.468,-1.4934647016132379,1.4386945644289018e-18,1.0008369102177284,-0.004864589920546171,7.557516710937163e-19,-0.0008242290848718422,0.99999997870478,1.2953828745268518e-19,0.0002063745124714684,-1.8423742971395028e-20
5.47,-1.4934744217386937,1.4402008393554714e-18,1.0008352633431348,-0.004855544147341564,7.505264188304959e-19,-0.000822645505242505,0.9999999789756551,1.2905445405952993e-19,0.0002050577704885147,-1.9397637081691785e-20
5.472,-1.4934841238259644,1.4416966837733637e-18,1.0008336196328127,-0.00484655167489452,7.453211474314229e-19,-0.0008210648132991052,0.9999999792429061,1.285729830365855e-19,0.00020375030584970723,-2.0026560722396924e-20
5.474,-1.4934938079812774,1.4431821375505902e-18,1.0008319790809914,-0.004837612129149707,7.401357632738053e-19,-0.0008194870045569671,0.9999999795065766,1.2809372204092328e-19,0.00020245208341494457,-2.0996248326223424e-20
5.476,-1.4935034743101132,1.4446572403684307e-18,1.0008303416819089,-0.0048287251375069284,7.349701732219382e-19,-0.0008179120745329943,0.9999999797667097,1.276167301902889e-19,0.0002011630679858706,-2.1963636855445517e-20
5.478,-1.4935131229172087,1.4461220317223334e-18,1.0008287074298123,-0.004819890328823077,7.298242845823213e-19,-0.0008163400187457001,0.999999980023348,1.2714199675815022e-19,0.00019988322430767994,-2.29287317618209e-20
5.48,-1.4935227539065599,1.4475765509227967e-18,1.0008270763189575,-0.004811107333414027,7.2469800510712575e-19,-0.0008147708327152629,0.9999999802765337,1.2666937364866275e-19,0.00019861251707091083,-2.4576861325133956e-20
5.482,-1.493532367381425,1.4490208370963767e-18,1.0008254483436096,-0.004802375783056449,7.195912431154419e-19,-0.0008132045119635677,0.9999999805263087,1.2619898530807542e-19,0.00019735091091322584,-2.6221489778204965e-20
5.484,-1.4935419634443268,1.450454929186704e-18,1.0008238234980424,-0.004793695310989557,7.145039073083561e-19,-0.0008116410520142343,0.9999999807727142,1.257310265680507e-19,0.00019609837042118078,-2.6835047277834934e-20
5.486,-1.4935515421970564,1.4518788659550908e-18,1.000822201776539,-0.004785065551916785,7.094359066890808e-19,-0.0008100804483926843,0.9999999810157915,1.2526521729240189e-19,0.000194854860131981,-2.779021741197448e-20
5.488,-1.493561103740676,1.4532926859813199e-18,1.0008205831733907,-0.004776486142007396,7.043871507609533e-19,-0.0008085226966261674,0.9999999812555808,1.248014116570243e-19,0.0001936203445352257,-2.977070104115367e-20
5.49,-1.493570648175521,1.4546964276647615e-18,1.0008189676828987,-0.004767956718898024,6.993575496015081e-19,-0.0008069677922438059,0.9999999814921224,1.243397987011291e-19,0.00019239478807464065,-3.1746489649310785e-20
5.492,-1.4935801756012044,1.4560901292254007e-18,1.0008173552993727,-0.004759476921694141,6.943470137066462e-19,-0.0008054157307766585,0.9999999817254562,1.2388050103925092e-19,0.00019117815514979825,-3.303308376032052e-20
5.494,-1.4935896861166178,1.457473828704548e-18,1.0008157460171312,-0.0047510463909714645,6.893554539217193e-19,-0.0008038665077577135,0.9999999819556215,1.2342318024907422e-19,0.0001899704101178259,-3.5344611893547124e-20
5.496,-1.4935991798199362,1.458847563965737e-18,1.0008141398305017,-0.004742664768777296,6.843827816596467e-19,-0.0008023201187219902,0.999999982182657,1.2296782449030614e-19,0.0001887715172951022,-3.867864457762914e-20
5.498,-1.49360865680862,1.4602113726959123e-18,1.0008125367338208,-0.004734331698631787,6.794289089172804e-19,-0.0008007765592065431,0.9999999824066014,1.2251461772312928e-19,0.0001875814409589413,-4.2004773836548113e-20
5.5,-1.4936181171794178,1.4615652924065157e-18,1.000810936721434,-0.004726046825529145,6.744937481697629e-19,-0.0007992358247505036,0.9999999826274928,1.2206342090307416e-19,0.00018640014534926542,-4.600834124923452e-20
5.502,-1.4936275610283702,1.462909468010247e-18,1.0008093397876954,-0.0047178097959387775,6.695772122883144e-19,-0.0007976979108951399,0.999999982845369,1.1613260278483823e-19,0.00018522759467026512,-4.554720388128329e-20
5.5040000000000004,-1.4936369884508118,1.4642439723580217e-18,1.0008077459269684,-0.004709620257806356,6.647864496674199e-19,-0.0007961628131838829,0.9999999830602673,1.3216068341585533e-19,0.00018406375309204818,-4.269259364841195e-20
5.506,-1.493646399541375,1.4655680880260151e-18,1.0008061551336254,-0.004701477860554835,6.59260746604907e-19,-0.000794630527162369,0.9999999832722246,1.261822648943785e-19,0.00018290858475227627,-4.086868981090578e-20
5.508,-1.4936557943939917,1.4668819630031165e-18,1.0008045674020472,-0.004693382255085386,6.5472495137390525e-19,-0.000793101048378494,0.9999999834812777,1.0925371821274837e-19,0.00018176205375779016,-4.076041025748465e-20
5.51,-1.493665173101898,1.4681869633025196e-18,1.0008029827266236,-0.0046853330937782905,6.504213176001644e-19,-0.000791574372382427,0.9999999836874627,9.241823157442196e-20,0.0001806241241862225,-4.168038064406714e-20
5.5120000000000005,-1.4936745357576358,1.4694842685933246e-18,1.0008014011017539,-0.004677330030493747,6.467783255985441e-19,-0.0007900504947266674,0.9999999838908153,1.0857167061829843e-19,0.00017949476008759983,-3.9177912993363335e-20
5.514,-1.493683882453056,1.4707729006712445e-18,1.0007998225218455,-0.004669372720572633,6.4185618127173e-19,-0.0007885294109660864,0.9999999840913711,1.0820060445326609e-19,0.00017837392548593217,-3.770640159158963e-20
5.516,-1.4936932132793221,1.472052997461028e-18,1.0007982469813153,-0.0046614608208371934,6.383506016812594e-19,-0.0007870111166579623,0.9999999842891651,8.041801752333124e-20,0.00017726158438079076,-3.828945652451768e-20
5.518,-1.4937025283269127,1.4733260949538202e-18,1.0007966744745886,-0.004653593989591675,6.34640956352989e-19,-0.0007854956073620128,0.999999984484232,9.113246719156039e-20,0.00017615770074887486,-3.750729557441928e-20
5.5200000000000005,-1.493711827685624,1.4745916057980502e-18,1.0007951049961001,-0.004645771886622893,6.307284267672185e-19,-0.0007839828786404361,0.9999999846766061,1.0727852650234286e-19,0.00017506223854556673,-3.7756745932683925e-20
5.522,-1.4937211114445739,1.4758484436650116e-18,1.0007935385402928,-0.0046379941732007405,6.2607597044194045e-19,-0.0007824729260579547,0.9999999848663214,1.1239586924686608e-19,0.00017397516170647448,-3.800449260279633e-20
5.524,-1.4937303796922037,1.4770962083747763e-18,1.0007919751016192,-0.004630260512078637,6.216554282758121e-19,-0.0007809657451818535,0.9999999850534113,1.1200619032885422e-19,0.00017289643414896392,-3.927827357833743e-20
5.526,-1.4937396325162822,1.4783348604253499e-18,1.00079041467454,-0.004622570567493917,6.170350163011698e-19,-0.00077946133158201,0.9999999852379092,1.1161841408058821e-19,0.00017182601977367898,-4.020677943042308e-20
5.5280000000000005,-1.4937488700039079,1.4795647190049614e-18,1.0007888572535253,-0.004614924005168156,6.129696059567489e-19,-0.000777959680830941,0.9999999854198479,8.928950320793971e-20,0.00017076388246605007,-3.9072126576941025e-20
5.53,-1.4937580922415123,1.4807873224468427e-18,1.0007873028330536,-0.004607320492307445,6.097791861741166e-19,-0.0007764607885038295,0.9999999855992601,6.706645059398978e-20,0.00016970998609779157,-3.793976568121229e-20
5.532,-1.493767299314863,1.4820043088335477e-18,1.0007857514076126,-0.004599759697602596,6.072442860479971e-19,-0.00077496465017857,0.9999999857761775,6.139615329413915e-20,0.00016866429452838742,-3.8868857339246666e-20
5.534,-1.4937764913090659,1.4832161607938893e-18,1.0007842029716987,-0.004592241291229298,6.047163861152788e-19,-0.000773471261435794,0.9999999859506323,5.0257096136213604e-20,0.00016762677160656595,-4.01370770199925e-20
5.5360000000000005,-1.4937856683085693,1.4844236456650542e-18,1.000782657519817,-0.004584764944848213,6.027333323244158e-19,-0.0007719806178589241,0.999999986122656,6.659715915879609e-20,0.00016659738117176244,-3.90086681675674e-20
5.538,-1.493794830397166,1.4856258772082785e-18,1.000781115046482,-0.004577330331605013,5.993559042080381e-19,-0.0007704927150341927,0.9999999862922794,7.739017335871019e-20,0.00016557608705557143,-3.7882016014111864e-20
5.54,-1.4938039776579968,1.486821579116295e-18,1.0007795755462163,-0.004569937126130358,5.962041167523759e-19,-0.0007690075485506818,0.9999999864595334,9.908407983426534e-20,0.0001645628530831868,-3.7445166034258024e-20
5.542,-1.493813110173553,1.4880094087195387e-18,1.0007780390135517,-0.004562585004539828,5.914482435919523e-19,-0.0007675251140003697,0.9999999866244483,1.20700850136619e-19,0.00016355764307483123,-3.872265392197281e-20
5.5440000000000005,-1.4938222280256797,1.4891875995235676e-18,1.0007765054430287,-0.004555273644433784,5.867095068917498e-19,-0.0007660454069781573,0.9999999867870544,1.2575484363270466e-19,0.00016256042084717435,-3.725352708727919e-20
5.546,-1.4938313312955787,1.4903555768948374e-18,1.0007749748291965,-0.004548002724897191,5.81127391943572e-19,-0.0007645684230818912,0.9999999869473813,1.417501607135947e-19,0.00016157115021473914,-3.510433963441565e-20
5.548,-1.4938404200638116,1.4915123029370793e-18,1.0007734471666134,-0.004540771926499366,5.756737398641279e-19,-0.000763094157912415,0.9999999871054586,1.302692886867298e-19,0.0001605897949912981,-3.569669786589199e-20
5.55,-1.4938494944103025,1.4926585725911236e-18,1.0007719224498464,-0.004533580931293691,5.706706477766622e-19,-0.0007616226070736054,0.999999987261315,1.1884273283717576e-19,0.00015961631899125774,-3.6972978481400156e-20
5.5520000000000005,-1.493858554414341,1.493795284754409e-18,1.000770400673471,-0.004526429422817261,5.661158948492434e-19,-0.0007601537661723885,0.9999999874149796,1.0747017914424359e-19,0.000158650686031032,-3.927381565552021e-20
5.554,-1.4938676001545854,1.4949233338933852e-18,1.0007688818320721,-0.004519317086090477,5.62007270914213e-19,-0.0007586876308187834,0.9999999875664807,9.615137087031686e-20,0.00015769285993040485,-4.259718694526216e-20
5.556,-1.4938766317090653,1.4960433949138883e-18,1.0007673659202427,-0.004512243607616594,5.579122745430576e-19,-0.0007572241966259483,0.9999999877158463,1.1778192777183024e-19,0.00015674280451388162,-4.4547226007607527e-20
5.558,-1.493885649155185,1.4971540955052468e-18,1.000765852932585,-0.00450520867538121,5.528626634323672e-19,-0.0007557634592101904,0.9999999878631044,1.1189723880483983e-19,0.00015580048361202954,-4.511769160279387e-20
5.5600000000000005,-1.4938946525697265,1.4982559342752335e-18,1.0007643428637096,-0.004498211978851703,5.490143272364867e-19,-0.0007543054141910042,0.9999999880082823,1.0057085869838316e-19,0.00015486586106280744,-4.568676661481141e-20
5.562,-1.4939036420288516,1.499349694295311e-18,1.0007628357082363,-0.00449125320897662,5.448552792890003e-19,-0.0007528500571911246,0.9999999881514071,9.478070304836919e-20,0.0001539389007128845,-4.659719457175611e-20
5.564,-1.493912617608106,1.5004359752923565e-18,1.0007613314607935,-0.0044843320581850095,5.413559173080741e-19,-0.0007513973838365295,0.9999999882925059,9.448774074695954e-20,0.00015301956641894775,-4.6478323787509704e-20
5.566,-1.4939215793824212,1.5015145150996591e-18,1.000759830116018,-0.00447744822038571,5.372217408639665e-19,-0.0007499473897564925,0.999999988431605,9.418333001515025e-20,0.00015210782204899925,-4.5330935873025766e-20
5.5680000000000005,-1.4939305274261188,1.5025855183604714e-18,1.000758331668556,-0.004470601390966578,5.337476443694033e-19,-0.0007485000705836046,0.9999999885687306,9.936336728100301e-20,0.00015120363148364238,-4.144580985204135e-20
5.57,-1.4939394618129118,1.5036484366567179e-18,1.0007568361130617,-0.0044637912667936765,5.289933329972561e-19,-0.0007470554219538107,0.9999999887039088,1.264748672172248e-19,0.00015030695861735721,-3.9627554576595856e-20
5.572,-1.4939483826159092,1.5047014315262217e-18,1.0007553434441985,-0.004457017546210406,5.240402089743739e-19,-0.0007456134395064306,0.9999999888371651,1.2056203464806845e-19,0.00014941776735976522,-3.986543525628183e-20
5.574,-1.4939572899076174,1.5057447528066004e-18,1.0007538536566383,-0.004450279929036589,5.1931956053517685e-19,-0.000744174118884203,0.9999999889685249,1.1467733530802324e-19,0.0001485360216368834,-3.941743067411852e-20
5.5760000000000005,-1.4939661837599445,1.5067788643041546e-18,1.000752366745062,-0.004443578116567508,5.148302436720489e-19,-0.0007427374557332988,0.9999999890980131,1.0882053493187068e-19,0.0001476616853923675,-3.8970083373497564e-20
5.578,-1.4939750642442022,1.5078042275425755e-18,1.000750882704159,-0.004436911811572893,5.10571119771944e-19,-0.0007413034457033814,0.9999999892256545,1.0299160285463218e-19,0.000146794722588745,-3.783928731220166e-20
5.58,-1.4939839314311099,1.5088213017736506e-18,1.0007494015286271,-0.004430280718295858,5.065410555479891e-19,-0.0007398720844476052,0.9999999893514735,9.719035752744633e-20,0.00014593509720863722,-3.63689178345363e-20
5.582,-1.493992785390796,1.509830543987947e-18,1.0007479232131735,-0.004423684542451793,5.027389230704785e-19,-0.0007384433676226584,0.9999999894754942,9.141656729850793e-20,0.00014508277325597132,-3.524429047911444e-20
5.5840000000000005,-1.4940016261928026,1.5108324089255355e-18,1.0007464477525134,-0.004417122991227215,4.991635997688439e-19,-0.0007370172908887979,0.9999999895977406,8.567030129934526e-20,0.00014423771475718104,-3.3093940025064526e-20
5.586,-1.4940104539060874,1.5118273490865965e-18,1.000744975141371,-0.004410595773278556,4.958139683004933e-19,-0.0007355938499098524,0.9999999897182362,7.995138108316421e-20,0.00014339988576239776,-3.026295925079708e-20
5.588,-1.4940192685990268,1.5128158147418443e-18,1.0007435053744793,-0.004404102598730925,4.926889165495309e-19,-0.000734173040353293,0.9999999898370043,7.425962775672804e-20,0.0001425692503466308,-2.709562293675443e-20
5.59,-1.4940280703394189,1.5137980387925035e-18,1.0007420384465795,-0.004397643179176807,4.893570366700011e-19,-0.0007327548578902192,0.9999999899540679,1.0148996874368739e-19,0.00014174577261093712,-2.6681371081816453e-20
5.5920000000000005,-1.4940368591944864,1.514772388315225e-18,1.0007405743524218,-0.004391217227674726,4.84851006382393e-19,-0.0007313392981954181,0.9999999900694497,1.011908601595066e-19,0.00014092941668358133,-2.934897271012282e-20
5.594,-1.4940456352308797,1.5157384573416831e-18,1.000739113086765,-0.00438482445874786,4.813276250459396e-19,-0.0007299263569473749,0.9999999901831723,8.443280750182531e-20,0.0001401201467211844,-2.9266639517925897e-20
5.596,-1.49405439851468,1.5166975980013753e-18,1.000737654644377,-0.004378464588382614,4.779221199920536e-19,-0.0007285160298283053,0.9999999902952578,7.32367372143482e-20,0.0001393179269098631,-2.952712402859388e-20
5.598,-1.4940631491114014,1.517650941500357e-18,1.0007361990200332,-0.004372137334027143,4.754941737865954e-19,-0.0007271083125241813,0.999999990405728,5.1141476919772466e-20,0.0001385227214663588,-3.047119754871256e-20
5.6000000000000005,-1.4940718870859946,1.518599756817957e-18,1.0007347462085185,-0.004365842414589836,4.732857633187218e-19,-0.0007257032007247748,0.9999999905146046,5.655112048440708e-20,0.00013773449463915595,-2.970352865037818e-20
5.602,-1.4940806125028496,1.5195439438094516e-18,1.0007332962046263,-0.00435957955043776,4.708660154157967e-19,-0.0007243006901236514,0.9999999906219091,6.193502441898398e-20,0.00013695321070959036,-2.9623000206768914e-20
5.604,-1.4940893254257988,1.5204830808470558e-18,1.0007318490031583,-0.004353348463395049,4.682359763554799e-19,-0.0007229007764182256,0.9999999907276627,6.729345210009884e-20,0.00013617883399294768,-2.9199999160413194e-20
5.606,-1.4940980259181191,1.5214167483905203e-18,1.0007304045989251,-0.004347148876741262,4.65396687405101e-19,-0.0007215034553097718,0.9999999908318861,7.262661852706702e-20,0.00013541132883955167,-2.775001444230653e-20
5.6080000000000005,-1.494106714042536,1.5223445289770834e-18,1.000728962986746,-0.0043409805152096964,4.623491847630787e-19,-0.0007201087225034507,0.9999999909346,7.793473781280573e-20,0.00013465065963584228,-2.459056364555626e-20
5.61,-1.4941153898612256,1.5232662223615116e-18,1.0007275241614484,-0.004334843104985654,4.595248000474675e-19,-0.0007187165737083449,0.9999999910358248,5.580455339633329e-20,0.00013389679080544364,-2.3148215788642208e-20
5.612,-1.494124053435818,1.5241833147634735e-18,1.0007260881178688,-0.004328736373704673,4.575682242312898e-19,-0.0007173270046374713,0.9999999911355806,6.119196736223551e-20,0.0001331496868102227,-2.3426271199018964e-20
5.614,-1.4941327048273998,1.5250956003105618e-18,1.000724654850852,-0.004322660050450711,4.5464639547362905e-19,-0.0007159400110078174,0.9999999912338872,6.655402454022127e-20,0.0001324093121513373,-2.2333425931428045e-20
5.6160000000000005,-1.4941413440965174,1.5260024440847463e-18,1.000723224355251,-0.0043166138657543,4.520549858582137e-19,-0.0007145555885403597,0.9999999913307642,7.736011364439862e-20,0.00013167563137027433,-2.2271065363176967e-20
5.618,-1.4941499713031798,1.5269029991596278e-18,1.0007217966259283,-0.004310597551590645,4.482863145231614e-19,-0.0007131737329600831,0.9999999914262311,9.359751187591796e-20,0.0001309486090498787,-2.255304444066715e-20
5.62,-1.4941585865068612,1.5277961360166248e-18,1.0007203716577542,-0.0043046108413776945,4.448524215735579e-19,-0.0007117944399960212,0.9999999915203069,8.782778096006544e-20,0.00013022820981537192,-2.146083218056801e-20
5.622,-1.4941671897665039,1.5286821649157652e-18,1.0007189494456077,-0.00429865346997417,4.412141210928931e-19,-0.0007104177053812689,0.9999999916130106,8.207236517236343e-20,0.0001295143983353609,-2.0713869952851304e-20
5.6240000000000006,-1.4941757811405219,1.529561574768316e-18,1.0007175299843762,-0.004292725173677553,4.382331964986658e-19,-0.0007090435248529966,0.9999999917043606,7.086174090892014e-20,0.00012880713932283735,-1.9282646747933202e-20
5.626,-1.4941843606868026,1.530435174893638e-18,1.0007161132689562,-0.0042868256902220325,4.354757629066196e-19,-0.0007076718941524961,0.9999999917943757,5.422168447048918e-20,0.00012810639753616732,-1.785411295657991e-20
5.628,-1.494192928462711,1.5313040572155763e-18,1.0007146992942517,-0.004280954758776421,4.334791038014295e-19,-0.0007063028090251943,0.9999999918830738,6.506016914753773e-20,0.0001274121377800711,-1.8488448762994224e-20
5.63,-1.494201484525091,1.5321679465231031e-18,1.0007132880551763,-0.004275112119942027,4.3030379289302745e-19,-0.0007049362652206561,0.9999999919704728,7.584740216167778e-20,0.00012672432490659334,-1.8092480864603485e-20
5.632,-1.49421002893027,1.5330256386362173e-18,1.0007118795466514,-0.004269297515750491,4.2735396050826526e-19,-0.0007035722584926418,0.9999999920565908,8.658367104942117e-20,0.00012604292381606391,-1.63268022556035e-20
5.634,-1.4942185617340604,1.5338763280210013e-18,1.0007104737636072,-0.004263510689661585,4.233372557320817e-19,-0.000702210784599097,0.9999999921414451,9.726917553929747e-20,0.0001253678994580488,-1.3537321065510169e-20
5.636,-1.4942270829917632,1.5347194643142187e-18,1.0007090707009823,-0.004257751386560975,4.1987291686278983e-19,-0.0007008518393022023,0.9999999922250529,8.597343749242543e-20,0.00012469921683229217,-1.2808479765691755e-20
5.638,-1.4942355927581703,1.5355556479323325e-18,1.0007076703537234,-0.004252019352757949,4.1642000367768275e-19,-0.0006994954183683775,0.9999999923074312,7.474424544451332e-20,0.0001240368409896484,-1.2081370643138324e-20
5.64,-1.4942440910875678,1.5363859408824249e-18,1.0007062727167864,-0.004246314335983107,4.140535322529247e-19,-0.0006981415175683007,0.9999999923885969,4.7133708471107965e-20,0.00012338073703300462,-9.983303775279372e-21
5.642,-1.4942525780337388,1.537212188296246e-18,1.000704877785135,-0.004240636085386013,4.122302630216917e-19,-0.0006967901326769473,0.9999999924685669,4.1571149524119387e-20,0.0001227308701181944,-9.94848456567191e-21
5.644,-1.4942610536499659,1.5380350074797964e-18,1.0007034855537418,-0.004234984351532821,4.1062512950198963e-19,-0.0006954412594735994,0.9999999925473572,3.603491925693245e-20,0.0001220872054549016,-1.025641073970944e-20
5.646,-1.4942695179890344,1.5388548336276283e-18,1.0007020960175876,-0.004229358886403852,4.092370556493078e-19,-0.0006940948937418547,0.9999999926249843,3.0524892267641335e-20,0.00012144970830755532,-1.0906675991493376e-20
5.648,-1.4942779711032348,1.5396720997873525e-18,1.0007007091716615,-0.004223759443391152,4.080649705585497e-19,-0.0006927510312696712,0.999999992701464,2.5040985693186287e-20,0.00012081834399621526,-1.1555401318789086e-20
5.65,-1.494286413044366,1.5404872368698694e-18,1.0006993250109615,-0.004218185777296001,4.071078084087033e-19,-0.0006914096678493651,0.9999999927768121,1.958311776205149e-20,0.00012019307789744798,-1.1859928957136857e-20
5.652,-1.4942948438637378,1.541300673659474e-18,1.0006979435304935,-0.004212637644326406,4.063645084258815e-19,-0.0006900707992776588,0.9999999928510441,1.415108217802164e-20,0.00011957387544519419,-1.2505991524951476e-20
5.654,-1.4943032636121738,1.5421128368239774e-18,1.000696564725272,-0.004207114802094538,4.0583401488826744e-19,-0.0006887344213556632,0.9999999929241756,8.744797525736356e-21,0.00011896070213162633,-1.3150524160150762e-20
5.656,-1.4943116723400143,1.5429241509247643e-18,1.0006951885903197,-0.004201617009614159,4.055152770881343e-19,-0.0006874005298889191,0.9999999929962218,3.3641009763867137e-21,0.00011835352350799776,-1.4136191923852196e-20
5.658,-1.4943200700971189,1.5437350384268289e-18,1.0006938151206681,-0.004196144027297999,4.0540724935797575e-19,-0.0006860691206874223,0.9999999930671973,-1.9912109986638386e-21,0.0001177523051854824,-1.614750905877368e-20
5.66,-1.4943284569328696,1.5445459197088858e-18,1.000692444311357,-0.00419069561695511,4.0550889106983517e-19,-0.0006847401895656314,0.9999999931371172,-7.321218900062908e-21,0.00011715701283600543,-1.8839789097665746e-20
5.662,-1.4943368328961735,1.5453572130734013e-18,1.0006910761574341,-0.004185271541788187,4.0581916660027404e-19,-0.0006834137323424867,0.9999999932059959,-1.262600284034424e-20,0.00011656761219306535,-2.1868350373208603e-20
5.664,-1.494345198035465,1.5461693347565433e-18,1.000689710653956,-0.004179871566390854,4.06337045262861e-19,-0.0006820897448414264,0.9999999932738478,-1.7905642294185028e-20,0.00011598406905254651,-2.488973435841358e-20
5.666,-1.4943535523987095,1.5469825913632338e-18,1.0006883477959874,-0.004174495456744922,4.0673877694041244e-19,-0.0006807682228904205,0.9999999933406872,4.252856406889387e-21,0.00011540634927352303,-2.61930181766599e-20
5.668,-1.4943618960334057,1.5477956030280785e-18,1.0006869875786013,-0.0041691429802176135,4.062720817615427e-19,-0.0006794491623219636,0.9999999934065281,-1.106289843751025e-21,0.00011483441877905414,-2.4748751624277706e-20
5.67,-1.4943702289865886,1.548608431123549e-18,1.0006856299968792,-0.004163813905558761,4.0655521135660374e-19,-0.0006781325589731198,0.9999999934713842,4.499304417446579e-21,0.00011426824355697027,-2.1938520475785753e-20
5.672,-1.4943785513048313,1.5494209227952058e-18,1.0006842750459106,-0.004158508002897971,4.0597168994948947e-19,-0.0006768184086855145,0.9999999935352692,-8.868371713026114e-22,0.00011370778966065052,-1.9133289990933512e-20
5.674,-1.4943868630342496,1.5502334288015116e-18,1.0006829227207938,-0.0041532250437417585,4.0656937895652074e-19,-0.0006755067073053747,0.9999999935981967,-1.1730141020316804e-20,0.00011315302320979131,-1.7362477377523756e-20
5.676,-1.494395164220503,1.5510465131546337e-18,1.000681573016635,-0.004147964800970656,4.066214169929881e-19,-0.0006741974506835194,0.9999999936601797,-1.7039493162555478e-20,0.00011260391039116648,-1.5939959235827775e-20
5.678,-1.4944034549087981,1.5518609510246093e-18,1.0006802259285488,-0.004142727048836288,4.078508446912319e-19,-0.0006728906346754042,0.9999999937212314,-3.32628475834718e-20,0.00011206041745937869,-1.4519988803327536e-20
5.68,-1.4944117351438917,1.5526777285038033e-18,1.000678881451658,-0.004137511562958422,4.0896060814926244e-19,-0.0006715862551411206,0.9999999937813647,-4.9422246504585885e-20,0.00011152251073760207,-1.2760725797669033e-20
5.682,-1.494420004970093,1.553498185038653e-18,1.0006775395810943,-0.004132318120321988,4.1167283216883846e-19,-0.0006702843079454177,0.9999999938405926,-7.098757970253467e-20,0.00011099015661831621,-1.0661958406477119e-20
5.684,-1.494428264431267,1.55432394063219e-18,1.0006762003119967,-0.00412714649927407,4.1393635912788774e-19,-0.0006689847889577133,0.9999999938989274,-5.95684021520372e-20,0.00011046332156403202,-1.0628196150017776e-20
5.686,-1.494436513570836,1.5551540631386692e-18,1.0006748636395129,-0.00412199647952087,4.161835320689445e-19,-0.0006676876940521166,0.9999999939563815,-4.8203398811168953e-20,0.00010994197210800904,-1.0937172610149268e-20
5.688,-1.4944447524317834,1.555988018170404e-18,1.000673529558799,-0.0041168678421246475,4.1776915177768155e-19,-0.0006663930191074313,0.9999999940129671,-4.784436803949892e-20,0.00010942607485496343,-1.055929308669253e-20
5.69,-1.4944529810566562,1.5568255613801191e-18,1.000672198065019,-0.004111760369500626,4.197717211850003e-19,-0.0006651007600071979,0.9999999940686964,-4.74872650696368e-20,0.00010891559648176881,-1.2237059585264156e-20
5.692,-1.4944611994875676,1.5576665564341104e-18,1.0006708691533457,-0.0041066738454138794,4.2122100712207856e-19,-0.0006638109126396773,0.9999999941235813,-4.164878716047717e-20,0.00010841050373814766,-9.457660106019711e-21
5.694,-1.4944694077661995,1.5585106879526593e-18,1.0006695428189594,-0.0041016080549761864,4.2297999813549833e-19,-0.0006625234728978869,0.9999999941776335,-4.130757062195639e-20,0.00010791076344735507,-6.6842545454541036e-21
5.696,-1.4944776059338054,1.5593578208773984e-18,1.000668219057049,-0.004096562784642865,4.2397141646877447e-19,-0.0006612384366795946,0.9999999942308646,-1.3555389019024355e-20,0.000107416342506854,-7.004334043647572e-21
5.698,-1.494485794031213,1.5602058491027265e-18,1.0006668978628117,-0.004091537822209575,4.23876159245096e-19,-0.0006599557998873557,0.9999999942832861,1.4065115556026678e-20,0.00010692720788898186,-8.35163210053923e-21
5.7,-1.4944939720988273,1.5610528197991155e-18,1.0006655792314527,-0.004086532956809097,4.2312989310783224e-19,-0.000658675558428508,0.9999999943349092,1.4142019966826022e-20,0.00010644332664160954,-7.294168339598126e-21
5.702,-1.4945021401766323,1.5618986187646131e-18,1.0006642631581855,-0.0040815479789080905,4.2259694114982134e-19,-0.0006573977082152074,0.9999999943857448,1.4205602973837442e-20,0.00010596466588879182,-5.8965482739456685e-21
5.704,-1.494510298304195,1.5627430261273193e-18,1.0006629496382313,-0.0040765826803038216,4.2173837728554693e-19,-0.0006561222451644165,0.9999999944358041,1.425570732080626e-20,0.00010549119283140979,-6.215546762000254e-21
5.706,-1.4945184465206665,1.5635859306558368e-18,1.0006616386668203,-0.00407163685412087,4.2109419352938717e-19,-0.000654849165197941,0.9999999944850979,2.5257635269983432e-20,0.00010502287474780526,-7.56374090374786e-21
5.708,-1.494526584864786,1.5644266845621968e-18,1.0006603302391903,-0.004066710294807811,4.194805217606487e-19,-0.0006535784642424182,0.9999999945336369,4.7172533005006957e-20,0.00010455967899440675,-9.251331152517968e-21
5.71,-1.4945347133748828,1.5652637120745847e-18,1.0006590243505873,-0.00406180279813387,4.175477699327209e-19,-0.0006523101382293579,0.9999999945814314,4.705367284983687e-20,0.00010410157300634764,-6.478024007946771e-21
5.712,-1.494542832088879,1.5660968791384299e-18,1.0006577209962653,-0.004056914161185563,4.156200694871613e-19,-0.0006510441830951354,0.9999999946284919,4.6935451217071765e-20,0.00010364852429807668,-3.02596762030708e-21
5.714,-1.4945509410442923,1.566926195833124e-18,1.0006564201714867,-0.004052044182363303,4.13697397064992e-19,-0.0006497805947810029,0.9999999946748285,4.6817758335554934e-20,0.0001032005004639601,7.524484564443335e-23
5.716,-1.4945590402782385,1.567751672191453e-18,1.000655121871522,-0.0040471926613779895,4.1177972942668883e-19,-0.0006485193692331231,0.9999999947204514,4.670059156114497e-20,0.00010275746917887618,2.8264450187924604e-21
5.718,-1.494567129827434,1.5685733181998693e-18,1.0006538260916498,-0.004042359399247577,4.0986704348893673e-19,-0.0006472605024025561,0.9999999947653706,4.658391230485001e-20,0.00010231939819880148,4.885801131289559e-21
5.72,-1.4945752097281986,1.569391143798816e-18,1.0006525328271565,-0.004037544198293617,4.0795931630054117e-19,-0.0006460039902452834,0.9999999948095957,4.6467858955125843e-20,0.00010188625536138963,7.624786576324523e-21
5.722,-1.494583280016458,1.5702051588829034e-18,1.0006512420733369,-0.004032746862137781,4.060565249940626e-19,-0.0006447498287222217,0.9999999948531364,4.6352323868787904e-20,0.00010145800858654265,1.0014618337303793e-20
5.724,-1.4945913407277467,1.571015373301139e-18,1.0006499538254938,-0.004027967195698358,4.041586468414665e-19,-0.000643498013799234,0.9999999948960023,4.623719939856979e-20,0.00010103462587697345,1.102773364269678e-20
5.726,-1.49459939189721,1.5718217968572648e-18,1.000648668078938,-0.004023205005186738,4.0226565930718506e-19,-0.0006422485414471339,0.9999999949382028,4.61225519098657e-20,0.00010061607531876189,1.1352718670529971e-20
5.728,-1.4946074335596073,1.5726244393101123e-18,1.0006473848289883,-0.00401846009810387,4.003775399997386e-19,-0.0006410014076416932,0.9999999949797471,4.6008482970304275e-20,0.00010020232508190236,1.2019188820090437e-20
5.73,-1.4946154657493138,1.5734233103738166e-18,1.0006461040709718,-0.004013732283236697,3.984942666184795e-19,-0.0006397566083636754,0.9999999950206444,4.589498980972082e-20,9.979334342084414e-05,1.3026740761294135e-20
5.732,-1.4946234885003238,1.5742184197180071e-18,1.0006448258002232,-0.004009021370654574,3.9661581695267565e-19,-0.0006385141395988149,0.9999999950609036,4.5782001654244765e-20,9.938909867502385e-05,1.368924315152175e-20
5.734,-1.494631501846253,1.5750097769680043e-18,1.0006435500120858,-0.0040043271717056655,3.9474216892153467e-19,-0.0006372739973378547,0.9999999951005337,4.5669447037206686e-20,9.898955926939034e-05,1.3321784916400005e-20
5.736,-1.4946395058203412,1.5757973917051403e-18,1.0006422767019103,-0.003999649499013326,3.9287330061146554e-19,-0.0006360361775765449,0.9999999951395434,4.5557289510799237e-20,9.859469371492287e-05,1.1584552134557821e-20
5.738,-1.4946475004554545,1.5765812734670905e-18,1.0006410058650559,-0.003994988166472456,3.9100919028447323e-19,-0.0006348006763156502,0.9999999951779411,4.544559401664501e-20,9.820447060914072e-05,9.165708412049803e-21
5.74,-1.4946554857840881,1.5773614317482068e-18,1.0006397374968896,-0.003990342989245838,3.8914981635168397e-19,-0.000633567489560973,0.9999999952157356,4.533435793361522e-20,9.781885863660606e-05,6.066463300921644e-21
5.742,-1.494663461838369,1.5781378759998164e-18,1.0006384715927863,-0.003985713783760462,3.8729515737124604e-19,-0.0006323366133233404,0.999999995252935,4.522364574198514e-20,9.743782656941935e-05,2.9737524548090157e-21
5.744,-1.494671428650058,1.5789106156304582e-18,1.000637208148129,-0.0039811003677038236,3.854451919868436e-19,-0.0006311080436186399,0.999999995289548,4.5113522430246426e-20,9.706134326770717e-05,5.728832353681404e-22
5.746,-1.494679386250553,1.5796796600060282e-18,1.0006359471583084,-0.003976502560020209,3.835998989140393e-19,-0.0006298817764677977,0.9999999953255823,4.5003918835221407e-20,9.6689377680103e-05,-1.822294896369836e-21
5.748,-1.4946873346708904,1.5804450184499415e-18,1.0006346886187236,-0.003971920180906959,3.8175925696512186e-19,-0.0006286578078968261,0.999999995361046,4.4894799311511286e-20,9.632189884422088e-05,-4.554050739980666e-21
5.75,-1.494695273941749,1.581206700243355e-18,1.0006334325247814,-0.00396735305181072,3.7992324506643993e-19,-0.0006274361339368001,0.9999999953959471,4.478612831506511e-20,9.595887588712108e-05,-7.965060142963012e-21
5.752,-1.494703204093451,1.5819644994768575e-18,1.0006321788718964,-0.003962800995423669,3.7766154516911554e-19,-0.0006262167506238819,0.9999999954302935,7.757363081341702e-20,9.560027802576966e-05,-9.657833541145872e-21
5.7540000000000004,-1.4947111251559655,1.582716274968412e-18,1.0006309276554912,-0.003958263835679731,3.741156682973094e-19,-0.0006249996539993194,0.9999999954640927,8.279294528533423e-20,9.524607456748995e-05,-9.630658923330017e-21
5.756,-1.4947190371589107,1.5834614382707332e-18,1.0006296788709967,-0.003953741397750775,3.710138296796549e-19,-0.0006237848401094705,0.9999999954973524,8.79614266160866e-20,9.48962349104074e-05,-1.0631529051061727e-20
5.758,-1.4947269401315568,1.5841994774011724e-18,1.0006284325138513,-0.003949233508042792,3.669558836008251e-19,-0.0006225723050057936,0.9999999955300799,9.309237631736301e-20,9.45507285438873e-05,-1.197309158480203e-20
5.76,-1.4947348341028275,1.5849298834230361e-18,1.000627188579501,-0.0039447399941920595,3.634525963756639e-19,-0.0006213620447448734,0.9999999955622828,1.0368151803071975e-19,9.420952504896563e-05,-1.3996907760637528e-20
5.7620000000000005,-1.4947427191013032,1.5856521137018425e-18,1.0006259470634005,-0.003940260685061289,3.5878038389355026e-19,-0.0006201540553884044,0.9999999955939681,1.1423351813058914e-19,9.387259409877278e-05,-1.5330602391274902e-20
5.764,-1.4947505951552231,1.5863652700650085e-18,1.0006247079610118,-0.0039357954107357585,3.5423557565831346e-19,-0.0006189483330032299,0.9999999956251432,1.3021797883540677e-19,9.35399054589501e-05,-1.7688819637507142e-20
5.766,-1.494758462292488,1.5870679564616169e-18,1.0006234712678046,-0.003931344002519428,3.483108279956724e-19,-0.0006177448736613176,0.9999999956558149,1.5162217359444325e-19,9.321142898805978e-05,-2.072809218739203e-20
5.768,-1.4947663205406625,1.5877587104726437e-18,1.000622236979257,-0.003926906292931041,3.4241142796127897e-19,-0.0006165436734397952,0.9999999956859902,1.5647743351674008e-19,9.288713463798787e-05,-2.0675481573832446e-20
5.7700000000000005,-1.4947741699269772,1.5884370453160273e-18,1.0006210050908548,-0.003922482115700212,3.358918108968622e-19,-0.0006153447284209405,0.999999995715676,1.6130967659941483e-19,9.25669924543405e-05,-2.0622587951266133e-20
5.772,-1.4947820104783318,1.5891025125906736e-18,1.0006197755980912,-0.003918071305763495,3.2950823599537274e-19,-0.0006141480346921941,0.9999999957448791,1.7158862975267102e-19,9.225097257683318e-05,-2.0227256863392966e-20
5.774,-1.4947898422212966,1.5897542723714033e-18,1.0006185484964678,-0.003913673699260444,3.221846356925851e-19,-0.0006129535883461556,0.9999999957736061,1.9278401971503023e-19,9.19390452396736e-05,-1.9833871582514808e-20
5.776,-1.4947976651821158,1.5903910228183452e-18,1.0006173237814937,-0.003909289133529656,3.14571275505582e-19,-0.0006117613854806022,0.9999999958018635,1.9194828050127693e-19,9.163118077193722e-05,-2.2866417633105233e-20
5.7780000000000005,-1.4948054793867092,1.5910125808020614e-18,1.0006161014486856,-0.003904917447104798,3.069921465811947e-19,-0.0006105714221985021,0.9999999958296577,1.911165637207166e-19,9.132734959793681e-05,-2.520685823899536e-20
5.78,-1.494813284860675,1.5916190146231485e-18,1.0006148814935685,-0.0039005584797106264,2.9944708710758804e-19,-0.0006093836946079978,0.9999999958569952,1.902888823357075e-19,9.1027522237585e-05,-2.6513766408400277e-20
5.782,-1.494821081629292,1.592210392259308e-18,1.0006136639116747,-0.003896212072258987,2.919359360046405e-19,-0.000608198198822438,0.9999999958838822,1.8946509248865208e-19,9.073166930675032e-05,-2.816023770476454e-20
5.784,-1.4948288697175218,1.5927867813668426e-18,1.0006124486985446,-0.0038918780668448054,2.84458532951456e-19,-0.000607014930960362,0.9999999959103248,1.886453001634125e-19,9.043976151760648e-05,-2.877563377348062e-20
5.7860000000000005,-1.4948366491500118,1.5933482492821421e-18,1.000611235849726,-0.003887556306742063,2.770147183552202e-19,-0.0006058338871455179,0.9999999959363293,1.8782939401793334e-19,9.015176967897543e-05,-2.9388758458605965e-20
5.788,-1.4948444199510968,1.5938948630231536e-18,1.000610025360775,-0.003883246636399763,2.696043333698611e-19,-0.0006046550635068637,0.9999999959619014,1.870173554646612e-19,8.986766469666396e-05,-3.0000429383605604e-20
5.79,-1.4948521821448018,1.5944266892908871e-18,1.000608817227255,-0.0038789489014378806,2.6222721990336986e-19,-0.0006034784561785761,0.9999999959870473,1.8620919697003687e-19,8.958741757379367e-05,-3.0267988573388913e-20
5.792,-1.494859935754844,1.5949437944709066e-18,1.000607611444737,-0.003874662948643304,2.548832205964359e-19,-0.0006023040613000485,0.9999999960117727,1.8540490050302471e-19,8.931099941112445e-05,-3.0192251705138496e-20
5.7940000000000005,-1.4948676808046355,1.5954462446347851e-18,1.0006064080088004,-0.003870388625965762,2.4757217881883523e-19,-0.0006011318750159121,0.9999999960360832,1.846044784873211e-19,8.903838140737206e-05,-2.943177721378765e-20
5.796,-1.4948754173172856,1.5959341055415521e-18,1.0006052069150315,-0.003866125782513741,2.4029393865350575e-19,-0.0005999618934760142,0.9999999960599847,1.838079435165243e-19,8.876953485951874e-05,-2.764512064272179e-20
5.798,-1.4948831453156028,1.5964074426391052e-18,1.0006040081590248,-0.0038618742685503906,2.330483448896028e-19,-0.0005987941128354511,0.9999999960834827,1.8301521659923528e-19,8.850443116311815e-05,-2.551922504584682e-20
5.8,-1.4948908648220973,1.5968663210656438e-18,1.0006028117363825,-0.0038576339354894178,2.2583524303429076e-19,-0.0005976285292545605,0.9999999961065826,1.8222624967216267e-19,8.824304181259397e-05,-2.3397555976093617e-20
5.8020000000000005,-1.4948985758589832,1.5973108056511015e-18,1.0006016176427142,-0.0038534046358909705,2.1865447932417124e-19,-0.0005964651388989176,0.99999999612929,1.8144102470610256e-19,8.79853384015316e-05,-2.1280103419738954e-20
5.804,-1.494906278448181,1.5977409609186217e-18,1.000600425873637,-0.003849186223457511,2.1150590072979833e-19,-0.0005953039379393524,0.9999999961516101,1.8065952386467953e-19,8.773129262296468e-05,-1.9167669621270106e-20
5.806,-1.4949139726113196,1.5981568510860225e-18,1.0005992364247762,-0.0038449785530296782,2.0438935495492873e-19,-0.0005941449225519603,0.9999999961735481,1.798816691703215e-19,8.748087626965487e-05,-1.774556554108793e-20
5.808,-1.494921658369739,1.5985585400672705e-18,1.0005980492917645,-0.003840781480582142,1.9730469044654135e-19,-0.0005929880889180796,0.9999999961951093,1.7910747298184684e-19,8.723406123436556e-05,-1.6669493420654564e-20
5.8100000000000005,-1.4949293357444917,1.5989460914739643e-18,1.000596864470242,-0.0038365948632194447,1.9025175638189926e-19,-0.0005918334332243224,0.9999999962162986,1.7833700779623253e-19,8.699081951012987e-05,-1.4910648762535456e-20
5.812,-1.4949370047563464,1.5993195686167499e-18,1.000595681955857,-0.003832418559171835,1.8323040262798613e-19,-0.0005906809516625672,0.9999999962371213,1.7757034580450865e-19,8.675112319051237e-05,-1.1442665716945599e-20
5.814,-1.4949446654257887,1.5996790345066702e-18,1.0005945017442646,-0.003828252427791092,1.7624047971422002e-19,-0.0005895306404299598,0.9999999962575822,1.7680732089937245e-19,8.651494446986494e-05,-7.982090475250448e-21
5.816,-1.4949523177730242,1.6000245518565267e-18,1.0005933238311282,-0.0038240963295463415,1.6928183887326346e-19,-0.0005883824957289229,0.9999999962776861,1.760479156462236e-19,8.628225564357655e-05,-4.5297177171921335e-21
5.8180000000000005,-1.4949599618179805,1.6003561830822889e-18,1.0005921482121185,-0.0038199501260198603,1.6235433204348604e-19,-0.0005872365137671631,0.999999996297438,1.7529211288142078e-19,8.605302910831707e-05,-1.0851218870650807e-21
5.82,-1.4949675975803096,1.6006739903045117e-18,1.0005909748829138,-0.0038158136799028753,1.5545781186624865e-19,-0.0005860926907576564,0.9999999963168424,1.7453995458106778e-19,8.582723736227558e-05,3.0366321798087643e-21
5.822,-1.49497522507939,1.6009779277758246e-18,1.0005898038391998,-0.003811686854991352,1.4848455779460072e-19,-0.0005849510229186712,0.9999999963359043,1.7379092279685428e-19,8.560485300539256e-05,2.0091012369742322e-21
5.824,-1.4949828443343287,1.6012680927397731e-18,1.0005886350766702,-0.003807569516181776,1.4175682721225514e-19,-0.0005838115064737533,0.9999999963546281,1.6758884928239822e-19,8.53858487395864e-05,9.84067260437494e-22
5.8260000000000005,-1.494990455363964,1.6015448670370935e-18,1.0005874685910259,-0.0038034615294669258,1.3484260816106266e-19,-0.0005826741376517452,0.9999999963730185,1.9432484678331574e-19,8.51701973689741e-05,2.014620850707073e-21
5.828,-1.4949980581868667,1.6018066222289497e-18,1.0005863043779752,-0.0037993627619316386,1.2698947142278725e-19,-0.0005815389126867928,0.9999999963910797,1.8256877824498696e-19,8.495787180008632e-05,3.047137447417257e-22
5.83,-1.4950056528213433,1.6020539959507714e-18,1.0005851424332346,-0.003795273081748568,1.2056834747408395e-19,-0.0005804058278183167,0.9999999964088163,1.6538591662659242e-19,8.474884504207686e-05,-7.149473470313903e-22
5.832,-1.4950132392854376,1.6022885545273318e-18,1.0005839827525274,-0.003791192358173935,1.1417370838015027e-19,-0.0005792748792910571,0.9999999964262326,1.3733240228207385e-19,8.454309020692603e-05,-1.0459434209448317e-21
5.8340000000000005,-1.4950208175969328,1.6025122152437256e-18,1.0005828253315845,-0.0037871204615432716,1.0952627067741142e-19,-0.0005781460633550395,0.9999999964433328,1.203643422411478e-19,8.434058050963889e-05,2.0503404107034108e-21
5.836,-1.4950283877733541,1.6027261689640014e-18,1.0005816701661447,-0.003783057263267158,1.0435869730269639e-19,-0.0005770193762656001,0.9999999964601213,1.2539391659446056e-19,8.414128926843784e-05,3.42493842311089e-21
5.838,-1.4950359498319707,1.602930310465369e-18,1.000580517251954,-0.003779002635826951,9.985772446043293e-20,-0.0005758948142833791,0.9999999964766021,1.1393872970548955e-19,8.39451899049496e-05,2.7416959446663895e-21
5.84,-1.4950435037897976,1.6031254684152403e-18,1.0005793665847658,-0.0037749564527705115,9.537479062209164e-20,-0.0005747723736743224,0.9999999964927794,1.0802048935910923e-19,8.375225594438692e-05,2.744933648105545e-21
5.8420000000000005,-1.4950510496635978,1.6033121093552335e-18,1.000578218160341,-0.003770918588707919,9.123304228186534e-20,-0.0005736520507096822,0.9999999965086571,1.0759992132336467e-19,8.356246101572441e-05,3.090772244922755e-21
5.844,-1.495058587469885,1.6034901963908186e-18,1.0005770719744485,-0.0037668889193071854,8.67850152487323e-20,-0.0005725338416660276,0.9999999965242393,1.0718129040625563e-19,8.337577885186913e-05,2.7512806615329875e-21
5.846,-1.4950661172249249,1.6036596207476852e-18,1.0005759280228637,-0.00376286732128996,8.257043558875683e-20,-0.0005714177428252358,0.9999999965395299,1.1223428773270934e-19,8.319218328982605e-05,3.0966485863886687e-21
5.848,-1.4950736389447379,1.6038202027291392e-18,1.00057478630137,-0.0037588536724272297,7.805028527560134e-20,-0.0005703037504745014,0.9999999965545326,1.0631113224945408e-19,8.301164827085796e-05,3.0998549783989485e-21
5.8500000000000005,-1.4950811526451009,1.60397233706967e-18,1.0005736468057584,-0.0037548478515350165,7.408683809145746e-20,-0.0005691918609063284,0.9999999965692515,1.0040297532969172e-19,8.283414784063989e-05,2.075069682020021e-21
5.852,-1.4950886583415497,1.6041162739238312e-18,1.000572509531827,-0.0037508497384700656,6.970918406956386e-20,-0.0005680820704185481,0.9999999965836902,1.219359402064652e-19,8.26596561494086e-05,3.449071863993807e-21
5.854,-1.4950961560493805,1.604250612690834e-18,1.000571374475381,-0.003746859214125531,6.448941858714121e-20,-0.0005669743753143044,0.9999999965978524,1.4336682374301994e-19,8.248814745210695e-05,4.820633918671841e-21
5.856,-1.4951036457836526,1.6043738884632855e-18,1.0005702416322337,-0.0037428761604266572,5.886200144974344e-20,-0.0005658687719020531,0.9999999966117417,1.3180035806771711e-19,8.231959610852231e-05,3.1081161894612777e-21
5.8580000000000005,-1.4951111275591902,1.6044867950120787e-18,1.0005691109982051,-0.0037389004603264535,5.4119836304214566e-20,-0.000564765256495579,0.9999999966253617,1.2028869651043253e-19,8.215397658342068e-05,1.0565882950152612e-21
5.86,-1.4951186013905842,1.604590094364751e-18,1.000567982569123,-0.0037349319978013675,4.9075073908018673e-20,-0.0005636638254139923,0.999999996638716,1.3625779965408712e-19,8.199126344667533e-05,2.434282456604876e-21
5.862,-1.4951260672921944,1.6046827871124697e-18,1.0005668563408223,-0.003730970657846952,4.372887386556028e-20,-0.0005625644749817112,0.999999996651808,1.2473808725549779e-19,8.183143137339021e-05,1.4123320523860774e-21
5.864,-1.4951335252781521,1.6047657427300596e-18,1.0005657323091457,-0.003727016326473529,3.9373444492223105e-20,-0.0005614672015284798,0.9999999966646413,1.0779026269819342e-19,8.16744551440184e-05,-1.3192441252303794e-21
5.8660000000000005,-1.4951409753623612,1.604840113900498e-18,1.0005646104699426,-0.0037230688907018503,3.492883889349885e-20,-0.0005603720013893775,0.9999999966772192,1.1832292476277516e-19,8.152030964447565e-05,-1.306107169822385e-21
5.868,-1.4951484175585006,1.604905184080721e-18,1.0005634908190701,-0.003719128238558754,3.0072780859011954e-20,-0.0005592788709047935,0.999999996689545,1.2880562623080517e-19,8.136896986624904e-05,-1.6356604560659123e-21
5.87,-1.4951558518800265,1.6049601324045827e-18,1.0005623733523927,-0.003715194259072817,2.4807307567315814e-20,-0.0005581878064204431,0.9999999967016221,1.3923860388842893e-19,8.122041090649999e-05,-2.30709167134483e-21
5.872,-1.4951632783401743,1.6050041420706209e-18,1.0005612580657819,-0.0037112668422700067,1.9134446532895688e-20,-0.0005570988042873758,0.9999999967134536,1.4962209323407364e-19,8.10746079681635e-05,-3.319184311608213e-21
5.8740000000000006,-1.49517069695196,1.6050364003227733e-18,1.0005601449551167,-0.003707345879169329,1.3056215643618259e-20,-0.0005560118608619542,0.9999999967250429,1.5995635673476e-19,8.093153636004179e-05,-4.329281682256166e-21
5.876,-1.495178107728183,1.6050560984311617e-18,1.000559034016283,-0.0037034312617784696,6.5746232068946636e-21,-0.0005549269725058693,0.999999996736393,1.7024157209191213e-19,8.079117149689299e-05,-6.02230523922117e-21
5.878,-1.4951855106814274,1.6050624316729903e-18,1.0005579252451748,-0.0036995228830894403,-3.0833199658112627e-22,-0.0005538441355861332,0.9999999967475071,1.8047799944371302e-19,8.065348889951529e-05,-8.053974759820017e-21
5.88,-1.4951929058240645,1.6050545993135307e-18,1.0005568186376927,-0.003695620637074217,-7.590660668796707e-21,-0.000552763346475083,0.9999999967583881,1.9066581451272974e-19,8.05184641948265e-05,-1.1108404254783935e-20
5.882000000000001,-1.4952002931682544,1.6050318045872148e-18,1.0005557141897445,-0.0036917244186803764,-1.52703829474359e-20,-0.0005516846015503859,0.9999999967690393,2.0080533044051979e-19,8.038607311593849e-05,-1.415640346941051e-20
5.884,-1.495207672725948,1.6049934698259346e-18,1.0005546118972457,-0.0036878341238267337,-2.2915234076477113e-20,-0.0005506078971950184,0.9999999967794635,1.7800141709676936e-19,8.02562915022271e-05,-1.5481223932834536e-20
5.886,-1.4952150445088894,1.6049408848805604e-18,1.0005535117561186,-0.0036839496493989757,-2.977219409621121e-20,-0.0005495332297972976,0.9999999967896637,1.9367077742864065e-19,8.012909529939735e-05,-1.5778002774389728e-20
5.888,-1.495222408528617,1.6048730748872324e-18,1.000552413762293,-0.003680070893245294,-3.821159687226334e-20,-0.0005484605957508519,0.9999999967996428,2.1476129429326453e-19,8.000446055954437e-05,-1.7788634447785165e-20
5.89,-1.4952297647964659,1.6047885671715008e-18,1.0005513179117056,-0.0036761977541720134,-4.6289973303040456e-20,-0.0005473899914546273,0.9999999968094037,2.0285657544836708e-19,7.988236344120914e-05,-1.6709535544407835e-20
5.892,-1.4952371133235698,1.604688011487635e-18,1.0005502242003006,-0.0036723301319392253,-5.411650275331541e-20,-0.0005463214133129025,0.9999999968189491,1.9100837671851012e-19,7.976278020942982e-05,-1.4606230381043825e-20
5.894,-1.4952444541208632,1.6045725918451256e-18,1.0005491326240294,-0.0036684679272564135,-6.126195785878249e-20,-0.0005452548577352678,0.9999999968282819,1.8471192647874513e-19,7.964568723578904e-05,-1.2508350991187218e-20
5.896,-1.4952517871990825,1.6044426981061343e-18,1.0005480431788505,-0.003664611041778084,-6.859079447901303e-20,-0.000544190321136642,0.9999999968374048,1.8392796466291886e-19,7.953106099845617e-05,-9.730558948450776e-21
5.898,-1.4952591125687686,1.6042986817462078e-18,1.0005469558607294,-0.0036607593780993907,-7.524117177695567e-20,-0.000543127799937245,0.9999999968463205,1.5573464261553127e-19,7.941887808222538e-05,-9.013139429569531e-21
5.9,-1.4952664302402685,1.6041423630004071e-18,1.0005458706656387,-0.0036569128397517634,-8.110920152390741e-20,-0.0005420672905626355,0.9999999968550317,1.550877560665835e-19,7.930911517854912e-05,-1.0012909666915833e-20
5.902,-1.4952737402237373,1.6039737602188477e-18,1.0005447875895586,-0.0036530713311985316,-8.748928476231927e-20,-0.0005410087894436807,0.999999996863541,1.5991360441187672e-19,7.920174908556733e-05,-9.982759378007727e-21
5.904,-1.4952810425291396,1.6037926763904284e-18,1.000543706628476,-0.003649234757830554,-9.362604157698317e-20,-0.000539952293016553,0.999999996871851,1.6472959783757197e-19,7.909675670813237e-05,-9.610018914595055e-21
5.906,-1.4952883371662522,1.6035987719021978e-18,1.000542627778385,-0.0036454030259618414,-1.0027402242054108e-19,-0.0005388977977227507,0.9999999968799644,1.6405309138711703e-19,7.899411505782939e-05,-1.0265306269936688e-20
5.908,-1.4952956241446649,1.6033920665449026e-18,1.0005415510352873,-0.0036415760428251853,-1.0646270443636578e-19,-0.000537845300009071,0.9999999968878837,1.633667420578985e-19,7.889380125299266e-05,-1.1604361962211962e-20
5.91,-1.4953029034737833,1.6031726166608652e-18,1.0005404763951908,-0.0036377537165677826,-1.1294685480187558e-19,-0.0005367947963276302,0.9999999968956111,1.5720100891158442e-19,7.879579251871733e-05,-1.36247275806411e-20
5.912,-1.49531017516283,1.602940801025003e-18,1.0005394038541113,-0.003633935956246864,-1.1875684681117002e-19,-0.0005357462831358523,0.9999999969031494,1.5105159064578166e-19,7.870006618686738e-05,-1.4613131945176398e-20
5.914,-1.4953174392208468,1.6026973914137771e-18,1.0005383334080713,-0.0036301226718253206,-1.2454110583489961e-19,-0.0005346997568964725,0.9999999969105009,1.339791547817218e-19,7.860659969607924e-05,-1.5597926211588988e-20
5.916,-1.4953246956566961,1.6024432995025761e-18,1.0005372650531001,-0.0036263137741673335,-1.2965482297679929e-19,-0.0005336552140775316,0.999999996917668,1.4440075756933072e-19,7.851537059176099e-05,-1.418391391372967e-20
5.918,-1.4953319444790631,1.6021779254687136e-18,1.0005361987852348,-0.0036225091750340024,-1.3571541695145546e-19,-0.0005326126511523691,0.999999996924653,1.438208117662477e-19,7.842635652608772e-05,-1.243013589783643e-20
5.92,-1.4953391856964575,1.6019013527618828e-18,1.000535134600519,-0.0036187087870789766,-1.4078171334183895e-19,-0.0005315720645996264,0.9999999969314584,1.3774809116260712e-19,7.833953525799276e-05,-9.995573191916657e-21
5.922,-1.4953464193172148,1.6016140958358765e-18,1.0005340724950034,-0.003614912523844087,-1.4657911341617942e-19,-0.0005305334509032503,0.9999999969380863,1.4815193597484067e-19,7.825488465315496e-05,-7.225409241052162e-21
5.924,-1.4953536453494989,1.6013153050020017e-18,1.0005330124647458,-0.0036111202997549793,-1.5224358304449665e-19,-0.0005294968065524894,0.999999996944539,1.5302366236396953e-19,7.81723826839814e-05,-7.202671757911094e-21
5.926,-1.4953608638013032,1.6010045641733847e-18,1.0005319545058111,-0.0036073320301167485,-1.5852895710398818e-19,-0.0005284621280418768,0.9999999969508189,1.6335490261811354e-19,7.809200742958704e-05,-6.838160250288076e-21
5.928,-1.4953680746804525,1.600681136794084e-18,1.0005308986142711,-0.0036035476311095773,-1.6489395561183682e-19,-0.0005274294118712497,0.9999999969569281,1.7363721901753338e-19,7.801373707576968e-05,-5.7887815749953494e-21
5.93,-1.4953752779946052,1.600344290121575e-18,1.0005298447862045,-0.0035997670197843736,-1.7198378928817831e-19,-0.0005263986545457294,0.9999999969628689,1.783882337924313e-19,7.793754991498099e-05,-4.398798941828715e-21
5.932,-1.4953824737512542,1.5999935103766733e-18,1.0005287930176974,-0.003595990114058411,-1.7882688069984862e-19,-0.0005253698525757293,0.9999999969686433,1.8311680597117996e-19,7.786342434629436e-05,-1.9849378246621482e-21
5.934,-1.4953896619577296,1.5996285368188635e-18,1.0005277433048423,-0.0035922168327109723,-1.8596230892679203e-19,-0.0005243430024769515,0.9999999969742536,1.6589239042698785e-19,7.779133887536794e-05,-2.6578241526738505e-21
5.936,-1.4953968426211994,1.5992507233108877e-18,1.0005266956437389,-0.0035884470953789953,-1.916674499348389e-19,-0.0005233181007703816,0.9999999969797018,1.432800707276314e-19,7.772127211440476e-05,-2.98684368207155e-21
5.938,-1.495404015748672,1.5988616676621552e-18,1.000525650030494,-0.0035846808225527206,-1.974562402037438e-19,-0.000522295143982282,0.9999999969849899,1.4271841031510197e-19,7.765320278210839e-05,-1.6034855484568985e-21
5.94,-1.495411181346998,1.5984612736846566e-18,1.0005246064612212,-0.003580917935571341,-2.0300571111833128e-19,-0.0005212741286442001,0.99999999699012,1.5311152975101045e-19,7.758710970363494e-05,-9.095796540869347e-22
5.942,-1.4954183394228706,1.5980489433625146e-18,1.0005235649320412,-0.003577158356618657,-2.0949983588858756e-19,-0.00052025505129297,0.9999999969950941,1.7442057043863567e-19,7.752297181054186e-05,1.244942838875728e-22
5.944,-1.4954254899828292,1.5976231504698503e-18,1.0005225254390813,-0.0035734020087187313,-2.1628833212173693e-19,-0.0005192379084706871,0.9999999969999145,1.7369847232696578e-19,7.746076814073236e-05,3.899518942450309e-21
5.946,-1.4954326330332592,1.59718381024608e-18,1.000521487978476,-0.0035696488157315495,-2.2304718939895697e-19,-0.000518222696724708,0.9999999970045829,1.729797720490679e-19,7.740047783839674e-05,7.322528024908556e-21
5.948,-1.4954397685803953,1.5967309818289716e-18,1.0005204525463667,-0.0035658987023486823,-2.297765477575769e-19,-0.0005172094126076779,0.9999999970091012,1.7226450642388775e-19,7.734208015394925e-05,1.1079272670620785e-20
5.95,-1.495446896630322,1.596264724076883e-18,1.0005194191389013,-0.003562151594088952,-2.36476546571683e-19,-0.0005161980526775021,0.9999999970134715,1.715526593428244e-19,7.728555444396242e-05,1.5170180151122084e-20
5.952,-1.4954540171889759,1.5957850955700833e-18,1.000518387752235,-0.003558407417294102,-2.431473245562852e-19,-0.0005151886134973451,0.9999999970176956,1.7084416169137268e-19,7.723088017109733e-05,1.890913552079099e-20
5.954,-1.4954611302621468,1.595292154612072e-18,1.0005173583825298,-0.0035546660991244705,-2.497890197649658e-19,-0.0005141810916356326,0.9999999970217753,1.7013902388162697e-19,7.717803690402996e-05,2.2639228342326644e-20
5.956,-1.4954682358554796,1.5947859592308993e-18,1.0005163310259544,-0.003550927567554667,-2.564017695946901e-19,-0.0005131754836660512,0.9999999970257126,1.6943722998170057e-19,7.712700431737462e-05,2.636047962003439e-20
5.958,-1.4954753339744764,1.5942665671804754e-18,1.0005153056786844,-0.003547191751369255,-2.6298571078961193e-19,-0.0005121717861675375,0.9999999970295093,1.6873876408544298e-19,7.707776219160343e-05,3.007250419121812e-20
5.96,-1.4954824246244975,1.5937340359418722e-18,1.0005142823369024,-0.0035434585801584345,-2.695409794436172e-19,-0.0005111699957242801,0.9999999970331672,1.6804361040919194e-19,7.703029041296284e-05,3.3775730040684174e-20
5.962,-1.495489507810763,1.5931884227246215e-18,1.0005132609967977,-0.003539727984313735,-2.760677110010211e-19,-0.0005101701089257152,0.9999999970366882,1.6735138350783804e-19,7.698456897338663e-05,3.267210581834186e-20
5.964,-1.4954965835383547,1.5926297844680393e-18,1.0005122416545664,-0.003535999895023706,-2.8256604023434813e-19,-0.0005091721223665101,0.9999999970400738,1.6666243775511835e-19,7.694057797040497e-05,3.157069162207869e-20
5.966,-1.4955036518122176,1.5920579626961775e-18,1.0005112243064114,-0.0035322742442696173,-2.8946639399860275e-19,-0.0005081760326465955,0.999999997043326,1.9887251859565152e-19,7.689829760705068e-05,3.3895971592305564e-20
5.968,-1.4955107126371612,1.591470755881198e-18,1.0005102089485423,-0.0035285509648211614,-2.978425114683374e-19,-0.0005071818363711229,0.9999999970464465,2.0899935814765266e-19,7.685770819176224e-05,3.3476140969697887e-20
5.97,-1.4955177660178618,1.5908670847400488e-18,1.0005091955771757,-0.0035248299902321607,-3.0596626388562374e-19,-0.0005061895301504798,0.9999999970494369,2.245606925164957e-19,7.681879013828299e-05,3.202808978302824e-20
5.972,-1.495524811958863,1.590245910628533e-18,1.0005081841885348,-0.003521111254836281,-3.1523751117015005e-19,-0.0005051991106002904,0.9999999970522989,2.2909611064432356e-19,7.678152396555762e-05,3.09269769565793e-20
5.974,-1.4955318504645787,1.5896068808077545e-18,1.0005071747788499,-0.003517394693742748,-3.238218325174755e-19,-0.0005042105743414029,0.9999999970550343,2.336100798746436e-19,7.674589029762494e-05,3.0513798207265296e-20
5.976,-1.4955388815392927,1.5889496445748846e-18,1.0005061673443576,-0.00351368024283207,-3.3365892956382753e-19,-0.0005032239179998839,0.9999999970576446,2.490678150304668e-19,7.671186986350794e-05,3.0100758491522825e-20
5.978,-1.4955459051871622,1.5882727059130073e-18,1.0005051618813015,-0.003509967838751767,-3.4345206680632966e-19,-0.0005022391382070289,0.9999999970601315,2.754175134612954e-19,7.66794434971002e-05,3.071584414127426e-20
5.98,-1.495552921412218,1.5875742879354903e-18,1.0005041583859315,-0.003506257418912102,-3.550298550799529e-19,-0.0005012562315993447,0.9999999970624968,2.851943099284703e-19,7.664859213704952e-05,2.824678537920738e-20
5.982,-1.4955599302183669,1.5868536627597189e-18,1.000503156854505,-0.003502548921481822,-3.6558741649649378e-19,-0.0005002751948185435,0.9999999970647417,2.8398542465307075e-19,7.661929682663831e-05,2.3728451314369016e-20
5.984,-1.4955669316093922,1.586111001209866e-18,1.0005021572832857,-0.0034988422853839004,-3.770662666317696e-19,-0.000499296024511555,0.9999999970668683,2.7730005413419556e-19,7.65915387136608e-05,2.4018507612572325e-20
5.986,-1.4955739255889564,1.5853466529297641e-18,1.0005011596685438,-0.0034951374502912875,-3.872026386402856e-19,-0.0004983187173305057,0.9999999970688777,2.706463773360449e-19,7.65652990502974e-05,2.4308281676247287e-20
5.988,-1.4955809121606016,1.584561072735591e-18,1.0005001640065565,-0.003491434356622667,-3.9847767547665437e-19,-0.000497343269932726,0.9999999970707716,2.8595462765140793e-19,7.654055919298568e-05,2.5281011799905238e-20
5.99,-1.4955878913277516,1.5837536019333977e-18,1.0004991702936075,-0.003487732945538218,-4.0884185317811957e-19,-0.000496369678980747,0.9999999970725516,2.518600824141331e-19,7.65173006022889e-05,2.6598688802797443e-20
5.992,-1.4955948630937135,1.5829262738346395e-18,1.0004981785259872,-0.0034840331589353823,-4.184077445597803e-19,-0.0004953979411422872,0.9999999970742192,2.398572923236074e-19,7.649550484276074e-05,2.517067325050203e-20
5.994,-1.4956018274616787,1.5820802861280114e-18,1.000497188699993,-0.0034803349394446387,-4.2750183320616117e-19,-0.000494428053090251,0.9999999970757757,2.2791137780801558e-19,7.647515358280826e-05,2.3403785472583924e-20
5.996,-1.4956087844347248,1.5812165800951662e-18,1.0004962008119282,-0.003476638230425284,-4.361264411708779e-19,-0.0004934600115027351,0.9999999970772228,2.160220691500405e-19,7.6456228594551e-05,2.1298422595360804e-20
5.998,-1.4956157340158167,1.5803360923846834e-18,1.0004952148581037,-0.003472942975961219,-4.442838794814417e-19,-0.0004924938130630236,0.9999999970785619,2.041890979247995e-19,7.643871175367756e-05,1.8855386921410628e-20
