t,px,py,pz,vx,vy,vz,qw,qx,qy,qz
0.0,0.0,0.0,1.0,0.0,0.0,0.0,1.0,0.0,0.0,0.0
0.002,0.0,-2.9740140867934637e-09,1.0000042084571739,0.0,-5.948027965113971e-06,0.004208456060207548,0.9999999299018263,0.0003744280205321799,0.0,0.0
0.004,0.0,-3.7929851411225746e-08,1.0000127060193469,2.7002909059968774e-23,-3.239732746960719e-05,0.004289101825223954,0.999999603452116,0.000890559156163018,2.741278965904981e-21,-8.46389473110463e-23
0.006,1.979769971846513e-25,-1.4272995924277533e-07,1.0000213654588606,1.8893338917140438e-22,-7.546165839986848e-05,0.004370330815525845,0.9999990801859808,0.0013563285708696935,5.475943386326817e-21,-8.348032602376002e-23
0.008,8.2737995817532e-25,-3.546375059541093e-07,1.0000301879086317,4.583453416705635e-22,-0.00013974178215504448,0.004452108360950971,0.9999982735949551,0.0018581730568581764,8.197845190070028e-21,-8.334877183914155e-23
0.01,2.10264301502559e-24,-7.12736182865367e-07,1.00003917444944,8.347035253095633e-22,-0.00022144032162887205,0.004534419540514401,0.9999972910116427,0.0023276531906534503,1.0907960294478117e-20,-9.39423817929016e-22
0.012,4.2370836655609306e-24,-1.2543589422194111e-06,1.0000483261134252,1.3174313168156882e-21,-0.0003234092685965091,0.004617227837450039,0.9999960267401771,0.002818954391107129,1.3603696517816448e-20,-1.4510757166061347e-21
0.014,7.442887447640671e-24,-2.0179154132722466e-06,1.000057643879553,1.9059802655918847e-21,-0.0004432356454412001,0.004700519425476495,0.9999945906561232,0.0032891729192280473,1.6283635739593143e-20,-9.336879064126023e-22
0.016,1.19311932814485e-23,-3.0406529651059146e-06,1.0000671286803768,2.599857917467877e-21,-0.0005826750597626973,0.004784258991003655,0.9999928849400614,0.003772276401992743,1.895156954135481e-20,-4.1777280153052345e-22
0.018000000000000002,1.7912180876822873e-23,-4.360429235475488e-06,1.0000767813959508,3.398585849195145e-21,-0.0007401824122593708,0.004868431890730547,0.9999910053537824,0.004241369063354879,2.1607164904235822e-20,9.754672744603699e-23
0.02,2.5595081924015494e-23,-6.014308470034462e-06,1.0000866028609863,4.3016944755961025e-21,-0.0009168259329564259,0.0049530051097566915,0.9999888713819363,0.00471774440610682,2.4250849915372623e-20,6.114395291246406e-22
0.022,3.5188183038244905e-23,-8.039672722066728e-06,1.000096593859095,5.308712310105485e-21,-0.0011116045850568012,0.005037962634842622,0.9999865601726615,0.005184541835880807,2.6882453609272212e-20,1.1234793183577414e-21
0.024,4.689883035035926e-23,-1.0473341852204394e-05,1.000106755129166,6.419166388114489e-21,-0.0013251556444676873,0.005123273928227503,0.9999840097390956,0.005655109735460271,2.950028188104404e-20,1.9772070657274517e-21
0.026000000000000002,6.093344291283762e-23,-1.3352270132663144e-05,1.0001170873606262,7.63260121379781e-21,-0.0015568191346602529,0.005208921660740837,0.999981279488019,0.006118878451490874,3.21101607116287e-20,2.144547065590112e-21
0.028,7.749749864386622e-23,-1.6712994546297224e-05,1.000127591198688,8.948530627378949e-21,-0.0018069621414114503,0.005294877567104086,0.999978323816352,0.006584215780084202,3.470976300819093e-20,1.9683052591342593e-21
0.03,9.679547793335881e-23,-2.059207147928533e-05,1.0001382672407517,1.036644187875093e-20,-0.0020751384879111995,0.005381123284592475,0.9999751872315789,0.007044495806558589,3.729686866413293e-20,1.7925763867022112e-21
0.032,1.190308310517228e-22,-2.5025730842525982e-05,1.0001491160405467,1.188582206441842e-20,-0.0023615458619801457,0.005467632494905511,0.9999718373599543,0.007504964154271435,3.9871545094862995e-20,1.6171715849145805e-21
0.034,1.444059813071311e-22,-3.005014982773948e-05,1.0001601381055623,1.3506157959397882e-20,-0.002665872110432807,0.005554386132783461,0.9999683070175812,0.007961467226093116,4.2431273039332666e-20,1.785307645794079e-21
0.036000000000000004,1.7312235573351485e-22,-3.570123606756303e-05,1.0001713339002474,1.522697692482915e-20,-0.0029882087173357117,0.005641359499829767,0.999964573957749,0.008417293478157685,4.497418220838732e-20,2.6382865417504595e-21
0.038,2.0538048597661826e-22,-4.201479925057068e-05,1.00018270384428,1.7047846685510606e-20,-0.003328327546089339,0.005728533131005594,0.9999606622023515,0.008869839222588155,4.750017071486673e-20,4.17419130127872e-21
0.04,2.4138007361383887e-22,-4.902641518286044e-05,1.0001942483150221,1.8968375628706674e-20,-0.003686253500102718,0.005815883665861646,0.9999565569879209,0.009321166067764453,5.0012647412665695e-20,6.0494757836177626e-21
0.042,2.813200748812067e-22,-5.677153337564625e-05,1.0002059676464334,2.0988189534753214e-20,-0.004061811115067794,0.005903391488078661,0.9999522759088648,0.009769641993510892,5.253338778973796e-20,5.864477835510723e-21
0.044,3.2539857021036377e-22,-6.52853918302747e-05,1.0002178621309643,2.3106792166649433e-20,-0.004454983559562091,0.005991034350112785,0.999947809593226,0.010216559582813159,4.955906666270503e-20,5.626720443306257e-21
0.046,3.734525611308958e-22,-7.460308449227918e-05,1.000229932018948,2.4891722667889973e-20,-0.004865628397180156,0.006078792676116655,0.9999431710335401,0.01066089599368311,4.1120634311812713e-20,4.991428492405046e-21
0.048,4.247437218599534e-22,-8.475950784072845e-05,1.0002421775200794,2.634419735318734e-20,-0.005293702643294382,0.006166645159857581,0.9999383546681481,0.011103461782557235,3.274549375626826e-20,1.9593662763723042e-21
0.05,4.7860860119669595e-22,-9.578940318798827e-05,1.0002545988031524,2.7465694550489635e-20,-0.005739084579755933,0.00625457240798588,0.999933370244516,0.011543616047124011,2.4367211033590502e-20,2.7033819126905717e-21
0.052000000000000005,5.344588558585112e-22,-0.00010772732321274805,1.0002671959972422,2.83657894211586e-20,-0.006201714842419823,0.006342553928506954,0.9999282148522869,0.011981867230045174,2.1491728350095823e-20,4.194726232967886e-21
0.054,5.920686805084118e-22,-0.00012060765849600155,1.0002799691916864,2.9261298479678805e-20,-0.006681484719884926,0.006430570612601579,0.9999228959762525,0.012417813916475881,2.4127605733305046e-20,3.350125465975604e-21
0.056,6.51572764244983e-22,-0.00013446461656213806,1.0002929184370564,3.015187045526355e-20,-0.007178324601029879,0.006518602690169243,0.999917412526529,0.01285177521788519,2.1255627060533215e-20,3.467289398334067e-21
0.058,7.126006029482291e-22,-0.00014933223853800457,1.0003060437453086,3.092926518820093e-20,-0.0076921339522067695,0.006606631408377823,0.9999117704229001,0.013283499905571112,1.8406356094212953e-20,2.898619464624958e-21
0.06,7.752149465836707e-22,-0.00016524438604055623,1.000319345090608,3.170240775265197e-20,-0.008222836765105754,0.006694637652660291,0.9999059698102944,0.013713188459810018,2.1087042539130002e-20,-3.364374834649893e-22
0.062,8.394791987612057e-22,-0.00018223475164939036,1.0003328224095949,3.2579076361297646e-20,-0.008770337661805848,0.00678260307501624,0.9999000155315959,0.014140683855950856,2.371106906699374e-20,-4.806546288011025e-22
0.064,9.055998710628087e-22,-0.00020033685071856204,1.0003464756021063,3.3558761771949845e-20,-0.009334556655436223,0.006870509168933497,0.9998939085590829,0.014566112262369842,2.6280653070252224e-20,2.459074302599278e-21
0.066,9.737826398382023e-22,-0.00021958402797599795,1.0003603045315208,3.4641126985559107e-20,-0.009915401634474267,0.006958338023750186,0.9998876529961851,0.014989375763522631,2.8830581337768496e-20,6.0770629242932555e-21
0.068,1.0442325846837275e-21,-0.00024000945242734059,1.0003743090254076,3.593398930904859e-20,-0.010512790154826038,0.007046071706955453,0.999881250362004,0.01541055399767046,3.689379121884984e-20,7.028053147501057e-21
0.07,1.1176584592504391e-21,-0.0002616461215324145,1.0003884888759238,3.754480955953224e-20,-0.011126632192031817,0.007133692766125412,0.9998747042515341,0.015829586157150737,4.498337662299727e-20,4.550510358428703e-21
0.07200000000000001,1.1946226759185889e-21,-0.0002845268580524484,1.0004028438404136,3.947204458222384e-20,-0.011756843803509446,0.00722118381807795,0.9998680165392078,0.016246522764892964,5.305365884224159e-20,7.084758549518181e-22
0.074,1.27564815934802e-21,-0.00030868431271260325,1.0004173736418385,4.17139121231821e-20,-0.012403336317524731,0.007308527881381029,0.9998611904684516,0.01666132632806838,6.104414813335011e-20,-7.268362988247394e-22
0.076,1.3616507197863368e-21,-0.0003341509622723983,1.0004320779693416,4.437670719093532e-20,-0.01306602489895533,0.0073957081039682454,0.9998542281392293,0.017074029170219256,7.443692549712747e-20,-3.5357703353775265e-22
0.078,1.4535059214817889e-21,-0.000360959111244057,1.0004469564786986,4.756613922215622e-20,-0.013744821773327946,0.00748270798248704,0.9998471325491691,0.017484608465835008,8.776633566552776e-20,1.8342803587450402e-23
0.08,1.5522644602726156e-21,-0.0003891408907345738,1.0004620087928573,5.1279642114360815e-20,-0.014439641597675124,0.007569511182162915,0.999839905936297,0.01789308518104649,1.0099713353583861e-19,2.4454034499313532e-21
0.082,1.658972024617064e-21,-0.00041872825957695796,1.000477234502401,5.540665687531547e-20,-0.015150397214049201,0.007656101680891639,0.9998325511233184,0.01829944573577134,1.0867990443871133e-19,5.111223167416856e-21
0.084,1.7740210046231574e-21,-0.00044975300366076874,1.0004926331660684,5.962092328142415e-20,-0.015877003017538197,0.007742463650310687,0.9998250704276604,0.01870370402683488,1.0539584712451781e-19,6.542303385543993e-21
0.08600000000000001,1.8972614573956847e-21,-0.00048224673670001217,1.0005082043112254,6.359823469247009e-20,-0.016619372295427506,0.00782858155003052,0.9998174665443361,0.019105852319771226,9.119687826514133e-20,6.052986812716725e-21
0.088,2.027715861141743e-21,-0.0005162408998745352,1.0005239474343708,6.669115146334365e-20,-0.017377419339659816,0.007914440049167993,0.9998097418309881,0.019505900129252497,6.607558048316541e-20,6.7264681509751804e-21
0.09,2.1634751500400787e-21,-0.0005517667623747515,1.000539862001609,6.890391132964291e-20,-0.018151057779976325,0.008000024087650649,0.9998018988862473,0.019903843434218776,4.6563284375598914e-20,7.164782060656534e-21
0.092,2.3028558904948555e-21,-0.0005888554212424618,1.0005559474491468,7.034935298471774e-20,-0.018940201909278503,0.00808531882440932,0.9997939400818764,0.0202996890507496,2.1654748148179928e-20,8.521543585138263e-21
0.094,2.4438952209278325e-21,-0.0006275378017801894,1.0005722031837647,7.049120335891828e-20,-0.01974476563984489,0.008170309677000852,0.9997858679407772,0.020693435333617352,-1.958485120902558e-20,9.886281127660617e-21
0.096,2.5838114773074046e-21,-0.0006678446575214802,1.0005886285833054,6.944376248324653e-20,-0.02056466333526037,0.008254982287312132,0.9997776848314955,0.021085087454750323,-1.6754527825833747e-20,1.0444215802126016e-20
0.098,2.7225036335171617e-21,-0.0007098065705597841,1.0006052229971434,6.937515490782246e-20,-0.021399809157197795,0.008339322546941846,0.9997693932147604,0.021474645305326036,-8.455907159702104e-21,1.1116679952154546e-20
0.1,2.860880077074483e-21,-0.0007534539516042943,1.000621985746665,6.919988812986166e-20,-0.02225011758800663,0.00842331657437442,0.9997609954443987,0.021862113073191584,2.1743442469689678e-20,1.157330553265937e-20
0.10200000000000001,3.000890921326076e-21,-0.0007988170402627223,1.0006389161257354,7.108080005120508e-20,-0.023115503022304563,0.008506950731028098,0.9997524939278182,0.022247491658786284,6.27528056697504e-20,1.329505436045206e-20
0.10400000000000001,3.14541309616221e-21,-0.0008459259051550398,1.0006560134011715,7.338550913420007e-20,-0.02399588009562781,0.008590211605921173,0.9997438909965015,0.02263078467873272,5.429012614403122e-20,1.1515644457175683e-20
0.106,3.2942095632514098e-21,-0.0008948104441715871,1.0006732768132052,7.535533859848935e-20,-0.024891163429463268,0.008673086025613636,0.999735189010284,0.023011993711359657,4.5881167024903757e-20,9.055778432597571e-21
0.108,3.446612095978019e-21,-0.0009455003846273042,1.0006907055759493,7.699182519431778e-20,-0.025801267838302954,0.008755561043754382,0.9997263902732468,0.023391122059958244,3.746420700887155e-20,8.657666289930687e-21
0.11,3.601955603609072e-21,-0.000998025283508521,1.0007082988778573,7.829657567299277e-20,-0.02672610817084008,0.008837623947033408,0.9997174971013619,0.023768171772106394,2.908714030538878e-20,8.261007633869099e-21
0.112,3.759578235382846e-21,-0.0010524145276566705,1.0007260558821818,7.927120524810204e-20,-0.02766559944077699,0.008919262247900035,0.9997085117679522,0.024143145998522388,2.0749523256005867e-20,7.86578847211902e-21
0.114,3.918821353670349e-21,-0.0011086973340120412,1.0007439757274295,7.991731696022441e-20,-0.028619656728280443,0.00900046368791124,0.9996994365475039,0.024516047124338712,1.2451171445677517e-20,7.472000808440007e-21
0.116,4.079029516942799e-21,-0.001166902749819982,1.0007620575278147,8.023650471116677e-20,-0.029588195262971222,0.009081216232503995,0.9996902736803484,0.024886878247576544,4.2002920405817364e-21,6.737484127364243e-21
0.11800000000000001,4.2395504599085265e-21,-0.0012270596528767162,1.0007803003737081,8.023035082979745e-20,-0.03057113036313133,0.009161508072644684,0.9996810254009976,0.02525564200747182,-4.011707404519836e-21,6.005193814908907e-21
0.12,4.39973507134446e-21,-0.0012891967517535692,1.0007987033320846,7.990042375059319e-20,-0.03156837748869604,0.00924132762092769,0.9996716939153023,0.02562234151106678,-1.218513219048554e-20,5.275116662581997e-21
0.122,4.558937367639962e-21,-0.0013533425860479526,1.0008172654469663,7.924829008971942e-20,-0.032579852204104164,0.00932066351211608,0.9996622814187534,0.02598697959850054,-2.0337470132389904e-20,5.2323467966785186e-21
0.124,4.7165145237063066e-21,-0.0014195255266227238,1.000835985739864,7.816736645822694e-20,-0.0336054702124639,0.009399504600093107,0.9996527900817261,0.02634955942364287,-3.3869945771187714e-20,2.6498501117753084e-21
0.126,4.8712139464497314e-21,-0.001487773775864201,1.000854863210216,7.644299333990605e-20,-0.034645147333202,0.009477839957678478,0.9996432220612863,0.026710083993307487,-5.291467242566336e-20,3.0123167095920936e-21
0.128,5.0217512560108755e-21,-0.0015581153679347544,1.0008738968358226,7.396973023537313e-20,-0.03569879952440649,0.009555658874125732,0.9996335794916689,0.027068556531016842,-7.197087378756755e-20,6.80099734517823e-21
0.13,5.1665242098280334e-21,-0.001630578169038933,1.0008930855732787,7.064329004925438e-20,-0.03676634286973087,0.0096329508544641,0.9996238644918853,0.027424980187931824,-9.633760325116812e-20,8.03688961901444e-21
0.132,5.303686833875543e-21,-0.0017051898776880088,1.000912428358403,6.636016959318891e-20,-0.0378476935933038,0.009709705617342995,0.9996140791595872,0.027779358270669654,-1.2057846815482472e-19,8.929626605850364e-21
0.134,5.4314387285719216e-21,-0.0017819780249748037,1.0009319241066645,6.123331505937455e-20,-0.03894276805241329,0.009785913094062041,0.9996042255759632,0.02813169405987975,-1.391378819702723e-19,6.890843139723186e-21
0.136,5.548169059944435e-21,-0.0018609699748493016,1.000951571713606,5.537530682674081e-20,-0.0400514827477355,0.009861563426634435,0.9995943058017898,0.028481990952842543,-1.5757911247808888e-19,4.173624208069145e-21
0.138,5.652455338529432e-21,-0.0019421929244024588,1.0009713700552636,4.878983181388125e-20,-0.04117375431962076,0.009936646966610828,0.9995843218805818,0.02883025234952764,-1.76010959918945e-19,4.204081511519114e-21
0.14,5.742846212236683e-21,-0.0020256739041522418,1.0009913179885848,4.1480472112915045e-20,-0.04230949955536682,0.010011154273279085,0.999574275836054,0.029176481741773386,-1.943358104103655e-19,3.550471886709657e-21
0.14200000000000002,5.817897478340353e-21,-0.0021114397783365147,1.0010114143518423,3.345079796098004e-20,-0.04345863538774156,0.010085076112350747,0.9995641696741489,0.02952068264164979,-2.1259361769992585e-19,3.583667633800112e-21
0.14400000000000002,5.87617208363219e-21,-0.0021995172452090148,1.0010316579650451,2.4704388570862775e-20,-0.04462107890038239,0.010158403454244399,0.9995540053814087,0.029862858637153208,-2.3078455961680717e-19,4.303658128864808e-21
0.146,5.916240162866456e-21,-0.0022899328373412915,1.0010520476303468,1.524485335507336e-20,-0.04579674732770004,0.010231127472679596,0.9995437849262809,0.030203013347090944,-2.4890852598298495e-19,5.708409875251968e-21
0.148,5.936679086883587e-21,-0.0023827129219282303,1.0010725821324502,5.075812771185709e-21,-0.046985558059082486,0.010303239543010101,0.9995335102580788,0.030541150455787362,-2.66955762737181e-19,7.453367963072015e-21
0.15,5.936073459700737e-21,-0.002477883701098944,1.001093260239009,-5.79912276182377e-21,-0.04818742863964359,0.010374731240754697,0.9995231833078243,0.030877273684596217,-2.8488494858922647e-19,8.168514040335384e-21
0.152,5.9130150573992e-21,-0.002575471212231515,1.001114080701027,-1.7376396083781455e-20,-0.04940227677365698,0.010445594339959079,0.9995128059875877,0.031211386813451703,-3.027180576216902e-19,8.540448757654794e-21
0.154,5.866102721506422e-21,-0.002675501328272696,1.0011350422532532,-2.965251076166079e-20,-0.05063002032581367,0.010515820811682862,0.9995023801910352,0.031543493662806336,-3.203599648482542e-19,5.487905921209452e-21
0.156,5.7939421182498724e-21,-0.002777999758061585,1.0011561436145744,-4.2624135212067723e-20,-0.05187057732415274,0.010585402822376862,0.9994919077930133,0.03187359810693759,-3.378988925036393e-19,1.758068711058456e-21
0.158,5.6951455276242e-21,-0.002882992046657955,1.0011773834884046,-5.628796326988737e-20,-0.053123865961617604,0.010654332732339185,0.9994813906499092,0.032201704062423266,-3.554426696638629e-19,7.774595273567494e-22
0.16,5.568331909928336e-21,-0.002990503575674605,1.0011987605630703,-7.064062308600573e-20,-0.05438980459865094,0.01072260309409979,0.9994708305993927,0.03252781549628205,-3.728927473638987e-19,-5.420118811972853e-22
0.162,5.412126970687402e-21,-0.0031005595636141325,1.0012202735121947,-8.567875170233599e-20,-0.055668311764918,0.010790206650854367,0.9994602294606583,0.03285193641854917,-3.902496348126797e-19,-2.1999659861944995e-21
0.164,5.225163108822195e-21,-0.0032131850662097086,1.001241920995076,-1.0139900334671452e-19,-0.05695930616167097,0.01085713633485133,0.9994495890342705,0.03317407088718052,-4.0758072957622607e-19,-2.140737766409317e-21
0.166,5.006079484599206e-21,-0.003328404976770095,1.0012637016570651,-1.1779795974698603e-19,-0.05826270666355702,0.010923385265809457,0.9994389111023303,0.03349422300320075,-4.2489653931175016e-19,-2.6308621147009807e-23
0.168,4.7535221592151225e-21,-0.003446244026528614,1.0012856141299384,-1.348721499847058e-19,-0.05957843232081825,0.01098894674930468,0.9994281974283887,0.033812396913580685,-4.420946976442027e-19,1.0570024501265942e-21
0.17,4.466144105698417e-21,-0.003566726784996203,1.0013076570322677,-1.5261814323067872e-19,-0.06090640236113307,0.011053814275175686,0.9994174497575659,0.03412859680800002,-4.59187480872545e-19,1.4536769248518669e-21
0.17200000000000001,4.1426050990179676e-21,-0.0036898776603183528,1.0013298289697874,-1.7103256608706288e-19,-0.062246536191693465,0.011117981515909146,0.9994066698165103,0.03444282692045637,-4.76187263213458e-19,1.5081878608197576e-21
0.17400000000000002,3.7814634398708736e-21,-0.003815720899635993,1.0013521285357585,-1.9022027174667616e-19,-0.06359875340104768,0.01118144232503638,0.9993958593134888,0.034755091527042176,-4.985150853132698e-19,-6.802116558616604e-22
0.176,3.381103786398672e-21,-0.003944280589450182,1.0013745543113284,-2.1028601402015302e-19,-0.06496297376108111,0.011244190735516527,0.9993850199383757,0.03506539494676073,-5.208341931107435e-19,-4.658967821054698e-22
0.178,2.9397381337832197e-21,-0.004075580655990615,1.0013971048658885,-2.312255535993201e-19,-0.06633911722884056,0.011306220958126638,0.999374153362726,0.035373741539940926,-5.431414276010539e-19,2.4888122186358694e-21
0.18,2.455695402449894e-21,-0.004209644865587847,1.0014197787574284,-2.529264100756358e-19,-0.06772710394843547,0.011367527379842856,0.999363261239785,0.0356801357085582,-5.597548912041604e-19,2.2079769787994747e-21
0.182,1.9276007806615712e-21,-0.004346496825049222,1.001442574532886,-2.7527692876557084e-19,-0.06912685425283144,0.011428104562225788,0.9993523452045521,0.03598458189505124,-5.762653158564858e-19,1.2432299515083103e-21
0.184,1.3541581537107716e-21,-0.004486159982038412,1.0014654907284963,-2.9827390438496017e-19,-0.07053828866568258,0.011487947239800055,0.9993414068738042,0.03628708458233465,-5.926731435099551e-19,-4.0341677417796863e-22
0.186,7.340777780026488e-22,-0.004628657625458566,1.0014885258701343,-3.2191417646097184e-19,-0.07196132790308693,0.011547050318436499,0.9993304478461552,0.03658764829286963,-6.089915383085302e-19,-2.387937082292376e-21
0.188,6.607619134119576e-23,-0.004774012885838957,1.0015116784736569,-3.4619461852436203e-19,-0.07339589287535678,0.011605408873730738,0.9993194697020894,0.0368862775884855,-6.252334214015867e-19,-4.3671128242254594e-21
0.19,-6.511238303136861e-22,-0.004922248735725143,1.0015349470452406,-3.7111211348206947e-19,-0.07484190468873152,0.011663018149383489,0.9993084740040188,0.03718297706961165,-6.41411565679465e-19,-5.998941516932179e-21
0.192,-1.4187932777986249e-21,-0.005073387990072525,1.001558330081716,-3.9666354327878356e-19,-0.07629928464709064,0.011719873555578828,0.999297462296325,0.03747775137498126,-6.575261070505772e-19,-7.28384795354313e-21
0.194,-2.238196897692616e-21,-0.005227453306643308,1.001581826070899,-4.2284578775049304e-19,-0.07776795425362144,0.011775970667363859,0.9992864361054159,0.03777060518096644,-6.735645277401327e-19,-8.565090026813035e-21
0.196,-3.1104850152691705e-21,-0.005384467186406772,1.0016054334919196,-4.495475398321291e-19,-0.07924783521247772,0.011831305223027434,0.9992753969397737,0.03806154320121014,-6.841131408172349e-19,-7.923116752113157e-21
0.198,-4.036621459858526e-21,-0.005544451973942837,1.0016291508155453,-4.766576255986124e-19,-0.08073884943040098,0.011885873122480196,0.9992643462900127,0.038350570186028,-6.94662916187661e-19,-5.569541841809945e-21
0.2,-5.01738442972272e-21,-0.00570742985784884,1.0016529765045044,-5.041737151196338e-19,-0.08224091901832703,0.011939670425634626,0.9992532856289321,0.038637690921997314,-7.051874342020385e-19,-2.5373703266552743e-21
0.202,-6.053583750565281e-21,-0.00587342287114951,1.0016769090138036,-5.3198543481267775e-19,-0.0837539662929601,0.011992693350786466,0.9992422164115756,0.03892291023140277,-7.101159551166428e-19,-1.0124217160479763e-21
0.20400000000000001,-7.145448107119142e-21,-0.00604245289171006,1.001700946791043,-5.598746601695952e-19,-0.0852779137783289,0.012044938272996845,0.9992311400752886,0.03920623297180045,-7.094493213700352e-19,-1.6749142947721086e-21
0.20600000000000002,-8.293059970880333e-21,-0.006214541642652368,1.001725088276728,-5.877329700359663e-19,-0.08681268420731345,0.012096401722476068,0.9992200580397794,0.03948766403549317,-7.08772967687874e-19,-2.6791844390055914e-21
0.20800000000000002,-9.496357676468897e-21,-0.006389710692774188,1.0017493319045785,-6.15560527305645e-19,-0.08835820052315184,0.012147080382968646,0.9992089717071804,0.03976720834908088,-7.081136443311147e-19,-3.3404327792815e-21
0.21,-1.0755279873155156e-20,-0.006567981456971353,1.001773676101834,-6.4335748627834e-19,-0.08991438588091998,0.012196971090140297,0.9991978824621117,0.040044870872956564,-7.07485019824245e-19,-3.3170846779726285e-21
0.212,-1.2069765495079566e-20,-0.00674937519666291,1.0017981192895562,-6.711239750501432e-19,-0.09148116364898999,0.012246070829966711,0.9991867916717456,0.04032065660085015,-7.06818212359152e-19,-4.322687089537294e-21
0.214,-1.3439753764886923e-20,-0.006933913020219149,1.001822659882927,-6.989683603905436e-19,-0.09305845741046319,0.01229437673712464,0.9991757006858718,0.04059457055933928,-7.116611058916501e-19,-4.863158555954524e-21
0.216,-1.4865761086937532e-20,-0.007121615883392478,1.0018472962915452,-7.269986113336885e-19,-0.09464619096458106,0.012341886093385119,0.9991646108369655,0.04086661780739123,-7.164807595185162e-19,-5.402738092454606e-21
0.218,-1.6347869395879543e-20,-0.007312504589751089,1.001872026919719,-7.551052766354022e-19,-0.09624428832811183,0.012388596326009471,0.9991535234402557,0.041136803435885,-7.156747340010205e-19,-8.798814846447796e-21
0.22,-1.7886159093258482e-20,-0.007506599791115387,1.0018968501667553,-7.831800348181769e-19,-0.09785267373671479,0.012434505006147838,0.9991424397937946,0.041405132567153974,-7.149581833316978e-19,-1.0133607304493316e-20
0.222,-1.948056655667675e-20,-0.007703921987997108,1.0019217644272458,-8.112230683788221e-19,-0.09947127164628097,0.012479609847240761,0.9991313611785295,0.04167161035451712,-7.143301546228336e-19,-9.41156361968708e-21
0.224,-2.1131028461102805e-20,-0.007904491530041108,1.0019467680913496,-8.392344929815553e-19,-0.10110000673425164,0.012523908703423833,0.9991202888583746,0.04193624198182414,-7.136763786409291e-19,-9.376475812349763e-21
0.226,-2.283748170484126e-20,-0.008108328616469766,1.001971859545074,-8.672144319327363e-19,-0.10273880390091356,0.012567399567935612,0.999109224080284,0.042199032662994386,-7.130258702815548e-19,-9.34322298836972e-21
0.228,-2.4599863450599595e-20,-0.008315453296529943,1.00199703717055,-8.951630144067772e-19,-0.10438758827067221,0.012610080571529058,0.9990981680743278,0.042459987641565514,-7.123495490811586e-19,-9.995692830849475e-21
0.23,-2.641811112941755e-20,-0.008525885469942483,1.0020222993463066,-9.230803907554552e-19,-0.10604628519330245,0.012651949980886569,0.9990871220537664,0.04271911219023927,-7.116622822917268e-19,-1.0989917396222641e-20
0.232,-2.8292162491250396e-20,-0.008739644887354174,1.0020476444475406,-9.509667183737885e-19,-0.10771482024517705,0.012693006197038845,0.9990760872151282,0.042976411610434355,-7.1106631914897345e-19,-9.927821897798443e-21
0.234,-3.0221847330847455e-20,-0.008956751150792162,1.0020730708463839,-9.787138864772288e-19,-0.10939311923047322,0.01273324775378775,0.9990650647382874,0.04323189123183843,-7.049509409916796e-19,-9.659742093209598e-21
0.23600000000000002,-3.2206707221282143e-20,-0.009177223714120747,1.0020985769121673,-1.0061058087774618e-18,-0.11108110818235731,0.012772673316133316,0.9990540557865433,0.04348555641196562,-6.933156102285686e-19,-1.0524777389992606e-20
0.23800000000000002,-3.424592453499792e-20,-0.00940108188350052,1.0021241610116816,-1.0330355207579025e-18,-0.11277871336414771,0.01281128167870505,0.9990430615067002,0.04373741253571448,-6.818117397974128e-19,-9.335206629379402e-21
0.24,-3.6338540777944634e-20,-0.009628344817849818,1.002149821509435,-1.0595050987386708e-18,-0.11448586127045635,0.012849071764197745,0.9990320830291487,0.04398746501493028,-6.703175524924849e-19,-9.177071546315293e-21
0.242,-3.848363793323614e-20,-0.009859031529308436,1.0021755567679083,-1.0855167955338665e-18,-0.11620247862830864,0.012886042621811884,0.9990211214679475,0.04423571928796866,-6.588629884433848e-19,-9.364471490687325e-21
0.244,-4.068030249971335e-20,-0.010093160883703552,1.0022013651478048,-1.1110728695267644e-18,-0.11792849239824238,0.01292219342569886,0.9990101779209067,0.04448218081926295,-6.474629978470203e-19,-9.553842121845771e-21
0.246,-4.292762548178286e-20,-0.010330751601017832,1.0022272450083007,-1.1361755728910373e-18,-0.1196638297753854,0.012957523473411095,0.998999253469672,0.04472685509889333,-6.361174380430977e-19,-9.744357391355865e-21
0.248,-4.522470237870451e-20,-0.010571822255859674,1.002253194707289,-1.1608271361749426e-18,-0.12140841819051243,0.012992032184357287,0.9989883491798089,0.044969747642159226,-6.24886899880927e-19,-8.567519687271883e-21
0.25,-4.7570633096471965e-20,-0.010816391277935539,1.0022792126016222,-1.1850297417201874e-18,-0.12316218531108115,0.01302571909826282,0.9989774661008893,0.04521086398915388,-6.137093189522384e-19,-7.394594887363776e-21
0.252,-4.996452188713693e-20,-0.011064476952524336,1.0023052970473512,-1.2087855538533215e-18,-0.12492505904224768,0.013058583873635597,0.9989666052665778,0.0454502097043419,-6.02569003057561e-19,-6.568686563675329e-21
0.254,-5.240547733085349e-20,-0.011316097420953816,1.0023314463999609,-1.2320967449735031e-18,-0.12669696752786155,0.01309062628623735,0.9989557676947188,0.045687790376139126,-5.914349565579051e-19,-6.7727767987262155e-21
0.256,-5.489261238049196e-20,-0.011571270681078936,1.0023576590146044,-1.2549655141913656e-18,-0.12847783915144045,0.013121846227560586,0.9989449543874259,0.04592361161649536,-5.803229173011021e-19,-7.662523674704956e-21
0.258,-5.742504439995371e-20,-0.011830014587762156,1.0023839332463318,-1.2773940674917288e-18,-0.13026760253712485,0.013152243703311316,0.9989341663311696,0.04615767906047948,-5.692639752758803e-19,-8.552492276678582e-21
0.26,-6.000189516497992e-20,-0.012092346853355621,1.0024102674503177,-1.2993846175337813e-18,-0.13206618655061267,0.013181818831897698,0.9989234044968683,0.04638999836586734,-5.581951404246746e-19,-1.0810658022849279e-20
0.262,-6.262229090168329e-20,-0.01235828504818519,1.0024366599820846,-1.3208311794303175e-18,-0.13387352030007396,0.013210571842924653,0.9989126698399781,0.046620575212732086,-5.363371840535086e-19,-1.0161063294466041e-20
0.264,-6.528442475757097e-20,-0.012627846601036285,1.0024631091977245,-1.3411955594147284e-18,-0.1356895331370462,0.013238503075694708,0.9989019633005847,0.046849415303037226,-5.14630519529869e-19,-8.489187052495212e-21
0.266,-6.798671446147392e-20,-0.012901048799641497,1.0024896134541161,-1.36102377343949e-18,-0.13751415465730984,0.013265612977715073,0.9988912858034951,0.04707652436023213,-5.039318401241732e-19,-8.364465264010232e-21
0.268,-7.072823510451954e-20,-0.01317790879116994,1.0025161711091404,-1.380426835992577e-18,-0.13934731470174466,0.013291902103211111,0.9988806382583301,0.04730190812885018,-4.9330016713984575e-19,-7.899152385175437e-21
0.27,-7.350813847048642e-20,-0.013458443582718284,1.0025427805218916,-1.399406823095619e-18,-0.14118894335716684,0.013317371111646293,0.9988700215596183,0.04752557237410949,-4.827834251226306e-19,-6.068001930390137e-21
0.272,-7.632568864901179e-20,-0.013742670041803445,1.0025694400528877,-1.41796576518178e-18,-0.14303897095714696,0.01334202076624883,0.9988594365868895,0.04774752288151613,-4.667582924584701e-19,-5.6937377333467054e-21
0.274,-7.917939662071767e-20,-0.014030604896856905,1.002596148064275,-1.435673417628369e-18,-0.14489732808280922,0.013365851932544984,0.9988488842047691,0.04796776545646994,-4.453139144216206e-19,-5.745338424425766e-21
0.276,-8.206781659401266e-20,-0.0143222647377206,1.0026229029200322,-1.452642361545622e-18,-0.14676394556361191,0.013388865576899237,0.9988383652630741,0.048186305923872894,-4.2957842160138975e-19,-3.324609362422148e-21
0.278,-8.498954688570275e-20,-0.014617666016144344,1.00264970298617,-1.4689842210422624e-18,-0.14863875447810915,0.013411062765061396,0.9988278805969077,0.04840315012773995,-4.13950005274361e-19,-2.2777804373496204e-22
0.28,-8.794333634078738e-20,-0.01491682504628478,1.002676546630929,-1.4847020087718575e-18,-0.15052168615469438,0.013432444660720739,0.9988174310267569,0.0486183039308125,-3.982624821518883e-19,1.213763223523694e-22
0.28200000000000003,-9.092793988203264e-20,-0.015219758005205777,1.002703432224974,-1.4997988033293364e-18,-0.1524126721723255,0.013453012524067314,0.9988070173585879,0.04883177321417428,-3.8260014795317744e-19,-5.593827034627654e-22
0.28400000000000003,-9.394211861620848e-20,-0.015526480933380273,1.002730358141585,-1.514277696899346e-18,-0.1543116443612318,0.013472767710360475,0.9987966403839444,0.04904356387686984,-3.670122277429697e-19,-1.2408003016393987e-21
0.28600000000000003,-9.698463983538983e-20,-0.01583700973519351,1.0027573227568465,-1.5281417867955707e-18,-0.15621853480360312,0.013491711668504748,0.9987863008800452,0.049253681835525503,-3.513983981323857e-19,-3.976391954084549e-21
0.28800000000000003,-1.000542770564713e-19,-0.016151360179447623,1.0027843244498336,-1.5413941924432482e-18,-0.15813327583426107,0.013509845939633123,0.9987759996098816,0.04946213302397282,-3.36011096297841e-19,-3.6279624904506e-21
0.29,-1.0314980995219375e-19,-0.016469547899867574,1.002811361602794,-1.554146156782213e-18,-0.16005580004131242,0.013527172155697853,0.9987657373223173,0.049668923392874535,-3.2610473202521204e-19,-4.922701743486252e-21
0.292,-1.0627060120156323e-19,-0.01679158839560834,1.0028384326013298,-1.5666167925729385e-18,-0.1619860402667853,0.013543692038068883,0.9987555147521869,0.04987405890935303,-3.216711791502141e-19,-7.515003802302641e-21
0.294,-1.0941616173511597e-19,-0.0171174970317634,1.002865535834573,-1.5789155834167574e-18,-0.16392392960724783,0.013559407396139936,0.9987453326203952,0.050077545556621236,-3.174125003711306e-19,-7.021947935374369e-21
0.296,-1.1258614871719517e-19,-0.017447289039874397,1.0028926696953622,-1.591043375455676e-18,-0.16586940141440942,0.013574320125942374,0.9987351916340176,0.05027938933361605,-3.131569304400419e-19,-6.872764735721772e-21
0.298,-1.157802209874061e-19,-0.017780979518442024,1.0029198325804127,-1.6030010134102946e-18,-0.16782238929570528,0.013588432208766928,0.9987250924864001,0.050479596254634204,-3.087841146629195e-19,-9.463057793719077e-21
0.3,-1.1899803914396723e-19,-0.01811858343343804,1.002947022890487,-1.6147894038170096e-18,-0.16978282711486375,0.013601745709793346,0.9987150358572595,0.05067817234897055,-3.099431150904982e-19,-1.1640853926620983e-20
0.302,-1.2223962610115945e-19,-0.01846011561881841,1.0029742390305607,-1.6268419165819461e-18,-0.17175064899245704,0.013614262776727988,0.9987050224127854,0.05087512366055886,-3.1676289913744016e-19,-1.032670100610757e-20
0.304,-1.2550558141433234e-19,-0.01880559077703752,1.0030014794099855,-1.6391575400931199e-18,-0.17372578930643512,0.013625985638449585,0.9986950528057399,0.051070456247615054,-3.235846315200162e-19,-8.330739922781793e-21
0.306,-1.2879632171974925e-19,-0.019155023479563476,1.0030287424426514,-1.6516266976983247e-18,-0.1757081826926434,0.013636916603663068,0.9986851276755607,0.0512641761822828,-3.247235210578563e-19,-9.480789959634756e-21
0.308,-1.3211200871009682e-19,-0.019508428167394374,1.0030560265471444,-1.6641402636589001e-18,-0.17769776404532384,0.013647058059561632,0.9986752476484619,0.05145628955028166,-3.258401064393852e-19,-1.0971000119560478e-20
0.31,-1.3545291169519035e-19,-0.01986581915157559,1.0030833301469022,-1.6768065926537116e-18,-0.1796944685175999,0.013656412470497096,0.9986654133375363,0.05164680245055754,-3.323914750267781e-19,-1.3424851491774855e-20
0.312,-1.3881933558848844e-19,-0.020227210613718016,1.0031106516703672,-1.6896249960123892e-18,-0.18169823152194559,0.01366498237665857,0.9986556253428578,0.05183572099493561,-3.33380065297228e-19,-1.6958050514955876e-20
0.314,-1.4221143983808866e-19,-0.02059261660651722,1.0031379895511368,-1.7024869212218324e-18,-0.1837089887306384,0.013672770392759537,0.9986458842515838,0.05202305130777564,-3.3450616675886434e-19,-1.774553318957364e-20
0.316,-1.4562931130046685e-19,-0.020962051054273484,1.0031653422281113,-1.7153921776785444e-18,-0.18572667607619664,0.0136797792067334,0.998636190638058,0.0522087995256297,-3.3560944619431307e-19,-1.8872793766757873e-20
0.318,-1.4907303643818308e-19,-0.02133552775341271,1.0031927081456389,-1.7283405630419496e-18,-0.18775122975180109,0.013686011578437528,0.9986265450639132,0.052392971796902284,-3.3674331789334754e-19,-1.9313648432908916e-20
0.32,-1.525427012964596e-19,-0.02171306037300817,1.0032200857536584,-1.741331864011973e-18,-0.18978258621170108,0.013691470338365914,0.9986169480781748,0.05257557428151278,-3.378539436657113e-19,-2.0095894854865886e-20
0.322,-1.560383915000687e-19,-0.022094662455303005,1.003247473507839,-1.7543658775565996e-18,-0.19182068217160544,0.013696158386370403,0.9986074002173632,0.05275661315056035,-3.38941574656258e-19,-2.1218734125561635e-20
0.324,-1.5956019228051053e-19,-0.022480347416233556,1.0032748698697178,-1.7674424101157937e-18,-0.19386545460905805,0.013700078690390645,0.998597902005598,0.05293609458599115,-3.4004236581902743e-19,-2.199698756209971e-20
0.326,-1.6310818847264e-19,-0.022870128545953376,1.0033022733068353,-1.7805612529736544e-18,-0.19591684076379842,0.013703234285192734,0.998588453954701,0.053114024780267916,-3.4121040558769377e-19,-2.1404913233258196e-20
0.328,-1.6668246446191434e-19,-0.023264019009357977,1.0033296822928666,-1.7937221659796366e-18,-0.19797477813810738,0.01370562827111664,0.9985790565643,0.05329040993604194,-3.4242712705833816e-19,-1.9787519295392233e-20
0.33,-1.702831041245174e-19,-0.023662031846610237,1.0033570953077522,-1.806924882910689e-18,-0.20003920449713786,0.013707263812832462,0.9985697103219325,0.05346525626582732,-3.4367415336936183e-19,-1.748981719191073e-20
0.332,-1.739101907898313e-19,-0.02406417997366648,1.0033845108378252,-1.820169123260655e-18,-0.20211005786923125,0.013708144138105501,0.9985604157031496,0.05363856999167758,-3.448964379478929e-19,-1.553952592126443e-20
0.334,-1.7756391543775154e-19,-0.02447047618280313,1.0034119273759363,-1.833562829360502e-18,-0.20418727654621902,0.013708272536570284,0.9985511731716191,0.05381035734486464,-3.514037638074115e-19,-1.731025067803556e-20
0.336,-1.8124468499648164e-19,-0.02488093314314402,1.0034393434215763,-1.847322216658345e-18,-0.20627079908371007,0.013707652358513473,0.9985419831792307,0.0539806245655601,-3.6878256044011465e-19,-2.1036075788633096e-20
0.338,-1.8495359087048896e-19,-0.025295563401188173,1.003466757480996,-1.8613379933373808e-18,-0.20836056430136393,0.013706287013665802,0.9985328461661986,0.05414937790251877,-3.4248011830251365e-19,-1.896311256776755e-20
0.34,-1.886886186722145e-19,-0.02571437938133821,1.0034941680673242,-1.8733368394074455e-18,-0.21045651128314968,0.01370417997000299,0.9985237625611664,0.05431662361276461,-3.054030827392345e-19,-1.562103125063667e-20
0.342,-1.924471509157314e-19,-0.026137393386429193,1.0035215737006828,-1.8852764216004662e-18,-0.21255857937759107,0.013701334752555687,0.9985147327813102,0.054482367961278894,-3.1780903244161896e-19,-1.428822258961573e-20
0.34400000000000003,-1.9623004523686892e-19,-0.026564617598257963,1.0035489729083,-1.8976985234236336e-18,-0.2146667081979977,0.01369775494222853,0.9985057572324432,0.054646617220690676,-3.3019301784432784e-19,-1.2273395013388852e-20
0.34600000000000003,-2.0003826421289107e-19,-0.02699606407811295,1.0035763642246205,-1.9106006889048727e-18,-0.21678083762268263,0.01369344417462826,0.9984968363091195,0.05480937767096955,-3.4784262437460806e-19,-1.3298886532369392e-20
0.34800000000000003,-2.0387298173603614e-19,-0.02743174476730437,1.0036037461914136,-1.9238718154492218e-18,-0.21890090779516616,0.013688406138901018,0.9984879703947376,0.05497065559912067,-3.323810384712077e-19,-1.5596092551376367e-20
0.35000000000000003,-2.07732984927072e-19,-0.02787167148769484,1.00363111735788,-1.935887015055276e-18,-0.2210268591243665,0.01368264457657875,0.9984791598616446,0.05513045729888205,-3.1715098319867773e-19,-1.5496684716795022e-20
0.352,-2.1161695946807355e-19,-0.028315855942230354,1.0036584762807543,-1.9478438079251626e-18,-0.22315863228477703,0.013676163280434847,0.9984704050712397,0.0552887890704241,-2.8572813884244187e-19,-1.2099100530955733e-20
0.354,-2.1552276978045023e-19,-0.02876430971547159,1.0036858215244073,-1.95779590714566e-18,-0.22529616821663015,0.013668966093348944,0.9984617063740782,0.05544565722005144,-2.5432152540885256e-19,-1.1109367355261129e-20
0.356,-2.194483283076011e-19,-0.029217044274125553,1.0037131516609445,-1.9680259217187808e-18,-0.22743940812604843,0.013661056907180951,0.9984530641099746,0.05560106805990689,-2.8872916889931944e-19,-1.4458425074762002e-20
0.358,-2.2339549006544753e-19,-0.029674070967577487,1.0037404652703033,-1.9790735287227495e-18,-0.22958829348518264,0.013652439661654362,0.9984444786081065,0.05575502790767779,-2.7381491398424065e-19,-1.3341432261862228e-20
0.36,-2.2736364871703863e-19,-0.030135401028423065,1.003767760940347,-1.9889871250271755e-18,-0.2317427660323371,0.013643118343248774,0.9984359501871176,0.055907543086304495,-2.6443238513338065e-19,-1.2534311637533735e-20
0.362,-2.3135184039177593e-19,-0.030601045573000807,1.0037950372669582,-1.9991789835876375e-18,-0.23390276777208216,0.013633096984101745,0.9984274791552217,0.05605861992369103,-2.4962027204457816e-19,-1.1424114279311833e-20
0.364,-2.3535906901594425e-19,-0.031071015601924712,1.003822292854128,-2.007916248791233e-18,-0.23606824097535448,0.01362237966091991,0.9984190658103048,0.05620826475241805,-2.2927648754415827e-19,-1.2062653010432777e-20
0.366,-2.393836221152142e-19,-0.03154532200061709,1.003849526314045,-2.0163958907375145e-18,-0.23823912817954457,0.01361097049389939,0.9984107104400286,0.05635648390945796,-2.0351699653924862e-19,-1.3078728321131983e-20
0.368,-2.434233624149374e-19,-0.03202397553984153,1.0038767362671803,-2.023104342396902e-18,-0.24041537218857226,0.013598873645655535,0.9984024133219335,0.056503283735892196,-1.7802811115711877e-19,-1.1701179745186486e-20
0.37,-2.474764519500021e-19,-0.03250698687623604,1.0039039213423722,-2.02978198948605e-18,-0.24259691607294986,0.013586093320162026,0.9983941747235406,0.05664867057663075,-1.5819157292880827e-19,-9.613925569729656e-21
0.372,-2.515410627461953e-19,-0.032994366552846266,1.0039310801769068,-2.0345903292185712e-18,-0.24478370316983342,0.013572633761699248,0.9983859949024552,0.05679265078013383,-1.2735314998281877e-19,-9.99297468698535e-21
0.374,-2.5561494401190444e-19,-0.03348612499965886,1.0039582114165986,-2.0392697491440545e-18,-0.24697567708306198,0.01355849925381207,0.9983778741064675,0.056935230698135685,-1.1318617919032518e-19,-9.25534341471218e-21
0.376,-2.5969729803814387e-19,-0.03398227253413483,1.0039853137158674,-2.043063445049817e-18,-0.24917278168318502,0.013543694118276921,0.9983698125736562,0.05707641668537062,-1.1551358909463296e-19,-9.115084673643762e-21
0.378,-2.6378801698253226e-19,-0.034482819361742995,1.004012385737814,-2.0477067335921235e-18,-0.2513749611074783,0.013528222714078256,0.9983618105324893,0.05721621509930114,-1.1781083957903217e-19,-9.316279162676038e-21
0.38,-2.678871369392323e-19,-0.034987775576493456,1.0040394261542933,-2.051464470163428e-18,-0.2535821597599481,0.013512089436394358,0.998353868201926,0.05735463229984823,-1.146754545218169e-19,-8.519640815518177e-21
0.382,-2.719945857806695e-19,-0.035497151161471036,1.0040664336459861,-2.0561798180932763e-18,-0.25579432231132393,0.013495298715592487,0.9983459857915185,0.05749167464912383,-1.33325140898112e-19,-1.0692251481903896e-20
0.384,-2.7611155238259206e-19,-0.036010955989368716,1.004093406902468,-2.0606569468569033e-18,-0.2580113936990402,0.01347785501623343,0.9983381635015123,0.057627348511165306,-1.1369669465724953e-19,-8.254660372432552e-21
0.386,-2.8023676658921437e-19,-0.03652919982302102,1.004120344622277,-2.0645722204209522e-18,-0.2602333191272064,0.013459762836085342,0.9983304015229476,0.05776166025167221,-1.0511460735790867e-19,-6.114680625481402e-21
0.388,-2.8436961247693733e-19,-0.037051892315937314,1.0041472455129794,-2.0682528288122214e-18,-0.26246004406656626,0.013441026705146986,0.9983227000377601,0.057894616237745014,-1.0194781855037507e-19,-6.008198113345499e-21
0.39,-2.8850958579735824e-19,-0.03757904301283504,1.0041741082912325,-2.0715915496173874e-18,-0.2646915142544461,0.013421651184680318,0.9983150592188809,0.05802622283762603,-8.778971246595666e-20,-6.2947563546512695e-21
0.392,-2.926555708998575e-19,-0.038110661350172804,1.0042009316828469,-2.0743731741968348e-18,-0.26692767569469206,0.013401640866252399,0.9983074792303364,0.05815648642044236,-7.915945408374531e-20,-6.900077137928002e-21
0.394,-2.968069973822806e-19,-0.03864675665668337,1.0042277144228453,-2.0770332823514297e-18,-0.269168474657597,0.013381000370786617,0.9982999602273483,0.05828541335595097,-7.617566171118144e-20,-5.7727411011730255e-21
0.396,-3.009636235701945e-19,-0.039187338153906445,1.0042544552555213,-2.0795729728832798e-18,-0.2714138576798163,0.013359734347623307,0.9982925023564337,0.05841301001428588,-7.308612908676506e-20,-6.701445708088699e-21
0.398,-3.0512520923628643e-19,-0.039732414956721314,1.0042811529344944,-2.081884657525488e-18,-0.27366377156427335,0.013337847473589634,0.998285105755503,0.05853928276570733,-6.999172427885908e-20,-7.96933750538146e-21
0.4,-3.0929129900402027e-19,-0.040281996073879285,1.0043078062227644,-2.0841853723102525e-18,-0.27591816338005487,0.013315344452078822,0.9982777705539595,0.05866423798035308,-6.707218969572323e-20,-6.498119403445645e-21
0.402,-3.1346187148844614e-19,-0.04083609040853589,1.0043344138927641,-2.0862592644382054e-18,-0.27817698046229555,0.013292230012138632,0.9982704968727976,0.05878788202799175,-6.402580501001183e-20,-7.425364136092687e-21
0.404,-3.1763647366318476e-19,-0.04139470675878288,1.0043609747264088,-2.0883233620830716e-18,-0.28044017041205277,0.013268508907569174,0.9982632848247012,0.058910221277778174,-6.099418474049127e-20,-8.350920399913866e-21
0.406,-3.218151585675273e-19,-0.04195785381817991,1.0043874875151457,-2.0903780688154903e-18,-0.28270768109617117,0.01324418591602998,0.9982561345141412,0.05903126209801086,-6.353777904353021e-20,-7.885827708022858e-21
0.40800000000000003,-3.2599805147119113e-19,-0.04252554017628597,1.0044139510600003,-2.0925312850957715e-18,-0.28497946064713725,0.013219265838156295,0.9982490460374732,0.05915101085589139,-6.59278580315284e-20,-9.816000473073721e-21
0.41000000000000003,-3.3018534893304953e-19,-0.04309777431919055,1.0044403641716213,-2.094782555054363e-18,-0.28725545746292414,0.013193753496684679,0.9982420194830347,0.05926947391728591,-7.373951142285222e-20,-1.2748965698383465e-20
0.41200000000000003,-3.343776071112824e-19,-0.04367456463004439,1.0044667256703246,-2.0975638938110258e-18,-0.28953562020682666,0.013167653735587776,0.9982350549312412,0.059386657646488594,-8.706838470579631e-20,-1.4629857860779973e-20
0.41400000000000003,-3.385759561944057e-19,-0.04425591938959002,1.0044930343861342,-2.1008730442679938e-18,-0.2918198978072866,0.013140971419218292,0.9982281524546832,0.05950256840598716,-1.0033413450481242e-19,-1.650491019955931e-20
0.41600000000000004,-3.427815574100586e-19,-0.044841846776691806,1.004519289158823,-2.104707408842477e-18,-0.29410823945770886,0.01311371143146221,0.998221312118222,0.05961721255623031,-1.191729045522789e-19,-1.5963533221968387e-20
0.418,-3.4699560265716204e-19,-0.045432354868865744,1.0045454888379497,-2.1094968173229422e-18,-0.2964005946162675,0.013085878674901113,0.998214533979085,0.05973059645539722,-1.4343549849734128e-19,-1.506442431081989e-20
0.42,-3.5122017810594584e-19,-0.04602745164280875,1.0045716322828966,-2.1152368537854876e-18,-0.29869691300570306,0.013057478069983686,0.9982078180869616,0.05984272645916901,-1.6741954669615375e-19,-1.6900557391669567e-20
0.422,-3.554571802986365e-19,-0.0466271449749276,1.004597718362904,-2.1219228119041242e-18,-0.3009971446131105,0.013028514554206345,0.9982011644840968,0.059953608920502104,-1.9126940644549908e-19,-1.9071143854255432e-20
0.424,-3.5970849640254543e-19,-0.047231442641867426,1.0046237459571035,-2.129658218183211e-18,-0.3033012396897179,0.012998993081302947,0.998194573205387,0.06006325018940369,-2.2060215160616504e-19,-1.9509806615633123e-20
0.426,-3.6397625650777986e-19,-0.04784035232103974,1.0046497139545496,-2.137897030777764e-18,-0.30560914875065615,0.012968918620443593,0.9981880442784725,0.060171656612709026,-1.9496594609789527e-19,-1.835983651772713e-20
0.428,-3.6825843363242493e-19,-0.04845388159115001,1.00467562125425,-2.1441481783225697e-18,-0.30792082257472003,0.012938296155442477,0.9981815777238323,0.06027883453386071,-1.6377300821991863e-19,-2.03069894692588e-20
0.43,-3.725528287220144e-19,-0.04907203793272474,1.004701466765194,-2.1500436641512343e-18,-0.31023621220412007,0.012907130683974758,0.9981751735548764,0.06038479029268994,-1.3838104612157686e-19,-1.9163491819224496e-20
0.432,-3.7685714453289934e-19,-0.04969482872863805,1.004727249406379,-2.154069605514018e-18,-0.3125552689442259,0.012875427216802455,0.9981688317780386,0.06048953022519967,-1.0776843954267721e-19,-1.5300359300971958e-20
0.434,-3.8116930930427026e-19,-0.05032226126463772,1.004752968106837,-2.1578573426764653e-18,-0.31487794436330113,0.012843190777009288,0.9981625523928691,0.060593060663349685,-8.817854194654272e-20,-1.2796652747846648e-20
0.436,-3.854872610397388e-19,-0.05095434272987072,1.0047786218056576,-2.1600016181489705e-18,-0.31720419029222935,0.012810426399244469,0.998156335392126,0.060695387934843595,-6.32142259622047e-20,-1.0312780700818526e-20
0.438,-3.8980952457406093e-19,-0.05159108021740815,1.0048042094520104,-2.1620256548126473e-18,-0.3195339588242321,0.012777139128975434,0.9981501807618667,0.060796518362917766,-3.843048444385581e-20,-6.81235625688797e-21
0.44,-3.9413391328472283e-19,-0.052232480724769645,1.0048297300051663,-2.1621998692653373e-18,-0.32186720231457816,0.012743334021749422,0.9981440884815383,0.060896458266132096,-1.3831673716114304e-20,-2.6405451567663907e-21
0.442,-3.984585765991072e-19,-0.052878551154447166,1.0048551824345164,-2.162373246506299e-18,-0.32420387338028517,0.012709016142463937,0.998138058524069,0.06099521395816273,-1.6118723863062734e-22,-1.5449022273994342e-21
0.444,-4.0278250376827935e-19,-0.05352929831442819,1.004880565719591,-2.1615723523346695e-18,-0.3265439248998123,0.012674190564646026,0.9981320908559571,0.06109279174759663,-2.784855841355203e-21,-4.535708435272593e-21
0.446,-4.0710577147004493e-19,-0.05418472891871827,1.0049058788500747,-2.161749933898673e-18,-0.3288873100127458,0.012638862369740343,0.9981261854373611,0.06118919793772803,-1.0999110803670219e-20,-6.145479089126759e-21
0.448,-4.1142907056386377e-19,-0.05484484958786299,1.0049311208258227,-2.1614952884709603e-18,-0.33123398211947563,0.012603036646405972,0.9981203422221883,0.061284438826356764,-1.930001225995537e-20,-5.69812173671617e-21
0.45,-4.157528004237921e-19,-0.05550966684946923,1.004956290656874,-2.1622164215968445e-18,-0.3335838948808654,0.012566718489821986,0.9981145611581835,0.06137852070558844,-1.6541054110049694e-20,-5.6038976870852256e-21
0.452,-4.2007706809193e-19,-0.05617918713872577,1.004981387363464,-2.162069162150949e-18,-0.33593700221791334,0.012529913001001697,0.9981088421870171,0.06147144986163647,-1.9275431470535006e-20,-5.504825285259066e-21
0.454,-4.2440212441869753e-19,-0.05685341679892324,1.0050064099760352,-2.1631131910672938e-18,-0.3382932583114067,0.01249262528611552,0.9981031852443724,0.061563232574625926,-3.8434531858500514e-20,-6.0742520544811006e-21
0.456,-4.2872904824062432e-19,-0.05753236208197329,1.005031357535247,-2.1636114696871233e-18,-0.34065261760156784,0.01245486045582253,0.9980975902600328,0.06165387511839929,-8.210992203677042e-21,-4.285451892068795e-21
0.458,-4.3305577544646024e-19,-0.058216029148927186,1.005056229091984,-2.162917520523641e-18,-0.34301503478769296,0.01241662362461054,0.9980920571579681,0.06174338376032392,2.1890330968616868e-20,-2.8473382887121058e-21
0.46,-4.373799274858529e-19,-0.058904424070493504,1.0050810237073633,-2.161037244695815e-18,-0.34538046482778384,0.012377919910144728,0.9980865858564212,0.06183176476110147,5.189119896069941e-20,-2.1006400324822265e-21
0.462,-4.416991375883128e-19,-0.05959755282755522,1.0051057404527397,-2.157976521741882e-18,-0.34774886293817187,0.012338754432624813,0.9980811762679925,0.061919024374579,8.172867272193594e-20,-1.018876714589242e-21
0.464,-4.460110507155576e-19,-0.060295421311685964,1.0051303784097105,-2.1537412023597233e-18,-0.350120184593135,0.01229913231415067,0.9980758282997262,0.062005168847561964,1.1142467475311475e-19,5.600781423761717e-23
0.466,-4.503133235000158e-19,-0.06099803532566555,1.0051549366701185,-2.148337106420001e-18,-0.35249438552450757,0.01225905867809637,0.9980705418531938,0.06209020441962897,1.4091621982589463e-19,2.149675846538006e-21
0.468,-4.546036241746047e-19,-0.06170540058399465,1.0051794143360537,-2.1417700126970368e-18,-0.35487142172128316,0.01221853864849264,0.9980653168245784,0.06217413732294831,1.7020424390473832e-19,5.26016778130443e-21
0.47000000000000003,-4.5887963249037455e-19,-0.06241752271340876,1.0052038105198549,-2.134045666283574e-18,-0.3572512494292103,0.012177577349417648,0.9980601531047586,0.062256973782096284,1.995449877605215e-19,5.281524905082068e-21
0.47200000000000003,-4.631390396915928e-19,-0.06313440725339124,1.005228124344108,-2.1251698159815473e-18,-0.35963382515038167,0.012136179904396097,0.9980550505793907,0.0623387200138773,2.28789147426527e-19,4.613855269954348e-21
0.47400000000000003,-4.673795485028763e-19,-0.06385605965668566,1.0052523549416448,-2.1151481861227836e-18,-0.36201910564281603,0.012094351435806618,0.9980500091289916,0.062419382227145735,2.575959049082573e-19,8.731590630752745e-21
0.47600000000000003,-4.715990173691801e-19,-0.06458248528980716,1.005276501455541,-2.104419375029572e-18,-0.36440704792003387,0.012052097064297348,0.9980450286290204,0.06249896662262951,2.479714028837997e-19,1.0097191906919903e-20
0.47800000000000004,-4.75798092469023e-19,-0.06531368943355306,1.0053005630391103,-2.0946097750241373e-18,-0.36679760925062627,0.01200942190820972,0.99804010894996,0.0625774793927555,2.4939193167022377e-19,1.1462523547260197e-20
0.48,-4.799765515590838e-19,-0.06604967728351256,1.0053245388559011,-2.083767343445689e-18,-0.3691907471578172,0.011966331083010404,0.9980352499573977,0.06265492672147656,2.561920814016997e-19,1.4534471016178177e-20
0.482,-4.841339201331258e-19,-0.06679045395057556,1.0053484280796892,-2.073627579690372e-18,-0.3715864194190195,0.011922829700731306,0.9980304515121053,0.06273131478410039,2.520936468223638e-19,1.5886171985327167e-20
0.484,-4.882705545155135e-19,-0.06753602446144058,1.00537222989447,-2.0631052412978415e-18,-0.3739845840653843,0.011878922869417653,0.9980257134701196,0.06280664974712012,2.3722985382320506e-19,1.3811734207013034e-20
0.486,-4.923877479891165e-19,-0.0682863937591218,1.0053959434944513,-2.054150227759988e-18,-0.37638519938134446,0.011834615692584103,0.9980210356828205,0.06288093776804647,2.0602963648958263e-19,1.036879842403741e-20
0.488,-4.964874379534932e-19,-0.06904156670345513,1.005419568084042,-2.045456499331275e-18,-0.3787882239041513,0.011789913268678783,0.9980164179970105,0.06295418499524182,2.0776478092764227e-19,9.691337824030093e-21
0.49,-5.005697122493791e-19,-0.06980154807160342,1.0054431028778434,-2.0368069142006047e-18,-0.3811936164234058,0.01174482069055528,0.9980118602549921,0.06302639756775578,2.0957346562596623e-19,7.303848714710845e-21
0.492,-5.046345157465082e-19,-0.07056634255856067,1.0054665471006359,-2.0279857539464754e-18,-0.38360133598058344,0.011699343044952487,0.9980073622946458,0.06309758161516263,2.1665104363499856e-19,8.345307269255183e-21
0.494,-5.086813615503464e-19,-0.07133595477765527,1.0054898999873665,-2.0187773124188013e-18,-0.3860113418685528,0.011653485411982275,0.9980029239495071,0.06316774325740032,2.290805229932413e-19,1.1096478357038237e-20
0.496,-5.127092966867561e-19,-0.07211038926105233,1.005513160783136,-2.0090754784058206e-18,-0.3884235936310889,0.011607252864624983,0.9979985450488426,0.0632368886046112,2.4162387265705507e-19,1.1104432845697648e-20
0.498,-5.167173368225437e-19,-0.072889650460255,1.0055363287431833,-1.9988827007836516e-18,-0.39083805106238034,0.011560650468232608,0.9979942254177258,0.06330502375698438,2.5393457135389576e-19,1.38465052356096e-20
0.5,-5.207045024909218e-19,-0.07367374274660479,1.0055594031328698,-1.988201396186193e-18,-0.3932546742065305,0.011513683280039702,0.9979899648771128,0.06337215480459978,2.661870095624449e-19,1.6580041454966063e-20
0.502,-5.246698190467729e-19,-0.07446267041178091,1.0055823832276631,-1.9770339715361748e-18,-0.3956734233570535,0.011466356348681903,0.9979857632439166,0.06343828782727383,2.7833777155156414e-19,1.9989413691589627e-20
0.504,-5.286122084466737e-19,-0.07525643766829855,1.0056052683131187,-1.965274621786625e-18,-0.3980942590563646,0.011418674713722066,0.9979816203310821,0.06350342889440683,2.960111573651626e-19,2.2027463924100818e-20
0.506,-5.325305254057629e-19,-0.07605504865000622,1.005628057684862,-1.952925935270575e-18,-0.40051714209526434,0.011370643405183956,0.9979775359476583,0.06356758406483187,3.137222016351139e-19,2.234962760387318e-20
0.508,-5.364231617577485e-19,-0.07685850741258195,1.0056507506485686,-1.939450400530684e-18,-0.4029420335124183,0.011322267443093401,0.9979735098988726,0.06363075938666547,3.478161593059585e-19,2.2688242086821284e-20
0.51,-5.402878323222094e-19,-0.07766681793402852,1.0056733465199434,-1.9253938910872985e-18,-0.40536889459383074,0.011273551837026935,0.9979695419862029,0.06369296089715978,3.2711201010850523e-19,1.8506683864503057e-20
0.512,-5.441259405369584e-19,-0.07847998411516761,1.0056958446247,-1.912815272822944e-18,-0.40779768687231316,0.011224501585667823,0.9979656320074494,0.06375419462255642,3.1178136041595606e-19,1.7764946004852298e-20
0.514,-5.479385230182294e-19,-0.07929800978013288,1.0057182442985375,-1.899759487733117e-18,-0.4102283721269477,0.01117512167636944,0.9979617797568058,0.06381446657794194,3.1293764595689933e-19,1.807696869558035e-20
0.516,-5.517254928047638e-19,-0.08012089867686194,1.0057405448871188,-1.8873108047166378e-18,-0.4126609123825454,0.01112541708472594,0.9979579850249305,0.06387378276710481,3.0861700008198204e-19,1.803846153643381e-20
0.518,-5.554873396732899e-19,-0.0809486544775873,1.0057627457460452,-1.874600371493012e-18,-0.4150952699090991,0.011075392774150202,0.9979542475990163,0.0639321491823941,2.988673411939081e-19,1.730839057177303e-20
0.52,-5.592248041538621e-19,-0.08178128077932616,1.0057848462408325,-1.862819920997131e-18,-0.41753140722123194,0.011025053695458961,0.9979505672628606,0.06398957180457959,2.9452576411254017e-19,1.8642090061598755e-20
0.522,-5.629380103238444e-19,-0.08261878110436913,1.0058068457468854,-1.8502338229086623e-18,-0.41996928707764014,0.010974404786465093,0.9979469437969338,0.06404605660271369,3.1214297682495373e-19,2.034972267311199e-20
0.524,-5.666260361618964e-19,-0.08346115890076779,1.0058287436494704,-1.837928648130133e-18,-0.4224088724805315,0.010923450971577011,0.9979433769784486,0.06410160953399467,2.916403930234911e-19,1.5489396293403082e-20
0.526,-5.702903808291893e-19,-0.08430841754282117,1.0058505393436894,-1.8265520079260398e-18,-0.4248501266750589,0.010872197161405094,0.997939866581427,0.0641562365436316,2.6016079363416567e-19,1.1992813014507898e-20
0.528,-5.739328250431368e-19,-0.0851605603315611,1.005872232234451,-1.8156667492339116e-18,-0.42729301314874896,0.010820648252375137,0.9979364123767683,0.06420994356471084,2.9432828524183427e-19,1.4780505167455943e-20
0.53,-5.77551607334047e-19,-0.08601759049523627,1.005893821736443,-1.8031075318264906e-18,-0.42973749563092617,0.010768809126348743,0.9979330141323157,0.06426273651806395,2.7913624398530667e-19,1.3704773634143116e-20
0.532,-5.811475002692853e-19,-0.0868795111897954,1.005915307274101,-1.792885107232786e-18,-0.4321835380921325,0.010716684650250595,0.9979296716129225,0.06431462131213732,2.5858898248374255e-19,1.1598303417785235e-20
0.534,-5.847222096854246e-19,-0.08774632549936896,1.0059366882815794,-1.781959518710483e-18,-0.43463110474354216,0.010664279675702605,0.9979263845805173,0.06436560384286318,2.3814819436318683e-19,9.15737956269759e-21
0.536,-5.882775065257996e-19,-0.08861803643674993,1.005957964202721,-1.7734718917070597e-18,-0.4370801600363722,0.01061159903866484,0.9979231527941699,0.06441568999353216,2.0686193316619642e-19,6.019776002806146e-21
0.538,-5.918153338533205e-19,-0.08949464694387324,1.0059791344910236,-1.7642727363027852e-18,-0.4395306686612886,0.010558647559083182,0.9979199760101549,0.06446488563466743,2.1945864524510334e-19,6.0601785767438284e-21
0.54,-5.953353532488376e-19,-0.09037615989229411,1.0060001986096092,-1.7556643532352645e-18,-0.441982595547808,0.010505430040543693,0.9979168539820163,0.06451319662390029,2.2109746543902993e-19,4.70796048286397e-21
0.542,-5.988373015365776e-19,-0.09126257808366513,1.0060211560311898,-1.7462377413643725e-18,-0.44443590586369514,0.010451951269933642,0.9979137864606303,0.06456062880584722,2.282439534071071e-19,3.028673851268532e-21
0.544,-6.023207724534667e-19,-0.09215390425021212,1.0060420062380346,-1.737079017069074e-18,-0.4468905650143561,0.010398216017109066,0.9979107731942684,0.06460718801198852,2.4087202700848816e-19,1.0225166632879324e-21
0.546,-6.057844610346554e-19,-0.09305014105520888,1.006062748721935,-1.726564070534688e-18,-0.44934653864222746,0.0103442290345689,0.9979078139286591,0.06465288006054831,2.5340540725212168e-19,-6.407372782821984e-22
0.548,-6.09227536646213e-19,-0.09395129109345056,1.0060833829841695,-1.7165384774648736e-18,-0.4518037926261613,0.01028999505713559,0.9979049084070503,0.06469771075637615,2.605320214841867e-19,-4.364313862663806e-21
0.55,-6.12649352890576e-19,-0.0948573568917259,1.006103908535469,-1.7052688589330724e-18,-0.4542622930808063,0.01023551880164212,0.9979020563702693,0.06474168589082997,2.784343543782171e-19,-5.31926745691887e-21
0.552,-6.160486534139435e-19,-0.09576834090928824,1.006124324895979,-1.6939511010050897e-18,-0.4567220063559845,0.010180804966625422,0.9978992575567844,0.06478481124166062,3.014922130687213e-19,-2.157724351865995e-21
0.554,-6.194234665131902e-19,-0.09668424553832515,1.006144631595224,-1.6807460954703597e-18,-0.4591828990360646,0.01012585823202614,0.9978965117027638,0.06482709257289769,3.3002265361133003e-19,-3.61123357543325e-22
0.556,-6.227717211910571e-19,-0.09760507310442701,1.0061648281720694,-1.6672852991501548e-18,-0.46164493793933137,0.010070683258894613,0.9978938185421353,0.06486853563473695,3.5845293779237e-19,1.0859661821391028e-21
0.558,-6.260913566422315e-19,-0.0985308258670541,1.0061849141746837,-1.6524884652400035e-18,-0.46410809011735094,0.010015284689103105,0.9978911778066454,0.06490914616342909,3.375407166456841e-19,-1.360844835712048e-21
0.56,-6.293837843270583e-19,-0.09946150602000257,1.0062048891604993,-1.6401490876007363e-18,-0.4665723228543327,0.00995966714506423,0.9978885892259166,0.06494892988117001,3.112659101404071e-19,-4.497442254269747e-21
0.562,-6.326508066244174e-19,-0.10039711569186914,1.006224752696174,-1.626685571512272e-18,-0.4690376036664874,0.009903835229455414,0.9978860525275061,0.06498789249599245,3.45274661571717e-19,-3.3634084752032207e-21
0.5640000000000001,-6.358903953202128e-19,-0.10133765694651434,1.006244504357551,-1.613077167790571e-18,-0.47150390030138156,0.009847793524949527,0.9978835674369618,0.065026039701659,3.2983876899173503e-19,-4.759898453526586e-21
0.5660000000000001,-6.391035249128387e-19,-0.10228313178352468,1.0062641437296185,-1.6000817364669542e-18,-0.47397118073728867,0.009791546593951393,0.9978811336778796,0.06506337717755666,3.143870616341258e-19,-4.782702774059383e-21
0.5680000000000001,-6.422911294847751e-19,-0.10323354213867333,1.006283670406469,-1.5875877273518973e-18,-0.4764394131825364,0.00973509897834038,0.9978787509719587,0.0650999105885926,3.0454638190956794e-19,-5.4727493428085866e-21
0.5700000000000001,-6.45454137285445e-19,-0.10418888988437967,1.0063030839912583,-1.5754846573300165e-18,-0.4789085660748509,0.009678455199218805,0.9978764190390573,0.06513564558509155,2.94752360352044e-19,-6.159421103819984e-21
0.5720000000000001,-6.485933282699549e-19,-0.10514917683016733,1.006322384096163,-1.5637706050181535e-18,-0.48137860808069716,0.009621619756666235,0.9978741375972474,0.06517058780269434,2.8504940324322915e-19,-7.526608822986043e-21
0.5740000000000001,-6.517094785622673e-19,-0.10611440472312106,1.0063415703423388,-1.552443659324995e-18,-0.48384950809461663,0.009564597129499556,0.9978719063628687,0.065204742862258,2.8070717725860953e-19,-6.138010744774487e-21
0.5760000000000001,-6.548029279768369e-19,-0.1070845752483422,1.0063606423598777,-1.5409614937668707e-18,-0.4863212352385612,0.009507391775038804,0.9978697250505825,0.06523811636975707,2.8731426522721077e-19,-4.0373031444380636e-21
0.578,-6.578730781783661e-19,-0.10805969002940283,1.006379599787764,-1.529108677753246e-18,-0.48879375886122395,0.009450008128878678,0.9978675933734246,0.06527071391618647,2.9387681778588165e-19,-1.942448284646279e-21
0.58,-6.609194061542978e-19,-0.1090397506287986,1.0063984422738323,-1.5172115990980748e-18,-0.4912670485373671,0.00939245060466568,0.9978655110428584,0.06530254107746553,2.9495957422975275e-19,-5.523517113637494e-22
0.582,-6.639418962401747e-19,-0.11002475854840017,1.0064171694747215,-1.505270822529678e-18,-0.4937410740671464,0.009334723593880871,0.997863477768826,0.06533360341434344,2.9596990244505356e-19,1.860264860303192e-21
0.584,-6.669403892165182e-19,-0.11101471522990335,1.0064357810558313,-1.493178547177626e-18,-0.49621580547543287,0.009276831465628129,0.9978614932598004,0.0653639064723061,3.023212624463714e-19,6.3346013499372595e-21
0.586,-6.699144388389588e-19,-0.1120096220552778,1.0064542766912774,-1.4808276734941642e-18,-0.49869121301113123,0.009218778566427896,0.9978595572228359,0.06539345578148424,3.089107823185735e-19,6.6943760939800045e-21
0.588,-6.728635291968325e-19,-0.11300948034721447,1.0064726560638455,-1.4682194883491636e-18,-0.5011672671464956,0.009160569220016351,0.9978576693636189,0.06542225685656286,3.154690247752301e-19,7.052482166207601e-21
0.59,-6.757871469502193e-19,-0.11401429136957157,1.0064909188649456,-1.4553552733937232e-18,-0.5036439385764422,0.00910220772714996,0.9978558293865166,0.06545031519669202,3.218841476466113e-19,9.11857431257032e-21
0.592,-6.786847813116272e-19,-0.11502405632781923,1.0065090647945665,-1.4422362981834341e-18,-0.5061211982178592,0.009043698365415322,0.9978540369946279,0.06547763628539892,3.281790688628748e-19,1.2545876007562899e-20
0.594,-6.815559240198221e-19,-0.11603877636948272,1.0065270935612285,-1.4288638214092606e-18,-0.508599017208914,0.008985045389044346,0.9978522918898307,0.06550422559050131,3.290851909027422e-19,1.389565636283566e-20
0.596,-6.844004297754859e-19,-0.11705845258458436,1.0065450048819369,-1.4156715000595333e-18,-0.5110773669083575,0.008926253028734572,0.9978505937728306,0.06553008856402216,3.24762855144438e-19,1.1121985934283751e-20
0.598,-6.872188388383558e-19,-0.11808308600608396,1.0065627984821348,-1.4027669889348643e-18,-0.5135562188948257,0.0088673254914747,0.9978489423432083,0.06555523064210565,3.147660133130952e-19,1.1414961916518267e-20
0.6,-6.900117979660764e-19,-0.11911267761031787,1.0065804740956554,-1.3902574005771644e-18,-0.516035544966139,0.008808266960375205,0.9978473372994668,0.06557965724493442,3.0478109244111523e-19,1.2050077323467596e-20
0.602,-6.927801313775221e-19,-0.1201472283174367,1.006598031464674,-1.3781409631966937e-18,-0.5185153171385983,0.008749081594504042,0.9978457783390782,0.06560337377664813,2.9504550728984283e-19,9.60811224336383e-21
0.604,-6.955246234453615e-19,-0.12118673899184153,1.0066154703396601,-1.3664157501896645e-18,-0.5209955076462794,0.008689773528727324,0.9978442651585285,0.06562638562526324,2.854011634165734e-19,6.490620743457081e-21
0.606,-6.982460547027082e-19,-0.12223121044261877,1.0066327904793282,-1.3550798478781692e-18,-0.523476088940324,0.008630346873554977,0.9978427974533645,0.06564869816259408,2.7582524740281934e-19,3.0407056944987393e-21
0.608,-7.009452018655036e-19,-0.12328064342397356,1.0066499916505895,-1.3442395352557904e-18,-0.5259570336882292,0.008570805714991279,0.9978413749182378,0.06567031674417519,2.6059938344787763e-19,2.659960773430492e-21
0.61,-7.036233425902658e-19,-0.12433503863566182,1.0066670736285028,-1.33400089725117e-18,-0.5284383147731335,0.008511154114390282,0.9978399972469496,0.06569124670918486,2.4538771381319866e-19,2.9656492692307386e-21
0.612,-7.062816053909735e-19,-0.12539439672342076,1.0066840361962246,-1.3243611377330139e-18,-0.5309199052931016,0.00845139610831601,0.9978386641324944,0.06571149338036994,2.3029293102602734e-19,2.59009804997089e-21
0.614,-7.089212932524679e-19,-0.12645871827939806,1.0067008791449594,-1.3154254875647407e-18,-0.5334017785604064,0.008391535708407411,0.9978373752671033,0.06573106206397189,2.0441821636656452e-19,1.301189573673857e-22
0.616,-7.115439193625255e-19,-0.1275280038425795,1.0067176022739104,-1.3070822942093938e-18,-0.5358839081008081,0.008331576901247998,0.9978361303422865,0.06574995804965403,2.278897758161343e-19,9.2267190263414e-22
0.618,-7.14148140825391e-19,-0.1286022538992153,1.0067342053902284,-1.2969494490590543e-18,-0.5383662676528327,0.008271523648240164,0.997834929048876,0.06576818661043002,2.509798856145385e-19,5.8128738901266144e-21
0.62,-7.167320813795772e-19,-0.12968146888324486,1.006750688308962,-1.2868742354635893e-18,-0.5408488311670464,0.008211379885484035,0.9978337710770676,0.06578575300259357,2.686471731068722e-19,7.933583151709337e-21
0.622,-7.192943786988391e-19,-0.13076564917672015,1.0067670508530067,-1.275343000562295e-18,-0.5433315728053297,0.008151149523660957,0.9978326561164612,0.06580266246564928,2.809367786214705e-19,6.606594704333419e-21
0.624,-7.218340036476561e-19,-0.1318547951102276,1.0067832928530531,-1.2643104287507286e-18,-0.5458144669401481,0.008090836447921369,0.9978315838561024,0.06581892022224484,2.8756241375135767e-19,6.971765601981477e-21
0.626,-7.2435065315419775e-19,-0.13294890696330855,1.0067994141475372,-1.2523676796701636e-18,-0.5482974881538214,0.008030444517777211,0.9978305539845223,0.06583453147810416,2.887215181704964e-19,6.6328862242631425e-21
0.628,-7.268442061635439e-19,-0.1340479849648782,1.006815414582588,-1.241250028737675e-18,-0.5507806112377909,0.00796997756699868,0.9978295661897774,0.065849501421962,2.8460746014216385e-19,2.8565976950507788e-21
0.63,-7.293148305603759e-19,-0.1351520292936431,1.0068312940119764,-1.2293308343985333e-18,-0.5532638111918848,0.007909439403515326,0.9978286201594884,0.06586383522549949,2.9135149457057116e-19,1.178970539825995e-21
0.632,-7.317619726648846e-19,-0.13626104007851725,1.006847052297063,-1.2176957352598802e-18,-0.5557470632235817,0.007848833809321444,0.9978277155808795,0.06587753804328099,3.08905370763431e-19,1.9367049747034763e-21
0.634,-7.341841790825626e-19,-0.13737501739903668,1.0068626893067463,-1.2043956954490497e-18,-0.5582303427472717,0.00778816454038573,0.9978268521408159,0.06589061501269204,3.318693164768832e-19,2.7093446926520686e-21
0.636,-7.36579822704527e-19,-0.13849396128577243,1.006878204917411,-1.1911697164833715e-18,-0.5607136253835165,0.007727435326565099,0.9978260295258421,0.06590307125387852,3.4357997196702436e-19,5.831511897544311e-21
0.638,-7.389480060379628e-19,-0.1396178717207422,1.0068935990128751,-1.1769357766032555e-18,-0.5631968869583076,0.0076666498715226615,0.9978252474222188,0.0659149118696869,3.4969642308414995e-19,9.609059281786635e-21
0.64,-7.412879807158905e-19,-0.1407467486378205,1.0069088714843377,-1.1628892218596814e-18,-0.565680103502322,0.007605811852649798,0.9978245055159592,0.06592614194560566,3.670279355932528e-19,9.311950091737113e-21
0.642,-7.435984252122966e-19,-0.14188059192314728,1.0069240222303262,-1.147406048621003e-18,-0.5681632512501772,0.007544924920992254,0.9978238034928663,0.06593676654970784,3.8429041672682987e-19,9.01391182955e-21
0.644,-7.458782761186833e-19,-0.14301940141553499,1.0069390511566438,-1.1326568648158242e-18,-0.5706463066396841,0.007483992701180268,0.9978231410385672,0.06594679073259473,3.5206426785953025e-19,7.853537174608898e-21
0.646,-7.481299016384947e-19,-0.14416317690687425,1.0069539581763165,-1.1191796565390027e-18,-0.5731292463110985,0.007423018791362618,0.9978225178385494,0.06595621952734064,3.199681901820865e-19,7.04266496306906e-21
0.648,-7.503558394443138e-19,-0.14531191814253805,1.00696874320954,-1.106968150074689e-18,-0.5756120471063708,0.007362006763144556,0.9978219335781952,0.06596505794943885,2.8804668743994845e-19,5.89699859168356e-21
0.65,-7.525586146916267e-19,-0.1464656248217843,1.0069834061836267,-1.096016102214412e-18,-0.5780946860683943,0.007300960161529635,0.9978213879428157,0.06597331099674861,2.563215802583515e-19,4.0753735683919376e-21
0.652,-7.547404155304603e-19,-0.14762429659815704,1.0069979470329522,-1.0856682008647724e-18,-0.5805771404402523,0.007239882504865294,0.9978208806176851,0.06598098364944326,2.794757909178352e-19,5.538711411232082e-21
0.654,-7.568998495934978e-19,-0.148787933079886,1.0070123656989023,-1.0736501351525241e-18,-0.5830593876644632,0.0071787772847922305,0.9978204112880735,0.06598808086995941,2.969687605256704e-19,7.659059371021233e-21
0.656,-7.590354241875385e-19,-0.14995653383028476,1.0070266621298192,-1.06191746339409e-18,-0.5855414053822249,0.007117647966197451,0.9978199796392802,0.06599460760294734,3.088627312787914e-19,1.0095055159963786e-20
0.658,-7.611462305396786e-19,-0.15113009836814734,1.007040836280948,-1.0487380239854248e-18,-0.5880231714326573,0.007056497987171009,0.9978195853566654,0.06600056877522224,3.2639677200065166e-19,9.4670527743667e-21
0.66,-7.632307879744325e-19,-0.15230862616814325,1.0070548881143833,-1.0356330293330276e-18,-0.5905046638520436,0.006995330758966313,0.9978192281256828,0.06600596929571677,3.4934120328051415e-19,8.857519172089681e-21
0.662,-7.652872980726988e-19,-0.15349211666121113,1.007068817599015,-1.0206553391770624e-18,-0.5929858608730708,0.0069341496659640475,0.9978189076319106,0.06601081405543452,3.8300531457752284e-19,1.0679786415841817e-20
0.664,-7.673135027030304e-19,-0.15468056923495074,1.0070826247104754,-1.0056531622981324e-18,-0.5954667409240683,0.006872958065639573,0.9978186235610826,0.06601510792740464,3.672968796208031e-19,8.893564187567765e-21
0.666,-7.693103282195829e-19,-0.1558739832340135,1.0070963094310843,-9.91275732882231e-19,-0.5979472826282456,0.0068117592885338215,0.9978183755991189,0.0660188557666374,3.5159518819078197e-19,8.139580845587233e-21
0.668,-7.712790210414942e-19,-0.15707235796049146,1.007109871749796,-9.77519977453286e-19,-0.600427464802929,0.006750556638227601,0.9978181634321555,0.0660220624100809,3.359452665293272e-19,7.731945935501042e-21
0.67,-7.732208214554496e-19,-0.15827569267430486,1.0071233116621447,-9.643828369845148e-19,-0.6029072664587969,0.006689353391319294,0.9978179867465742,0.06602473267657884,3.2032424753743226e-19,8.010920815872211e-21
0.672,-7.751369636444726e-19,-0.15948398659358792,1.007136629170191,-9.51969450260515e-19,-0.6053866667991142,0.006628152797405878,0.9978178452290319,0.06602687136682915,2.9944217678165534e-19,5.8787765785177515e-21
0.674,-7.770292886493553e-19,-0.1606972388950734,1.0071498242824677,-9.404929619785047e-19,-0.6078656452189658,0.006566958079067226,0.9978177385664891,0.06602848326334386,2.786914392667842e-19,3.071250614608535e-21
0.676,-7.788993058904718e-19,-0.16191544871447533,1.0071628970139253,-9.29625059421093e-19,-0.6103441813044884,0.006505772431853664,0.997817666446238,0.06602957313040986,2.5800375721917236e-19,6.140389184387311e-22
0.678,-7.807485536629559e-19,-0.16313861514687047,1.0071758473858787,-9.197949668010618e-19,-0.6128222548321023,0.006444599024276731,0.9978176285559307,0.0660301457140507,2.319663240877945e-19,-2.5378853970257785e-21
0.68,-7.825791751011409e-19,-0.16436673724707807,1.007188675425953,-9.109979084466692e-19,-0.6152998457677414,0.00638344099780306,0.9978176245836063,0.06603020574198945,2.0593939493764193e-19,-3.9681474267717925e-21
0.682,-7.843932311746773e-19,-0.16559981403003807,1.0072013811680285,-9.032287893436773e-19,-0.6177769342660833,0.006322301466851407,0.997817654217718,0.0660297579236124,1.8003580900217722e-19,-5.390834905249322e-21
0.684,-7.861927726874728e-19,-0.16683784447118788,1.007213964652188,-8.964825387601703e-19,-0.620253500669777,0.006261183518792711,0.9978177171471594,0.066028806949934,1.5425498206956789e-19,-6.805998983164317e-21
0.686,-7.879798403261754e-19,-0.16808082750683753,1.0072264259246617,-8.907541101502417e-19,-0.6227295255086718,0.0062000902139531895,0.997817813061291,0.06602735749356256,1.2859633269138596e-19,-8.21369038471591e-21
0.6880000000000001,-7.897564647084298e-19,-0.16932876203454328,1.0072387650377734,-8.860384810249742e-19,-0.6252049894990432,0.006139024585620399,0.9978179416499655,0.06602541420866706,1.0305928283545785e-19,-9.613959366384162e-21
0.6900000000000001,-7.915246664308603e-19,-0.17058164691347974,1.0072509820498865,-8.823306529079987e-19,-0.6276798735428202,0.00607798964005224,0.9978181026035533,0.0660229817309449,7.757538028625483e-20,-9.981114857078755e-21
0.6920000000000001,-7.93286456117385e-19,-0.17183948096481036,1.0072630770253497,-8.796256515368057e-19,-0.6301541587268097,0.006016988356488849,0.9978182956129671,0.06602006467759056,5.2189403248759537e-20,-1.0000654983544444e-20
0.6940000000000001,-7.950438344674302e-19,-0.17310226297205641,1.0072750500344432,-8.779185266922462e-19,-0.6326278263219224,0.005956023687167321,0.9978185203696864,0.06601666764726535,2.6855666769539864e-20,-8.990823633555199e-21
0.6960000000000001,-7.967989004879215e-19,-0.1743699916814645,1.0072869011533248,-8.773125360131643e-19,-0.6351008577823962,0.005895098557339254,0.9978187765657817,0.06601279522006799,-3.738564744666081e-21,-9.708621095070888e-21
0.6980000000000001,-7.985534908208877e-19,-0.1756426658023723,1.007298630463976,-8.770452975828261e-19,-0.6375732347450203,0.005834215865291047,0.9978190638939375,0.06600845195750617,2.6134254448314752e-20,-8.832658642004131e-21
0.7000000000000001,-8.003055025246484e-19,-0.17692028400757306,1.0073102380541474,-8.748429360912049e-19,-0.6400449390283575,0.005773378482366912,0.9978193820474761,0.06600364240246907,6.679726746642769e-20,-6.897271966561831e-21
0.7020000000000001,-8.020524451585307e-19,-0.17820284493367816,1.007321724017306,-8.721217418358152e-19,-0.6425159526319671,0.005712589252994558,0.9978197307203803,0.06599837107920088,6.343473597719825e-20,-6.841624516387153e-21
0.704,-8.037940780018766e-19,-0.17949034718147852,1.0073330884525804,-8.695330410840257e-19,-0.6449862577356269,0.005651850994713523,0.9978201096073155,0.06599264249327509,6.006545463033576e-20,-6.443235800251024e-21
0.706,-8.055306653892635e-19,-0.18078278931630415,1.0073443314647075,-8.670761818694855e-19,-0.6474558366985539,0.005591166498206104,0.9978205184036516,0.06598646113156982,5.67346354715447e-20,-6.386750989390334e-21
0.708,-8.072624703544462e-19,-0.18208016986838227,1.0073554531639786,-8.647505154190852e-19,-0.6499246720586258,0.005530538527330807,0.9978209568054852,0.06597983146224405,5.3374336725444874e-20,-5.646025796941981e-21
0.71,-8.089897546371339e-19,-0.18338248733319387,1.007366453666186,-8.625553964298781e-19,-0.6523927465316013,0.005469969819158371,0.9978214245096603,0.06597275793471473,5.0052365181218814e-20,-5.247620052324956e-21
0.712,-8.107127786894178e-19,-0.18468974017182868,1.0073773330925693,-8.604901825213012e-19,-0.6548600430103401,0.005409463084010181,0.9978219212137889,0.0659652449796348,4.674601511843731e-20,-4.849216729184303e-21
0.714,-8.124318016816628e-19,-0.18600192681133862,1.0073880915697622,-8.585542341937261e-19,-0.6573265445640227,0.0053490210054991764,0.9978224466162721,0.06595729700887215,4.365865402021731e-20,-7.528055220764229e-21
0.716,-8.141471896896027e-19,-0.18731904564508958,1.0073987292297388,-8.568550962373031e-19,-0.6597922344373699,0.005288646240573119,0.9978230004163197,0.0659489184154894,3.502531906240204e-20,-9.193967022009177e-21
0.718,-8.158594877142299e-19,-0.18864109503311183,1.0074092462097608,-8.555001256164329e-19,-0.6622570960498616,0.005228341419560247,0.9978235823139698,0.06594011357372462,2.6307115696316742e-20,-9.145831191126282e-21
0.72,-8.175693466708403e-19,-0.18996807330244866,1.0074196426523234,-8.543797811180768e-19,-0.6647211129949557,0.005168109146217185,0.9978241920101086,0.06593088683897286,2.3133057393162713e-20,-9.420009414421881e-21
0.722,-8.192770906635825e-19,-0.19129997874750362,1.0074299187051035,-8.533850625388966e-19,-0.6671842690393068,0.005107951997779181,0.9978248292064884,0.06592124254776865,1.9838490710438416e-20,-7.641535782961412e-21
0.724,-8.209829703262612e-19,-0.1926368096303861,1.0074400745209051,-8.525153527046684e-19,-0.6696465481219844,0.005047872525012529,0.997825493605747,0.06591118501776932,1.653660377848921e-20,-5.5248604786115916e-21
0.726,-8.226872350626641e-19,-0.1939785641812554,1.0074501102576081,-8.517700387431911e-19,-0.672107934353691,0.004987873252269246,0.9978261849114258,0.06590071854773913,1.3182217856196185e-20,-2.3873627569082323e-21
0.728,-8.24390133055475e-19,-0.19532524059866316,1.0074600260781144,-8.511485116407114e-19,-0.6745684120159802,0.004927956677543858,0.9978269028279871,0.0658898474175343,1.0023762245348137e-20,-1.9913309678151138e-21
0.73,-8.260919112688125e-19,-0.19667683704989436,1.0074698221502953,-8.506501620602045e-19,-0.6770279655604746,0.0048681252725323206,0.9978276470608322,0.0658785758880889,6.85763735792416e-21,-1.2542338120855249e-21
0.732,-8.277929236362419e-19,-0.19803335167130662,1.00747949864694,-8.503825692394434e-19,-0.6794865796080836,0.00480838148269303,0.9978284173163178,0.06586690820140159,-1.809498649584059e-21,-1.957493575990432e-22
0.734,-8.294937030847481e-19,-0.19939478256866802,1.0074890557457015,-8.504531228560826e-19,-0.6819442389482206,0.004748727727309861,0.9978292133017734,0.0658548485805231,-1.0290801465103797e-20,-1.5323070588853543e-21
0.736,-8.311949605539099e-19,-0.20076112781749328,1.0074984936290459,-8.508603229677924e-19,-0.6844009285380217,0.004689166399557237,0.9978300347255173,0.06584240122954464,-1.8709185808882657e-20,-3.20628216357456e-21
0.738,-8.328973676706071e-19,-0.2021323854633785,1.0075078124841994,-8.516025046279525e-19,-0.6868566335015622,0.00462969986656714,0.9978308812968733,0.06582957033358712,-2.7042302606537886e-20,-5.559207667634692e-21
0.74,-8.346015927384385e-19,-0.20350855352233418,1.0075170125030966,-8.526780097909156e-19,-0.6893113391290752,0.004570330469498098,0.9978317527261853,0.06581636005879112,-3.549349877021003e-20,-5.51181604888217e-21
0.742,-8.363083007566971e-19,-0.20488962998111682,1.0075260938823283,-8.539770071213915e-19,-0.6917650308761686,0.004511060523606019,0.9978326487248338,0.06580277455230771,-3.8456627629006756e-20,-4.76047718989301e-21
0.744,-8.380175766450884e-19,-0.20627561279755882,1.00753505682309,-8.552818514186532e-19,-0.6942176943630435,0.004451892318316941,0.9978335690052503,0.06578881794229013,-3.5935156719082785e-20,-3.6497123531793136e-21
0.746,-8.397292517598029e-19,-0.20766649990089694,1.0075439015311305,-8.563763140565189e-19,-0.6966693153737116,0.004392828117301557,0.9978345132809321,0.06577449433788621,-2.7864986321226153e-20,-3.548173513840405e-21
0.748,-8.414428338231697e-19,-0.2090622891920991,1.0075526282167,-8.571529031350568e-19,-0.6991198798552134,0.004333870158551569,0.997835481266457,0.06575980782923149,-1.957201208640502e-20,-7.208801699880746e-21
0.75,-8.431577605174781e-19,-0.21046297854418966,1.007561237094499,-8.576130083722308e-19,-0.7015693739168365,0.004275020654457794,0.9978364726774969,0.06574476248744336,-1.1497826214144936e-20,-8.127053097877018e-21
0.752,-8.448730038379705e-19,-0.21186856580257318,1.0075697283836278,-8.575419878119902e-19,-0.7040177838293337,0.004216281791889976,0.9978374872308318,0.06572936236461575,7.376685947949745e-21,-6.957056568672955e-21
0.754,-8.465874678374229e-19,-0.2132790487853565,1.007578102307534,-8.569422921604709e-19,-0.7064650960241415,0.004157655732278289,0.9978385246443632,0.0657136114938147,1.5178659297561097e-20,-5.486039655464515e-21
0.756,-8.483005664165003e-19,-0.2146944252836694,1.0075863590939638,-8.561407520904006e-19,-0.7089112970925995,0.004099144611696521,0.997839584637127,0.06569751388907472,1.7292535895934905e-20,-1.6446515515032189e-21
0.758,-8.500118608303441e-19,-0.21611469306198355,1.0075944989749095,-8.551382016016301e-19,-0.7113563737851684,0.00404075054094684,0.9978406669293067,0.06568107354539586,2.502407358699731e-20,1.5360268730158426e-22
0.76,-8.517208775043985e-19,-0.21753984985843003,1.00760252218656,-8.538271090570114e-19,-0.7138003130106503,0.003982475605646166,0.9978417712422455,0.06566429443874151,3.288929976459849e-20,-4.46617641522467e-22
0.762,-8.534269645599596e-19,-0.2189698933851152,1.0076104289692505,-8.523170128754201e-19,-0.7162431018354077,0.003924321866314092,0.9978428972984582,0.06564718052603709,3.513418552996536e-20,3.029828957160952e-22
0.764,-8.551300139005534e-19,-0.22040482132843503,1.007618219567412,-8.507174269718679e-19,-0.7186847274825839,0.0038662913584623323,0.9978440448216438,0.06562973574516928,4.282607364960912e-20,1.4095231171313943e-21
0.766,-8.568293064860261e-19,-0.22184463134938792,1.0076258942295215,-8.484883749360759e-19,-0.721125177331323,0.0038083860926856478,0.9978452135366966,0.06561196401498619,6.142296386939505e-20,3.2314872027563333e-21
0.768,-8.585234413078123e-19,-0.22328932108388594,1.0076334532080529,-8.4552409875856425e-19,-0.7235644389159906,0.0037506080547542475,0.9978464031697174,0.06559386923529807,7.978710886261505e-20,7.440559474582796e-21
0.77,-8.602109152413942e-19,-0.2247388881430644,1.0076408967594261,-8.418280674364834e-19,-0.7260024999253955,0.0036929592057075825,0.9978476134480245,0.06557545528687898,9.822095053479408e-20,9.24372697661695e-21
0.772,-8.618900881716476e-19,-0.22619333011359002,1.0076482251439591,-8.372958828088051e-19,-0.7284393482020102,0.0036354414819495516,0.9978488441001646,0.0655567260314689,1.2209253434981318e-19,1.0373084248787542e-20
0.774,-8.635595445355676e-19,-0.22765264455796755,1.0076554386258179,-8.319318480900951e-19,-0.730874971741194,0.0035780567953450702,0.9978500948559229,0.06553768531177682,1.4043817033739145e-19,1.0452867531174226e-20
0.776,-8.652173721363814e-19,-0.2291168290148446,1.0076625374729675,-8.257398995004184e-19,-0.7333093586904149,0.003520807033317958,0.9978513654463331,0.06551833695148435,1.6437958098992746e-19,7.468080930826246e-21
0.778,-8.668618834252212e-19,-0.2305858809993152,1.007669521957124,-8.186162729646457e-19,-0.7357424973484729,0.0034636940589501267,0.9978526556036879,0.06549868475525013,1.8805122459187883e-19,6.879828458354472e-21
0.78,-8.684912196487872e-19,-0.23205979800322168,1.0076763923537047,-8.10565569113064e-19,-0.7381743761647229,0.003406719711082053,0.9978539650615473,0.06547873250871492,2.114090114606121e-19,9.366299891250666e-21
0.782,-8.701035312409795e-19,-0.23353857749545498,1.0076831489417808,-8.015923732070744e-19,-0.7406049837382999,0.0033498858044144625,0.9978552935547493,0.0654584839785074,2.3476808919734435e-19,1.013367644243387e-20
0.784,-8.716969777823395e-19,-0.23502221692225345,1.007689792004029,-7.917012458710979e-19,-0.7430343088173424,0.003293194129611234,0.9978566408194177,0.06543794291225058,2.580839455166709e-19,9.869103557272978e-21
0.786,-8.732697279493595e-19,-0.23651071370750001,1.0076963218266832,-7.808967227626131e-19,-0.7454623402982189,0.003236646453403497,0.9978580065929713,0.06541711303856898,2.812896089501952e-19,9.601643369060512e-21
0.788,-8.748198512793251e-19,-0.23800406525301798,1.007702738699487,-7.69183317713214e-19,-0.7478890672247526,0.0031802445186948527,0.9978593906141323,0.06539599806709644,3.097443277278492e-19,1.1400024746979708e-20
0.79,-8.763455345085073e-19,-0.23950226893886506,1.007709042915646,-7.563491517454983e-19,-0.750314478787449,0.0031239900446677366,0.9978607926229345,0.06537460168848461,3.325744410692002e-19,1.3516030015957531e-20
0.792,-8.778446488271816e-19,-0.24100532212362602,1.0077152347717802,-7.426151218252442e-19,-0.7527385643227222,0.00306788472689085,0.997862212360731,0.06535292757441213,3.5531858888931824e-19,1.5282460651224775e-20
0.794,-8.7931539896745e-19,-0.24251322214470375,1.0077213145678778,-7.278774958736379e-19,-0.7551613133121237,0.0030119302374276725,0.9978636495702022,0.0653309793775944,3.8344802660234766e-19,1.7058468154022598e-20
0.796,-8.807558544928882e-19,-0.24402596631860868,1.0077272826072474,-7.126820152925006e-19,-0.75758271538157,0.002956128224946024,0.9978651039953628,0.06530876073179405,3.566906590733858e-19,1.5928059935443608e-20
0.798,-8.821678084091295e-19,-0.24554355194124683,1.0077331391964717,-6.995193046713547e-19,-0.7600027603005728,0.0029004803148285755,0.9978665753815692,0.0652862752518321,3.2445480096568163e-19,1.6498102990991827e-20
0.8,-8.835535858927932e-19,-0.24706597628820617,1.007738884645361,-6.861078890719634e-19,-0.7624214379814687,0.002844988109284403,0.9978680634755264,0.06526352653359968,3.471248899813595e-19,1.996656541367826e-20
0.802,-8.84911642896317e-19,-0.24859323661504154,1.0077445192669068,-6.717995377203515e-19,-0.7648387384786499,0.0027896531874614635,0.9978695680252944,0.06524051815407043,3.6970948979423253e-19,2.308144554025582e-20
0.804,-8.862401899989236e-19,-0.25012533015755795,1.0077500433772362,-6.567068871927167e-19,-0.7672546519877964,0.0027344771055600064,0.9978710887802947,0.06521725367131352,3.8678288478102865e-19,2.4801650339189107e-20
0.806,-8.875380234679922e-19,-0.2516622541320925,1.0077554572955654,-6.410503758387743e-19,-0.7696691688451082,0.002679461396946854,0.9978726254913167,0.06519373662450728,3.983714269157753e-19,2.5131080766635415e-20
0.808,-8.888040905085188e-19,-0.2532040057357944,1.007760761344155,-6.249408197558273e-19,-0.7720822795265382,0.0026246075722706026,0.9978741779105234,0.06516997053395353,4.098603960798876e-19,2.6142332631334347e-20
0.81,-8.900374872849004e-19,-0.254750582146904,1.0077659558482643,-6.082722810138871e-19,-0.7744939746470272,0.0025699171195776335,0.9978757457914569,0.06514595890109239,4.2685509161880293e-19,2.6139097256046555e-20
0.812,-8.912367376295647e-19,-0.25630198052502984,1.007771041136106,-5.908309791925244e-19,-0.7769042449597385,0.0025153915044289527,0.9978773288890443,0.0651217052085178,4.492180919390255e-19,2.6832486567546576e-20
0.8140000000000001,-8.924002997614494e-19,-0.2578581980114244,1.0077760175388015,-5.726207425795755e-19,-0.779313081355294,0.0024610321700178376,0.9978789269596027,0.06509721291999365,4.715327605350152e-19,2.6838297613872288e-20
0.8160000000000001,-8.935264951959205e-19,-0.25941923172925824,1.0077808853903363,-5.534288261857813e-19,-0.7817204748610108,0.0024068405372882204,0.9978805397608438,0.06507248548047043,4.937103521808306e-19,2.752511479632316e-20
0.8180000000000001,-8.946134367955144e-19,-0.2609850787838925,1.0077856450275158,-5.33367599203116e-19,-0.7841264166401397,0.0023528180050538684,0.9978821670518794,0.06504752631610251,5.157159654620288e-19,2.9232829040578864e-20
0.8200000000000001,-8.956593182106767e-19,-0.2625557362631502,1.007790296789921,-5.123333517472602e-19,-0.7865308979911033,0.00229896595011823,0.9978838085932253,0.06502233883426609,5.43030660009155e-19,3.1972897515052903e-20
0.8220000000000001,-8.966619460412609e-19,-0.26413120123758577,1.0077948410198647,-4.902230610699565e-19,-0.7889339103467363,0.0022452857273949907,0.9978854641468062,0.06499692642357759,5.70237859950205e-19,3.4361266819955004e-20
0.8240000000000001,-8.976194619630304e-19,-0.26571147076075297,1.0077992780623473,-4.671500821813212e-19,-0.791335445273526,0.0021917786700293407,0.9978871334759593,0.06497129245391266,5.918134736519135e-19,3.706707975320757e-20
0.8260000000000001,-8.985300893814287e-19,-0.26729654186947166,1.0078036082650141,-4.4333523545025535e-19,-0.793735494470854,0.0021384460895198265,0.9978888163454382,0.06494544027642589,6.132642103113898e-19,4.0105231171664475e-20
0.8280000000000001,-8.993923849161167e-19,-0.26888641158409265,1.007807831978112,-4.1910746829417404e-19,-0.7961340497702397,0.0020852892758408616,0.9978905125214176,0.0649193732235709,5.909654795498066e-19,3.823200271508824e-20
0.8300000000000001,-9.002077620335276e-19,-0.2704810769087614,1.0078119495544464,-3.9641612072802983e-19,-0.7985311031345833,0.002032309497565844,0.997892221771495,0.06489309460912107,5.742435639805055e-19,3.672234010372736e-20
0.8320000000000001,-9.009777354256584e-19,-0.27208053483167977,1.007815961349338,-3.736310921802816e-19,-0.8009266466574115,0.001979508001990833,0.9978939438646954,0.0648666077281909,5.520187470226479e-19,3.6573313090285597e-20
0.834,-9.017038489468739e-19,-0.27368478232536675,1.0078198677205819,-3.525916226518345e-19,-0.8033206725621233,0.0019268860152587743,0.997895678571474,0.06483991585725779,5.24450179053104e-19,3.5730616432778083e-20
0.836,-9.023882869819944e-19,-0.27529381634691735,1.0078236690284035,-3.3199081111237215e-19,-0.8057131732012369,0.0018744447424842768,0.9978974256637189,0.06481302225418445,4.970788198555581e-19,3.3868472978807337e-20
0.838,-9.030332234339289e-19,-0.27690763383826017,1.007827365635418,-3.1301714091513145e-19,-0.8081041410556389,0.0018221853678788954,0.9978991849147538,0.06478593015824183,4.808774076788936e-19,3.1015227056156566e-20
0.84,-9.036400293074858e-19,-0.2785262317264132,1.007830957906588,-2.9393184947694826e-19,-0.8104935687338327,0.0017701090548768916,0.9979009560993409,0.06475864279013256,4.593487690196493e-19,2.6790779331794134e-20
0.842,-9.042105015141621e-19,-0.2801496069237386,1.0078344462091828,-2.7679098672383386e-19,-0.81288144897119,0.0017182169462614675,0.9979027389936823,0.06473116335201502,4.159718210777151e-19,2.2185862692304882e-20
0.844,-9.047475099423048e-19,-0.28177775632819524,1.007837830912736,-2.601782821923905e-19,-0.8152677746292021,0.0016665101642914326,0.9979045333754233,0.06470349502752774,4.22049904493293e-19,2.044911225663393e-20
0.846,-9.052511698599057e-19,-0.2834106768235907,1.0078411123890059,-2.434426605561904e-19,-0.8176525386947333,0.0016149898108283214,0.9979063390236531,0.06467564098181453,4.2249541863783653e-19,2.0413406883952706e-20
0.848,-9.057213086102473e-19,-0.2850483652798311,1.0078442910119336,-2.266932797249346e-19,-0.8200357342792749,0.0015636569674638797,0.9979081557189075,0.06464760436155001,4.2274846112265827e-19,2.3112528604741583e-20
0.85,-9.061579350888887e-19,-0.2866908185531692,1.007847367157604,-2.0993040330835335e-19,-0.8224173546182008,0.0015125126956479474,0.9979099832431697,0.06461938829496564,4.1766154999552326e-19,2.3399585552962572e-20
0.852,-9.065613828652518e-19,-0.2883380334864521,1.0078503412042044,-1.9358654835951476e-19,-0.8247973930700242,0.0014615580368167224,0.9979118213798724,0.06459099589187635,4.072825817117992e-19,2.0938944029903814e-20
0.854,-9.069325605648155e-19,-0.28999000690936627,1.007853213531985,-1.7765999862131196e-19,-0.8271758431156558,0.0014107940125213292,0.9979136699138985,0.06456243024370757,4.022029349931586e-19,2.2259430571681786e-20
0.856,-9.072719402802015e-19,-0.2916467356386819,1.0078559845232198,-1.6182447502150953e-19,-0.829552698357663,0.0013602216245567247,0.9979155286315822,0.06453369442352282,3.9714691410306294e-19,2.3578039771271903e-20
0.858,-9.075799919815833e-19,-0.2933082164784952,1.007858654562166,-1.4629576508296025e-19,-0.8319279525195303,0.0013098418550909316,0.9979173973207099,0.0645047914860517,3.8688676699553664e-19,2.07787432760555e-20
0.86,-9.07857508114008e-19,-0.29497444622046975,1.0078612240350262,-1.3128858034566744e-19,-0.8343015994449217,0.0012596556667945273,0.9979192757705212,0.06447572446771853,3.7107194356976666e-19,1.968499490463816e-20
0.862,-9.081055296772976e-19,-0.29664542164407603,1.0078636933299088,-1.1680087367778032e-19,-0.8366736330969434,0.0012096640029703835,0.9979211637717087,0.06444649638667126,3.605784553338608e-19,2.202488434108702e-20
0.864,-9.083249854037108e-19,-0.29832113951682954,1.0078660628367895,-1.0261422853729182e-19,-0.8390440475574092,0.0011598677876836884,0.9979230611164189,0.06441711024281106,3.5026661943389105e-19,2.2308776269280106e-20
0.866,-9.085165474793817e-19,-0.30000159659452746,1.0078683329474731,-8.905107680181776e-20,-0.8414128370261058,0.0011102679258921573,0.9979249675982528,0.06438756901782226,3.3474400749249676e-19,1.9163763543273355e-20
0.868,-9.086816043336527e-19,-0.30168678962148393,1.0078705040555551,-7.610851606969788e-20,-0.8437799958200604,0.0010608653035764934,0.9979268830122645,0.06435787567520271,3.1931749070907334e-19,1.568713963298189e-20
0.87,-9.08821394083997e-19,-0.30337671533076377,1.0078725765563845,-6.389168046366597e-20,-0.8461455183728096,0.0010116607878710025,0.9979288071549627,0.06432803316029476,2.9833899064861043e-19,1.4262025656767178e-20
0.872,-9.08937797644414e-19,-0.30507137044441474,1.0078745508470255,-5.2721586071367573e-20,-0.8485093992336696,0.0009626552271943888,0.9979307398243095,0.06429804440031656,2.663981328157143e-19,1.4190734502469015e-20
0.874,-9.090331194794972e-19,-0.30677075167369844,1.0078764273262206,-4.280896265101755e-20,-0.8508716330670079,0.000913849451380715,0.9979326808197201,0.06426791230439388,2.3465230780229216e-19,1.3441427795617526e-20
0.876,-9.091098683357432e-19,-0.3084748557193197,1.0078782063943534,-3.4147618786432183e-20,-0.8532322146515159,0.0008652442718105007,0.9979346299420626,0.06423763976359236,2.031227912704269e-19,1.1672917712468771e-20
0.878,-9.091702880575078e-19,-0.31018367927165436,1.0078798884534121,-2.6082038308382515e-20,-0.8555911388794842,0.0008168404815419321,0.9979365869936571,0.06420722965095015,2.2651230674877136e-19,1.2752260766719672e-20
0.88,-9.092127881365442e-19,-0.31189721901097583,1.007881473906953,-1.6336816499174128e-20,-0.8579484007560781,0.0007686388554421769,0.9979385517782742,0.06417668482151109,2.498259448844016e-19,1.3485221626836275e-20
0.882,-9.092357482247618e-19,-0.31361547160768016,1.0078829631600636,-6.43449069139726e-21,-0.8603039953986154,0.0007206401503187982,0.997940524101135,0.06414600811235824,2.7308618649362073e-19,1.3530284793582668e-20
0.884,-9.09237159381597e-19,-0.31533843372250964,1.0078843566193272,5.3556537948962325e-21,-0.862657918035845,0.000672845105051207,0.9979425037689095,0.06411520234264782,3.070471278127633e-19,1.6326468827802183e-20
0.886,-9.092145170928405e-19,-0.31706610200677476,1.0078856546927872,1.71851041368541e-20,-0.865010164007228,0.000625254440722215,0.9979444905897152,0.06408427031364372,2.8619979930336775e-19,1.4569866230198365e-20
0.888,-9.091691869524328e-19,-0.3187984731025751,1.0078868577899114,2.7863829148670193e-20,-0.8673607287622194,0.0005778688607495973,0.9979464843731162,0.06405321480875219,2.6002402729598554e-19,1.1786217447811051e-20
0.89,-9.091035378923595e-19,-0.32053554364301856,1.0078879663215567,3.761304079735146e-20,-0.8697096078595518,0.000530689051017691,0.9979484849301208,0.06402203859355718,2.337529941394203e-19,1.2432379337979945e-20
0.892,-9.090194238509462e-19,-0.32227731025243916,1.007888980699935,4.632962540018941e-20,-0.8720567969665205,0.000483715680008981,0.9979504920731803,0.06399074441585595,2.0771573719435036e-19,1.1371228045419879e-20
0.894,-9.089189049930088e-19,-0.32402376954661355,1.0078899013385767,5.4018669641016564e-20,-0.8744022918582708,0.00043694939893570685,0.9979525056161878,0.06395933500569512,1.8191146926410527e-19,8.607195064509676e-21
0.896,-9.088040313278087e-19,-0.3257749181329758,1.0078907286522987,6.068524155836872e-20,-0.8767460884170855,0.00039039084187143087,0.997954525374475,0.06392781307540708,1.5620783114365964e-19,6.19564178519209e-21
0.898,-9.086768427514062e-19,-0.3275307526108312,1.0078914630571683,6.63343858360282e-20,-0.8790881826316753,0.0003440406258826114,0.9979565511648124,0.06389618131964697,1.3062618446878577e-19,3.7941523921343934e-21
0.9,-9.085393690954268e-19,-0.3292912695715682,1.0078921049704703,7.097112217164854e-20,-0.8814285705964707,0.00029789935115995985,0.9979585828054021,0.06386444241542963,1.0514408663330259e-19,1.743826767981872e-21
0.902,-9.083936301766703e-19,-0.33105646559886925,1.007892654810673,7.460044592697144e-20,-0.8837672485109146,0.0002519676011500129,0.9979606201158819,0.06383259902216754,7.9782919774115e-20,-2.9815326312859275e-22
0.904,-9.082416358452021e-19,-0.3328263372689202,1.0078931129973951,7.722732784370854e-20,-0.8861042126787574,0.00020624594268638935,0.9979626629173193,0.06380065378170865,5.449830642247978e-20,-1.6475040932993376e-21
0.906,-9.080853860366592e-19,-0.33460088115061803,1.0078934799513724,7.885671191361632e-20,-0.8884394595073535,0.00016073492612105536,0.9979647110322093,0.0637686093183748,2.9289758245534036e-20,-2.3058936996240396e-21
0.908,-9.079268708246337e-19,-0.3363800938057775,1.0078937560944248,7.949351671625999e-20,-0.8907729855069595,0.00011543508545547142,0.9979667642844724,0.06373646823900046,4.309801657063698e-21,-4.66873043838821e-21
0.91,-9.077680704631454e-19,-0.33816397178933616,1.0078939418494242,7.914264333340171e-20,-0.893104787290034,7.03469384716095e-05,0.9979688224994511,0.06370423313297184,-2.059523442552601e-20,-6.3382433128890595e-21
0.912,-9.076109554297861e-19,-0.33995251164955814,1.007894037640262,7.780896639878023e-20,-0.895434861570539,2.5470986862825506e-05,0.9979708855039077,0.06367190657226639,-4.551324980135874e-20,-5.947839203872328e-21
0.914,-9.074574864826008e-19,-0.34174570992823633,1.0078940438918171,7.549733062848762e-20,-0.8977632051632434,-1.9192283635375998e-05,0.997972953126021,0.0636394911114926,-7.01607756141863e-20,-7.948792846821501e-21
0.916,-9.07309614706076e-19,-0.34354356316089346,1.0078939610299236,7.221256781128856e-20,-0.9000898149830278,-6.364240311477366e-05,0.9979750251953834,0.0636069892879303,-9.453862707797701e-20,-1.2334638910191298e-20
0.918,-9.071692815334363e-19,-0.3453460678769815,1.00789378948134,6.795949508554757e-20,-0.9024146880441911,-0.00010787891736401391,0.9979771015429976,0.06357440362157106,-1.1897478119432663e-19,-1.3969835576971517e-20
0.92,-9.070384187957425e-19,-0.34715322060007997,1.0078935296737177,6.274289498931813e-20,-0.9047378214597592,-0.00015190138773837797,0.9979791820012733,0.06354173661515922,-1.4351302367931558e-19,-1.2178215408407019e-20
0.922,-9.069189487961481e-19,-0.3489650178480924,1.0078931820355699,5.656751556961218e-20,-0.9070592124407949,-0.00019570939102975135,0.9979812664040241,0.06350899075423302,-1.6773964512401112e-19,-1.3464517593273666e-20
0.924,-9.068125317998399e-19,-0.3507814561334421,1.0078927469962407,4.9979270551678585e-20,-0.9093788582957101,-0.0002393025193367935,0.9979833545864635,0.06347616850716628,-1.4259474422485262e-19,-1.1610386923619466e-20
0.926,-9.067175373830474e-19,-0.3526025319632658,1.007892224985875,4.514406426789606e-20,-0.911696756429579,-0.0002826803799353301,0.9979854463852017,0.06344327232521017,-1.2301015236624822e-19,-1.0797250034153037e-20
0.928,-9.066323439596022e-19,-0.3544282418396066,1.0078916164353882,4.0105447043984804e-20,-0.9140129043434545,-0.00032584259514897374,0.9979875416382421,0.0634103046425356,-1.0898098876122254e-19,-1.0679627090058096e-20
0.93,-9.065559877229683e-19,-0.35625858225960505,1.0078909217764356,3.627037272656442e-20,-0.9163272996336845,-0.0003687888022199978,0.997989640184977,0.06337726787627561,-1.0611348597184985e-19,-8.86591086654536e-21
0.932,-9.064881594443395e-19,-0.35809354971568913,1.0078901414413837,3.146919335503954e-20,-0.9186399399912317,-0.00041151865318043724,0.9979917418661846,0.0633441644265684,-1.1952249524973634e-19,-1.0493992201271746e-20
0.934,-9.064298132483752e-19,-0.3599331406957628,1.00788927586328,2.6680508733097702e-20,-0.9209508232009943,-0.0004540318147234688,0.9979938465240239,0.06331099667660046,-1.4381081754451358e-19,-1.2811183649801031e-20
0.936,-9.063830162037521e-19,-0.36177735168339326,1.0078883254758244,1.9848752928891792e-20,-0.9232599471411287,-0.0004963279680750637,0.9979959540020317,0.06327776699265007,-1.84429078707093e-19,-1.547539068960954e-20
0.9380000000000001,-9.063505101085216e-19,-0.36362617915799655,1.0078872907133396,1.2715437583244255e-20,-0.925567309782374,-0.000538406808865946,0.997998064145118,0.06324447772413115,-1.755669584644243e-19,-1.5689630462935205e-20
0.9400000000000001,-9.06331921211109e-19,-0.36547961959502234,1.0078861720107426,5.9312802133891094e-21,-0.9278729091873789,-0.0005802680470037792,0.9980001767995624,0.06321113120363735,-1.6678999566791198e-19,-1.522156809576437e-20
0.9420000000000001,-9.063265529123948e-19,-0.3673376694661369,1.0078849698035168,-5.054351611478691e-22,-0.9301767435100293,-0.0006219114065457232,0.9980022918130088,0.06317772974698649,-1.5805460673373368e-19,-1.4756360120382038e-20
0.9440000000000001,-9.063337120380796e-19,-0.36920032523940494,1.0078836845276835,-6.5964168576434005e-21,-0.9324788109947793,-0.0006633366255712892,0.998004409034462,0.06314427565326527,-1.4936058328061707e-19,-1.4293990597168468e-20
0.9460000000000001,-9.063527088225285e-19,-0.3710675833794701,1.0078823166197735,-1.2343365154045577e-20,-0.9347791099759825,-0.0007045434560554993,0.9980065283142827,0.0631107712048743,-1.407510035260328e-19,-1.3150489197560438e-20
0.9480000000000001,-9.063828568946622e-19,-0.3729394403477341,1.0078808665168,-1.7747975923689588e-20,-0.9370776388772263,-0.000745531663742398,0.9980086495041836,0.06307721866757332,-1.3222566437393102e-19,-1.132706121691249e-20
0.9500000000000001,-9.064234732717572e-19,-0.3748158926025344,1.0078793346562314,-2.281193960814649e-20,-0.9393743962106679,-0.0007863010280188952,0.998010772457224,0.06304362029052692,-1.2371943197081675e-19,-9.850433800275633e-21
0.9520000000000001,-9.06473878342589e-19,-0.3766969365993209,1.0078777214759633,-2.7536938636335817e-20,-0.9416693805763716,-0.0008268513417889679,0.9980128970278063,0.06300997830635026,-1.1534014665403166e-19,-7.011096617203702e-21
0.9540000000000001,-9.065333958583155e-19,-0.37858256879083096,1.0078760274142924,-3.2032857049028455e-20,-0.9439625906616491,-0.0008671824113482147,0.9980150230716697,0.06297629493115527,-1.123432540054871e-19,-6.5763177331103456e-21
0.9560000000000001,-9.066019298136779e-19,-0.3804727856272633,1.0078742529098894,-3.6517403798913205e-20,-0.9462540252404005,-0.0009072940562587902,0.9980171504458872,0.06294257236459708,-1.147675019778218e-19,-7.514245861447654e-21
0.9580000000000001,-9.06679457601627e-19,-0.38236758355645034,1.007872398401773,-4.099062951746098e-20,-0.9485436831724581,-0.0009471861092247021,0.9980192790088597,0.06290881278992062,-1.11872350767362e-19,-5.7122630645274154e-21
0.96,-9.067658126194777e-19,-0.3842669590240297,1.0078704643292828,-4.534472859410017e-20,-0.9508315634029318,-0.0009868584159675045,0.998021408620311,0.06287501837400765,-1.089912743197233e-19,-3.915019154992324e-21
0.962,-9.068607572063365e-19,-0.38617090847361385,1.0078684511320548,-4.958029228253377e-20,-0.953117664961557,-0.0010263108351023903,0.9980235391412834,0.06284119126742388,-1.0050158454816518e-19,-4.1720689302249994e-21
0.964,-9.069635861483386e-19,-0.38807942834695885,1.0078663592499943,-5.3265415481611136e-20,-0.9554019869620433,-0.0010655432380146665,0.9980256704341322,0.06280733360446646,-8.653712528841459e-20,-4.7688042383836626e-21
0.966,-9.070733450355852e-19,-0.38999251508413163,1.0078641891232518,-5.640246360316389e-20,-0.9576845286014262,-0.001104555508736672,0.998027802362521,0.06277344750321168,-7.274624046976715e-20,-3.6558713525193874e-21
0.968,-9.071888322140826e-19,-0.391910165123676,1.0078619411921967,-5.899413842235454e-20,-0.9599652891594206,-0.0011433475438250714,0.9980299347914163,0.06273953506556293,-5.904230908658874e-20,-2.2056588309741395e-21
0.97,-9.073089596316238e-19,-0.3938323749027772,1.0078596158973934,-6.104313236839283e-20,-0.9622442679977761,-0.0011819192522385912,0.9980320675870825,0.06270559837729892,-4.538195932025833e-20,-1.1033324682924123e-21
0.972,-9.074326446064198e-19,-0.39575914085742564,1.0078572136795754,-6.255212274979605e-20,-0.9645214645596341,-0.0012202705552161997,0.998034200617076,0.06267163950812207,-3.1743388601940084e-20,-6.900387453049999e-22
0.974,-9.075588097956198e-19,-0.39769045942257875,1.007854734979622,-6.352377166744565e-20,-0.9667968783688874,-0.0012584013861557397,0.9980363337502409,0.06263766051170726,-1.8169365351272203e-20,-2.801579976119187e-22
0.976,-9.076863831669615e-19,-0.39962632703232204,1.0078521802385336,-6.396072731248595e-20,-0.9690705090295416,-0.001296311690492982,0.9980384668567015,0.06260366342575054,-4.659574380919045e-21,1.2673746907722902e-22
0.978,-9.078142979716696e-19,-0.4015667401200285,1.0078495498974076,-6.386562606599125e-20,-0.9713423562250785,-0.0013340014255810498,0.9980405998078621,0.06256965027201872,8.743338247938893e-21,1.2146423565054588e-21
0.98,-9.079414927245825e-19,-0.4035116951185172,1.0078468443974151,-6.324109539981831e-20,-0.9736124197178211,-0.001371470560570495,0.9980427324763944,0.06253562305639819,2.2039742187289205e-20,2.981952091443115e-21
0.982,-9.080669111871517e-19,-0.40546118846021,1.0078440641797772,-6.208975400091992e-20,-0.9758806993483016,-0.0014087190762896962,0.9980448647362369,0.06250158376894484,3.5251457469409175e-20,5.085076513559833e-21
0.984,-9.08189502347725e-19,-0.40741521657728763,1.0078412096857416,-6.041420993272066e-20,-0.9781471950346307,-0.0014457469651257679,0.9980469964625873,0.06246753438393377,4.837883494986521e-20,7.52323127329101e-21
0.986,-9.083082203999265e-19,-0.409373775901844,1.0078382813565598,-5.821705987719385e-20,-0.9804119067718692,-0.0014825542309059422,0.9980491275318981,0.06243347685990936,6.14436409266417e-20,9.953642297077577e-21
0.988,-9.084220247184432e-19,-0.4113368628660396,1.0078352796334646,-5.55008893775865e-20,-0.9826748346314015,-0.0015191408887794571,0.9980512578218699,0.06239941313973544,7.442479480076838e-20,1.2717519486862746e-20
0.99,-9.08529879838608e-19,-0.4133044739022535,1.007832204957647,-5.226827185233954e-20,-0.9849359787603114,-0.0015555069650998973,0.9980533872114461,0.06236534515064576,8.740816653313e-20,1.4446922637707628e-20
0.992,-9.086307554256264e-19,-0.41527660544323414,1.007829057770234,-4.8521764073630954e-20,-0.9871953393807598,-0.0015916524973080854,0.9980555155808074,0.062331274804294644,1.0037258854966898e-19,1.5485906326807667e-20
0.994,-9.08723626242974e-19,-0.4172532539222488,1.0078258385122671,-4.4263907937440583e-20,-0.9894529167893645,-0.0016275775338154088,0.9980576428113659,0.06229720399680781,1.1327551197394363e-19,1.6520107008107525e-20
0.996,-9.088074721242594e-19,-0.419234415773232,1.00782254762468,-3.949723122940754e-20,-0.9917087113565826,-0.001663282133887696,0.9980597687857587,0.06226313460883342,1.2618126499078308e-19,1.6524373014081848e-20
0.998,-9.088812779430307e-19,-0.42122008743093237,1.0078191855482772,-3.4224245961341696e-20,-0.9939627235260935,-0.0016987663675296074,0.998061893387843,0.0622290685055933,1.3904736418468225e-19,1.6184745850312005e-20
1.0,-9.089428966533772e-19,-0.42321075256595203,1.0078196691666859,-2.7293773993115e-20,-0.9966992293466306,0.002182781825229674,0.9980870887638883,0.061823646308076054,1.518469614459337e-19,1.5895800689664946e-20
1.002,-9.089913385508097e-19,-0.42520635982999605,1.007823848479902,-2.106526170289835e-20,-0.9989044907961167,0.0019969701469382383,0.9981207603373156,0.061277628737239326,1.5911295957751237e-19,1.5288328869519078e-20
1.004,-9.09027158830088e-19,-0.4272063593294795,1.0078276592176392,-1.4770780921571123e-20,-1.001091788387892,0.0018141628691350016,0.9981510931187311,0.0607815375412799,1.6361016411288957e-19,1.4505567316945925e-20
1.006,-9.090501727405097e-19,-0.42921071117988885,1.0078311078465587,-8.196380218338678e-21,-1.0032566089284656,0.001634886294479015,0.9981833393445693,0.06024965605648193,1.7080262027576579e-19,1.4239226435353842e-20
1.008,-9.090597588238572e-19,-0.43121937370551655,1.0078342009984786,-1.3431705671864082e-21,-1.0054026714733637,0.0014586571683922,0.9982133811419025,0.05974985949147349,1.7792041030944065e-19,1.465130443791716e-20
1.01,-9.090553608354785e-19,-0.4332323069396153,1.007836945035923,5.787471653728799e-21,-1.0075271763654305,0.0012857853207170072,0.9982444566906212,0.059228411142344735,1.850041849242855e-19,1.5065466068533376e-20
1.012,-9.09036425250388e-19,-0.4352494698533134,1.0078393463941608,1.3194212856924139e-20,-1.0096324863823452,0.0011159584014027832,0.9982740294764286,0.05872786453545268,1.920751881683894e-19,1.5131954253325925e-20
1.014,-9.090024012114654e-19,-0.43727082255066674,1.00784141131358,2.08757149045169e-20,-1.0117168765481226,0.0009493529661118439,0.9983040960916059,0.05821453192048963,1.9913323852181388e-19,1.4857545139124333e-20
1.016,-9.089527404919674e-19,-0.4392963245310479,1.0078431460507198,2.883066255076883e-20,-1.0137818592377483,0.000785762226237019,0.9983330947932517,0.05771509196500011,2.05978128547504e-19,1.7658573534735748e-20
1.018,-9.088868977036122e-19,-0.441325936065756,1.0078445567135135,3.70575363178944e-20,-1.015826383517242,0.0006252807760004384,0.9983622568956387,0.057208426007421195,2.127669118520368e-19,2.0796850009985264e-20
1.02,-9.088042231042184e-19,-0.4433596171084924,1.0078456493915506,4.566225797862065e-20,-1.0178514285899616,0.0004677670957538068,0.9983906214268741,0.0567112603180382,2.2527100082026283e-19,1.945001004927028e-20
1.022,-9.087039981407877e-19,-0.44539732815871974,1.007846430054742,5.464342477644614e-20,-1.0198563663143814,0.00031326546058531323,0.9984189480762206,0.056210356006462195,2.3223843189052534e-19,1.8138279780906405e-20
1.024,-9.085855791456915e-19,-0.44743902957854276,1.0078469046337895,6.378449207607602e-20,-1.021841841651539,0.00016167477799667937,0.998446646080911,0.055716199886387464,2.336805396727907e-19,1.6861416737689728e-20
1.026,-9.084489334199557e-19,-0.449484682134204,1.0078470789579477,7.287012768628191e-20,-1.0238074916870417,1.300851351918248e-05,0.9984741845204482,0.05522049299151392,2.2960584262530203e-19,1.5966535269493385e-20
1.028,-9.082943150760557e-19,-0.45153424656781155,1.0078469588048045,8.179305746716523e-20,-1.0257537518806594,-0.00013280931163086573,0.9985012007265189,0.05472981041169344,2.2555060938698765e-19,1.507423827503375e-20
1.03,-9.081219051953873e-19,-0.45358768393699067,1.0078465498621398,9.066170567351783e-20,-1.0276804257299914,-0.00027578401421720093,0.9985279847344469,0.05423895004666124,2.2144634468643903e-19,1.521026289074071e-20
1.032,-9.079320990054895e-19,-0.4556449553464156,1.0078458577587943,9.904627043265887e-20,-1.0295878174108015,-0.00041597589748578845,0.9985543143862029,0.05375203457266171,2.0646776190631339e-19,1.3725446507846344e-20
1.034,-9.077260059985012e-19,-0.4577060221608814,1.0078448880413773,1.0694899249132168e-19,-1.0314758348600053,-0.0005534016469338254,0.9985803694238045,0.05326580330210546,1.915804253552092e-19,1.1903680283040702e-20
1.036,-9.07504873370353e-19,-0.45977084583703914,1.0078436461934823,1.1405062336546652e-19,-1.0333447000116214,-0.0006881117062889858,0.9986060142301676,0.05278284137235077,1.7119187266142702e-19,1.1849387780222164e-20
1.038,-9.072703355070038e-19,-0.4618393880570855,1.007842137621547,1.203548484197996e-19,-1.0351943863731023,-0.0008201295606930982,0.9986313606141483,0.05230110513111147,1.5095380141325162e-19,1.077159418398572e-20
1.04,-9.07023983354881e-19,-0.4639116106233266,1.0078403676668883,1.258655312851514e-19,-1.0370250643835635,-0.0009494993776543944,0.9986563262487339,0.05182221573208509,1.3079363598061723e-19,1.0041199620015804e-20
1.042,-9.067674001583936e-19,-0.46598747554208236,1.0078383415971999,1.30586511283079e-19,-1.0388367487405714,-0.0010762486263361571,0.9986809811051296,0.051344892432412574,1.1072869303280608e-19,9.315752233744537e-21
1.044,-9.065021614974042e-19,-0.4680669449576417,1.0078360646141666,1.3452160947527393e-19,-1.0406295776623873,-0.0012004174053173084,0.9987052756633928,0.05087015197644429,9.074098616111719e-20,8.936500332222718e-21
1.046,-9.062298353446085e-19,-0.47014998120494167,1.0078335418484334,1.376746108607901e-19,-1.0424035917418162,-0.0013220354329509779,0.9987292541302167,0.050397191831499585,7.08822174246215e-20,7.876435274537162e-21
1.048,-9.059519820954657e-19,-0.4722365467682173,1.0078307783644973,1.4004932257956961e-19,-1.0441589090559813,-0.0014411400983288475,0.9987528871767923,0.049926649757637186,5.111803972070402e-20,6.820373210733067e-21
1.05,-9.056701545198365e-19,-0.47432660431409396,1.007827779157815,1.416495471309382e-19,-1.0458955864955184,-0.0015577623002717017,0.9987762031435548,0.049458022950225,3.146475100442023e-20,5.4268837191249834e-21
1.052,-9.053858977881697e-19,-0.47642011666571554,1.0078245491580176,1.4247909720380752e-19,-1.0476137295647903,-0.0016719375555375564,0.9987991851235186,0.048991711509148606,1.1939458198118095e-20,3.3545266263552483e-21
1.054,-9.051007494158394e-19,-0.4785170468235488,1.007821093227336,1.4254178377596866e-19,-1.0493134054276927,-0.0017836972852023926,0.9988218516853131,0.04852740046533417,-7.644145075426162e-21,4.369600321779492e-21
1.056,-9.048162395058084e-19,-0.48061735794921095,1.0078174161627829,1.418412034172318e-19,-1.0509947117553415,-0.0018930756491991353,0.998844193559835,0.048065340858080965,-2.7188281650259127e-20,6.4115410849134995e-21
1.058,-9.045338910524157e-19,-0.4827210133785624,1.0078135226953886,1.4038089534180326e-19,-1.052657722200834,-0.0020001041856347393,0.998866223295553,0.04760533540769471,-4.657602867203582e-20,7.08173075861991e-21
1.06,-9.0425521993745e-19,-0.48482797661161,1.0078094174917478,1.3816445964674841e-19,-1.0543025295677397,-0.0021048160151173547,0.9988879363159056,0.0471475416384779,-6.575856256101808e-20,5.357026405931259e-21
1.062,-9.03981734681258e-19,-0.48693821132075793,1.007805105153754,1.3530311846240149e-19,-1.0559292116193368,-0.0022072425434855633,0.9989093414581266,0.04669183598545127,-7.933960053233668e-20,3.2126337012477132e-21
1.064,-9.037143632609857e-19,-0.489051681344515,1.007800590219755,1.320152234822551e-19,-1.0575378581451382,-0.002307416047686434,0.9989304370250152,0.04623831728136866,-8.749151199637379e-20,3.726521279922702e-21
1.066,-9.034538850581724e-19,-0.491168350692703,1.0077958771645943,1.2841014565264723e-19,-1.0591285495207152,-0.002405367648114576,0.9989512295632098,0.04578690810866738,-9.558956736763488e-20,3.898257125551883e-21
1.068,-9.032009329244677e-19,-0.49328818354254306,1.0077909704005246,1.2448939396377e-19,-1.0607013736776743,-0.00250112889880293,0.9989717191387298,0.04533767044093697,-1.0364995566011827e-19,4.0705369555761876e-21
1.07,-9.029561367099034e-19,-0.4954111442419507,1.0077858742774382,1.202544640862112e-19,-1.0622564126586,-0.0025947305408113453,0.9989919108814356,0.044890555726771225,-1.1170403714556688e-19,4.927151490701956e-21
1.072,-9.027201233022435e-19,-0.4975371973071075,1.007780593083632,1.1570681666606897e-19,-1.0637937532561594,-0.002686203479984436,0.9990118059335085,0.04444560276866986,-1.1975209466322575e-19,6.46728472976809e-21
1.074,-9.024935167246534e-19,-0.4996663074245505,1.0077751310461527,1.1084787065858923e-19,-1.065313478581272,-0.0027755780207503163,0.9990314085452919,0.04400278104859182,-1.2764161523782766e-19,5.266096321669228e-21
1.076,-9.022769380149345e-19,-0.5017984394496696,1.0077694923314695,1.057867028964345e-19,-1.0668156747325803,-0.0028628844672608958,0.9990507205121644,0.043562114780225564,-1.3547678683572182e-19,3.726471660783638e-21
1.078,-9.020706825608448e-19,-0.503933558408035,1.0077636810458903,1.0041737450524278e-19,-1.0683004255080832,-0.0029481526526339732,0.9990697455351122,0.043123584688735506,-1.3781210613220707e-19,2.7722271471366873e-21
1.08,-9.018752934926105e-19,-0.5060716294944692,1.0077577012361776,9.495632960364418e-20,-1.0697678165855602,-0.0030314123085451446,0.9990884858022657,0.04268720578037549,-1.40032528127307e-19,-2.3357815304487873e-22
1.082,-9.0169091753761e-19,-0.5082126180738907,1.007751556890006,8.929684308416719e-20,-1.071217932205255,-0.0031126927761344837,0.9991069446680027,0.04225296576772952,-1.4786440143319817e-19,-4.193740191535161e-23
1.084,-9.015182377087264e-19,-0.5103564896807411,1.0077452519365429,8.333200764716433e-20,-1.072650857789634,-0.0031920232332767052,0.999125124552762,0.041820873824299186,-1.558047865589585e-19,3.2315628367819943e-21
1.086,-9.013577919897447e-19,-0.5125032100195194,1.0077387902469315,7.706294076597269e-20,-1.0740666778619816,-0.003269432517176673,0.9991430285886935,0.04139092198312636,-1.6365340633417456e-19,5.128684307149595e-21
1.088,-9.01210187498626e-19,-0.5146527449644256,1.0077321756348492,7.049101642860971e-20,-1.0754654776876122,-0.0033449492641869126,0.9991606593296276,0.04096311570161446,-1.712667977590838e-19,2.2290917017540197e-21
1.09,-9.010760283604356e-19,-0.5168050605596967,1.0077254118570045,6.361784447883889e-20,-1.076847341967427,-0.003418601801063875,0.9991780197616802,0.040537449662347236,-1.7895366226310613e-19,2.0760003428720634e-21
1.092,-9.009559155813161e-19,-0.5189601230193797,1.0077185026136803,5.633735238463328e-20,-1.0782123558655843,-0.003490418231067053,0.9991951125110076,0.04011392693460451,-1.8673188745775784e-19,5.005112086287206e-21
1.094,-9.008507340546177e-19,-0.5211178987275371,1.00771145154924,4.875857296297954e-20,-1.0795606041889891,-0.0035604263674230427,0.999211940464267,0.039692543804020826,-1.9981620543138727e-19,4.627295016747995e-21
1.096,-9.007612215470108e-19,-0.5232783542380971,1.0077042622526602,4.0668738390460377e-20,-1.0808921720302875,-0.0036286537864421106,0.9992285062821624,0.039273301785288366,-2.128247970776396e-19,3.909851798457266e-21
1.098,-9.006883976441452e-19,-0.525441456274971,1.0076969382580403,3.2070375230531034e-20,-1.082207144252063,-0.003695127786930242,0.9992448127802699,0.03885619811205243,-2.257580039528544e-19,2.853989949063188e-21
1.1,-9.006332768696366e-19,-0.5276071717319458,1.0076894830451288,2.2966020751186263e-20,-1.0835056058886596,-0.0037598754230661643,0.9992608626303927,0.03844123326797782,-2.385892229578399e-19,7.75309135166408e-22
1.102,-9.005968686282286e-19,-0.5297754676727423,1.0076819000398338,1.3358249068532733e-20,-1.0847876418214517,-0.0038229234797687544,0.9992766585942295,0.03802840502507766,-2.514111650503644e-19,7.227062139032976e-23
1.104,-9.00580177259103e-19,-0.5319463113309284,1.0076741926147434,3.2495525757473266e-21,-1.0860533370294743,-0.0038842984931637416,0.9992922033400538,0.037617713165215685,-2.641593984328389e-19,-9.70883996368877e-22
1.106,-9.005842020892423e-19,-0.5341196701099342,1.0076663640896366,-7.357547973136151e-21,-1.0873027763845193,-0.003944026735766445,0.9993074995860362,0.037209155742964066,-2.7680722745324895e-19,-3.0373291072559258e-21
1.108,-9.006099373959304e-19,-0.5362955115829741,1.007658417731999,-1.8460518146055805e-20,-1.0885360448069892,-0.00400213422934705,0.9993225499877237,0.036802732045774826,-2.894325534693241e-19,-4.069321539383525e-21
1.11,-9.006583724289204e-19,-0.5384738034930293,1.0076503567575315,-3.005688490946731e-20,-1.0897532271361465,-0.004058646736156423,0.9993373572259094,0.036398440251402805,-3.020358100313827e-19,-4.070543105674032e-21
1.112,-9.007304915685034e-19,-0.5406545137527704,1.0076421843306627,-4.21442461590897e-20,-1.0909544082265656,-0.004113589767142774,0.9993519239375667,0.03599627928388972,-3.146301048695144e-19,-2.700207349354286e-21
1.114,-9.008272744729218e-19,-0.5428376104445144,1.0076339035650552,-5.482781672603009e-20,-1.092139672865525,-0.0041669885769032855,0.999366252769692,0.03559624734524326,-3.3255867792821726e-19,-3.925335734400241e-21
1.116,-9.009501978390104e-19,-0.5450230618201419,1.0076255175241142,-6.821254605210612e-20,-1.0933091058322364,-0.004218868169064618,0.9993803463369082,0.03519834307920055,-3.5048793309613927e-19,-3.092651661842448e-21
1.118,-9.011005891657088e-19,-0.5472108363010342,1.0076170292214912,-8.229523390301861e-20,-1.0944627918448169,-0.004269253293536861,0.9993942072544318,0.03480256465097907,-3.6828597578801613e-19,-3.6298969992443826e-21
1.12,-9.012798409211469e-19,-0.5494009024779819,1.007608441621588,-9.70724117128761e-20,-1.0956008155962025,-0.004318168450169874,0.9994078381120391,0.03440891047708333,-3.859261006846668e-19,-6.217802949538052e-21
1.122,-9.01489338588888e-19,-0.5515932291111042,1.0075997576400584,-1.1254058219695623e-19,-1.0967232617196894,-0.0043656378874351535,0.9994212414942334,0.03401737864864137,-4.035175249502812e-19,-7.770690053813876e-21
1.124,-9.01730460652926e-19,-0.5537877851297477,1.007590980144308,-1.2869625633950137e-19,-1.0978302148102494,-0.004411685605039765,0.9994344199642482,0.03362796738916105,-4.210008269291496e-19,-1.0002872089683392e-20
1.1260000000000001,-9.0200457866041e-19,-0.5559845396323894,1.0075821119539927,-1.4553597218702797e-19,-1.098921759401737,-0.004456335353498783,0.9994473760763678,0.03324067469325906,-4.384583596335542e-19,-1.051469550564852e-20
1.1280000000000001,-9.023130572934877e-19,-0.5581834618865247,1.0075731558415146,-1.6305634406851251e-19,-1.0999979799790744,-0.004499610636124575,0.9994601123660883,0.032855498613866524,-4.558332848528546e-19,-1.1023000397074934e-20
1.1300000000000001,-9.026572545085863e-19,-0.5603845213285558,1.0075641145325163,-1.8125401706329319e-19,-1.1010589609627934,-0.004541534709159418,0.9994726313576293,0.032472437035985784,-4.731259914207383e-19,-1.1527795132599345e-20
1.1320000000000001,-9.030385215659035e-19,-0.5625876875636678,1.0075549907063737,-2.001256498795204e-19,-1.1021047867155191,-0.004582130583395733,0.9994849355578728,0.03209148785697575,-4.9033672200663e-19,-1.2029489435250216e-20
1.1340000000000001,-9.034582030544663e-19,-0.5647929303657034,1.0075457869966862,-2.1966792199393745e-19,-1.103135541531133,-0.004621421024665647,0.9994970274609305,0.0317126488449557,-5.074882446428891e-19,-1.1843132921274585e-20
1.1360000000000001,-9.039176369748362e-19,-0.5670002196770274,1.0075365059917654,-2.3987755182264944e-19,-1.1041513096377025,-0.004659428555248206,0.9995089095444,0.03133591775206029,-5.245045746299442e-19,-1.336736508137116e-20
1.1380000000000001,-9.04418262269093e-19,-0.5692095256083876,1.007527150235121,-2.6085875414896733e-19,-1.1051521751895639,-0.004696175454590578,0.9995205842721306,0.030961292225906604,-5.468864177975477e-19,-1.608531532069292e-20
1.1400000000000001,-9.049614392291223e-19,-0.5714208184387678,1.0075177222259462,-2.822850888342637e-19,-1.106138222268047,-0.004731683760597362,0.9995320540919022,0.030588769880825963,-5.253857257765595e-19,-1.5382751272896273e-20
1.1420000000000001,-9.05545903479683e-19,-0.5736340686152362,1.0075082244195985,-3.0211092944384715e-19,-1.107109534875408,-0.004765975270505957,0.9995433214370893,0.030218348242594225,-5.039681424349628e-19,-1.571025273290744e-20
1.1440000000000001,-9.061698603852864e-19,-0.575849246752786,1.0074986592280812,-3.216349700809052e-19,-1.108066196934195,-0.0047990715421155905,0.9995543887252146,0.029850024793317297,-4.827034068373356e-19,-1.432576248906782e-20
1.1460000000000001,-9.068312367703564e-19,-0.5780663236341715,1.00748902902052,-3.3967451123397285e-19,-1.109008292282363,-0.004830993894768814,0.9995652583589408,0.02948379693701219,-4.56081101136992e-19,-1.209723892940845e-20
1.1480000000000001,-9.07528721015181e-19,-0.5802852702097373,1.00747933612364,-3.5795882122764094e-19,-1.1099359046718076,-0.0048617634105549284,0.9995759327251611,0.02911966202797406,-4.788466607456349e-19,-1.3385213328658354e-20
1.1500000000000001,-9.082636635977614e-19,-0.5825060575972419,1.0074695828222382,-3.7713213203991294e-19,-1.1108491177642439,-0.004891400935367476,0.9995864141955827,0.028757617349426553,-5.01473472261211e-19,-1.569468250105453e-20
1.1520000000000001,-9.090378380469038e-19,-0.5847286570816759,1.007459771359655,-3.971899709769256e-19,-1.1117480151292396,-0.004919927080102812,0.9995967051261488,0.02839766013153145,-5.24001645586017e-19,-1.765396011874114e-20
1.154,-9.098530089735685e-19,-0.5869530401150733,1.007449903938243,-4.1812790498723203e-19,-1.1126326802405953,-0.004947362221774523,0.9996068078573743,0.02803978753823011,-5.464419010301473e-19,-1.8921365159953334e-20
1.156,-9.107109321789104e-19,-0.5891791783163185,1.0074399827198337,-4.399415547612813e-19,-1.1135031964740845,-0.00497372650471918,0.9996167247139722,0.02768399667875809,-5.688141652341454e-19,-1.8813488688344457e-20
1.158,-9.1161324720166e-19,-0.5914070434709464,1.007430009826202,-4.625190219747457e-19,-1.1143596471041695,-0.004999039841755485,0.9996264580050402,0.027330284599619527,-5.909760812251522e-19,-2.247111963695551e-20
1.16,-9.125613337045844e-19,-0.5936366075309375,1.007419987339527,-4.8531772836621395e-19,-1.11520211530158,-0.005023321915403979,0.9996360100238155,0.026978648292028052,-5.5265508091577625e-19,-2.7209464541357424e-20
1.162,-9.13552690048388e-19,-0.5958678426145074,1.007409917302853,-5.058615731030734e-19,-1.116030684130261,-0.005046592179082856,0.9996453830477717,0.026629084687096967,-5.146258935347223e-19,-2.6800332214233455e-20
1.164,-9.145847534485059e-19,-0.5981007210058908,1.0073998017205446,-5.263128778192855e-19,-1.1168454365448697,-0.00506886985834522,0.9996545793384538,0.026281590660724316,-5.316663307393536e-19,-2.4770646242410775e-20
1.166,-9.156584885317186e-19,-0.60033521515512,1.0073896425587425,-5.475327482168884e-19,-1.1176464553878906,-0.0050901739521060484,0.9996636011415235,0.025936163030797044,-5.540634807033759e-19,-2.4600899293916565e-20
1.168,-9.167751421057864e-19,-0.6025712976777979,1.0073794417458153,-5.689796294698704e-19,-1.118433823387105,-0.0051105232338986275,0.9996724506866448,0.025592798560471766,-5.215649044574149e-19,-2.2322421620870897e-20
1.17,-9.17932583149383e-19,-0.604808941354866,1.0073692011728086,-5.881777756823053e-19,-1.1192076231528285,-0.00512993625312876,0.9996811301874998,0.025251493956639448,-4.837151297071201e-19,-2.093926205719059e-20
1.172,-9.191280461092471e-19,-0.6070481191323667,1.0073589226938924,-6.073972303134284e-19,-1.1199679371753855,-0.005148431336350848,0.9996896418417079,0.02491224587219843,-5.007825597546049e-19,-2.3685857701844128e-20
1.174,-9.20362615547469e-19,-0.6092888041212009,1.0073486081268053,-6.272837120773007e-19,-1.1207148478224458,-0.0051660265885463685,0.9996979878308252,0.024575050905307275,-5.178196054401629e-19,-2.436855172751726e-20
1.176,-9.216376221740151e-19,-0.6115309695968801,1.0073382592532965,-6.478338868301988e-19,-1.1214484373365214,-0.005182739894419351,0.999706170320286,0.024239905601024007,-5.347672348525552e-19,-2.539053595063512e-20
1.178,-9.229543900585521e-19,-0.6137745889992736,1.007327877819565,-6.6904444223355e-19,-1.1221687878323874,-0.005198588919696806,0.9997141914593947,0.023906806451050994,-5.516508656253936e-19,-2.5724134985724084e-20
1.18,-9.24314236688492e-19,-0.6160196359323501,1.0073174655366959,-6.909121142753031e-19,-1.122875981294612,-0.005213591112442899,0.999722053381283,0.02357574989497487,-5.684712943295644e-19,-2.5370987570257264e-20
1.182,-9.257184730714062e-19,-0.6182660841639155,1.0073070240810953,-7.134336847685141e-19,-1.123570099575052,-0.00522776370437939,0.9997297582028989,0.023246732320317803,-5.852288626273917e-19,-2.4332311224880853e-20
1.184,-9.271684038266966e-19,-0.6205139076253443,1.0072965550949207,-7.366059843466613e-19,-1.1242512243904241,-0.0052411237122175856,0.9997373080249755,0.02291975006352504,-6.019162964360083e-19,-2.29510849974472e-20
1.186,-9.286653272726729e-19,-0.6227630804113076,1.00728606018651,-7.604258651352432e-19,-1.1249194373198674,-0.0052536879389970875,0.99974470493202,0.022594799410206225,-6.184783823588478e-19,-2.362691505760222e-20
1.188,-9.302105353493301e-19,-0.6250135767794948,1.0072755409308074,-7.848900910663647e-19,-1.1255748198025621,-0.005265472975434441,0.9997519509922915,0.022271876595962647,-6.349066437847438e-19,-2.669706100467466e-20
1.19,-9.318053134479898e-19,-0.627265371150332,1.0072649988697875,-8.099953635043238e-19,-1.1262174531353528,-0.005276495201278663,0.9997590482577924,0.021950977806745688,-6.513168360276766e-19,-2.7017620232800563e-20
1.192,-9.334510121046258e-19,-0.6295184381066946,1.0072544355128745,-8.358459274147645e-19,-1.1268474184704178,-0.005286770786675436,0.9997659987642527,0.021632099179581515,-6.731181758203277e-19,-2.7455412892070834e-20
1.194,-9.35149117861321e-19,-0.6317727523936157,1.0072438523373615,-8.620071406245322e-19,-1.1274647968129508,-0.0052963156935380345,0.9997728045311249,0.021315236803000917,-6.454861937748356e-19,-2.6137353802215958e-20
1.196,-9.368975229298624e-19,-0.63402828891799,1.007233250788824,-8.861104000267877e-19,-1.1280696690188823,-0.005305145676925856,0.9997794675615749,0.02100038671769766,-6.12530982462097e-19,-2.470671331132907e-20
1.198,-9.386939153083136e-19,-0.6362850227482728,1.0072226322815336,-9.1042599988384e-19,-1.1286621157926182,-0.005313276286429369,0.9997859898424794,0.020687544917001,-6.345223696682874e-19,-2.614488626079006e-20
1.2,-9.405397969969492e-19,-0.6385429291141748,1.0072119981988668,-9.35599023603844e-19,-1.129242217684813,-0.005320722867561858,0.999792373344423,0.02037670734749044,-6.564234325009447e-19,-2.6892179503503067e-20
1.202,-9.424368785704675e-19,-0.6408019834063522,1.007201349893712,-9.616252062440258e-19,-1.1298100550901633,-0.005327500563157103,0.9997986200216997,0.02006786990949293,-6.78234625357415e-19,-2.6950629908064137e-20
1.204,-9.443868621283126e-19,-0.6430621611760933,1.0071906886888735,-9.885003401214464e-19,-1.1303657082452354,-0.005333624314773141,0.9998047318123148,0.019761028457668254,-6.999568340436783e-19,-2.6321465681238563e-20
1.206,-9.463914414118336e-19,-0.6453234381349991,1.0071800158774726,-1.016220272611991e-18,-1.1309092572263122,-0.005339108864101437,0.9998107106379901,0.019456178801519657,-7.21597469485116e-19,-2.4664531001855463e-20
1.208,-9.484523019121796e-19,-0.6475857901546614,1.0071693327233457,-1.0447809060107166e-18,-1.1314407819472727,-0.005343968754381487,0.9998165584041709,0.01915331670595875,-7.43143738777472e-19,-2.2666637403334678e-20
1.21,-9.50571120967434e-19,-0.6498491932663355,1.00715864046144,-1.0741781659340632e-18,-1.1319603621574938,-0.005348218331820341,0.999822277000035,0.018852437891822532,-7.64516608771524e-19,-2.4439754031559756e-20
1.212,-9.52749567637585e-19,-0.6521136236606091,1.0071479402982062,-1.1044078475656582e-18,-1.1324680774397815,-0.005351871747016898,0.999827868298504,0.01855353803642341,-7.857801807738413e-19,-2.6549719952786925e-20
1.214,-9.549893025658698e-19,-0.6543790576870674,1.0071372334119881,-1.1354657572549404e-18,-1.1329640072083256,-0.005354942956390581,0.9998333341562569,0.018256612774068183,-8.069809307738005e-19,-2.6595914936806494e-20
1.216,-9.57291547608223e-19,-0.6566454718539535,1.0071265209534097,-1.1667020694203778e-18,-1.1334482307066829,-0.005357445723614218,0.9998386764137451,0.017961657696596668,-7.732710522229383e-19,-2.5296525260079214e-20
1.218,-9.596543614281457e-19,-0.6589128428278255,1.007115804045759,-1.1958562239008922e-18,-1.1339208270057852,-0.00535939362105078,0.99984389689521,0.01766866835389988,-7.397341223574242e-19,-2.3315471356965015e-20
1.22,-9.620750966126763e-19,-0.6611811474332088,1.00710508378537,-1.2249833091128352e-18,-1.1343818750019734,-0.0053608000311937505,0.9998489974087019,0.017377640254449492,-7.557241276754718e-19,-2.1184241814540137e-20
1.222,-9.645545978551114e-19,-0.6634503626522456,1.0070943612419991,-1.2546217989967019e-18,-1.1348314534150565,-0.005361678148110834,0.9998539797461017,0.01708856886581346,-7.661340384760534e-19,-2.0331632204797296e-20
1.224,-9.670938132902301e-19,-0.6657204656243392,1.007083637459203,-1.2846612249954083e-18,-1.1352696407863982,-0.005362040978890726,0.9998588456831435,0.016801449615177683,-7.764584021212888e-19,-2.0850282361620747e-20
1.226,-9.696935066510207e-19,-0.6679914336457958,1.0070729134547092,-1.3150994021622784e-18,-1.135696515477027,-0.0053619013450927405,0.9998635969794404,0.01651627788985799,-7.867336948089208e-19,-2.1366303758390284e-20
1.228,-9.723544734259262e-19,-0.6702632441694618,1.0070621902207866,-1.3459343219432675e-18,-1.136112155665773,-0.005361271884198986,0.9998682353785101,0.016233049037814896,-7.969660039304275e-19,-2.1537087099097535e-20
1.23,-9.750775051128752e-19,-0.6725358748043575,1.007051468724612,-1.3771639978851725e-18,-1.1365166393474282,-0.005360165051068861,0.9998727626078049,0.015951758368161283,-8.071666714997607e-19,-2.067821404190966e-20
1.232,-9.778633892725164e-19,-0.6748093033153071,1.0070407499086338,-1.4087864873037325e-18,-1.1369100443309348,-0.005358593119395603,0.9998771803787407,0.01567240115167075,-8.173197846624033e-19,-1.9819166971460057e-20
1.234,-9.807129096092176e-19,-0.6770835076225653,1.007030034690933,-1.4407998733238808e-18,-1.1372924482375955,-0.005356568183164685,0.9998814903867307,0.015394972621280574,-8.274418426934749e-19,-1.7933305050645576e-20
1.236,-9.836268460349226e-19,-0.6793584658014404,1.0070193239655814,-1.473202272270048e-18,-1.1376639284993102,-0.0053541021581137585,0.9998856943112175,0.015119467972594064,-8.374853598622788e-19,-1.8106236066551978e-20
1.238,-9.866060462981922e-19,-0.6816341560819137,1.0070086186029954,-1.5062068117627885e-18,-1.1380245623568377,-0.005351206783193946,0.9998897938157099,0.014845882364378496,-8.584263205035238e-19,-1.8785538057095423e-20
1.24,-9.896517118394e-19,-0.6839105568482552,1.00699791945029,-1.5391647397498599e-18,-1.1383744268580802,-0.0053478936220322714,0.9998937905478192,0.01457421091906168,-8.135645521794602e-19,-1.4031594101043702e-20
1.242,-9.927608779042348e-19,-0.6861876466386366,1.0069872273316265,-1.5699240047704607e-18,-1.1387135988563943,-0.005344174064394925,0.9998976861392991,0.014304448723224747,-8.072567692880433e-19,-1.2246364017715276e-20
1.244,-9.959328181880736e-19,-0.6884654041447404,1.0069765430485593,-1.6020467003256265e-18,-1.139042155008925,-0.005340059327651174,0.9999014822060843,0.014036590828093052,-8.064087293806319e-19,-1.3284214061596966e-20
1.246,-9.991674549414812e-19,-0.6907438082113657,1.0069658673803792,-1.6325129529715966e-18,-1.1393601717749644,-0.005335560458237737,0.999905180348334,0.01377063225002372,-7.946180899193994e-19,-1.382224778623045e-20
1.248,-1.0024638509737699e-18,-0.693022837836031,1.006955201084454,-1.6636987091996176e-18,-1.1396677254143344,-0.005330688333123328,0.9999087821504743,0.013506567970990997,-7.7740568155748e-19,-1.3940253481220923e-20
1.25,-1.0058204278050867e-18,-0.6953024721685735,1.0069445448965657,-1.6926943624731247e-18,-1.1399648919857925,-0.005325453661273179,0.9999122891812438,0.013244392939068475,-7.547822485095955e-19,-1.5696817317772173e-20
1.252,-1.0092355066773222e-18,-0.6975826905107458,1.006933899531245,-1.7222013508443766e-18,-1.1402517473454632,-0.005319866985113378,0.9999157029937392,0.01298410206890897,-7.267740878272517e-19,-1.7033131316707022e-20
1.254,-1.0127068784761405e-18,-0.6998634723158086,1.0069232656821028,-1.749095776850982e-18,-1.1405283671452904,-0.005313938681994703,0.9999190251254642,0.012725690242221414,-7.043849309587002e-19,-1.8095582802552194e-20
1.256,-1.016232810763148e-18,-0.7021447971881211,1.0069126440221596,-1.7768342715672668e-18,-1.1407948268315158,-0.00530767896565587,0.9999222570983772,0.012469152308245282,-6.930385674354868e-19,-2.1350624010172163e-20
1.258,-1.0198125121901707e-18,-0.7044266448827279,1.0069020352041707,-1.8028293753982614e-18,-1.1410512016431793,-0.005301097887685897,0.9999254004189436,0.012214483084222148,-6.817703071065518e-19,-2.2540771991945787e-20
1.26,-1.0234449449033383e-18,-0.7067089953049435,1.0068914398609488,-1.8294583514297578e-18,-1.1412975666106424,-0.005294205338985438,0.9999284565781863,0.011961677355864694,-6.595996284992463e-19,-2.3936421479970722e-20
1.262,-1.0271283946694589e-18,-0.708991828509933,1.0068808586056843,-1.8539186868079604e-18,-1.1415339965541353,-0.005287011051226834,0.9999314270517394,0.011710729877822932,-6.429848207669536e-19,-2.5736449951060054e-20
1.264,-1.0308617633601331e-18,-0.7112751247022907,1.0068702920322627,-1.8792341895216415e-18,-1.141760566082327,-0.00527952459831277,0.9999343132999035,0.01146163537414783,-6.319457754849409e-19,-2.5197445712430377e-20
1.266,-1.0346438505533425e-18,-0.7135588642356155,1.0068597407155777,-1.9028169238625495e-18,-1.1419773495909167,-0.005271755397833286,0.9999371167677003,0.011214388538752201,-6.264456542798361e-19,-2.437983422823891e-20
1.268,-1.0384743928882427e-18,-0.7158430276120836,1.0068492052118427,-1.9276895077201625e-18,-1.1421844212612509,-0.005263712712520937,0.9999398388849303,0.010968984035868967,-6.209720537684108e-19,-2.356392929273368e-20
1.27,-1.0423527706665172e-18,-0.7181275954820182,1.0068386860588998,-1.950509116202146e-18,-1.1423818550589593,-0.005255405651704004,0.9999424810662313,0.010725416500506723,-5.990910843755281e-19,-2.256905176857153e-20
1.272,-1.0462775784895735e-18,-0.7204125486434572,1.0068281837765243,-1.974407256067898e-18,-1.1425697247326154,-0.005246843172757475,0.999945044711137,0.010483680538902666,-6.211575623807985e-19,-2.3417329413983146e-20
1.274,-1.0502498930843097e-18,-0.7226978680417172,1.0068176988667275,-1.997656413500145e-18,-1.142748103812419,-0.005238034082551706,0.9999475312041386,0.010243770728972855,-5.827956127067055e-19,-2.5344031016250436e-20
1.276,-1.0542670905645905e-18,-0.7249835347689559,1.0068072318140562,-2.0193989520807247e-18,-1.1429170656088998,-0.005228987038898496,0.9999499419147458,0.010005681620759823,-5.446283761886019e-19,-2.589577968667995e-20
1.278,-1.0583264520106941e-18,-0.7272695300637315,1.0067967830858895,-2.0396420874346936e-18,-1.1430766832116444,-0.005219710551994529,0.99995227819755,0.00976940773687753,-5.06639679460702e-19,-2.5419195217065625e-20
1.28,-1.0624250930341365e-18,-0.729555835310559,1.0067863531327321,-2.0590384937651247e-18,-1.143227029488043,-0.0052102129858618736,0.9999545413922877,0.009534943572953706,-5.181819495295106e-19,-2.4398103773244975e-20
1.282,-1.0665634790361207e-18,-0.7318424320394651,1.006775942388506,-2.0793150455145592e-18,-1.1433681770820598,-0.005200502559785477,0.9999567328239062,0.009302283598069509,-5.132464577668534e-19,-2.2193892340129046e-20
1.284,-1.0707412489257745e-18,-0.73412930192554,1.006765551270838,-2.0983149014948365e-18,-1.1435001984130244,-0.005190587349747449,0.999958853802629,0.009071422255196599,-4.973252610567627e-19,-2.4690238523545707e-20
1.286,-1.0749572540238063e-18,-0.7364164267884872,1.006755180181345,-2.1176582851705483e-18,-1.143623165674443,-0.005180475289858012,0.9999609056240233,0.008842353961631548,-4.92445193974289e-19,-2.556567687436556e-20
1.288,-1.079211103542892e-18,-0.7387037885921698,1.0067448295059163,-2.136159479185534e-18,-1.143737150832833,-0.0051701741737828774,0.9999628895690674,0.008615073109427648,-4.931049756580958e-19,-2.271748141203491e-20
1.29,-1.0835026599120777e-18,-0.7409913694441564,1.0067344996149927,-2.1554368847590414e-18,-1.1438422256265761,-0.005159691656167026,0.99996480690422,0.008389574065824098,-4.992301028429776e-19,-2.163548698099756e-20
1.292,-1.0878325747953223e-18,-0.7432791515952634,1.0067241908638442,-2.1745178095043987e-18,-1.1439384615647958,-0.005149035254054611,0.9999666588814896,0.008165851173672571,-5.162857964151683e-19,-2.1332610881263784e-20
1.294,-1.0922020715037596e-18,-0.7455671174390949,1.0067139035928427,-2.1950182658852915e-18,-1.144025929926252,-0.005138212348304936,0.999968446738506,0.007943898751861191,-5.277799801815917e-19,-2.2355416700744036e-20
1.296,-1.0966120094006454e-18,-0.7478552495115814,1.0067036381277334,-2.2149945978323575e-18,-1.1441047017582588,-0.005127230185004305,0.9999701716985911,0.007723711095735893,-5.337415568120814e-19,-2.4359424317129738e-20
1.298,-1.10106295720392e-18,-0.750143530490516,1.0066933947799028,-2.2360638586705393e-18,-1.144174847875621,-0.005116095876873633,0.9999718349708321,0.007505282477519198,-5.396900464367607e-19,-2.430281042071341e-20
1.3,-1.1055556245682982e-18,-0.7524319431950874,1.0066831738466442,-2.2566062618574815e-18,-1.1442364388595927,-0.005104816404671664,0.9999734377501539,0.0072886071467264,-5.456161060134031e-19,-2.1846496342428992e-20
1.302,-1.1100901798831156e-18,-0.7547204705854129,1.00667297561142,-2.277915752738405e-18,-1.144289545056854,-0.005093398618593661,0.9999749812173944,0.007073679330579158,-5.460125184969248e-19,-2.2097304524123378e-20
1.304,-1.1146666099579732e-18,-0.7570090957620675,1.006662800344122,-2.2985885560366875e-18,-1.1443342365785096,-0.005081849239665457,0.9999764665393784,0.006860493234416522,-5.518684253915014e-19,-2.3414292721036687e-20
1.306,-1.119285438368673e-18,-0.7592978019656121,1.0066526483013272,-2.3203497834836563e-18,-1.1443705832991067,-0.005070174861132692,0.9999778948689938,0.006649043042103382,-5.577060363572133e-19,-2.3356770537856958e-20
1.308,-1.1239471864707952e-18,-0.7615865725761194,1.0066425197265532,-2.341364553712509e-18,-1.1443986548556715,-0.005058381949845186,0.9999792673452675,0.006439322916436349,-5.52551129632825e-19,-2.3226511045372603e-20
1.31,-1.1286512973636222e-18,-0.7638753911126978,1.006632414850509,-2.3626051001900107e-18,-1.1444185206467674,-0.005046476847636231,0.9999805850934432,0.006231326999547079,-5.364625704089612e-19,-2.199739002332487e-20
1.312,-1.133396498542937e-18,-0.7661642412330133,1.0066223338913436,-2.3824552617980174e-18,-1.1444302498315708,-0.00503446577269676,0.9999818492250585,0.006025049413303045,-5.149576128766916e-19,-2.0393866296701452e-20
1.314,-1.1381811998782386e-18,-0.7684531067328105,1.0066122770548922,-2.402105929960372e-18,-1.144433911328967,-0.005022354820944224,0.9999830608380238,0.005820484259705749,-4.935509998679135e-19,-1.9479133154035793e-20
1.316,-1.1430037117427528e-18,-0.7707419715454308,1.0066022445349194,-2.42026646064815e-18,-1.1444295738166654,-0.005010149967386071,0.9999842210167015,0.005617625621286411,-4.722462389876536e-19,-1.8566261872711104e-20
1.318,-1.1478622452352133e-18,-0.7730308197413286,1.006592236513359,-2.438020578146208e-18,-1.144417305730334,-0.004997857067477755,0.9999853308319855,0.005416467561499109,-4.400601156997633e-19,-2.0677160812798617e-20
1.32,-1.1527542665120368e-18,-0.7753196355275873,1.006582253160553,-2.4538627827634874e-18,-1.1443971752627509,-0.004985481858475078,0.9999863913413816,0.005217004125111387,-4.080104042488222e-19,-2.312591747198964e-20
1.322,-1.1576778268964655e-18,-0.7776084032474323,1.0065722946354854,-2.4698477020747016e-18,-1.1443692503629774,-0.004973029960780873,0.9999874035890886,0.005019229338592355,-4.309479478028377e-19,-2.3798852298524217e-20
1.324,-1.1626338225432186e-18,-0.7798971073797424,1.006562361086015,-2.4858667853635216e-18,-1.1443335987355476,-0.004960506879285803,0.9999883686060798,0.004823137210498254,-3.8798817822756003e-19,-2.379732934754834e-20
1.326,-1.1676197362603557e-18,-0.7821857325385606,1.0065524526491056,-2.500090012413622e-18,-1.1442902878396772,-0.00494791800470326,0.9999892874101848,0.004628721731855528,-3.945729083722338e-19,-2.4376069616797928e-20
1.328,-1.1726356111622474e-18,-0.7844742634726022,1.0065425694510524,-2.515756173070918e-18,-1.1442393848884904,-0.004935268614898243,0.9999901610061724,0.00443597687654138,-3.901838768383687e-19,-2.5587567060080085e-20
1.33,-1.177681312026696e-18,-0.7867626850647621,1.006532711607706,-2.530059533857876e-18,-1.1441809568482653,-0.004922563876210084,0.9999909903858339,0.004244896601661833,-4.022450981118848e-19,-2.789745463731717e-20
1.332,-1.1827577799812357e-18,-0.7890509823316202,1.0065228792246959,-2.546558758330735e-18,-1.1441150704376968,-0.004909808844768948,0.999991776528066,0.004055474847927307,-4.252133586391486e-19,-3.0248614100882977e-20
1.334,-1.1878662742805705e-18,-0.7913391404229457,1.0065130723976474,-2.561798044490885e-18,-1.144041792127178,-0.004897008467806055,0.9999925203989555,0.0038677055400257038,-3.9872744230661653e-19,-2.965122028656303e-20
1.336,-1.1930050325840039e-18,-0.7936271446211997,1.0065032912123995,-2.5767518283041247e-18,-1.1439611881380987,-0.004884167584957447,0.9999932229518632,0.0036815825869930202,-3.723649848775519e-19,-2.9740325021286675e-20
1.338,-1.1981720856668464e-18,-0.7959149803410364,1.0064935357452183,-2.5902369798180056e-18,-1.1438733244421622,-0.004871290929561313,0.9999938851275096,0.003497099882581487,-3.6253699945690883e-19,-3.297420024591562e-20
1.34,-1.2033666920429618e-18,-0.7982026331288032,1.0064838060630084,-2.604305417131191e-18,-1.143778266760719,-0.004858383129948687,0.9999945078540596,0.003314251305625247,-3.6373061475026715e-19,-3.315446555847806e-20
1.342,-1.208588723993566e-18,-0.8004900886620395,1.0064741022235217,-2.6177702429812888e-18,-1.1436760805641182,-0.0048454487107275086,0.9999950920472084,0.003133030720403574,-3.704215284240939e-19,-3.129611690264479e-20
1.344,-1.2138387362078481e-18,-0.8027773327489736,1.0064644242755634,-2.632464953822691e-18,-1.1435668310710754,-0.004832492094059962,0.9999956386102676,0.002953431977001642,-3.880472554919923e-19,-3.324533358231809e-20
1.346,-1.2191178555874134e-18,-0.8050643513280191,1.0064547722591957,-2.64644630597988e-18,-1.1434505832480588,-0.004819517600932925,0.999996148434252,0.002775448911668856,-3.507616815187998e-19,-3.5370075768430786e-20
1.348,-1.2244235087963034e-18,-0.80735113046727,1.006445146205939,-2.6589639728437562e-18,-1.1433274018086912,-0.004806529452421612,0.9999966223979657,0.002599075347174736,-3.136463707759429e-19,-3.509095177604984e-20
1.35,-1.2297527395483445e-18,-0.8096376563639942,1.0064355461389702,-2.6700250014912485e-18,-1.1431973512131688,-0.004793531770946168,0.9999970613680899,0.002424305093162384,-2.7670527622961333e-19,-3.5497259665126536e-20
1.352,-1.2351026417533922e-18,-0.8119239153441258,1.0064259720733193,-2.679636567742822e-18,-1.143060495667698,-0.004780528581521264,0.9999974661992697,0.00225113194649952,-2.39937331277116e-19,-3.658780833213874e-20
1.354,-1.2404703236163473e-18,-0.8142098938617571,1.006416424016062,-2.687805792902056e-18,-1.1429168991239462,-0.0047675238129985704,0.9999978377342024,0.0020795496916271054,-2.0334005680410716e-19,-3.904632477090825e-20
1.356,-1.2458529075250378e-18,-0.8164955784986289,1.0064069019665118,-2.6945397444181863e-18,-1.142766625278512,-0.004754521299302047,0.9999981768037249,0.001909552100905562,-1.669206586259806e-19,-3.910113943082829e-20
1.358,-1.251247530013368e-18,-0.8187809559636192,1.0063974059164082,-2.6998455020253624e-18,-1.1426097375724085,-0.004741524780655986,0.9999984842269026,0.0017411329349585843,-1.306741414941198e-19,-3.9154979786464226e-20
1.36,-1.256651413419012e-18,-0.8210660130922326,1.0063879358501029,-2.703837582173684e-18,-1.142446299190565,-0.0047285379048057465,0.999998760811117,0.0015742859430145624,-1.0007011101664829e-19,-3.853288891562372e-20
1.362,-1.2620620801594184e-18,-0.8233507368460866,1.0063784917447431,-2.7066297944637424e-18,-1.142276373061344,-0.00471556422823116,0.999999007352155,0.0014090048632456153,-6.961567983602875e-20,-3.551283049416845e-20
1.364,-1.2674771364979048e-18,-0.8256351143123989,1.0063690735704538,-2.708228137756954e-18,-1.1421000218560735,-0.004702607217352432,0.9999992246342975,0.0012452834231042478,-3.930615987905942e-20,-3.28430187602328e-20
1.366,-1.2728943083034533e-18,-0.8279191327034721,1.0063596812905158,-2.70874620780763e-18,-1.1419173079885951,-0.004689670249728645,0.9999994134304084,0.0010831153396576331,-1.4619995193582108e-20,-3.2928507724257634e-20
1.368,-1.2783115125617638e-18,-0.8302027793561787,1.0063503148615427,-2.7082973151644743e-18,-1.1417282936148285,-0.004676756615248652,0.9999995745020243,0.0009224943199195312,9.938876705052383e-21,-3.506982040660924e-20
1.37,-1.2837268562271875e-18,-0.8324860417314449,1.006340974233655,-2.7068863713917665e-18,-1.1415330406323503,-0.004663869517314452,0.9999997085994431,0.0007634140611798516,3.438114047949509e-20,-3.652161094184418e-20
1.372,-1.2891384199227026e-18,-0.8347689074137333,1.0063316593506522,-2.7045180982630903e-18,-1.1413316106799885,-0.004651012074016848,0.9999998164618141,0.000605868251331863,5.870770879180557e-20,-3.7628193843504635e-20
1.374,-1.294544293700236e-18,-0.8370513641105252,1.006322370150181,-2.7011972092531388e-18,-1.1411240651374328,-0.004638187319303471,0.9999998988172275,0.0004498505691970632,8.29173480587139e-20,-3.59913706866601e-20
1.3760000000000001,-1.29994257707418e-18,-0.8393333996518014,1.006313106563904,-2.6969284535487694e-18,-1.1409104651248587,-0.004625398204139055,0.999999956382804,0.0002953546848477115,1.0701141812552092e-19,-3.435854821441839e-20
1.3780000000000001,-1.3053313790433328e-18,-0.8416150019895239,1.006303868517664,-2.6917165610481248e-18,-1.1406908715025674,-0.004612647597657923,0.999999989864785,0.00014237425992703456,1.3099059434099915e-19,-3.170175103911493e-20
1.3800000000000001,-1.3107088180713453e-18,-0.8438961591971146,1.006294655931646,-2.685566270391963e-18,-1.1404653448706399,-0.004599938288308648,0.9999999999586219,-9.097052032888589e-06,1.5485459852767847e-19,-2.768035736747903e-20
1.3820000000000001,-1.3160731297276395e-18,-0.8461768594689353,1.0062854687205376,-2.678482302160732e-18,-1.1402339455686064,-0.004587272984990862,0.9999999873490666,-0.00015906560529555425,1.7860495319767821e-19,-3.0178832828839025e-20
1.3840000000000001,-1.321422235994982e-18,-0.8484570911197661,1.0062763067936877,-2.6705768797607565e-18,-1.1399967336751289,-0.004574654318184169,0.9999999527102615,-0.00030753776160676727,1.967615017435371e-19,-2.9245718423181025e-20
1.3860000000000001,-1.326754964798279e-18,-0.8507368425842831,1.0062671700552615,-2.6620695343733537e-18,-1.1397537690077,-0.004562084841069084,0.9999998967058296,-0.00045451988988367214,2.0934924269049692e-19,-2.4885506992035658e-20
1.3880000000000001,-1.332070151150884e-18,-0.8530161024165361,1.0062580584043939,-2.653070624158198e-18,-1.1395051111223544,-0.004549567030640038,0.9999998199889641,-0.000600018365906074,2.2188744336175645e-19,-2.4990458066364364e-20
1.3900000000000001,-1.3373668854601087e-18,-0.8552948592894255,1.0062489717353411,-2.6435819132655753e-18,-1.139250819313395,-0.004537103288810325,0.9999997232025194,-0.0007440395720100432,2.343792955799536e-19,-2.5779911887465312e-20
1.3920000000000001,-1.3426442620459303e-18,-0.8575731019941779,1.0062399099376298,-2.6337132884964247e-18,-1.1389909526131332,-0.004524695943509068,0.9999996069791003,-0.0008865898967837938,2.358465787705892e-19,-2.6560390182713072e-20
1.3940000000000001,-1.3479019537308935e-18,-0.8598508194398227,1.006230872896204,-2.624004769050247e-18,-1.138725569791643,-0.004512347249770054,0.9999994719411527,-0.0010276757347658309,2.318113606116748e-19,-2.8019731392113146e-20
1.3960000000000001,-1.3531403883174551e-18,-0.8621280006526668,1.006221860491569,-2.6144560649299676e-18,-1.1384547293565281,-0.004500059390812516,0.9999993187010535,-0.0011673034861453568,2.27798351450888e-19,-2.6391931910272806e-20
1.3980000000000001,-1.3583598846759903e-18,-0.8644046347757699,1.0062128725999349,-2.605066418655383e-18,-1.138178489552704,-0.004487834479113753,0.9999991478612007,-0.0013054795564649304,2.238020464679361e-19,-2.648156243201051e-20
1.4000000000000001,-1.363560831814248e-18,-0.8666807110684184,1.0062039090933568,-2.5959425084584407e-18,-1.1378969083621921,-0.004475674557473615,0.9999989600141033,-0.0014422103563253702,2.1435240502314064e-19,-2.89627306244592e-20
1.4020000000000001,-1.3687439031108157e-18,-0.8689562189055998,1.0061949698398727,-2.5871902750200214e-18,-1.137610043503928,-0.004463581600070824,0.9999987557424709,-0.0015775023010928943,2.0494722341014885e-19,-3.212401749021543e-20
1.4040000000000001,-1.3739098400273342e-18,-0.8712311477774763,1.0061860547036399,-2.5788078289310446e-18,-1.137317952433583,-0.004451557513511081,0.9999985356193043,-0.0017113618106084903,1.9559060009971547e-19,-3.322292081144704e-20
1.4060000000000001,-1.3790594879214152e-18,-0.8735054872888581,1.0061771635450694,-2.570900962370628e-18,-1.1370206923433983,-0.004439604137866933,0.9999983002079847,-0.001843795308899506,1.807985030406064e-19,-3.2598410453175535e-20
1.408,-1.3841938677880848e-18,-0.8757792271586762,1.0061682962209575,-2.563575308224044e-18,-1.1367183201620323,-0.004427723247709465,0.9999980500623634,-0.0019748092238934547,1.6606471259904207e-19,-3.129029865981877e-20
1.41,-1.3893141753461723e-18,-0.8780523572194552,1.006159452584616,-2.5568282017541416e-18,-1.1364108925544216,-0.004415916553131684,0.9999977857268515,-0.0021044099871340245,1.5140150803845907e-19,-2.9300216451965975e-20
1.412,-1.3944215648678467e-18,-0.8803248674167858,1.0061506324860003,-2.5506568192634298e-18,-1.136098465921653,-0.004404185700763666,0.9999975077365091,-0.002232604033499288,1.3680265084698306e-19,-2.971371509212434e-20
1.414,-1.3995171849608726e-18,-0.882596747808797,1.0061418357718348,-2.5450583195025253e-18,-1.13578109640085,-0.0043925322747793835,0.9999972166171348,-0.002359397800922102,1.2227232808014761e-19,-3.046912120234814e-20
1.416,-1.404602178550781e-18,-0.884867988565628,1.0061330622857372,-2.540029862168872e-18,-1.1354588398650698,-0.004380957797895295,0.999996912885355,-0.002484797730112688,1.0781029632535376e-19,-3.156561223767412e-20
1.418,-1.4096777905134696e-18,-0.8871385799688998,1.0061243118683403,-2.5356762430085183e-18,-1.1351317519232151,-0.0043694637323605625,0.9999965970487124,-0.0026088102642833908,8.793953721701996e-20,-3.0589309350343604e-20
1.42,-1.4147454393816895e-18,-0.8894085124111871,1.0061155843574123,-2.532102113592031e-18,-1.1347998879199561,-0.004358051480938996,0.999996269605755,-0.002731441848875599,6.266521827938296e-20,-3.028652127119296e-20
1.422,-1.4198069314159092e-18,-0.8916777763954898,1.0061068795879742,-2.5291956594135643e-18,-1.1344633029356654,-0.00434672238788266,0.9999959310461254,-0.0028526989312888324,7.041738627509555e-20,-3.0760702742009207e-20
1.424,-1.4248616958080284e-18,-0.893946362534704,1.0060981973924163,-2.5255540885146586e-18,-1.1341220517863653,-0.004335477739897153,0.9999955818506481,-0.0029725879606119737,7.264922326990698e-20,-3.156080330505739e-20
1.426,-1.429909629728773e-18,-0.8962142615510936,1.0060895376006123,-2.522257627625479e-18,-1.133776189023686,-0.004324318767098522,0.9999952224914187,-0.003091115387356646,9.131656411039618e-20,-3.30928769452759e-20
1.428,-1.4349492686387506e-18,-0.8984814642757613,1.006080900040031,-2.5172596524415997e-18,-1.1334257689348366,-0.0043132466439618836,0.9999948534318914,-0.0032082876631927275,1.2085961041617484e-19,-3.499824092872214e-20
1.43,-1.4399786167805667e-18,-0.9007479616481197,1.0060722845358476,-2.5118600618968974e-18,-1.1330708455425875,-0.004302262490261664,0.9999944751269676,-0.003324111240685992,1.3931432656884335e-19,-3.583587794050924e-20
1.432,-1.444995867551551e-18,-0.9030137447153627,1.0060636909110514,-2.5054138962340977e-18,-1.1327114726052638,-0.004291367372003498,0.9999940880230825,-0.00343859257303787,1.4673375252434842e-19,-3.526448724017452e-20
1.434,-1.4500007273399551e-18,-0.9052788046319362,1.0060551189865525,-2.4994334326683696e-18,-1.1323477036167513,-0.0042805623023477925,0.9999936925582934,-0.003551738113827323,1.541088521521506e-19,-3.743501024199408e-20
1.436,-1.4549925468993828e-18,-0.9075431326590097,1.006046568581287,-2.4923021457022602e-18,-1.131979591806512,-0.004269848242524936,0.9999932891623663,-0.0036635543167548193,1.6146007243843733e-19,-3.6516150366404474e-20
1.438,-1.459970500487129e-18,-0.9098067201639468,1.0060380395123192,-2.4856394420227953e-18,-1.1316071901396134,-0.004259226102742153,0.9999928782568632,-0.00377404763538841,1.6877727858319217e-19,-3.525691451825199e-20
1.44,-1.4649342675278892e-18,-0.9120695586197775,1.0060295315949437,-2.478151701417982e-18,-1.131230551316766,-0.00424869674308206,0.9999924602552283,-0.0038832245229118863,1.650869895782717e-19,-3.601534677602061e-20
1.442,-1.469884175656157e-18,-0.9143316396046683,1.006021044642784,-2.471888043585876e-18,-1.130849727774374,-0.004238260974392828,0.9999920355628749,-0.003991091431875029,1.5046221963083029e-19,-3.330301909498198e-20
1.444,-1.4748213763100794e-18,-0.9165929548013948,1.0060125784678906,-2.4653362436508826e-18,-1.1304647716845966,-0.004227919559170056,0.999991604577271,-0.004097654813945916,1.468648029299319e-19,-2.892823656396769e-20
1.446,-1.4797460483175808e-18,-0.9188534959968122,1.0060041328808365,-2.4594669188101204e-18,-1.130075734955418,-0.004217673212430323,0.9999911676880258,-0.004202921119665306,1.4876071593600057e-19,-2.5956297075048584e-20
1.448,-1.4846583689505878e-18,-0.921113255081328,1.005995707690811,-2.4529847614083994e-18,-1.1296826692307318,-0.0042075226025763855,0.9999907252769742,-0.004306896798203073,1.3969513178023968e-19,-2.602948514291866e-20
1.45,-1.4895587651239277e-18,-0.9233722240483734,1.0059873027057131,-2.447613922958288e-18,-1.1292856258904322,-0.00419746835225411,0.9999902777182631,-0.004409588297116692,1.3066409324194383e-19,-2.8159500638451017e-20
1.452,-1.4944483418571502e-18,-0.9256303949938752,1.0059789177322411,-2.441949621611311e-18,-1.128884656050518,-0.004187511039201117,0.9999898253784357,-0.004511002062111765,1.1073857466198684e-19,-2.989299015740134e-20
1.454,-1.4993281626698482e-18,-0.9278877601157287,1.0059705525759821,-2.437929127920195e-18,-1.1284798105632055,-0.004177651197087089,0.9999893686165167,-0.004611144536804576,9.090632946749532e-20,-3.196576339647762e-20
1.456,-1.504199713997816e-18,-0.9301443117132698,1.0059622070414993,-2.433823014676108e-18,-1.128071140017054,-0.004167889316345844,0.9999889077840953,-0.004710022162486678,7.117790237025428e-20,-3.197717592784107e-20
1.458,-1.5090646180370983e-18,-0.9324000421867482,1.0059538809324173,-2.4311377346700955e-18,-1.127658694737098,-0.004158225844999177,0.9999884432254108,-0.004807641377891493,6.252058388456825e-20,-2.92992378056944e-20
1.46,-1.513923521159122e-18,-0.9346549440368,1.0059455740515066,-2.4277142139287548e-18,-1.1272425247849918,-0.004148661189472401,0.9999879752774351,-0.004904008618962917,7.034974835223149e-20,-2.704953980665611e-20
1.462,-1.5187758110311026e-18,-0.9369090098639216,1.0059372862007654,-2.424417113332806e-18,-1.1268226799591643,-0.004139195715401697,0.9999875042699565,-0.004999130318625934,9.459220727531189e-20,-2.4201309931733377e-20
1.464,-1.5236196946135716e-18,-0.9391622323679428,1.005929017181501,-2.419308680305826e-18,-1.1263992097949818,-0.004129829748433239,0.9999870305256626,-0.00509301290655922,1.1870739724214818e-19,-2.3758238197160054e-20
1.466,-1.528453280146154e-18,-0.9414146043475018,1.0059207667944088,-2.4141198125543187e-18,-1.1259721635649214,-0.0041205635750141386,0.9999865543602227,-0.005185662808969727,1.427013556113719e-19,-2.4687079831074905e-20
1.468,-1.5332746852426384e-18,-0.9436661186995184,1.0059125348396494,-2.407021368407868e-18,-1.1255415902787549,-0.004111397443175198,0.9999860760823699,-0.005277086448369251,1.720676889235379e-19,-2.4955873660276707e-20
1.47,-1.538081463044967e-18,-0.94591676841867,1.0059043211169254,-2.39963692276761e-18,-1.1251075386837408,-0.004102331563305519,0.9999855959939835,-0.005367290243352966,2.012947738192343e-19,-2.522383538698358e-20
1.472,-1.5428716083911115e-18,-0.9481665465968657,1.0058961254255554,-2.3902463251780078e-18,-1.1246700572648265,-0.004093366108918978,0.99998511439017,-0.005456280608379919,2.3037610133111027e-19,-2.6860805815085292e-20
1.474,-1.5476429122905008e-18,-0.9504154464227226,1.0058879475645475,-2.381226936720554e-18,-1.1242291942448595,-0.0040845012174125775,0.9999846315593444,-0.005544063953555484,2.0447803725651993e-19,-2.88798471577655e-20
1.476,-1.5523971937977557e-18,-0.9526634611810415,1.00587978733267,-2.373115507771609e-18,-1.123784997584808,-0.004075736990816717,0.9999841477833107,-0.005630646684415747,1.8419314412316016e-19,-2.9554418659168216e-20
1.478,-1.5571359052662834e-18,-0.9549105842522836,1.0058716445285218,-2.365692142922176e-18,-1.1233375149839908,-0.004067073496537379,0.9999836633373426,-0.005716035201713842,1.695002571248918e-19,-2.78601216450472e-20
1.48,-1.561860347697205e-18,-0.9571568091120471,1.0058635189506018,-2.3588460179210793e-18,-1.1228867938803155,-0.004058510768090286,0.9999831784902631,-0.0058002359012082165,1.548767245644976e-19,-2.6170205089973142e-20
1.482,-1.566571672741513e-18,-0.959402129330545,1.0058554103973742,-2.3525743042685423e-18,-1.1224328814505264,-0.004050048805827029,0.9999826935045241,-0.005883255173452803,1.4031839399111266e-19,-2.516955168947228e-20
1.484,-1.5712710263990316e-18,-0.9616465385720827,1.0058473186673356,-2.3468741800851828e-18,-1.1219758246104607,-0.004041687577653211,0.9999822086362857,-0.005965099403589125,1.2581889788371916e-19,-2.5885293480308815e-20
1.486,-1.5759595490198261e-18,-0.9638900305945366,1.0058392435590782,-2.3417428162618774e-18,-1.1215156700153135,-0.004033427019738594,0.999981724135495,-0.006045774971140293,1.1138835074188374e-19,-2.6599667586361016e-20
1.488,-1.5806383753087863e-18,-0.9661325992488332,1.0058311848713533,-2.337177401627517e-18,-1.121052464059912,-0.004025267037219334,0.9999812402459637,-0.006125288249806899,9.704056490668953e-20,-2.49144823727216e-20
1.49,-1.5853086343821461e-18,-0.9683742384784285,1.005823142403132,-2.3331751596728315e-18,-1.1205862528789972,-0.004017207504892296,0.9999807572054467,-0.00620364560726481,8.276679362663062e-20,-2.2205627028489203e-20
1.492,-1.5899714498326523e-18,-0.970614942318788,1.005815115953666,-2.3297333377074447e-18,-1.1201170823475148,-0.004009248267901461,0.9999802752457192,-0.006280853404964838,6.854340461890052e-20,-2.2244719275386254e-20
1.494,-1.5946279397321853e-18,-0.9728547048968678,1.0058071053225452,-2.3268491654019464e-18,-1.1196449980809147,-0.0040013891424165214,0.999979794592654,-0.006356917997934276,5.437266835227549e-20,-2.4682580930965772e-20
1.496,-1.5992791449452785e-18,-0.9750935204305954,1.005799110309756,-2.3244124242155644e-18,-1.119170045435457,-0.0039936299163035845,0.9999793154662977,-0.006431845734580315,5.1245088489831884e-20,-2.341535243964027e-20
1.498,-1.603925563966677e-18,-0.9773313832283521,1.0057911307157368,-2.322098749779363e-18,-1.1186922695085288,-0.003985970349788154,0.9999788380809472,-0.006505642956495302,4.264740147399701e-20,-2.245861381444102e-20
1.5,-1.608567575949344e-18,-0.9795682312995379,1.005787257874126,-2.320067481234754e-18,-1.1181522772215322,0.00011308130702807062,0.9999758385612306,-0.006951423865823157,2.3116656549725022e-20,-2.4158303117002528e-20
1.502,-1.6132065824036867e-18,-0.9818040281993331,1.005787627416325,-2.318958459466286e-18,-1.117640778829569,0.0002564052059790198,0.9999716124379989,-0.0075348734659006125,9.166562221261024e-21,-2.588919931429514e-20
1.504,-1.6178437759996257e-18,-0.9840387825721474,1.0057882836692438,-2.31834448455264e-18,-1.1171100912735263,0.00039979306030161587,0.9999674648289407,-0.008066553389133192,-4.715616395983382e-21,-2.744538334288282e-20
1.506,-1.6224804511443178e-18,-0.9862724520086406,1.0057892266643336,-2.318466611100666e-18,-1.116555610093482,0.0005431396462088223,0.9999627305697156,-0.008633508646935763,-2.538013793218083e-20,-2.9113987341884903e-20
1.508,-1.6271182392113726e-18,-0.9885049923460598,1.0057904563398543,-2.3195109378332408e-18,-1.1159812137698355,0.0006864733246504382,0.9999579837351559,-0.009166829567536658,-5.416942928908264e-20,-3.0707245091304575e-20
1.51,-1.631759088394409e-18,-0.9907363612753384,1.0057919725923925,-2.3212558733627622e-18,-1.1153840640258879,0.0008297102354963352,0.9999527491389311,-0.00972108478990979,-4.7167391269869195e-20,-3.0740474637696015e-20
1.512,-1.6364026430611743e-18,-0.992966515484524,1.00579377523479,-2.3222889167297456e-18,-1.1147666403338314,0.000972862145636011,0.9999474358105223,-0.010253078365058486,-5.114224467607047e-20,-2.826815258312109e-20
1.514,-1.6410491811408335e-18,-0.9951954129198801,1.005795864033834,-2.324239088698291e-18,-1.1141272114796164,0.0011158614518483202,0.9999417104784425,-0.010797020211390135,-6.058289713384742e-20,-2.711693131017613e-20
1.516,-1.6456992312419001e-18,-0.9974230109949966,1.005798238680306,-2.3255295591014586e-18,-1.1134673797646781,0.0012587079326123484,0.999935860686949,-0.011325833843429058,-3.430507077071163e-20,-2.4981898969301412e-20
1.518,-1.6503508256579543e-18,-0.9996492680080856,1.0058008988160907,-2.3257843725153255e-18,-1.1127861078285073,0.0014013460907813164,0.9999296562593425,-0.01186096678486155,-8.178159509122369e-21,-2.319345145300861e-20
1.52,-1.6550018987413896e-18,-1.001874142019153,1.0058038440133237,-2.325117437332067e-18,-1.1120844479333516,0.0015437673449822907,0.9999232974027691,-0.012385447556375676,1.7787768958650807e-20,-2.4491751117674343e-20
1.522,-1.6596506120017345e-18,-1.0040975917383148,1.005807073793679,-2.323425356714625e-18,-1.111361797526952,0.0016859251109609145,0.9999166273133407,-0.012912723272499498,4.366074225485725e-20,-2.3388096764896965e-20
1.524,-1.664294920291353e-18,-1.0063195758217618,1.0058105876141454,-2.3207132982211755e-18,-1.1106188639020862,0.0018278051793633584,0.9999097845081818,-0.01343215711641556,6.940864176610806e-20,-2.2286112562630332e-20
1.526,-1.6689328248471015e-18,-1.008540053428459,1.005814384880675,-2.31704044755974e-18,-1.1098553169152705,0.001969367508470728,0.999902663585717,-0.01395218098317022,9.226797423635043e-20,-2.3546658155340857e-20
1.528,-1.6735624809309962e-18,-1.010758983778638,1.0058184649386868,-2.3125739335297785e-18,-1.10907164743914,0.0021105942546998683,0.9998953600786973,-0.014466129167500983,1.0409784792234507e-19,-2.156726116038028e-20
1.53,-1.678183136397067e-18,-1.0129763265026066,1.0058228270827194,-2.308076345294331e-18,-1.1082676959267055,0.002251450202352941,0.9998878041461543,-0.014979289695453054,9.941325574171839e-20,-2.0038567939826484e-20
1.532,-1.6827949470943926e-18,-1.015192041363808,1.0058274705502515,-2.30376524170446e-18,-1.1074438174096872,0.002391915295610301,0.9998800616912503,-0.015487486313147123,9.469178423732127e-20,-2.159825903064591e-20
1.534,-1.6873983213994528e-18,-1.0174060884773024,1.005832394528563,-2.299531402825255e-18,-1.1065999591071596,0.0025319579237530346,0.9998720872208223,-0.01599403628464666,9.550775408139563e-20,-2.1184078584108843e-20
1.536,-1.6919930518259429e-18,-1.0196184281359828,1.00583759815085,-2.2951575364689717e-18,-1.1057363907173121,0.0026715568147189723,0.9998639263894501,-0.016496323986596628,1.0183282210607622e-19,-1.8803091420754396e-20
1.538,-1.6965787869087646e-18,-1.0218290209473515,1.0058430805011567,-2.2905362982785496e-18,-1.1048531262054042,0.002810683105382547,0.999855550228428,-0.01699643131383411,1.0814196317494103e-19,-1.5400517261455314e-20
1.54,-1.7011550333937654e-18,-1.0240378277243964,1.0058488406120605,-2.285669173274281e-18,-1.1039503815920122,0.0029493149945021653,0.9998469906497982,-0.01749272101591657,1.1438891141348397e-19,-1.37186354433991e-20
1.542,-1.7057213008861115e-18,-1.0262448095711436,1.0058548774682814,-2.2805575040264427e-18,-1.1030282124953263,0.0030874257700050423,0.9998382298129688,-0.017986500617609223,1.2056431472282622e-19,-1.4438487993711578e-20
1.544,-1.710277101499489e-18,-1.0284499278140604,1.0058611900054306,-2.2752024797343956e-18,-1.1020868010967426,0.00322499356891177,0.9998292903533603,-0.018476746236667032,1.267110232624913e-19,-1.515666347971886e-20
1.546,-1.714821949682144e-18,-1.0306531440554914,1.0058677771127185,-2.269605257850065e-18,-1.1011262289314907,0.0033619934175459633,0.9998201618708651,-0.018964280015736364,1.328291784558428e-19,-1.5873071433427017e-20
1.548,-1.7193553621944626e-18,-1.0328544201304621,1.0058746376324172,-2.263766996588205e-18,-1.100146656772259,0.003498403704864031,0.9998108607638974,-0.019448462626976363,1.3891873056034897e-19,-1.65878023748831e-20
1.55,-1.7238768581176737e-18,-1.0350537181399764,1.005881770361956,-2.257688853970565e-18,-1.099148182201494,0.0036342009108148426,0.9998013815724003,-0.019929811989027452,1.4499313768071026e-19,-1.6616009918280108e-20
1.552,-1.7283859588689136e-18,-1.0372510004237367,1.0058891740538591,-2.2513720177911858e-18,-1.0981309523699483,0.003769363883594251,0.99979173651197,-0.020407929889574135,1.510453506540042e-19,-1.6301159556165813e-20
1.554,-1.732882188273864e-18,-1.0394462295808122,1.0058968474174261,-2.2448176902517933e-18,-1.0970950747148935,0.003903870359981649,0.9997819233782881,-0.020883143585413235,1.5702702619886183e-19,-1.8042569702060177e-20
1.556,-1.737365072432546e-18,-1.0416393684523317,1.0059047891189818,-2.238026932045772e-18,-1.096040687641081,0.004037699781849465,0.9997719515840185,-0.021355206060367334,1.6296862923063446e-19,-2.0465098248961505e-20
1.558,-1.741834211687763e-18,-1.0438303801342297,1.005912997783275,-2.231109008378544e-18,-1.0949679045536387,0.004170831005995631,0.999761821052418,-0.021824325097315897,1.6345839489738114e-19,-2.0709996091919707e-20
1.56,-1.7462894965845803e-18,-1.0460192279661846,1.0059214719939313,-2.224172590859679e-18,-1.0938768581626963,0.004303244152892557,0.9997515393153649,-0.02229034850689162,1.639532006770184e-19,-2.0612838871475312e-20
1.562,-1.7507308902364948e-18,-1.048205875539395,1.0059302102946597,-2.2172177795335158e-18,-1.0927676653996121,0.004434919103136426,0.9997411076717546,-0.022753409222650577,1.6444574089533957e-19,-2.0516188702150142e-20
1.564,-1.7551583559684466e-18,-1.0503902866894277,1.0059392111898346,-2.2102446920874485e-18,-1.091640455187685,0.0045658367073060455,0.9997305323861975,-0.02321341454440323,1.6495894069937045e-19,-1.939233252175232e-20
1.566,-1.7595718573911624e-18,-1.0525724255008724,1.0059484731455708,-2.2032535026893667e-18,-1.0904953464490594,0.004695977800871529,0.9997198156342348,-0.02367045052911969,1.654763959078465e-19,-1.7928414151784517e-20
1.568,-1.763971358499743e-18,-1.0547522563026375,1.0059579945903854,-2.1961359862337366e-18,-1.0893324655112746,0.004825323993602148,0.999708962819811,-0.024124461812393614,1.659343099654811e-19,-1.8866205689548803e-20
1.57,-1.7683566067122563e-18,-1.0569297436706424,1.0059677739161803,-2.1891090194063473e-18,-1.0881519323200153,0.004953857025173783,0.9996979766652776,-0.024575505108749545,1.663997398163501e-19,-1.9459531708781698e-20
1.572,-1.7727277109938964e-18,-1.0591048524246427,1.0059778094789529,-2.181847618710534e-18,-1.0869538713490032,0.00508155927866165,0.9996868619824993,-0.02502354850103285,1.83308539410363e-19,-1.9771305618736392e-20
1.574,-1.7770833364604283e-18,-1.0612775476296887,1.0059880995997121,-2.1735945840453923e-18,-1.085738402956544,0.005208413359433365,0.999675621823401,-0.025468630351800702,2.1107463553092546e-19,-2.1383768511891874e-20
1.576,-1.7814213596485362e-18,-1.0634477945939038,1.005998642565215,-2.1642462171761554e-18,-1.0845056502230939,0.005334402428038417,0.999664260584692,-0.025910733483651596,2.3876942921455788e-19,-2.0593670530425e-20
1.578,-1.785739595389785e-18,-1.065615558869166,1.006009436628835,-2.1538080200296464e-18,-1.0832557335321706,0.005459509925082635,0.999652781505287,-0.026349884795625136,2.66331566646139e-19,-1.980416028575171e-20
1.58,-1.7900358695321344e-18,-1.067780806249479,1.0060204800113106,-2.142285495971608e-18,-1.0819887748552741,0.005583719786176149,0.9996411886830222,-0.02678607639043488,2.937618139560848e-19,-1.901608800626231e-20
1.582,-1.794308018891603e-18,-1.0699435027711615,1.0060317709015765,-2.1296841038436817e-18,-1.0807048943539792,0.005707016262038912,0.9996294854505372,-0.027219328020619663,3.2104291546729316e-19,-1.891375585586918e-20
1.584,-1.7985538911435348e-18,-1.0721036147115874,1.006043307457515,-2.1160092510807763e-18,-1.079404213064804,0.005829384056591324,0.9996176756830979,-0.027649637645376562,3.481940342075297e-19,-1.8810906505870843e-20
1.586,-1.8027713447457665e-18,-1.0742611085890617,1.0060550878067585,-2.101266306017616e-18,-1.0780868507682848,0.005950808209059722,0.9996057627462863,-0.02807702057581622,3.752066178997165e-19,-1.904970336189028e-20
1.588,-1.8069582488472243e-18,-1.0764159511617866,1.006067110047436,-2.085460603058211e-18,-1.0767529276709142,0.006071274182080405,0.9995937503428259,-0.028501478480315996,4.020809871717717e-19,-1.963017482508681e-20
1.59,-1.8111124832263277e-18,-1.0785681094275386,1.0060793722489534,-2.068597436279774e-18,-1.0754025630684345,0.006190767784096847,0.9995816418317915,-0.02892302392316367,4.288861721863946e-19,-1.8152668052226344e-20
1.592,-1.8152318299321883e-18,-1.080717550622772,1.006091872452731,-2.050573790744786e-18,-1.074035876399145,0.006309275225012459,0.9995694407761733,-0.02934166093472074,4.665322188302258e-19,-1.6652195877995058e-20
1.594,-1.8193138652411616e-18,-1.0828642422221664,1.0061046086729628,-2.0315039556835954e-18,-1.072652986405068,0.006426783064729179,0.9995571505030678,-0.029757400393639166,4.600903500936928e-19,-1.660708933088852e-20
1.596,-1.8233585625396273e-18,-1.0850081519378139,1.0061175788973455,-2.0131271613080736e-18,-1.0712540117912472,0.0065432782477691164,0.9995447744572885,-0.030170247846645907,4.700689230892611e-19,-1.8766235682571837e-20
1.598,-1.8273651357169803e-18,-1.0871492477186808,1.006130781087817,-1.9932717318225177e-18,-1.0698390706990282,0.006658748068748933,0.9995323159176227,-0.030580213150886992,4.964728980325553e-19,-2.038960911670655e-20
1.6,-1.8313319351842547e-18,-1.0892874977498435,1.0061442131812748,-1.9736795043507063e-18,-1.0684082811184155,0.006773180193394177,0.999519778224928,-0.03098730283827394,4.735043050190504e-19,-1.8100897845732945e-20
1.602,-1.8352604633534846e-18,-1.0914228704518936,1.006157873090297,-1.9549997363690095e-18,-1.066961760557027,0.006886562634971687,0.9995071645993169,-0.031391526159687405,4.506750638406013e-19,-1.4792664688945883e-20
1.604,-1.8391525408097825e-18,-1.0935553344801998,1.0061717587038472,-1.9372281051015552e-18,-1.0654996262976963,0.006998883766514444,0.9994944782871433,-0.03179289029816789,4.2797330526710094e-19,-1.0809772458931645e-20
1.606,-1.8430099795540633e-18,-1.0956848587242747,1.0061858678879807,-1.9203603489388507e-18,-1.0640219951901129,0.007110132304336902,0.9994817224433693,-0.03219140415756392,4.053767083664364e-19,-6.839172885046079e-21
1.608,-1.846834583090211e-18,-1.0978114123070495,1.006200198486534,-1.9043922072269148e-18,-1.062528983811453,0.007220297314592227,0.9994689002262047,-0.032587075361574944,3.828084199257424e-19,-5.2778146078907995e-21
1.61,-1.8506280378789088e-18,-1.0999349645842127,1.0062147483218156,-1.8891024967739115e-18,-1.061020708334955,0.007329368201362559,0.9994560147215178,-0.0329799126284681,3.7130662147940626e-19,-4.079142370937258e-21
1.612,-1.8543912631069424e-18,-1.1020554851434905,1.0062295151952827,-1.8741622032695894e-18,-1.0594972846297985,0.0074373347095687044,0.9994430690037334,-0.033369923889617306,3.6532843977708637e-19,-3.74985974996875e-21
1.614,-1.8581247388241995e-18,-1.1041729438039645,1.0062444968882152,-1.859352799094212e-18,-1.0579588281779357,0.007544186916014645,0.999430066087333,-0.03375711777787595,3.6487032442246218e-19,-3.2626242377072922e-21
1.616,-1.8618287257079003e-18,-1.1062873106153521,1.0062596911623793,-1.844781604491051e-18,-1.056405454135923,0.00764991522995531,0.9994170089660275,-0.03414150244789481,3.535490953628527e-19,-3.5354609109962024e-22
1.618,-1.8655041687211596e-18,-1.1083985558573086,1.0062750957606859,-1.830772460508949e-18,-1.0548372772820296,0.007754510386049573,0.9994039005816922,-0.03452308650887817,3.367774350870276e-19,2.048543963830257e-21
1.62,-1.8691522615938343e-18,-1.1105066500387033,1.0062907084078399,-1.8174309567298827e-18,-1.0532544120542529,0.007857963443428968,0.9993907438495674,-0.03490187828482715,3.2009580450418007e-19,4.785839358894835e-21
1.622,-1.872774336434522e-18,-1.1126115638969096,1.0063065268109836,-1.804753907300686e-18,-1.0516569725164366,0.007960265779885426,0.9993775416384039,-0.035277886399001444,3.0338514659605066e-19,4.4334165221011765e-21
1.624,-1.8763717188436633e-18,-1.1147132683970766,1.0063225486603327,-1.7927379919183593e-18,-1.050045072381387,0.008061409089984678,0.9993642967866868,-0.0356511193099407,2.8674305432134946e-19,3.737359860176311e-21
1.6260000000000001,-1.879945727771916e-18,-1.1168117347314075,1.0063387716298036,-1.781379907385219e-18,-1.0484188249889377,0.008161385380055309,0.9993510120899824,-0.036021585677595426,2.702772004917368e-19,5.780568169675432e-21
1.6280000000000001,-1.8834975672757903e-18,-1.118906934318425,1.0063551933776353,-1.770568055924207e-18,-1.0467783433197564,0.008260186965697332,0.999337690311401,-0.0363892940722277,2.593061981626167e-19,5.907756200342967e-21
1.6300000000000001,-1.887028254432953e-18,-1.1209988388022412,1.0063718115470037,-1.7601909904428175e-18,-1.0451237399809286,0.00835780646729422,0.9993243341735657,-0.03675425320368114,2.483636211098921e-19,5.005401474731923e-21
1.6320000000000001,-1.890538620222509e-18,-1.1230874200518157,1.0063886237666273,-1.750246338521269e-18,-1.0434551272139585,0.008454236807142518,0.9993109463653813,-0.037116471738657175,2.3748600525681797e-19,4.446177084660658e-21
1.6340000000000001,-1.8940295272826188e-18,-1.1251726501602173,1.0064056276513678,-1.7407319088533548e-18,-1.0417726168850943,0.008549471205308454,0.999297529536969,-0.03747595844419473,2.2663540397046037e-19,3.201991722128836e-21
1.6360000000000001,-1.8975018338537803e-18,-1.127254501443876,1.0064228208028219,-1.7317539078098129e-18,-1.0400763204897192,0.008643503176524151,0.9992840863040681,-0.037832722072886786,2.1046081358849713e-19,4.9041758270058114e-21
1.6380000000000001,-1.9009570802577177e-18,-1.1293329464418356,1.0064402008099074,-1.723743513108704e-18,-1.0383663491456783,0.0087363265262747,0.9992706192448713,-0.03818677145258432,1.7796433490629014e-19,8.250453845303663e-21
1.6400000000000001,-1.9043973062658155e-18,-1.1314079579150005,1.0064577652494406,-1.7163713310424134e-18,-1.0366428135954349,0.008827935347554874,0.9992571309029131,-0.03853811541420554,1.8925468481566708e-19,5.4602627518030344e-21
1.6420000000000001,-1.9078219048682783e-18,-1.13347950884538,1.0064755116867083,-1.7082247595987136e-18,-1.034905824201306,0.008918324017113885,0.999243623785123,-0.038886762847732924,1.8405755880185372e-19,2.9678460879612496e-21
1.6440000000000001,-1.9112313905643872e-18,-1.1355475724353288,1.0064934376760317,-1.7013665681994165e-18,-1.0331554909462475,0.009007487192133228,0.9992301003637454,-0.03923272265672555,1.6808824340011542e-19,4.6736280959302434e-21
1.6460000000000001,-1.914627069986801e-18,-1.137612122106785,1.0065115407613234,-1.6943819434516266e-18,-1.0313919234303137,0.009095419806582909,0.9992165630751733,-0.039576003793189624,1.4668886591889184e-19,6.246814953094815e-21
1.6480000000000001,-1.9180103529065828e-18,-1.1396731315005042,1.0065298184766382,-1.6891139101349429e-18,-1.0296152308706092,0.00918211706785965,0.9992030143212508,-0.03991661522883336,1.2524300782540024e-19,4.048025541978639e-21
1.6500000000000001,-1.921382857564152e-18,-1.1417305744752908,1.0065482683467157,-1.6831693417278024e-18,-1.027825522098544,0.00926757445322542,0.9991894564686059,-0.04025456597669716,1.5888599939734982e-19,4.454992543892644e-21
1.6520000000000001,-1.924742581611825e-18,-1.1437844251072258,1.0065668878875171,-1.6767679490344597e-18,-1.0260229055592898,0.00935178770643151,0.99917589184956,-0.040589865072906975,1.321354081961769e-19,7.976456045034887e-21
1.6540000000000001,-1.9280912897242986e-18,-1.1458346576888923,1.0065856746067545,-1.6721887010118169e-18,-1.0242074893095598,0.009434752834221048,0.9991623227617802,-0.040922521590007796,9.989471176803886e-20,8.285489587155541e-21
1.6560000000000001,-1.931431171481105e-18,-1.147881246728598,1.0066046260044135,-1.6675791833244028e-18,-1.022379381016782,0.009516466102955663,0.9991487514689382,-0.041252544625301285,1.1713625274368898e-19,6.913048988862783e-21
1.6580000000000001,-1.9347611529993304e-18,-1.1499241669495943,1.0066237395732691,-1.6622890003114739e-18,-1.0205386879572333,0.0095969240351706,0.9991351802005685,-0.0415799433089815,1.3432448765950483e-19,6.230065626625036e-21
1.6600000000000001,-1.9380798763221152e-18,-1.1519633932892934,1.0066430127993948,-1.6563215247886097e-18,-1.0186855170150608,0.009676123406215023,0.9991216111525677,-0.04190472679660313,1.5143123596909468e-19,5.550149350543833e-21
1.6620000000000001,-1.941385990230613e-18,-1.1539989008984821,1.0066624431626645,-1.6496801233693475e-18,-1.016819974680665,0.009754061240852848,0.9991080464871847,-0.042226904273962036,1.6844252326716504e-19,4.5309066841811765e-21
1.6640000000000001,-1.944678150212193e-18,-1.1560306651405334,1.0066820281372482,-1.642368120428762e-18,-1.0149421670496508,0.009830734809924017,0.9990944883334192,-0.04254648495215594,1.8531592015513581e-19,2.146431628877808e-21
1.666,-1.947955018321845e-18,-1.1580586615906157,1.0067017651921004,-1.6343887659496692e-18,-1.013052199821391,0.00990614162698697,0.9990809387870967,-0.042863478070427466,2.0208139867010206e-19,-9.157823350886568e-22
1.668,-1.9512152630710854e-18,-1.1600828660348985,1.0067216517914432,-1.6257452765850008e-18,-1.0111501782979595,0.00998027944500594,0.9990673999112041,-0.04317789289285307,2.1887104735568173e-19,-1.572606212577659e-21
1.67,-1.954457559478435e-18,-1.1621032544697578,1.0067416853952407,-1.6164409531962796e-18,-1.0092362073828316,0.010053146253032769,0.9990538737360184,-0.04348973870991194,2.356100261289762e-19,-1.5418402266891523e-21
1.672,-1.9576804807991748e-18,-1.1641198031009765,1.0067618634596684,-1.6063707208435234e-18,-1.0073103915798303,0.01012474027292371,0.9990403622594027,-0.04379902483619861,2.577619057289674e-19,-1.4055398220123352e-21
1.674,-1.9608824264077025e-18,-1.166132488342945,1.0067821834375756,-1.59542972980751e-18,-1.005372834991938,0.01019505995605937,0.9990268674469714,-0.04410576061119624,2.7982053377388635e-19,-1.2690581196720055e-21
1.676,-1.964061622776858e-18,-1.1681412868178571,1.006802642778941,-1.5836221709020402e-18,-1.0034236413202733,0.01026410398009361,0.9990133912323603,-0.044409955397633996,3.016692754563145e-19,-3.527823096659502e-21
1.678,-1.9672163410492387e-18,-1.170146175354907,1.0068232389313219,-1.570952304200621e-18,-1.0014629138629965,0.010331871245711104,0.9989999355174153,-0.04471161858176456,3.2340010215883677e-19,-6.121434435695188e-21
1.68,-1.9703448608265866e-18,-1.1721471309894809,1.0068439693402975,-1.5574243589648141e-18,-0.9994907555143295,0.01039836087341018,0.9989865021724473,-0.045010759572128745,3.451659773491249e-19,-5.6267234455403066e-21
1.682,-1.9734455424412802e-18,-1.1741441309623488,1.0068648314499047,-1.5431508743452721e-18,-0.9975072687635431,0.010463572200297998,0.9989730930364364,-0.045307387799525214,3.613633235915173e-19,-4.884828336653894e-21
1.684,-1.9765170428325264e-18,-1.1761371527188536,1.0068858227030686,-1.5282436403116391e-18,-0.9955125556940267,0.010527504776908735,0.9989597099172772,-0.04560151271603336,3.773136576815714e-19,-7.908218535929069e-21
1.686,-1.9795580976060093e-18,-1.178126173908098,1.0069069405420261,-1.5127057523719633e-18,-0.9935067179823492,0.010590158364036597,0.998946354591993,-0.04589314379479309,3.933295955330076e-19,-7.843083601731606e-21
1.688,-1.982567520780778e-18,-1.1801111723821307,1.0069281824087433,-1.496648593771454e-18,-0.991489856897383,0.010651532929590484,0.9989330288069759,-0.0461822905291925,4.0386742690791824e-19,-6.156789077648337e-21
1.69,-1.9855444207304562e-18,-1.1820921261951294,1.0069495457453261,-1.4801828608899839e-18,-0.9894620732994328,0.010711628645465217,0.9989197342782078,-0.04646896243253161,4.1424445264312864e-19,-6.869314518176914e-21
1.692,-1.9884879823663864e-18,-1.1840690136025833,1.006971027994426,-1.4633106035861523e-18,-0.9874234676394159,0.010770445884433624,0.9989064726914975,-0.04675316903731627,4.245724025457474e-19,-7.579752851112732e-21
1.694,-1.9913973946650224e-18,-1.1860418130604733,1.0069926265996376,-1.4460338418445662e-18,-0.9853741399580555,0.01082798521705638,0.9988932457027058,-0.04703491989485204,4.348356784840168e-19,-8.630419993317768e-21
1.696,-1.9942718506207228e-18,-1.1880105032244508,1.0070143390058925,-1.4283545844098318e-18,-0.9833141898851168,0.010884247408612355,0.9988800549379815,-0.04731422457460766,4.45082474055205e-19,-8.994471317916048e-21
1.698,-1.9971105472620965e-18,-1.1899750629490156,1.0070361626598443,-1.4102748503813075e-18,-0.9812437166386626,0.010939233416047545,0.9988669019939894,-0.04759109266376801,4.553129988452009e-19,-8.672332449032528e-21
1.7,-1.999912685676151e-18,-1.1919354712866908,1.0070580950102497,-1.3917966889643521e-18,-0.9791628190243461,0.010992944384944338,0.9988537884381455,-0.04786553376664406,4.655431327480879e-19,-7.323750758173121e-21
1.702,-2.002677471078344e-18,-1.193891707487198,1.0070801335083426,-1.372922163779732e-18,-0.9770715954347254,0.011045381646510005,0.9988407158088475,-0.04813755750420311,4.756750993248771e-19,-7.003997812510776e-21
1.704,-2.005404112771948e-18,-1.1958437509966307,1.0071022756082022,-1.353653301553275e-18,-0.9749701438486122,0.011096546714585563,0.9988276856157092,-0.048407173513510704,4.857587543138151e-19,-6.685484749951037e-21
1.706,-2.008091824092866e-18,-1.197791581456625,1.0071245187671158,-1.3339921076662491e-18,-0.9728585618304443,0.011146441282674254,0.9988146993397929,-0.04867439144724945,4.957612868612172e-19,-7.051936286333033e-21
1.708,-2.010739822355864e-18,-1.1997351787035315,1.0071468604459344,-1.3139405592761606e-18,-0.9707369465296891,0.011195067220990505,0.998801758433844,-0.048939220973183914,5.057163427492236e-19,-7.41763877896739e-21
1.71,-2.013347328819662e-18,-1.2016745227675842,1.0071692981094238,-1.2935006219971112e-18,-0.9686053946802726,0.011242426573528894,0.9987888643225237,-0.04920167177367503,5.156576346312392e-19,-7.097291289113717e-21
1.712,-2.0159135686834883e-18,-1.203609593872069,1.0071918292266089,-1.2726742766318747e-18,-0.9664640026000365,0.011288521555153705,0.998776018402644,-0.04946175354516219,5.255681822959053e-19,-6.434767947099679e-21
1.714,-2.018437771115876e-18,-1.205540372432491,1.0072144512711128,-1.2514635039766784e-18,-0.9643128661902219,0.011333354548708747,0.9987632220434017,-0.049719475997677766,5.353975976625381e-19,-6.457633833822347e-21
1.716,-2.0209191692175645e-18,-1.2074668390557404,1.0072371617214895,-1.2299786072200573e-18,-0.96215208093498,0.011376928102147956,0.9987504765866131,-0.04997484885434277,5.395854916297907e-19,-8.604110192916397e-21
1.718,-2.023357469240325e-18,-1.2093889745392588,1.0072599580615518,-1.2083294359316984e-18,-0.959981741900908,0.011419244925686503,0.9987377833469478,-0.05022788185088418,5.438741871587554e-19,-8.349938971246351e-21
1.72,-2.0257523430625125e-18,-1.2113067598702028,1.0072828377806926,-1.1864079836490801e-18,-0.957801943736613,0.011460307888972785,0.9987251436121645,-0.05047858473514185,5.536472842397419e-19,-8.030547480291692e-21
1.722,-2.0281029579569363e-18,-1.2132201762246078,1.0073057983742013,-1.1641069264727424e-18,-0.9556127806722992,0.01150012001828118,0.9987125586433444,-0.05072696726659042,5.632368649756232e-19,-1.0448742867329841e-20
1.724,-2.0304085570031434e-18,-1.215129204966551,1.0073288373435736,-1.141428635355856e-18,-0.9534143465193824,0.011538684493725781,0.9987000296751273,-0.050973039215856025,5.728724310294398e-19,-1.080542235375487e-20
1.726,-2.0326684239949743e-18,-1.2170338276473132,1.0073519521968173,-1.1183751766567539e-18,-0.9512067346701287,0.011576004646495136,0.9986875579159451,-0.05121681036424373,5.824621060331443e-19,-1.1161065356846068e-20
1.728,-2.0348818104940746e-18,-1.2189340260045407,1.007375140448751,-1.0949484440773129e-18,-0.9489900380973183,0.011612083956108061,0.9986751445482575,-0.05145829050326314,5.920413532744332e-19,-1.0831678990340407e-20
1.73,-2.0370479718542604e-18,-1.2208297819614051,1.007398399621298,-1.0711503431576865e-18,-0.9467643493539334,0.01164692604769058,0.9986627907287854,-0.05169748943416207,6.01592387740326e-19,-1.0160280361257097e-20
1.732,-2.0391661672508112e-18,-1.2227210776257644,1.007421727243776,-1.046982783259091e-18,-0.944529760572871,0.01168053468927411,0.9986504975887465,-0.05193441696746031,6.110978186018241e-19,-9.490311469636427e-21
1.734,-2.0412356596651313e-18,-1.2246078952893218,1.0074451208531783,-1.0224476627589891e-18,-0.9422863634666792,0.011712913789114895,0.998638266234089,-0.05216908292248992,6.205400938008621e-19,-9.163576372269427e-21
1.736,-2.0432557158594464e-18,-1.226490217426785,1.0074685779944532,-9.975468614673956e-19,-0.9400342493273174,0.011744067393034784,0.9986260977457261,-0.052401497126936876,6.2990167914345445e-19,-9.521474278343931e-21
1.738,-2.045225606324456e-18,-1.2283680266950254,1.0074920962207758,-9.722822265539898e-19,-0.9377735090259397,0.01177399968178337,0.9986139931797696,-0.05263166941638804,6.391830108438572e-19,-1.0562809727171957e-20
1.74,-2.0471446052167645e-18,-1.2302413059322352,1.0075156730938153,-9.466555768633646e-19,-0.9355042330127016,0.01180271496842158,0.998601953567764,-0.05285960963388045,6.484385209971989e-19,-1.1260231617294906e-20
1.742,-2.049011990316952e-18,-1.232110038157086,1.007539306183997,-9.206687201922804e-19,-0.933226511316589,0.011830217695726682,0.9985899799169199,-0.053085327629455156,6.576141521765947e-19,-1.2640308259868217e-20
1.744,-2.050827042998269e-18,-1.2339742065678858,1.0075629930707592,-8.94323444473505e-19,-0.9309404335452707,0.01185651243361886,0.9985780732103469,-0.05330883325971383,6.667646648143148e-19,-1.3675301024379848e-20
1.746,-2.0525890482130505e-18,-1.2358337945417368,1.0075867313428053,-8.676215378179502e-19,-0.9286460888849724,0.011881603876609291,0.9985662344072873,-0.053530136387379544,6.758901817009714e-19,-1.4365225384812422e-20
1.748,-2.054297294483372e-18,-1.2376887856336922,1.0076105185983495,-8.405647843711302e-19,-0.9263435661003729,0.011905496841269816,0.9985544644433478,-0.05374924688086061,6.849542732666377e-19,-1.5394850766054392e-20
1.75,-2.055951073893082e-18,-1.2395391635759128,1.0076343524453593,-8.131549577874723e-19,-0.9240329535345225,0.011928196263724196,0.9985427642307323,-0.05396617461381826,6.939755568200826e-19,-1.6422029451582323e-20
1.752,-2.05754968205941e-18,-1.241384912276824,1.007658230501792,-7.853938227275095e-19,-0.9217143391087818,0.01194970719716101,0.9985311346584732,-0.054180929464737564,7.02972605673534e-19,-1.7105424664545538e-20
1.754,-2.0590924181270724e-18,-1.2432260158202717,1.007682150395826,-7.572831390718183e-19,-0.9193878103227828,0.01197003480936816,0.9985195765926635,-0.054393521316502075,7.119085826482841e-19,-1.8128967278715557e-20
1.756,-2.0605785847494546e-18,-1.24506245846468,1.0077061097660878,-7.288246537192104e-19,-0.9170534542544108,0.011989184380289104,0.9985080908766871,-0.054603960055971686,7.208024178218955e-19,-1.915011855706085e-20
1.758,-2.0620074880584617e-18,-1.246894224642207,1.0077301062618735,-7.000201021340859e-19,-0.9147113575598058,0.01200716129960071,0.9984966783314498,-0.054812255573564124,7.296355238525005e-19,-2.0511042536837507e-20
1.76,-2.063378437649175e-18,-1.2487212989579008,1.0077541375433667,-6.708712175846968e-19,-0.9123616064733865,0.012023971064312805,0.9984853397556092,-0.05501841776283976,7.385768017404791e-19,-1.913201521604449e-20
1.762,-2.064690746644293e-18,-1.2505436661888572,1.00777820128185,-6.414881169705847e-19,-0.910004286807892,0.012039619276389427,0.9984740759258036,-0.055222456520089905,7.420005990286664e-19,-1.745461113058204e-20
1.764,-2.0659443092791144e-18,-1.2523613112833754,1.0078022951599126,-6.121971850362688e-19,-0.9076394839544455,0.012054111640391748,0.9984628875968821,-0.05542438174392845,7.344407048693369e-19,-1.551855576133769e-20
1.766,-2.067139743154415e-18,-1.2541742193601157,1.0078264168716538,-5.833230171538135e-19,-0.9052672828826361,0.012067453961142723,0.998451775502132,-0.055624203334886914,7.21441735313351e-19,-1.3285369434489079e-20
1.768,-2.0682780241400635e-18,-1.2559823757072561,1.0078505641228803,-5.550799156691788e-19,-0.9028877681406215,0.012079652141413391,0.9984407403535074,-0.05582193119501288,7.030621087785462e-19,-1.0414386424214557e-20
1.77,-2.0693605554933918e-18,-1.2577857657816494,1.0078747346313008,-5.274644958643961e-19,-0.9005010238552483,0.012090712179630887,0.9984297828418557,-0.05601757522747172,6.902809964789363e-19,-7.175932368174923e-21
1.772,-2.0703881560163325e-18,-1.2595843752079812,1.0078989261267142,-5.001487736194578e-19,-0.8981071337321923,0.012100640167608118,0.998418903637145,-0.05621114533615171,6.883993609250172e-19,-6.2720925717314515e-21
1.774,-2.0713613156140116e-18,-1.261378189777927,1.0079231363511945,-4.730235083505106e-19,-0.8957061810561172,0.012109442288295073,0.9984081033886893,-0.056402651425272426,6.754632232714676e-19,-6.808512087795305e-21
1.776,-2.0722808839571716e-18,-1.2631671954493113,1.0079473630592706,-4.4662949006861285e-19,-0.8932982486908518,0.01211712481355182,0.9983973827253745,-0.05659210339899649,6.515768011899384e-19,-7.410816499940915e-21
1.778,-2.0731487904443122e-18,-1.2649513783452653,1.0079716040181026,-4.215053232236778e-19,-0.890883419079585,0.012123694101943083,0.9983867422558822,-0.05677951116104456,6.169915975079286e-19,-5.0006066127851065e-21
1.78,-2.0739678217324848e-18,-1.2667307247533859,1.007995857007652,-3.9775319594809733e-19,-0.8884617742450793,0.012129156596554445,0.9983761825689146,-0.05696488461431358,5.823763042661133e-19,-6.022056876167452e-21
1.782,-2.074740823338263e-18,-1.2685052211248957,1.0080201198208492,-3.755828566768141e-19,-0.8860333957899017,0.012133518822830121,0.9983657042334165,-0.05714823366049836,5.314855191741232e-19,-6.452722051696799e-21
1.784,-2.07547142085093e-18,-1.2702748540738025,1.008044390263756,-3.55094867819346e-19,-0.8835983648966721,0.012136787386432282,0.9983553077987991,-0.057329568199716324,5.192951766198688e-19,-6.345806294142489e-21
1.786,-2.076160984176881e-18,-1.2720396103760594,1.0080686661557239,-3.3454828056470357e-19,-0.8811567623283291,0.012138968971121874,0.9983449937951602,-0.05750889813013551,4.961174763289649e-19,-7.324309184658276e-21
1.788,-2.07681112952215e-18,-1.273799476968726,1.0080929453295484,-3.1567624375844014e-19,-0.8787086684284129,0.012140070336660962,0.9983347627335063,-0.05768623334760578,4.73096379192366e-19,-7.278254511417764e-21
1.79,-2.0774237540153484e-18,-1.27555444094913,1.0081172256316182,-2.9717110980711124e-19,-0.8762541631213646,0.012140098316736491,0.9983246151059719,-0.05786158374529323,4.392770024530818e-19,-5.918667039739893e-21
1.792,-2.078001359096487e-18,-1.2773044895740289,1.0081415049220621,-2.8022255722415838e-19,-0.8737933259128426,0.012139059816905442,0.9983145513860394,-0.05803495921331777,4.4942526255722135e-19,-6.76341254655744e-21
1.794,-2.078543294017765e-18,-1.2790496102587732,1.0081657810748894,-2.6157346985659675e-19,-0.871326235890055,0.012136961812561419,0.9983045720287568,-0.05820636963839386,4.485387903049481e-19,-7.652845769605486e-21
1.796,-2.0790493795713013e-18,-1.2807897905764696,1.0081900519781288,-2.4448162877390772e-19,-0.8688529717221082,0.012133811346922495,0.9982946774709557,-0.05837582490347441,4.475914380761797e-19,-9.222868067104735e-21
1.798,-2.0795200157999293e-18,-1.2825250182571453,1.0082143155339613,-2.26232326270641e-19,-0.8663736116603715,0.012129615529040353,0.998284868131468,-0.05854333488739785,4.411882276399327e-19,-1.047069589664242e-20
1.8,-2.0799559622684582e-18,-1.2842552811869128,1.0082385696588503,-2.097554752718974e-19,-0.8638882335388577,0.01212438153183069,0.9982751444113417,-0.058708909464538224,4.2931580541409374e-19,-1.2081120624611082e-20
1.802,-2.0803577585084018e-18,-1.2859805674071356,1.0082628122836668,-1.9211790846535975e-19,-0.8613969147746182,0.01211811659012475,0.9982655066940557,-0.05887255850445846,4.230804992995279e-19,-1.1958732908216891e-20
1.804,-2.080726084823811e-18,-1.2877008651135948,1.0082870413538119,-1.7624917017004304e-19,-0.8588997323681548,0.012110827998742024,0.9982559553457335,-0.05903429187156671,4.1688775979794945e-19,-1.1838922259497276e-20
1.806,-2.0810614015370577e-18,-1.2894161626556562,1.0083112548293345,-1.5910811126603048e-19,-0.8563967629038451,0.01210252311058399,0.9982464907153573,-0.059194119424775794,4.1072441101340916e-19,-1.1720902172326188e-20
1.808,-2.0813642386756333e-18,-1.2911264485354388,1.008335450685046,-1.436250955700608e-19,-0.8538880825503844,0.012093209334748885,0.9982371131349788,-0.05935205101716562,4.154423301615375e-19,-1.362080553328975e-20
1.81,-2.081634006229041e-18,-1.2928317114069834,1.0083596269106303,-1.2600274878410727e-19,-0.8513737670612403,0.012082894134667416,0.9982278229199311,-0.059508096495648755,4.4210550824823675e-19,-1.510596389078639e-20
1.812,-2.0818691796566565e-18,-1.2945319400754232,1.0083837815107513,-1.093927735045967e-19,-0.8488538917751237,0.012071585026259376,0.9982186203690389,-0.059662265700638935,4.0862357630521683e-19,-9.917541598247834e-21
1.814,-2.082071599309179e-18,-1.2962271234961544,1.0084079125051548,-9.292306256558684e-20,-0.8463285316164725,0.012059289576111073,0.998209505764827,-0.059814568465722626,4.24392023318143e-19,-1.0426698847806094e-20
1.816,-2.0822404611572508e-18,-1.2979172507740084,1.0084320179287698,-7.58354621019527e-20,-0.8437977610959503,0.012046015399673501,0.9982004793737297,-0.0599650146173336,4.399834165743908e-19,-1.2644110064299611e-20
1.818,-2.082374532489739e-18,-1.2996023111624242,1.0084560958318027,-5.813303195719449e-20,-0.8412616543109588,0.01203177015948125,0.9981915414462967,-0.06011361397443049,4.55501132338948e-19,-1.485471698992804e-20
1.82,-2.0824725866890687e-18,-1.301282294062623,1.008480144279831,-3.981882068051782e-20,-0.8387202849461635,0.012016561563392023,0.9981826922174001,-0.06026037634817727,4.656371795408605e-19,-1.3992622075626772e-20
1.822,-2.082533764046333e-18,-1.3029571890227831,1.0085041613538914,-2.1328695899830798e-20,-0.8361737262740331,0.012000397362846655,0.9981739319064388,-0.06040531154162673,4.757041406268103e-19,-1.3473826677848832e-20
1.824,-2.0825574617663844e-18,-1.3046269857372164,1.0085281451505657,-2.1230273459969357e-21,-0.8336220511553922,0.011983285351149654,0.9981652607175431,-0.06054842934940694,4.966348930124921e-19,-1.3959534752794808e-20
1.826,-2.082541746881944e-18,-1.3062916740455444,1.0085520937820627,1.811926172058694e-20,-0.8310653320399873,0.011965233361770135,0.9981566788397775,-0.06068973955741052,5.283154736284462e-19,-1.647226560088296e-20
1.828,-2.0824845873129887e-18,-1.3079512439318783,1.0085760053762967,3.895974163274368e-20,-0.8285036409670651,0.011946249266663071,0.9981481864473424,-0.06082925194248692,5.050798559163347e-19,-1.6331965487374684e-20
1.83,-2.0823874982602533e-18,-1.3096056855239977,1.008599878076963,5.801338101252364e-20,-0.8259370495659638,0.011926340974610776,0.9981397836997751,-0.06096697627213758,4.821000458028913e-19,-1.3802296297856193e-20
1.832,-2.0822522764237622e-18,-1.311254989092531,1.0086237100436097,7.702105875403754e-20,-0.8233656290567175,0.011905516429584576,0.9981314707421494,-0.06110292230421395,4.647221985491768e-19,-1.1274869673913025e-20
1.834,-2.0820804570947942e-18,-1.3128991450501384,1.0086474994517072,9.479178606572568e-20,-0.820789450250672,0.011883783609126515,0.9981232477052744,-0.06123709978661837,4.584210111643973e-19,-8.399761122536078e-21
1.836,-2.081872414933025e-18,-1.3145381439506945,1.0086712444927122,1.1317190557711652e-19,-0.8182085835511134,0.011861150522751107,0.998115114705892,-0.06136951845700788,4.520234338582937e-19,-7.585947968727278e-21
1.838,-2.0816287743667547e-18,-1.3161719764884727,1.0086949433741317,1.3031830219957002e-19,-0.8156230989539084,0.011837625210366978,0.9981070718468725,-0.06150018804250076,4.400502105117072e-19,-8.833713849570359e-21
1.84,-2.0813504810370498e-18,-1.3178006334973318,1.0087185943195813,1.478611327988034e-19,-0.8130330660481567,0.011813215740718284,0.998099119217411,-0.061629118259385975,4.337532109376551e-19,-8.025196766202984e-21
1.842,-2.081038259617163e-18,-1.3194241059499023,1.0087421955688416,1.643909510330751e-19,-0.8104385540168547,0.011787930209845943,0.9980912568932203,-0.061756318812835415,4.218662388245872e-19,-9.276330952872143e-21
1.844,-2.0806925433560756e-18,-1.3210423849567752,1.0087657453779113,1.8132009078165868e-19,-0.8078396316375709,0.01176177673956843,0.9980834849367248,-0.06188179939661895,4.208909984088855e-19,-1.2228056670992337e-20
1.846,-2.0803135465351894e-18,-1.3226554617656916,1.008789242019057,1.9777980345820014e-19,-0.8052363672831323,0.011734763475982195,0.9980758033972517,-0.06200556969282219,4.365271804173599e-19,-1.3114096790305515e-20
1.848,-2.0799000399154924e-18,-1.3242633277607345,1.0088126837808604,2.1582940037653878e-19,-0.8026288289223227,0.011706898587981475,0.9980682123112214,-0.062127639371567164,4.63012122538664e-19,-1.5017444340690412e-20
1.85,-2.0794505835572933e-18,-1.3258659744615209,1.008836068968263,2.3340401818611453e-19,-0.8000170841205908,0.0116781902657975,0.9980607117023375,-0.06224801809073557,4.291502129027247e-19,-1.3850210801845594e-20
1.852,-2.0789673172105355e-18,-1.3274633935223958,1.0088593959026062,2.4964045024496217e-19,-0.7974012000407702,0.011648646719556966,0.9980533015817742,-0.06236671549569493,3.954914818495271e-19,-1.2007356796358547e-20
1.854,-2.0784525858313824e-18,-1.3290555767316283,1.0088826629216707,2.6519487824063135e-19,-0.7947812434438092,0.011618276177859663,0.9980459819483641,-0.06248374121902741,4.113461677641633e-19,-1.1541800666249142e-20
1.856,-2.0779055113005753e-18,-1.3306425160106077,1.0089058683797114,2.820191028506265e-19,-0.7921572806895116,0.011587086886375185,0.9980387527887836,-0.0625991048802613,4.2713387550985134e-19,-1.073274689951492e-20
1.858,-2.0773249682979037e-18,-1.3322242034130425,1.0089290106474904,2.9859068329509685e-19,-0.7895293777372878,0.011555087106458611,0.9980316140777374,-0.0627128160856053,4.26388267092209e-19,-9.578214052816858e-21
1.86,-2.0767107034619017e-18,-1.3338006311241606,1.0089520881123073,3.155603680225169e-19,-0.7868976001469155,0.011522285113785058,0.9980245657781419,-0.06282488442768548,4.145478429428749e-19,-9.790165233356751e-21
1.862,-2.0760639804824098e-18,-1.3353717914599101,1.0089750991780257,3.310853663934549e-19,-0.7842620130793109,0.011488689197002992,0.9980176078413074,-0.06293531948528476,3.973693596009169e-19,-8.635184140065514e-21
1.864,-2.075385949634891e-18,-1.336937676866163,1.0089980422650988,3.467966067306259e-19,-0.7816226812973102,0.011454307656406213,0.9980107402071194,-0.06304413082308528,3.8029370211388324e-19,-7.143651156015622e-21
1.866,-2.0746780791971615e-18,-1.3384982799179193,1.0090209158105903,3.608534137534331e-19,-0.7789796691664594,0.011419148802624401,0.9980039628042174,-0.0631513279914133,3.5773255885894973e-19,-7.023412367934645e-21
1.868,-2.0739422626713868e-18,-1.3400535933185136,1.0090437182681948,3.7499598232554523e-19,-0.7763330406558152,0.011383220955332118,0.9979972755501739,-0.06325692052598667,3.4087980204317226e-19,-5.201284923036237e-21
1.87,-2.073179519005879e-18,-1.341603609898823,1.009066448108254,3.8749241939872414e-19,-0.7736828593387539,0.011346532441976162,0.9979906783516718,-0.06336091794766505,3.1861337912166915e-19,-3.382428176061548e-21
1.872,-2.072391942717781e-18,-1.3431483226164764,1.0090891038177712,3.998653041189536e-19,-0.7710291883937909,0.011309091596521164,0.9979841711046797,-0.06346332976220269,2.96266153570422e-19,-4.307047194579952e-21
1.874,-2.071581367866334e-18,-1.3446877245550655,1.0091116839004228,4.1049176897953653e-19,-0.768372090605408,0.01127090675821332,0.9979777536946272,-0.06356416546000376,2.632470165523182e-19,-2.144384107237722e-21
1.8760000000000001,-2.0707497991248315e-18,-1.3462218089233573,1.0091341868765684,4.211127113138837e-19,-0.7657116283648909,0.011231986270362138,0.9979714259965777,-0.06366343451588034,2.796146687720013e-19,-3.1282107419870014e-21
1.8780000000000001,-2.069896416795969e-18,-1.3477505690545093,1.0091566112832568,4.323769202205986e-19,-0.7630478636711744,0.01119233847914012,0.9979651878754012,-0.06376114638881289,3.013852274524126e-19,-4.113859751122133e-21
1.8800000000000001,-2.06901957710022e-18,-1.3492739984052853,1.009178955674231,4.44713798851878e-19,-0.7603808581316969,0.011151971732400264,0.9979590391859448,-0.06385731052171333,3.286894341029146e-19,-3.0513046349917853e-21
1.8820000000000001,-2.068116922389104e-18,-1.3507920905552728,1.0092012186199304,4.581190074132717e-19,-0.7577106729632632,0.011110894378511215,0.997952979773202,-0.06395193634119066,3.5572422708470478e-19,-4.381323745331359e-21
1.8840000000000001,-2.0671863932372196e-18,-1.3523048392061034,1.0092233987074908,4.725873926547632e-19,-0.7550373689929163,0.011069114765210024,0.9979470094724817,-0.06404503325731913,3.8258703840692676e-19,-6.388469662443546e-21
1.8860000000000001,-2.066225868583172e-18,-1.3538122381806739,1.0092454945407416,4.881136699772875e-19,-0.7523610066588162,0.011026641238472384,0.9979411281095749,-0.0641366106634088,4.092568146807822e-19,-9.412746506255758e-21
1.8880000000000001,-2.0652332378943435e-18,-1.3553142814223686,1.0092675047402015,5.046925901532008e-19,-0.7496816460111283,0.010983482141400215,0.9979353355009203,-0.0642266779357788,4.359099758053318e-19,-1.0716538860650502e-20
1.8900000000000001,-2.0642064011309115e-18,-1.3568109629942857,1.0092894279430717,5.2221067588818e-19,-0.7469993467129182,0.01093964581312649,0.9979296314537691,-0.06431524443353294,4.56921385401426e-19,-1.2345510050843065e-20
1.8920000000000001,-2.0631437736885932e-18,-1.358302277078463,1.0093112628032264,5.405546850629653e-19,-0.7443141680410563,0.010895140587737183,0.997924015766348,-0.06440231949833781,4.7762216492665065e-19,-1.7045155785728192e-20
1.8940000000000001,-2.062043635902726e-18,-1.3597882179751062,1.0093330079912022,5.597203723853169e-19,-0.7416261688871282,0.01084997479321023,0.9979184882280213,-0.0644879124542034,4.982028174076118e-19,-2.2073468846656315e-20
1.8960000000000001,-2.0609043484649998e-18,-1.36126878010182,1.0093546621941845,5.7970369388683e-19,-0.7389354077583538,0.01080415675037141,0.997913048619451,-0.06457203260726611,5.186418261969629e-19,-2.777084313313679e-20
1.8980000000000001,-2.0597242801307276e-18,-1.36274395799284,1.0093762241159925,6.005006276067299e-19,-0.7362419427785137,0.010757694771866945,0.9979076967127565,-0.06465468924557423,5.390723333616347e-19,-3.2085258197008205e-20
1.9000000000000001,-2.0585018076945323e-18,-1.3642137462982669,1.0093976924770616,6.22107151636887e-19,-0.7335458316888833,0.010710597161152814,0.9979024322716726,-0.06473589163887587,5.5962724655581805e-19,-3.2967527783655505e-20
1.9020000000000001,-2.057235424242653e-18,-1.3656781397833018,1.0094190660144235,6.444109995810218e-19,-0.7308471318491727,0.010662872211500595,0.9978972550517063,-0.06481564903840928,5.746356618944965e-19,-3.3148377781200583e-20
1.9040000000000001,-2.0559238111944506e-18,-1.3671371333274847,1.0094403434816863,6.673001182444913e-19,-0.7281459002384756,0.01061452820501973,0.9978921648002919,-0.06489397067669549,5.894712653338111e-19,-3.4694139580135583e-20
1.9060000000000001,-2.054565837266085e-18,-1.368590721923934,1.0094615236490094,6.90771414425131e-19,-0.7254421934562238,0.010565573411696075,0.9978871612569448,-0.06497086576733349,6.042587076885532e-19,-3.5892335670432165e-20
1.9080000000000001,-2.053160341011906e-18,-1.370038900678588,1.0094826053030799,7.148219802503413e-19,-0.7227360677231495,0.010516016088446658,0.9978822441534153,-0.06504634350479771,6.189982418810713e-19,-3.6744218153411323e-20
1.9100000000000001,-2.051706166793227e-18,-1.3714816648094488,1.0095035872470843,7.394489161542829e-19,-0.7200275788822532,0.01046586447819051,0.9978774132138394,-0.06512041306423781,6.337569106224846e-19,-3.6225223746336657e-20
1.9120000000000001,-2.0502021647685852e-18,-1.3729190096458272,1.0095244683006805,7.646493232099156e-19,-0.7173167823997798,0.010415126808935414,0.9978726681548888,-0.0651930836012809,6.484678213659752e-19,-3.536401531726805e-20
1.9140000000000001,-2.0486471908873707e-18,-1.3743509306275914,1.0095452472999664,7.90420312832901e-19,-0.7146037333661995,0.010363811292880509,0.9978680086859204,-0.06526436425183606,6.630866798898086e-19,-3.484529830631079e-20
1.9160000000000001,-2.0470401068580387e-18,-1.3757774233044147,1.009565923097448,8.167590132362236e-19,-0.7118884864971966,0.010311926125534573,0.9978634345091232,-0.06533426413190122,6.776809171828133e-19,-3.364248766997508e-20
1.9180000000000001,-2.045379780123649e-18,-1.3771984833350281,1.0095864945620048,8.436625642400474e-19,-0.7091710961346632,0.010259479484849884,0.9978589453196652,-0.0654027923373723,6.865113365485683e-19,-3.550218468999322e-20
1.92,-2.0436654443516286e-18,-1.3786141064864739,1.0096069605788536,8.706956319485185e-19,-0.7064516162477005,0.01020647953037159,0.997854540805838,-0.06546995794385471,6.897171524524505e-19,-3.870881695998904e-20
1.922,-2.0418969138085077e-18,-1.3800242886333602,1.0096273200495114,8.97857229353692e-19,-0.7037301004336248,0.010152934402402362,0.9978502206492005,-0.0655357700064771,6.932214194591111e-19,-3.712118244923697e-20
1.924,-2.040073823895019e-18,-1.381429025757119,1.009647571891756,9.252548932876018e-19,-0.7010066019189806,0.010098852221182293,0.9978459845247211,-0.06560023755970736,7.02224652777847e-19,-3.5213041255779074e-20
1.926,-2.038195631126683e-18,-1.382828313945265,1.0096677150395843,9.529959607135337e-19,-0.6982811735605586,0.010044241086083887,0.9978418321009189,-0.06566336961717094,7.111083641520075e-19,-3.4678221830353575e-20
1.928,-2.0362616141142843e-18,-1.3842221493906586,1.009687748443171,9.810788592751385e-19,-0.6955538678464204,0.00998910907482201,0.9978377630400039,-0.06572517517147144,7.199498856125972e-19,-3.414452774399102e-20
1.93,-2.0342710909281816e-18,-1.3856105283907676,1.0097076710688233,1.009501858283241e-18,-0.6928247368969276,0.009933464242678706,0.9978337769980146,-0.06578566319401337,7.287495583684337e-19,-3.3611163091757574e-20
1.932,-2.0322233830917756e-18,-1.386993447346934,1.0097274818989366,1.0382632368233937e-18,-0.6900938324657776,0.009877314621742751,0.9978298736249553,-0.06584484263482716,7.373273125707773e-19,-3.5813089136869274e-20
1.934,-2.03011781553972e-18,-1.3883709027636417,1.0097471799319457,1.0673613049608327e-18,-0.6873612059410442,0.009820668220163756,0.9978260525649328,-0.06590272242239642,7.458193121779232e-19,-3.8693151369621146e-20
1.936,-2.0279537165729996e-18,-1.3897428912477854,1.009766764182278,1.0967943830844517e-18,-0.6846269083462238,0.009763533021420818,0.9978223134562897,-0.06595931146348737,7.544062506837683e-19,-3.9514403782296347e-20
1.938,-2.0257304178542022e-18,-1.3911094095079435,1.009786233680302,1.1265607879411149e-18,-0.6818909903412863,0.009705916983605477,0.9978186559317386,-0.06601461864298047,7.629523983667722e-19,-4.033363622041142e-20
1.94,-2.0234472544093373e-18,-1.3924704543536517,1.0098055874722764,1.1566588414539084e-18,-0.6791535022237322,0.009647828038718933,0.9978150796184934,-0.06606865282370428,7.714353532075371e-19,-4.1492372796175646e-20
1.942,-2.0211035646102375e-18,-1.393826022694679,1.0098248246202974,1.1870868751465321e-18,-0.6764144939296531,0.009589274091983365,0.9978115841384003,-0.06612142284627136,7.7996856412312265e-19,-4.127984907274605e-20
1.944,-2.018698690166332e-18,-1.3951761115403065,1.009843944202244,1.2178432208561161e-18,-0.6736740150347991,0.009530263021167237,0.9978081691080674,-0.06617293752891648,7.883933974160346e-19,-4.2092299011987666e-20
1.946,-2.0162319761086818e-18,-1.3965207179986068,1.009862945311723,1.2489262257671928e-18,-0.670932114755649,0.00947080267592447,0.9978048341389918,-0.06622320566733689,7.967556767981233e-19,-4.32443046634468e-20
1.948,-2.013702770764825e-18,-1.3978598392757273,1.0098818270580112,1.2803342443925187e-18,-0.668188841950487,0.009410900877147344,0.9978015788376877,-0.06627223603453473,7.995848356535856e-19,-4.437279371373665e-20
1.95,-2.011110966479114e-18,-1.399193472675175,1.0099005885659988,1.3114169652540947e-18,-0.6654442451204828,0.009350565416333018,0.9977984028058108,-0.06632003738066157,7.859111511476709e-19,-4.577752376575696e-20
1.952,-2.008457429415412e-18,-1.4005216155971025,1.0099192289761283,1.342067277160934e-18,-0.6626983724107772,0.009289804054963545,0.9977953056402831,-0.06636661843286507,7.778148115837103e-19,-4.651769135950732e-20
1.954,-2.0057429145787418e-18,-1.4018442655375982,1.009937747444335,1.372394988806358e-18,-0.659951271611571,0.009228624523899274,0.9977922869334156,-0.06641198789513773,7.699385310259177e-19,-4.452338509804708e-20
1.956,-2.0029680656045744e-18,-1.4031614200879763,1.0099561431419843,1.4024016631541576e-18,-0.6572029901592195,0.009167034522785446,0.9977893462730302,-0.06645615444816774,7.565835874982423e-19,-4.285559708828631e-20
1.958,-2.0001338114389212e-18,-1.4044730769340712,1.0099744152558099,1.4317644507481502e-18,-0.6544535751373305,0.009105041719471964,0.9977864832425796,-0.06649912674919184,7.430514856462535e-19,-4.4612889918951846e-20
1.96,-1.9972413653157267e-18,-1.4057792338555324,1.0099925629878481,1.4605940417888125e-18,-0.6517030732778668,0.00904265374944613,0.997783697421267,-0.06654091343185037,7.296060401054465e-19,-4.602745054823917e-20
1.962,-1.9942917909925934e-18,-1.407079888725123,1.0100105855553736,1.4888930694737602e-18,-0.6489515309622529,0.008979878215278278,0.9977809883841638,-0.06658152310604426,7.162469142952985e-19,-4.70996581957381e-20
1.964,-1.991286146976882e-18,-1.408375039508019,1.0100284821908332,1.516664148467438e-18,-0.646198994222485,0.00891672268608014,0.9977783557023258,-0.06662096435779412,7.031789460715576e-19,-4.475317814026788e-20
1.966,-1.9882254865778347e-18,-1.4096646842611122,1.0100462521417775,1.5439098635442524e-18,-0.643445508742246,0.008853194696975833,0.997775798942909,-0.0666592457491013,6.902186049584899e-19,-4.173087689204527e-20
1.968,-1.985110929992804e-18,-1.4109488211323142,1.010063894670793,1.5705247661195979e-18,-0.6406911198580238,0.008789301748585403,0.9977733176692833,-0.06669637581781106,6.716798279511124e-19,-4.108873571367097e-20
1.97,-1.981943879736982e-18,-1.4122274483598634,1.0100814090554324,1.5964041151968817e-18,-0.6379358725602331,0.008725051306520678,0.9977709114411459,-0.06673236307747765,6.531603710149238e-19,-4.147705494747786e-20
1.972,-1.9787258032826945e-18,-1.4135005642716338,1.0100987945881448,1.621551542220598e-18,-0.6351798114943412,0.008660450800893438,0.997768579814632,-0.06676721601723147,6.347513800264604e-19,-4.152616849809629e-20
1.974,-1.9754582690455266e-18,-1.4147681672844465,1.0101160505762028,1.6458624715365614e-18,-0.6324229809619977,0.008595507625835707,0.9977663223424259,-0.06680094310164816,6.111650351214262e-19,-3.8134797723371145e-20
1.976,-1.9721431266382153e-18,-1.4160302559033833,1.0101331763416312,1.6690161203098814e-18,-0.6296654249221669,0.008530229139032048,0.9977641385738697,-0.06683355277061971,5.711292556250733e-19,-3.5708041311494195e-20
1.978,-1.968783154473944e-18,-1.4172868287211016,1.0101501712211332,1.690909852504566e-18,-0.6269071869922648,0.008464622661263766,0.9977620280550712,-0.06686505343922743,5.694153794261165e-19,-3.825179973988846e-20
1.98,-1.9653789534395318e-18,-1.4185378844171532,1.0101670345660163,1.7131730021966806e-18,-0.6241483104492982,0.00839869547596488,0.9977599903290106,-0.066895453497617,5.516319724541795e-19,-3.49049240624573e-20
1.982,-1.9619318062296473e-18,-1.419783421757305,1.0101837657421173,1.733856587856441e-18,-0.6213888382310079,0.008332454828789766,0.9977580249356461,-0.06692476131087542,5.33887129410419e-19,-3.2253982951651445e-20
1.984,-1.958443025070199e-18,-1.4210234395928607,1.0102003641297261,1.7549156910988938e-18,-0.618628812937015,0.008265907927192277,0.9977561314120177,-0.06695298521890983,5.326603701827002e-19,-3.03715706592589e-20
1.986,-1.9549128339282924e-18,-1.422257936859986,1.0102168291235087,1.7751584301218276e-18,-0.61586827682997,0.008199061940016338,0.9977543092923501,-0.06698013353632826,5.314395249245488e-19,-2.849436263503688e-20
1.988,-1.9513416000080084e-18,-1.4234869125790357,1.01023316013243,1.795994486559585e-18,-0.6131072718367055,0.008131923997097794,0.997752558108155,-0.06700621455232243,5.245807931853638e-19,-2.8647905528591667e-20
1.99,-1.9477297988105094e-18,-1.4247103658538842,1.0102493565796749,1.815689861402306e-18,-0.6103458395493914,0.008064501188877422,0.997750877388331,-0.06703123653055222,5.123530766211899e-19,-2.740965332783325e-20
1.992,-1.9440784080929953e-18,-1.425928295871256,1.0102654179025699,1.8357646883895686e-18,-0.6075840212266929,0.007996800566025012,0.9977492666592633,-0.0670552077090322,5.001144914902823e-19,-2.7202064314534534e-20
1.994,-1.940387968374699e-18,-1.4271407019000606,1.0102813435525027,1.854594921303659e-18,-0.604821857794932,0.007928829139074353,0.9977477254449219,-0.06707813630001994,4.878289870830584e-19,-2.8364097952627585e-20
1.996,-1.9366596293636447e-18,-1.4283475832907286,1.0102971329948411,1.8735921589522556e-18,-0.6020593898492517,0.007860593878069068,0.9977462532669581,-0.06710003048990623,4.702561501407639e-19,-2.710582573140407e-20
1.998,-1.9328950054000172e-18,-1.4295489394745509,1.010312785708853,1.8908083929916716e-18,-0.5992966576547816,0.007792101712219097,0.9977448496448009,-0.06712089843910717,4.362998981301159e-19,-2.5776691246281407e-20
2.0,-1.9290962437429316e-18,-1.4307447699630194,1.0103283011876227,1.9080914122060457e-18,-0.596533701147808,0.007723359529567787,0.997743514095751,-0.06714074828195797,4.570097580243032e-19,-3.087114423421893e-20
2.0020000000000002,-1.925262092068071e-18,-1.431935074347171,1.0103436789379696,1.9261977556125625e-18,-0.5937705599369453,0.007654374176669414,0.9977422461350745,-0.06715958812660879,4.724037721535308e-19,-3.1821750642782803e-20
2.004,-1.9213912682317635e-18,-1.433119852296933,1.0103589184803645,1.944690975947683e-18,-0.5910072733043102,0.007585152458277046,0.9977410452760951,-0.0671774260549222,4.823466059434015e-19,-3.1031933421471015e-20
2.0060000000000002,-1.9174830730475956e-18,-1.4342991035604715,1.0103740193488453,1.9635687952777567e-18,-0.5882438802066987,0.007515701137040663,0.997739911030285,-0.06719427012237264,4.920814344841848e-19,-3.2635278896489666e-20
2.008,-1.9135367392410925e-18,-1.4354728279635416,1.0103889810909332,1.9828292916878752e-18,-0.5854804192767648,0.007446026933215291,0.9977388429073549,-0.06721012835794746,5.01815962787583e-19,-3.355035803399112e-20
2.0100000000000002,-1.9095515033723346e-18,-1.4366410254088409,1.010403803267547,2.002470552454138e-18,-0.5827169288242018,0.007376136524379223,0.9977378404153431,-0.06722500876404994,5.115043372048904e-19,-3.4461374349992314e-20
2.012,-1.9055266058181433e-18,-1.4378036958753644,1.010418485452918,2.0224906733903746e-18,-0.5799534468369263,0.007306036545162063,0.9977369030607023,-0.067238919316404,5.212158122278428e-19,-3.4343501279463517e-20
2.0140000000000002,-1.901461290756e-18,-1.438960839417762,1.010433027234503,2.042887757788741e-18,-0.5771900109822633,0.007235733586982511,0.9977360303483869,-0.06725186796396064,5.309043535683321e-19,-3.3882962173198783e-20
2.016,-1.8973548061486553e-18,-1.4401124561656988,1.0104474282128988,2.063659917770649e-18,-0.5744266586081345,0.0071652341977958105,0.9977352217819376,-0.06726386262880629,5.348695307052829e-19,-3.613072642270284e-20
2.0180000000000002,-1.8932067279670246e-18,-1.4412585463232173,1.010461688001754,2.0843731220125184e-18,-0.5716634267442476,0.007094544881850728,0.9977344768635663,-0.0672749112060727,5.334045248914639e-19,-3.732132779647707e-20
2.02,-1.889017245874864e-18,-1.4423991101681022,1.0104758062276822,2.1051359827336565e-18,-0.5689003521032889,0.007023672099455915,0.9977337950942384,-0.06728502156384866,5.376699696605329e-19,-3.51175121561973e-20
2.0220000000000002,-1.8847860805488152e-18,-1.4435341480512474,1.010489782530173,2.1260562273814196e-18,-0.5661374710821161,0.006952622266755579,0.9977331759737554,-0.06729420154309354,5.417310775395418e-19,-3.565383064108439e-20
2.024,-1.8805128459958038e-18,-1.444663660396026,1.0105036165615044,2.147241051664696e-18,-0.5633748197629543,0.0068814017555143565,0.9977326190008354,-0.06730245895755237,5.512070078439267e-19,-3.689867236436848e-20
2.0260000000000002,-1.876196762259518e-18,-1.4457876476976617,1.010517307986653,2.1689051130018167e-18,-0.5606124339145936,0.006810016892911232,0.997732123673193,-0.06730980159367275,5.661080334910963e-19,-3.8508527303925276e-20
2.028,-1.871836908887238e-18,-1.4469061105226035,1.0105308564832047,2.1909381968535312e-18,-0.5578503489935875,0.006738473961342433,0.9977316894876176,-0.06731623721052343,5.699879150095926e-19,-3.9717379296075207e-20
2.0300000000000002,-1.867432946794321e-18,-1.4480190495079024,1.010544261741266,2.21301362496137e-18,-0.5550886001454544,0.0066667791982331455,0.9977313159400514,-0.06732177353971444,5.685044958795782e-19,-3.8501992999546085e-20
2.032,-1.862984899942338e-18,-1.44912646536059,1.010557523463373,2.2350230045114235e-18,-0.552327222205879,0.006594938795858003,0.9977310025256654,-0.06732641828531913,5.670743788743717e-19,-3.660646857262123e-20
2.0340000000000003,-1.8584929001222816e-18,-1.4502283588570608,1.0105706413644002,2.2569666414392715e-18,-0.5495662497019173,0.006522958901170171,0.9977307487389352,-0.06733017912379771,5.601119273642341e-19,-3.537270952787156e-20
2.036,-1.85395736685716e-18,-1.4513247308424557,1.0105836151714715,2.278520529783188e-18,-0.5468057168532008,0.006450845615638955,0.997730554073715,-0.06733306370392246,5.530311823556235e-19,-3.6193912068516595e-20
2.0380000000000003,-1.849379006395162e-18,-1.4524155822300486,1.0105964446238676,2.2997940572102425e-18,-0.5440456575731444,0.00637860499509581,0.997730418023311,-0.0673350796467046,5.460298896490723e-19,-3.633140244388721e-20
2.04,-1.844758378087524e-18,-1.4535009140006347,1.010609129472935,2.3207885932382012e-18,-0.5412861054701538,0.006306243049588672,0.9977303400805532,-0.06733623454532282,5.390616891593459e-19,-3.6469743913419614e-20
2.0420000000000003,-1.8400960385532055e-18,-1.4545807272019224,1.0106216694819947,2.341505500645063e-18,-0.5385270938488356,0.006233765743244414,0.9977303197378669,-0.06733653596505339,5.321033225391718e-19,-3.695120907274833e-20
2.044,-1.8353924335343e-18,-1.4556550229479261,1.01063406442625,2.3619461355742106e-18,-0.5357686557112076,0.00616117899413946,0.9977303564873428,-0.06733599144320188,5.253392498071193e-19,-3.504030607747665e-20
2.0460000000000003,-1.8306484025603354e-18,-1.456723802418363,1.0106463140926936,2.3820038614617875e-18,-0.5330108237579111,0.006088488674178301,0.9977304498208056,-0.06733460848903648,5.133118202787342e-19,-3.0373581663672726e-20
2.048,-1.8258648535206866e-18,-1.4577870668580515,1.0106584182800162,2.4014645857986416e-18,-0.530253630389424,0.006015700608979927,0.9977305992298827,-0.06733239458372302,4.901940990729627e-19,-2.8058527780946287e-20
2.05,-1.821043482375906e-18,-1.4588448175763111,1.0106703767985135,2.4196824831407482e-18,-0.5274971077072752,0.0059428205777719905,0.9977308042060703,-0.06732935718026137,4.562457861218938e-19,-2.501476373195626e-20
2.052,-1.8161870215146765e-18,-1.459897055946367,1.0106821894699924,2.436663521368316e-18,-0.5247412875152597,0.005869854313292619,0.9977310642407999,-0.06732550370342358,4.2792869666657957e-19,-2.2352764003934784e-20
2.054,-1.8112975776815668e-18,-1.4609437834047552,1.0106938561276797,2.4526302904171115e-18,-0.5219862013206552,0.005796807501699816,0.9977313788255033,-0.06732084154969348,4.049854109684335e-19,-2.3489513379257644e-20
2.056,-1.8063769941477182e-18,-1.4619850014507303,1.010705376616127,2.4678039340311436e-18,-0.5192318803354391,0.005723685782488237,0.997731747451676,-0.06731537808720789,3.877589799955109e-19,-2.2945324944720177e-20
2.058,-1.801426672564789e-18,-1.4630207116456773,1.0107167507911186,2.4824050138592348e-18,-0.5164783554775071,0.005650494748413368,0.9977321696109409,-0.06730912065569936,3.7614332178658797e-19,-2.209206245530448e-20
2.06,-1.7964475382461983e-18,-1.4640509156125234,1.0107279785195773,2.49665316986301e-18,-0.5137256573718918,0.005577239945422907,0.9977326447951094,-0.06730207656644044,3.700888978217511e-19,-2.127100073143128e-20
2.062,-1.7914401864658383e-18,-1.4650756150351543,1.0107390596794712,2.510658802689154e-18,-0.510973816351983,0.005503926872595295,0.9977331724962428,-0.06729425310218938,3.6428375541343046e-19,-1.7377474776002707e-20
2.064,-1.786404956618313e-18,-1.4660948116578316,1.0107499941597193,2.5245314265519325e-18,-0.508222862460748,0.005430560982085252,0.9977337522067125,-0.06728565751713755,3.63815490971666e-19,-1.6256169195030352e-20
2.066,-1.7813419695293637e-18,-1.467108507284614,1.0107607818600983,2.538488161838989e-18,-0.505472825451953,0.005357147679076271,0.9977343834192582,-0.06727629703685815,3.686353036685338e-19,-1.8241871785114133e-20
2.068,-1.7762508771549194e-18,-1.4681167037787788,1.010771422691148,2.5526365578089783e-18,-0.5027237347913853,0.005283692321739932,0.9977350656270472,-0.0672661788582565,3.6816926192026984e-19,-1.67769580377002e-20
2.07,-1.7711316574621647e-18,-1.4691194030622485,1.0107819165740772,2.5664352484728113e-18,-0.4999756196580754,0.005210200221201948,0.9977357983237298,-0.06725531014952182,3.5674231280008405e-19,-1.4920196092902486e-20
2.072,-1.7659855136077834e-18,-1.4701166071150178,1.0107922634406705,2.579561165011819e-18,-0.49722850894552056,0.005136676641514819,0.9977365810034974,-0.06724369805008051,3.34257913149401e-19,-1.5068844798779054e-20
2.074,-1.7608138957125764e-18,-1.4711083179745839,1.0108024632331931,2.591909989065129e-18,-0.49448243126290836,0.005063126799637052,0.9977374131611357,-0.06723134967055076,3.120641504381684e-19,-1.2485883492966875e-20
2.076,-1.755618641917163e-18,-1.472094537735379,1.010812515904297,2.603161797739227e-18,-0.49173741493634077,0.004989555865418781,0.9977382942920807,-0.06721827209269879,2.8985052960008574e-19,-1.1965030541783521e-20
2.078,-1.7504016168152042e-18,-1.4730752685482051,1.010822421416927,2.6137540868637534e-18,-0.48899348801005865,0.004915968961593744,0.9977392238924707,-0.06720447236939639,2.732812374487477e-19,-1.0792845824877042e-20
2.08,-1.7451642437340253e-18,-1.4740505126196728,1.0108321797442261,2.6234743320699765e-18,-0.4862506782476669,0.004842371163777483,0.9977402014591995,-0.06718995752458,2.4595525627105335e-19,-7.522712456420215e-21
2.082,-1.73990847891255e-18,-1.4750202722116394,1.0108417908694414,2.6321105504475477e-18,-0.4835090131333594,0.004768767500471684,0.9977412264899674,-0.06717473455321109,2.1853881871532564e-19,-7.341405255990225e-21
2.084,-1.7346365213497961e-18,-1.475984549640653,1.0108512547858297,2.6396679267580865e-18,-0.48076851987314495,0.00469516295307458,0.9977422984833323,-0.06715881042123809,1.912750304813396e-19,-6.823561545092955e-21
2.086,-1.7293505233957919e-18,-1.4769433472773956,1.010860571496564,2.6461517910785275e-18,-0.4780292253960727,0.0046215624558972905,0.997743416938759,-0.06714219206555963,1.6414023611900911e-19,-6.311418675336445e-21
2.088,-1.7240526267659057e-18,-1.4778966675461322,1.0108697410146383,2.651567448020228e-18,-0.4752911563554583,0.004547970896186003,0.997744581356668,-0.06712488639398922,1.3715680902345812e-19,-5.4634380443484135e-21
2.09,-1.7187449625913043e-18,-1.4788445129241594,1.0108787633627745,2.655920177200202e-18,-0.4725543391301102,0.004474393114149956,0.9977457912384838,-0.06710690028522129,1.103011120094193e-19,-4.621857069731007e-21
2.092,-1.7134296514691661e-18,-1.479786885941258,1.0108876385733276,2.6592152329331218e-18,-0.4698187998255556,0.00440083390299506,0.9977470460866814,-0.06708824058879857,8.354954444654951e-20,-4.1285080098498734e-21
2.094,-1.7081088035140735e-18,-1.4807237891791476,1.0108963666881923,2.661457843391955e-18,-0.467084564275267,0.004327298008963101,0.9977483454048327,-0.067068914125081,5.694750110412352e-20,-3.2991501885680287e-21
2.096,-1.7027845184088268e-18,-1.4816552252709436,1.0109049477587082,2.6626532127329064e-18,-0.46435165804188855,0.0042537901313764274,0.9977496886976521,-0.06704892768521571,3.054031819235987e-20,-1.4507614370261682e-21
2.098,-1.6974588854505901e-18,-1.482581196900617,1.0109133818455676,2.6628065222971798e-18,-0.4616201064184624,0.00418031492268806,0.9977510754710405,-0.06702828803110869,4.2583658091135465e-21,3.894223394285613e-22
2.1,-1.6921339835978386e-18,-1.4835017068024565,1.0109216690187202,2.661922928655348e-18,-0.4588899344296549,0.0041068769885370515,0.997752505232129,-0.06700700189539749,-2.2013871890624836e-20,5.111978077398622e-22
2.102,-1.6868118815261834e-18,-1.4844167577605325,1.0109298093572803,2.6600075587268532e-18,-0.456161166832983,0.004033480887809111,0.9977539774893218,-0.06698507598142545,-4.264566836668635e-20,9.457623718726492e-22
2.104,-1.681494349389508e-18,-1.4853263526081644,1.0109378029494336,2.657389769406925e-18,-0.4534338281200402,0.003960131132702328,0.9977554917523384,-0.06696251696321713,-6.300604980024655e-20,3.76963836731268e-21
2.106,-1.676182968006238e-18,-1.4862304942273898,1.0109456498923433,2.653857445236971e-18,-0.45070794251772234,0.003886832188797937,0.9977570475322537,-0.06693933148545514,-8.887758992233962e-20,4.89938048155897e-21
2.108,-1.6708796344360131e-18,-1.4871291855484368,1.0109533502920571,2.649306630658424e-18,-0.4479835339894537,0.0038135884751360487,0.9977586443415397,-0.06691552616345822,-1.148002031314606e-19,3.630023694494513e-21
2.11,-1.6655865250639967e-18,-1.4880224295491973,1.0109609042634145,2.6435259109668042e-18,-0.44526062623641194,0.0037404043642962,0.9977602816941039,-0.0668911075831606,-1.5685087815859848e-19,5.8535342464188065e-21
2.112,-1.660306742955586e-18,-1.488910229254705,1.0109683119299537,2.636196958297367e-18,-0.4425392426987537,0.0036672841824827575,0.9977619591053284,-0.06686608230109267,-1.6574290746446666e-19,7.91614763452586e-21
2.114,-1.6550410334724503e-18,-1.4897925877366134,1.010975573423819,2.629381389711097e-18,-0.4398194065568391,0.0035942322096149315,0.9977636760921076,-0.06684045684436295,-1.6377940087862885e-19,7.530748777186935e-21
2.116,-1.649789561726187e-18,-1.4906695081126784,1.0109826888856686,2.6222115664829846e-18,-0.4371011407324562,0.003521252679421424,0.9977654321728857,-0.06681423771064122,-1.5638785081864015e-19,6.0951674031813356e-21
2.118,-1.6445512671976739e-18,-1.4915409935462416,1.0109896584645814,2.6160957152462587e-18,-0.43438446789004537,0.0034483497795396367,0.9977672268676924,-0.06678743136814308,-1.3810377692924701e-19,3.933326145370637e-21
2.12,-1.6393254537090576e-18,-1.4924070472457172,1.0109964823179662,2.6095136784217552e-18,-0.4316694104379225,0.003375527651619254,0.9977690596981788,-0.06676004425561549,-1.6913964384208172e-19,5.075120820880449e-21
2.122,-1.6341141337200437e-18,-1.493267672464081,1.0110031606114689,2.601495047690043e-18,-0.4289559905295024,0.003302790391430237,0.9977709301876522,-0.06673208278232386,-2.1078624763378017e-19,9.676210747384676e-21
2.124,-1.6289201020571017e-18,-1.4941228724983617,1.011009693518881,2.5926950796424015e-18,-0.42624423006452133,0.0032301420489750363,0.99777283786111,-0.06670355332804008,-1.8654793634084435e-19,1.0896952084357698e-20
2.126,-1.6237418159834722e-18,-1.4949726506891352,1.0110160812220488,2.5857127474469426e-18,-0.42353415069025907,0.003157586628605084,0.997774782245273,-0.06667446224303201,-1.5721496561478736e-19,7.649371028251635e-21
2.128,-1.6185774510496734e-18,-1.49581701042002,1.0110223239107814,2.578484658370708e-18,-0.42082577380276026,0.003085128089141272,0.997776762868618,-0.06664481584805401,-1.8265662037818104e-19,9.095837769978867e-21
2.13,-1.6134286164029177e-18,-1.4966559551171765,1.01102842178276,2.570147295610203e-18,-0.4181191205480555,0.0030127703439985936,0.9977787792614096,-0.06661462043433873,-2.1336657461376384e-19,1.1924772617451426e-20
2.132,-1.6082973084798396e-18,-1.4974894882488088,1.0110343750434478,2.5613554760597862e-18,-0.41541421182338134,0.0029405172613146645,0.9977808309557306,-0.06658388226359008,-1.8376618945961116e-19,1.0382889322949005e-20
2.134,-1.6031816200417448e-18,-1.498317613324667,1.0110401839059986,2.554599061963223e-18,-0.4127110682783998,0.0028683726640821032,0.9977829174855133,-0.06655260756797741,-1.4877693150157671e-19,9.167328312247291e-21
2.136,-1.5980790038736326e-18,-1.4991403338955542,1.0110458485911675,2.547921582369023e-18,-0.4100097103164173,0.002796340330284745,0.9977850383865686,-0.06652080255013083,-1.6340546492500167e-19,8.16793263457499e-21
2.138,-1.5929903135460089e-18,-1.499957653552835,1.0110513693272205,2.5406736734053466e-18,-0.40731015809560245,0.0027244239930375802,0.9977871931966151,-0.06648847338313772,-1.7787391998294214e-19,8.535925308586782e-21
2.14,-1.5879167590945951e-18,-1.500769575927946,1.0110567463498452,2.532750198202919e-18,-0.4046124315302033,0.0026526273407303227,0.9977893814553072,-0.06645562621054037,-1.9761744029623147e-19,1.0973645958590623e-20
2.142,-1.5828598322184648e-18,-1.5015761046919094,1.0110619799020613,2.524046718697876e-18,-0.4019165502917639,0.0025809540171745156,0.9977916027042623,-0.06642226714633476,-2.1728987683020547e-19,1.3060667526420199e-20
2.144,-1.5778210890523813e-18,-1.5023772435548488,1.0110670702341316,2.5145671053529347e-18,-0.3992225338103395,0.0025094076217541885,0.9977938564870883,-0.06638840227497056,-2.3686886992136766e-19,1.5139753671662856e-20
2.146,-1.572802078009052e-18,-1.5031729962655076,1.0110720176034733,2.504315210376804e-18,-0.39653040127571154,0.002437991709579872,0.9977961423494092,-0.06635403765135212,-2.563321273825353e-19,1.7552449288432394e-20
2.148,-1.5678043398142104e-18,-1.5039633666107695,1.01107682227457,2.4932948685522466e-18,-0.39384017163860097,0.002366709791646003,0.9977984598388908,-0.06631917930084066,-2.7572558903108657e-19,1.9614582616565895e-20
2.15,-1.5628294075430985e-18,-1.5047483584151813,1.0110814845188834,2.4815098945721747e-18,-0.3911518636118812,0.002295565334991572,0.9978008085052654,-0.06628383321925765,-2.950724112436857e-19,2.0985106790666088e-20
2.152,-1.557878806663928e-18,-1.5055279755404791,1.0110860046147647,2.4689640815691447e-18,-0.3884654956717898,0.0022245617628639802,0.9978031879003563,-0.06624800537288911,-3.143501823116925e-19,2.200800002619804e-20
2.154,-1.5529540550781194e-18,-1.5063022218851156,1.0110903828473685,2.455661202642465e-18,-0.3857810860591391,0.002153702454886011,0.9978055975781004,-0.06621170169849112,-3.335592953380385e-19,2.268411266862797e-20
2.156,-1.548056663162001e-18,-1.5070711013837907,1.0110946195085653,2.44160500969377e-18,-0.38309865278052585,0.002082990747225893,0.9978080370945723,-0.06617492810329648,-3.527682442422632e-19,2.1988566816213994e-20
2.158,-1.5431881338120295e-18,-1.5078346180069846,1.0110987148968542,2.426799231026996e-18,-0.3804182136095399,0.002012429932770297,0.9978105060080059,-0.06613769046502224,-3.7188662422074506e-19,2.129106445716154e-20
2.16,-1.5383499624875393e-18,-1.5085927757604922,1.0111026693172773,2.4112475768237133e-18,-0.3777397860879716,0.0019420232613002904,0.9978130038788157,-0.06609999463187852,-3.8526285213448745e-19,2.2965531255985208e-20
2.162,-1.5335432769703784e-18,-1.5093455786849617,1.0111064830813332,2.3954940611733794e-18,-0.37506338752701784,0.0018717739396701268,0.9978155302696182,-0.06606184642257823,-3.875435844915131e-19,2.5276562493935762e-20
2.164,-1.528768118587128e-18,-1.5100930308554337,1.0111101565068914,2.3796485186342195e-18,-0.37238903500848747,0.0018016851319888035,0.9978180847452524,-0.06602325162634792,-3.899812079784344e-19,2.4846184508986243e-20
2.166,-1.5240247427510554e-18,-1.5108351363808845,1.011113689918107,2.3637115877327074e-18,-0.369716745386005,0.001731759959804347,0.9978206668727989,-0.06598421600293967,-3.9243006456170703e-19,2.4074750431994832e-20
2.168,-1.5193133317782325e-18,-1.51157189940377,1.0111170836453358,2.347683729640645e-18,-0.36704653528621334,0.001662001502290728,0.9978232762215997,-0.06594474528264399,-3.94822244182657e-19,2.398921582197333e-20
2.17,-1.5146340670597309e-18,-1.5123033240995736,1.0111203380250497,2.331565407670874e-18,-0.364378421109975,0.0015924127964373866,0.9978259123632766,-0.06590484516630372,-3.971578943361957e-19,2.4587548338143097e-20
2.172,-1.509987129059523e-18,-1.5130294146763557,1.0111234533997526,2.315357085887458e-18,-0.3617124190335723,0.0015229968372412212,0.9978285748717487,-0.06586452132532902,-3.994597719869543e-19,2.5526212757779555e-20
2.174,-1.505372697312414e-18,-1.5137501753743057,1.0111264301178966,2.299059229321535e-18,-0.35904854500990624,0.0014537565779010565,0.9978312633232506,-0.06582377940171333,-4.0172788792472246e-19,2.680521138802981e-20
2.176,-1.500790950423176e-18,-1.5144656104652965,1.0111292685337985,2.282672301222006e-18,-0.3563868147696935,0.001384694930014515,0.9978339772963485,-0.06578262500805028,-4.041428868368456e-19,2.568799188420618e-20
2.178,-1.4962420660854265e-18,-1.5151757242524408,1.0111319690075569,2.26619674760033e-18,-0.3537272438226628,0.0013158147637771776,0.997836716371957,-0.06574106372755169,-4.0670464612953253e-19,2.218024859296115e-20
2.18,-1.4917263292441816e-18,-1.5158805210696515,1.0111345319049696,2.2495248746839883e-18,-0.3510698474587492,0.0012471189081840008,0.9978394801333544,-0.06569910111406645,-4.2001627188444937e-19,2.213689868818772e-20
2.182,-1.4872445643243046e-18,-1.516580005281202,1.0111369575974514,2.23211702841362e-18,-0.34841464074928735,0.0011786101512329596,0.9978422681661981,-0.06565674269210049,-4.385910128656107e-19,2.4845478352471755e-20
2.184,-1.4827984566327258e-18,-1.5172741812812909,1.011139246461952,2.2138682290691173e-18,-0.34576163854820324,0.0011102912401308156,0.9978450800585387,-0.06561399395683763,-4.573249913446936e-19,2.3782988440906987e-20
2.186,-1.4783893961720614e-18,-1.5179630534936084,1.0111413988808753,2.1951063316699383e-18,-0.34311085549320414,0.0010421648815009254,0.9978479154008348,-0.06557086037416139,-4.705805079700917e-19,2.133530920591679e-20
2.188,-1.4740183703022088e-18,-1.5186466263709046,1.0111434152419976,2.1758340438888427e-18,-0.34046230600696736,0.0009742337415931348,0.9978507737859662,-0.06552734738067778,-4.835492036977884e-19,2.2309253284213007e-20
2.19,-1.4696863972659572e-18,-1.5193249043945614,1.011145295938388,2.1560539037223936e-18,-0.33781600429832725,0.0009065004464955471,0.9978536548092464,-0.06548346038373903,-4.964564064285254e-19,2.327869417768515e-20
2.192,-1.4653944902367546e-18,-1.519997892074165,1.0111470413683272,2.1357684404706654e-18,-0.33517196436346075,0.0008389675823482489,0.997856558068436,-0.06543920476146826,-5.093023806428431e-19,2.4244062658709407e-20
2.194,-1.461143657341572e-18,-1.5206655939470826,1.011148651935229,2.1149801711164682e-18,-0.33253019998707123,0.0007716376955588588,0.9978594831637541,-0.06539458586278506,-5.221098548731839e-19,2.4863457098818095e-20
2.196,-1.456934901687698e-18,-1.5213280145780401,1.0111501280475603,2.093691598769886e-18,-0.32989072474357073,0.0007045132930198389,0.9978624296978895,-0.06534960900743195,-5.348790644998976e-19,2.513771208239276e-20
2.198,-1.452769221390008e-18,-1.5219851585587034,1.0111514701187623,2.0719052112134964e-18,-0.3272535519982605,0.000637596842327554,0.9978653972760124,-0.06530427948600187,-5.476326721702254e-19,2.4726140396716613e-20
2.2,-1.448647609604543e-18,-1.5226370305072603,1.011152678567172,2.049623481235459e-18,-0.32461869490851,0.0005708907720029854,0.9978683855057842,-0.06525860255996643,-5.603037750492251e-19,2.465495404563248e-20
2.202,-1.444571054552791e-18,-1.5232836350680068,1.0111537538159454,2.0268488697841835e-18,-0.3219861664249339,0.0005043974717140562,0.9978713939973678,-0.06521258346170511,-5.729821363482205e-19,2.35564487325315e-20
2.204,-1.4405405395520084e-18,-1.5239249769109342,1.0111546962929785,2.003583819414769e-18,-0.3193559792925677,0.00043811929249954704,0.9978744223634373,-0.0651662273945354,-5.856679605899996e-19,2.1433078614959888e-20
2.206,-1.4365570430527438e-18,-1.5245610607313191,1.011155506430831,1.9798307555387616e-18,-0.3167281460520413,0.0003720585469944693,0.9978774702191864,-0.06511953953274373,-5.98249675079728e-19,1.9996948972244875e-20
2.208,-1.432621538664076e-18,-1.5251918912493163,1.0111561846666501,1.9555920942219277e-18,-0.3141026790407509,0.00030621750965692453,0.9978805371823376,-0.06507252502161731,-6.107722431434707e-19,1.8563386591127433e-20
2.21,-1.428734995174556e-18,-1.5258174732095529,1.0111567314420935,1.9308702399341308e-18,-0.31147959039402906,0.00024059841699634738,0.9978836228731501,-0.06502518897747686,-6.23280584020078e-19,1.644812419514604e-20
2.212,-1.4248983765776893e-18,-1.5264378113807255,1.0111571472032541,1.905667584770198e-18,-0.3088588920463129,0.00017520346780310536,0.997886726914427,-0.0649775364877101,-6.354851553388762e-19,1.8097551221178965e-20
2.214,-1.4211126420723522e-18,-1.5270529105552002,1.0111574324005852,1.8799865336650987e-18,-0.30624059573231055,0.0001100348233793662,0.9978898489315232,-0.06492957261080619,-6.420268664390547e-19,2.1436807563465768e-20
2.216,-1.4173783858041587e-18,-1.527662775548613,1.0111575874888252,1.8542616424398606e-18,-0.3036247129881655,4.509460777125291e-05,0.9978929885523514,-0.06488130237639099,-6.431994442412914e-19,2.2359759508109805e-20
2.218,-1.4136956226081563e-18,-1.528267411199475,1.0111576129269237,1.8284935005699755e-18,-0.30101125515261934,-1.9615091997848407e-05,0.9978961454073894,-0.06483273078526307,-6.44388468476181e-19,2.2939064323920364e-20
2.22,-1.4100644387441585e-18,-1.5288668223687785,1.0111575091779674,1.80268234913528e-18,-0.2984002333681721,-8.409222569280466e-05,0.9978993191296849,-0.06478386280943063,-6.455495086668644e-19,2.3859011130116166e-20
2.222,-1.4064849199900872e-18,-1.5294610139396052,1.0111572767091068,1.776828429720068e-18,-0.2957916585822412,-0.0001483347796311844,0.9979025093548619,-0.0647347033921492,-6.467048098745677e-19,2.477684745733846e-20
2.224,-1.4029571516410747e-18,-1.5300499908167378,1.0111569159914837,1.7509319828683384e-18,-0.29318554154831805,-0.00021234077644663045,0.997905715721125,-0.06468525744796012,-6.478765884391659e-19,2.535104181588881e-20
2.226,-1.3994812185132555e-18,-1.5306337579262728,1.011156427500158,1.7249932468112275e-18,-0.2905818928271226,-0.00027610827485126155,0.9979089378692645,-0.06463552986272988,-6.490426628038672e-19,2.59239449521388e-20
2.228,-1.3960572049483934e-18,-1.5312123202152363,1.0111558117140371,1.699012457908157e-18,-0.2879807227877561,-0.0003396353693970946,0.9979121754426605,-0.06458552549369022,-6.501588331340266e-19,2.7178639050164566e-20
2.23,-1.3926851948129472e-18,-1.5317856826512024,1.011155069115803,1.6729898566896255e-18,-0.2853820416088518,-0.00040292019023659354,0.9979154280872867,-0.06453524916947896,-6.512472758765235e-19,2.8771555179168045e-20
2.232,-1.3893652714900486e-18,-1.5323538502219123,1.0111542001918423,1.6469256834597687e-18,-0.2827858592797231,-0.0004659609028823235,0.9979186954517136,-0.06448470569018173,-6.523965756612681e-19,2.9334919087551385e-20
2.234,-1.386097517890016e-18,-1.532916827934898,1.0111532054321752,1.6208201706059131e-18,-0.28019218560151044,-0.0005287557079658294,0.9979219771871122,-0.06443389982737437,-6.536287065533386e-19,2.8529629218717875e-20
2.236,-1.3828820164688753e-18,-1.5334746208171062,1.011152085330386,1.594673539335893e-18,-0.27760103018832527,-0.0005913028409956942,0.9979252729472559,-0.06438283632416607,-6.549215290819058e-19,2.6700071892300425e-20
2.238,-1.3797188492500895e-18,-1.5340272339145262,1.0111508403835527,1.5685941256067493e-18,-0.27501240246839237,-0.0006536005721149154,0.9979285823885231,-0.06433151989524337,-6.50516835415808e-19,2.794104149513148e-20
2.24,-1.3766075213511433e-18,-1.5345746722918183,1.0111494710921796,1.5427980480886852e-18,-0.2724263116851897,-0.0007156472058575991,0.9979319051698996,-0.06427995522691485,-6.405510053071309e-19,3.0536188777236595e-20
2.242,-1.3735473953748264e-18,-1.5351169410319463,1.011147977960127,1.5173919000601957e-18,-0.26984276689858644,-0.0007774410809049639,0.997935240952979,-0.0642281469771565,-6.308520881143241e-19,2.970696865550523e-20
2.244,-1.3705376933639726e-18,-1.535654045235811,1.0111463614945442,1.4923737782291323e-18,-0.26726177698597836,-0.0008389805698408243,0.9979385894019653,-0.06417609977565791,-6.212873008544191e-19,2.7513614854298604e-20
2.246,-1.3675776411737604e-18,-1.5361859900218864,1.0111446222058014,1.4677417739876723e-18,-0.2646833506434214,-0.000900264078906436,0.9979419501836726,-0.06412381822386916,-6.118562548382764e-19,2.396016299239333e-20
2.248,-1.3646664684785239e-18,-1.5367127805258585,1.011142760607423,1.4433858584671014e-18,-0.2621074963867627,-0.0009612900477548966,0.997945322967526,-0.06407130689504838,-6.133473135420684e-19,2.2145830728272723e-20
2.25,-1.3618043454390383e-18,-1.5372344219002652,1.0111407772160212,1.4186561187998083e-18,-0.25953422255276937,-0.001022056949205037,0.9979487074255621,-0.06401857033431006,-6.256865159808525e-19,2.2406194929879837e-20
2.2520000000000002,-1.3589921625149793e-18,-1.53775091931414,1.0111386725512292,1.3934461265657125e-18,-0.25696353730025534,-0.0010825632889948868,0.9979521032324282,-0.06396561305867411,-6.379673540603228e-19,2.266429137549452e-20
2.254,-1.3562308778182276e-18,-1.5382622779526576,1.011136447135636,1.3677582730738266e-18,-0.25439544861120533,-0.0011428076055347402,0.9979555100653822,-0.06391243955711547,-6.501901302135172e-19,2.291973227559201e-20
2.2560000000000002,-1.3535214446894135e-18,-1.53876850301678,1.0111341014947217,1.3415949388750047e-18,-0.25182996429189697,-0.0012027884696598774,0.9979589276042915,-0.06385905429061454,-6.623332268677828e-19,2.3514090290285228e-20
2.258,-1.3508648117175132e-18,-1.5392695997229073,1.0111316361567921,1.3149584947222911e-18,-0.24926709197402033,-0.0012625044843829563,0.9979623555316318,-0.06380546169220828,-6.744187997319159e-19,2.4105422407913543e-20
2.2600000000000002,-1.3482619227601016e-18,-1.5397655733025295,1.0111290516529152,1.287851301516173e-18,-0.24670683911579513,-0.0013219542846461302,0.9979657935324864,-0.06375166616704189,-6.864471027663632e-19,2.4693746271665302e-20
2.262,-1.345713716963783e-18,-1.54025642900188,1.0111263485168573,1.2602757084855944e-18,-0.24414921300308556,-0.0013811365370729194,0.9979692412945429,-0.06369767209242122,-6.983747609538652e-19,2.5962605162189274e-20
2.2640000000000002,-1.343221128785282e-18,-1.540742172081593,1.0111235272850203,1.2322340581168189e-18,-0.24159422075051276,-0.0014400499397199057,0.9979726985080927,-0.06364348381786585,-7.102675204019759e-19,2.6885307642771074e-20
2.266,-1.34078508800671e-18,-1.5412228078163615,1.0111205884963783,1.2037286798572023e-18,-0.23904186930256469,-0.0014986932218281868,0.9979761648660274,-0.0635891056651628,-7.221257239407892e-19,2.746187958394414e-20
2.2680000000000002,-1.3384065197664866e-18,-1.5416983414945982,1.0111175326924164,1.174761889550542e-18,-0.2364921654347038,-0.00155706514357478,0.9979796400638368,-0.06353454192842088,-7.339277788958379e-19,2.80351192492049e-20
2.27,-1.3360863445824503e-18,-1.5421687784180986,1.0111143604170685,1.1453359919460232e-18,-0.23394511575447205,-0.0016151644958238658,0.9979831237996057,-0.06347979687412565,-7.45630364990734e-19,2.9289387800683616e-20
2.2720000000000002,-1.333825478369045e-18,-1.5426341239017063,1.0111110722166559,1.115453286812812e-18,-0.23140072670259348,-0.0016729900998779933,0.9979866157740108,-0.06342487474119507,-7.572555011939476e-19,3.0881511892705735e-20
2.274,-1.331624832447646e-18,-1.5430943832729807,1.0111076686398275,1.085116065351476e-18,-0.22885900455407437,-0.0017305408072292438,0.9979901156903168,-0.06336977974103576,-7.688253437599995e-19,3.246792276472473e-20
2.2760000000000002,-1.3294853135703485e-18,-1.5435495618718658,1.0111041502374993,1.05432660614188e-18,-0.22631995541930072,-0.0017878154993103967,0.9979936232543729,-0.06331451605759983,-7.803835698598082e-19,3.336551200665442e-20
2.278,-1.3274078239459173e-18,-1.5439996650503633,1.0111005175627945,1.0230871745698984e-18,-0.22378358524513337,-0.001844813087246141,0.9979971381746087,-0.06325908784744234,-7.918435502443709e-19,3.494300418585161e-20
2.2800000000000002,-1.3253932612589319e-18,-1.544444698172206,1.0110967711709844,9.914000306985624e-19,-0.22124989981600038,-0.0019015325116043397,0.9980006601620295,-0.06320349923977939,-8.031838690645326e-19,3.7541173468348133e-20
2.282,-1.3234425186756027e-18,-1.5448846666125335,1.0110929116194305,9.592674313380012e-19,-0.218718904754987,-0.0019579727421474027,0.9980041889302121,-0.06314775433654676,-8.144699109590302e-19,4.01316815233754e-20
2.2840000000000003,-1.3215564848593932e-18,-1.5453195757575717,1.011088939467525,9.266916220515477e-19,-0.216190605524923,-0.002014132777583789,0.9980077241952999,-0.0630918572124592,-8.257236543260201e-19,4.23721772191863e-20
2.286,-1.3197360439949856e-18,-1.5457494310043123,1.011084855276635,8.9367483581231e-19,-0.21366500742946726,-0.0020700116453196485,0.9980112656759978,-0.06303581191507023,-8.369452781011631e-19,4.426390532166145e-20
2.2880000000000003,-1.3179820758151819e-18,-1.5461742377601966,1.011080659610043,8.602192912802101e-19,-0.21114211561418988,-0.002125608401210683,0.9980148130935665,-0.06297962246483249,-8.481566498274903e-19,4.5465319360554976e-20
2.29,-1.3162954556313297e-18,-1.5465940014427992,1.0110763530328926,8.263271921467472e-19,-0.2086219350676517,-0.00218092212931421,0.9980183661718172,-0.06292329285515885,-8.593147336699673e-19,4.666243284101929e-20
2.2920000000000003,-1.3146769462384888e-18,-1.5470087274795166,1.011071936112131,7.921088488534977e-19,-0.20610447062248088,-0.002235951941641487,0.9980219246371056,-0.06286682705248384,-8.70549182866408e-19,4.5803779939314124e-20
2.294,-1.3131273060978106e-18,-1.5474184213072546,1.0110674094164536,7.575664072195494e-19,-0.20358972695644717,-0.002290696977910304,0.9980254882183264,-0.06281022899632574,-8.65143178591666e-19,4.664799817233329e-20
2.2960000000000003,-1.3116462806809318e-18,-1.5478230883721211,1.0110627735162487,7.235661269294932e-19,-0.20107770859353316,-0.002345156405297878,0.998029056646906,-0.06275350259934927,-8.486119730112662e-19,4.9880346128986954e-20
2.298,-1.3102326073158413e-18,-1.548222734129119,1.0110580289835434,6.903219700671161e-19,-0.19856841990500307,-0.00239932941819411,0.998032629656797,-0.06269665174742871,-8.269445052092753e-19,4.865977667616206e-20
2.3000000000000003,-1.3088844887098785e-18,-1.548617364041842,1.0110531763919484,6.580468171580205e-19,-0.1960618651104686,-0.002453215237955155,0.9980362069844708,-0.06263968029971166,-7.998735386705021e-19,4.744297398230134e-20
2.302,-1.3075998108120943e-18,-1.5490069835821718,1.0110482163166057,6.268443792958421e-19,-0.19355804827895223,-0.0025068131126574286,0.9980397883689113,-0.06258259208868323,-7.783809945779198e-19,4.69182774909443e-20
2.3040000000000003,-1.3063768302413014e-18,-1.549391598229979,1.011043149334134,5.962765712806128e-19,-0.19105697332994764,-0.0025601223168519754,0.9980433735516067,-0.06252539092023081,-7.679598206794911e-19,4.708646719499703e-20
2.306,-1.3052145704388619e-18,-1.5497712134728243,1.0110379760225772,5.659069637818367e-19,-0.18855864403447734,-0.0026131421513193465,0.9980469622765434,-0.06246808057370934,-7.685658351722729e-19,4.76003973624824e-20
2.308,-1.304113393303111e-18,-1.550145834805663,1.011032696961351,5.351940096907491e-19,-0.18606306401614764,-0.002665871942824865,0.9980505542901978,-0.06241066480200712,-7.801426105737039e-19,4.8113385114716775e-20
2.31,-1.3030739840571773e-18,-1.5505154677305506,1.0110273127311922,5.041394361451531e-19,-0.18357023675220072,-0.002718311043874429,0.9980541493415284,-0.06235314733161204,-7.861497066822314e-19,4.8965434411903085e-20
2.312,-1.302096951711727e-18,-1.5508801177563523,1.0110218239141069,4.729615432261571e-19,-0.18108016557456383,-0.002770458832470832,0.9980577471819683,-0.06229553186267841,-7.8662202409297065e-19,4.9813677625243574e-20
2.314,-1.3011821452226353e-18,-1.551239790398452,1.0110162310933202,4.4187755810719e-19,-0.17859285367089578,-0.002822314711870574,0.9980613475654166,-0.06223782206909416,-7.8151308880124e-19,5.202884707938705e-20
2.316,-1.3003293051123586e-18,-1.5515944911784663,1.0110105348532252,4.10995011306806e-19,-0.1761083040856305,-0.002873878110341304,0.9980649502482309,-0.062180021598548636,-7.766410830682388e-19,5.081969370778543e-20
2.318,-1.2995381014687266e-18,-1.5519442256239575,1.0110047357793341,3.802049791309885e-19,-0.17362651972101778,-0.002925148480919771,0.998068554989218,-0.06212213407260079,-7.774434743935009e-19,4.687563427724953e-20
2.32,-1.2988084936243124e-18,-1.5522889992681517,1.0109988344582281,3.493992265990373e-19,-0.17114750333816112,-0.0029761253011704463,0.9980721615496253,-0.062064163086747885,-7.835233807769554e-19,4.635921339415759e-20
2.322,-1.2981408011567811e-18,-1.5526288176496568,1.0109928314775092,3.1825366378866943e-19,-0.16867125755805257,-0.00302680807294473,0.9980757696931327,-0.062006112210494645,-7.895662760623293e-19,4.618610565408126e-20
2.324,-1.2975357387959859e-18,-1.5529636863121832,1.0109867274257514,2.8676930676996547e-19,-0.16619778486260492,-0.0030771963221408226,0.998079379185843,-0.061947984987422856,-8.0103154605966545e-19,4.66946584813219e-20
2.326,-1.2969940549338248e-18,-1.553293610804267,1.010980522892453,2.5483939722712246e-19,-0.16372708759568075,-0.003127289598464288,0.9980829897962729,-0.06188978493526143,-8.124553601309076e-19,4.720128907738395e-20
2.328,-1.2965166747441005e-18,-1.553618596678995,1.01097421846799,2.224659895223665e-19,-0.16125916796411854,-0.0031770874751892693,0.9980866012953434,-0.061831515545956894,-8.238888444788103e-19,4.667920798767038e-20
2.33,-1.2961044830078925e-18,-1.5539386494937315,1.0109678147435675,1.8965129747864127e-19,-0.15879402803875609,-0.0032265895489204457,0.9980902134563713,-0.06177318028574438,-8.351412042206699e-19,4.820849460565047e-20
2.332,-1.295758360079438e-18,-1.554253774809847,1.010961312311175,1.5639753714849472e-19,-0.15633166975545057,-0.003275795439355709,0.9980938260550581,-0.061714782595218946,-8.462976501600489e-19,5.041585955741615e-20
2.334,-1.2954791818804063e-18,-1.5545639781924498,1.0109547117635393,1.2270692017404963e-19,-0.15387209491609605,-0.003324704789049612,0.9980974388694818,-0.06165632588940738,-8.629787296633549e-19,5.124481872960501e-20
2.336,-1.2952678558024118e-18,-1.554869265210119,1.0109480136940798,8.879821473465831e-20,-0.15141530518963764,-0.0033733172631775447,0.9981010516800858,-0.06159781355784044,-8.303314877653435e-19,4.902722331591395e-20
2.338,-1.2951223653508002e-18,-1.5551696414346394,1.0109412186968627,5.683423623480471e-20,-0.14896130211308287,-0.003421632549300755,0.9981046642696695,-0.06153924896462549,-8.0312109641122635e-19,5.023521644704273e-20
2.34,-1.2950405607131967e-18,-1.5554651124407388,1.0109343273665572,2.5075521484400823e-20,-0.14651008709251,-0.0034696503571321354,0.998108276423378,-0.0614806354485195,-7.869833063718606e-19,5.211880753731171e-20
2.342,-1.2950210952890935e-18,-1.5557556838058269,1.010927340298391,-5.505470622021984e-21,-0.14406166140407337,-0.00351737041830284,0.9981118879286913,-0.061421976323002524,-7.8182359742786275e-19,5.535775009312311e-20
2.344,-1.2950633495598732e-18,-1.5560413611097363,1.0109202580881067,-3.6752528625230784e-20,-0.1416160261950054,-0.0035647924861297816,0.998115498575415,-0.06136327487635152,-7.768056542665865e-19,5.688058084394108e-20
2.346,-1.2951672116680925e-18,-1.5563221499344668,1.0109130813319194,-6.714949939972427e-20,-0.13917318248461608,-0.003611916335383929,0.9981191081556686,-0.061304534371714584,-7.829239131481453e-19,5.633697979943462e-20
2.348,-1.295333003928734e-18,-1.5565980558639292,1.0109058106264726,-9.875465800920796e-20,-0.13673313116528885,-0.003658741762059533,0.9981227164638754,-0.061245758047185545,-7.999288442181555e-19,5.715219075880647e-20
2.35,-1.295561623901796e-18,-1.556869084483693,1.0108984465687971,-1.296163668652835e-19,-0.1342958730034738,-0.003705268583144215,0.9981263232967513,-0.06118694911587896,-7.619962152386212e-19,5.699979451121287e-20
2.352,-1.295850577917507e-18,-1.5571352413807356,1.0108909897562692,-1.5908987885033515e-19,-0.13186140864067758,-0.0037514966363899737,0.9981299284532947,-0.06112811076600548,-7.353133118061853e-19,5.547258424776811e-20
2.354,-1.296197529147095e-18,-1.5573965321431933,1.0108834407865688,-1.877226186368688e-19,-0.1294297385944503,-0.003797425780085115,0.9981335317347744,-0.06106924616094757,-7.14221304676278e-19,5.463094767199714e-20
2.356,-1.2966008370663504e-18,-1.5576529623601143,1.0108758002576388,-2.1541127098561546e-19,-0.1270008632593693,-0.003843055892827138,0.9981371329447192,-0.06101035843933559,-6.877906310152538e-19,5.311842371503165e-20
2.358,-1.2970584742381003e-18,-1.5579045376212137,1.0108680687676452,-2.420526988234284e-19,-0.12457478290801968,-0.0038883868732965334,0.9981407318889066,-0.06095145071512423,-6.616945247271766e-19,4.819320649899788e-20
2.36,-1.2975683513883488e-18,-1.5581512635166308,1.0108602469149366,-2.6765207312189213e-19,-0.12215149769197198,-0.003933418640031582,0.9981443283753512,-0.0608925260776693,-6.355349759591714e-19,4.636100017898963e-20
2.362,-1.2981283175487046e-18,-1.558393145636688,1.0108523352980046,-2.922146915193455e-19,-0.1197310076427564,-0.0039781511312041475,0.9981479222142933,-0.06083358759180488,-6.149430070132914e-19,4.555570329597387e-20
2.364,-1.2987368813744845e-18,-1.5586301895716508,1.0108443345154452,-3.1628641937377664e-19,-0.11731331267283412,-0.004022584304396419,0.9981515132181875,-0.06077463829792078,-5.998793792973978e-19,4.577255388663449e-20
2.366,-1.299392847921068e-18,-1.5588624009114922,1.01083624516592,-3.394376773938973e-19,-0.11489841257656531,-0.004066718136378716,0.9981551012016913,-0.06071568121204031,-5.738376918037876e-19,4.7033641547108303e-20
2.368,-1.3000939474215646e-18,-1.5590897852456562,1.0108280678481183,-3.6145621890280117e-19,-0.11248630703117402,-0.004110552622888264,0.9981586859816529,-0.06065671932589845,-5.426337099501872e-19,4.4884404022953657e-20
2.37,-1.3008378479364338e-18,-1.559312348162825,1.0108198031607187,-3.822396664776615e-19,-0.11007699559770985,-0.004154087778409046,0.9981622673770997,-0.06059775560702029,-5.115569826351002e-19,4.3086056330452846e-20
2.372,-1.3016220853624902e-18,-1.5595300952506876,1.0108114517023528,-4.0179409938280154e-19,-0.10767047772200651,-0.004197323635952677,0.9981658452092264,-0.060538792998799745,-4.805859837658712e-19,4.198057392458505e-20
2.374,-1.3024442077206291e-18,-1.5597430320957102,1.0108030140715671,-4.201255624598035e-19,-0.10526675273563706,-0.004240260246840348,0.9981694193013829,-0.060479834420578686,-4.497823025723803e-19,4.054058859727877e-20
2.376,-1.3033017750933946e-18,-1.5599511642829087,1.0107944908667883,-4.372400746677558e-19,-0.10286581985686603,-0.004282897680485836,0.9981729894790627,-0.060420882767726294,-4.191453012581006e-19,3.8766461916771036e-20
2.378,-1.3041923595762756e-18,-1.5601544973956227,1.0107858826862854,-4.531436290804315e-19,-0.1004676781915983,-0.004325236024179594,0.9981765555698904,-0.06036194091171873,-3.8865353584430666e-19,3.700099079168348e-20
2.38,-1.3051135452245283e-18,-1.5603530370152925,1.010777190128136,-4.678421922780032e-19,-0.09807232673432467,-0.004367275382873928,0.9981801174036095,-0.0603030117002191,-3.5834768171111322e-19,3.456045792205755e-20
2.382,-1.3060629280015785e-18,-1.5605467887212365,1.0107684137901896,-4.813417052050038e-19,-0.09567976436906432,-0.004409015878969295,0.9981836748120703,-0.06024409795715772,-3.281856623010737e-19,3.212929068625608e-20
2.384,-1.3070381157246795e-18,-1.5607357580904317,1.0107595542700338,-4.936480826247403e-19,-0.0932899898703039,-0.004450457652101694,0.9981872276292175,-0.06018520248281263,-2.981874956313665e-19,2.936580857133165e-20
2.386,-1.308036728016596e-18,-1.560919950697295,1.0107506121649605,-5.04767212514115e-19,-0.09090300190393343,-0.004491600858931194,0.9981907756910783,-0.060126328053890454,-2.6826990550035436e-19,2.763852089021282e-20
2.388,-1.3090563962405305e-18,-1.5610993721134674,1.0107415880719306,-5.147049481550528e-19,-0.08851879902817889,-0.004532445672931575,0.9981943188357489,-0.06006747742360743,-2.3849405455579863e-19,2.5920438504340364e-20
2.39,-1.3100947634364056e-18,-1.5612740279075996,1.010732482587542,-5.234671157979453e-19,-0.08613737969453157,-0.00457299228418115,0.9981978569033836,-0.060008653321770807,-2.0898296231335068e-19,2.215804606984289e-20
2.392,-1.3111498447741637e-18,-1.561443923645139,1.0107232963079955,-5.317084241923292e-19,-0.08375874224867415,-0.004613240899154671,0.9982013897361807,-0.059949858454860436,-2.3431121870222195e-19,2.2383726581068755e-20
2.394,-1.3122233421348323e-18,-1.5616090648881196,1.0107140298290633,-5.4213463208226e-19,-0.08138288493140337,-0.004653191740516479,0.9982049171783709,-0.05989109550611065,-2.867393191371695e-19,2.6643421122611297e-20
2.396,-1.313318966979374e-18,-1.561769457194953,1.010704683746056,-5.535461167879288e-19,-0.07900980587954956,-0.004692845046914728,0.9982084390762042,-0.059832367135592375,-2.951831668119923e-19,2.791741141156233e-20
2.398,-1.3144377474125882e-18,-1.5619251061202208,1.010695258653791,-5.652899554726307e-19,-0.07663950312689274,-0.0047322010727768775,0.9982119552779375,-0.0597736759802955,-3.036278431160435e-19,2.8503515461754934e-20
2.4,-1.3155803464868883e-18,-1.5620760172144703,1.0106857551465611,-5.773644941159693e-19,-0.07427197460507547,-0.004771260088106291,0.9982154656338216,-0.059715024654211475,-3.120529193237781e-19,2.874541709195835e-20
2.402,-1.316747423957959e-18,-1.5622221960240104,1.0106761738181043,-5.897680899997795e-19,-0.07190721814451229,-0.0048100223782800815,0.9982189699960887,-0.05965641574841617,-3.204381432981582e-19,2.8985179391636626e-20
2.404,-1.317939636304592e-18,-1.5623636480907106,1.0106665152615721,-6.024991092060579e-19,-0.06954523147529595,-0.004848488243848109,0.9982224682189397,-0.059597851831152925,-3.288041415697578e-19,2.888116964572768e-20
2.406,-1.3191576367485545e-18,-1.5625003789518008,1.0106567800695003,-6.155559283555428e-19,-0.06718601222810022,-0.0048866580003332095,0.9982259601585307,-0.059539335447915884,-3.371510735401885e-19,2.843421059084065e-20
2.408,-1.3204020752746197e-18,-1.5626323941396738,1.0106469688337782,-6.289369344847237e-19,-0.06482955793507933,-0.004924531978032644,0.998229445672961,-0.05948086912153347,-3.4549952356010763e-19,2.7302663986905405e-20
2.41,-1.3216735986562243e-18,-1.5627596991816888,1.0106370821456208,-6.426405290777961e-19,-0.062475866030764104,-0.004962110521820733,0.9982329246222595,-0.059422455352252136,-3.5382928290005324e-19,2.5829811950846493e-20
2.412,-1.3229728504808603e-18,-1.5628822995999774,1.0106271205955382,-6.566651245621582e-19,-0.06012493385295474,-0.00499939399095274,0.9982363968683722,-0.05936409661782031,-3.621404392137341e-19,2.4017280679332243e-20
2.414,-1.3243004711713004e-18,-1.5630002009112505,1.010617084773308,-6.71009143122891e-19,-0.05777675864361017,-0.0050363827588699875,0.9982398622751488,-0.059305795373572535,-3.7041280993449807e-19,2.2207533334884247e-20
2.416,-1.3256570980023585e-18,-1.5631134086266079,1.0106069752679472,-6.856710131631992e-19,-0.05543133754973409,-0.005073077213006173,0.9982433207083304,-0.059247554052513834,-3.7852454263887383e-19,2.2453319955042374e-20
2.418,-1.3270433650977828e-18,-1.5632219282513493,1.0105967926676838,-7.00649156663065e-19,-0.05308866762425757,-0.005109477754594978,0.9982467720355359,-0.05918937506540423,-3.8665878531115563e-19,2.1671236621515043e-20
2.42,-1.3284599034404467e-18,-1.563325765284787,1.0105865375599297,-7.159420103717949e-19,-0.05074874582691832,-0.005145584798478854,0.9982502161262491,-0.05913126080084352,-3.947548889232494e-19,2.08899173350431e-20
2.422,-1.3299073408894898e-18,-1.5634249252200598,1.0105762105312537,-7.315480117036936e-19,-0.04841156902513655,-0.005181398772919157,0.9982536528518058,-0.05907321362535615,-4.026505552166796e-19,2.284624522349969e-20
2.424,-1.3313863021688587e-18,-1.5635194135439505,1.0105658121673549,-7.474655909390122e-19,-0.046077133994887345,-0.0052169201194074135,0.9982570820853806,-0.05901523588347634,-4.1062996577675726e-19,2.2744054516441055e-20
2.426,-1.3328974088829542e-18,-1.5636092357367026,1.0105553430530363,-7.636932017776304e-19,-0.04374543742156979,-0.005252149292477948,0.998260503701974,-0.05895732989783337,-4.1873369068998995e-19,1.9904522882306502e-20
2.428,-1.3344412795732198e-18,-1.563694397271841,1.010544803772179,-7.802293230907023e-19,-0.04141647590087256,-0.005287086759521719,0.9982639175783989,-0.05889949796923705,-4.2665832869660865e-19,1.94651157670303e-20
2.43,-1.3360185297301178e-18,-1.563774903615992,1.0105341949077165,-7.969643016113911e-19,-0.039090245939636115,-0.0053217330006014515,0.9982673235932684,-0.05884174237676326,-4.290320856136388e-19,1.9386479667086898e-20
2.432,-1.3376291953274922e-18,-1.5638507602287088,1.0105235170416098,-8.136807310983819e-19,-0.03676674395671152,-0.005356088508268003,0.9982707216269816,-0.05878406537783982,-4.2592163322757057e-19,1.8985939791206163e-20
2.434,-1.3392731672601054e-18,-1.5639219725622944,1.0105127707548225,-8.302707319404981e-19,-0.03444596628381578,-0.005390153787378033,0.9982741115617111,-0.05872646920833238,-4.2264443930738023e-19,2.1665415396682938e-20
2.436,-1.340950193260436e-18,-1.5639885460616285,1.0105019566272961,-8.46734892547693e-19,-0.032127909166383764,-0.005423929354912937,0.9982774932813898,-0.058668956082630536,-4.1940221205975067e-19,2.3997315299232245e-20
2.438,-1.3426600222328753e-18,-1.5640504861639963,1.0104910752379266,-8.630737986427483e-19,-0.029812568764416715,-0.005457415739799071,0.9982808666716978,-0.05861152819373404,-4.1633561970434356e-19,2.3587964982909184e-20
2.44,-1.3444024762656955e-18,-1.5641077982989187,1.0104801271645398,-8.793960033616261e-19,-0.027499941153327257,-0.005490613482729234,0.9982842316200492,-0.058554187713339215,-4.1864340788350953e-19,2.5210979235284823e-20
2.442,-1.3461777020435672e-18,-1.564160487887983,1.010469112983869,-8.95809512467342e-19,-0.02519002232478101,-0.005523523135985459,0.998287588015579,-0.05849693679192547,-4.2103301193496397e-19,2.54622840643558e-20
2.444,-1.3479858103123533e-18,-1.564208560344677,1.010458033271531,-9.123145476495807e-19,-0.022882808187534725,-0.005556145263263071,0.9982909357491302,-0.05843977755884195,-4.2362499282295184e-19,2.2292710283733588e-20
2.446,-1.349827019973102e-18,-1.5642520210742237,1.0104468886020044,-9.289108328886697e-19,-0.020578294568270965,-0.005588480439496054,0.9982942747132404,-0.058382712122394355,-4.260451951506663e-19,2.1866141875473643e-20
2.448,-1.3517015130707441e-18,-1.5642908754734184,1.0104356795486067,-9.455979106331748e-19,-0.018276477212429323,-0.005620529250683672,0.9982976048021287,-0.0583257425699318,-4.284540721527993e-19,2.143986773523864e-20
2.45,-1.353609470730493e-18,-1.5643251289304665,1.0104244066834724,-9.622671967412326e-19,-0.015977351785034184,-0.005652292293718426,0.9983009259116828,-0.05826887096793394,-4.251984760423152e-19,2.3772810610324125e-20
2.452,-1.3555504966714554e-18,-1.5643547868248235,1.0104130705775316,-9.787023252799149e-19,-0.013680913871519002,-0.005683770176215282,0.998304237939446,-0.05821209936209802,-4.164043917042333e-19,2.7149495704279856e-20
2.454,-1.3575240516067865e-18,-1.5643798545270373,1.0104016718004887,-9.947964532457176e-19,-0.011387158978547116,-0.005714963516342177,0.9983075407846039,-0.05815542977742626,-4.0771098832803333e-19,2.949230157000289e-20
2.456,-1.3595294551780067e-18,-1.5644003373985909,1.010390210920801,-1.0105512250130736e-18,-0.009096082534829086,-0.005745872942651842,0.9983108343479714,-0.05809886421831313,-3.992176018657391e-19,2.9094079017210945e-20
2.458,-1.3615661023269442e-18,-1.564416240791747,1.0103786885056585,-1.0260762508860727e-18,-0.0068076798919365356,-0.005776499093914917,0.9983141185319796,-0.058042404668632926,-4.016782949777177e-19,2.9676377563763264e-20
2.46,-1.3636340388253161e-18,-1.5644275700493957,1.010367105120964,-1.0419125770301971e-18,-0.0045219463251125296,-0.005806842618954349,0.998317393240663,-0.057986053091827264,-4.0946110910815384e-19,3.297056991527077e-20
2.462,-1.3657339582962638e-18,-1.5644343305049013,1.0103554613313122,-1.0579508500054512e-18,-0.002238877034078452,-0.005836904176481115,0.9983206583796463,-0.05792981143099283,-4.1189203165911176e-19,3.320126516483983e-20
2.464,-1.3678659748604406e-18,-1.5644365274819534,1.0103437576999712,-1.0740815902262943e-18,4.15328561626069e-05,-0.0058666844349312,0.9983239138561314,-0.057873681608969114,-4.1431831315992827e-19,3.308906319396415e-20
2.466,-1.3700303448033581e-18,-1.5644341662944168,1.0103319947888623,-1.0903041534691554e-18,0.002319288294525956,-0.0058961840723039,0.9983271595788846,-0.057817665528426314,-4.1661398233243126e-19,3.5030537548584567e-20
2.468,-1.372227251291398e-18,-1.5644272522461855,1.0103201731585412,-1.1066180572773933e-18,0.004594394303048902,-0.005925403776001413,0.9983303954582237,-0.05776176507195322,-4.1889832709823404e-19,3.696626267699091e-20
2.47,-1.3744569846472704e-18,-1.5644157906310372,1.01030829336818,-1.1230228231011006e-18,0.006866855976097854,-0.005954344242669732,0.9983336214060045,-0.05770598210214529,-4.2686271518921675e-19,3.545077752615955e-20
2.472,-1.3767197981403378e-18,-1.564399786732489,1.010296355975548,-1.139842202101885e-18,0.009136678479578924,-0.005983006178040823,0.9983368373356089,-0.057650318461692725,-4.347039938971736e-19,3.564943899926483e-20
2.474,-1.379016555744701e-18,-1.5643792458236554,1.0102843615369943,-1.1568585633749784e-18,0.011403867050152039,-0.0060113902967760926,0.998340043161931,-0.05759477597346863,-4.3140285396452863e-19,3.7951131605234073e-20
2.476,-1.3813469294203907e-18,-1.5643541731671073,1.0102723106074298,-1.1734223289068274e-18,0.013668426994448549,-0.006039497322311184,0.9983432388013653,-0.057539356440617306,-4.172883865933918e-19,3.75637068311735e-20
2.478,-1.3837098715101531e-18,-1.5643245740147331,1.0102602037403101,-1.189427416324649e-18,0.015930363688292364,-0.006067327986701998,0.9983464241717929,-0.057484061646642486,-4.03220967607257e-19,3.752162329940891e-20
2.48,-1.386104267396651e-18,-1.5642904536076012,1.0102480414876178,-1.2048765618204457e-18,0.018189682575924578,-0.006094883030472077,0.998349599192569,-0.05742889335549573,-3.891806391405909e-19,3.816533230698407e-20
2.482,-1.3885290079182808e-18,-1.5642518171758235,1.0102358243998466,-1.219772487932841e-18,0.020446389169231624,-0.006122163202461253,0.998352763784511,-0.05737385331166486,-3.754034520771053e-19,3.5388459913937287e-20
2.484,-1.3909829893694564e-18,-1.564208669938421,1.010223553025984,-1.2341179266438116e-18,0.022700489046976937,-0.006149169259675548,0.9983559178698844,-0.05731894324026242,-3.6161352954940752e-19,3.398765481258979e-20
2.486,-1.3934651134862752e-18,-1.5641610171031912,1.0102112279134954,-1.2479155827069584e-18,0.024951987854036135,-0.006175901967138429,0.9983590613723914,-0.05726416484711415,-3.4765309144247416e-19,3.669802512424921e-20
2.488,-1.3959742873737133e-18,-1.5641088638665765,1.0101988496083083,-1.261168121527533e-18,0.02720089130063572,-0.006202362097743265,0.9983621942171572,-0.05720951981884763,-3.3377758430896205e-19,3.9061311516972735e-20
2.49,-1.3985094954504378e-18,-1.564052215413534,1.010186418654797,-1.2739861560308779e-18,0.029447205161595293,-0.0062285504321071515,0.9983653163307182,-0.057155009822980815,-3.3125442769060643e-19,3.589083358109632e-20
2.492,-1.4010704470153674e-18,-1.5639910769174066,1.0101739355957668,-1.2870197392971672e-18,0.0316909352755733,-0.006254467758425954,0.9983684276410089,-0.057100636508010706,-3.452695428832847e-19,3.1615797292044005e-20
2.494,-1.4036581488796144e-18,-1.5639254535397977,1.010161400972439,-1.3008081144837534e-18,0.03393208754431628,-0.006280114872330652,0.9983715280773493,-0.05704640150350202,-3.644384641149071e-19,3.2109842842993456e-20
2.496,-1.4062741794925716e-18,-1.5638553504304442,1.010148815324436,-1.3153478910839737e-18,0.036170667931911676,-0.006305492576744974,0.9983746175704333,-0.05699230642017591,-3.8349702562566887e-19,3.2941410228317194e-20
2.498,-1.4089200379348824e-18,-1.563780772727093,1.010136179189768,-1.3306353524168772e-18,0.03840668246404412,-0.006330601681744265,0.9983776960523153,-0.05693835284999863,-4.0266083344161427e-19,3.0346988451302486e-20
2.5,-1.411597215892353e-18,-1.563701725555379,1.0101234931048177,-1.346558693276334e-18,0.04064013722725526,-0.006355443004415658,0.998380763456398,-0.05688454236627037,-4.16182935261126e-19,2.8812422317337974e-20
2.5020000000000002,-1.414310025271701e-18,-1.5636177565667342,1.0101147863751374,-1.3663130024237445e-18,0.043325486573900764,-0.002350903447507405,0.9984049794698576,-0.05645792211721468,-4.24039926850284e-19,2.917632231911186e-20
2.504,-1.4170591915707553e-18,-1.5635289139190678,1.0101099376914695,-1.3829312672814194e-18,0.04551346396574672,-0.0024973628807119803,0.9984369748341478,-0.05588924121899898,-4.359901953473996e-19,2.9318060884307725e-20
2.5060000000000002,-1.4198420770009801e-18,-1.5634357145208366,1.0101047990403265,-1.400040775979677e-18,0.04768256230060497,-0.0026409113460624926,0.9984658690748932,-0.055370644682163725,-4.492706558633569e-19,2.9342132549893325e-20
2.508,-1.4226596976029735e-18,-1.5633382000866223,1.0100993766554607,-1.4176660414528146e-18,0.04982826785094707,-0.0027810745798835207,0.9984964494664241,-0.054816424572795806,-4.625072163061753e-19,2.9038904374443783e-20
2.5100000000000002,-1.4255131899222246e-18,-1.5632364141120596,1.010093676909851,-1.4359121007078986e-18,0.051954311890693654,-0.0029182989547596383,0.9985249685760021,-0.054294448429781296,-4.756737420132923e-19,2.8891679818832337e-20
2.512,-1.4284035781523515e-18,-1.5631303983682414,1.0100877059188802,-1.4545615645946523e-18,0.054057896908521585,-0.003052308391831222,0.9985543708824639,-0.05375098502843445,-4.887784256422869e-19,2.875399155392826e-20
2.5140000000000002,-1.4313317741627319e-18,-1.5630201956771237,1.0100814698526004,-1.4737194915744733e-18,0.05614139575753661,-0.0031833927540577686,0.9985823541256329,-0.053228582818907376,-5.018228528291453e-19,2.86049340466608e-20
2.516,-1.4342987924363313e-18,-1.5629058477130953,1.0100749746919322,-1.49349088172312e-18,0.0582030872688841,-0.003311397639240585,0.9986107294660516,-0.0526935574361842,-5.201155529148566e-19,3.1832942618573544e-20
2.5180000000000002,-1.437305892904519e-18,-1.5627873967432837,1.0100682264209009,-1.5134428451327085e-18,0.06024449255188873,-0.0034365164231147695,0.9986380833236665,-0.05217258413797118,-4.889529458366344e-19,3.41558013256203e-20
2.52,-1.4403508906306444e-18,-1.5626648842488513,1.0100612308769727,-1.5312636774312708e-18,0.062264565506009575,-0.003558669301016348,0.998665530013765,-0.0516445462979958,-4.471453142123453e-19,3.282947617664528e-20
2.5220000000000002,-1.4434307868547539e-18,-1.5625383520162037,1.0100539938694637,-1.5486828891021717e-18,0.06426429322683033,-0.003677990088013516,0.9986922023132582,-0.05112616784675214,-4.603471404458799e-19,3.297004648309749e-20
2.524,-1.446546178351347e-18,-1.5624078412723368,1.010046521087775,-1.566830190079115e-18,0.06624305303672129,-0.00379444461318505,0.9987187861571524,-0.050604211057817115,-4.788735201168377e-19,3.5101825072947095e-20
2.5260000000000002,-1.4496985898399527e-18,-1.5622733933690103,1.0100388181743996,-1.5857023179290978e-18,0.06820149725704273,-0.003908129843979213,0.9987447501444744,-0.05008916109151265,-4.974856603479221e-19,3.380137302472919e-20
2.528,-1.4528894675546354e-18,-1.5621350492404564,1.0100308906687627,-1.605295871996204e-18,0.07013926882092462,-0.004019039428055982,0.9987705169222886,-0.049572719582291355,-5.1601312200017945e-19,3.2502859361458674e-20
2.5300000000000002,-1.4561198925712897e-18,-1.561992849832317,1.0100227440523144,-1.6249623339782429e-18,0.07205681020918103,-0.004127247452752962,0.9987957614561694,-0.04906146040621704,-4.905151402863999e-19,3.1424385072875765e-20
2.532,-1.4593881805367754e-18,-1.5618468357615052,1.010014383714258,-1.64330284577132e-18,0.07395393099656114,-0.004232764428842251,0.9988207446068583,-0.048550181698952435,-4.815528889590333e-19,3.115834196316242e-20
2.5340000000000003,-1.4626936929968731e-18,-1.5616970475850958,1.0100058149794848,-1.6621511986144484e-18,0.07583094216000721,-0.004335650151051621,0.9988452681226437,-0.048043005203715496,-4.781634699226838e-19,2.9789921652597924e-20
2.536,-1.4660360452329905e-18,-1.561543525586961,1.0099970430877574,-1.6802144147837051e-18,0.0776877578470216,-0.004435925257657907,0.9988694934691286,-0.047536670231799395,-4.748413624217594e-19,2.7397775830422665e-20
2.5380000000000003,-1.4694152125676138e-18,-1.5613863099463063,1.0099880732110988,-1.6990022921730013e-18,0.07952460664678394,-0.004533640529373714,0.9988933002631307,-0.04703376116611705,-4.771131645068103e-19,2.3217778964556918e-20
2.54,-1.4728312795165762e-18,-1.561225440603809,1.0099789104412429,-1.7170065653172195e-18,0.08134146835056662,-0.004628822591777152,0.9989167889171207,-0.046532234198552104,-4.737048920249283e-19,2.323911629315263e-20
2.5420000000000003,-1.476283829707374e-18,-1.5610609573672332,1.009969559800546,-1.7355215320335753e-18,0.08313851995213542,-0.004721516455537373,0.9989398868591918,-0.04603370984121825,-4.647025083149041e-19,2.608586692022464e-20
2.544,-1.4797723053741302e-18,-1.5608928998274274,1.0099600262345159,-1.7528248531482433e-18,0.08491578246830436,-0.00481175218931482,0.9989626570059223,-0.04553690709378653,-4.558010165915541e-19,2.789979567726051e-20
2.5460000000000003,-1.4832957942717886e-18,-1.560721307424492,1.0099503146187438,-1.7705351003618905e-18,0.0866734005993639,-0.0048995710269513605,0.9989850561309136,-0.045042842129638806,-4.416164360923048e-19,2.6380574787444473e-20
2.548,-1.486853316749786e-18,-1.5605462193950492,1.0099404297545533,-1.786823038949352e-18,0.08841142126892594,-0.004985004917211727,0.9990071241248311,-0.04455071209121862,-4.274856317897529e-19,2.5207715199911146e-20
2.5500000000000003,-1.4904435044567952e-18,-1.560367674813679,1.0099303763734875,-1.8032008488369323e-18,0.09012996898046731,-0.005068092541660587,0.9990288357648072,-0.04406115421109838,-4.0241898745242884e-19,2.4920263587748952e-20
2.552,-1.4940646369941427e-18,-1.5601857125598075,1.0099201591348732,-1.8177326162185125e-18,0.09182910695179644,-0.00514886676938187,0.9990502168014695,-0.04357366531446684,-3.719675162869021e-19,2.4393007540335863e-20
2.5540000000000003,-1.4977143563730749e-18,-1.5600003713436423,1.0099097826288084,-1.8318243631261604e-18,0.09350894706810742,-0.005227364481974055,0.9990712530505927,-0.04308864499980268,-3.470782259688192e-19,2.513572659268258e-20
2.556,-1.5013907447504631e-18,-1.5598116896853669,1.0098992513749006,-1.8444023729614338e-18,0.09516956280704063,-0.00530361887981059,0.9990919615780149,-0.04260577789684024,-3.3330511690141782e-19,2.532589761602832e-20
2.5580000000000003,-1.5050923953645605e-18,-1.5596197059313646,1.009888569824333,-1.857194642423381e-18,0.09681105818096412,-0.0053776655068212284,0.9991123349620679,-0.04212531455841289,-3.1966826810791513e-19,2.4148124156730832e-20
2.56,-1.5088184097156585e-18,-1.5594244582411363,1.0098777423593241,-1.8686948514242994e-18,0.09843351313686181,-0.005449537533514608,0.9991323849319269,-0.041647057281881825,-3.061263178279592e-19,2.2289500949116237e-20
2.562,-1.5125676797330857e-18,-1.5592259845974408,1.0098667732946278,-1.8805224381773756e-18,0.10003702678331561,-0.005519269450430135,0.9991521082037158,-0.04117116311291866,-2.981132760029092e-19,2.1006171184269425e-20
2.564,-1.5163396761497595e-18,-1.5590243227980618,1.0098556668774339,-1.8913857453034694e-18,0.10162168315330075,-0.0055868941771227395,0.9991715132241783,-0.04069750804786735,-2.9560203613053096e-19,2.0636562799210592e-20
2.566,-1.5201340171987765e-18,-1.558819510462141,1.0098444272885212,-1.90301054993114e-18,0.10318757830683449,-0.00565244532581453,0.9991905992363767,-0.04022619044417495,-2.9310270584833106e-19,2.0268521056531672e-20
2.568,-1.5239507524353372e-18,-1.5586115850249915,1.009833058642429,-1.9136723812155744e-18,0.10473479886197626,-0.005715955430129,0.999209372664529,-0.039757132433804,-2.9063048310479474e-19,1.921598600531639e-20
2.57,-1.5277894655090474e-18,-1.55840058374205,1.009821564988394,-1.92509593966156e-18,0.10626343898707412,-0.00577745733210916,0.9992278342901757,-0.039290395515520035,-2.8808963551278166e-19,1.987688163247897e-20
2.572,-1.5316502777593713e-18,-1.5581865436856075,1.009809950310688,-1.9357715296033234e-18,0.10777358693779618,-0.005836983097435384,0.9992459892874075,-0.03882593067823477,-2.8545146988894532e-19,2.293228940411545e-20
2.574,-1.5355329518220005e-18,-1.5579695017472734,1.009798218529424,-1.9467786111066412e-18,0.10926533570992991,-0.005894564865132745,0.9992638393697473,-0.03836377624833907,-2.7193258415019714e-19,2.418622030472307e-20
2.576,-1.53943610475475e-18,-1.557749494635916,1.0097863735009915,-1.9562867506537015e-18,0.11073877459639866,-0.0059502341835347165,0.999281388934439,-0.03790390124062778,-2.5314294223674704e-19,2.180331376269313e-20
2.578,-1.5433585747012357e-18,-1.5575265588792,1.0097744190187818,-1.9660245119056615e-18,0.11219399586512345,-0.0060040225307677825,0.9992986402548502,-0.037446329390318014,-2.5086791008565855e-19,2.0391753777696896e-20
2.58,-1.5472995653353001e-18,-1.5573007308222906,1.009762358813685,-1.9749152703590313e-18,0.11363108946368514,-0.006055960908520277,0.9993155972411835,-0.036991040949095756,-2.376857747061791e-19,1.823100555927606e-20
2.582,-1.5512584631995313e-18,-1.557072046628816,1.0097501965547624,-1.9839320017129318e-18,0.11505014720486115,-0.006106080160876166,0.999332262498273,-0.03653805044174646,-2.245428159707221e-19,1.6075378194938436e-20
2.584,-1.5552341560880472e-18,-1.5568405422800573,1.00973793584978,-1.9916747536753426e-18,0.1164512594449293,-0.006154410726008608,0.9993486396265817,-0.036087345101869533,-2.1131100551229838e-19,1.7691990718345395e-20
2.586,-1.55922553577814e-18,-1.5566062535755567,1.0097255802458485,-1.9995474051868667e-18,0.1178345177065118,-0.006200982831549473,0.9993647314221981,-0.03563893361815071,-1.928099984808257e-19,1.465722361064528e-20
2.588,-1.5632312471675331e-18,-1.5563692161326173,1.0097131332299776,-2.0061503480729887e-18,0.11920001259439564,-0.006245826343000408,0.9993805412841865,-0.035192807539717375,-1.8541876755249443e-19,9.623884282844565e-21
2.59,-1.5672508727993865e-18,-1.5561294653866942,1.0097005982296947,-2.0135335469302415e-18,0.12054783543858086,-0.006288970883542313,0.9993960721137377,-0.03474897183564098,-1.943330848609751e-19,9.633181073978725e-21
2.592,-1.5712848938547986e-18,-1.5558870365910955,1.009687978613611,-2.0205097187941783e-18,0.12187807698605509,-0.006330445741667101,0.9994113271746066,-0.034307420700087146,-1.9770241328857327e-19,1.0478754912490957e-20
2.594,-1.5753336461696655e-18,-1.5556419648172444,1.0096752776920257,-2.0282647089645355e-18,0.12319082842953068,-0.006370279944768056,0.9994263094200785,-0.033868156710435166,-2.066417512131752e-19,8.428599384674906e-21
2.596,-1.5793974282180735e-18,-1.55539428495451,1.0096624987174976,-2.0352881411552285e-18,0.12448618058576819,-0.0064085022030279815,0.9994410220188131,-0.03343117565972686,-1.7163557559147587e-19,6.951703614855119e-21
2.598,-1.5834738828343419e-18,-1.5551440317103944,1.0096496448854395,-2.0409383560218517e-18,0.1257642245391652,-0.006445140954755396,0.9994554679435023,-0.032996478567206534,-1.4222824375367822e-19,7.032384579075813e-21
2.6,-1.5875606287717007e-18,-1.5548912396104517,1.009636719334692,-2.0456520824714905e-18,0.12702505112516918,-0.006480224332469242,0.9994696502920878,-0.032564062170018025,-1.2390755148391025e-19,7.819260929138395e-21
2.602,-1.5916562282638539e-18,-1.554635942998433,1.0096237251481097,-2.049864194028287e-18,0.12826875133240445,-0.006513780190976606,0.9994835720364397,-0.03213392645289872,-1.1114010079965575e-19,9.125662378394756e-21
2.604,-1.5957598243467247e-18,-1.554378176036267,1.009610665353135,-2.0536848471977475e-18,0.1294954159773986,-0.006545836087048431,0.9994972362184769,-0.031706068687675865,-1.039882138744455e-19,7.865687808858414e-21
2.606,-1.5998707792678378e-18,-1.5541179727041827,1.0095975429223778,-2.057223263935357e-18,0.1307051359553393,-0.006576419296966195,0.9995106457966593,-0.03128048815390316,-9.686019164343937e-20,6.952026056056991e-21
2.608,-1.6039885299756745e-18,-1.5538553668007349,1.009584360774188,-2.0604808540190862e-18,0.13189800203477683,-0.006605556804523112,0.999523803765664,-0.030857182402479442,-8.973389739574755e-20,7.068012338928359e-21
2.61,-1.6081125161781004e-18,-1.5535903919429197,1.0095711217732295,-2.063458968174235e-18,0.13307410501349815,-0.006633275312153873,0.999536713062644,-0.030436150215278866,-8.261951981383036e-20,7.869103863155542e-21
2.612,-1.6122421802299256e-18,-1.553323081566231,1.00955782873105,-2.0661589168829467e-18,0.1342335355884771,-0.006659601234040342,0.9995493766402092,-0.030017389263073926,-7.553822366952559e-20,8.669496012790124e-21
2.614,-1.6163769670974843e-18,-1.5530534689247777,1.0095444844066501,-2.0685819796631233e-18,0.13537638445228284,-0.006684560703339237,0.9995617974091913,-0.02960089796118608,-6.844775509172558e-20,1.0837970341406354e-20
2.616,-1.6205163242235957e-18,-1.5527815870913668,1.0095310915070486,-2.0707293778971693e-18,0.1365027422102337,-0.006708179568422315,0.9995739782831143,-0.029186674001497572,-6.143990686576753e-20,1.1289511733034757e-20
2.618,-1.6246596299160552e-18,-1.5525074689576248,1.009517652687848,-2.072494980853571e-18,0.13761269943954602,-0.006730483397738417,0.9995859221432513,-0.028774715516014307,-4.906873288692366e-20,9.18315993833048e-21
2.62,-1.6288059793011973e-18,-1.5522311472341022,1.0095041705537962,-2.0737734762480983e-18,0.13870634663610784,-0.006751497477983467,0.9995976318656941,-0.028365020156842228,-3.67679046987672e-20,6.740519718634472e-21
2.622,-1.6329544006802012e-18,-1.5519526544504048,1.0094906476593455,-2.0745673756408116e-18,0.13978377425029148,-0.006771246817534793,0.9996091103000163,-0.02795758582587817,-2.4517251180601366e-20,4.64701638316452e-21
2.624,-1.6371039273537897e-18,-1.5516720229553154,1.009477086509211,-2.0748791725031064e-18,0.14084507265232246,-0.006789756145814372,0.9996203602857319,-0.027552410098302983,-1.2335936496203863e-20,2.2167745058421817e-21
2.626,-1.6412535976121597e-18,-1.5513892849169364,1.009463489558926,-2.074711361912087e-18,0.14189033215348493,-0.0068070499158674755,0.9996313846392594,-0.027149490680276108,-2.1433846422510047e-22,-2.0687312625746684e-22
2.628,-1.6454024547307995e-18,-1.5511044723228278,1.0094498592153935,-2.0740664205702146e-18,0.14291964298317353,-0.006823152304468587,0.9996421861639118,-0.02674882504777689,1.1895065374997132e-20,-9.104738221324728e-22
2.63,-1.649549546822773e-18,-1.5508176169801606,1.0094361978374378,-2.07294670597291e-18,0.14393309530096493,-0.006838087214192849,0.9996527676419259,-0.02635041073378291,2.399352280306266e-20,1.010541385586355e-22
2.632,-1.6536939266155433e-18,-1.5505287505158714,1.0094225077363514,-2.0713544779812885e-18,0.14493077918101868,-0.006851878273988991,0.9996631318405119,-0.02595424510211055,3.6053940109224307e-20,1.7952108449093833e-21
2.634,-1.6578346512863936e-18,-1.550237904376827,1.0094087911764418,-2.069291940968105e-18,0.14591278461844606,-0.006864548840955504,0.9996732815069729,-0.02556032552769486,4.801427103353469e-20,1.7725579372489884e-21
2.636,-1.6619708541782905e-18,-1.549945109829994,1.0093950503755726,-2.066868876117874e-18,0.14687920151834272,-0.006876122001211547,0.9996832193723555,-0.025168649255058708,5.436992036629073e-20,-1.1919537165396634e-21
2.638,-1.666101959395163e-18,-1.5496503979626144,1.0093812875057053,-2.0641944776480813e-18,0.1478301196986062,-0.006886620571506446,0.9996929481484548,-0.024779213511576092,6.077151427477302e-20,-1.065972804403124e-21
2.64,-1.6702273578790035e-18,-1.54935379968239,1.0093675046934365,-2.0610546937933234e-18,0.14876562888189648,-0.006896067100284857,0.9997024705300077,-0.024392015418992535,8.360375069696631e-20,-6.623166438253753e-22
2.642,-1.6743454028245204e-18,-1.5490553457176715,1.0093537040205327,-2.056805595354901e-18,0.14968581869625083,-0.006904483869207236,0.999711789192848,-0.024007052064673733,1.11792624908631e-19,-2.106155113493765e-21
2.644,-1.6784538441806804e-18,-1.548755066617653,1.0093398875244628,-2.0514519720097912e-18,0.1505907786689039,-0.006911892894345352,0.9997209067952154,-0.023624320446381443,1.3990549112014688e-19,-1.1468811217205926e-21
2.646,-1.6825504782542367e-18,-1.548452992752576,1.0093260571989282,-2.044999164453357e-18,0.15148059822554566,-0.0069183159276602815,0.9997298259766131,-0.023243817517181093,1.679032772399244e-19,4.969630654476246e-22
2.648,-1.6866331836565297e-18,-1.5481491543139365,1.0093122149943892,-2.0375599496226686e-18,0.15235536668533087,-0.006923774458288694,0.9997385493585818,-0.022865540151063197,1.9024534401294603e-19,-1.313797145195124e-22
2.65,-1.6907001356781378e-18,-1.5478435813146996,1.0092983628185894,-2.029246480710343e-18,0.15321517325930997,-0.0069282897140061335,0.9997470795439862,-0.022489485171335696,2.1246551053055126e-19,-1.4414998351474484e-21
2.652,-1.6947495901579597e-18,-1.54753630358952,1.0092845025370774,-2.0200631049215423e-18,0.15406010704620818,-0.006931882662579226,0.9997554191174679,-0.022115649329311156,2.345718872782713e-19,-3.0896052763546612e-21
2.654,-1.6987798116293162e-18,-1.5472273507949692,1.0092706359737247,-2.0100141535751735e-18,0.15489025703036116,-0.006934574013230427,0.9997635706449951,-0.02174402932234356,2.5664154628365983e-19,-1.649131268863199e-21
2.656,-1.7027891807775867e-18,-1.5469167524097676,1.009256764911242,-1.999211451775976e-18,0.15570571207800019,-0.0069363842180404115,0.9997715366741208,-0.021374621780704144,2.731048908546939e-19,-1.1187558467171349e-21
2.658,-1.7067762659703385e-18,-1.546604537735023,1.0092428910916917,-1.9877666788389196e-18,0.15650656093490092,-0.006937333473423519,0.9997793197336964,-0.021007423279124172,2.8942524890349126e-19,-2.9874472128602496e-21
2.66,-1.7107398224273422e-18,-1.5462907358944755,1.0092290162169977,-1.9756832238033656e-18,0.1572928922230091,-0.0069374417215700935,0.9997869223340149,-0.020642430328801982,3.0571103130488876e-19,-2.7949861136709576e-21
2.662,-1.7146785759262758e-18,-1.5459753758347465,1.0092151419494524,-1.9629642139647245e-18,0.1580647944379328,-0.006936728651937578,0.9997943469666252,-0.020279639384872466,3.2194899756153634e-19,-1.2306315796198276e-21
2.664,-1.7185912584097244e-18,-1.5456584863255958,1.0092012699122208,-1.949612695285938e-18,0.15882235594580482,-0.006935213702725926,0.9998015961044081,-0.019919046841628627,3.380974783023094e-19,-3.535771717443234e-22
2.666,-1.7224766079137989e-18,-1.545340095960182,1.009187401689842,-1.9356317251003507e-18,0.15956566498069996,-0.006932916062386738,0.9998086722014544,-0.01956064903743532,3.541632911970553e-19,1.796002533121323e-22
2.668,-1.7263333685996234e-18,-1.5450202331553307,1.009173538828726,-1.9210243709906078e-18,0.16029480964166892,-0.006929854671126982,0.9998155776931025,-0.01920444225196376,3.7013328343782386e-19,-3.1506233877453686e-22
2.67,-1.7301602908009058e-18,-1.5446989261518063,1.0091596828376497,-1.9057937402344546e-18,0.16100987789013155,-0.006926048222437008,0.9998223149958568,-0.018850422709500853,3.8601394397030883e-19,-1.4929218823785403e-21
2.672,-1.733956131088135e-18,-1.5443762030145902,1.0091458351882485,-1.88994294798126e-18,0.1617109575470411,-0.006921515164619063,0.9998288865074054,-0.018498586577443386,4.0185795330204573e-19,-6.111550451519395e-22
2.674,-1.7377195444954214e-18,-1.544052091633165,1.0091319973155048,-1.8732596701143017e-18,0.16239813629028524,-0.006916273702334053,0.9998352946065647,-0.018148929968599355,4.341053530952935e-19,1.6776642012184945e-21
2.676,-1.7414484388810867e-18,-1.5437266197218027,1.0091181706182344,-1.855747896712061e-18,0.16307150165195494,-0.006910341798152144,0.9998415416532866,-0.01780144894046961,4.2777972354813305e-19,1.9190928583099524e-21
2.678,-1.7451431370204568e-18,-1.543399814819859,1.0091043564595683,-1.8389196827211533e-18,0.1637311410157729,-0.006903737174117686,0.9998476299886225,-0.017456139496915043,4.269409418398182e-19,6.914280380173739e-22
2.68,-1.748803350605902e-18,-1.543071704292073,1.009090556167433,-1.8211555693244097e-18,0.1643771416144505,-0.006896477313319587,0.9998535619347249,-0.017112997587929654,4.371120294351832e-19,9.882268102164831e-22
2.682,-1.7524282161382532e-18,-1.542742315328871,1.0090767710350261,-1.803643637247511e-18,0.16500959052715594,-0.006888579461473439,0.9998593397948256,-0.016772019110907983,4.527127064243174e-19,1.6302833690676677e-22
2.684,-1.7560168369575936e-18,-1.5424116749466774,1.00906300232129,-1.7849830388770733e-18,0.1656285746769489,-0.006880060628509807,0.9998649658532371,-0.016433199910724023,4.572818881828346e-19,-8.178858728718329e-22
2.686,-1.7595689669518252e-18,-1.542079809988228,1.0090492512513818,-1.7672246439292935e-18,0.16623418082829575,-0.006870937590172387,0.999870442375341,-0.01609653578074582,4.454538758591873e-19,1.9009433674827936e-21
2.688,-1.7630855090347308e-18,-1.5417467471228907,1.0090355190171394,-1.749502413918724e-18,0.1668264955845751,-0.006861226889622465,0.99987577160759,-0.01576202246310387,4.2269774683488533e-19,3.419486089267827e-21
2.69,-1.7665682228055337e-18,-1.54141251284699,1.0090218067775463,-1.7333238368597722e-18,0.16740560538564483,-0.006850944839051845,0.9998809557775052,-0.015429655649544996,4.055103003796045e-19,3.476032307294034e-21
2.692,-1.7700183569870098e-18,-1.5410771334841358,1.0090081156591906,-1.7169581058220586e-18,0.1679715965054138,-0.006840107521301963,0.9998859970936818,-0.015099430981817341,3.9388285433912965e-19,2.4201223841783324e-21
2.694,-1.7734370810422232e-18,-1.5407406351855584,1.0089944467567231,-1.7018056103357165e-18,0.1685245550494633,-0.006828730791490293,0.9998908977457921,-0.014771344052421241,3.768300810823095e-19,7.645988981067745e-22
2.696,-1.7768253076597156e-18,-1.5404030439304472,1.0089808011333106,-1.6865678988436874e-18,0.16906456695268227,-0.00681683027864258,0.9998956599045953,-0.014445390405065062,3.653670472015982e-19,1.7739333805922825e-21
2.698,-1.7801842670660473e-18,-1.5400643855262945,1.0089671798210864,-1.6724302821301513e-18,0.1695917179769445,-0.006804421387331459,0.9999002857219472,-0.014121565535349302,3.539675822638149e-19,2.438553840959658e-21
2.7,-1.7835146815650873e-18,-1.539724685609244,1.0089535838215977,-1.6579867475227166e-18,0.1701060937088051,-0.006791519299320385,0.9999047773308135,-0.013799864891264611,3.426070302252703e-19,2.0738241301027812e-21
2.702,-1.7868174126484146e-18,-1.5393839696444427,1.00894001410625,-1.6447465957512131e-18,0.17060777955723422,-0.0067781389752131745,0.9999091368452845,-0.013480283873831798,3.3679361481631704e-19,3.3481147469289372e-21
2.704,-1.7900928517922156e-18,-1.5390422629264002,1.0089264716167465,-1.6305510513580118e-18,0.17109686075137343,-0.0067642951561083095,0.9999133663605936,-0.013162817837624087,3.529275855896734e-19,3.638758420713049e-21
2.706,-1.7933401324941395e-18,-1.5386995905793492,1.0089129572655273,-1.6169116005517828e-18,0.171573422338326,-0.006750002365258074,0.9999174679531364,-0.01284746209137726,3.251274094204199e-19,3.480180939486392e-21
2.708,-1.7965612269220712e-18,-1.5383559775576117,1.0088994719362019,-1.6043639208944172e-18,0.17203754918097217,-0.006735274909731941,0.9999214436804942,-0.012534211898524876,2.974587254692847e-19,3.3219838603502194e-21
2.71,-1.7997583132777644e-18,-1.5380114486459702,1.0088860164839801,-1.5929026785240652e-18,0.17248932595581587,-0.00672012688208408,0.9999252955814574,-0.012223062477787476,2.6990352286218525e-19,1.793617833490751e-21
2.712,-1.802933559166478e-18,-1.5376660284600425,1.0088725917361003,-1.5825226155942044e-18,0.17292883715085786,-0.0067045721620245195,0.9999290256760527,-0.011914009003713711,2.424691813640636e-19,-4.16811961902941e-22
2.714,-1.8060891217386126e-18,-1.5373197414466606,1.0088591984922526,-1.5732185376659645e-18,0.1733561670634988,-0.0066886244180938345,0.9999326359655722,-0.011607046607254212,2.1516308703756732e-19,-2.622019837662213e-21
2.716,-1.80922714779571e-18,-1.536972611884254,1.0088458375249998,-1.5649852729932106e-18,0.1737713997984693,-0.006672297109340859,0.9999361284326043,-0.011302170376304207,1.879849609174966e-19,-4.82244204814647e-21
2.718,-1.8123497738063318e-18,-1.5366246638832368,1.0088325095801947,-1.5578176631722914e-18,0.1741746192657891,-0.0066556034870033295,0.9999395050410663,-0.01099937535626556,1.6643602017565346e-19,-5.3668738925207895e-21
2.72,-1.815458767118263e-18,-1.5362759213864001,1.0088192153773936,-1.5512801160606909e-18,0.17456590917875306,-0.0066385565961910005,0.9999427677362407,-0.010698656550588116,1.504982298945081e-19,-3.571768352476305e-21
2.722,-1.8185553124040005e-18,-1.5359264081693065,1.008805955610268,-1.5453691301476838e-18,0.17494535305194614,-0.006621169277571048,0.9999459184448113,-0.010400008921322118,1.3463713873990383e-19,-1.7803172036290368e-21
2.724,-1.8216406596231795e-18,-1.5355761478406895,1.0087927309470104,-1.5400815418045117e-18,0.17531303419928493,-0.006603454169055436,0.9999489590749033,-0.010103427389656543,1.188559229016944e-19,3.4890469212319717e-22
2.726,-1.8247160524133983e-18,-1.5352251638428578,1.008779542030739,-1.535306525993548e-18,0.17566903573208734,-0.006585423707489974,0.999951891516124,-0.009808906836463288,1.0860484504884274e-19,-3.236886228304305e-22
2.728,-1.827782082434399e-18,-1.5348734794521008,1.0087663894798984,-1.5307185548183575e-18,0.17601344055716933,-0.006567090130344788,0.999954717639606,-0.009516442102831429,1.0932900752196203e-19,-3.501519714403604e-21
2.73,-1.830838907867059e-18,-1.5345211177791012,1.0087532738886553,-1.5261019851753545e-18,0.1763463313749689,-0.006548465477405941,0.9999574392980518,-0.009226027990604032,1.1004783180198407e-19,-6.6716349539000146e-21
2.732,-1.833886364121898e-18,-1.534168101769348,1.0087401958272937,-1.5212417292525737e-18,0.17666779067769708,-0.006529561592467952,0.9999600583257816,-0.008937659262907665,1.2175827433070025e-19,-6.508348672982868e-21
2.734,-1.836923569523604e-18,-1.533814454203556,1.008727155842604,-1.5157079112972565e-18,0.17697790074751582,-0.006510390125026877,0.9999625765387806,-0.00865133064468241,1.443913324445727e-19,-5.072863957798918e-21
2.736,-1.839948641904074e-18,-1.5334601976980873,1.0087141544582714,-1.509181283617624e-18,0.1772767436547425,-0.006490962531973804,0.9999649957347504,-0.008367036823206199,1.7235960389227296e-19,-6.771276378886573e-21
2.738,-1.84295956494507e-18,-1.5331053547053761,1.0087011921752573,-1.5015594365354612e-18,0.17756440125608114,-0.00647129007928843,0.9999673176931606,-0.008084772448618372,2.0022092332154785e-19,-5.381433842911257e-21
2.74,-1.845954153568536e-18,-1.5327499475143591,1.0086882694721815,-1.4928477217600354e-18,0.17784095519287998,-0.006451383843732481,0.9999695441753028,-0.0078045321344385925,2.3343113729121886e-19,-4.381066537835804e-21
2.742,-1.8489301259595834e-18,-1.5323939982509065,1.0086753868056977,-1.4831596876943674e-18,0.17810648688941524,-0.00643125471454273,0.9999716769243462,-0.007526310458084179,2.280696268975674e-19,-6.1671838829586594e-21
2.744,-1.85188776102514e-18,-1.5320375288782586,1.008662544610867,-1.4744383570123081e-18,0.178361077551201,-0.006410913395123412,0.9999737176653944,-0.007250101961383445,2.1728685634139935e-19,-4.824225264631465e-21
2.746,-1.8548274797029113e-18,-1.5316805611974649,1.0086497433015285,-1.4651713360301831e-18,0.17860480816332508,-0.0063903704047377306,0.9999756681055448,-0.006975901151086964,2.2297783246342457e-19,-3.603409723620184e-21
2.748,-1.857749018944457e-18,-1.5313231168478265,1.008636983270665,-1.4563308037527811e-18,0.17883775948881064,-0.006369636080198253,0.9999775299339482,-0.006703702499375229,2.2863291965201343e-19,-5.469057736337423e-21
2.75,-1.8606520089894305e-18,-1.530965217307342,1.0086242648907668,-1.4466223233323547e-18,0.1790600120670034,-0.006348720577555975,0.9999793048218713,-0.0064335004443639545,2.342696636044355e-19,-5.959670570078762e-21
2.7520000000000002,-1.8635360104922902e-18,-1.5306068838931561,1.008611588514192,-1.4373424385338722e-18,0.17927164621198433,-0.006327633873787806,0.9999809944227593,-0.006165289390606022,2.453665240123354e-19,-5.797868662143564e-21
2.754,-1.866400335216769e-18,-1.5302481377620123,1.0085989544735214,-1.4268740971402148e-18,0.17947274201100766,-0.006306385768482266,0.9999826003723019,-0.005899063709590875,2.5641093088550506e-19,-5.6351451921458486e-21
2.7560000000000002,-1.8692437965723913e-18,-1.529888999910707,1.0085863630819132,-1.4165153880082165e-18,0.179663379322964,-0.006284985885523166,0.9999841242884984,-0.005634817740240733,2.7287692760644467e-19,-4.820075953417826e-21
2.758,-1.8720653926510243e-18,-1.5295294911765491,1.0085738146334517,-1.405081028478213e-18,0.17984363777686843,-0.00626344367477105,0.9999855677717261,-0.00537254578940413,2.7283483145318593e-19,-3.2292474919829554e-21
2.7600000000000002,-1.87486484440224e-18,-1.5291696322378205,1.0085613094034944,-1.3942994216724288e-18,0.18001359677037346,-0.006241768413742217,0.9999869324048094,-0.005112242132346392,2.8374054404348427e-19,-3.299746721984667e-22
2.762,-1.877641444374922e-18,-1.5288094436142403,1.0085488476490145,-1.3820142005035694e-18,0.18017333546830658,-0.006219969209285057,0.9999882197530902,-0.004853901013237361,3.1651734005300353e-19,7.375342080506111e-22
2.7640000000000002,-1.8803927309015277e-18,-1.5284489456674317,1.008536429608941,-1.3694178155089263e-18,0.18032293280123235,-0.006198054999253552,0.9999894313644989,-0.004597516645636137,3.1074660356929107e-19,1.6474098240859826e-21
2.766,-1.8831193406880254e-18,-1.5280881586013928,1.008524055504494,-1.3571577060160957e-18,0.18046246746403877,-0.006176034554177753,0.9999905687696289,-0.004343083212973026,3.0502859809811115e-19,4.95320951048078e-21
2.7680000000000002,-1.8858214060221875e-18,-1.5277271024629682,1.0085117255395193,-1.3449090658969073e-18,0.18059201791454793,-0.00615391647893093,0.9999916334818097,-0.004090594869028552,3.048124129876523e-19,6.172976436671391e-21
2.77,-1.888498985111846e-18,-1.5273657971423253,1.0084994399008165,-1.3326714445119215e-18,0.1807116623721505,-0.006131709214393343,0.9999926269971832,-0.0038400457384096614,3.04600864426729e-19,8.074759781892677e-21
2.7720000000000002,-1.891152099885574e-18,-1.5270042623734326,1.0084871987584665,-1.3204447275777008e-18,0.18082147881646418,-0.006109421039112328,0.9999935507947796,-0.0035914299170230228,3.043954155148154e-19,1.100041299592292e-20
2.774,-1.8937808796924206e-18,-1.5266425177345397,1.0084750022661537,-1.3083364566242704e-18,0.18092154498601584,-0.006087060070958605,0.9999944063365966,-0.003344741472545513,2.987036403954331e-19,1.2226331488642534e-20
2.7760000000000002,-1.8963856330144074e-18,-1.5262805826486616,1.008462850561486,-1.2964540445593172e-18,0.1810119383769471,-0.00606463426877852,0.999995195067677,-0.003099974444891826,2.9302120814945316e-19,1.2079103094053013e-20
2.778,-1.8989668466118653e-18,-1.5259184763840645,1.0084507437663115,-1.2847965559312894e-18,0.18109273624174327,-0.0060421514340421485,0.99999591841619,-0.0028571228466792637,2.873658116163622e-19,1.1933384357058332e-20
2.7800000000000002,-1.901524969236046e-18,-1.5255562180547544,1.0084386819870308,-1.2733628894387412e-18,0.18116401558798556,-0.006019619212487025,0.9999965777935118,-0.002616180663689678,2.817453174631088e-19,1.4529634726441893e-20
2.782,-1.9040605190622712e-18,-1.525193826620968,1.0084266653149079,-1.2621516943334245e-18,0.1812258531771262,-0.005997045095757321,0.9999971745943085,-0.002377141855328592,2.761642597405018e-19,1.6434711979836174e-20
2.7840000000000003,-1.906573652210022e-18,-1.5248313208896658,1.0084146938263756,-1.2508384270884539e-18,0.18127832552328654,-0.005974436423038336,0.9999977101966186,-0.0021400003550814954,2.870421036399918e-19,1.726855902079647e-20
2.786,-1.9090635905827956e-18,-1.524468719515029,1.00840276758334,-1.2389931370332856e-18,0.18132150889207777,-0.005951800382686109,0.9999981859619383,-0.001904750070967327,3.033589288154201e-19,2.1173075285454403e-20
2.7880000000000003,-1.9115292008689977e-18,-1.5241060409989569,1.0083908866334796,-1.2265108319511681e-18,0.18135547929944412,-0.005929144013851998,0.9999986032353062,-0.0016713848859891437,3.195939871213833e-19,2.19848615498393e-20
2.79,-1.9139692121564372e-18,-1.5237433036915673,1.0083790510105424,-1.2132869560911782e-18,0.18138031251052864,-0.005906474208102075,0.9999989633453894,-0.0014398986585819904,3.4123310799487133e-19,2.2100725655075065e-20
2.7920000000000003,-1.916381785673748e-18,-1.5233805257917,1.0083672607346392,-1.1991096224586347e-18,0.1813960840385609,-0.005883797711031189,0.9999992676045714,-0.0012102852230579705,3.737371338610138e-19,2.3228220594324715e-20
2.794,-1.918765019376508e-18,-1.5230177253474202,1.0083555158125346,-1.184307106805226e-18,0.18140286914376694,-0.0058611211238714595,0.9999995173090397,-0.0009825383900485284,3.5125771812760723e-19,2.167869495261371e-20
2.7960000000000003,-1.9211202881984225e-18,-1.5226549202565276,1.0083438162379335,-1.1710364451507733e-18,0.18140074283230107,-0.00583845090509522,0.9999997137388748,-0.0007566519469439459,3.2887416458110276e-19,2.2874555854833613e-20
2.798,-1.9234490329702817e-18,-1.5222921282670638,1.0083321619917653,-1.1578901251294462e-18,0.1813897798551993,-0.005815793372012089,0.99999985815814,-0.0005326196583300655,3.1206789930265207e-19,2.474915776180894e-20
2.8000000000000003,-1.9257528304491665e-18,-1.5219293669778247,1.0083205530424646,-1.1460527349257638e-18,0.18137005470735437,-0.005793154702360151,0.9999999518149718,-0.0003104352664222405,3.008217981437901e-19,2.2847915546960785e-20
2.802,-1.9280327483201776e-18,-1.5215666538388732,1.0083089893462485,-1.133902410911755e-18,0.18134164162651223,-0.005770540935891036,0.9999999959416719,-9.009249149652445e-05,2.8415813877234827e-19,2.0267129381344804e-20
2.8040000000000003,-1.930289597746046e-18,-1.5212040061520549,1.0082974708473915,-1.122948054762458e-18,0.18130461459228958,-0.0057479579759488015,0.9999999917547984,0.0001284149676818967,2.7851203216812653e-19,2.0091285939611552e-20
2.806,-1.9325240421449533e-18,-1.5208414410715148,1.0082859974784963,-1.1114613143821972e-18,0.18125904732521267,-0.0057254115910424655,0.9999999404552596,0.0003450934334330207,2.7289304690419114e-19,2.060154812750334e-20
2.8080000000000003,-1.9347366707384205e-18,-1.520478975604217,1.008274569160762,-1.1011679733450976e-18,0.18120501328577684,-0.0057029074164120334,0.9999998432284074,0.000559949248739088,2.618184979596191e-19,1.871003357621003e-20
2.81,-1.936928106473924e-18,-1.520116626610465,1.0082631858042492,-1.0903400847985475e-18,0.18114258567352698,-0.005680450955587979,0.9999997012441312,0.0007729887768243749,2.6173493537756435e-19,1.6487228304906245e-20
2.8120000000000003,-1.93909857554258e-18,-1.5197544108044256,1.0082518473081419,-1.0800577334351701e-18,0.18107183742615832,-0.005658047581943946,0.9999995156569529,0.0009842184007377147,2.726153421374275e-19,1.5306492180514964e-20
2.814,-1.941247191643861e-18,-1.5193923447546522,1.0082405535610057,-1.0683797715760378e-18,0.1809928412186378,-0.005635702540242643,0.9999992876061231,0.0011936445229377398,2.944075746814406e-19,1.5852982309754355e-20
2.816,-1.9433725343827606e-18,-1.5190304448846121,1.0082293044410446,-1.057144078125392e-18,0.18090566946234574,-0.005613420948174727,0.9999990182157166,0.0014012735648808359,2.667398302412346e-19,1.7024906640233996e-20
2.818,-1.9454764929359213e-18,-1.5186687274732138,1.0082180998163528,-1.0469947204947626e-18,0.1808103943042374,-0.005591207797890667,0.9999987085947298,0.0016071119666118028,2.3920374496107503e-19,1.8194491328848676e-20
2.82,-1.9475612345732133e-18,-1.518307208655337,1.008206939545164,-1.0379263024281957e-18,0.18070708762602472,-0.005569067957525348,0.999998359837178,0.0018111661863572139,2.1179972016231651e-19,1.867639661981885e-20
2.822,-1.9496289158132015e-18,-1.5179459044223644,1.0081958234760988,-1.0299334710958932e-18,0.18059582104337762,-0.005547006172715415,0.9999979730221926,0.002013442700121466,1.8452692089039873e-19,1.847182289482359e-20
2.824,-1.95168168252081e-18,-1.5175848306227135,1.0081847514484072,-1.0230109278224395e-18,0.18047666590514502,-0.005525027068109201,0.9999975492141209,0.0022139480012855124,1.5738514107135548e-19,1.7240931262157508e-20
2.826,-1.9537216700137197e-18,-1.5172240029623718,1.0081737232922103,-1.0171534198613937e-18,0.1803496932925953,-0.005503135148869138,0.9999970894626239,0.002412688600208274,1.3037080614456645e-19,1.635596158396024e-20
2.828,-1.955751003131636e-18,-1.5168634370054324,1.0081627388287364,-1.012355721019399e-18,0.18021497401867595,-0.0054813348021665485,0.9999965948027764,0.002609671023830717,1.03485727845339e-19,1.4788901576091996e-20
2.83,-1.957771796295122e-18,-1.5165031481746312,1.0081517978705563,-1.00861263568941e-18,0.18007257862729267,-0.005459630298668755,0.9999960662551666,0.002804901815282589,7.672586634991542e-20,1.3910361925777328e-20
2.832,-1.959786153544167e-18,-1.5161431517518864,1.008140900221815,-1.005918979356791e-18,0.17992257739260697,-0.005438025794018336,0.9999955048259966,0.002998387533491815,5.0092617466473957e-20,1.3034179870699826e-20
2.834,-1.9617961685735514e-18,-1.515783462878838,1.0081300456784594,-1.0042695956478003e-18,0.179765040318353,-0.005416525330304533,0.9999949115071836,0.0031901347527965307,2.35871765023971e-20,1.1475412486896301e-20
2.836,-1.9638039248019712e-18,-1.5154240965573893,1.008119234028465,-1.003659358803055e-18,0.1796000371371728,-0.005395132837526634,0.9999942872764601,0.003380150062559759,-2.794066745100346e-21,1.0263228666952097e-20
2.838,-1.9658114954119597e-18,-1.5150650676502502,1.0081084650520582,-1.0040831643744637e-18,0.1794276373099702,-0.005373852135049295,0.9999936330974766,0.0035684400667867146,-2.9051824945999553e-20,9.396783696807893e-21
2.84,-1.9678209433964257e-18,-1.5147063908814808,1.0080977385219354,-1.005535914126143e-18,0.17924791002528292,-0.0053526869330497015,0.9999929499199026,0.003755011383744729,-5.519723754313767e-20,1.1959170138597428e-20
2.842,-1.9698343214892803e-18,-1.5143480808370375,1.008087054203481,-1.0080124454620098e-18,0.1790609241986731,-0.0053316408339564815,0.9999922386795295,0.003939870645585792,-8.12197519383096e-20,1.520096878411718e-20
2.844,-1.9718535644175128e-18,-1.5139901519653185,1.0080764118549812,-1.0112922571387965e-18,0.1788667484721355,-0.005310717333880318,0.9999915002983727,0.004123024497971697,-9.613197878508963e-20,1.2995884855055175e-20
2.846,-1.9738798433056334e-18,-1.5136326185777123,1.0080658112278347,-1.0150478706594419e-18,0.17866545121352398,-0.005289919824036127,0.9999907356847746,0.0043044795997017864,-1.0547925049584032e-19,1.0818704758924999e-20
2.848,-1.9759139995197063e-18,-1.513275494849146,1.0080552520667616,-1.0191692918983018e-18,0.17845710051599545,-0.005269251592156804,0.9999899457335083,0.004484242622343284,-1.1479826712520796e-19,1.2415076589993249e-20
2.85,-1.9779567628356037e-18,-1.5129187948186362,1.008044734110009,-1.023654681820646e-18,0.17824176419747145,-0.005248715823898375,0.9999891313258802,0.004662320249864215,-1.240651095396461e-19,1.2293923969237595e-20
2.852,-1.9800088593860707e-18,-1.5125625323898388,1.008034257089553,-1.0285022423577419e-18,0.17801950980011724,-0.0052283156042366,0.9999882933298343,0.004838719178268894,-1.3327889791368832e-19,1.0116650234423856e-20
2.854,-1.9820710117573473e-18,-1.5122067213316017,1.0080238207312997,-1.033710224148141e-18,0.17779040458983805,-0.00520805391885483,0.9999874326000555,0.005013446115235981,-1.424545942936317e-19,8.972038907900004e-21
2.856,-1.9841439390397923e-18,-1.5118513752785174,1.0080134247552817,-1.0392768715785271e-18,0.1775545155557925,-0.005187933655523158,0.9999865499780742,0.005186507779759101,-1.5159214685664161e-19,8.858041679177051e-21
2.858,-1.9862283567896226e-18,-1.5114965077314777,1.0080030688758528,-1.0452004058621155e-18,0.17731190940992297,-0.005167957605468777,0.9999856462923703,0.005357910901789999,-1.6068979051055805e-19,9.429145821537592e-21
2.86,-1.9883249769952854e-18,-1.5111421320582277,1.0079927528018797,-1.0514790423430106e-18,0.17706265258650286,-0.005148128464737405,0.9999847223584777,0.005527662221884255,-1.697422775863368e-19,9.656155940687471e-21
2.862,-1.9904345080882563e-18,-1.510788261493922,1.0079824762369312,-1.0581110125029032e-18,0.17680681124170036,-0.005128448835545851,0.999983778979089,0.005695768490849518,-1.7874809886180565e-19,9.19722283670302e-21
2.864,-1.992557654985581e-18,-1.5104349091416818,1.0079722388794639,-1.0650945688517596e-18,0.17654445125315893,-0.0051089212276255735,0.9999828169441601,0.005862236469396267,-1.8771331592807715e-19,9.081120185706405e-21
2.866,-1.9946951191179143e-18,-1.5100820879731511,1.0079620404230065,-1.072427968363083e-18,0.17627563821959394,-0.005089548059557198,0.9999818370310153,0.006027072927791099,-1.966360072995304e-19,8.965185085922261e-21
2.868,-1.9968475984344524e-18,-1.5097298108290564,1.0079518805563408,-1.080109479260964e-18,0.17600043746040575,-0.005070331660095965,0.9999808400044514,0.006190284645512509,-2.0551246993562562e-19,8.164503943221808e-21
2.87,-1.9990157874439858e-18,-1.509378090419765,1.0079417589636792,-1.088137388454779e-18,0.1757189140153087,-0.005051274269488053,0.9999798266168441,0.006351878410909189,-2.1434921325806113e-19,7.70784504698767e-21
2.872,-2.0012003772321237e-18,-1.5090269393258438,1.0079316753248415,-1.096509982619694e-18,0.17543113264397614,-0.005032378040777689,0.999978797608252,0.0065118610208608,-2.231505632797957e-19,8.280101994104441e-21
2.874,-2.0034020554431503e-18,-1.5086763699986219,1.0079216293154272,-1.105225534555818e-18,0.1751371578257011,-0.005013645041105069,0.9999777537065222,0.0066702392804412446,-2.3191213539604234e-19,9.193926936618553e-21
2.876,-2.0056215062617435e-18,-1.50832639476075,1.007911620606986,-1.1142823136981299e-18,0.17483705375907282,-0.004995077252994996,0.9999766956273954,0.006827020002584399,-2.406318370289166e-19,1.0105036825570313e-20
2.878,-2.007859410422756e-18,-1.5079770258067622,1.0079016488671868,-1.123678605341359e-18,0.17453088436166853,-0.00497667657563621,0.9999756240746112,0.006982210007752324,-2.493031281932007e-19,9.986686941753724e-21
2.88,-2.0101164452572774e-18,-1.5076282752036392,1.0078917137599817,-1.1334127182639565e-18,0.1742187132697607,-0.004958444826151388,0.9999745397400127,0.007135816123605929,-2.579333417155505e-19,9.868457572789337e-21
2.882,-2.0123932847273815e-18,-1.5072801548913703,1.0078818149457696,-1.1434829732487546e-18,0.17390060383803957,-0.004940383740857762,0.9999734433036531,0.007287845184678087,-2.6652022658586514e-19,9.407688500807913e-21
2.884,-2.0146905994500605e-18,-1.5069326766835178,1.0078719520815569,-1.1538877064499252e-18,0.17357661913935057,-0.004922494976518294,0.9999723354338994,0.007438304032049189,-2.750665786529174e-19,8.947429967625462e-21
2.886,-2.017009056725947e-18,-1.5065858522677797,1.0078621248211144,-1.1646252606135975e-18,0.1732468219644468,-0.00490478011158344,0.9999712167875382,0.007587199513025131,-2.8357753499041e-19,9.173384773132222e-21
2.888,-2.0193493205335103e-18,-1.5062396932065552,1.0078523328151336,-1.1756939722191484e-18,0.1729112748217562,-0.004887240647423437,0.9999700880098809,0.007734538480817734,-2.9205057411178594e-19,9.741268461537357e-21
2.89,-2.0217120515250013e-18,-1.5058942109375089,1.0078425757113791,-1.187092181546669e-18,0.1725700399371635,-0.004869878009551051,0.9999689497348683,0.007880327794227565,-3.004754836155485e-19,9.279657242992368e-21
2.892,-2.024097907059222e-18,-1.5055494167741363,1.0078328531548393,-1.1988182567699753e-18,0.17222317925380648,-0.00485269354883484,0.999967802585176,0.008024574317329183,-3.088580183239319e-19,8.475878726762244e-21
2.894,-2.0265075412488956e-18,-1.50520532190633,1.0078231647878744,-1.2108705761565677e-18,0.17187075443188676,-0.004835688542702804,0.999966647172319,0.008167284919158765,-3.1720632092466516e-19,8.35828449460387e-21
2.896,-2.028941604956335e-18,-1.5048619374009446,1.0078135102503623,-1.2232475158741248e-18,0.1715128268484947,-0.004818864196336526,0.9999654840967563,0.008308466473404138,-3.2551786716200656e-19,8.582996494785468e-21
2.898,-2.03140074580085e-18,-1.5045192742023643,1.0078038891798415,-1.2359474557844197e-18,0.17114945759744846,-0.0048022216438556595,0.9999643139479957,0.008448125858097186,-3.3378150495779125e-19,7.779409923112263e-21
2.9,-2.033885608182457e-18,-1.5041773431330687,1.0077943012116526,-1.2489687998341739e-18,0.17078070748914703,-0.004785761949492829,0.999963137304698,0.008586269955308631,-3.4200046979645736e-19,6.291791272385398e-21
2.902,-2.0363969410014216e-18,-1.5038361548942005,1.007784745979076,-1.262525308627741e-18,0.170406637050437,-0.004769486108758891,0.999961954734782,0.008722905650845178,-3.6116316252976564e-19,6.769202673168519e-21
2.904,-2.0389359203523168e-18,-1.503495720066132,1.0077752231134698,-1.2761841448014164e-18,0.17002730652449302,-0.0047533950495985125,0.9999607667955277,0.008858039833949016,-3.254386864652965e-19,9.436826937324877e-21
2.906,-2.041500129055854e-18,-1.503156049109033,1.0077657322444018,-1.288007075784033e-18,0.16964277587071191,-0.004737489633536135,0.9999595740336812,0.00899167939699967,-3.337399389246907e-19,9.994312247102302e-21
2.908,-2.0440897813112222e-18,-1.5028171523634384,1.0077562729997827,-1.301663329493999e-18,0.1692531047646201,-0.00472177065681223,0.9999583769855578,0.009123831235218191,-3.3649808540231874e-19,8.201025185399324e-21
2.91,-2.046705341108272e-18,-1.5024790400508161,1.0077468450059945,-1.3139145372411444e-18,0.16885835259779436,-0.004706238851509872,0.9999571761771459,0.00925450224637367,-3.337706635419941e-19,7.48961481901186e-21
2.912,-2.0493466612447236e-18,-1.5021417222741347,1.007737447888019,-1.3272443103604133e-18,0.16845857847779563,-0.004690894886671633,0.9999559721242103,0.009383699330492073,-3.2009134008744277e-19,6.879702291929577e-21
2.914,-2.052012411396989e-18,-1.5018052090184315,1.0077280812695613,-1.3384166731980043e-18,0.16805384122811604,-0.004675739369406757,0.9999547653323957,0.009511429389567411,-3.009787614251014e-19,5.979477917655012e-21
2.916,-2.0547013730610502e-18,-1.5014695101513813,1.0077187447731735,-1.350456251541709e-18,0.16764419938813865,-0.004660772845988616,0.9999535562973294,0.009637699327275184,-2.874003208459308e-19,3.658934564739221e-21
2.918,-2.057412261300297e-18,-1.5011346354238642,1.007709438020375,-1.3604513451098279e-18,0.16722971121311003,-0.004645995802942475,0.9999523455047238,0.009762516048688137,-2.683884098796398e-19,-3.1674168087306604e-22
2.92,-2.060143760872227e-18,-1.5008005944705338,1.0077001606317713,-1.3709964049376819e-18,0.16681043467412546,-0.00463140866812354,0.999951133430479,0.009885886459994301,-2.4402162033598614e-19,-4.611280083207654e-22
2.922,-2.0628939538289695e-18,-1.5004673968103859,1.0076909122271691,-1.3790736235344446e-18,0.16638642745812662,-0.004617011811785278,0.999949920540785,0.010007817468217314,-2.2526313274904395e-19,1.738420494256887e-21
2.924,-2.065661181677669e-18,-1.500135051847326,1.0076816924256922,-1.3880318720244682e-18,0.16595774696791168,-0.004602805547638037,0.9999487072922238,0.010128315980939006,-2.0659987378714861e-19,4.617346763782144e-21
2.926,-2.0684440803631234e-18,-1.4998035688707387,1.0076725008458918,-1.3947450328365996e-18,0.16552445032215762,-0.00458879013389793,0.9999474941318709,0.010247388906024252,-1.8802799433977722e-19,7.831821032446765e-21
2.928,-2.07124107763434e-18,-1.4994729570560552,1.0076633371058579,-1.4021310290897866e-18,0.16508659435545472,-0.004574965774326012,0.9999462814973963,0.01036504315134807,-1.69529553272586e-19,9.666630687261378e-21
2.93,-2.0740509671309803e-18,-1.4991432254653214,1.007654200823326,-1.4076017738970988e-18,0.16464423561835298,-0.004561332619257785,0.9999450698171657,0.010481285624524972,-1.565502312685413e-19,9.041385765064318e-21
2.932,-2.0768725837189356e-18,-1.4988143830477663,1.0076450916157838,-1.413858610953862e-18,0.16419743037742052,-0.004547890766622952,0.9999438595103417,0.010596123232640536,-1.3816332471027198e-19,8.474856259332103e-21
2.934,-2.0797045171818654e-18,-1.4984864386403693,1.0076360091005743,-1.4179909926570944e-18,0.1637462346153136,-0.0045346402629555214,0.9999426509869834,0.010709562881985227,-1.253712454914553e-19,1.0249453773688439e-20
2.936,-2.082545830670851e-18,-1.498159400968429,1.0076269528949984,-1.4232390302773144e-18,0.1632907040308584,-0.004521581104394206,0.9999414446481469,0.010821611477790405,-1.1811426751835052e-19,1.1275384814077603e-20
2.938,-2.0853959153531126e-18,-1.4978332786461293,1.007617922616414,-1.4269060436000971e-18,0.1628308940391443,-0.004508713237673146,0.9999402408859849,0.010932275923966572,-1.16368613335179e-19,1.0525885691519844e-20
2.94,-2.088254811995037e-18,-1.4975080801771081,1.007608917882334,-1.4320151596754795e-18,0.1623668597716284,-0.0044960365611029915,0.999939040083846,0.011041563122843798,-1.20109776765966e-19,9.374191330092056e-21
2.942,-2.0911224545109316e-18,-1.4971838139550238,1.0075999383105223,-1.4355441474231627e-18,0.16189865607625153,-0.00448355092554231,0.9999378426163739,0.011149479974914354,-1.1834387371540912e-19,7.600847345869301e-21
2.944,-2.0939986321954556e-18,-1.496860488264122,1.007590983519088,-1.44072972833379e-18,0.16142633751756527,-0.004471256135359368,0.9999366488496056,0.011256033378577512,-1.220899522546316e-19,8.854307426008347e-21
2.946,-2.0968838515292757e-18,-1.496538111279803,1.0075820531265764,-1.4444421339964362e-18,0.16094995837687004,-0.004459151949384305,0.9999354591410702,0.011361230229886533,-1.14853547177184e-19,1.0229407066564775e-20
2.948,-2.0997775411956758e-18,-1.4962166910691874,1.0075731467520608,-1.4491642312750503e-18,0.1604695726523641,-0.004447238081851694,0.9999342738398859,0.011465077422297815,-1.0211207281021755e-19,8.922395783313449e-21
2.95,-2.1026786643140155e-18,-1.495896235591682,1.007564264015229,-1.4518759848034087e-18,0.15998523405930345,-0.004435514203333512,0.9999330932868586,0.011567581846422197,-8.394137253436303e-20,6.996005755325168e-21
2.952,-2.105585937535673e-18,-1.4955767526995465,1.0075554045364705,-1.4552789313461383e-18,0.15949699603017223,-0.004423979941662537,0.9999319178145781,0.01166875038977841,-6.586770674864428e-20,7.1295721171827e-21
2.954,-2.1084977964930258e-18,-1.495258250138458,1.0075465679369617,-1.4564622822163323e-18,0.15900491171486378,-0.0044126348828462236,0.999930747747515,0.011768589936548671,-4.7887730758232464e-20,7.946713994869885e-21
2.956,-2.111412827306162e-18,-1.4949407355480757,1.0075377538387478,-1.4584513426466761e-18,0.15850903398087224,-0.004401478571971025,0.9999295834021169,0.011867107367336413,-3.0004850410235915e-20,9.788469012858872e-21
2.958,-2.1143296947557466e-18,-1.494624216462607,1.0075289618648235,-1.4583352760598992e-18,0.15800941541349442,-0.0043905105140972225,0.9999284250869045,0.011964309558926117,-1.762312733596183e-20,7.10653550938329e-21
2.96,-2.117247284943455e-18,-1.49430870031137,1.0075201916392131,-1.4592463250662793e-18,0.15750610831604178,-0.00437973017514428,0.9999272731025665,0.01206020338404528,-5.322000199015821e-21,5.115698942778154e-21
2.962,-2.120164848661527e-18,-1.4939941944193582,1.0075114427870473,-1.4582733063080285e-18,0.1569991647100628,-0.004369136982766722,0.9999261277420547,0.012154795711128479,1.418041333564936e-21,4.775880277051181e-21
2.964,-2.1230816055076686e-18,-1.4936807060078037,1.0075027149346387,-1.458547315603493e-18,0.1564886363355751,-0.004358730327220596,0.9999249892906786,0.012248093404083522,2.6520181080867642e-21,3.684759329223393e-21
2.966,-2.125997746457194e-18,-1.4933682421947396,1.0074940077095567,-1.4575855083300784e-18,0.15597457465130757,-0.004348509562220536,0.9999238580261998,0.012340103322059707,-1.6220312328899226e-21,6.298353989391299e-21
2.968,-2.1289132818689224e-18,-1.493056809995563,1.0074853207406984,-1.4579776088703296e-18,0.15545703083495233,-0.004338474005787412,0.9999227342189246,0.012430832319218136,-3.977249875076835e-22,8.288107143354634e-21
2.97,-2.1318282931509078e-18,-1.492746416323596,1.0074766536583601,-1.4570254475432808e-18,0.15493605578342626,-0.004328622941086666,0.9999216181317984,0.012520287244504115,-1.0105016107035633e-20,8.081965057347256e-21
2.972,-2.1347432196133703e-18,-1.4924370679906476,1.0074680060943058,-1.4578565190845978e-18,0.15441170011314223,-0.0043189556172573175,0.9999205100204969,0.01260847494142161,-1.427538877217319e-20,8.288030402274926e-21
2.974,-2.1376585323296157e-18,-1.4921287717075742,1.0074593776818346,-1.4573398085986268e-18,0.1538840141602896,-0.004309471250231669,0.9999194101335195,0.012695402247809759,-7.422961064772884e-21,5.5482614295392955e-21
2.976,-2.140573660395417e-18,-1.49182153408484,1.0074507680558462,-1.457636375267713e-18,0.15335304798112434,-0.004300169023545768,0.9999183187122802,0.012781075995621418,1.5834172657529876e-20,1.6527101557246607e-21
2.978,-2.1434869250710858e-18,-1.491515361633076,1.007442176852905,-1.4554052965772259e-18,0.15281885135226814,-0.004291048089140624,0.9999172359911999,0.01286550301070376,4.445822044263224e-20,-7.93527816172287e-22
2.98,-2.146396260961714e-18,-1.4912102607636397,1.007433603711302,-1.4539955453901259e-18,0.15228147377101686,-0.004282107568154212,0.9999161621977953,0.012948690112580877,2.907156953326179e-20,-2.428149415591301e-21
2.982,-2.1493027338388955e-18,-1.4909062377891726,1.007425048271117,-1.4525417206030678e-18,0.15174096445565796,-0.004273346551704385,0.999915097552771,0.013030644114238427,8.25770995127847e-21,-1.7307885932549567e-21
2.984,-2.1522079421582316e-18,-1.4906032989241589,1.0074165101742756,-1.4528738715853155e-18,0.15119737234579678,-0.004264764101662573,0.9999140422701078,0.01311137182191026,-2.3394874633372674e-20,-3.233105898792181e-21
2.986,-2.1551139783759324e-18,-1.4903014502854814,1.0074079890646093,-1.4530456970285627e-18,0.1506507461026918,-0.004256359251418453,0.999912996557153,0.013190880034867078,-6.757606794067174e-23,-4.6973281513897204e-21
2.988,-2.158019480105635e-18,-1.4900006978929792,1.00739948458791,-1.4523041417353502e-18,0.15010113410959858,-0.004248131006635519,0.9999119606147082,0.013269175545207061,2.313045693186182e-20,-3.760216892725981e-21
2.99,-2.1609225889703545e-18,-1.4897010476700017,1.0073909963919856,-1.4506535492698346e-18,0.14954858447212224,-0.004240078345997674,0.9999109346371181,0.013346265137648486,4.6191478271587086e-20,-7.706484121761266e-22
2.992,-2.1638214913719235e-18,-1.489402505443965,1.007382524126713,-1.4479907467479311e-18,0.14899314501857872,-0.004232200221946799,0.9999099188123576,0.013422155589324322,6.91617663397038e-20,8.406313914558602e-22
2.994,-2.1667142390569398e-18,-1.4891050769469056,1.0073740674440896,-1.4446429892866166e-18,0.14843486330036412,-0.0042244955614114165,0.9999089133221193,0.01349685366957879,8.65907295301276e-20,-3.6702882263926147e-22
2.996,-2.169599609304034e-18,-1.4888087678160336,1.0073656259982842,-1.4406138513442382e-18,0.14787378659233272,-0.004216963266526426,0.9999079183419002,0.01357036613976588,1.0392771113960305e-19,-8.8785005123585e-22
2.998,-2.1724762427397485e-18,-1.4885135835942853,1.007357199445685,-1.4359067163450244e-18,0.14730996189318302,-0.004209602215343981,0.9999069340410874,0.013642699753049813,1.2117319216132063e-19,-7.226304508794442e-22
3.0,-2.1753427867348028e-18,-1.488219529730876,1.0073487874449476,-1.4305249465535154e-18,0.14674343592585198,-0.004202411262535533,0.9999059605830439,0.013713861254207456,1.3834157939348115e-19,-9.004625143254474e-22
3.0020000000000002,-2.178197895369215e-18,-1.4879266115818501,1.0073403896570414,-1.4244718901222658e-18,0.14617425513791737,-0.0041953892400851175,0.9999049981251933,0.013783857379432657,1.5543788246345656e-19,-1.763552968861108e-21
3.004,-2.1810402294106454e-18,-1.487634834410632,1.007332005745294,-1.4177508848081449e-18,0.1456024657020079,-0.00418853495797387,0.9999040468191045,0.013852694856142503,1.7242945296026932e-19,-9.118584720188607e-22
3.0060000000000002,-2.1838683845951858e-18,-1.4873442033885758,1.0073236353754336,-1.4102577627091957e-18,0.14502811351622144,-0.004181847204855878,0.9999031068105755,0.0139203804027855,1.9478130357529802e-19,2.0689729905518325e-21
3.008,-2.1866806772312922e-18,-1.4870547235955127,1.0073152782156327,-1.4018890280989075e-18,0.14445124420455074,-0.004175324748725314,0.9999021782397165,0.01398692072865166,2.170416885413546e-19,4.0151232940932936e-21
3.0100000000000002,-2.189475360418444e-18,-1.4867664000203005,1.0073069339365477,-1.3926490020027967e-18,0.14387190311731704,-0.004168966337575042,0.9999012612410331,0.014052322533684467,2.391823732630381e-19,6.983615821516398e-21
3.012,-2.1922505882319026e-18,-1.4864792375613693,1.0072986022113581,-1.3825419802925467e-18,0.14329013533161108,-0.004162770700046592,0.999900355943508,0.014116592508294766,2.612423936389078e-19,8.231839409587013e-21
3.0140000000000002,-2.195004917929597e-18,-1.486193241027268,1.0072902827158052,-1.3716797285000402e-18,0.14270598565174175,-0.004156736546071632,0.9998994624706833,0.014179737333176495,2.77786604089732e-19,5.2886899431979495e-21
3.016,-2.1977368784482144e-18,-1.485908415137209,1.0072819751282285,-1.3600656772353578e-18,0.14211949860969195,-0.00415086256750495,0.9998985809407408,0.014241763679124315,2.9970020443914554e-19,4.82754520162233e-21
3.0180000000000002,-2.2004446107963054e-18,-1.485624764521613,1.0072736791296013,-1.3474881180714293e-18,0.14153071846558188,-0.004145147438749048,0.9998977114665831,0.014302678206853096,3.2696274827117426e-19,6.501698140853809e-21
3.02,-2.203126120975534e-18,-1.4853422937226515,1.007265394403565,-1.333844354044396e-18,0.14093968920813946,-0.004139589817370288,0.9998968541559135,0.014362487566819255,3.540961334875281e-19,8.171273817749924e-21
3.0220000000000002,-2.205779281857536e-18,-1.48506100719479,1.0072571206364622,-1.319139661625961e-18,0.1403464545551779,-0.004134188344706735,0.9998960091113148,0.014421198399043936,3.810961185976372e-19,1.0178123021765993e-20
3.024,-2.2084019768402193e-18,-1.4847809093053288,1.0072488575173684,-1.3033792920990133e-18,0.1397510579540804,-0.004128941646467706,0.9998951764303289,0.014478817332938047,4.079780722266757e-19,1.1494405066255494e-20
3.0260000000000002,-2.2109920998027452e-18,-1.484502004334943,1.0072406047381228,-1.2865684753055607e-18,0.13915354258229154,-0.004123848333325083,0.9998943562055344,0.014535350987129101,4.347376176897762e-19,1.2464000913920551e-20
3.028,-2.2135475550634134e-18,-1.4842242964782228,1.007232361993358,-1.2687124219054427e-18,0.1385539513478157,-0.0041189070014964095,0.9998935485246245,0.014590805969289902,4.613802178627884e-19,1.2745942270661809e-20
3.0300000000000002,-2.216066257343193e-18,-1.4839477898442113,1.007224128980528,-1.2498163217649977e-18,0.1379523268897223,-0.004114116233319836,0.9998927534704841,0.014645188875969016,4.878965190876357e-19,1.3026321879910491e-20
3.032,-2.218546131718691e-18,-1.4836724884569417,1.0072159053999352,-1.2298853417630538e-18,0.13734871157865755,-0.004109474597821028,0.999891971121266,0.014698506292423082,5.143021138845157e-19,1.2277698598859836e-20
3.0340000000000003,-2.2209851135811318e-18,-1.483398396255974,1.0072076909547574,-1.2089246285692756e-18,0.13674314751736286,-0.0041049806512719385,0.9998912015504672,0.01475076479245088,5.46029236799578e-19,1.4008553499523543e-20
3.036,-2.2233810411976503e-18,-1.4831255170969304,1.0071994853510713,-1.187155068355524e-18,0.13613567654119987,-0.004100632937741654,0.9998904448270035,0.014801970938229214,5.337321916050676e-19,1.543016017653447e-20
3.0380000000000003,-2.2257345987056762e-18,-1.4828538547520294,1.007191288297878,-1.1664106257298564e-18,0.13552634021868173,-0.004096429989639255,0.9998897010152852,0.014852131280150567,5.215238319017542e-19,1.479357827162816e-20
3.04,-2.2280465387447004e-18,-1.4825834129106181,1.0071830995071243,-1.1457165235538775e-18,0.13491517985201087,-0.004092370328248791,0.9998889701752901,0.014901252356662512,4.983867936178821e-19,1.639593050644464e-20
3.0420000000000003,-2.2303189354540876e-18,-1.482314195179706,1.0071749186937253,-1.126902455654637e-18,0.13430223647762288,-0.00408845246425642,0.9998882523626381,0.01494934069410891,4.699082129437975e-19,1.5858322785272917e-20
3.044,-2.2325536029075687e-18,-1.4820462050844945,1.0071667455755853,-1.1074840988494963e-18,0.1336875508667367,-0.004084674898269738,0.9998875476286633,0.014996402806572828,5.128709497354206e-19,1.3648337357166164e-20
3.0460000000000003,-2.2347477184211217e-18,-1.4817794460689073,1.0071585798736162,-1.0867105390529877e-18,0.13307116352591083,-0.004081036121329387,0.9998868560204865,0.015042445195721248,5.117410582437023e-19,1.3868578266504705e-20
3.048,-2.2369012695476487e-18,-1.4815139214961195,1.0071504213117577,-1.0669553834352346e-18,0.13245311469760568,-0.0040775346154129435,0.9998861775810874,0.015087474350651463,4.9966829577330815e-19,1.4609493946799928e-20
3.0500000000000003,-2.2390152114152624e-18,-1.4812496346490844,1.0071422696169936,-1.0471367812641648e-18,0.13183344436075156,-0.004074168853931197,0.9998855123493754,0.015131496747739235,4.8216053648206245e-19,1.595206266832626e-20
3.052,-2.2410908532972393e-18,-1.480986588731061,1.0071341245193695,-1.0285473078609986e-18,0.13121219223132294,-0.004070937302216841,0.9998848603602597,0.01517451885048866,4.702307029320933e-19,1.5662161920667965e-20
3.0540000000000003,-2.2431290683777354e-18,-1.4807247868661382,1.0071259857520074,-1.0096737343096546e-18,0.13058939776291806,-0.004067838418005621,0.9998842216447201,0.015216547109383749,4.638860001049581e-19,1.237420459085364e-20
3.056,-2.2451304741653822e-18,-1.48046423209976,1.0071178530511216,-9.918095722464638e-19,0.12996510014734458,-0.004064870651910005,0.9998835962298759,0.015257587961741707,4.520476117001671e-19,1.1752228321123048e-20
3.0580000000000003,-2.2470959723386076e-18,-1.4802049273992484,1.0071097261560316,-9.737657526878553e-19,0.1293393383152107,-0.004062032447885444,0.9998829841390546,0.015297647831567915,4.40270602329215e-19,1.0790745442406851e-20
3.06,-2.249026603671645e-18,-1.4799468756543241,1.0071016048091752,-9.569423662205197e-19,0.12871215093652175,-0.004059322243689237,0.9998823853918604,0.015336733129412585,4.2853885809219353e-19,1.051759756810274e-20
3.0620000000000003,-2.2509232250463843e-18,-1.4796900796776284,1.0070934887561205,-9.39827267741834e-19,0.12808357642128243,-0.004056738471332118,0.9998818000042411,0.015374850252229108,4.1684453639636623e-19,1.0589134051251241e-20
3.064,-2.252786761380051e-18,-1.479434542205242,1.0070853777455768,-9.238210859588416e-19,0.1274536529201043,-0.004054279557522529,0.9998812279885556,0.015412005583234066,3.9973942389701273e-19,9.549944746069963e-21
3.0660000000000003,-2.2546184199976314e-18,-1.479180265897203,1.0070772715294054,-9.08056648334509e-19,0.1268224183248186,-0.0040519439241037455,0.9998806693536402,0.015448205491768905,3.7172517264111113e-19,1.0058299588076745e-20
3.068,-2.2564205136341698e-18,-1.4789272533380247,1.0070691698626277,-8.942553193985136e-19,0.12618991026909443,-0.004049729988483786,0.9998801241048741,0.015483456333163255,3.438254667384436e-19,1.090921660203886e-20
3.0700000000000003,-2.2581949865703046e-18,-1.4786755070372097,1.0070610725034348,-8.800404487655228e-19,0.12555616612906187,-0.004047636164058281,0.9998795922442449,0.015517764448599914,3.7088792075312384e-19,1.1923495492356686e-20
3.072,-2.259939971339938e-18,-1.4784250294297665,1.0070529792131946,-8.647679933299609e-19,0.12492122302394043,-0.004045660860626251,0.9998790737704125,0.015551136164981444,3.978273768318618e-19,1.2591665299934841e-20
3.074,-2.2616533580224036e-18,-1.4781758228767206,1.0070448897564586,-8.484431974712224e-19,0.12428511781667241,-0.004043802484798942,0.9998785686787738,0.015583577794798418,4.2461785950895624e-19,1.4627265354740154e-20
3.076,-2.2633330471570254e-18,-1.4779278896656278,1.0070368039009676,-8.310712768492609e-19,0.12364788711456119,-0.004042059440401673,0.9998780769615255,0.015615095635999275,4.512813550365775e-19,1.6658223018427598e-20
3.078,-2.2649769496870423e-18,-1.4776812320110844,1.0070287214176579,-8.126574207500053e-19,0.12300956726991444,-0.004040430128868861,0.9998775986077274,0.015645695971861787,4.778452227962082e-19,1.697025607221046e-20
3.08,-2.2665830585823818e-18,-1.4774358520552362,1.007020642080664,-7.933142565147423e-19,0.1223701943806921,-0.004038912949632193,0.9998771336033642,0.01567538507086614,4.933215699563789e-19,1.779484932642119e-20
3.082,-2.268150129290686e-18,-1.4771917518682873,1.007012565667324,-7.736914643624233e-19,0.12172980429115915,-0.00403750630050203,0.9998766819314067,0.015704169186569597,5.032426712028879e-19,1.8531789952926425e-20
3.084,-2.2696773181533023e-18,-1.4769489334490062,1.0070044919581815,-7.533611405371674e-19,0.12108843259254294,-0.004036208578042118,0.9998762435718733,0.015732054557482757,5.240975051192318e-19,1.6697868195888208e-20
3.086,-2.271163034262679e-18,-1.4767073987252315,1.0069964207369877,-7.322193594058996e-19,0.12044611462369527,-0.00403501817793765,0.9998758185018904,0.015759047406947398,5.4485880247854965e-19,1.4525329143088536e-20
3.088,-2.2726056587523732e-18,-1.4764671495543755,1.006988351790703,-7.102701659747318e-19,0.11980288547175884,-0.004033933495356709,0.9998754066957517,0.01578515394301587,5.65527031897156e-19,1.2014586733346572e-20
3.09,-2.2740035808272344e-18,-1.476228187723928,1.0069802849094978,-6.875175866042836e-19,0.11915877997283826,-0.004032952925305147,0.9998750081249779,0.015810380358332092,5.860918361087029e-19,9.851697258367263e-21
3.092,-2.275355197724347e-18,-1.4759905149519568,1.006972219886752,-6.639656271759192e-19,0.11851383271267543,-0.00403207486297506,0.9998746227583746,0.015834732830014055,6.065482688073432e-19,8.379283854719991e-21
3.094,-2.2766589146707863e-18,-1.4757541328876078,1.006964156519055,-6.397258920240195e-19,0.11786807802732918,-0.0040312977040867426,0.9998742505620908,0.015858217519537903,6.213607652561056e-19,1.0935097506365409e-20
3.096,-2.277913610995558e-18,-1.475519043111604,1.006956094606204,-6.148019699082695e-19,0.11722155000385927,-0.004030619845224334,0.9998738914996764,0.01588084057262355,6.471048791063889e-19,1.1261169246926578e-20
3.098,-2.279117562486142e-18,-1.475285247136743,1.0069480339512016,-5.893047222843043e-19,0.1165742824810145,-0.004030039684165101,0.9998735455321385,0.015902608119121815,6.234441834904961e-19,7.377033427017785e-21
3.1,-2.2802722457593567e-18,-1.4750527464083922,1.0069399743602534,-5.654972285838994e-19,0.11592630904992496,-0.0040295556202024985,0.9998732126179979,0.015923526272903103,6.053101241393607e-19,7.016656662049587e-21
3.102,-2.2813791668165764e-18,-1.474821542304984,1.0069319156427645,-5.414343225429284e-19,0.11527766305479839,-0.004029166054462995,0.9998728927133447,0.015943601131747562,5.9822036101054e-19,7.175521480193122e-21
3.104,-2.282438748738647e-18,-1.4745916361385085,1.006923857611336,-5.180862114835319e-19,0.11462837759362046,-0.004028869390216777,0.9998725857718932,0.01596283877723679,5.966221883789905e-19,8.106378773649388e-21
3.106,-2.2834511972259266e-18,-1.4743630291550058,1.0069158000817597,-4.94480120736084e-19,0.11397848551885902,-0.0040286640331823435,0.9998722917450366,0.01598124527464701,5.786535750059473e-19,5.3474411795702945e-21
3.108,-2.2844180432448067e-18,-1.4741357225350558,1.0069077428730135,-4.724473967873061e-19,0.11332801943817221,-0.004028548391825068,0.9998720105819006,0.01599882667284375,5.552642867095004e-19,3.193585034690799e-21
3.11,-2.2853409913561727e-18,-1.473909717394267,1.0068996858072554,-4.505815716348089e-19,0.11267701171512039,-0.004028520877649793,0.9998717422293967,0.016015589004178002,5.374164911801444e-19,3.531172392385851e-21
3.112,-2.286221630782376e-18,-1.473685014783765,1.0068916287098166,-4.3006649721076865e-19,0.11202549446988179,-0.004028579905487476,0.9998714866322752,0.016031538284383848,5.196677091083014e-19,2.155350475560669e-21
3.114,-2.2870609348914504e-18,-1.473461615690677,1.0068835714091955,-4.0928174613397433e-19,0.11137349957997185,-0.004028723893776016,0.999871243733177,0.016046680512477568,5.129024158813748e-19,3.357558184429591e-21
3.116,-2.2878596570114635e-18,-1.4732395210386178,1.0068755137370498,-3.895200860838007e-19,0.11072105868096616,-0.0040289512648352295,0.999871013472685,0.016061021670658197,5.061986814373407e-19,3.52992268917418e-21
3.118,-2.2886185108251242e-18,-1.473018731688172,1.006867455528188,-3.694848922988136e-19,0.11006820316722699,-0.0040292604451360806,0.9998707957893758,0.016074567724209524,4.995891864487712e-19,6.191718351598194e-22
3.12,-2.2893382780911227e-18,-1.4727992484373764,1.006859396620562,-3.50253885128137e-19,0.10941496419263327,-0.00402964986556423,0.9998705906198689,0.016087324621403554,4.985224464685011e-19,-3.223561279487443e-21
3.122,-2.2900188045469153e-18,-1.4725810720221997,1.0068513368552563,-3.3031579275491874e-19,0.1087613726713141,-0.004030117961677922,0.9998703978988777,0.01609929829340538,4.974387709943477e-19,-5.686300361152578e-21
3.124,-2.2906602581758713e-18,-1.4723642031170214,1.0068432760764803,-3.111811088312529e-19,0.10810745927838544,-0.004030663173960321,0.9998702175592579,0.01611049465417952,4.963307467550853e-19,-7.114739022735532e-21
3.126,-2.291262807381992e-18,-1.4721486423351093,1.0068352141315566,-2.912319744840456e-19,0.10745325445069041,-0.004031283948066275,0.9998700495320567,0.016120919600397618,4.952390468212569e-19,-9.225425528648872e-21
3.128,-2.291826189768515e-18,-1.4719343902290951,1.006827150870912,-2.720859992239745e-19,0.10679878838754256,-0.0040319787350636335,0.9998698937465608,0.01613057901134761,4.99645478503951e-19,-1.19275492912578e-20
3.13,-2.292350286191611e-18,-1.4717214472914488,1.0068190861480641,-2.519102750107981e-19,0.10614409105147252,-0.00403274599166915,0.9998697501303435,0.016139478748844253,5.094963835735532e-19,-1.3507185669063374e-20
3.132,-2.2928343334813313e-18,-1.4715098139549516,1.0068110198196127,-2.3200129927875655e-19,0.10548919216897772,-0.004033584180479013,0.9998696186093126,0.01614762465714108,5.247769786319744e-19,-1.4651977751481133e-20
3.134,-2.293277141825496e-18,-1.471299490593167,1.0068029517452257,-2.1074354631410809e-19,0.10483412123127524,-0.004034491770194058,0.9998694991077556,0.016155022562843714,5.344590600144819e-19,-1.3142260795854587e-20
3.136,-2.2936778498955045e-18,-1.4710904775209104,1.0067948817876269,-1.8997315405960517e-19,0.10417890749505763,-0.004035467235839787,0.9998693915483867,0.016161678274824585,5.44082237879251e-19,-1.1636316135034716e-20
3.138,-2.2940359240157147e-18,-1.4708827749947184,1.006786809812584,-1.6796640973127859e-19,0.10352357998325178,-0.004036509058981106,0.9998692958523917,0.01616759758413901,5.591969941764319e-19,-1.3471883750541469e-20
3.14,-2.2943501888164076e-18,-1.4706763832133143,1.006778735688895,-1.4612843149364992e-19,0.10286816748578059,-0.004037615727931991,0.9998692119394722,0.016172786263942626,5.742457143725199e-19,-1.5646706798884087e-20
3.142,-2.2946191519246114e-18,-1.470471302318074,1.006770659288374,-1.227370959686225e-19,0.10221269856032766,-0.0040387857379600755,0.9998691397278907,0.016177250069410197,5.946624249592783e-19,-1.670044320386767e-20
3.144,-2.2948415438463995e-18,-1.4702675323934897,1.0067625804858373,-9.962953502024723e-20,0.10155720153310464,-0.0040400175914861326,0.9998690791345137,0.01618099473765576,5.984999328892886e-19,-1.493517452866771e-20
3.146,-2.295017034229139e-18,-1.4700650734676322,1.0067544991590895,-7.583567649599761e-20,0.10090170449962144,-0.004041309798278664,0.9998690300748551,0.016184025987654112,5.913499333591767e-19,-1.3008627218861831e-20
3.148,-2.2951459759524267e-18,-1.469863925512611,1.0067464151889076,-5.3188352419609906e-20,0.10024623532545901,-0.004042660875643537,0.9998689924631184,0.016186349520163634,5.842540539390897e-19,-1.314227474221565e-20
3.15,-2.295229114924087e-18,-1.4696640884450336,1.0067383284590268,-2.9960962629071487e-20,0.09959082164704493,-0.004044069348608748,0.9998689662122394,0.016187971017650432,5.82673665490099e-19,-1.3184965031839155e-20
3.152,-2.2952664770394625e-18,-1.4694655621264636,1.0067302388561241,-7.339620358281145e-21,0.09893549087243145,-0.004045533750104392,0.9998689512339268,0.01618889614421381,5.92071964297279e-19,-1.2707165232114996e-20
3.154,-2.2952572618942965e-18,-1.469268346363876,1.0067221462698026,1.661600624426188e-20,0.09828027018207616,-0.004047052621137869,0.9998689474387037,0.01618913054551303,6.068909328799187e-19,-1.1114250720842931e-20
3.156,-2.295200493116188e-18,-1.469072440910112,1.0067140505925751,4.02852932924127e-20,0.09762518652962508,-0.004048624510964397,0.9998689547359481,0.016188679848695403,6.161355623797075e-19,-8.24437040462199e-21
3.158,-2.295095235602543e-18,-1.468877845464331,1.0067059517198476,6.506858295469877e-20,0.0969702666426982,-0.004050247977252854,0.9998689730339324,0.016187549662325638,6.253418051702785e-19,-5.72344037396353e-21
3.16,-2.294940845006528e-18,-1.4686845596724634,1.006697849549902,8.934634796809294e-20,0.09631553702367744,-0.004051921586247051,0.9998690022398632,0.01618574557631652,6.29016895103815e-19,-2.954550714778823e-21
3.162,-2.294737146778609e-18,-1.4684925831276587,1.0066897439838791,1.1441188468882974e-19,0.09566102395049692,-0.004053643912922455,0.9998690422599199,0.01618327316186083,6.327002913483019e-19,-2.590876185598237e-21
3.164,-2.2944837895603034e-18,-1.4683019153707348,1.0066816349257612,1.3907687922582372e-19,0.09500675347743547,-0.004055413541138418,0.9998690929992929,0.016180137971364555,6.418461665777725e-19,-2.823687216999007e-21
3.166,-2.2941800658501315e-18,-1.4681125558906238,1.0066735222823535,1.646346125724327e-19,0.09435275143591142,-0.004057229063785981,0.9998691543622215,0.01617634553838137,6.399794150955277e-19,-2.8898594566895444e-21
3.168,-2.2938260246592785e-18,-1.4679245041248172,1.0066654059632663,1.8935837780857406e-19,0.09369904343527956,-0.0040590890829312965,0.9998692262520313,0.016171901377548342,6.435607681579005e-19,-1.840075140880182e-21
3.17,-2.29342157304965e-18,-1.4677377594598093,1.0066572858808964,2.1508078975215962e-19,0.09304565486363023,-0.0040609922099547275,0.9998693085711711,0.01616681098452293,6.4711955701489845e-19,-4.498779039000166e-22
3.172,-2.292966368361236e-18,-1.4675523212315384,1.0066491619504085,2.4018308503156296e-19,0.09239261088859047,-0.004062937065685627,0.9998694012212485,0.01616107983592118,6.561377323377785e-19,1.3685615719019868e-21
3.174,-2.2924596390817444e-18,-1.4673681887258279,1.0066410340897163,2.667127092225744e-19,0.0917399364581272,-0.004064922280532987,0.9998695041030664,0.016154713389257194,6.761100409496287e-19,1.3042786497284527e-21
3.176,-2.291900294567248e-18,-1.4671853611788235,1.0066329022194624,2.925107433521486e-19,0.09108765630135246,-0.0040669464946118,0.999869617116658,0.016147717082883786,6.411357999502022e-19,2.4098244070283902e-21
3.178,-2.29129058575024e-18,-1.4670038377774317,1.0066247662630001,3.1704205619041917e-19,0.09043579492933047,-0.004069008357865402,0.9998697401613211,0.016140096335934394,6.063012516865017e-19,3.514890175799781e-21
3.18,-2.2906332200276154e-18,-1.4668236176597538,1.0066166261463723,3.4009681965511246e-19,0.08978437663588668,-0.004071106530183688,0.9998698731356532,0.016131856548266175,5.715781298206899e-19,6.330906686784729e-21
3.182,-2.289931108369749e-18,-1.4666446999155198,1.0066084817982923,3.6178906665194497e-19,0.08913342549841857,-0.004073239681517328,0.9998700159375845,0.016123003100404317,5.370249349976397e-19,8.799317866228308e-21
3.184,-2.289186969091281e-18,-1.4664670835865212,1.0066003331501232,3.8212551114746167e-19,0.08848296537870837,-0.004075406491988033,0.9998701684644115,0.016113541353487547,5.027293524511738e-19,5.4394540044335556e-21
3.186,-2.2884036147126306e-18,-1.4662907676670405,1.0065921801358577,4.008976254704429e-19,0.08783301992373735,-0.004077605651994872,0.9998703306128297,0.01610347664921482,4.630870294389538e-19,3.713922163302302e-21
3.188,-2.287583916022009e-18,-1.4661157511042802,1.0065840226920975,4.188655293540728e-19,0.08718361256650202,-0.004079835862316757,0.9998705022789659,0.01609281430979318,4.729123750806419e-19,5.529606641109276e-21
3.19,-2.2867272877634265e-18,-1.4659420327987904,1.006575860758032,4.377550641272016e-19,0.0865347665268318,-0.004082095834211103,0.9998706833584102,0.016081559637886846,4.7171981310219305e-19,6.821616372972655e-21
3.192,-2.2858339006806954e-18,-1.465769611604894,1.0065676942754174,4.555167830225776e-19,0.08588650481220843,-0.004084384289508729,0.9998708737462468,0.01606971791656739,4.541147757953026e-19,6.133306647609211e-21
3.194,-2.2849051445027937e-18,-1.4655984863311105,1.006559523188556,4.730170993888526e-19,0.08523885021858686,-0.004086699960705039,0.9998710733370855,0.016057294409265115,4.201586218113371e-19,4.498031701958049e-21
3.196,-2.28394337057381e-18,-1.4654286557405782,1.006551347444274,4.887508015235628e-19,0.08459182533121776,-0.004089041591047531,0.9998712820250913,0.016044294359721597,4.1924925009015936e-19,3.7394171704795656e-21
3.198,-2.282948802537107e-18,-1.4652601185514753,1.0065431669919005,5.05847019774243e-19,0.08394545252547138,-0.004091407934619739,0.9998714997040155,0.016030722991943348,4.18331245982705e-19,2.9826802411914278e-21
3.2,-2.281921376390945e-18,-1.465092873437438,1.0065349817832454,5.215014190478328e-19,0.08329975396766295,-0.004093797756421546,0.9998717262672234,0.016016585510156615,4.2839438693952706e-19,2.404010830167529e-21
3.202,-2.2808608478369914e-18,-1.4649269190279786,1.0065267917725775,5.390568915271341e-19,0.08265475161587946,-0.004096209832446028,0.9998719616077251,0.01600188709876331,4.3292102317655585e-19,3.794894935778781e-21
3.204,-2.2797666512910017e-18,-1.4647622539089005,1.006518596916603,5.550616644049054e-19,0.08201046722080767,-0.004098642949752813,0.9998722056182027,0.015986632922298086,4.3197163615284e-19,3.382557481063845e-21
3.206,-2.278638868573066e-18,-1.4645988766227125,1.0065103971744425,5.727505288835205e-19,0.0813669223265636,-0.004101095906538023,0.999872458191039,0.015970828125386492,4.41975543945412e-19,2.46153937977253e-21
3.208,-2.277476794269086e-18,-1.464436785669041,1.0065021925076088,5.893170719031042e-19,0.08072413827152317,-0.00410356751220085,0.9998727192183451,0.015954477832704272,4.463899459417362e-19,5.223816984215209e-21
3.21,-2.2762800851490372e-18,-1.4642759795050408,1.006493982879985,6.073493371124955e-19,0.08008213618915405,-0.004106056587406794,0.999872988591987,0.01593758714893772,4.398030317677415e-19,8.83295125024301e-21
3.212,-2.2750490810484474e-18,-1.464116456545804,1.0064857682578014,6.23612253956713e-19,0.07944093700884877,-0.00410856196414765,0.9998732662036132,0.01592016115874517,4.3329078483497315e-19,9.69349150526625e-21
3.214,-2.273784299011008e-18,-1.463958215164767,1.0064775486096131,6.411274755105867e-19,0.07880056145675891,-0.004111082485798263,0.9998735519446799,0.01590220492671956,4.2684212787193706e-19,8.495964938160074e-21
3.216,-2.2724862535503943e-18,-1.4638012536941167,1.006469323906277,6.568758784133239e-19,0.07816103005663037,-0.004113617007170078,0.9998738457064779,0.015883723497352058,4.2043502315200884e-19,6.616527626423446e-21
3.218,-2.2711554566656434e-18,-1.4636455704251943,1.0064610941209284,6.739867043701588e-19,0.07752236313063973,-0.00411616439456158,0.9998741473801571,0.015864721894996776,4.1955121876850337e-19,4.143467375320345e-21
3.22,-2.2697918441415055e-18,-1.4634911636088972,1.0064528592289592,6.896556788707432e-19,0.07688458080023161,-0.004118723525805634,0.9998744568567522,0.015845205123836546,4.2410472253424543e-19,4.847084312220675e-21
3.222,-2.26839520793085e-18,-1.46333803145608,1.0064446192079937,7.070102486489471e-19,0.07624770298695703,-0.004121293290313793,0.9998747740272067,0.01582517816784975,4.28614808915602e-19,6.919570287481765e-21
3.224,-2.26696537734731e-18,-1.4631861721379538,1.0064363740378657,7.228141275227239e-19,0.07561174941331264,-0.004123872589117613,0.9998750987823969,0.0158046459907782,4.221905706038878e-19,6.415560176703667e-21
3.226,-2.2655025410053804e-18,-1.4630355837864824,1.0064281237005952,7.399802538715326e-19,0.07497673960358092,-0.004126460334906992,0.9998754310131562,0.015783613536096065,4.212603167421799e-19,6.3410629514759295e-21
3.228,-2.2640070656099244e-18,-1.4628862644947789,1.0064198681803653,7.553815599749067e-19,0.07434269288467119,-0.004129055452065634,0.999875770610298,0.015762085726979826,4.094053182189778e-19,4.724073526881004e-21
3.23,-2.2624797466581113e-18,-1.4627382123174995,1.0064116074634988,7.718240951424576e-19,0.07370962838696142,-0.004131656876703644,0.9998761174646381,0.015740067466279276,4.0309717746593934e-19,1.827726808654272e-21
3.232,-2.2609212328639024e-18,-1.4625914252712349,1.0064033415384341,7.867200712603078e-19,0.07307756504514089,-0.004134263556687289,0.9998764714670182,0.015717563636489514,4.0227409840769686e-19,7.380922811300932e-22
3.234,-2.2593313098125383e-18,-1.4624459013349018,1.0063950703957025,8.033050280966267e-19,0.0724465215990535,-0.004136874451666014,0.9998768325083267,0.01569457909972399,4.1236805493834626e-19,2.2213553488746804e-21
3.236,-2.2577095844826456e-18,-1.4623016384501313,1.0063867940279039,8.181274932022034e-19,0.07181651659454186,-0.0041394885330967275,0.9998772004795213,0.01567111869768852,3.6759497156651324e-19,2.8404756653488637e-21
3.238,-2.2560589296792336e-18,-1.4621586345216557,1.0063785124296833,8.325944789780499e-19,0.07118756838429198,-0.0041421047842653685,0.9998775752716497,0.01564718725165633,3.778723932256217e-19,2.2628404343930916e-21
3.24,-2.2543789414454245e-18,-1.462016887417695,1.0063702255977078,8.47460606325329e-19,0.07055969512867866,-0.0041447222003058795,0.9998779567758703,0.015622789562444082,3.881387676006566e-19,-7.12349423409559e-22
3.242,-2.252668823476272e-18,-1.46187639497034,1.006361933530642,8.6272389863532595e-19,0.06993291479661136,-0.004147339788216568,0.9998783448834735,0.015597930410388886,3.9832459539432424e-19,-1.6253503442051344e-21
3.244,-2.250927783415379e-18,-1.4617371549759337,1.0063536362291245,8.783823827821117e-19,0.06930724516638076,-0.004149956566873885,0.9998787394859002,0.015572614555326289,4.084301004773139e-19,-4.806393761844831e-22
3.246,-2.249155032849647e-18,-1.4615991651954532,1.0063453336957446,8.944340898170235e-19,0.06868270382650572,-0.0041525715670437365,0.9998791404747632,0.015546846736569255,4.1853568395859933e-19,-2.421979067669125e-21
3.248,-2.247349787286437e-18,-1.4614624233548872,1.0063370259350182,9.108770693266392e-19,0.06805930817658079,-0.004155183831390272,0.9998795477418648,0.015520631672888082,4.2860425588048655e-19,-5.044113026265931e-21
3.25,-2.2455113377706446e-18,-1.4613269271456137,1.0063287129533636,9.276019505761292e-19,0.06743707542812413,-0.0041577924144823265,0.999879961179217,0.015493974062491306,4.33124436872229e-19,-5.689353457889477e-21
3.2520000000000002,-2.243639265116424e-18,-1.4611926742247747,1.0063203947590782,9.445000684338744e-19,0.06681602260542585,-0.004160396382797368,0.999880380679059,0.015466878583007538,4.376179482778765e-19,-5.990392096878198e-21
3.254,-2.241733223720531e-18,-1.4610596622156506,1.0063120713623146,9.615705536019981e-19,0.06619616654639672,-0.004162994814723196,0.9998808061338763,0.01543934989146825,4.420954981372882e-19,-6.632877888704881e-21
3.2560000000000002,-2.239792869713506e-18,-1.4609278887080313,1.0063037427750567,9.788125409626023e-19,0.06557752390341726,-0.004165586800557273,0.9998812374364174,0.015411392624291503,4.465359972127357e-19,-6.2463300147866555e-21
3.258,-2.2378178609559964e-18,-1.4607973512585866,1.006295409011096,9.962251653741817e-19,0.06496011114418704,-0.004168171442503818,0.9998816744797121,0.015383011397266614,4.50934241488411e-19,-4.4897538872493954e-21
3.2600000000000002,-2.235807857040163e-18,-1.4606680473912352,1.0062870700860076,1.0138075608275916e-18,0.06434394455257436,-0.004170747854668673,0.9998821171570879,0.015354210805539727,4.553061928872311e-19,-2.394258032058874e-21
3.262,-2.2337625192880068e-18,-1.4605399745975112,1.0062787260171262,1.0315588643936552e-18,0.0637290402294661,-0.00417331516305199,0.9998825653621868,0.015324995423600324,4.596888366533923e-19,-2.3593969555000716e-21
3.2640000000000002,-2.2316815107363207e-18,-1.4604131303369288,1.006270376823523,1.0494782236849176e-18,0.06311541409361776,-0.004175872505538754,0.999883018988982,0.015295369805268631,4.695116422145305e-19,-8.700519289042371e-22
3.266,-2.229564245231002e-18,-1.4602875120373466,1.0062620225259815,1.0678872447983055e-18,0.06250308188250372,-0.004178419031887212,0.9998834779317936,0.015265338483683938,4.792719460244272e-19,1.6443032273504861e-21
3.2680000000000002,-2.2274098174584897e-18,-1.4601631170953286,1.0062536631469736,1.0865684538093042e-18,0.06189205915316763,-0.004180953903715245,0.9998839420853036,0.015234905971293811,4.835719426528171e-19,-3.852027484850949e-22
3.27,-2.225217792085139e-18,-1.4600399428765043,1.0062452987106365,1.1055204960146715e-18,0.06128236128307283,-0.0041834762944847025,0.9998844113445723,0.015204076759844197,4.933103018904469e-19,-1.6412510420091177e-21
3.2720000000000002,-2.2229875931841567e-18,-1.4599179867159273,1.0062369292427482,1.124849280316387e-18,0.060674003470952934,-0.004185985389483739,0.9998848856050522,0.01517285532037042,5.029816967155604e-19,-1.523143238400195e-21
3.274,-2.220718253950543e-18,-1.4597972459184316,1.0062285547707044,1.144552929392657e-18,0.060067000737662406,-0.004188480385807214,0.9998853647626031,0.015141246103189041,5.126280864054457e-19,-2.775918184367036e-21
3.2760000000000002,-2.21840913412174e-18,-1.4596777177589868,1.0062201753234952,1.1646295783963325e-18,0.05946136792702713,-0.004190960492335158,0.9998858487135065,0.0151092535378906,5.22228903781071e-19,-4.026238667729685e-21
3.278,-2.2160594895534057e-18,-1.4595593994830511,1.0062117909316806,1.185077372454626e-18,0.05885711970669498,-0.004193424929709403,0.9998863373544787,0.015076882033333216,5.317791556951322e-19,-4.931483751213704e-21
3.2800000000000002,-2.2136685798046216e-18,-1.4594422883069231,1.006203401627368,1.2058944631313342e-18,0.058254270568986306,-0.004195872930308301,0.9998868305826855,0.015044135977637053,5.412480207774596e-19,-3.435513958334545e-21
3.282,-2.2112356681328373e-18,-1.459326381418091,1.0061950074441883,1.2270789998106962e-18,0.05765283483174437,-0.0041983037382197115,0.9998873282957543,0.01501101973817962,5.451795219722256e-19,-1.3404239502438932e-21
3.2840000000000003,-2.2087603799840594e-18,-1.459211675975581,1.0061866084172724,1.2481990836505363e-18,0.0570528266391856,-0.0042007166092121765,0.9998878303917881,0.014977537661591944,5.436360185353722e-19,-1.0460189402040174e-21
3.286,-2.2062429162116463e-18,-1.4590981691103044,1.006178204583228,1.2692546709576054e-18,0.05645425996274977,-0.004203110810704382,0.9998883367693773,0.014943694073755545,5.421049338506725e-19,-1.0946407304393644e-21
3.2880000000000003,-2.2036834055091792e-18,-1.4589858579254011,1.0061697959801164,1.2902460618269992e-18,0.055857148601949916,-0.004205485621732911,0.9998888473276123,0.014909493279800283,5.405913884664613e-19,-1.8281016141267424e-21
3.29,-2.201081975967954e-18,-1.4588747394965835,1.0061613826474292,1.3111735575408632e-18,0.055261506185222097,-0.004207840332918361,0.9998893619660957,0.014874939564102985,5.390902034476459e-19,-2.90215800421003e-21
3.2920000000000003,-2.1984387550765766e-18,-1.4587648108724773,1.0061529646260652,1.3320374591109684e-18,0.054667346170774886,-0.004210174246429793,0.9998898805849534,0.014840037190286929,5.375656176756317e-19,-1.917641362267418e-21
3.294,-2.195753977330988e-18,-1.4586560690749615,1.0061445419583073,1.3527304574788542e-18,0.05407468184743862,-0.00421248667594764,0.9998904030848468,0.014804790401222121,5.305661227175945e-19,-1.0177576796120286e-21
3.2960000000000003,-2.193028127519784e-18,-1.4585485110995058,1.0061361146877998,1.3730380093474435e-18,0.05348352633551429,-0.004214776946625007,0.9998909293669829,0.014769203419026385,5.181330647037058e-19,-1.228576408959927e-21
3.298,-2.190262153980709e-18,-1.4584421339155071,1.0061276828595251,1.3928545708219275e-18,0.05289389258762218,-0.004217044395047497,0.999891459333126,0.014733280445067241,5.057588918913992e-19,-1.4390554576072046e-21
3.3000000000000003,-2.1874570362834215e-18,-1.4583369344666246,1.0061192465197808,1.4121825521756217e-18,0.052305793389550034,-0.004219288369191503,0.9998919928856075,0.014697025659964585,4.9893557058165105e-19,-2.252863007564822e-21
3.302,-2.1846134623446717e-18,-1.4582329096711115,1.0061108057161576,1.431346974782977e-18,0.05171924136110098,-0.004221508228381073,0.9998925299273363,0.014660443223594158,4.9211726901927765e-19,-3.2311158651648628e-22
3.3040000000000003,-2.181731829464243e-18,-1.4581300564221469,1.006102360497516,1.4502417024589977e-18,0.0511342489569409,-0.004223703343243366,0.9998930703618089,0.014623537275091783,4.853360722768884e-19,1.260688638651882e-21
3.306,-2.178812568128688e-18,-1.4580283715881648,1.0060939109139637,1.4689756393317112e-18,0.05055082846744543,-0.004225873095662654,0.9998936140931186,0.014586311932858392,4.841039966135013e-19,5.225608786448022e-22
3.3080000000000003,-2.1758558553347653e-18,-1.4579278520131822,1.0060854570168343,1.4877649321005762e-18,0.04996899201954646,-0.004228016878733023,0.9998941610259655,0.0145487712945658,4.883699084380472e-19,-8.184501906534548e-22
3.31,-2.1728614013262775e-18,-1.457828494517125,1.006076998858663,1.506716722598594e-18,0.04938875157757815,-0.004230134096709744,0.9998947110656647,0.014510919437163263,4.925857371216783e-19,-1.0048250952452973e-22
3.3120000000000003,-2.1698288819299017e-18,-1.457730295896152,1.0060685364931663,1.5258301882964545e-18,0.04881011894412238,-0.0042322241649593185,0.9998952641181558,0.014472760416884762,4.967815086031276e-19,6.158327876081066e-22
3.314,-2.1667579746163304e-18,-1.4576332529229785,1.006060069975218,1.545104508804359e-18,0.048233105760853705,-0.00423428650990828,0.9998958200900108,0.01443429826925707,5.009622826021912e-19,9.874690946374567e-22
3.3160000000000003,-2.1636483584914896e-18,-1.457537362347196,1.0060515993608288,1.5645388697116802e-18,0.04765772350938366,-0.004236320568990767,0.9998963788884428,0.014395537009108528,5.051281813249773e-19,1.0152450600497244e-21
3.318,-2.1604997142839692e-18,-1.4574426208955926,1.006043124707123,1.584132462594468e-18,0.04708398351210449,-0.004238325790594891,0.999896940421314,0.014356480630578579,5.0927928132223365e-19,7.003828646568724e-22
3.3200000000000003,-2.1573117243330343e-18,-1.4573490252724697,1.006034646072318,1.6038844847626812e-18,0.046511896933032225,-0.004240301634007914,0.9998975045971431,0.01431713310712802,5.134058257792839e-19,7.289479095844264e-22
3.322,-2.1540840725818274e-18,-1.4572565721599586,1.0060261635157006,1.6237941343143374e-18,0.045941474778649134,-0.004242247569360314,0.9998980713251128,0.014277498391549986,5.175029517024323e-19,1.4423463677529252e-21
3.3240000000000003,-2.1508164445770365e-18,-1.4571652582183345,1.0060176770976075,1.6438606101292042e-18,0.04537272789874542,-0.004244163077568722,0.9998986405150773,0.014237580415981646,5.215756884145615e-19,2.496735817912825e-21
3.326,-2.1475085274660552e-18,-1.457075080086329,1.0060091868794023,1.6640831127054772e-18,0.04480566698726025,-0.0042460476502777745,0.9998992120775687,0.014197383091916604,5.256289848129998e-19,3.549087866060448e-21
3.3280000000000003,-2.144160009991579e-18,-1.4569860343814407,1.006000692923455,1.684460847327602e-18,0.044240302583122025,-0.004247900789800918,0.9998997859238044,0.014156910310218018,5.296727370476575e-19,3.913749324436443e-21
3.33,-2.1407705824777854e-18,-1.456898117700245,1.0059921952931203,1.7049930262341286e-18,0.04367664507108789,-0.0042497220090601945,0.999900361965693,0.014116165941132413,5.337069994859397e-19,3.592350910591901e-21
3.332,-2.137339936818035e-18,-1.456811326618701,1.0059836940527163,1.7256788682707034e-18,0.04311470468258246,-0.004251510831525024,0.9999009401158407,0.01407515383430418,5.377221659688098e-19,3.271774213928265e-21
3.334,-2.1338677664632145e-18,-1.4567256576924579,1.0059751892675037,1.746517597619222e-18,0.04255449149653568,-0.004253266791150006,0.9999015202875575,0.01403387781879077,5.417183439115235e-19,2.952830611161723e-21
3.336,-2.1303537664115864e-18,-1.4566411074571584,1.0059666810036652,1.767508441614507e-18,0.041996015440219914,-0.004254989432311808,0.9999021023948624,0.013992341703078568,5.456907977402097e-19,2.9773321037787647e-21
3.338,-2.1267976332047246e-18,-1.456557672428742,1.0059581693282837,1.788650629697648e-18,0.041439286290086114,-0.0042566783097451166,0.9999026863524892,0.013950549275099432,5.496492177928893e-19,2.659209547640495e-21
3.34,-2.1231990649199057e-18,-1.456475349103745,1.005949654309323,1.8099433981290794e-18,0.040884313672599114,-0.004258332988477725,0.9999032720758922,0.01390850430224792,5.536033032355687e-19,1.3148327669799024e-21
3.342,-2.119557761153136e-18,-1.4563941339596005,1.005941136015606,1.8313859911702206e-18,0.04033110706507203,-0.00425995304376473,0.9999038594812504,0.013866210531399149,5.575340426345064e-19,3.1633579613982683e-22
3.344,-2.1158734230076717e-18,-1.456314023454935,1.005932614516796,1.8529776565488507e-18,0.03977967579649967,-0.0042615380610219284,0.9999044484854731,0.013823671688927354,5.614510130570888e-19,-1.0215456131609212e-21
3.346,-2.112145753088145e-18,-1.456235014029865,1.005924089883374,1.8747176441936277e-18,0.039230029048391055,-0.0042630876357583804,0.9999050390062039,0.013780891480725052,5.65306861106875e-19,7.274672890085368e-22
3.348,-2.108374455511743e-18,-1.4561571021062907,1.0059155621866205,1.8966051909347694e-18,0.03868217585560086,-0.004264601373508223,0.9999056309618252,0.013737873592222883,5.69144127538745e-19,2.4723959610988506e-21
3.35,-2.1045592359210263e-18,-1.4560802840881883,1.0059070314985954,1.9186395377470832e-18,0.03813612510715993,-0.004266078889761699,0.9999062242714628,0.013694621688410074,5.729772596370772e-19,3.1841481520744506e-21
3.352,-2.100699801468125e-18,-1.4560045563619015,1.0058984978921173,1.9408199329208846e-18,0.03759188554710471,-0.004267519809895472,0.9999068188549897,0.013651139413855545,5.767780193930755e-19,4.922165756140439e-21
3.354,-2.096795968404152e-18,-1.4559299152964298,1.0058899614407442,1.9630380291855017e-18,0.037049465775305664,-0.004268923769102229,0.9999074146330292,0.013607430392729634,5.805839927174484e-19,4.9429812519226076e-21
3.356,-2.092847303563152e-18,-1.4558563572437166,1.005881422218754,1.98572315188072e-18,0.036508874248294576,-0.0042702904123196,0.9999080115269595,0.01356349822882645,5.952961184239581e-19,6.141370141792795e-21
3.358,-2.0888526959034868e-18,-1.455783878538935,1.0058728803011252,2.0089803895471193e-18,0.03597011928009075,-0.004271619394158452,0.9999086094589162,0.013519346505586838,6.04451530334285e-19,7.60490171878007e-21
3.36,-2.0848113625350046e-18,-1.4557124755007715,1.0058643357635173,2.032376845601866e-18,0.035433209043026125,-0.004272910378830497,0.9999092083517958,0.013474978786121958,6.081185218332053e-19,6.249702850191997e-21
3.362,-2.0807232055641495e-18,-1.4556421444317094,1.0058557886822521,2.055803877905303e-18,0.034898151568569215,-0.004274163040075335,0.9999098081292587,0.013430398613237464,6.062399020431269e-19,8.250218254018952e-21
3.364,-2.076588307823559e-18,-1.455572881618309,1.005847239134294,2.079045940368324e-18,0.03436495474814788,-0.004275377061086894,0.9999104087157317,0.013385609509458277,5.934010906558243e-19,1.0442414267869973e-20
3.366,-2.072407576181375e-18,-1.4555046833314869,1.005838687197232,2.1015664454856275e-18,0.03383362633397094,-0.004276552134439321,0.9999110100364108,0.013340614977053966,5.751776161063022e-19,9.816383323199312e-21
3.368,-2.0681825224492103e-18,-1.4554375458267943,1.0058301329492603,2.1233685954946002e-18,0.033304173939848546,-0.004277687962012313,0.9999116120172635,0.013295418498064695,5.570359720092402e-19,9.534408904680947e-21
3.37,-2.0639145798054048e-18,-1.455371465344692,1.0058215764691605,2.1444559209113875e-18,0.032776605042011325,-0.0042787842549159546,0.999912214585031,0.01325002353432777,5.389986211565551e-19,7.883321234951992e-21
3.372,-2.059605174376319e-18,-1.4553064381108258,1.0058130178362825,2.164939536720293e-18,0.032250926979928304,-0.004279840733415048,0.99991281766723,0.013204433527504748,5.265017805793511e-19,8.365311252653305e-21
3.374,-2.055255151626464e-18,-1.4552424603362981,1.005804457130527,2.1850377616601935e-18,0.031727146957123524,-0.004280857126852969,0.9999134211921547,0.013158651899109128,5.195143683846021e-19,1.1318332069006917e-20
3.376,-2.0508652087379783e-18,-1.4551795282179396,1.0057958944323262,2.204859889644145e-18,0.03120527204199138,-0.0042818331735750914,0.9999140250888787,0.013112682050534594,5.12604920591407e-19,1.0838404389198496e-20
3.378,-2.046435896558693e-18,-1.455117637938579,1.0057873298226276,2.2244072671774857e-18,0.03068530916861064,-0.004282768620851743,0.9999146292872563,0.013066527363083825,5.1121946661961815e-19,9.74660899836361e-21
3.38,-2.0419672971689727e-18,-1.4550567856673102,1.0057787633828748,2.244218875597738e-18,0.030167265137557155,-0.0042836632248007935,0.9999152337179232,0.013020191197997851,5.262914800758578e-19,8.530283162719339e-21
3.382,-2.0374583805422978e-18,-1.4549969675597587,1.0057701951949902,2.2649393145603787e-18,0.029651146616715175,-0.004284516750309844,0.9999158383122987,0.012973676896485974,5.522784580885335e-19,6.774609427714775e-21
3.384,-2.0329073681917412e-18,-1.4549381797583463,1.0057616253413584,2.2858117694664604e-18,0.029136960142087328,-0.00428532897095803,0.9999164430025858,0.012926987779756201,5.123343263478516e-19,6.910135220042128e-21
3.386,-2.0283167562051866e-18,-1.454880418392554,1.0057530539048074,2.304791159268528e-18,0.028624712118603186,-0.0042860996689375016,0.9999170477217725,0.01288012714904625,5.219277640391299e-19,5.970422758107129e-21
3.388,-2.0236863399213063e-18,-1.4548236795791838,1.005744480968593,2.325651635614122e-18,0.02811440882092643,-0.0042868286349745655,0.9999176524036325,0.012833098285655046,5.259805489513767e-19,5.990075810867999e-21
3.39,-2.019015593909238e-18,-1.4547679594226173,1.0057359066163805,2.345156541938463e-18,0.027606056394260586,-0.004287515668250518,0.9999182569827252,0.012785904450974788,5.300054145730001e-19,5.668121481651714e-21
3.392,-2.0143040313193978e-18,-1.4547132540150747,1.0057273309322288,2.3664321404878694e-18,0.02709966085515329,-0.0042881605763221845,0.9999188613943966,0.012738548886523496,5.449889754673543e-19,3.4320012709691084e-21
3.394,-2.0095511680488856e-18,-1.4546595594368712,1.0057187540005734,2.386241656022857e-18,0.026595228092299115,-0.004288763175042205,0.9999194655747788,0.012691034813978094,5.050715051992725e-19,2.216623780414894e-21
3.396,-2.0047590692931898e-18,-1.4546068717566718,1.0057101759062097,2.405991563825507e-18,0.026092763867340895,-0.0042893232884790656,0.9999200694607907,0.012643365435208002,5.256164461064399e-19,3.1412100794639172e-21
3.398,-1.99992666916916e-18,-1.4545551870317444,1.0057015967342768,2.4265423862650255e-18,0.025592273815669545,-0.004289840748836899,0.9999206729901378,0.012595543932309229,5.460638959037705e-19,4.063939486692008e-21
3.4,-1.9950523698309884e-18,-1.4545045013082119,1.0056930165702416,2.4478901428978764e-18,0.025093763447222348,-0.0042903153963750485,0.9999212761013113,0.012547573467638958,5.664186539581757e-19,4.641785412351027e-21
3.402,-1.9901346889681836e-18,-1.4544548106213018,1.0056844354998822,2.469923280346288e-18,0.024597238147279724,-0.0042907470793274675,0.9999218787335887,0.012499457183850635,5.757427357164792e-19,2.6817761399148562e-21
3.404,-1.985172653900334e-18,-1.4544061109955955,1.0056758536092723,2.492100602366524e-18,0.024102703177260425,-0.004291135653821918,0.9999224808270325,0.01245119820392954,5.740543672638434e-19,9.318647240352872e-22
3.406,-1.9801665148701215e-18,-1.4543583984452744,1.0056672709847658,2.5139915163639767e-18,0.023610163675515144,-0.0042914809837990365,0.9999230823224895,0.012402799631228843,5.668750230940644e-19,1.5170447911669032e-21
3.408,-1.975116879419382e-18,-1.4543116689743658,1.0056586877129807,2.535489650889758e-18,0.02311962465811855,-0.004291782940931211,0.9999236831615907,0.012354264549506135,5.542687860206745e-19,3.2001633764303437e-22
3.41,-1.970024890169152e-18,-1.4542659185769862,1.0056501038807844,2.556381573122171e-18,0.0226310910196597,-0.004292041404541374,0.9999242832867498,0.01230559602296044,5.362276142580096e-19,8.650682942384433e-23
3.412,-1.964891828296569e-18,-1.454221143237584,1.0056415195752775,2.576562830654352e-18,0.022144567534030823,-0.004292256261521675,0.9999248826411619,0.012256797096269678,5.182380409114977e-19,2.5952903327743777e-21
3.414,-1.9597191116532644e-18,-1.4541773389311798,1.0056329348837796,2.5960368972897905e-18,0.021660058855214465,-0.00429242740625203,0.9999254811688029,0.012207870794628607,5.003334068317705e-19,5.098771525528252e-21
3.416,-1.9545082587583356e-18,-1.4541345016236056,1.0056243498938142,2.6145920391538018e-18,0.02117756951806896,-0.004292554740518643,0.999926078814428,0.012158820123787212,4.71565738492176e-19,6.092954546070704e-21
3.418,-1.9492615340924313e-18,-1.4540926272717418,1.0056157646930939,2.631909474366421e-18,0.020697103939112237,-0.004292638173432414,0.99992667552357,0.01210964807008955,4.374600298230674e-19,5.3065333214533416e-21
3.42,-1.943981514817351e-18,-1.454051711823754,1.0056071793695058,2.6478877054230066e-18,0.020218666417303924,-0.004292677621347338,0.9999272712425379,0.01206035760051303,4.0349109010617143e-19,6.57887562546061e-21
3.422,-1.9386708727460323e-18,-1.454011751219326,1.005598594011097,2.6625333223532135e-18,0.019742261134825734,-0.00429267300777887,0.9999278659184153,0.012010951662708158,3.6969122215926963e-19,7.163991104569097e-21
3.424,-1.9333319078051054e-18,-1.4539727413898942,1.0055900087060605,2.6763910306140162e-18,0.019267892157860154,-0.004292624263322242,0.9999284594990584,0.011961433185038697,3.854000844644059e-19,8.683812049387273e-21
3.426,-1.9279638232389886e-18,-1.4539346782588773,1.0055814235427212,2.6918317832382264e-18,0.01879556343736735,-0.00429253132557082,0.9999290519330942,0.011911805076622263,4.065246314860281e-19,9.580787770602562e-21
3.428,-1.9225648224773448e-18,-1.453897557741907,1.0055728386095217,2.707235011196628e-18,0.01832527880986034,-0.004292394139034436,0.9999296431699186,0.01186207022737136,4.2759957439882556e-19,8.418807403714064e-21
3.43,-1.917133545542517e-18,-1.453861375747056,1.0055642539950091,2.724322579806412e-18,0.017857041998178395,-0.00429221265505778,0.9999302331596941,0.011812231508034819,4.595521866627205e-19,7.389715712027798e-21
3.432,-1.9116675639736982e-18,-1.4538261281750635,1.005555669787821,2.7415800051503525e-18,0.01739085661225864,-0.00429198683173881,0.9999308218533477,0.01176229177023966,4.474552907487614e-19,9.27136513659472e-21
3.434,-1.906167651761978e-18,-1.453791810919562,1.0055470860766715,2.7582535948344404e-18,0.016926726149905858,-0.004291716633847237,0.9999314092025682,0.01171225384653337,4.2445902966565872e-19,1.033513946286812e-20
3.436,-1.9006354043517782e-18,-1.4537584198672997,1.0055385029503392,2.7737006410012427e-18,0.016464653997560474,-0.004291402032743058,0.9999319951598041,0.011662120550426583,3.906104369276297e-19,9.897584751501815e-21
3.438,-1.895073305757318e-18,-1.4537259508983622,1.0055299204976533,2.788572070203684e-18,0.016004643431064704,-0.004291043006295187,0.9999325796782614,0.011611894676436162,4.171864620246546e-19,1.359138230481483e-20
3.44,-1.8894797766273586e-18,-1.4536943998863936,1.0055213388074808,2.8049151569964935e-18,0.015546697616426854,-0.004290639538800172,0.9999331627119,0.011561579000128675,4.107308106335436e-19,1.7921710250714686e-20
3.442,-1.8838550022335942e-18,-1.4536637626988154,1.0055127579687138,2.8199251230626055e-18,0.015090819610583773,-0.004290191620901024,0.9999337442154317,0.011511176278164276,4.207836077679902e-19,1.9691083366105825e-20
3.444,-1.8781983063170614e-18,-1.4536340351970434,1.0055041780702565,2.8368363665301283e-18,0.01463701236216141,-0.004289699249506175,0.9999343241443172,0.011460689248340946,4.3082025901584394e-19,1.871496355112299e-20
3.446,-1.872508836735703e-18,-1.4536052132367039,1.0054955992010137,2.8527342588371473e-18,0.01418527871223349,-0.004289162427708547,0.9999349024547629,0.011410120629639151,4.462747825259639e-19,1.8146297446701495e-20
3.448,-1.866785459340586e-18,-1.453577292667848,1.0054870214498774,2.870636105726306e-18,0.01373562139507829,-0.004288581164704796,0.9999354791037188,0.011359473122266846,4.561464456449755e-19,1.991497303659694e-20
3.45,-1.861027619436483e-18,-1.4535502693351645,1.0054784449057155,2.8871965432930044e-18,0.013288043038933484,-0.004287955475714669,0.9999360540488741,0.011308749407704871,4.55011723302797e-19,2.2240143823741782e-20
3.452,-1.855235374771863e-18,-1.4535241390781908,1.005469869657359,2.905112713839492e-18,0.01284254616674908,-0.004287285381900586,0.999936627248655,0.011257952148752708,4.429540082386181e-19,2.2380633658062465e-20
3.454,-1.8494094273393235e-18,-1.4534988977315235,1.0054612957935913,2.920612765162791e-18,0.012399133196938384,-0.0042865709102873585,0.9999371986622209,0.0112070839895746,4.1450667407207766e-19,2.2336028187924057e-20
3.456,-1.8435518730018733e-18,-1.4534745411250258,1.0054527234031359,2.9371507936036096e-18,0.011957806444127032,-0.004285812093682105,0.9999377682494613,0.011156147555746034,4.355059425016871e-19,2.4216582084574492e-20
3.458,-1.8376611414500635e-18,-1.4534510650840353,1.0054441525746445,2.9536458652372997e-18,0.01151856811990004,-0.004285008970594402,0.9999383359709927,0.01110514545430057,4.509230827547502e-19,2.6030629824986677e-20
3.46,-1.8317363142845872e-18,-1.4534284654295684,1.0054355833966864,2.971174283627351e-18,0.011081420333546865,-0.004284161585156591,0.9999389017881543,0.011054080273777028,4.498562106291267e-19,2.5602514694105033e-20
3.462,-1.825777446217514e-18,-1.453406737978525,1.0054270159577374,2.987579207309023e-18,0.01064636509280449,-0.004283269987044374,0.9999394656630048,0.011002954584267009,4.323666653155666e-19,2.3281319882212763e-20
3.464,-1.8197857392024827e-18,-1.45338587854389,1.005418450346168,3.0040495574001604e-18,0.010213404304598477,-0.0042823342313975865,0.9999400275583192,0.010951770937462763,4.149511555718469e-19,2.0622568638010118e-20
3.466,-1.813762676710794e-18,-1.4533658829349352,1.0054098866502332,3.0187559017248054e-18,0.00978253977578202,-0.004281354378741269,0.9999405874375846,0.010900531866705396,3.8114908825948847e-19,1.9845953963779973e-20
3.468,-1.8077107391551075e-18,-1.4533467469574177,1.0054013249580618,3.033212589307752e-18,0.009353773213872952,-0.00428033049490691,0.9999411452649963,0.010849239887033398,3.8587936260832923e-19,1.983310292373041e-20
3.47,-1.8016297057951613e-18,-1.4533284664137787,1.0053927653576455,3.0478515599279094e-18,0.008927106227788714,-0.004279262650954056,0.9999417010054543,0.010797897495231502,3.9058724656500926e-19,1.9820633565142174e-20
3.472,-1.7955192129791395e-18,-1.4533110371033389,1.0053842079368287,3.0626718982951973e-18,0.008502540328579267,-0.004278150923092125,0.9999422546245591,0.010746507169879863,3.952653451410843e-19,2.0493421685889795e-20
3.474,-1.7893788988873303e-18,-1.4532944548224946,1.0053756527832984,3.077672690241131e-18,0.008080076930157932,-0.004276995392602507,0.999942806088608,0.010695071371403558,3.999285731389036e-19,2.0480090366512688e-20
3.476,-1.7832084035186616e-18,-1.4532787153649112,1.0053670999845743,3.0928530311781173e-18,0.0076597173500301576,-0.0042757961457609885,0.9999433553645908,0.010643592542122394,4.045770714894726e-19,1.9782267512262123e-20
3.478,-1.7770073686728355e-18,-1.4532638145217138,1.005358549627998,3.1082120243362434e-18,0.007241462810020192,-0.004274553273760458,0.9999439024201857,0.01059207310630103,4.0919995939928283e-19,1.9428690059227133e-20
3.48,-1.770775437939402e-18,-1.45324974808168,1.0053500018007242,3.1237487760565336e-18,0.006825314436995654,-0.004273266872633914,0.9999444472237554,0.010540515470199394,4.1380097907364006e-19,1.9075900734985858e-20
3.482,-1.7645122566921315e-18,-1.4532365118314274,1.005341456589711,3.1394623951962545e-18,0.006411273263589992,-0.004271937043177797,0.9999449897443424,0.010488922022123408,4.1837296176640134e-19,1.94087766958156e-20
3.484,-1.7582174720876417e-18,-1.4532241015556022,1.0053329140817095,3.1553519908590466e-18,0.00599934022892282,-0.004270563890875671,0.9999455299516653,0.010437295132476009,4.2291242944256583e-19,2.07687422031135e-20
3.486,-1.75189073306688e-18,-1.4532125130370652,1.0053243743632563,3.1714166676448126e-18,0.005589516179318116,-0.004269147525822187,0.9999460678161142,0.010385637153808441,4.2741940888218863e-19,2.3152956317274426e-20
3.488,-1.7455316903659158e-18,-1.4532017420570766,1.0053158375206621,3.187655527339141e-18,0.0051818018690202835,-0.004267688062647435,0.9999466033087459,0.010333950420871867,4.3190827720951905e-19,2.5188826509715762e-20
3.49,-1.7391401041065853e-18,-1.45319178439548,1.0053073036400049,3.2038524909340153e-18,0.004776197960908045,-0.004266185620441618,0.9999471364012801,0.010282237250669237,4.2544301886921077e-19,2.4022722234017245e-20
3.492,-1.7327164890288928e-18,-1.4531826358308837,1.0052987728071192,3.2197920589736212e-18,0.004372705027206184,-0.0042646403226801145,0.9999476670660948,0.010230499942507435,4.1900628057241313e-19,2.183154150627201e-20
3.494,-1.7262611075136519e-18,-1.4531742921408415,1.0052902451075891,3.2355832646363442e-18,0.0039713235501951,-0.004263052297148858,0.9999481952762215,0.01017874077804972,4.1806141773330595e-19,2.1756910568026602e-20
3.496,-1.7197741838341779e-18,-1.4531667491020324,1.0052817206267382,3.2513342527012816e-18,0.0035720539229181897,-0.0042614216758701425,0.9999487210053408,0.010126962021368407,4.171245439467635e-19,2.13398953359793e-20
3.498,-1.7132557982387328e-18,-1.4531600024904374,1.0052731994496222,3.2670452111225082e-18,0.003174896449887021,-0.004259748595028759,0.9999492442277778,0.010075165918997842,4.1619914475044383e-19,2.0239474987095446e-20
3.5,-1.7067059230011145e-18,-1.453154048081517,1.0052646816610202,3.2828239242014835e-18,0.0027798513477843103,-0.004258033194898542,0.9999497649184971,0.010023354699987611,4.262290102257312e-19,2.0623201438297358e-20
3.5020000000000002,-1.7001239923296286e-18,-1.4531488816503855,1.005256167345427,3.2992080138875897e-18,0.002386918746164686,-0.0042562756197693135,0.9999502830530986,0.009971530575956032,4.4171343143356355e-19,2.037482058474475e-20
3.504,-1.6935086901132697e-18,-1.4531444989719842,1.0052476565870445,3.3163025849539544e-18,0.001996098688153224,-0.004254476017874206,0.9999507986078128,0.009919695741143878,4.626206123930115e-19,1.8810815511461367e-20
3.5060000000000002,-1.6868585627033036e-18,-1.4531408958212542,1.0052391494697746,3.3336739117486786e-18,0.0016073911311417536,-0.004252634541317398,0.9999513115594952,0.009867852372468355,4.340675713418249e-19,1.8815673053399517e-20
3.508,-1.6801756057418175e-18,-1.453138067973307,1.005230646077211,3.3490612919854868e-18,0.0012207959474829226,-0.0042507513460022725,0.9999518218856226,0.00981600262957733,4.001777130423782e-19,1.77396135775651e-20
3.5100000000000002,-1.6734621640029543e-18,-1.4531360112035943,1.0052221464926316,3.3645183056525507e-18,0.0008363129251820107,-0.0042488265915599744,0.999952329564287,0.0097641486549038,4.2125880894374123e-19,1.7204175797634582e-20
3.512,-1.6667169854795723e-18,-1.4531347212880747,1.005213650798992,3.3807974241584016e-18,0.0004539417685864847,-0.004246860441278404,0.9999528345741923,0.009712292573720582,4.422367320306917e-19,1.7011811967760603e-20
3.5140000000000002,-1.6599384300371867e-18,-1.4531341940033817,1.005205159078917,3.3978945742419973e-18,7.368209907328564e-05,-0.004244853062031615,0.9999533368946478,0.009660436494195252,4.631118884135376e-19,1.716212085998896e-20
3.516,-1.6531248656721987e-18,-1.4531344251269884,1.0051966714146945,3.4158056994279946e-18,-0.00030446654426615876,-0.00424280462420969,0.9999538365055644,0.009608582507445304,4.838847749429214e-19,1.7654296835327867e-20
3.5180000000000002,-1.6462746684771832e-18,-1.4531354104373715,1.005188187888268,3.43452675837841e-18,-0.0006805047039432075,-0.004240715301648993,0.9999543333874489,0.009556732687593533,5.045459022831544e-19,1.9515471837767254e-20
3.52,-1.6393862226184177e-18,-1.4531371457141735,1.0051797085812302,3.4540537189523967e-18,-0.0010544330033915698,-0.004238585271562922,0.9999548275213994,0.009504889091823645,5.250956979451792e-19,2.2742406354717782e-20
3.5220000000000002,-1.6324578127227248e-18,-1.4531396267383643,1.0051712335748157,3.4743825585756854e-18,-0.0014262521462891707,-0.004236414714473092,0.9999553188891002,0.009453053760436073,5.455607224029338e-19,2.4589889331269065e-20
3.524,-1.6254881258652398e-18,-1.4531428492924008,1.0051627629498951,3.495401859973268e-18,-0.0017959629158823228,-0.004234203814140957,0.9999558074728164,0.009401228716904015,5.604787753618178e-19,2.432420219299428e-20
3.5260000000000002,-1.6184758201660689e-18,-1.4531468091603854,1.0051542967869682,3.5170009367433434e-18,-0.002163566174312215,-0.004231952757499904,0.9999562932553894,0.009349415967929667,5.753099788791162e-19,2.5771699401771017e-20
3.528,-1.6114197389698733e-18,-1.4531515021282233,1.0051458351661577,3.539176895675561e-18,-0.0025290628619437233,-0.004229661734587809,0.9999567762202315,0.009297617503500681,5.900802966117428e-19,2.618755811715431e-20
3.5300000000000002,-1.6043187313870763e-18,-1.4531569239837778,1.0051373781672033,3.561819270571234e-18,-0.0028924539966965544,-0.004227330938480046,0.9999572563513209,0.009245835296946805,5.993110855286184e-19,2.518142011083347e-20
3.532,-1.5971722258987924e-18,-1.453163070517025,1.0051289258694553,3.584817977246749e-18,-0.0032537406733787223,-0.004224960565222975,0.9999577336331963,0.009194071304996729,6.085045479299661e-19,2.349223466154688e-20
3.5340000000000003,-1.5899792602994667e-18,-1.4531699375202074,1.0051204783518697,3.608279014142487e-18,-0.0036129240630223746,-0.004222550813767926,0.9999582080509518,0.00914232746783512,6.231240862481455e-19,2.1857611905265225e-20
3.536,-1.582738769445818e-18,-1.4531775207879847,1.005112035693001,3.632306829319038e-18,-0.003970005412221968,-0.0042201018859056244,0.9999586795902321,0.00909060570915985,6.376362837388034e-19,2.2967667873623144e-20
3.5380000000000003,-1.5754496587278733e-18,-1.453185816117585,1.0051035979709977,3.656898427684523e-18,-0.0043249860424748035,-0.004217613986201129,0.9999591482372268,0.009038907936239411,6.520889662745714e-19,2.3047712621751326e-20
3.54,-1.5681108033909266e-18,-1.453194819308954,1.0050951652635964,3.682051000398566e-18,-0.004677867349523926,-0.004215087321929232,0.9999596139786654,0.0089872360399705,6.664762474194128e-19,2.278507982626495e-20
3.5420000000000003,-1.5607210842809543e-18,-1.453204526164902,1.0050867376481165,3.707761755141803e-18,-0.005028650802703394,-0.004212522103010372,0.9999600768018125,0.008935591894935797,6.80795368553258e-19,2.2522826575381088e-20
3.544,-1.553279387814435e-18,-1.4532149324912518,1.0050783152014549,3.734027914182534e-18,-0.005377337944285935,-0.0042099185419470124,0.9999605366944619,0.008883977359461911,6.950497499237361e-19,2.1918307786572837e-20
3.5460000000000003,-1.5457846059469866e-18,-1.4532260340969825,1.005069898000081,3.760846714944842e-18,-0.005723930388832973,-0.004207276853760546,0.9999609936449315,0.008832394275677497,7.092427321543955e-19,2.0629689863306125e-20
3.548,-1.5382356361442324e-18,-1.4532378267943742,1.0050614861200318,3.788215409986859e-18,-0.006068429822547058,-0.004204597255928665,0.9999614476420584,0.008780844469571534,7.233443197952593e-19,2.20850777650836e-20
3.5500000000000003,-1.5306314530140282e-18,-1.4532503063991506,1.0050530796369068,3.81602382312291e-18,-0.006410838002626687,-0.004201879968323275,0.9999618986751931,0.008729329751051776,7.319094207920622e-19,2.3489161575990256e-20
3.552,-1.5229713225338662e-18,-1.4532634687306205,1.0050446786258636,3.8441624935355365e-18,-0.006751156756623526,-0.004199125213148869,0.999962346734195,0.008677851914003361,7.404548511948605e-19,2.2490857523058765e-20
3.5540000000000003,-1.5152545858452044e-18,-1.4532773096118172,1.0050362831616126,3.872629768091254e-18,-0.007089387981802044,-0.004196333214881433,0.9999627918094264,0.008626412736347577,7.489539391350463e-19,2.217969764854768e-20
3.556,-1.507480587386519e-18,-1.4532918248696378,1.0050278933184138,3.901424000469906e-18,-0.007425533644501558,-0.004193504200207849,0.9999632338917472,0.008575013980100762,7.574127631661707e-19,2.1869162791614833e-20
3.5580000000000003,-1.4996486748827795e-18,-1.4533070103349808,1.0050195091700713,3.930543551532135e-18,-0.007759595779500699,-0.004190638397965824,0.9999636729725103,0.008523657391433388,7.658344875365156e-19,2.1216604089461413e-20
3.56,-1.4917581993276634e-18,-1.4533228618428822,1.0050111307899292,3.959986791817141e-18,-0.0080915764893843,-0.004187736039084342,0.9999641090435557,0.008472344700729263,7.74216374188458e-19,2.05654823483316e-20
3.5620000000000003,-1.483808514965111e-18,-1.45333937523265,1.005002758250868,3.989752100170096e-18,-0.008421477943912717,-0.0041847973565245795,0.9999645420972054,0.008421077622644881,7.825586117503049e-19,1.991579522542197e-20
3.564,-1.4757989792736756e-18,-1.453356546347999,1.0049943916253004,4.019837862782506e-18,-0.008749302379393583,-0.0041818225852214026,0.999964972126258,0.008369857856168922,7.908584848227732e-19,1.9610189474136878e-20
3.5660000000000003,-1.4677289529546219e-18,-1.453374371037182,1.0049860309851668,4.0502424712062144e-18,-0.009075052098056001,-0.004178811962025337,0.9999653991239834,0.008318687084681869,7.9911905520686825e-19,1.9305201057114667e-20
3.568,-1.4595977999173266e-18,-1.4533928451531222,1.0049776764019325,4.0809643261158785e-18,-0.009398729467427184,-0.0041757657256451045,0.9999658230841179,0.008267566976015776,8.073491097728606e-19,1.7973287290503054e-20
3.5700000000000003,-1.4514048872570648e-18,-1.4534119645535422,1.0049693279465834,4.112109435108275e-18,-0.009720336919711539,-0.004172684116590634,0.9999662440008582,0.008216499182514145,8.264852252111774e-19,1.9133629143808434e-20
3.572,-1.4431489759063822e-18,-1.4534317251010935,1.0049609856896229,4.143567904743781e-18,-0.010039876951172217,-0.004169567377116611,0.9999666618688569,0.008165485341091946,7.961859638188238e-19,2.0228122234743043e-20
3.5740000000000003,-1.434832239316262e-18,-1.4534521226634838,1.0049526497010677,4.172971561914559e-18,-0.010357352121515102,-0.004166415751166598,0.9999670766832162,0.00811452707329575,7.605552488252027e-19,2.19612968372845e-20
3.576,-1.4264572702420556e-18,-1.4534731531136025,1.0049443200504453,4.201837356154813e-18,-0.010672765053275279,-0.004163229484317611,0.9999674884394835,0.008063625985363974,7.360579321944855e-19,2.3780883648042278e-20
3.5780000000000003,-1.4180262894720066e-18,-1.453494812329647,1.0049359968067904,4.2290916100007896e-18,-0.010986118431205965,-0.004160008823725277,0.9999678971336459,0.008012783668287256,7.171755934805803e-19,2.3584977760118662e-20
3.58,-1.4095406116439685e-18,-1.4535170961952455,1.0049276800386417,4.256463100372765e-18,-0.011297415001669905,-0.0041567540180695115,0.9999683027621245,0.007962001697868929,6.983595611368374e-19,2.304748571418028e-20
3.5820000000000003,-1.401001796650217e-18,-1.4535400005995804,1.0049193698140395,4.28212176442243e-18,-0.011606657572033248,-0.004153465317500687,0.9999687053217694,0.007911281634785612,6.686652325807615e-19,2.2766603781836003e-20
3.584,-1.3924122576497464e-18,-1.453563521437509,1.004911066200522,4.3072597589277255e-18,-0.011913849010061898,-0.004150142973586406,0.9999691048098549,0.007860625024647896,6.336374307253387e-19,2.1416468570084874e-20
3.586,-1.3837745758784047e-18,-1.4535876546096844,1.004902769265123,4.330157940992597e-18,-0.012218992243320351,-0.004146787239258732,0.9999695012240732,0.007810033398061145,5.987411899382513e-19,2.2810513900973217e-20
3.588,-1.3750917146100469e-18,-1.4536123960226737,1.0048944790743688,4.3525478453023814e-18,-0.012522090258573019,-0.004143398368761991,0.9999698945625303,0.007759508270686385,5.639917132880819e-19,2.488713074810187e-20
3.59,-1.366366086662023e-18,-1.4536377415890764,1.0048861956942767,4.3728180156316355e-18,-0.012823146101188032,-0.004139976617601118,0.9999702848237395,0.007709051143301295,5.348922068034744e-19,2.4946027071733092e-20
3.592,-1.3576002359865775e-18,-1.4536636872276412,1.0048779191903512,4.392914935884256e-18,-0.01312216287454355,-0.0041365222424904965,0.9999706720066175,0.0076586635018612865,5.223805533385329e-19,2.4789487580592997e-20
3.594,-1.3487952609855145e-18,-1.4536902288633804,1.0048696496275822,4.412086274542032e-18,-0.013419143739436552,-0.0041330355013033645,0.9999710561104779,0.007608346817560676,5.209086721158507e-19,2.4374185921840687e-20
3.596,-1.339951249852421e-18,-1.4537173624276853,1.004861387070443,4.431843603445433e-18,-0.013714091913494137,-0.004129516653021768,0.9999714371350271,0.007558102546893939,5.139743886088626e-19,2.391789930860092e-20
3.598,-1.3310687550436194e-18,-1.453745083858439,1.0048531315828877,4.45067767732851e-18,-0.01400701067058733,-0.00412596595768698,0.9999718150803584,0.0075079321317170515,5.125476802246829e-19,2.281969106528448e-20
3.6,-1.3221478253454625e-18,-1.4537733891001272,1.0048448832283492,4.470314403977565e-18,-0.014297903340247373,-0.004122383676350534,0.9999721899469468,0.007457836999308908,5.111304516607424e-19,2.1381482999729634e-20
3.602,-1.3131885088816562e-18,-1.4538022741039507,1.0048366420697377,4.488921028408077e-18,-0.014586773307084541,-0.004118770071025746,0.9999725617356443,0.007407818562432823,4.987501333056476e-19,2.0550665243621385e-20
3.604,-1.3041918212009871e-18,-1.4538317348279337,1.004828408169438,4.50768600467743e-18,-0.014873624010209465,-0.004115125404639782,0.9999729304476743,0.0073578782193980926,4.864208773326777e-19,2.074960420834944e-20
3.606,-1.2951587375445594e-18,-1.4538617672370329,1.0048201815893087,4.525424982003653e-18,-0.015158458942656964,-0.004111449940986278,0.9999732960846267,0.007308017354121646,4.7963754667413675e-19,2.0303341392653507e-20
3.608,-1.2860897623131421e-18,-1.4538923673032442,1.0048119623906797,4.543434330420755e-18,-0.015441281650812391,-0.0041077439446784315,0.9999736586484527,0.007258237336189748,4.674065206319007e-19,1.9475553248900862e-20
3.61,-1.2769858990787546e-18,-1.4539235310057095,1.0048037506343508,4.560313278380924e-18,-0.0157220957338405,-0.0041040076811027235,0.9999740181414595,0.007208539520919776,4.6068798154028125e-19,2.0745568235005136e-20
3.612,-1.2678476099081774e-18,-1.453955254330821,1.0047955463805902,4.578111529623872e-18,-0.016000904843116833,-0.0041002414163730724,0.9999743745663054,0.007158925249422055,4.7592838981959e-19,2.2514252388877782e-20
3.614,-1.2586739919814262e-18,-1.4539875332723253,1.0047873496891335,4.595318859219537e-18,-0.016277712681661616,-0.004096445417285601,0.9999747279259948,0.0071093958486617564,4.472646411332647e-19,2.1909494634473883e-20
3.616,-1.2494670862812855e-18,-1.4540203638314269,1.004779160619182,4.611400192649827e-18,-0.016552523003576194,-0.004092619951273898,0.9999750782238731,0.007059952631520845,4.1873927753891487e-19,2.096401501608199e-20
3.618,-1.2402291392450667e-18,-1.4540537420168884,1.0047709792294015,4.626253483153984e-18,-0.016825339613481996,-0.004088765286364788,0.9999754254636212,0.007010596896860086,3.8484247314696185e-19,2.340908816504115e-20
3.62,-1.2309630675065888e-18,-1.454087663845132,1.004762805577921,4.639561809030776e-18,-0.017096166365961996,-0.004084881691134682,0.9999757696492511,0.006961329929581103,3.4016035588428924e-19,2.303124709652182e-20
3.622,-1.2216716668756279e-18,-1.4541221253403387,1.0047546397223321,4.6519781953727226e-18,-0.017365007165004737,-0.004080969434666424,0.9999761107851005,0.006912153000688474,3.6148821849392747e-19,2.002826193933134e-20
3.624,-1.2123538098631124e-18,-1.454157122534546,1.0047464817196878,4.66619694359341e-18,-0.01763186596345086,-0.004077028786506684,0.9999764488758281,0.006863067367351887,3.991613356068569e-19,1.9201754790900694e-20
3.626,-1.2030067608215516e-18,-1.4541926514677457,1.0047383316265013,4.680810406722748e-18,-0.017896746762442184,-0.004073060016623852,0.9999767839264085,0.006814074272968325,3.9280346366595775e-19,1.7048438113862498e-20
3.628,-1.1936307375210137e-18,-1.45422870818798,1.0047301894987455,4.695171402882761e-18,-0.0181596536108733,-0.004069063395366485,0.999977115942127,0.006765174947224294,3.8647832094917005e-19,1.4558091415787988e-20
3.63,-1.1842262436433967e-18,-1.4542652887514356,1.0047220553918526,4.7092811837032956e-18,-0.01842059060484572,-0.004065039193422271,0.999977444928575,0.006716370606158094,3.801834386459434e-19,1.2074165232366891e-20
3.632,-1.1747937803727887e-18,-1.4543023892225386,1.0047139293607128,4.7231409933993365e-18,-0.01867956188712453,-0.004060987681777511,0.9999777708916452,0.006667662452222112,3.739071010250022e-19,1.130950437748046e-20
3.634,-1.1653337388262692e-18,-1.4543400056740468,1.0047058114596743,4.7368596553263875e-18,-0.01893657164659762,-0.0040569091316771146,0.9999780938375264,0.0066190516743451526,3.731407142130773e-19,1.0925159689196312e-20
3.636,-1.1558464000985481e-18,-1.4543781341871411,1.0046977017425422,4.750438370360817e-18,-0.019191624117737408,-0.0040528038145851465,0.9999784137726988,0.006570539447994799,3.669375521745163e-19,8.10786284428533e-21
3.638,-1.146332150473668e-18,-1.4544167708515172,1.0046896002625791,4.763770746770252e-18,-0.019444723580065135,-0.004048672002145866,0.9999787307039292,0.006522126935239796,3.607414763098228e-19,8.724293938992517e-21
3.64,-1.1367914814246126e-18,-1.4544559117654736,1.0046815070725037,4.776857985403298e-18,-0.01969587435761768,-0.004044513966145286,0.9999790446382659,0.006473815284812455,3.5456787496874246e-19,1.0368138046817876e-20
3.642,-1.1272249536827447e-18,-1.4544955530360015,1.004673422224491,4.78959384953459e-18,-0.019945080818416915,-0.004040329978473279,0.9999793555830344,0.006425605632171083,3.429650875281083e-19,1.0259503988502837e-20
3.644,-1.1176334114803112e-18,-1.4545356907788716,1.0046653457701724,4.801872805414633e-18,-0.020192347373941603,-0.004036120311086155,0.9999796635458322,0.006377499099562425,3.3141729043157973e-19,1.0151713988590447e-20
3.646,-1.1080177663881127e-18,-1.4545763211187204,1.004657277760635,4.813697097364002e-18,-0.020437678478601843,-0.004031885235969782,0.9999799685345248,0.006329496796084129,3.199220401957494e-19,1.0387011664712919e-20
3.648,-1.098378925498537e-18,-1.4546174401891359,1.0046492182464226,4.8250689593747484e-18,-0.02068107862921604,-0.004027625025103183,0.9999802705572398,0.00628159981774721,3.084856195267187e-19,9.937023722950954e-21
3.65,-1.0887177914446593e-18,-1.4546590441327414,1.0046411672775344,4.835990615167183e-18,-0.020922552364490414,-0.0040233399504227075,0.9999805696223633,0.006233809247538541,2.9708615847054167e-19,1.2229105854520687e-20
3.652,-1.079035262438951e-18,-1.4547011291012795,1.0046331249034262,4.846464260576645e-18,-0.02116210426450107,-0.004019030283786636,0.9999808657385346,0.0061861261554833355,2.8573394206892145e-19,1.554348080345466e-20
3.654,-1.0693322323196057e-18,-1.4547436912556937,1.0046250911730097,4.8564920772774656e-18,-0.02139973895017859,-0.004014696296940345,0.9999811589146421,0.006138551598707649,2.74448019848087e-19,1.6794236447858405e-20
3.656,-1.0596096981587116e-18,-1.4547867267662096,1.004617066134654,4.8660762476448984e-18,-0.021635461082795154,-0.004010338261481962,0.9999814491598182,0.006091086621500872,2.632302610468647e-19,1.5643607203869224e-20
3.658,-1.0498682582218436e-18,-1.4548302318124156,1.0046090498361846,4.8753263867060354e-18,-0.02186927536345424,-0.00400595644882849,0.9999817364834349,0.006043732255378227,2.5205286430124637e-19,1.449660197857453e-20
3.66,-1.040108973442123e-18,-1.4548742025833414,1.0046010423248846,4.883813927326914e-18,-0.022101186532582816,-0.00400155113018248,0.9999820208950996,0.005996489519143265,2.2996405931711486e-19,1.5343027103013125e-20
3.662,-1.030333688300195e-18,-1.4549186352775367,1.0045930436474948,4.8912198383950166e-18,-0.022331199369426107,-0.0039971225764991675,0.9999823024046499,0.005949359418950352,1.9703554053740078e-19,1.2695454448606885e-20
3.664,-1.0205449918504643e-18,-1.4549635261031482,1.0045850538502146,4.897118579440558e-18,-0.022559318691544875,-0.003992671058454125,0.9999825810221498,0.005902342948367157,1.478071423701952e-19,9.271788328339755e-21
3.666,-1.0107462859137127e-18,-1.455008871277995,1.0045770729787022,4.901625372799419e-18,-0.02278554935431526,-0.003988196846411396,0.9999828567578848,0.005855441088437119,1.481344333627976e-19,9.573909803144607e-21
3.668,-1.000937799280816e-18,-1.455054667029645,1.0045691010780755,4.90679175635924e-18,-0.02300989625043113,-0.003983700210392117,0.9999831296223577,0.005808654807741909,1.4301483608273767e-19,5.731416907143185e-21
3.67,-9.91120188432897e-19,-1.4551009095954879,1.0045611381929125,4.9106781049952275e-18,-0.023232364309408993,-0.003979181420043644,0.9999833996262839,0.0057619850624638785,1.2147554289116625e-19,3.515106670624065e-21
3.672,-9.8129511072819e-19,-1.4551475952228092,1.0045531843672526,4.914259282283927e-18,-0.023452958497095434,-0.003974640744609143,0.9999836667805877,0.005715432796448488,9.453609637060368e-20,4.698903793351079e-21
3.674,-9.714644307147095e-19,-1.4551947201688622,1.004545239644597,4.916245297257003e-18,-0.023671683815177078,-0.003970078452897691,0.9999839310963973,0.0056689989412667145,7.319379517918708e-20,5.9119258867450016e-21
3.676,-9.616301112566156e-19,-1.4552422807009384,1.0045373040679098,4.917827740704501e-18,-0.023888545300693096,-0.003965494813254825,0.9999841925850403,0.00562268441627744,3.551210535771471e-20,8.056750394341737e-21
3.678,-9.517945358441942e-19,-1.4552902730964388,1.0045293776796187,4.917717611248593e-18,-0.02410354802555025,-0.003960890093533615,0.9999844512580406,0.00557649012868982,4.7376493590788483e-20,6.019499531084394e-21
3.68,-9.419573495550046e-19,-1.4553386936429422,1.0045214605216166,4.919474287757583e-18,-0.024316697096040438,-0.003956264561066158,0.999984707127113,0.005530416973625623,5.372844527229287e-20,3.956493446534407e-21
3.682,-9.32117768093561e-19,-1.4553875386382746,1.0045135526352618,4.920076722230028e-18,-0.02452799765236081,-0.003951618482635596,0.9999849602041591,0.005484465834181535,6.003325960901818e-20,4.9821993388498484e-21
3.684,-9.222755116035312e-19,-1.4554368043905757,1.00450565406138,4.92222102011264e-18,-0.02473745486813638,-0.003946952124448568,0.9999852105012638,0.005438637581491447,6.633407151730007e-20,6.005533092704893e-21
3.686,-9.124301573364506e-19,-1.455486487218365,1.0044977648402649,4.923102744073498e-18,-0.024945073949945183,-0.003942265752108171,0.9999854580306907,0.005392933074788699,6.71634172399715e-20,4.2554316569018336e-21
3.688,-9.025815698201594e-19,-1.4555365834506082,1.0044898850116797,4.9254183799506246e-18,-0.025150860136845934,-0.003937559630587337,0.9999857028048782,0.005347353161468294,6.250655732561611e-20,2.4799009403757343e-21
3.69,-8.927300082498238e-19,-1.4555870894267813,1.0044820146148583,4.92614867412973e-18,-0.025354818699908244,-0.003932834024202706,0.9999859448364345,0.005301898677149073,6.333781332921921e-20,3.821863020727409e-21
3.692,-8.828755151137866e-19,-1.4556380014969335,1.0044741536885067,4.9283141379599536e-18,-0.025556954941745324,-0.003928089196588962,0.9999861841381352,0.005256570445735856,6.417798591475759e-20,5.1607006957598806e-21
3.694,-8.730180605331714e-19,-1.4556893160217508,1.004466302270804,4.929110006245567e-18,-0.02575727419604923,-0.0039233254106736,0.9999864207229178,0.00521136927948153,7.049258660223164e-20,4.811820335260005e-21
3.696,-8.631572931124734e-19,-1.4557410293726174,1.004458460399405,4.931662649261504e-18,-0.025955781827128616,-0.003918542928652185,0.9999866546038784,0.0051662959790491104,7.678453012694805e-20,3.0922488403119476e-21
3.698,-8.53292648589033e-19,-1.455793137931676,1.0044506281114396,4.9330586470629835e-18,-0.026152483229449006,-0.003913742011964031,0.9999868857942675,0.005121351333573741,8.305216582635585e-20,3.4870515357201026e-22
3.7,-8.434234217519198e-19,-1.4558456380918883,1.0044428054435166,4.9362088215088405e-18,-0.026347383827175573,-0.003908922921268328,0.9999871143074867,0.005076536120724658,8.927560722329651e-20,-2.046227673038487e-21
3.702,-8.335491617088793e-19,-1.4558985262570934,1.0044349924317242,4.938091661602873e-18,-0.02654048907371844,-0.003904085916420757,0.9999873401570836,0.005031851106767098,9.545056457314406e-20,-6.663327323659045e-22
3.704,-8.236692765914784e-19,-1.455951798842066,1.0044271891116312,4.941941298198349e-18,-0.026731804451280483,-0.0038992312564504936,0.999987563356749,0.004987297046624155,1.1804180597893465e-19,1.1356337181340298e-21
3.706,-8.137825676213133e-19,-1.4560054522725743,1.0044193955182896,4.944412868508141e-18,-0.02692133547040763,-0.003894359199537684,0.9999877839203128,0.004942874683938588,8.025796058811539e-20,-1.084387954132902e-22
3.708,-8.038914270029729e-19,-1.4560594829854345,1.0044116116862358,4.9468045034140874e-18,-0.027109087669541697,-0.0038894700029913614,0.99998800186174,0.004898584751134568,9.199595729981286e-20,-1.1052240215132887e-21
3.71,-7.939951513928338e-19,-1.4561138874285682,1.0044038376494924,4.949547497758285e-18,-0.027295066614575682,-0.0038845639232277765,0.9999882171951269,0.0048544279694793715,9.819256698672741e-20,-1.4409208699302535e-21
3.712,-7.840931119649159e-19,-1.4561686620610552,1.00439607344157,4.952532177957614e-18,-0.02747927789841159,-0.003879641215749172,0.9999884299346979,0.004810405049145012,1.0434007097911044e-19,-4.0614231986899147e-22
3.714,-7.741848626709117e-19,-1.4562238033531882,1.0043883190954697,4.955757172085944e-18,-0.027661727140520755,-0.0038747021351229686,0.9999886400948013,0.00476651668926981,1.104600141521661e-19,2.8264015182105094e-22
3.716,-7.64269924079008e-19,-1.4562793077865248,1.0043805746436836,4.959221285209092e-18,-0.027842419986506616,-0.003869746934961427,0.9999888476899056,0.004722763578019899,1.165508793154132e-19,9.697170491196096e-22
3.718,-7.543478191409678e-19,-1.4563351718539395,1.0043728401181982,4.962923329067759e-18,-0.028021362107670044,-0.003864775867901657,0.9999890527345964,0.004679146392650673,1.2261607116885352e-19,9.697780013276875e-22
3.72,-7.444180731753013e-19,-1.456391392059675,1.0043651155504951,4.966862124384124e-18,-0.0281985592005771,-0.0038597891855860983,0.9999892552435721,0.004635665799568153,1.2865411594010249e-19,6.271098023581294e-22
3.722,-7.344802138522534e-19,-1.4564479649193918,1.0043574009715543,4.971036499862507e-18,-0.028374016986629325,-0.003854787138643407,0.999989455231641,0.0045923224543903,1.3466198382294272e-19,6.278410207030743e-22
3.724,-7.245337711788068e-19,-1.4565048869602177,1.0043496964118552,4.9754452890783754e-18,-0.028547741211636474,-0.0038497699766697545,0.9999896527137174,0.004549117002008247,1.4064612329506463e-19,-3.994729213180797e-22
3.726,-7.145782774842759e-19,-1.4565621547207965,1.0043420019013793,4.980087337085834e-18,-0.028719737645391746,-0.0038447379482105023,0.9999898477048184,0.004506050076647461,1.4660515985756922e-19,-2.1101425636733637e-21
3.728,-7.046132673980112e-19,-1.4566197647513348,1.0043343174696118,4.984961498200793e-18,-0.0288900120812495,-0.003839691300742359,0.9999900402200599,0.00446312230192883,1.5253611444714557e-19,-3.8168256061827505e-21
3.73,-6.946382778338481e-19,-1.4566777136136493,1.0043266431455438,4.990066632844745e-18,-0.029058570335705424,-0.003834630280655842,0.999990230274654,0.004420334290929677,1.5843604407161499e-19,-4.833808890308861e-21
3.732,-6.846528479840767e-19,-1.4567359978812124,1.0043189789576754,4.9954016018554156e-18,-0.02922541824797918,-0.003829555133238217,0.9999904178839046,0.00437768664624469,1.6430654572744436e-19,-5.505791196445912e-21
3.734,-6.746565193161913e-19,-1.4567946141391976,1.0043113249340168,5.000965269576113e-18,-0.02939056167959951,-0.003824466102656808,0.9999906030632053,0.004335179960046778,1.7014778762922383e-19,-5.834401900895345e-21
3.736,-6.646488355662485e-19,-1.456853558984523,1.004303681102091,5.00675650262768e-18,-0.02955400651399183,-0.0038193634319427005,0.9999907858280348,0.00429281481414784,1.7595835927704398e-19,-5.4773903678891e-21
3.738,-6.546293427346858e-19,-1.4569128290258955,1.0042960474889362,5.012774171526208e-18,-0.029715758656068233,-0.003814247362974823,0.9999909661939543,0.004250591780059455,1.8174582104683783e-19,-6.148454002431273e-21
3.74,-6.44597589071615e-19,-1.4569724208838526,1.004288424121108,5.0190171548447716e-18,-0.02987582403182,-0.0038091181364644368,0.9999911441766046,0.0042085114190534845,1.875044287063133e-19,-6.4757406302973685e-21
3.742,-6.345531250661043e-19,-1.4570323311908049,1.0042808110246821,5.025484335428383e-18,-0.03003420858791253,-0.0038039759919399744,0.999991319791702,0.00416657428222259,1.9322997286590928e-19,-5.431683462658904e-21
3.744,-6.244955034422491e-19,-1.4570925565910764,1.0042732082252557,5.0321745944668786e-18,-0.030190918291282728,-0.0037988211677323224,0.9999914930550355,0.00412478091054066,1.9892968902542312e-19,-4.732012885667543e-21
3.746,-6.144242791571426e-19,-1.457153093740945,1.0042656157479506,5.039086819275034e-18,-0.03034595912873882,-0.0037936539009604114,0.9999916639824643,0.004083131834923147,2.0460376396157613e-19,-4.3767241552317206e-21
3.748,-6.043390093860701e-19,-1.4572139393086814,1.0042580336174163,5.046219903686383e-18,-0.03049933710656265,-0.003788474427517212,0.9999918325899136,0.004041627576287317,2.1024808271353794e-19,-3.337025028050157e-21
3.75,-5.942392535143067e-19,-1.4572750899745888,1.004250461857831,5.053572743596599e-18,-0.030651058250114358,-0.003783282982056096,0.9999919988933723,0.004000268645612399,2.158641508170981e-19,-1.957196116929764e-21
3.7520000000000002,-5.841245731321489e-19,-1.4573365424310392,1.004242900492905,5.061144238830375e-18,-0.030801128603439542,-0.0037780797979775735,0.9999921629088895,0.0039590555439996435,2.214548693145071e-19,-9.233605469090975e-22
3.754,-5.739945320233567e-19,-1.4573982933825114,1.0042353495458836,5.068933295725702e-18,-0.0309495542288788,-0.003772865107416384,0.9999923246525718,0.003917988762732285,2.270203623163348e-19,-2.3469783435379962e-22
3.7560000000000002,-5.638486961524007e-19,-1.4574603395456267,1.0042278090395482,5.076938826954049e-18,-0.031096341206679735,-0.0037676391412289414,0.9999924841405804,0.0038770687833354044,2.325593808671375e-19,4.526753453725051e-22
3.758,-5.536866336539089e-19,-1.4575226776491843,1.0042202789962207,5.0851597514214454e-18,-0.03124149563461136,-0.0037624021289811424,0.9999926413891276,0.0038362960776356916,2.38074765261024e-19,4.530387696553941e-22
3.7600000000000002,-5.435079148137318e-19,-1.4575853044341966,1.0042127594377646,5.093594997888453e-18,-0.03138502362758092,-0.003757154298936544,0.9999927964144746,0.0037956711078211093,2.435679904220069e-19,-5.746375337268868e-22
3.762,-5.333121120501931e-19,-1.4576482166539224,1.0042052503855883,5.102243506654576e-18,-0.03152693131725314,-0.003751895878044862,0.9999929492329283,0.0037551943265004507,2.4904052490308254e-19,-2.9701690763577825e-21
3.7640000000000002,-5.230987998870727e-19,-1.4577114110739,1.0041977518606475,5.111104229766806e-18,-0.03166722485167184,-0.003746627091930819,0.9999930998608383,0.003714866176762795,2.5448088504637e-19,-3.6467883305193756e-21
3.766,-5.128675549480896e-19,-1.4577748844719802,1.0041902638834483,5.120176113077347e-18,-0.031805910394883986,-0.0037413481648833733,0.9999932483145944,0.0036746870922368586,2.5988518167579484e-19,-1.5805930801883351e-21
3.7680000000000002,-5.02618063570023e-19,-1.4578386336383575,1.0041827864740496,5.129350500482867e-18,-0.03194299412656617,-0.003736059319845244,0.9999933946106236,0.003634657497150234,2.5979128661633707e-19,-2.2807766971617188e-21
3.77,-4.923501217683234e-19,-1.4579026553756012,1.0041753196520653,5.138626371470897e-18,-0.03207848224165339,-0.003730760778402781,0.9999935387653875,0.003594777806388526,2.651620517625546e-19,-5.0158416828292066e-21
3.7720000000000002,-4.820634199868566e-19,-1.457966946498685,1.004167863436668,5.148110315964848e-18,-0.03221238094997031,-0.003725452760776205,0.9999936807953799,0.003555048425554372,2.7050261710710787e-19,-6.373846566228801e-21
3.774,-4.717575431068013e-19,-1.4580315038350173,1.0041604178465908,5.157801305208897e-18,-0.03234469647586485,-0.0037201354858101125,0.9999938207171231,0.003515469751026357,2.7581304511201434e-19,-6.358055522026997e-21
3.7760000000000002,-4.614320780694766e-19,-1.4580963242244693,1.0041529829001308,5.167698308628807e-18,-0.03247543505784417,-0.0037148091709643515,0.9999939585471666,0.003476042170017809,2.810982973031976e-19,-6.341955828926271e-21
3.778,-4.510866138743294e-19,-1.458161404519403,1.0041455586151513,5.177800299381455e-18,-0.03260460294821306,-0.0037094740323052326,0.9999940943020836,0.0034367660606354857,2.8635969899829e-19,-6.668613449755482e-21
3.7800000000000002,-4.407207415677237e-19,-1.4582267415846981,1.0041381450090854,5.1881062569490686e-18,-0.03273220641271463,-0.0037041302844970014,0.9999942279984689,0.0033976417919381412,2.9159499869043335e-19,-6.652303094769801e-21
3.782,-4.30334054234497e-19,-1.4582923322977797,1.0041307420989376,5.198615163112522e-18,-0.032858251730173434,-0.00369877814079369,0.9999943596529358,0.0033586697239949776,2.968019486394326e-19,-5.60851879218073e-21
3.7840000000000003,-4.1992614699580167e-19,-1.4583581735486428,1.0041233499012878,5.209325999692775e-18,-0.0329827451921409,-0.003693417813031238,0.9999944892821143,0.003319850207943979,3.0198296238263457e-19,-4.224608792478539e-21
3.786,-4.0949661700689445e-19,-1.4584242622398782,1.0041159684322936,5.220237751117112e-18,-0.03310569310254317,-0.0036880495116199596,0.9999946169026483,0.0032811835860501225,3.0713929843134807e-19,-2.8440387045779486e-21
3.7880000000000003,-3.990450634497413e-19,-1.4584905952866967,1.0041085977076927,5.231349407544144e-18,-0.03322710177733122,-0.003682673445537258,0.9999947425311931,0.0032426701917634723,3.1776042665864285e-19,-3.504768429999152e-21
3.79,-3.8857065738179105e-19,-1.4585571696169521,1.0041012377428071,5.243197445121804e-18,-0.03334697754413342,-0.0036772898223207152,0.999994866184413,0.0032043103497771458,3.392879125218204e-19,-5.499563249621341e-21
3.7920000000000003,-3.7807203702184036e-19,-1.4586239821711657,1.0040938885525446,5.255132650760925e-18,-0.033465326741910315,-0.00367189884806142,0.9999949878789791,0.0031661043760851625,3.0588908193498036e-19,-8.008558675724731e-21
3.794,-3.675516125527512e-19,-1.4586910299025475,1.0040865501514022,5.265110273845816e-18,-0.033582155720611837,-0.0036665007273976266,0.9999951076315667,0.0031280525780401623,2.7814653802529573e-19,-1.118010699731727e-20
3.7960000000000003,-3.5701142360938234e-19,-1.4587583097770176,1.0040792225534698,5.274969802986339e-18,-0.0336974708408368,-0.0036610956635086942,0.9999952254588537,0.0030901552544110016,2.6699101154836067e-19,-1.2579160302120164e-20
3.798,-3.4645242241935167e-19,-1.4588258187732284,1.0040719057724317,5.284066413565835e-18,-0.03381127847349475,-0.0036556838581093256,0.9999953413775169,0.0030524126954402184,2.7234270741696138e-19,-1.1868413977110595e-20
3.8000000000000003,-3.3587415719077063e-19,-1.4588935538825836,1.0040645998215703,5.2942336745514764e-18,-0.03392358499947007,-0.003650265511444068,0.9999954554042315,0.0030148251829013708,2.88635125920474e-19,-1.1469411010035454e-20
3.802,-3.2527592687736883e-19,-1.4589615121092585,1.0040573047137693,5.303744070877532e-18,-0.034034396809288485,-0.00364484082228211,0.9999955675556678,0.002977392990156246,2.5002784955249326e-19,-1.2264759182045521e-20
3.8040000000000003,-3.14660190682665e-19,-1.4590296904702191,1.0040500204615161,5.311740753899163e-18,-0.034143720302785806,-0.0036394099879123606,0.9999956778484891,0.0029401163822119374,2.1160263868050087e-19,-1.271611846292064e-20
3.806,-3.040299685547433e-19,-1.4590980859952398,1.004042747076905,5.318231196210432e-18,-0.034251561888779,-0.003633973204138797,0.9999957862993498,0.0029029956157777866,1.7335962108388133e-19,-1.3166560354530094e-20
3.8080000000000003,-2.933882655325071e-19,-1.4591666957269214,1.0040354845716406,5.323222833350856e-18,-0.03435792798473957,-0.0036285306652761107,0.9999958929248934,0.0028660309393221976,1.3529091668562752e-19,-1.1216657225597619e-20
3.81,-2.827380718319866e-19,-1.459235516720708,1.0040282329570398,5.326723052451498e-18,-0.0344628250164692,-0.0036230825641455555,0.9999959977417503,0.002829222593129312,9.739947366105788e-20,-8.24314744809703e-21
3.8120000000000003,-2.7208236293465043e-19,-1.4593045460449037,1.0040209922440357,5.3287392030465364e-18,-0.03456625941777769,-0.003617629092071144,0.9999961007665354,0.002792570809355549,5.969333505955383e-20,-7.332399363674184e-21
3.814,-2.6142399205504637e-19,-1.4593737807806875,1.0040137624431802,5.329386204264906e-18,-0.03466823763016321,-0.003612170438876042,0.9999962020158467,0.0027560758120860106,2.76551930762109e-20,-8.806874845549378e-21
3.8160000000000003,-2.5076551096589144e-19,-1.4594432180221288,1.0040065435646468,5.328886357206035e-18,-0.034768766102494755,-0.0036067067928792665,0.999996301506263,0.002719737817390746,6.742467282148182e-21,-8.533684144836972e-21
3.818,-2.40108740935166e-19,-1.4595128548762024,1.0039993356182342,5.327783474383576e-18,-0.03486785129069693,-0.0036012383408926063,0.9999963992543417,0.0026835570333808793,-8.57850754190296e-21,-7.216861701089155e-21
3.8200000000000003,-2.294548842911733e-19,-1.4595826884628014,1.0039921386133688,5.325973443737252e-18,-0.03496549965743697,-0.003595765268217814,0.9999964952766174,0.0026475336602645944,-3.479388535390376e-20,-5.246761862339742e-21
3.822,-2.1880578248347874e-19,-1.4596527159147505,1.003984952559108,5.322921768228882e-18,-0.03506171767181402,-0.003590287758644021,0.9999965895895997,0.002611667890402982,-6.63816835362322e-20,-2.952648854922019e-21
3.8240000000000003,-2.0816402103354823e-19,-1.459722934377819,1.0039777774641432,5.318634063830675e-18,-0.03515651180905067,-0.0035848059944454526,0.9999966822097714,0.0025759599083657408,-9.781355441902041e-20,-3.062395398194692e-21
3.826,-1.975320658884889e-19,-1.4597933410107327,1.0039706133368025,5.313116438346029e-18,-0.03524988855018673,-0.0035793201563793253,0.9999967731535867,0.002540409890986739,-1.290972956059837e-19,-2.829022406388328e-21
3.8280000000000003,-1.8691237080566616e-19,-1.4598639329851846,1.0039634601850542,5.306374971247185e-18,-0.035341854381775235,-0.003573830423684012,0.9999968624374692,0.0025050180074194265,-1.6023363552748047e-19,-2.253344443301848e-21
3.83,-1.763073774147544e-19,-1.4599347074858464,1.0039563180165099,5.29841571125851e-18,-0.035432415795580714,-0.003568336974077451,0.9999969500778105,0.002469784419192107,-1.912224294583394e-19,-1.6784282825304526e-21
3.8320000000000003,-1.6571951527716973e-19,-1.4600056617103783,1.0039491868384267,5.289244679983442e-18,-0.035521579288279634,-0.0035628399837557686,0.9999970360909681,0.00243470928026306,-2.2205666260224103e-19,-4.188622491535752e-21
3.834,-1.5515109432899162e-19,-1.4600767928694383,1.0039420666577112,5.2790830753685156e-18,-0.03560935136116312,-0.0035573396273921422,0.999997120493264,0.0023997927370755174,-2.417843831429276e-19,-4.610011932439097e-21
3.8360000000000003,-1.44603588013801e-19,-1.4601480981866914,1.0039349574809222,5.268258927264389e-18,-0.03569573851984183,-0.0035518360781358867,0.9999972033009827,0.0023650349286124914,-2.5594275400249207e-19,-2.2758317337324543e-21
3.838,-1.3407842607631527e-19,-1.4602195748988183,1.0039278593142738,5.256775001094218e-18,-0.0357807472739531,-0.0035463295076117512,0.99999728453037,0.002330435986451451,-2.7551013611236773e-19,-2.700929704533068e-21
3.84,-1.2357699653197031e-19,-1.460291220255522,1.0039207721636378,5.2445271413391045e-18,-0.03586438413687025,-0.0035408200859194786,0.9999973641976307,0.0022959960348188525,-2.9498392788968923e-19,-3.467551165008736e-21
3.842,-1.1310082345611793e-19,-1.4603630315195366,1.0039136960345483,5.231519137320776e-18,-0.035946655625414096,-0.0035353079816335215,0.9999974423189277,0.002261715190644514,-3.1436533466103514e-19,-4.232226458441569e-21
3.844,-1.0265142336318268e-19,-1.4604350059666322,1.0039066309322027,5.217754759888112e-18,-0.03602756825956664,-0.003529793361803026,0.9999975189103801,0.0022275935636158427,-3.336563799244605e-19,-4.309639600948003e-21
3.846,-9.223030524650873e-20,-1.4605071408856225,1.0038995768614667,5.2032377599764394e-18,-0.036107128562186966,-0.0035242763919519906,0.9999975939880618,0.0021936312562319043,-3.5285212945815317e-19,-6.1000440361253124e-21
3.848,-8.183914984992126e-20,-1.460579433578369,1.003892533826876,5.1877568563417936e-18,-0.036185343058729294,-0.003518757236079639,0.9999976675679996,0.002159828363857344,-3.829118654693852e-19,-6.539459140808284e-21
3.85,-7.148009555962396e-20,-1.460651881359787,1.00388550183264,5.1711016352151035e-18,-0.03626221827696321,-0.0035132360566610104,0.9999977396661723,0.002126184974776145,-4.1284440162421823e-19,-5.949288631289622e-21
3.852,-6.115552131158016e-20,-1.460724481557849,1.0038784808826446,5.153170146410462e-18,-0.036337760746696056,-0.003507713014647747,0.999997810298509,0.002092701170245242,-4.481175863844915e-19,-5.3711779281820725e-21
3.854,-5.086783028293291e-20,-1.4607972315135893,1.0038714709804555,5.1347215378258785e-18,-0.0364119769994975,-0.0035021882694690793,0.9999978794808875,0.0020593770245479676,-4.2292546940744687e-19,-6.038283055062444e-21
3.856,-4.061529047106395e-20,-1.4608701285811063,1.0038644721293206,5.1180182335666746e-18,-0.03648487356842619,-0.003496661979032986,0.999997947229133,0.0020262126050473485,-3.9235710628798943e-19,-6.692984144433971e-21
3.858,-3.0395997604141994e-20,-1.4609431701275664,1.0038574843321741,5.1011150775858006e-18,-0.03655645698775866,-0.0034911342997275764,0.9999980135590171,0.001993207972239241,-4.1675199899829033e-19,-4.7152128641098524e-21
3.86,-2.0211463489321948e-20,-1.461016353533205,1.0038505075916386,5.0832602370416865e-18,-0.03662673379272026,-0.0034856053864226575,0.9999980784862559,0.0019603631798053075,-4.410265592479293e-19,-5.140605783368016e-21
3.862,-1.0063586773832779e-20,-1.4610896761913292,1.0038435419100284,5.064458432822335e-18,-0.03669571051921829,-0.003480075392471453,0.999998142026509,0.0019276782746658343,-4.651805170265826e-19,-8.30612723833139e-21
3.864,4.574332756698623e-23,-1.4611631355083181,1.0038365872893529,5.044714373497933e-18,-0.03676339370357724,-0.0034745444697125557,0.9999982041953783,0.001895153297032388,-4.892257612930744e-19,-8.380455214227375e-21
3.866,1.0114646983810338e-20,-1.4612367289036237,1.003829643731319,5.0240327323211905e-18,-0.036829789882276136,-0.003469012768472031,0.9999982650084063,0.0018627882804603101,-5.131616797839033e-19,-6.055832984083627e-21
3.868,2.0141253677255103e-20,-1.4613104538097708,1.0038227112373348,5.0024181512514146e-18,-0.036894905591688,-0.003463480437565691,0.9999983244810755,0.0018305832519010519,-5.369829784826029e-19,-4.4218944508516124e-21
3.87,3.0123702152103966e-20,-1.4613843076723567,1.0038157898085123,4.979875252073715e-18,-0.03695874736782144,-0.0034579476243015573,0.9999983826288068,0.0017985382317543437,-5.606863891134774e-19,-5.532967593896299e-21
3.872,4.0060140386011355e-20,-1.4614582879500502,1.0038088794456699,4.956408645949272e-18,-0.03702132174606428,-0.003452414474482497,0.9999984394669581,0.001766653233920203,-5.842785549503625e-19,-5.956343071263423e-21
3.874,4.994865391012447e-20,-1.46153239211459,1.0038019801493363,4.931915494067654e-18,-0.037082635260929364,-0.0034468811324090305,0.9999984950108238,0.0017349282658507767,-6.13229101314985e-19,-6.045162772724584e-21
3.876,5.978715912257586e-20,-1.4616066176507827,1.0037950919197531,4.906508827071794e-18,-0.03714269444580234,-0.0034413477408822752,0.9999985492756334,0.0017033633286020193,-6.255964368590924e-19,-5.077082414379477e-21
3.878,6.957455151249772e-20,-1.4616809620565003,1.0037882147568775,4.880731493949325e-18,-0.037201505832691634,-0.0034358144412070836,0.9999986022765495,0.0016719584168852055,-6.378792836829372e-19,-4.110337238863735e-21
3.88,7.930966190071671e-20,-1.4617554228426775,1.003781348660386,4.854263071294038e-18,-0.03725907595198039,-0.00343028137319535,0.9999986540286684,0.0016407135191182753,-6.665510240770669e-19,-3.5155350719761644e-21
3.882,8.899078841889208e-20,-1.4618299975333073,1.0037744936296766,4.8266766116138046e-18,-0.037315411332180554,-0.003424748675169422,0.9999987045470179,0.0016096286174770145,-6.896320795949397e-19,-1.885850875872505e-21
3.884,9.861580753981043e-20,-1.4619046836654386,1.0037676496638726,4.798192339129585e-18,-0.037370518499688955,-0.0034192164839657153,0.9999987538465566,0.001578703687946065,-7.125885473007061e-19,-1.6309112509754815e-21
3.886,1.0818296422114782e-19,-1.4619794787891698,1.0037608167618244,4.768814883534987e-18,-0.03742440397854547,-0.003413684934938457,0.9999988019421725,0.001547938700369768,-7.354362258891421e-19,-1.376022230059321e-21
3.888,1.1769047653858707e-19,-1.4620543804676454,1.0037539949221137,4.738548683637725e-18,-0.03747707429019322,-0.0034081541619635993,0.9999988488486827,0.0015173336185028382,-7.581755987484702e-19,-1.1215896014735275e-21
3.89,1.271365714251005e-19,-1.46212938627705,1.0037471841430559,4.707398157454635e-18,-0.03752853595324082,-0.0034026242974428593,0.9999988945808321,0.0014868884000608688,-7.808082405422755e-19,-1.8188394621628166e-22
3.892,1.3651948462543828e-19,-1.4622044938066021,1.0037403844227029,4.67536769808704e-18,-0.0375787954832266,-0.003397095472307882,0.9999989391532925,0.0014566029967706653,-8.033357290411252e-19,2.1259803854403618e-21
3.894,1.4583746064448536e-19,-1.4622797006585484,1.0037335957588465,4.642461672598881e-18,-0.03762785939238492,-0.0033915678160246153,0.9999989825806613,0.00142647735442041,-8.257565912843143e-19,4.428522425647761e-21
3.896,1.5508864510353015e-19,-1.4623550044481561,1.0037268181490204,4.608576833383701e-18,-0.03767573418941446,-0.003386041456597735,0.9999990248774616,0.0013965114129096527,-8.480653425599866e-19,2.6138222930218242e-21
3.898,1.642712999328959e-19,-1.4624304028037063,1.0037200515905045,4.5738251415336515e-18,-0.03772242637924851,-0.00338051652057527,0.9999990660581404,0.001366705106299133,-8.757492618656576e-19,-2.3206681107995327e-22
3.9,1.7338366006135076e-19,-1.462505893366486,1.0037132960803266,4.5386416425823265e-18,-0.03776794246282728,-0.003374993133053312,0.999999106137068,0.0013370583628604274,-8.484812793628027e-19,7.723481757159163e-22
3.902,1.824275915762209e-19,-1.4625814737907803,1.0037065516152657,4.505395766382962e-18,-0.03781228893687221,-0.0033694714176809074,0.9999991451285376,0.0013075711051254231,-8.213296432294261e-19,1.774794997673024e-21
3.904,1.914051680253207e-19,-1.4626571417438625,1.0036998181918553,4.4721424442616764e-18,-0.03785547229366222,-0.003363951496665029,0.9999991830467637,0.0012782432499356202,-8.107267161114913e-19,1.3819255685573124e-21
3.906,2.0031709188456533e-19,-1.4627328949059866,1.0036930958063857,4.439850442833813e-18,-0.037897499020811985,-0.0033584334907757044,0.9999992199058825,0.0012490747084912591,-8.05657902806492e-19,2.0110034823890776e-21
3.908,2.091639537251854e-19,-1.4628087309703763,1.0036863844549069,4.4071161317551e-18,-0.03793837560105218,-0.00335291751935124,0.99999925571995,0.0012200653864002718,-8.006167021358086e-19,5.380343011453787e-21
3.91,2.1794634193806924e-19,-1.4628846476432165,1.003679684133232,4.375340792775074e-18,-0.037978108512011645,-0.0033474037003035795,0.9999992905029419,0.0011912151837270596,-7.90112756828783e-19,5.321830960268751e-21
3.912,2.2666495034680076e-19,-1.4629606426436412,1.0036729948369398,4.3434435977918014e-18,-0.038016704226001556,-0.003341892150123779,0.9999993242687527,0.0011625239950410946,-7.686900815181802e-19,2.534459832902641e-21
3.914,2.353214368962001e-19,-1.4630367137037243,1.0036663165613773,4.313146540674739e-18,-0.038054169209801515,-0.003336382983887611,0.9999993570311952,0.0011339917094653454,-7.5285299910575065e-19,1.1175718351358673e-21
3.916,2.4391709314365793e-19,-1.4631128585684672,1.0036596493016625,4.282505210602843e-18,-0.0380905099244476,-0.003330876315261239,0.9999993888039997,0.0011056182107245251,-7.48056487366237e-19,3.388918810011885e-23
3.918,2.5245234392188247e-19,-1.4631890749957872,1.0036529930526878,4.252812653382433e-18,-0.038125732825022345,-0.0033253722565070383,0.9999994196008134,0.0010774033771931634,-7.43283777756139e-19,-1.9185185727910892e-23
3.92,2.6092761182222816e-19,-1.4632653607565063,1.0036463478091224,4.222558048624014e-18,-0.038159844360446615,-0.003319870918489518,0.9999994494351997,0.001049347081943501,-7.385363719969697e-19,2.3265506844516436e-21
3.922,2.6934342508114916e-19,-1.4633417136343372,1.0036397135654154,4.193250183025662e-18,-0.038192850973273476,-0.0033143724106813226,0.9999994783206377,0.0010214491927932046,-7.283416660551852e-19,4.3298604671644226e-21
3.924,2.7770016567744147e-19,-1.4634181314258718,1.003633090315798,4.16359274802227e-18,-0.03822475909948389,-0.0033088768411693712,0.9999995062705216,0.0009937095723529053,-7.236653495643536e-19,6.664726067013732e-21
3.926,2.8599857141092607e-19,-1.4634946119405672,1.0036264780542865,4.134879308747376e-18,-0.03825557516828439,-0.003303384316661079,0.9999995332981602,0.0009661280780735577,-7.19010987064497e-19,8.651451614574159e-21
3.928,2.942389477394055e-19,-1.4635711530007314,1.0036198767746856,4.105383874309473e-18,-0.03828530560190661,-0.003297894942490673,0.999999559416776,0.000938704562293618,-7.19855965506254e-19,5.146458887878833e-21
3.93,3.0242088131825035e-19,-1.4636477524415104,1.0036132864705904,4.076400808480966e-18,-0.038313956815408695,-0.0032924088226256084,0.9999995846395054,0.0009114388722860452,-7.316472018462643e-19,-7.455620695153479e-23
3.932,3.1054360157768785e-19,-1.4637244081108725,1.0036067071353898,4.046206788572232e-18,-0.03834153521647866,-0.0032869260596730798,0.9999996089793978,0.0008843308503051201,-7.488677111450168e-19,-2.2041472911277394e-21
3.934,3.186060912831021e-19,-1.463801117869594,1.0036001387622682,4.016098974784214e-18,-0.038368047205239536,-0.0032814467548866063,0.9999996324494147,0.0008573803336330842,-7.660201040007179e-19,-3.642461125119924e-21
3.936,3.266066575655902e-19,-1.4638778795912437,1.0035935813442092,3.9843557985796375e-18,-0.03839349917405646,-0.0032759710081727267,0.9999996550624303,0.0008305871546265992,-7.885473987385376e-19,-5.4245987803905035e-21
3.938,3.3454368777727376e-19,-1.4639546911621675,1.0035870348739981,3.952707063903304e-18,-0.03841789750734558,-0.0032704989180977768,0.9999996768312298,0.0008039511407630231,-7.945197549208953e-19,-7.531393826536569e-21
3.94,3.424167968776669e-19,-1.4640315504814716,1.0035804993442243,3.9203990085908024e-18,-0.038441248581384826,-0.003265030581894726,0.9999996977685102,0.0007774721146865064,-7.949819553042632e-19,-8.601123403152027e-21
3.942,3.502259253017667e-19,-1.4641084554610067,1.0035739747472838,3.888833997538225e-18,-0.038463558764126535,-0.0032595660954701355,0.9999997178868788,0.0007511498942539054,-7.954421824918354e-19,-9.325580344106266e-21
3.944,3.579713724687365e-19,-1.4641854040253508,1.0035674610753822,3.856717766271386e-18,-0.038484834415011916,-0.003254105553411156,0.9999997371988537,0.0007249842925805145,-7.794529594701656e-19,-9.351785213164483e-21
3.946,3.6565393970322443e-19,-1.4642623941117923,1.0035609583205376,3.825882008810851e-18,-0.03850508188478732,-0.0032486490489926248,0.9999997557168628,0.0006989751180856144,-7.744794875936833e-19,-8.358640829765806e-21
3.948,3.7327406613203036e-19,-1.464339423670312,1.0035544664745824,3.794276805584436e-18,-0.038524307515322376,-0.0032431966741842512,0.999999773453244,0.0006731221745378387,-7.750122377350701e-19,-7.37161778319035e-21
3.95,3.808319019996798e-19,-1.4644164906635657,1.0035479855291665,3.763519733340154e-18,-0.03854251763942988,-0.003237748519657826,0.9999997904202443,0.0006474252611003565,-7.755429938066484e-19,-5.7023496423049225e-21
3.952,3.8832731071743266e-19,-1.4644935930668654,1.0035415154757599,3.731778026297362e-18,-0.03855971858068758,-0.0032323046747945584,0.9999998066300201,0.0006218841723758722,-7.815409086711709e-19,-4.040098946183203e-21
3.954,3.9575972654912357e-19,-1.464570728868161,1.003535056305655,3.700670492530523e-18,-0.038575916653261676,-0.0032268652276924398,0.9999998220946363,0.0005964986984514409,-7.820261468176657e-19,-5.119586636638512e-21
3.956,4.031293030156803e-19,-1.4646478960680211,1.0035286080099695,3.6689027271043025e-18,-0.03859111816173216,-0.003221430265173689,0.9999998368260666,0.0005712686249431004,-7.770393913847012e-19,-6.192771598671938e-21
3.958,4.1043633644238135e-19,-1.4647250926796136,1.0035221705796482,3.6380914340549695e-18,-0.03860532940091995,-0.0032159998727922822,0.9999998508361927,0.0005461937330403188,-7.775588470859727e-19,-7.266477372451319e-21
3.96,4.176809063157207e-19,-1.4648023167286863,1.0035157440054665,3.6062957317746214e-18,-0.038618556655715744,-0.0032105741348414938,0.9999998641368045,0.000521273799550257,-7.835573468787876e-19,-1.0053458354631552e-20
3.962,4.248622315789888e-19,-1.4648795662535468,1.0035093282780325,3.574918740471069e-18,-0.038630806200910715,-0.0032051531343615467,0.9999998767395998,0.000496508596941847,-7.950110073013533e-19,-1.0780640398036435e-20
3.964,4.319796051772329e-19,-1.4649568393050418,1.003502923387789,3.542344337705429e-18,-0.03864208430102893,-0.003199736953147293,0.9999998886561837,0.0004718978933896849,-8.11905902911363e-19,-1.150873768473412e-20
3.966,4.390321443062746e-19,-1.4650341339465371,1.003496529325017,3.5104075791923515e-18,-0.03865239721016154,-0.0031943256717559764,0.9999998998980689,0.00044744145281773874,-7.793772589043378e-19,-1.2554388717278338e-20
3.968,4.46022091021161e-19,-1.4651114482538956,1.0034901460798373,3.4797509140880175e-18,-0.038661751171802684,-0.00318891936951501,0.9999999104766754,0.000423139034942871,-7.470043728010605e-19,-1.0170906877346236e-20
3.97,4.529517480630917e-19,-1.4651887803154566,1.0034837736422133,3.449722303268829e-18,-0.03867015241868719,-0.0031835181245298515,0.9999999204033299,0.00039899039531817506,-7.69623630621808e-19,-8.500750460800865e-21
3.972,4.598195691311836e-19,-1.465266128232014,1.0034774120019536,3.4178439971064036e-18,-0.03867760717262994,-0.0031781220136918972,0.9999999296892662,0.0003749952853761262,-8.030864343917895e-19,-1.0265441231668453e-20
3.974,4.666232629069126e-19,-1.4653434901167945,1.003471061148714,3.3859547823742365e-18,-0.03868412164436705,-0.0031727311126864277,0.9999999383456252,0.00035115345247154633,-7.870346871767279e-19,-1.0980161508426708e-20
3.976,4.733638136654296e-19,-1.4654208640954347,1.0034647210720002,3.3547004824610707e-18,-0.038689702033398644,-0.003167345496000625,0.9999999463834539,0.0003274646399243821,-7.710592520321396e-19,-1.1007802212436244e-20
3.978,4.800424881277449e-19,-1.4654982483059589,1.0034583917611701,3.3240779905129706e-18,-0.03869435452783347,-0.003161965236931605,0.9999999538137064,0.0003039285870622975,-7.551596799246099e-19,-1.0692653896873705e-20
3.98,4.86660546814323e-19,-1.4655756408987564,1.0034520732054362,3.2940842134147625e-18,-0.038698085304235116,-0.0031565904075944867,0.999999960647243,0.0002805450292630788,-7.393353950566176e-19,-1.0720852435618701e-20
3.982,4.932193516686504e-19,-1.4656530400365577,1.003445765393868,3.2649312611959554e-18,-0.038700900527469974,-0.0031512210789305475,0.9999999668948303,0.0002573136979968534,-7.12621756047116e-19,-8.004555556627543e-21
3.984,4.997209037518939e-19,-1.4657304438944112,1.0034394683153942,3.236938291056682e-18,-0.03870280635055687,-0.00314585732071539,0.9999999725671415,0.00023423432086812145,-6.860219548629877e-19,-5.2942351401561226e-21
3.986,5.061675535160396e-19,-1.4658078506596597,1.0034331819588052,3.2098845725185224e-18,-0.03870380891451838,-0.0031404992015671217,0.9999999776747559,0.0002113066216576008,-6.59560642131126e-19,-5.331581823307168e-21
3.988,5.125611382138891e-19,-1.4658852585319153,1.003426906312755,3.18387240427281e-18,-0.038703914348233795,-0.0031351467889546374,0.9999999822281593,0.00018853032036388428,-6.33224766418331e-19,-5.368789219086157e-21
3.99,5.189037358215816e-19,-1.4659626657230362,1.0034206413657645,3.158896665457516e-18,-0.038703128768293814,-0.0031298001492058485,0.9999999862377436,0.00016590513324491024,-6.070137486155472e-19,-5.405858684515137e-21
3.992,5.251974140974739e-19,-1.466040070457101,1.0034143871062222,3.1349522595929154e-18,-0.03870145827885679,-0.0031244593475160333,0.9999999897138069,0.00014343077285924522,-5.809269322730274e-19,-5.78545300908334e-21
3.994,5.314442306322298e-19,-1.4661174709703844,1.003408143522388,3.1120341153943237e-18,-0.03869890897150673,-0.003119124447956132,0.9999999926665538,0.00012110694810717915,-5.549637700462919e-19,-6.164099915495453e-21
3.996,5.376462328981505e-19,-1.466194865511331,1.0034019106023948,3.090137185713712e-18,-0.03869548692511286,-0.0031137955134811586,0.9999999951060949,9.893336427163321e-05,-5.291237250720984e-19,-6.199141300743688e-21
3.998,5.438054582965372e-19,-1.466272252340531,1.00339568833425,3.069256445988566e-18,-0.03869119820569084,-0.0031084726059385686,0.9999999970424476,7.690972305887972e-05,-4.979238232310238e-19,-4.1771370745267555e-21
4.0,5.499239698917929e-19,-1.466349629730693,1.0033894767058391,3.0491713612436947e-18,-0.03868604886626564,-0.003103155786076701,0.9999999984855349,5.503572263907446e-05,-5.162151704649517e-19,-2.5067454451412146e-21
4.002,5.560009154250962e-19,-1.4664269959666194,1.003383275704927,3.0277268155946395e-18,-0.038680044946736,-0.0030978451135532043,0.9999999994451869,3.331105768660065e-05,-5.234545494217562e-19,-2.554182561738981e-21
4.0040000000000004,5.620356628626346e-19,-1.4665043493451781,1.0033770853191601,3.0069734898278367e-18,-0.03867319247374047,-0.0030925406469435187,0.9999999999311402,1.1735419420225586e-05,-5.251770500345446e-19,-2.258611551503268e-21
4.006,5.680277267129214e-19,-1.466581688175278,1.0033709055360691,2.984864043684988e-18,-0.03866549746052514,-0.0030872424437493598,0.9999999999530377,-9.691504356930842e-06,-5.488087106411675e-19,-2.6492699260865044e-21
4.008,5.739757271736613e-19,-1.46665901077784,1.0033647363430707,2.963341038575608e-18,-0.03865696590681286,-0.00308195056040723,0.999999999520429,-3.097002921761619e-05,-5.175284844563892e-19,-1.3265793421084022e-21
4.01,5.798819117186424e-19,-1.4667363154857715,1.0033585777274694,2.9431547509554723e-18,-0.038647603798674136,-0.003076665052296958,0.9999999986427706,-5.210047407085296e-05,-4.863966562009263e-19,-6.922940469700833e-22
4.0120000000000005,5.857489477011238e-19,-1.466813600643938,1.0033524296764604,2.9240839165765035e-18,-0.03863741710839955,-0.003071385973750223,0.999999997329426,-7.308316112253422e-05,-4.554124710565253e-19,-1.4313249511782328e-21
4.014,5.915791676150743e-19,-1.4668908646091356,1.0033462921771314,2.906445314682899e-18,-0.03862641179437375,-0.003066113378059127,0.9999999955896658,-9.391841583620812e-05,-4.136097846213083e-19,1.2572586786229534e-21
4.016,5.973754296203966e-19,-1.4669681057500636,1.0033401652164642,2.8898020148023848e-18,-0.038614593800951044,-0.003060847317484775,0.9999999934326675,-0.00011460656689404955,-4.213359030559445e-19,8.614176382990721e-22
4.018,6.031376017039289e-19,-1.4670453224472955,1.003334048781337,2.87242727700584e-18,-0.038601969058332526,-0.003055587843265843,0.9999999908675165,-0.00013514794615802092,-4.180731304288225e-19,4.6529876579483745e-22
4.0200000000000005,6.08865874816052e-19,-1.4671225130932508,1.0033279428585269,2.8558312124767556e-18,-0.03858854348244472,-0.003050335005627194,0.999999987903205,-0.00015554288863122044,-4.2030818048536726e-19,2.4691255767461403e-21
4.022,6.145599011357582e-19,-1.4671996760921668,1.0033218474347114,2.838180553533578e-18,-0.03857432297481981,-0.0030450888537884727,0.9999999845486335,-0.00017579173241941875,-4.334982308996536e-19,1.7286570069648553e-21
4.024,6.202190111136739e-19,-1.4672768098600693,1.0033157624964706,2.8207718219464052e-18,-0.03855931342247739,-0.0030398494359727287,0.99999998081261,-0.00019589481869278385,-4.466258415865277e-19,3.050637719638837e-22
4.026,6.258418586802594e-19,-1.4673539128247435,1.003309688030289,2.8019904492128882e-18,-0.038543520697807726,-0.003034616799415029,0.9999999767038508,-0.00021585249164779408,-4.6514760458852095e-19,-4.279134725432405e-22
4.0280000000000005,6.314271406192016e-19,-1.4674309834257047,1.0033036240225577,2.7831350402908235e-18,-0.038526950658456544,-0.0030293909903710927,0.9999999722309805,-0.0002356650984693396,-4.890643502654438e-19,-2.1859181257508703e-21
4.03,6.369729871576763e-19,-1.4675080201141686,1.0032975704595763,2.762483977315927e-18,-0.03850960914721131,-0.003024172054125916,0.9999999674025319,-0.00025533298929301127,-5.128805190488907e-19,-3.5970567540152516e-21
4.032,6.424776803298705e-19,-1.4675850213530215,1.0032915273275549,2.7424128717449637e-18,-0.038491501991889054,-0.0030189600350024135,0.999999962226947,-0.00027485651716757805,-4.817442045944886e-19,-1.9348641508450835e-21
4.034,6.479434554363451e-19,-1.4676619856167905,1.0032854946126157,2.723564945414526e-18,-0.03847263500522564,-0.0030137549763700547,0.9999999567125762,-0.0002942360380176523,-4.507557318655497e-19,-9.618670096564591e-22
4.0360000000000005,6.533727528028285e-19,-1.4677389113916126,1.0032794723007952,2.7059341703749816e-18,-0.03845301398476655,-0.0030085569206534913,0.9999999508676796,-0.0003134719106065432,-4.1991459491731796e-19,-1.361756217679997e-21
4.038,6.587680007311854e-19,-1.4678157971752048,1.0032734603780458,2.6895145513691728e-18,-0.038432644712759124,-0.003003365909341197,0.9999999447004264,-0.0003325644964992977,-3.8921994287421247e-19,-2.788617847963604e-21
4.04,6.641316155647184e-19,-1.4678926414768334,1.0032674588302382,2.674300124074197e-18,-0.038411532956046324,-0.0029981819829941045,0.9999999382188958,-0.00035151416002592945,-3.58670652925119e-19,-3.8697797986358416e-21
4.042,6.694660017459179e-19,-1.4679694428172827,1.0032614676431628,2.6602849521896277e-18,-0.038389684465961874,-0.0029930051812542264,0.9999999314310768,-0.0003703212682448359,-3.2826638440089736e-19,-5.6332352309611424e-21
4.0440000000000005,6.747733366879548e-19,-1.4680461997288239,1.0032554868025314,2.646817569663304e-18,-0.03836710497822693,-0.002987835542853282,0.9999999243448688,-0.00038898619090640263,-3.5283249731037517e-19,-8.74198213315144e-21
4.046,6.800517353400597e-19,-1.4681229107551843,1.0032495162939794,2.63131373095613e-18,-0.03834380021284817,-0.0029826731056213315,0.9999999169680817,-0.0004075093004167949,-3.8822082277619445e-19,-1.0811921257361665e-20
4.048,6.85298856199275e-19,-1.4681995744515153,1.0032435561030675,2.615935383725093e-18,-0.03831977587401731,-0.002977517906495364,0.999999909308436,-0.00042589097180193786,-3.6861481048033784e-19,-1.1185985235952396e-20
4.05,6.905159917592267e-19,-1.4682761893843606,1.0032376062152832,2.6013278235517477e-18,-0.038295037650012104,-0.0029723699815279257,0.9999999013735638,-0.00044413158267168294,-3.4910132014372727e-19,-1.0531122618290633e-20
4.0520000000000005,6.957046797958531e-19,-1.4683527541316246,1.0032316666160432,2.587487255141537e-18,-0.03826959121309869,-0.002967229365895701,0.9999998931710083,-0.0004622315131841624,-3.296808064280313e-19,-1.0905741879435552e-20
4.054,7.008664505142052e-19,-1.4684292672825403,1.003225737290694,2.574409903091321e-18,-0.03824344221943541,-0.002962096093908093,0.999999884708225,-0.0004801911460103304,-3.1035218406539696e-19,-1.0937570615985845e-20
4.056,7.060028265860254e-19,-1.4685057274376367,1.0032198182245151,2.562092008717875e-18,-0.038216596308978036,-0.0029569701990158135,0.9999998759925809,-0.0004980108662986916,-2.9111440143111295e-19,-9.255964739280944e-21
4.058,7.111153231795975e-19,-1.4685821332087063,1.0032139094027195,2.5505298274023215e-18,-0.03818905910538638,-0.0029518517138194455,0.9999998670313557,-0.0005156910616402169,-2.719678906466566e-19,-7.577887705565271e-21
4.0600000000000005,7.1620544799126e-19,-1.4686584832187726,1.003208010810456,2.5397196329162526e-18,-0.03816083621593229,-0.002946740670077967,0.999999857831742,-0.0005332321220334445,-2.474309957865239e-19,-8.647856852256666e-21
4.062,7.212747010337009e-19,-1.4687347761020573,1.0032021224328105,2.5293344336270544e-18,-0.03813193323140907,-0.002941637098717309,0.9999998484008453,-0.0005506344398497698,-2.778497176217983e-19,-1.0713977069747281e-20
4.064,7.263213461893972e-19,-1.4688110105039471,1.0031962442548084,2.5174354691629783e-18,-0.038102355726042245,-0.002936541029838875,0.9999998387456851,-0.0005678984097989204,-2.5878020620436764e-19,-1.1431737145657097e-20
4.066,7.313465962675859e-19,-1.4688871850809604,1.003190376261415,2.5079027310936185e-18,-0.0380721092574017,-0.0029314524927280105,0.9999998288731942,-0.0005850244288946178,-2.4531001453172117e-19,-1.2829127307759092e-20
4.0680000000000005,7.363514775041303e-19,-1.4689632985007142,1.0031845184375383,2.4969586174968356e-18,-0.03804119936631519,-0.0029263715158625403,0.9999998187902199,-0.0006020128964204248,-2.4835177185259577e-19,-1.489886310642301e-20
4.07,7.413359710411058e-19,-1.46903934944189,1.0031786707680301,2.487622719604106e-18,-0.03800963157678324,-0.002921298126921191,0.9999998085035241,-0.0006188642138957803,-2.458966672321474e-19,-1.7309635131930956e-20
4.072,7.463004170852005e-19,-1.4691153365942011,1.0031728332376877,2.4769827780620696e-18,-0.03797741139589532,-0.0029162323527920577,0.9999997980197837,-0.0006355787850422185,-2.324877497992093e-19,-1.9378789960203783e-20
4.074,7.512458719955752e-19,-1.469191258658357,1.003167005831255,2.468702899287055e-18,-0.0379445443137474,-0.002911174219581026,0.9999997873455908,-0.0006521570157497747,-1.9721202074852245e-19,-2.1456935920295358e-20
4.0760000000000005,7.561743909717603e-19,-1.4692671143460314,1.0031611885334248,2.4597590058640597e-18,-0.03791103580336088,-0.0029061237526201815,0.9999997764874536,-0.0006685993140435762,-2.1141893979475558e-19,-2.0756628909029043e-20
4.078,7.610852939748975e-19,-1.469342902379826,1.00315538132884,2.451123230586955e-18,-0.03787689132060276,-0.0029010809764761945,0.9999997654517964,-0.0006849060900506185,-2.1459295363964774e-19,-1.9379992539578425e-20
4.08,7.659783348991287e-19,-1.4694186214932374,1.0031495842020952,2.4419328045791616e-18,-0.03784211630410721,-0.002896045914958677,0.9999997542449598,-0.0007010777559667273,-2.0680092028574255e-19,-1.9727817822574968e-20
4.082,7.708539853043048e-19,-1.4694942704306224,1.003143797137738,2.433696605595491e-18,-0.037806716175198374,-0.002891018591128519,0.9999997428732017,-0.0007171147260237045,-2.0452816993177818e-19,-1.9728280688955074e-20
4.0840000000000005,7.757124989266113e-19,-1.4695698479471626,1.0031380201202704,2.4249034590427223e-18,-0.037770696337814554,-0.002885999027306219,0.9999997313426974,-0.0007330174164566597,-2.0227943135637655e-19,-2.0071370924906178e-20
4.086,7.805542709283511e-19,-1.4696453528088302,1.0031322531341509,2.4168472374797776e-18,-0.03773406217843363,-0.002880987245080146,0.9999997196595398,-0.0007487862454715253,-2.0005384956394315e-19,-1.972951070005475e-20
4.088,7.85379192564169e-19,-1.4697207837923532,1.0031264961637953,2.408124752610283e-18,-0.03769681906599979,-0.0028759832653148217,0.9999997078297405,-0.0007644216332127572,-2.0332191379095776e-19,-2.0069655018531807e-20
4.09,7.901872977031571e-19,-1.4697961396851793,1.0031207491935785,2.4000307574929795e-18,-0.037658972351851554,-0.002870987108159146,0.9999996958592293,-0.0007799240017312189,-2.011066917014354e-19,-2.2810977635076822e-20
4.0920000000000005,7.949786918980822e-19,-1.4698714192854418,1.0031150122078356,2.3913777910099217e-18,-0.037620527369651054,-0.0028659987930546036,0.9999996837538555,-0.0007952937749522487,-1.9891250491658262e-19,-2.2461816927466698e-20
4.094,7.997534790175922e-19,-1.4699466214019232,1.0031092851908638,2.3833517997908404e-18,-0.03758148943531457,-0.0028610183387434564,0.9999996715193878,-0.0008105313786439126,-1.9673907480126732e-19,-1.8686024850011106e-20
4.096,8.045116893421533e-19,-1.47002174485402,1.0031035681269236,2.3748725714150484e-18,-0.03754186384694436,-0.0028560457632768833,0.9999996591615152,-0.0008256372403854382,-1.945923439296934e-19,-1.9031084996466767e-20
4.098,8.0925356655169105e-19,-1.4700967884717073,1.0030978610002395,2.3669110258455705e-18,-0.03750165588476168,-0.0028510810840230824,0.9999996466858468,-0.0008406117895358332,-1.9793860506554566e-19,-1.9714251394904715e-20
4.1,8.139787080457695e-19,-1.4701717510955024,1.0030921637950025,2.3582804165884505e-18,-0.037460870811041144,-0.0028461243176753966,0.999999634097913,-0.0008554554572026867,-2.0126901487131635e-19,-2.039538009232511e-20
4.102,8.186872502933365e-19,-1.4702466315764293,1.0030864764953706,2.3502760186701705e-18,-0.037419513870046196,-0.002841175480260337,0.9999996214031653,-0.0008701686762111527,-1.991007196267972e-19,-2.073731679645402e-20
4.104,8.233793308436057e-19,-1.4703214287759827,1.0030807990854707,2.3417110597260967e-18,-0.03737759028796592,-0.002836234587145647,0.9999996086069773,-0.0008847518810731164,-1.9694301862601474e-19,-2.1420674732362425e-20
4.106,8.280548356339836e-19,-1.4703961415660913,1.003075131549399,2.3337720053391362e-18,-0.037335105272853,-0.002831301653048258,0.9999995957146449,-0.0008992055079565425,-2.0574797368691748e-19,-2.2435360994718172e-20
4.108,8.327133282020345e-19,-1.4704707688290817,1.0030694738712238,2.324734974969736e-18,-0.037292064014562934,-0.0028263766920422666,0.9999995827313867,-0.0009135299946550053,-2.1451118066165108e-19,-2.3447641323570473e-20
4.11,8.373540882912457e-19,-1.470545309457642,1.0030638260349851,2.3160039345336405e-18,-0.03724847168469444,-0.002821459717566869,0.9999995696623447,-0.0009277257805574006,-2.2871568173794596e-19,-2.4794361418359143e-20
4.112,8.419760763781421e-19,-1.4706197623547852,1.0030581880246972,2.3059633281436242e-18,-0.03720433343653105,-0.0028165507424342444,0.9999995565125847,-0.0009417933066178387,-2.4834557257565524e-19,-2.3048848960226367e-20
4.114,8.46577934712371e-19,-1.4706941264338127,1.003052559824349,2.295802976521056e-18,-0.03715965440498391,-0.0028116497788374002,0.9999995432870965,-0.0009557330153257181,-2.6789514122891046e-19,-2.096482079475468e-20
4.116,8.51158025108449e-19,-1.4707684006182768,1.0030469414179057,2.284124267668861e-18,-0.03711443970653575,-0.002806756838358013,0.9999995299907951,-0.0009695453506759814,-2.818698169590625e-19,-1.9233246564549327e-20
4.118,8.5571496785533405e-19,-1.470842583841945,1.0030413327893102,2.272763437357848e-18,-0.03706869443918607,-0.002801871931974204,0.9999995166285203,-0.0009832307581395495,-2.90282046380995e-19,-1.6825788009421484e-20
4.12,8.602482503485289e-19,-1.4709166750487614,1.0030357339224838,2.26042849508902e-18,-0.03702242368239741,-0.0027969950700682546,0.9999995032050378,-0.0009967896846339382,-2.986424764221776e-19,-1.5452430943999985e-20
4.122,8.647570416517457e-19,-1.4709906731928113,1.0030301448013277,2.2483084554779207e-18,-0.03697563249704289,-0.0027921262624344104,0.9999994897250408,-0.0010102225784940535,-3.1243321089177334e-19,-1.442115464120776e-20
4.124,8.692405509726806e-19,-1.4710645772382827,1.003024565409724,2.235110991081021e-18,-0.03692832592535482,-0.002787265518286466,0.9999994761931456,-0.0010235298894431632,-3.2068970530765386e-19,-1.408317455404284e-20
4.126,8.736979559363182e-19,-1.4711383861594292,1.0030189957315372,2.2222403033667465e-18,-0.0368805089908745,-0.002782412846265432,0.999999462613899,-0.0010367120685640572,-3.2889545613454068e-19,-1.5117050041768802e-20
4.128,8.781285818688336e-19,-1.4712120989405333,1.0030134357506146,2.2082964357266427e-18,-0.03683218669840316,-0.0027775682544471172,0.999999448991775,-0.0010497695682703764,-3.370489263782035e-19,-1.5805816554610182e-20
4.13,8.825319733363093e-19,-1.4712857145758678,1.0030078854507885,2.195221190360333e-18,-0.03678336403395398,-0.0027727317503496935,0.9999994353311751,-0.0010627028422781253,-3.2872899298781043e-19,-1.6510191995192602e-20
4.132,8.869088962543895e-19,-1.471359232069659,1.0030023448158762,2.181720206625458e-18,-0.03673404596470532,-0.0027679033409412166,0.99999942163643,-0.0010755123455773623,-3.204232107939298e-19,-1.7898196355756956e-20
4.134,8.912596493365002e-19,-1.4714326504360484,1.0029968138296823,2.1690870461595715e-18,-0.03668423743895502,-0.0027630830326470846,0.9999994079117995,-0.001088198534404068,-3.2310931020920264e-19,-1.9613741735835814e-20
4.136,8.955842067070087e-19,-1.4715059686990555,1.0029912924759983,2.1554887147441213e-18,-0.036633943386075785,-0.002758270831357494,0.9999993941614733,-0.0011007618662121897,-3.312640936390883e-19,-2.0290435585041547e-20
4.138,8.998821129739124e-19,-1.4715791858925393,1.0029857807386047,2.1424361100194395e-18,-0.03658316871647173,-0.002753466742434816,0.9999993803895713,-0.0011132027996458651,-3.2842394266068214e-19,-1.720870440425202e-20
4.14,9.041534883218083e-19,-1.471652301060161,1.0029802786012718,2.129065298782363e-18,-0.036531918321535996,-0.0027486707707209583,0.9999993666001442,-0.0011255217945118233,-3.091511082165298e-19,-1.5522788560452016e-20
4.142,9.083997426724558e-19,-1.4717253132553452,1.0029747860477611,2.117314514713971e-18,-0.036480197073609444,-0.0027438829205446587,0.9999993527971741,-0.0011377193117519588,-2.899711971100562e-19,-1.5211433841662118e-20
4.144,9.126221714319552e-19,-1.4717982215412422,1.0029693030618256,2.105239113015477e-18,-0.03642800982594046,-0.002739103195728776,0.9999993389845749,-0.0011497958134160866,-2.928144747371753e-19,-1.6588688070466048e-20
4.146,9.168208439178332e-19,-1.4718710249906897,1.0029638296272112,2.093271418444341e-18,-0.036375361412645794,-0.0027343315995975036,0.9999993251661929,-0.0011617517626348692,-3.1757493008923e-19,-1.8279292152317217e-20
4.148,9.209937504447555e-19,-1.4719437226861742,1.0029583657276575,2.079473922014828e-18,-0.036322256648672516,-0.002729568134983539,0.9999993113458073,-0.001173587623592923,-3.422152220918368e-19,-1.7567705661313407e-20
4.15,9.251392490128747e-19,-1.4720163137197935,1.0029529113468991,2.0662230324481353e-18,-0.03626870032976099,-0.0027248128042352267,0.9999992975271308,-0.0011853038615020947,-3.118869345292163e-19,-1.692262261870952e-20
4.152,9.292594368900541e-19,-1.4720887971932168,1.0029474664686664,2.0541622903199e-18,-0.03621469723240894,-0.002720065609223665,0.9999992837138099,-0.001196900942574918,-2.8170284721192823e-19,-1.6622022234615926e-20
4.154,9.333566884976084e-19,-1.472161172217648,1.0029420310766863,2.0432858266593035e-18,-0.03616025211383652,-0.002715326551349743,0.9999992699094256,-0.0012083793339982413,-2.5166185483948683e-19,-1.632202305766959e-20
4.156,9.374333665469159e-19,-1.4722334379137851,1.002936605154684,2.0335878002979053e-18,-0.036105369711952454,-0.0027105956315511413,0.9999992561174941,-0.001219739503907031,-2.217637042758119e-19,-1.63648810843509e-20
4.158,9.414918220950758e-19,-1.4723055934117835,1.0029311886863823,2.025062398256255e-18,-0.036050054745321206,-0.0027058728503092993,0.999999242341467,-0.0012309819213583467,-1.9200729066595371e-19,-1.640793705761979e-20
4.16,9.455339642351921e-19,-1.472377637851216,1.0029257816555044,2.0169506949626275e-18,-0.035994311913131176,-0.002701158207656319,0.9999992285847321,-0.0012421070563054934,-2.1721773179034344e-19,-1.6382891022229474e-20
4.162,9.49558392812116e-19,-1.4724495703810339,1.0029203840457732,2.0074212591941544e-18,-0.035938145895163885,-0.0026964517031818564,0.9999992148506138,-0.001253115379572342,-2.313535314493665e-19,-1.397252842525467e-20
4.164,9.535639654826594e-19,-1.4725213901595295,1.0029149958409134,1.9980953112722057e-18,-0.03588156135176423,-0.002691753336039893,0.9999992011423735,-0.0012640073628278259,-2.454089646733234e-19,-1.122566154287452e-20
4.166,9.575495465063714e-19,-1.472593096354296,1.0029096170246514,1.987358320419525e-18,-0.03582456292381167,-0.002687063104955575,0.9999991874632105,-0.001274783478560608,-2.648842475383637e-19,-1.1561533880210393e-20
4.168,9.61513503689785e-19,-1.4726646881421883,1.0029042475807168,1.976400262506683e-18,-0.035767155232692485,-0.002682381008231904,0.9999991738162621,-0.0012854442000539204,-2.9524534979182755e-19,-1.188265035294449e-20
4.17,9.654535301530899e-19,-1.4727361647092854,1.0028988874928428,1.963392508229045e-18,-0.03570934288027297,-0.0026777070437564157,0.9999991602046047,-0.0012959900013605745,-3.3097151934741166e-19,-1.253905800985138e-20
4.172,9.693671136323615e-19,-1.47280752525085,1.0028935367447676,1.950281160479582e-18,-0.03565113044887362,-0.0026730412090078433,0.9999991466312536,-0.0013064213572781432,-3.171855450607095e-19,-1.3600599395157537e-20
4.174,9.732549097319374e-19,-1.4728787689712899,1.0028881953202344,1.9376047007949154e-18,-0.03559252250124434,-0.0026683835010626825,0.9999991330991642,-0.0013167387433243123,-3.089434794400541e-19,-1.1568440753861894e-20
4.176,9.77117713934195e-19,-1.472949895084119,1.0028828632029931,1.925253058448448e-18,-0.03553352358054055,-0.0026637339166017435,0.9999991196112322,-0.0013269426357124037,-3.007535334025412e-19,-9.541028670598382e-21
4.178,9.809561381578177e-19,-1.473020902811918,1.0028775403768004,1.9132244679429376e-18,-0.03547413821030032,-0.002659092451916622,0.9999991061702943,-0.0013370335113270673,-2.9260560200655985e-19,-9.917809936653714e-21
4.18,9.847708269202657e-19,-1.4730917913862949,1.0028722268254209,1.9015173446495847e-18,-0.03541437089442241,-0.0026544591029161895,0.9999990927791296,-0.0013470118477001435,-2.8449629231183463e-19,-1.0293646345387071e-20
4.182,9.88562421578112e-19,-1.4731625600478453,1.0028669225326274,1.8901301118025306e-18,-0.0353542261171453,-0.002649833865132985,0.999999079440456,-0.001356878122986688,-2.7642496709706183e-19,-1.0326285837050036e-20
4.184,9.923315603415054e-19,-1.4732332080461146,1.0028616274822024,1.879061199915782e-18,-0.035293708343027134,-0.0026452167337295304,0.9999990661569371,-0.0013666328159411794,-2.683928322769164e-19,-1.1043713732957341e-20
4.186,9.960788782898174e-19,-1.4733037346395568,1.0028563416579381,1.8683090475832017e-18,-0.03523282201692662,-0.0026406077035046466,0.9999990529311787,-0.0013762764058938798,-2.6039549362268455e-19,-9.360763680419057e-21
4.188,9.998050073841717e-19,-1.4733741390954962,1.002851065043638,1.85787209725265e-18,-0.03517157156398482,-0.002636006768899698,0.9999990397657301,-0.0013858093727273715,-2.4695166890504755e-19,-6.319467184414544e-21
4.19,1.0035109349426763e-18,-1.4734444206900879,1.0028457976231164,1.848178821919509e-18,-0.035109961389607945,-0.0026314139240048227,0.9999990266630846,-0.001395232196853258,-2.2809233652639317e-19,-5.6911332749921575e-21
4.192,1.0071982168842821e-18,-1.4735145787082777,1.0028405393802005,1.8392258952665054e-18,-0.03504799587945095,-0.002626829162565069,0.9999990136256804,-0.0014045453591890332,-2.093224249979755e-19,-5.0642064403834204e-21
4.194,1.0108683302534303e-18,-1.473584612443763,1.0028352902987296,1.8309020766711187e-18,-0.034985679399402135,-0.0026222524779864957,0.9999990006559009,-0.0014137493411351158,-1.9612791577735141e-19,-7.172273121919867e-21
4.196,1.0145220995471824e-18,-1.4736545211989536,1.0028300503625571,1.822881496099557e-18,-0.03492301629556861,-0.0026176838633422423,0.9999989877560749,-0.0014228446245520498,-1.9943161771109416e-19,-9.937775380053242e-21
4.198,1.0181595563599993e-18,-1.473724304284931,1.0028248195555503,1.8145179713116495e-18,-0.034860010894262654,-0.0026131233113785507,0.9999989749284778,-0.0014318316917378711,-2.0819977567237894e-19,-1.0975609998728914e-20
4.2,1.0217799442708828e-18,-1.4737939610214101,1.0028195978615912,1.8058128659804754e-18,-0.03479666750198894,-0.0026085708145206984,0.999998962175332,-0.0014407110254056393,-2.2240501897839214e-19,-9.261857583749258e-21
4.202,1.02538222334813e-18,-1.4738634907366988,1.0028143852645777,1.796337850837572e-18,-0.03473299040543271,-0.002604026364878913,0.999998949498807,-0.0014494831086611314,-2.42027504537186e-19,-8.914942157047305e-21
4.204,1.0289646777583878e-18,-1.4739328927676585,1.0028091817484233,1.785988807589906e-18,-0.03466898387144874,-0.0025994899542542433,0.99999893690102,-0.0014581484249807037,-2.6704051065627455e-19,-9.246270919455576e-21
4.206,1.032525491623997e-18,-1.4740021664596645,1.0028039872970587,1.774662133227805e-18,-0.03460465214705126,-0.0025949615741443655,0.9999989243840374,-0.0014667074581893144,-2.919464548290144e-19,-8.548469579503929e-21
4.208,1.0360626784075862e-18,-1.4740713111665664,1.0027988018944314,1.762362497963499e-18,-0.03453999945940465,-0.0025904412157493487,0.9999989119498736,-0.0014751606924387104,-3.1673683136767103e-19,-9.565689217611828e-21
4.21,1.0395742970102344e-18,-1.4741403262506483,1.0027936255245071,1.749094721338687e-18,-0.034475030015815054,-0.0025859288699773444,0.9999988996004932,-0.0014835086121857766,-3.4141017123891694e-19,-1.0922406187342267e-20
4.212,1.0430584159502776e-18,-1.4742092110825886,1.00278845817127,1.734863600869813e-18,-0.03440974800372282,-0.0025814245274502798,0.9999988873378103,-0.0014917517021710474,-3.659675341799137e-19,-1.2960880982795228e-20
4.214,1.0465131133188282e-18,-1.4742779650414213,1.0027832998187234,1.7196739115933311e-18,-0.03434415759069577,-0.0025769281785094525,0.99999887516369,-0.001499890447397381,-3.904053932544296e-19,-1.2939019503903138e-20
4.216,1.0499365843229476e-18,-1.4743465875144952,1.0027781504508897,1.7036379942446585e-18,-0.034278262924423354,-0.002572439813221106,0.9999988630799483,-0.001507925333108793,-4.0924381267072786e-19,-1.2240977111311104e-20
4.218,1.0533271052671214e-18,-1.474415077897435,1.002773010051812,1.6868679748475992e-18,-0.034212068132711555,-0.0025679594213819127,0.9999988510883528,-0.001515856844769453,-4.334635337601959e-19,-1.2221696516080174e-20
4.22,1.0566831760692036e-18,-1.4744834355941008,1.0027678786055536,1.6690450641199341e-18,-0.03414557732347869,-0.002563486992524474,0.9999988391906233,-0.0015236854680428407,-4.575804109138737e-19,-1.1518388757705873e-20
4.222,1.0600025878971898e-18,-1.4745516600165487,1.0027627560961996,1.650173970235938e-18,-0.03407879458475199,-0.0025590225159227075,0.9999988273884319,-0.001531411688771061,-4.870535739586632e-19,-1.149378497651666e-20
4.224,1.0632831063859924e-18,-1.4746197505849912,1.0027576425078562,1.6301526389064601e-18,-0.034011723984664996,-0.002554565980597227,0.9999988156834045,-0.0015390359929543197,-5.163864953889971e-19,-1.112623863016224e-20
4.226,1.0665224367664635e-18,-1.4746877067277568,1.002752537824652,1.6089867716766583e-18,-0.03394436957145576,-0.002550117375320639,0.9999988040771204,-0.001546558866730559,-5.455814046538509e-19,-1.1444137288278706e-20
4.228,1.0697186184169295e-18,-1.474755527881251,1.0027474420307385,1.58732758532094e-18,-0.03387673537346585,-0.0025456766886228195,0.9999987925711129,-0.001553980796355249,-5.252947236574329e-19,-1.1837656322594514e-20
4.23,1.0728729997301618e-18,-1.4748232134899157,1.0027423551102903,1.5671139933855498e-18,-0.033808825399140124,-0.002541243908796116,0.9999987811668705,-0.0015613022681813392,-5.0511667973521905e-19,-1.1887849226092814e-20
4.232,1.075986886268181e-18,-1.47489076300619,1.0027372770475054,1.5469398597228589e-18,-0.03374064363702732,-0.002536819023900525,0.9999987698658365,-0.0015685237686393662,-4.905038694945505e-19,-1.192845484182226e-20
4.234,1.0790616843107323e-18,-1.4749581758904702,1.002732207826606,1.5278815910111122e-18,-0.03367219405578139,-0.0025324020217687994,0.9999987586694103,-0.00157564578421772,-4.869260268622674e-19,-1.2293925237715655e-20
4.236,1.0820976470938735e-18,-1.47502545161107,1.0027271474318393,1.5081044895933111e-18,-0.033603480604163634,-0.0025279928900115074,0.9999987475789476,-0.0015826688014430647,-4.943335180985286e-19,-1.4695946458936157e-20
4.238,1.0850944526290726e-18,-1.4750925896441804,1.002722095847477,1.4886887095627085e-18,-0.03353450721104558,-0.0025235916160220497,0.9999987365957607,-0.001589593306860918,-5.017037011715148e-19,-1.5721211246353995e-20
4.24,1.08805145864612e-18,-1.475159589473831,1.0027170530578162,1.4682334731592456e-18,-0.03346527778541265,-0.0025191981869816344,0.9999987257211193,-0.0015964197870163832,-5.035525671820552e-19,-1.435412070039803e-20
4.242,1.0909682408471036e-18,-1.4752264505918489,1.00271201904718,1.4485726256964538e-18,-0.03339579621636853,-0.0025148125898641805,0.9999987149562509,-0.0016031487284350386,-4.99895474382209e-19,-1.1971026943250954e-20
4.244,1.093845201376554e-18,-1.4752931724978195,1.0027069937999182,1.428519278061592e-18,-0.03332606637314033,-0.002510434811441187,0.9999987043023414,-0.0016097806176039796,-4.852933376328892e-19,-1.1324411250746587e-20
4.246,1.0966835297598765e-18,-1.4753597546990473,1.0027019773004064,1.4100116683528205e-18,-0.033256092105084484,-0.0025060648382865575,0.9999986937605356,-0.0016163159409530166,-4.598088123155482e-19,-1.1039118796943226e-20
4.248,1.0994849469589842e-18,-1.4754261967105151,1.0026969695330479,1.3912128067150403e-18,-0.033185877241693335,-0.0025017026567813474,0.9999986833319374,-0.0016227551848360252,-4.837883006362283e-19,-1.0674613597599756e-20
4.25,1.1022477949178761e-18,-1.4754924980548452,1.002691970482273,1.3714791205291073e-18,-0.03311542559260251,-0.002497348253118503,0.9999986730176108,-0.0016290988355124499,-5.076483088509149e-19,-1.4764827383352374e-20
4.252,1.1049702447500137e-18,-1.4755586582622588,1.00268698013254,1.3508154202114024e-18,-0.033044740947599,-0.0024930016133075166,0.99999866281858,-0.0016353473791289599,-5.313912645822881e-19,-1.6446770580053437e-20
4.2540000000000004,1.1076504410468624e-18,-1.4756246768705377,1.0026819984683355,1.3292263215003091e-18,-0.03297382707662992,-0.0024886627231790557,0.9999986527358299,-0.0016415013017012578,-5.550177490062514e-19,-1.572533753976456e-20
4.256,1.1102865376071809e-18,-1.475690553424983,1.0026770254741744,1.3067164163118106e-18,-0.03290268772981201,-0.0024843315683895197,0.999998642770307,-0.0016475610890960386,-5.785316678655209e-19,-1.4662595253773698e-20
4.258,1.112876697390999e-18,-1.4757562874783763,1.0026720611346003,1.2832902741864094e-18,-0.03283132663744183,-0.0024800081344255763,0.9999986329229196,-0.0016535272270131007,-6.074183916825674e-19,-1.4621368003865986e-20
4.26,1.1154190567834333e-18,-1.4758218785909405,1.0026671054341865,1.2591679636543278e-18,-0.03275974751000668,-0.00247569240660863,0.9999986231945379,-0.0016594002009676068,-5.923075577288396e-19,-1.4652016282412634e-20
4.2620000000000005,1.117914415592906e-18,-1.4758873263302992,1.0026621583575355,1.2361816328078886e-18,-0.03268795403819616,-0.0024713843700992304,0.9999986135859955,-0.001665180496272495,-5.882335211076308e-19,-1.466388409606161e-20
4.264,1.1203630676226392e-18,-1.4759526302714376,1.0026572198892796,1.212497005793144e-18,-0.032615949892914456,-0.0024670840099014807,0.9999986040980889,-0.0016708685980210394,-5.841646545738429e-19,-1.399036127491769e-20
4.266,1.1227652340222442e-18,-1.4760177899966633,1.0026522900140813,1.1897319094043745e-18,-0.03254373872529328,-0.0024627913108673334,0.9999985947315786,-0.001676464991069559,-5.855671157106331e-19,-1.0569186597667614e-20
4.268,1.1251210645230281e-18,-1.476082805095566,1.0026473687166337,1.1660534755411505e-18,-0.032471324166705506,-0.002458506257700872,0.9999985854871891,-0.0016819701600202758,-5.924608098294128e-19,-8.51710579427843e-21
4.2700000000000005,1.1274298837552522e-18,-1.476147675164979,1.0026424559816605,1.1426490432115717e-18,-0.032398709828779466,-0.002454228834962559,0.9999985763656098,-0.00168738458920432,-6.103040084646605e-19,-8.850032288645185e-21
4.272,1.1296903368762315e-18,-1.476212399808938,1.0026375517939161,1.1176879176345588e-18,-0.03232589930341389,-0.0024499590270734076,0.9999985673674954,-0.0016927087626648837,-6.280614514785597e-19,-8.49687187863454e-21
4.274,1.1319009680079442e-18,-1.4762769786386438,1.0026326561381869,1.0928994159122699e-18,-0.03225289616279352,-0.0024456968183191184,0.9999985584934659,-0.0016979431641405201,-6.457205734708442e-19,-7.458865360000332e-21
4.276,1.1340605799644696e-18,-1.4763414112724216,1.0026277689992902,1.066454025941211e-18,-0.032179703959405365,-0.002441442192854162,0.9999985497441078,-0.001703088277048589,-6.687921268760033e-19,-6.756670491664858e-21
4.2780000000000005,1.1361673721594297e-18,-1.4764056973356816,1.0026228903620755,1.0405107278647742e-18,-0.03210632622605562,-0.002437195134705832,0.9999985411199743,-0.0017081445844688503,-6.424111415497893e-19,-6.140217872215556e-21
4.28,1.1382233166694686e-18,-1.4764698364608804,1.0026180202114243,1.0156055229512232e-18,-0.0320327664758872,-0.0024329556277782128,0.9999985326215853,-0.0017131125691271986,-6.161587241996675e-19,-7.581036199917124e-21
4.282,1.140230484572743e-18,-1.476533828287481,1.0026131585322502,9.917333070085348e-19,-0.03195902820239789,-0.002428723655856147,0.9999985242494287,-0.0017179927133795475,-5.900301698366821e-19,-8.675624869436818e-21
4.284,1.1421909367634187e-18,-1.4765976724619136,1.0026083053094996,9.68889000051966e-19,-0.03188511487945917,-0.002424499202609111,0.99999851600396,-0.0017227854991958538,-5.640248927729793e-19,-9.42440080270009e-21
4.2860000000000005,1.144106723999513e-18,-1.476661368637537,1.0026034605281515,9.470675459763797e-19,-0.03181102996133563,-0.0024202822515950947,0.9999985078856034,-0.001727491408144288,-5.381417147361448e-19,-9.48511900578884e-21
4.288,1.1459798869504979e-18,-1.4767249164745984,1.002598624173218,9.26263912209296e-19,-0.03173677688270498,-0.0024160727862643904,0.999998499894752,-0.0017321109213755456,-5.123800605535036e-19,-8.859412736642034e-21
4.29,1.147812348654701e-18,-1.476788315640195,1.0025937962297446,9.064730895881532e-19,-0.031662359058678737,-0.002411870789963331,0.9999984920317684,-0.0017366445196073034,-4.867423200859341e-19,-9.263840411572327e-21
4.292,1.1496063449245696e-18,-1.476851565808235,1.00258897668281,8.876900934245177e-19,-0.03158777988482343,-0.0024076762459380244,0.9999984842969849,-0.0017410926831088163,-4.612249270762192e-19,-8.981845738528857e-21
4.2940000000000005,1.1513637788583387e-18,-1.476914666659398,1.0025841655175263,8.70017551326374e-19,-0.031513042737182466,-0.0024034891373380233,0.999998476690704,-0.0017454558916856558,-4.303459420193347e-19,-8.709925532125979e-21
4.296,1.1530869020940987e-18,-1.4769776178810956,1.0025793627190396,8.529122179812918e-19,-0.03143815097229855,-0.0023993094472199226,0.9999984692131991,-0.00174973462466459,-4.54444460528414e-19,-1.1427148441693297e-20
4.298,1.154773868010786e-18,-1.477040419167434,1.00257456827253,8.336817493700659e-19,-0.031363107927236726,-0.00239513715855094,0.9999984618647147,-0.0017539293608786026,-5.00342429822433e-19,-1.2043275874317377e-20
4.3,1.1564213329256189e-18,-1.4771030702191732,1.0025697821632116,8.137354918136853e-19,-0.03128791691960796,-0.002390972254212464,0.999998454645467,-0.0017580405786520538,-5.076245978126624e-19,-8.613501264702703e-21
4.3020000000000005,1.1580286237305697e-18,-1.4771655707436897,1.002565004376333,7.935078651039352e-19,-0.03121258124759333,-0.0023868147170035005,0.999998447555644,-0.001762068755785979,-5.148710556426582e-19,-4.506121687503939e-21
4.304,1.1595951790951679e-18,-1.4772279204549366,1.0025602348971774,7.730002760898847e-19,-0.031137104189968772,-0.002382664529644136,0.9999984405954065,-0.0017660143695435266,-5.275693673655285e-19,-2.454775461087807e-21
4.306,1.161120082036883e-18,-1.477290119073405,1.0025554737110622,7.51784110013618e-19,-0.031061489006130386,-0.002378521674778917,0.9999984337648881,-0.0017698778966355338,-5.456942855104942e-19,-2.7972504083770033e-21
4.308,1.1626018466880081e-18,-1.4773521663260856,1.0025507208033402,7.298625476029045e-19,-0.030985738936120298,-0.002374386134980209,0.9999984270641955,-0.0017736598132062408,-5.637338841859921e-19,-3.482017074752903e-21
4.3100000000000005,1.164039065764661e-18,-1.47741406194643,1.0025459761593984,7.073466839205144e-19,-0.030909857200653104,-0.0023702578927514845,0.9999984204934096,-0.001777360594819141,-5.762017399582823e-19,-2.1181424214053808e-21
4.312,1.1654309125936839e-18,-1.4774758056743118,1.0025412397646594,6.844548235693565e-19,-0.030833847001142816,-0.0023661369305305866,0.9999984140525853,-0.0017809807164429691,-5.776447432774452e-19,-4.343399079256017e-22
4.314,1.1667770672477842e-18,-1.4775373972559882,1.0025365116045808,6.617262797498309e-19,-0.030757711519730384,-0.0023620232306929526,0.999998407741752,-0.0017845206524378242,-5.736025962163298e-19,-1.1628839343506634e-21
4.316,1.168077927811016e-18,-1.4775988364440613,1.0025317916646554,6.391606073449619e-19,-0.030681453919311746,-0.002357916775554769,0.9999984015609142,-0.0017879808765414288,-5.695790016235421e-19,-1.5473882676259218e-21
4.3180000000000005,1.1693338192426349e-18,-1.47766012299744,1.0025270799304116,6.167570233731511e-19,-0.0306050773435664,-0.0023538175473761113,0.999998395510052,-0.001791361861855522,-5.655757051418216e-19,-2.616245432474321e-21
4.32,1.1705450649398246e-18,-1.4777212566813012,1.0025223763874134,5.946223375341287e-19,-0.030528584916986512,-0.002349725528364016,0.999998389589121,-0.0017946640808323884,-5.56105745030631e-19,-1.9790288959966313e-21
4.322,1.1717124527712142e-18,-1.4777822372670515,1.0025176810212602,5.728630009867549e-19,-0.030451979744906536,-0.002345640700675548,0.9999983837980535,-0.00179788800526152,-5.412005655775603e-19,-2.7229139867416113e-21
4.324,1.1728370179939152e-18,-1.4778430645322893,1.0025129938175872,5.51799266665896e-19,-0.030375264913533363,-0.002341563046420758,0.9999983781367581,-0.0018010341062564105,-5.263666530246362e-19,-3.807189066339169e-21
4.3260000000000005,1.1739200413152847e-18,-1.477903738260766,1.0025083147620655,5.314282282294992e-19,-0.030298443489976956,-0.0023374925476656585,0.9999983726051206,-0.0018041028542414845,-5.061174186527087e-19,-3.1865821832259876e-21
4.328,1.1749633353317959e-18,-1.4779642582423487,1.002503643840402,5.120692489166496e-19,-0.030221518522281516,-0.0023334291864351496,0.9999983672030045,-0.0018070947189391562,-4.750163452401433e-19,-4.985303374694562e-21
4.33,1.175969134099622e-18,-1.4780246242729809,1.0024989810383398,4.939320150592168e-19,-0.030144493039457126,-0.002329372944715854,0.9999983619302509,-0.0018100101693570218,-4.440627114443538e-19,-6.779594785348885e-21
4.332,1.1769398750871921e-18,-1.4780848361546457,1.002494326341658,4.770105087555281e-19,-0.030067370051511902,-0.002325323804458971,0.9999983567866791,-0.001812849673775182,-4.13257057416475e-19,-9.25438522314039e-21
4.3340000000000005,1.1778779837559238e-18,-1.4781448936953268,1.0024896797361715,4.612987408489507e-19,-0.029990152549484624,-0.0023212817475830676,0.9999983517720874,-0.0018156136997336948,-3.7711052214108024e-19,-9.334461755300476e-21
4.336,1.1787858733615282e-18,-1.478204796708971,1.002485041207732,4.465750624918855e-19,-0.029912843505477852,-0.0023172467559768,0.9999983468862528,-0.0018183027140201591,-3.8500832076437147e-19,-8.99266083965262e-21
4.338,1.1796633259610503e-18,-1.478264545015451,1.0024804107422267,4.3089784252621876e-19,-0.029835445872691525,-0.002313218811501637,0.9999983421289318,-0.0018209171826574259,-3.873873441120997e-19,-9.346562523494423e-21
4.34,1.1805101967319415e-18,-1.4783241384405263,1.0024757883255797,4.1599339254721147e-19,-0.029757962585457032,-0.002309197895994517,0.9999983374998608,-0.0018234575708914406,-3.842551602405398e-19,-7.310584147319868e-21
4.3420000000000005,1.1813268447025936e-18,-1.4783835768158067,1.0024711739437513,4.0067494512588055e-19,-0.02968039655927174,-0.002305183991270471,0.9999983329987562,-0.0018259243431792119,-3.7017330445822457e-19,-5.642047651855374e-21
4.344,1.1821142372473505e-18,-1.4784428599787138,1.0024665675827382,3.8688098121331926e-19,-0.029602750690834005,-0.002301177079125204,0.9999983286253151,-0.0018283179631769081,-3.506762586707809e-19,-4.330051982246861e-21
4.346,1.1828741254315111e-18,-1.4785019877724443,1.0024619692285732,3.7320584266152482e-19,-0.029525027858078617,-0.0022971771413376365,0.9999983243792157,-0.0018306388937280827,-3.2578969691210386e-19,-3.373742989618218e-21
4.348,1.1836085755007562e-18,-1.4785609600459317,1.002457378867326,3.6137036893312585e-19,-0.029447230920212716,-0.0022931841596724014,0.999998320260117,-0.0018328875968520238,-2.9553916841333627e-19,-2.7722685595792947e-21
4.3500000000000005,1.1843195007672181e-18,-1.4786197766538094,1.0024527964851029,3.496444090112487e-19,-0.029369362717752145,-0.002289198115882325,0.9999983162676601,-0.001835064533732231,-2.8733635235249483e-19,-2.131920593362845e-21
4.352,1.1850076220585293e-18,-1.478678437456373,1.002448222068046,3.38458636140635e-19,-0.029291426072558253,-0.002285218991710825,0.999998312401468,-0.0018371701647050174,-2.956121764435895e-19,-4.2041637790665e-21
4.354,1.185672366808376e-18,-1.4787369423195433,1.0024436556023344,3.2619639863798205e-19,-0.029213423787875125,-0.0022812467688942966,0.9999983086611459,-0.0018392049492482374,-3.0933070817096845e-19,-5.918372153827588e-21
4.356,1.1863126991640716e-18,-1.478795291114829,1.0024390970741837,3.1393907918410175e-19,-0.02913535864836726,-0.0022772814291644834,0.9999983050462833,-0.0018411693459701387,-3.28464891897877e-19,-6.590490600441733e-21
4.358,1.186927086513666e-18,-1.4788534837192895,1.0024345464698459,3.0039543685327192e-19,-0.029057233420157657,-0.0022733229542507803,0.9999983015564491,-0.0018430638125983298,-3.3654258683698463e-19,-6.93860582602132e-21
4.36,1.1875150074375382e-18,-1.478911520015498,1.0024300037756098,2.87401348489982e-19,-0.028979050850866342,-0.00226937132588248,0.9999982981911988,-0.0018448888059688895,-3.4455284404396854e-19,-5.572652977006826e-21
4.362,1.188075587253382e-18,-1.4789693998915048,1.0024254689778005,2.730188845857188e-19,-0.0289008136696493,-0.002265426525791009,0.999998294950071,-0.0018466447820155811,-3.6346680912665436e-19,-5.560818620773495e-21
4.364,1.1886075262006111e-18,-1.4790271232407994,1.0024209420627799,2.5876098146554634e-19,-0.028822524587237823,-0.0022614885357121425,0.9999982918325883,-0.001848332195759195,-3.823053673134339e-19,-6.234369391944498e-21
4.366,1.1891092081113627e-18,-1.4790846899622747,1.002416423016946,2.426907919448437e-19,-0.028744186295978275,-0.00225755733738811,0.9999982888382575,-0.0018499515012970144,-4.1200613577993247e-19,-6.5434775338332124e-21
4.368,1.1895787025057858e-18,-1.47914209996019,1.0024119118267334,2.2696887572557803e-19,-0.02866580146987224,-0.0022536329125697843,0.9999982859665706,-0.0018515031517923998,-3.8673973532490496e-19,-6.6111273175163304e-21
4.37,1.1900177462871202e-18,-1.4791993531441345,1.0024074084786139,2.1223939531882142e-19,-0.02858737276461709,-0.002249715243018695,0.9999982832170046,-0.0018529875994644945,-3.615956524608151e-19,-8.04912465431469e-21
4.372,1.190428319434503e-18,-1.4792564494289901,1.0024029129590948,1.9849746197805652e-19,-0.02850890281764694,-0.0022458043105091207,0.9999982805890217,-0.00185440529557805,-3.36571407200381e-19,-9.826240938357587e-21
4.374,1.1908123921728717e-18,-1.4793133887348957,1.0023984252547202,1.8573821018122183e-19,-0.028430394248173965,-0.0022419000968300845,0.9999982780820705,-0.0018557566904333707,-3.1166389436999367e-19,-1.0571031093883675e-20
4.376,1.1911719250190647e-18,-1.47937017098721,1.002393945352071,1.7395679734070987e-19,-0.028351849657230158,-0.0022380025837873043,0.9999982756955852,-0.0018570422333563758,-2.868738280126375e-19,-1.0971265891032731e-20
4.378,1.1915088688276702e-18,-1.479426796116476,1.0023894732377636,1.6314840378448203e-19,-0.028273271627709404,-0.00223411175320517,0.9999982734289866,-0.0018582623726887816,-2.6220128625504423e-19,-1.137042497079858e-20
4.38,1.1918251648368122e-18,-1.4794832640583844,1.0023850088984516,1.5330823271216616e-19,-0.02819466272440998,-0.0022302275869286103,0.9999982712816824,-0.0018594175557783994,-2.3764507525630136e-19,-1.1425852108331621e-20
4.382,1.1921227447137486e-18,-1.4795395747537372,1.0023805523208245,1.4443151002088092e-19,-0.02811602549407738,-0.0022263500668249733,0.9999982692530672,-0.001860508228969552,-2.132040060341016e-19,-1.0795703279996219e-20
4.384,1.192403530600118e-18,-1.479595728148412,1.0023761034916079,1.3651348418933274e-19,-0.02803736246544755,-0.002222479174785866,0.9999982673425232,-0.0018615348375936045,-1.8887944330972157e-19,-1.0509994195626992e-20
4.386,1.1926694351571334e-18,-1.4796517241933258,1.0023716623975638,1.2954942631487464e-19,-0.027958676149290457,-0.0022186148927289305,0.9999982655494201,-0.001862497825959613,-1.6467147191650276e-19,-1.0910165127755088e-20
4.388,1.192922361610754e-18,-1.4797075628443994,1.0023672290254904,1.2353463003662025e-19,-0.027879969038453998,-0.0022147572025996306,0.9999982638731156,-0.0018633976373450874,-1.4057826427493519e-19,-1.130845837047171e-20
4.39,1.1931643113843216e-18,-1.4797632440625212,1.0023628033622218,1.1846441133127506e-19,-0.027801243607908307,-0.0022109060863729616,0.9999982623129559,-0.001864234713986869,-1.2207674273224482e-19,-8.953377444410627e-21
4.392,1.193396631283969e-18,-1.479818767813512,1.0023583853946283,1.1390426745521403e-19,-0.027722502314790367,-0.0022070615260551614,0.9999982608682757,-0.0018650094970721223,-1.0913250439166022e-19,-6.5931871118062344e-21
4.394,1.1936202316084794e-18,-1.4798741340680885,1.002353975109616,1.0974460489688094e-19,-0.02764374759844898,-0.0022032235036853537,0.9999982595383987,-0.0018657224267294406,-1.0171003870713858e-19,-6.2843159422478885e-21
4.396,1.1938358042671157e-18,-1.4799293428018292,1.002349572494127,1.0587637140405932e-19,-0.027564981880490086,-0.0021993920013371926,0.9999982583226377,-0.0018663739420200643,-9.432212055061618e-20,-5.6330710655242174e-21
4.398,1.1940439306807393e-18,-1.4799843939951374,1.0023451775351389,1.0229813079357716e-19,-0.027486207564822382,-0.0021955670011204547,0.9999982572202949,-0.0018669644809292119,-8.696986434184269e-20,-5.325992424918705e-21
4.4,1.1942451894046894e-18,-1.4800392876332067,1.0023407902196655,9.900845373753828e-20,-0.027407427037703314,-0.002191748485182598,0.9999982562306626,-0.0018674944803575223,-7.965310188773601e-20,-5.362264827185794e-21
4.402,1.194440156142478e-18,-1.4800940237059859,1.002336410534756,9.600591771469611e-20,-0.027328642667785355,-0.0021879364357102905,0.999998255353023,-0.0018679643761126093,-7.236974794073634e-20,-4.713498630348134e-21
4.404,1.1946294037593026e-18,-1.4801486022081431,1.0023320384674954,9.328910693071811e-20,-0.027249856806162622,-0.0021841308349309224,0.9999982545866485,-0.0018683746029007256,-6.512027957228987e-20,-3.723166821323285e-21
4.406,1.194813502295489e-18,-1.4802030231390315,1.002327674005004,9.085661230208127e-20,-0.02717107178641781,-0.002180331665114058,0.9999982539308022,-0.001868725594318538,-5.79058142864249e-20,-3.0769951683805186e-21
4.408,1.1949930189799026e-18,-1.4802572865026538,1.0023233171344375,8.870703144979491e-20,-0.027092289924669426,-0.0021765389085728793,0.9999982533847385,-0.0018690177828450125,-5.07236277673108e-20,-1.4043373848419545e-21
4.41,1.1951685182432988e-18,-1.4803113923076274,1.002318967842987,8.683896864104634e-20,-0.027013513519619337,-0.0021727525476655895,0.9999982529477023,-0.0018692515998334064,-4.357804456695247e-20,-1.1058468863337724e-21
4.412,1.1953405617316538e-18,-1.48036534056715,1.0023146261178788,8.525103482284001e-20,-0.026934744852600615,-0.0021689725647967895,0.9999982526189304,-0.0018694274755033716,-3.0980560334255953e-20,8.946199385271951e-22
4.414,1.1955100667738611e-18,-1.4804191312989645,1.0023102919463744,8.42642694954901e-20,-0.02685598618762569,-0.002165198942418827,0.9999982523976512,-0.0018695458389331636,-1.8441508311338823e-20,3.575724149725692e-21
4.416,1.1956779460064672e-18,-1.4804727645253244,1.0023059653157704,8.366069897276034e-20,-0.026777239771434792,-0.002161431663033093,0.9999982522830849,-0.0018696071180519596,-1.1447666648886167e-20,4.546663307969742e-21
4.418,1.1958449997871372e-18,-1.4805262402729595,1.0023016462133982,8.354618800404243e-20,-0.02669850783354467,-0.00215767070919132,0.9999982522744444,-0.0018696117396322814,6.477528674409655e-21,5.151765117305562e-21
4.42,1.1960126349320612e-18,-1.4805795585730417,1.0022973346266242,8.424159237018379e-20,-0.02661979258629762,-0.0021539160634968264,0.9999982523709345,-0.0018695601292825267,2.980819368048441e-20,3.0047626876925697e-21
4.422,1.1961825751099887e-18,-1.4806327194611502,1.0022930305428495,8.585049735582115e-20,-0.026541096224910778,-0.002150167708605751,0.9999982525717532,-0.0018694527114396038,5.3026322558998296e-20,-1.6503129419356746e-22
4.424,1.1963566428041465e-18,-1.4806857229772377,1.0022887339495097,8.836838837540858e-20,-0.02646242092752569,-0.002146425627228248,0.9999982528760913,-0.0018692899093616742,7.613756871516263e-20,-1.6139075840585951e-21
4.426,1.1965366514900493e-18,-1.480738569165596,1.002284444834075,9.179077230062222e-20,-0.026383768855258158,-0.0021426898021296376,0.9999982532831327,-0.0018690721451209962,9.914500765905783e-20,2.3883925683836224e-23
4.428,1.1967244056783813e-18,-1.4807912580748224,1.00228016318405,9.611317740381858e-20,-0.026305142152248363,-0.0021389602161315667,0.9999982537920552,-0.0018687998395968764,1.2204017998363814e-19,-5.541442255841718e-23
4.43,1.1969217009575902e-18,-1.480843789757785,1.0022758889869738,1.0122356605511591e-19,-0.026226542945711234,-0.0021352368521131066,0.9999982544020299,-0.0018684734124687211,1.3934295731081417e-19,-8.095058744627716e-22
4.432,1.1971298220696766e-18,-1.4808961642715903,1.0022716222304193,1.0701011336247545e-19,-0.026147973345987095,-0.002131519693011831,0.9999982551122222,-0.0018680932822091924,1.5654878664442974e-19,-2.5896990065298107e-21
4.434,1.1973500818656276e-18,-1.480948381677548,1.0022673629019938,1.1336171622284547e-19,-0.026069435446592557,-0.0021278087218248825,0.9999982559217915,-0.001867659866077467,1.6819302374977425e-19,-2.9855316371792556e-21
4.436,1.1975835355066781e-18,-1.481000442041138,1.0022631109893385,1.2016764999393776e-19,-0.025990931324271667,-0.002124103921609989,0.9999982568298916,-0.0018671735801125949,1.7977418391437844e-19,-6.382603707454441e-22
4.438,1.1978310532842845e-18,-1.4810523454319773,1.0022588664801282,1.2742549378842975e-19,-0.025912463039047304,-0.0021204052754864823,0.9999982578356712,-0.001866634839126961,1.9129981349879325e-19,1.3608277597434665e-21
4.44,1.1980935367774728e-18,-1.4811040919237863,1.0022546293620715,1.3513300829677158e-19,-0.02583403263427282,-0.0021167127666362447,0.9999982589382737,-0.001866044056699847,2.027708143611669e-19,3.35521808674691e-21
4.442,1.198371883097341e-18,-1.4811556815943552,1.0022503996229108,1.4328796489331772e-19,-0.025755642136683927,-0.002113026378304683,0.9999982601368376,-0.001865401645171092,2.1418872450025238e-19,6.029836478441989e-21
4.444,1.198666984908395e-18,-1.4812071145255112,1.0022461772504219,1.5188814560161867e-19,-0.025677293556450796,-0.002109346093801635,0.9999982614304969,-0.0018647080156348548,2.255525211335106e-19,8.698154195063595e-21
4.446,1.1989797304497767e-18,-1.4812583908030854,1.0022419622324135,1.6093134302281708e-19,-0.025598988887230424,-0.002105671896502259,0.9999982628183811,-0.0018639635779334738,2.368624611752462e-19,1.1360185378874156e-20
4.448,1.1993110035563441e-18,-1.4813095105168796,1.0022377545567278,1.7052294705691308e-19,-0.025520730106219205,-0.00210200376984792,0.9999982642996156,-0.0018631687406514249,2.5359498491190123e-19,1.0579116495309077e-20
4.45,1.1996622572839944e-18,-1.481360473760634,1.00223355421124,1.8087558285226293e-19,-0.02544251917420573,-0.002098341697347024,0.9999982658733215,-0.0018623239111093782,2.7573011246129562e-19,9.447083979929863e-21
4.452,1.2000350816486348e-18,-1.4814112806319935,1.0022293611838582,1.9209289756768e-19,-0.025364358035623816,-0.0020946856625758395,0.9999982675386162,-0.001861429495358352,2.977673207559415e-19,1.2087087458749062e-20
4.454,1.2004312017227075e-18,-1.4814619312324755,1.0022251754625235,2.0406302234398148e-19,-0.025286248618605737,-0.00209103564917929,0.9999982692946137,-0.0018604858981739623,3.1421430980027727e-19,1.3017410236364297e-20
4.456,1.200851760430369e-18,-1.481512425667438,1.0022209970352094,2.1656688342557836e-19,-0.025208192835035677,-0.0020873916408717373,0.9999982711404244,-0.0018594935230507707,3.2509629498429927e-19,1.1556752612462437e-20
4.458,1.2012977508686014e-18,-1.4815627640460458,1.0022168258899218,2.294944153758511e-19,-0.0251301925806034,-0.002083753621437697,0.9999982730751557,-0.001858452772196725,3.4141563010483986e-19,1.3516002296396611e-20
4.46,1.2017703050852076e-18,-1.4816129464812398,1.0022126620146992,2.431661031466104e-19,-0.02505224973485811,-0.0020801215747325986,0.9999982750979117,-0.0018573640465276977,3.576731598837949e-19,1.6841281661059953e-20
4.462,1.2022708367416835e-18,-1.4816629730897033,1.0022085053976122,2.5747135129951885e-19,-0.02497436616126252,-0.0020764954846834585,0.9999982772077941,-0.0018562277456621171,3.7384408792717454e-19,1.501881994301388e-20
4.464,1.2028004305867556e-18,-1.4817128439918306,1.0022043560267635,2.7208442631737096e-19,-0.02489654370724711,-0.002072875335289569,0.9999982794039017,-0.0018550442679156935,3.7350170673160363e-19,1.2203254803004187e-20
4.466,1.2033591980714401e-18,-1.4817625593116948,1.0022002138902877,2.866806935030628e-19,-0.02481878420426461,-0.0020692611106231363,0.9999982816853312,-0.0018538140102962379,3.7313939159003007e-19,1.1793017678582848e-20
4.468,1.2039471410005094e-18,-1.4818121191770162,1.0021960789763513,3.0125988190881076e-19,-0.02474108946784462,-0.0020656527948299174,0.9999982840511769,-0.0018525373684985743,3.7277815814870575e-19,1.1041884379771617e-20
4.47,1.2045642252869175e-18,-1.4818615237191302,1.0021919512731523,3.15822061974335e-19,-0.024663461297648473,-0.0020620503721298315,0.9999982865005309,-0.0018512147368995445,3.7241863209247304e-19,1.0292511697216937e-20
4.472,1.2052104169841271e-18,-1.4819107730729557,1.0021878307689203,3.3036730382158235e-19,-0.02458590147752424,-0.002058453826817539,0.9999982890324837,-0.0018498465085531033,3.72062075015052e-19,1.0229811150151678e-20
4.474,1.205885682285661e-18,-1.4819598673769634,1.002183717451916,3.448956773507578e-19,-0.024508411775561935,-0.002054863143263005,0.9999982916461241,-0.0018484330751855071,3.7170720835538275e-19,1.0167239638145984e-20
4.476,1.2065899875244876e-18,-1.4820088067731445,1.0021796113104315,3.59407252103677e-19,-0.024430993944148893,-0.002051278305912052,0.9999982943405392,-0.0018469748271905907,3.713527555732682e-19,9.419069187769589e-21
4.478,1.2073232991722239e-18,-1.4820575914069796,1.00217551233279,3.739020971967899e-19,-0.024353649720025308,-0.0020476992992868623,0.9999982971148152,-0.0018454721536251366,3.709999774099857e-19,8.672246738949354e-21
4.48,1.2080856914247383e-18,-1.4821062214274068,1.0021714205073453,3.885954541564208e-19,-0.024276380824339965,-0.0020441261079864824,0.9999982999680368,-0.0018439254422043321,3.8161907595472223e-19,1.0648632297813288e-20
4.482,1.2088779914219862e-18,-1.4821546969867911,1.0021673358224823,4.0380959782337834e-19,-0.02419918896270611,-0.002040558716687298,0.9999983028992877,-0.001842335079297317,3.9768405194566522e-19,1.2952888821369887e-20
4.484,1.2097013459907891e-18,-1.4822030182408934,1.002163258266616,4.1964952770542344e-19,-0.02412207582525749,-0.002036997110143511,0.9999983059076512,-0.0018407014499228185,4.1366783104081513e-19,1.2510448063968589e-20
4.486,1.2105568960084336e-18,-1.4822511853488392,1.0021591878281924,4.360045509892017e-19,-0.024045043086704573,-0.002033441273187546,0.9999983089922094,-0.0018390249377448745,4.186144726349476e-19,1.4146067367718306e-20
4.488,1.2114453101387195e-18,-1.482299198473088,1.002155124495687,4.524415929152096e-19,-0.02396809240639088,-0.0020298911907304833,0.9999983121520445,-0.001837305925068644,4.2899237237532645e-19,1.4740606610312013e-20
4.49,1.2123672169285868e-18,-1.4823470577794031,1.0021510682576062,4.696043899883701e-19,-0.02389122542834951,-0.002026346847762459,0.9999983153862378,-0.0018355447928363067,4.502719648984001e-19,1.4627911654158855e-20
4.492,1.2133242797121841e-18,-1.4823947634368202,1.002147019102486,4.8759692675292e-19,-0.023814443781359794,-0.0020228082293530397,0.999998318693871,-0.0018337419206230449,4.714506802135313e-19,1.4515555732886575e-20
4.494,1.2143181538495142e-18,-1.4824423156176174,1.0021429770188917,5.064150869161187e-19,-0.023737749079004083,-0.0020192753206515713,0.9999983220740253,-0.0018318976866331146,4.925289892345955e-19,1.4403942804026002e-20
4.496,1.2153504864876112e-18,-1.4824897144972848,1.002138941995419,5.26054773887189e-19,-0.0236611429197247,-0.0020157481068875317,0.9999983255257823,-0.0018300124676960006,5.080254307954671e-19,1.4645368002451208e-20
4.498,1.2164224865105199e-18,-1.4825369602544944,1.0021349140206925,5.45974490091463e-19,-0.02358462688688101,-0.002012226573370848,0.9999983290482238,-0.0018280866392626563,5.124962543353121e-19,1.4905495629686322e-20
4.5,1.2175345330924588e-18,-1.48258405307107,1.0021308930833668,5.660654172899981e-19,-0.02350820254880664,-0.0020087107054921863,0.9999983326404323,-0.0018261205754018272,5.169582571174314e-19,1.4822318451230497e-20
4.502,1.21868689674627e-18,-1.482630993131957,1.0021268791721247,5.863273705652595e-19,-0.02343187145886682,-0.0020052004887232584,0.9999983363014904,-0.00182411464879646,5.214083426294285e-19,1.2683345874114075e-20
4.5040000000000004,1.219879847190284e-18,-1.4826777806251923,1.0021228722756785,6.06544483322413e-19,-0.023355635155515843,-0.00200169590861706,0.9999983400304817,-0.0018220692307401932,5.203584935987525e-19,1.2614999537930608e-20
4.506,1.221113222286015e-18,-1.482724415741875,1.0021188723827694,6.268236938329204e-19,-0.023279495162354683,-0.0019981969508081517,0.9999983438264908,-0.0018199846911339296,5.193018752409336e-19,1.3230914835705952e-20
4.508,1.2223871102958458e-18,-1.482770898676137,1.002114879482167,6.470574302798817e-19,-0.023203452988188693,-0.0019947036010128563,0.9999983476886031,-0.0018178613984824938,5.182508933987966e-19,1.4188003791368007e-20
4.51,1.2237014204777018e-18,-1.4828172296251125,1.0021108935626697,6.672458985565847e-19,-0.02312751012708545,-0.0019912158450294893,0.9999983516159051,-0.001815699719891368,5.172030370806641e-19,1.4114814457148223e-20
4.5120000000000005,1.225056062499874e-18,-1.4828634087889097,1.0021069146131036,6.87389302982906e-19,-0.023051668058432697,-0.0019877336687385535,0.9999983556074848,-0.001813500021063511,5.16154538382393e-19,1.0957824041942034e-20
4.514,1.226450946437528e-18,-1.4829094363705804,1.0021029426223238,7.074878462948995e-19,-0.022975928246996406,-0.0019842570581029245,0.9999983596624316,-0.0018112626662962574,5.15117202824756e-19,1.1234898907475973e-20
4.516,1.2278859827711189e-18,-1.4829553125760917,1.0020989775792126,7.2754173114248615e-19,-0.02290029214297895,-0.001980785999167993,0.999998363779836,-0.0018089880184782954,5.140854140321842e-19,1.1853951458023617e-20
4.518,1.2293610823855926e-18,-1.4830010376142966,1.0020950194726808,7.475511591806121e-19,-0.022824761182077376,-0.0019773204780618413,0.9999983679587905,-0.0018066764390867252,5.130529360111268e-19,9.387562646634144e-21
4.5200000000000005,1.2308761565675726e-18,-1.4830466116969048,1.0020910682916662,7.675163303738862e-19,-0.02274933678554178,-0.001973860480995358,0.9999983721983894,-0.0018043282881841974,5.120253295628823e-19,6.926588018846662e-21
4.522,1.2324311170023152e-18,-1.4830920350384544,1.0020871240251346,7.874374435248554e-19,-0.02267402036023378,-0.0019704059942623384,0.9999983764977287,-0.0018019439244161268,5.110025728914244e-19,4.471421065417388e-21
4.524,1.2340258757717404e-18,-1.4831373078562826,1.002083186662079,8.073146964847745e-19,-0.022598813298685093,-0.0019669570042396187,0.9999983808559066,-0.001799523705007987,5.099852602343852e-19,2.3647090991641256e-21
4.526,1.2356603453526466e-18,-1.4831824303704975,1.0020792561915195,8.27148286336718e-19,-0.0225237169791562,-0.00196351349738714,0.9999983852720236,-0.001797067985762681,5.089739862876266e-19,9.4788110958878e-22
4.5280000000000005,1.2373343310295974e-18,-1.4832274028039496,1.0020753326025034,8.468308237762407e-19,-0.022448732765695086,-0.00196007546024801,0.9999983897451818,-0.0017945771210579886,5.024886175526429e-19,1.600610322270225e-21
4.53,1.2390474592768758e-18,-1.483272225382203,1.0020714158841044,8.662551110131962e-19,-0.0223738620081961,-0.0019566428794485767,0.9999983942744863,-0.0017920514638440908,4.960228547834445e-19,3.2789379800591482e-21
4.532,1.2407991787356206e-18,-1.483316898333508,1.0020675060254234,8.854222358902983e-19,-0.022299106042458865,-0.001953215741698458,0.9999983988590444,-0.0017894913656411689,4.895840688346124e-19,2.8972745829057032e-21
4.534,1.242588976334378e-18,-1.483361421888772,1.0020636030155872,9.043334506538483e-19,-0.02222446619024729,-0.0019497940337905705,0.999998403497966,-0.0017868971765370807,4.831758039511245e-19,2.51646890271387e-21
4.5360000000000005,1.2444163415000362e-18,-1.4834057962815324,1.0020597068437493,9.22990001478189e-19,-0.02214994375934864,-0.0019463777426011416,0.9999984081903636,-0.0017842692451851096,4.767985284360974e-19,2.4795864589255346e-21
4.538,1.2462807661460545e-18,-1.4834500217479276,1.0020558174990897,9.413931287346398e-19,-0.022075540043632724,-0.0019429668550896971,0.9999984129353525,-0.001781607918801789,4.704484276705477e-19,7.29441168338367e-22
4.54,1.248181708713263e-18,-1.4834940985266705,1.0020519349708135,9.595438961872153e-19,-0.022001256323111083,-0.0019395613582990753,0.9999984177320512,-0.0017789135431647998,4.64115414482542e-19,-1.015765536066231e-21
4.542,1.2501187367550883e-18,-1.4835380268590197,1.0020480592481524,9.774428527712663e-19,-0.02192709386399632,-0.0019361612393553591,0.9999984225795809,-0.0017761864626109427,4.578036894915774e-19,-3.5741874034003755e-22
4.5440000000000005,1.2520913117605282e-18,-1.483581806988753,1.0020441903203636,9.95091055580779e-19,-0.021853053918761453,-0.001932766485467855,0.9999984274770659,-0.0017734270200341806,4.5152006523291895e-19,-7.286594872386389e-22
4.546,1.2540989334449246e-18,-1.4836254391621388,1.0020403281767296,1.0124897264973386e-18,-0.021779137726199344,-0.0019293770839290394,0.9999984324236337,-0.0017706355568837557,4.452650063502882e-19,-1.7847919620104254e-21
4.548,1.2561411039612385e-18,-1.4836689236279104,1.0020364728065583,1.029640081368709e-18,-0.021705346511482187,-0.0019259930221144843,0.9999984374184152,-0.001767812413162377,4.390401984817996e-19,-2.496209528346141e-21
4.55,1.2582173278884548e-18,-1.4837122606372368,1.0020326241991828,1.0465433303438418e-18,-0.021631681486221056,-0.0019226142874827709,0.9999984424605444,-0.0017649579274244796,4.328454993477561e-19,-2.8633226497495556e-21
4.5520000000000005,1.2603271122202084e-18,-1.4837554504436976,1.002028782343961,1.0632006779471772e-18,-0.0215581438485255,-0.0019192408675754182,0.9999984475491589,-0.0017620724367745542,4.2667955901808007e-19,-3.57226872934404e-21
4.554,1.2624699663533599e-18,-1.4837984933032546,1.0020249472302762,1.0796133228587735e-18,-0.021484734783063213,-0.0019158727500167578,0.9999984526833998,-0.001759156276865547,4.2054163318509383e-19,-4.96530399513142e-21
4.556,1.2646454020762473e-18,-1.4838413894742257,1.0020211188475359,1.095782457820886e-18,-0.021411455461119708,-0.0019125099225138355,0.9999984578624119,-0.0017562097818973302,4.14432186151219e-19,-6.698551613570411e-21
4.558,1.2668529335566955e-18,-1.4838841392172581,1.0020172971851722,1.1117092696271039e-18,-0.02133830704065809,-0.0019091523728562573,0.9999984630853438,-0.00175323328461524,4.083510800277243e-19,-8.770798535507541e-21
4.5600000000000005,1.269092077330376e-18,-1.4839267427953018,1.0020134822326414,1.1273949394354162e-18,-0.02126529066637884,-0.0019058000889160748,0.9999984683513478,-0.0017502271163086843,4.0230359161745244e-19,-8.096886498375126e-21
4.562,1.271362352290689e-18,-1.4839692004735827,1.0020096739794244,1.1427330587437967e-18,-0.021192407469779653,-0.0019024530586476053,0.9999984736595797,-0.0017471916068098185,3.9080401223966117e-19,-6.387033195796577e-21
4.564,1.2736627060832724e-18,-1.4840115125195767,1.0020058724150258,1.1575099902284227e-18,-0.0211196585692153,-0.0018991112700873145,0.9999984790091999,-0.0017441270844922897,3.7387279348749367e-19,-6.727680977000612e-21
4.566,1.2759919473692e-18,-1.4840536792029833,1.002002077528974,1.1716210770340976e-18,-0.021047045069957544,-0.001895774711353606,0.9999984843993724,-0.001741033876270047,3.5701944377317686e-19,-8.43743611240499e-21
4.5680000000000005,1.2783487477369355e-18,-1.4840957007956994,1.001998289310821,1.185069594465197e-18,-0.020974568064255086,-0.0018924433706466466,0.9999984898292654,-0.0017379123075962183,3.4024776427494813e-19,-9.114425801191025e-21
4.57,1.2807318569487389e-18,-1.4841375775717935,1.0019945077501426,1.1979662179248911e-18,-0.02090222863139353,-0.001889117236248185,0.9999984952980512,-0.001734762702462055,3.290293454489243e-19,-7.40077122095667e-21
4.572,1.2831403171253259e-18,-1.4841793098074798,1.0019907328365378,1.2104209073286095e-18,-0.02083002783775538,-0.001885796296521334,0.9999985008049064,-0.0017315853833959408,3.178635324058192e-19,-6.033085047683244e-21
4.574,1.2855732465723451e-18,-1.4842208977810925,1.0019869645596289,1.222435834823806e-18,-0.020757966736880077,-0.001882480539910363,0.9999985063490119,-0.0017283806714624666,3.067512619137033e-19,-4.326036841103413e-21
4.5760000000000005,1.288029767929571e-18,-1.4842623417730598,1.001983202909061,1.2340131622233897e-18,-0.020686046369524036,-0.0018791699549404767,0.999998511929553,-0.0017251488862615703,2.9568694476343237e-19,-5.364378475353451e-21
4.578,1.2905091157338982e-18,-1.484303642065879,1.0019794478745023,1.2452626249058037e-18,-0.020614267763720724,-0.0018758645302175765,0.9999985175457196,-0.0017218903459277396,2.9015704655579676e-19,-6.752839553154726e-21
4.58,1.2930107796526753e-18,-1.4843447989440905,1.0019756994456437,1.2564011713238536e-18,-0.020542631934840738,-0.001872564254428013,0.9999985231967057,-0.00171860536712928,2.901394717596193e-19,-6.091516824885154e-21
4.582,1.2955347176998115e-18,-1.484385812694253,1.0019719576121986,1.2675367539142415e-18,-0.020471139885651916,-0.0018692691163383498,0.9999985288817101,-0.0017152942650676462,2.901208092819536e-19,-6.117093441214916e-21
4.5840000000000005,1.298080923951896e-18,-1.4844266836049185,1.0019682223639026,1.2786693768674213e-18,-0.02039979260637944,-0.001865979104795094,0.9999985345999364,-0.0017119573534768342,2.9010399780568095e-19,-5.115448737176347e-21
4.586,1.3006492849091767e-18,-1.4844674119666061,1.0019644936905139,1.289691459695175e-18,-0.020328591074765975,-0.001862694208724422,0.9999985403505924,-0.0017085949446228395,2.8460176636484454e-19,-5.82010675423454e-21
4.588,1.3032394362402806e-18,-1.4845079980717788,1.0019607715818124,1.3003881980179654e-18,-0.02025753625613179,-0.0018594144171319093,0.9999985461328912,-0.0017052073493031728,2.736442042846998e-19,-5.828436804437238e-21
4.59,1.305850657130946e-18,-1.4845484422148174,1.0019570560276,1.310761359054238e-18,-0.0201866291034349,-0.0018561397191022404,0.9999985519460503,-0.00170179487684644,2.737037453568202e-19,-5.8554982967585184e-21
4.5920000000000005,1.308482804249069e-18,-1.4845887446919965,1.0019533470177007,1.321457869839868e-18,-0.020115870557331217,-0.0018528701037989267,0.9999985577892921,-0.0016983578351119828,2.847217224433874e-19,-9.670435018692156e-21
4.594,1.311136774226133e-18,-1.48462890580146,1.0019496445419596,1.3325838758650812e-18,-0.02004526154623468,-0.0018496055604639682,0.9999985636618441,-0.0016948965304895783,3.011729119419545e-19,-1.1772706573739109e-20
4.596,1.3138137823631366e-18,-1.4846689258431955,1.0019459485902436,1.3445672425238432e-18,-0.019974802986377403,-0.0018463460784175797,0.9999985695629385,-0.0016914112678992005,3.230315734068627e-19,-1.2165926267848323e-20
4.598,1.3165156113646733e-18,-1.484708805119012,1.0019422591524405,1.3574040625334324e-18,-0.019904495781869806,-0.001843091647057859,0.9999985754918126,-0.0016879023507908395,3.4478718483132317e-19,-1.2216287851330362e-20
4.6000000000000005,1.3192439639057045e-18,-1.484748543932514,1.0019385762184596,1.3710901073758045e-18,-0.019834340824760755,-0.0018398422558604606,0.9999985814477088,-0.001684370081144381,3.664408158808787e-19,-1.158113205832854e-20
4.602,1.3220005342245693e-18,-1.4847881425890788,1.0019348997782311,1.385621168986707e-18,-0.019764338995097674,-0.0018365978943782476,0.9999985874298746,-0.0016808147594695433,3.8799295711562567e-19,-1.026167889826874e-20
4.604,1.3247870081638555e-18,-1.4848276013958308,1.001931229821706,1.4009930596406085e-18,-0.019694491160986663,-0.001833358552240988,0.9999985934375625,-0.0016772366848058736,4.094435163849039e-19,-8.603024761978235e-21
4.606,1.3276050632107807e-18,-1.4848669206616194,1.0019275663388556,1.4172016116380741e-18,-0.01962479817865259,-0.0018301242191549672,0.9999985994700301,-0.0016736361547228004,4.3078895185625477e-19,-9.004195336266245e-21
4.6080000000000005,1.3304564761207696e-18,-1.4849061006969946,1.0019239093196723,1.4342426761337713e-18,-0.01955526089249919,-0.0018268948849026587,0.9999986055265406,-0.0016700134653197447,4.520337596383924e-19,-9.060870333802006e-21
4.61,1.3333426926175511e-18,-1.4849451418141835,1.0019202587541685,1.4521121242792991e-18,-0.019485880135169102,-0.0018236705393423482,0.9999986116063622,-0.0016663689112262864,4.731818683563684e-19,-6.7183079118908156e-21
4.612,1.3362654729414678e-18,-1.4849840443270663,1.0019166146323768,1.4708058477973403e-18,-0.019416656727603943,-0.0018204511724077765,0.9999986177087681,-0.0016627027856023877,4.942297458807204e-19,-4.38122903674879e-21
4.614,1.3392264615516074e-18,-1.4850228085511539,1.0019129769443502,1.4903197581485916e-18,-0.01934759147910431,-0.0018172367741077738,0.9999986238330374,-0.0016590153801386725,5.151784379118949e-19,-1.7065547357457658e-21
4.616,1.3422272947495672e-18,-1.485061434803564,1.001909345680161,1.5106497862757545e-18,-0.01927868518738979,-0.0018140273345258503,0.9999986299784541,-0.0016553069850567602,5.41506440351275e-19,-1.445875763679033e-21
4.618,1.3452695288240482e-18,-1.4850999234029982,1.001905720829902,1.531361203352658e-18,-0.019209938638658938,-0.0018108228438198392,0.9999986361443081,-0.0016515778891096555,5.183613357223033e-19,-4.1884038672807695e-21
4.62,1.3483516634160853e-18,-1.4851382746697193,1.0019021023836852,1.5506226590955059e-18,-0.019141352607649202,-0.0018076232922214813,0.9999986423298941,-0.0016478283795821908,5.007966331040786e-19,-6.249060644863501e-21
4.622,1.351472383653976e-18,-1.4851764889255277,1.0018984903316417,1.56994730882643e-18,-0.019072927857696858,-0.0018044286700360482,0.9999986485345127,-0.0016440587422915246,4.833078397571055e-19,-4.878284986462069e-21
4.624,1.354630344853249e-18,-1.4852145664937393,1.0018948846639226,1.587828301520335e-18,-0.019004665140796878,-0.0018012389676419311,0.9999986547574699,-0.0016402692615876922,4.604194011863126e-19,-3.501826982944797e-21
4.626,1.3578236713635233e-18,-1.485252507699163,1.0018912853706978,1.6052416918158758e-18,-0.01893656519766278,-0.0017980541754902294,0.9999986609980771,-0.0016364602203542099,4.266828200126209e-19,-4.852869288485322e-21
4.628,1.3610498518635814e-18,-1.4852903128680774,1.0018876924421565,1.6206832522895964e-18,-0.01886862875778644,-0.0017948742841043363,0.9999986672556515,-0.0016326319000087306,3.9857629806047135e-19,-5.867954066816621e-21
4.63,1.3643068173036787e-18,-1.4853279823282095,1.0018841058685062,1.6364221490743048e-18,-0.018800856539497857,-0.0017916992840795207,0.9999986735295154,-0.0016287845805037534,4.1997330082820496e-19,-6.276844746055743e-21
4.632,1.3675960958244843e-18,-1.4853655164087114,1.0018805256399737,1.6529956696637221e-18,-0.018733249250024887,-0.0017885291660825115,0.9999986798189973,-0.001624918540327384,4.357946709148764e-19,-1.5358507606179445e-21
4.634,1.3709190300361173e-18,-1.4854029154401387,1.0018769517468042,1.6699698506851056e-18,-0.01866580758555293,-0.001785363920851063,0.9999986861234307,-0.001621034056504145,4.460687379426552e-19,1.491161343228637e-21
4.636,1.3742762759882041e-18,-1.4854401797544285,1.0018733841792615,1.6873430380595678e-18,-0.018598532231284565,-0.0017822035391935273,0.9999986924421552,-0.0016171314045958405,4.562970997043048e-19,-1.6572992059317067e-21
4.638,1.3776686658199803e-18,-1.4854773096848772,1.0018698229276275,1.7051134127703126e-18,-0.01853142386149916,-0.0017790480119883978,0.999998698774516,-0.0016132108587024665,4.664797056080195e-19,-3.085777196234873e-21
4.64,1.3810969919245107e-18,-1.485514305566119,1.0018662679822024,1.723278994978177e-18,-0.018464483139612395,-0.0017758973301838918,0.9999987051198638,-0.0016092726914631748,4.766179041448279e-19,-2.1126220237984157e-21
4.642,1.3845621503300268e-18,-1.4855511677341042,1.0018627193333043,1.741945399355524e-18,-0.018397710718235784,-0.0017727514847974898,0.999998711477555,-0.0016053171740572846,4.867030805714555e-19,-4.2256964935348505e-21
4.644,1.388064782252848e-18,-1.4855878965260771,1.0018591769712692,1.7606806466635143e-18,-0.0183311072392361,-0.0017696104669154887,0.999998717846952,-0.0016013445762053443,4.858067625321029e-19,-2.889972071458367e-21
4.646,1.391604845714092e-18,-1.4856244922805557,1.0018556408864512,1.7793769658048003e-18,-0.01826467333379476,-0.0017664742676925518,0.9999987242274226,-0.00159735516617024,4.849152757284868e-19,-1.2147690207076889e-21
4.648,1.3951822630328464e-18,-1.4856609553373092,1.0018521110692216,1.7979269478525765e-18,-0.018198409622467177,-0.001763342878351239,0.9999987306183404,-0.0015933492107583548,4.785410556648461e-19,-2.276895323016263e-21
4.65,1.398796311649007e-18,-1.4856972860373379,1.0018485875099692,1.816008545852099e-18,-0.018132316715242007,-0.0017602162901815713,0.999998737019085,-0.0015893269753207728,4.6124871962633e-19,-9.204628232104808e-22
4.652,1.4024458421800692e-18,-1.4857334847228507,1.0018450701991006,1.8334093992139084e-18,-0.018066395211600382,-0.0017570944945405305,0.9999987434290415,-0.001585288723754534,4.440378337976685e-19,9.042259594204312e-23
4.654,1.4061294964865776e-18,-1.485769551737246,1.0018415591270393,1.8501328551701787e-18,-0.018000645700575052,-0.001753977482851618,0.9999987498476008,-0.001581234718503932,4.269085519800004e-19,1.0988359043223042e-21
4.656,1.4098459231075307e-18,-1.485805487425089,1.0018380542842258,1.866182244999844e-18,-0.017935068760809473,-0.0017508652466043842,0.9999987562741599,-0.001577165220561862,4.098604873386568e-19,2.1047839623159898e-21
4.658,1.413593777228658e-18,-1.4858412921320925,1.0018345556611177,1.881560884194722e-18,-0.017869664960616833,-0.0017477577773539264,0.9999987627081212,-0.001573080489471211,3.928937967051792e-19,3.450934600604297e-21
4.66,1.4173717206511547e-18,-1.4858769662050952,1.0018310632481893,1.8962720727866803e-18,-0.017804434858038995,-0.0017446550667204453,0.9999987691488931,-0.0015689807833262986,3.7600917790635602e-19,5.821804389044523e-21
4.662,1.4211784217611366e-18,-1.485912509992042,1.0018275770359317,1.9103190956669166e-18,-0.017739379000905393,-0.0017415571063887332,0.9999987755958898,-0.0015648663587743568,3.5920624857793634e-19,9.214965322922736e-21
4.664,1.425012447915644e-18,-1.485947923841963,1.0018240970148529,1.9235976387698885e-18,-0.017674497926891842,-0.001738463888107726,0.9999987820485314,-0.00156073747101706,3.3699614593241226e-19,9.866897458696855e-21
4.666,1.4288721937945216e-18,-1.4859832081049538,1.0018206231754765,1.936003562428488e-18,-0.017609792163579274,-0.0017353754036899857,0.9999987885062437,-0.0015565943738120955,3.1487351609366167e-19,7.432452994266069e-21
4.668,1.4327559899273846e-18,-1.4860183631321549,1.0018171555083433,1.9476485786373722e-18,-0.01754526222851241,-0.0017322916450112243,0.9999987949684583,-0.001552437319474781,2.983441887811227e-19,8.764020839885459e-21
4.67,1.4366623903986969e-18,-1.486053389275732,1.0018136940040097,1.9586443599296076e-18,-0.017480908629258354,-0.0017292126040098187,0.999998801434613,-0.001548266558879723,2.8190730833074966e-19,1.077766633565548e-20
4.672,1.4405901360556825e-18,-1.486088286888856,1.0018102386530483,1.9689942742107515e-18,-0.017416731863465092,-0.0017261382726863122,0.9999988079041507,-0.0015440823414625193,2.6554358476183243e-19,9.701710443816501e-21
4.674,1.4445379383474145e-18,-1.4861230563256835,1.0018067894460478,1.9788090856666798e-18,-0.017352732418919943,-0.001723068643102921,0.999998814376521,-0.0015398849152215052,2.547405276027747e-19,8.962840533487219e-21
4.676,1.4485050886568507e-18,-1.4861576979413362,1.0018033463736127,1.9883067656887996e-18,-0.017288910773607898,-0.001720003707383036,0.9999988208511787,-0.0015356745267195403,2.494744287023495e-19,1.0272388092025956e-20
4.678,1.4524910260034244e-18,-1.4861922120918827,1.0017999094263628,1.997596286259982e-18,-0.01722526739576989,-0.0017169434577107281,0.9999988273275848,-0.0015314514210858375,2.4423172951231487e-19,1.0550823616257453e-20
4.68,1.456495335088845e-18,-1.4862265991343178,1.001796478594934,2.0066786671030686e-18,-0.01716180274396099,-0.00171388788633024,0.9999988338052059,-0.0015272158420178347,2.3901230811123504e-19,9.800591549282775e-21
4.682,1.4605176026488249e-18,-1.4862608594265443,1.0017930538699775,2.0155549225588734e-18,-0.017098517267108492,-0.0017108369855455031,0.9999988402835146,-0.0015229680317831056,2.3381814510714823e-19,9.394774633836627e-21
4.684,1.4645574174429089e-18,-1.486294993327353,1.0017896352421596,2.024226062255819e-18,-0.01703541140456993,-0.0017077907477195983,0.9999988467619892,-0.0015187082312213126,2.2864912635830174e-19,9.332556778821794e-21
4.686,1.468614370245425e-18,-1.4863290011964039,1.0017862227021619,2.032693091333341e-18,-0.016972485586191004,-0.0017047491652742853,0.999998853240114,-0.0015144366797462,2.235061761792922e-19,1.0298445892674306e-20
4.688,1.4726880538367933e-18,-1.4863628833942073,1.0017828162406812,2.0409570107865007e-18,-0.016909740232363413,-0.0017017122306894783,0.9999988597173789,-0.001510153615347625,2.1838866224465184e-19,1.1947750354242116e-20
4.69,1.4767780629950597e-18,-1.486396640282105,1.0017794158484292,2.0490188171436264e-18,-0.01684717575408258,-0.0016986799365027508,0.9999988661932797,-0.0015058592745936317,2.132943921708141e-19,1.2908206372232262e-20
4.692,1.4808839944864168e-18,-1.4864302722222509,1.0017760215161327,2.0568795020172912e-18,-0.016784792553005315,-0.0016956522753088115,0.9999988726673182,-0.00150155389263256,2.0822428409482109e-19,1.3865956909131053e-20
4.694,1.4850054470554915e-18,-1.4864637795775937,1.001772633234533,2.0645400522907492e-18,-0.016722591021507353,-0.0016926292397590043,0.9999988791390018,-0.0014972377031951959,2.0317977001060796e-19,1.5848991785507845e-20
4.696,1.48914202141646e-18,-1.486497162711857,1.001769250994386,2.0720014505652925e-18,-0.016660571542740817,-0.0016896108225607973,0.9999988856078436,-0.00149291093859696,1.9815611397748936e-19,1.577133771255222e-20
4.698,1.4932934278264599e-18,-1.486530421989522,1.0017658747864624,2.0793722570498265e-18,-0.016598734490691568,-0.0016865970164772644,0.9999988920733628,-0.0014885738297401323,1.9863781647019016e-19,1.5000338766565713e-20
4.7,1.4974596652735713e-18,-1.486563557775808,1.001762504601547,2.0869760021068132e-18,-0.016537080230236464,-0.0016835878143265772,0.9999988985350841,-0.0014842266061161151,2.1009435847967535e-19,1.3529501131864003e-20
4.702,1.5016416656910152e-18,-1.4865965704366562,1.0017591404304393,2.095134956751408e-18,-0.016475609117200512,-0.0016805832089814917,0.9999989049925381,-0.001479869495807734,2.2698805986520523e-19,9.311928719981962e-21
4.704,1.5058407521654232e-18,-1.4866294603387091,1.0017557822639527,2.1040615348274353e-18,-0.016414321498413924,-0.001677583193368838,0.999998911445261,-0.0014755027254915742,2.492923254583948e-19,1.0578871622815815e-20
4.706,1.5100586358714155e-18,-1.486662227849295,1.0017524300929146,2.1139674432012134e-18,-0.016353217711769057,-0.0016745877604690054,0.9999989178927949,-0.0014711265204403535,2.715079372098981e-19,1.4584965907824604e-20
4.708,1.5142969488065937e-18,-1.4866948733364085,1.0017490839081666,2.1244185233619076e-18,-0.016292298086277267,-0.0016715969033154153,0.9999989243346876,-0.0014667411045253312,2.8267456315574163e-19,1.5513779770357052e-20
4.71,1.5185565993045406e-18,-1.4867273971686936,1.0017457437005641,2.1353046598451186e-18,-0.016231562942125636,-0.0016686106149940332,0.9999989307704926,-0.0014623467002187539,2.9378926707311544e-19,1.7124935210458993e-20
4.712,1.5228384553176318e-18,-1.4867597997154258,1.0017424094609764,2.146623694140833e-18,-0.016171012590733613,-0.0016656288886428322,0.999998937199769,-0.001457943528596333,3.0485180361973823e-19,1.9074965533251834e-20
4.714,1.5271433804918614e-18,-1.4867920813464948,1.0017390811802862,2.1583734782216965e-18,-0.016110647334809516,-0.0016626517174512805,0.9999989436220816,-0.0014535318093397607,3.15861918714447e-19,2.1020405971464627e-20
4.716,1.531472234187408e-18,-1.486824242432387,1.0017357588493903,2.1705518744006225e-18,-0.01605046746840695,-0.0016596790946598297,0.9999989500370012,-0.001449111760739259,3.2681986482418206e-19,2.2960860838740165e-20
4.718,1.5358258714992609e-18,-1.4868562833441683,1.0017324424591982,2.1830491716821036e-18,-0.01599047327698111,-0.001656711013559403,0.9999989564441039,-0.0014446835996961614,3.322378376331915e-19,2.11358269022603e-20
4.72,1.5402045696893284e-18,-1.486888204453467,1.0017291320006334,2.1956484453440606e-18,-0.015930665037444943,-0.0016537474674908638,0.9999989628429714,-0.00144024754172553,3.266649383647738e-19,1.9331784892368156e-20
4.722,1.5446081020303339e-18,-1.4869200061324568,1.0017258274646326,2.2078117731851423e-18,-0.015871043018225235,-0.001650788449844542,0.9999989692331913,-0.0014358038009588052,3.156403194843862e-19,2.06246523251282e-20
4.724,1.549035526541781e-18,-1.4869516887538394,1.0017225288421452,2.2195409578020325e-18,-0.01581160747931856,-0.0016478339540596657,0.9999989756143567,-0.0014313525901464878,3.046660101346897e-19,2.0543361547265644e-20
4.726,1.5534859770726475e-18,-1.4869832526908289,1.001719236124134,2.2308381328496777e-18,-0.015752358672347103,-0.0016448839736238848,0.999998981986066,-0.0014268941206608547,2.93741265978446e-19,1.8748509311970485e-20
4.728,1.5579585917279826e-18,-1.4870146983171335,1.001715949301575,2.2417054208924443e-18,-0.015693296840614393,-0.0016419385020727468,0.9999989883479236,-0.001422428602498706,2.8287171983048535e-19,1.9357309223795872e-20
4.73,1.5624526204321098e-18,-1.4870460260069402,1.001712668365457,2.2523601018616635e-18,-0.01563442221916089,-0.0016389975329891902,0.9999989946995392,-0.001417956244284144,2.775372746357597e-19,2.0642554145892026e-20
4.732,1.566967711670431e-18,-1.4870772361348976,1.0017093933067809,2.262696483630406e-18,-0.01557573503481946,-0.0016360610600030107,0.9999990010405281,-0.001413477253271384,2.7223917645588037e-19,2.0554067082204138e-20
4.734,1.5715032660146327e-18,-1.4871083290761002,1.0017061241165612,2.2728233720568254e-18,-0.015517235506270733,-0.0016331290767903808,0.9999990073705111,-0.0014089918353475945,2.669671678764619e-19,2.115108953905354e-20
4.736,1.5760588655045114e-18,-1.4871393052060713,1.0017028607858247,2.2827417929229397e-18,-0.01545892384409833,-0.001630201577073315,0.9999990136891144,-0.0014045001950357715,2.6172064356754317e-19,2.208852356470368e-20
4.738,1.5806340942268508e-18,-1.4871701649007476,1.0016996033056105,2.2924527674281263e-18,-0.015400800250843977,-0.001627278554619173,0.9999990199959699,-0.0014000025354976395,2.5649996934819115e-19,2.3709035853551406e-20
4.74,1.5852285383064512e-18,-1.4872009085364628,1.0016963516669704,2.3019573123531358e-18,-0.015342864921062474,-0.00162436000324013,0.9999990262907145,-0.0013954990585365846,2.513050276394427e-19,2.6011819762354384e-20
4.742,1.5898417858971945e-18,-1.4872315364899318,1.0016931058609682,2.311256439850161e-18,-0.015285118041376557,-0.0016214459167927131,0.9999990325729909,-0.0013909899646006164,2.46130431385374e-19,2.5225174069203395e-20
4.744,1.5944734271707765e-18,-1.487262049138235,1.0016898658786801,2.3203511555141226e-18,-0.015227559790531623,-0.0016185362891772488,0.9999990388424472,-0.0013864754527853603,2.354963376530577e-19,2.3420014952030747e-20
4.746,1.5991226958651895e-18,-1.487292446858802,1.0016866317111948,2.3288124684380946e-18,-0.01517019033945032,-0.0016156311143373733,0.9999990450987366,-0.0013819557208370763,2.194338763872529e-19,2.4368392406595425e-20
4.748,1.6037882560659637e-18,-1.487322730029397,1.0016834033496125,2.3366431598445642e-18,-0.015113009851287027,-0.0016127303862595427,0.9999990513415179,-0.00137743096515571,2.089258774717015e-19,2.2223345316950346e-20
4.75,1.6084693156612066e-18,-1.4873528990281024,1.0016801807850457,2.344383910368791e-18,-0.015056018481482176,-0.0016098340989724878,0.9999990575704549,-0.0013729013807979678,2.094328183223985e-19,2.0067835391486e-20
4.752,1.6131657679484505e-18,-1.487382954233304,1.001676964008619,2.3520360059399967e-18,-0.014999216377816463,-0.0016069422465467798,0.9999990637852172,-0.0013683671614804227,2.0448499320889978e-19,2.100887456917332e-20
4.7540000000000004,1.6178773289766385e-18,-1.4874128960236754,1.001673753011468,2.35949280492039e-18,-0.014942603680464916,-0.0016040548230942594,0.9999990699854792,-0.0013638284995826473,1.9956016971960833e-19,2.160540897252012e-20
4.756,1.622603609111667e-18,-1.4874427247781634,1.0016705477847414,2.3667552655784424e-18,-0.014886180522050832,-0.0016011718227675784,0.9999990761709207,-0.0013592855861503728,1.9465916658832703e-19,2.254276543539332e-20
4.758,1.6273442206313448e-18,-1.487472440875972,1.0016673483195981,2.3738243415923645e-18,-0.014829947027699575,-0.0015982932397596938,0.9999990823412268,-0.0013547386108986761,1.8977814477081905e-19,2.1079253552799537e-20
4.76,1.6320986701324088e-18,-1.4875020446965483,1.0016641546072096,2.3805933981133798e-18,-0.014773903315092242,-0.0015954190683033702,0.9999990884960878,-0.0013501877622151927,1.7943812416007596e-19,1.9968468658761386e-20
4.7620000000000005,1.636866286904923e-18,-1.4875315366195674,1.0016609666387584,2.386955987768204e-18,-0.01471804949451919,-0.0015925493026706795,0.9999990946351989,-0.0013456332271633558,1.691378301541091e-19,2.160118139336339e-20
4.764,1.6416462239030745e-18,-1.4875609170249173,1.0016577844054384,2.3929139434274356e-18,-0.014662385668933419,-0.0015896839371725246,0.9999991007582607,-0.0013410751914856613,1.5888684871419474e-19,2.3572649811204385e-20
4.766,1.6464376738551255e-18,-1.487590186292685,1.0016546078984552,2.3983616771646314e-18,-0.01460691193400383,-0.0015868229661581174,0.9999991068649791,-0.001336513839606959,1.4319914982762307e-19,2.3489983866729038e-20
4.768,1.6512393674682384e-18,-1.4876193448031416,1.0016514371090253,2.40308636921815e-18,-0.014551628378168324,-0.0015839663840145222,0.9999991129550645,-0.0013319493546377675,1.1661973880831912e-19,2.2736795043570102e-20
4.7700000000000005,1.6560494680142167e-18,-1.4876483929367275,1.0016482720283766,2.407092266936024e-18,-0.014496535082686772,-0.0015811141851661474,0.9999991190282329,-0.0013273819183776158,1.3404269580194244e-19,2.3983241395611645e-20
4.772,1.6608690168750098e-18,-1.4876773310740388,1.0016451126477481,2.4125340590617803e-18,-0.014441632121693845,-0.001578266364074264,0.9999991250842051,-0.0013228117113184064,1.4588886720861538e-19,2.6261252049397767e-20
4.774,1.6656990495816237e-18,-1.4877061595958128,1.0016419589583898,2.417468163311635e-18,-0.01438691956225169,-0.0015754229152365282,0.9999991311227067,-0.0013182389126478067,1.4671420810539468e-19,2.889106409486509e-20
4.776,1.6705395571949417e-18,-1.4877348788829137,1.0016388109515626,2.4229730796143815e-18,-0.014332397464402465,-0.001572583833186493,0.9999991371434686,-0.0013136637002526606,1.4753340236964287e-19,2.980214970084765e-20
4.7780000000000005,1.6753904225358595e-18,-1.487763489316319,1.0016356686185384,2.4278617264549727e-18,-0.01427806588122074,-0.0015697491124931338,0.9999991431462265,-0.001309086250722426,1.4286524131705197e-19,3.003255019755365e-20
4.78,1.6802514207183452e-18,-1.4877919912771052,1.0016325319505999,2.4331060660444857e-18,-0.014223924858865736,-0.0015669187477603582,0.9999991491307211,-0.0013045067393526336,1.27254958277208e-19,3.096206483599082e-20
4.782,1.6851214322109475e-18,-1.4878203851464344,1.0016294009390405,2.4368754356647702e-18,-0.014169974436633431,-0.0015640927336265451,0.9999991550966977,-0.0012999253401483704,1.0073830065508412e-19,3.019115392019937e-20
4.784,1.6899986969996495e-18,-1.4878486713055405,1.0016262755751644,2.440252431942369e-18,-0.014116214647008508,-0.0015612710647640612,0.9999991610439066,-0.0012953422258277839,7.980526395478088e-20,3.0442877642015235e-20
4.7860000000000005,1.6948813554325483e-18,-1.4878768501357158,1.0016231558502862,2.4422697291375894e-18,-0.014062645515716161,-0.0015584537358787982,0.9999991669721031,-0.0012907575678256103,6.445672384920766e-20,3.2743616652600946e-20
4.788,1.6997680220201295e-18,-1.4879049220182967,1.0016200417557313,2.4444403667668117e-18,-0.014009267061773748,-0.0015556407417096929,0.9999991728810471,-0.0012861715362967238,4.917831682666131e-20,3.298248131119199e-20
4.79,1.7046577117835415e-18,-1.4879328873346516,1.0016169332828355,2.4450422683984995e-18,-0.013956079297542296,-0.0015528320770282589,0.9999991787705033,-0.001281584300119707,2.847808814877183e-20,3.425619040577645e-20
4.792,1.709548548344636e-18,-1.4879607464661668,1.0016138304229452,2.445587636575001e-18,-0.013903082228777857,-0.0015500277366381422,0.9999991846402408,-0.001276996026900443,7.850469072939863e-21,3.5869917653427506e-20
4.7940000000000005,1.71443891251153e-18,-1.4879884997942334,1.0016107331674167,2.4445705989509963e-18,-0.013850275854682705,-0.0015472277153746362,0.999999190490034,-0.0012724068829757299,-1.815244174376621e-20,3.4745452694122536e-20
4.796,1.7193271581661374e-18,-1.4880161477002347,1.001607641507617,2.4438286230824626e-18,-0.013797660167956393,-0.0015444320081042327,0.9999991963196616,-0.0012678170334169128,5.32498680474002e-21,3.4246096004233555e-20
4.798,1.7242148399638053e-18,-1.4880436905655325,1.001604555434923,2.4440060138270087e-18,-0.01374523515484664,-0.0015416406097241515,0.9999992021289068,-0.0012632266420335389,2.869110686077643e-20,3.3747993478189216e-20
4.8,1.7291037920918863e-18,-1.4880711287714552,1.0016014749407225,2.445098228968479e-18,-0.013693000795200078,-0.0015388535151619077,0.9999992079175577,-0.0012586358713770319,5.194818593887153e-20,3.4620973662180355e-20
4.8020000000000005,1.733995839675855e-18,-1.4880984626992841,1.0015984000164124,2.447100748705319e-18,-0.01364095706251284,-0.001536070719374849,0.9999992136854067,-0.0012540448827443858,7.509545747782683e-20,3.58350206211076e-20
4.804,1.738892906405536e-18,-1.4881256927302413,1.0015953306534005,2.4502242389934224e-18,-0.01358910392398099,-0.0015332922173496965,0.9999992194322507,-0.0012494538361818778,1.0361084721705741e-19,3.327010967960567e-20
4.806,1.7437969426407636e-18,-1.4881528192454772,1.001592266843104,2.45371076242301e-18,-0.013537441340550797,-0.0015305180041021052,0.9999992251578914,-0.0012448628904888016,8.264737569418387e-20,3.043075898047499e-20
4.808,1.748706518537558e-18,-1.4881798426260577,1.0015892085769507,2.455836186748157e-18,-0.013485969266968855,-0.0015277480746762218,0.9999992308621348,-0.0012402722032212189,7.273841874066884e-20,2.9983070059015804e-20
4.8100000000000005,1.753620890875186e-18,-1.4882067632529523,1.0015861558463774,2.4585433710915084e-18,-0.013434687651832049,-0.001524982424144233,0.9999992365447913,-0.0012356819306957281,7.384030862848758e-20,2.849482916543942e-20
4.812,1.758539965683616e-18,-1.4882335815070213,1.0015831086428317,2.4606462053424736e-18,-0.013383596437637346,-0.0015222210476059283,0.9999992422056756,-0.0012310922279932545,6.94569255220736e-20,2.9072860156578633e-20
4.814,1.7634637206489003e-18,-1.488260297769004,1.0015800669577701,2.4631159117919874e-18,-0.01333269556083145,-0.0015194639401882753,0.9999992478446069,-0.0012265032489628546,6.506623127563813e-20,2.793623365150931e-20
4.816,1.768391559494786e-18,-1.4882869124195068,1.0015770307826595,2.4646585005544567e-18,-0.013281984951860275,-0.0015167110970449704,0.9999992534614087,-0.0012219151462255404,6.069632698095739e-20,2.6801475752100406e-20
4.8180000000000005,1.7733232819002795e-18,-1.4883134258389907,1.001574000108976,2.4671071037697747e-18,-0.013231464535218278,-0.001513962513356014,0.9999992590559087,-0.0012173280711781215,6.730013622285777e-20,2.634133411772315e-20
4.82,1.7782593335607168e-18,-1.48833983840776,1.0015709749282053,2.4690593568672172e-18,-0.013181134229497616,-0.0015112181843272786,0.999999264627939,-0.0012127421739970621,7.936485851515442e-20,2.3134322303644472e-20
4.822,1.7832005888927337e-18,-1.48836615050595,1.0015679552318433,2.4722386795064163e-18,-0.01313099394743715,-0.00150847810519009,0.9999992701773357,-0.0012081576036423569,9.137525971275379e-20,2.2333980606286824e-20
4.824,1.7881477386262354e-18,-1.4883923625135163,1.0015649410113945,2.47502510714898e-18,-0.013081043595971278,-0.0015057422712007964,0.9999992757039393,-0.001203574507861422,9.784697541721655e-20,2.2227515726273335e-20
4.8260000000000005,1.793101755738693e-18,-1.4884184748102218,1.0015619322583738,2.479033966386488e-18,-0.013031283076278615,-0.0015030106776403474,0.9999992812075945,-0.0011989930331930028,1.1522592708643111e-19,2.1080983367394932e-20
4.828,1.798063680143629e-18,-1.4884444877756269,1.0015589289643045,2.482967721303317e-18,-0.012981712283830504,-0.001500283319813883,0.9999992866881499,-0.001194413324971098,1.3252454336763637e-19,2.16505229647444e-20
4.83,1.803035047276533e-18,-1.4884704017890766,1.0015559311207203,2.4884402973989553e-18,-0.012932331108439363,-0.0014975601930503155,0.999999292145458,-0.0011898355273288993,1.4974156661312554e-19,2.2561421508393613e-20
4.832,1.808016991547451e-18,-1.4884962172296903,1.0015529387191635,2.49340105322604e-18,-0.012883139434306875,-0.0014948412927019185,0.999999297579376,-0.0011852597832027446,1.504564645045979e-19,2.4518136965622883e-20
4.8340000000000005,1.8130093520686714e-18,-1.4885219344763498,1.0015499517511859,2.4988207501161725e-18,-0.012834137140071995,-0.0014921266141439166,0.9999993029897647,-0.0011806862343360896,1.2924904704704793e-19,2.5126360192020395e-20
4.836,1.8180108572091738e-18,-1.4885475539076893,1.0015469702083486,2.5024387483783734e-18,-0.012785324098858809,-0.0014894161527740767,0.9999993083764888,-0.001176115021283491,1.0265878050660745e-19,2.505341984981365e-20
4.838,1.823019203198469e-18,-1.4885730759020832,1.0015439940822217,2.505877672114088e-18,-0.012736700178324222,-0.0014867099040123148,0.9999993137394171,-0.0011715462834146065,8.71731322939945e-20,2.531032702073688e-20
4.84,1.8280335670109745e-18,-1.4885985008376361,1.0015410233643847,2.508385160633757e-18,-0.012688265240705472,-0.0014840078633002862,0.9999993190784221,-0.0011669801589182082,7.721708747514486e-20,2.5217933777916532e-20
4.8420000000000005,1.833053022581863e-18,-1.4886238290921716,1.0015380580464257,2.511041460338772e-18,-0.01264001914286749,-0.0014813100261009983,0.9999993243933806,-0.0011624167848062095,7.27908169094165e-20,2.5119333316590634e-20
4.844,1.838077149755811e-18,-1.4886490610432215,1.0015350981199425,2.51309293158374e-18,-0.012591961736350072,-0.0014786163878984058,0.9999993296841728,-0.0011578562969177069,7.389450300445513e-20,2.5357211733348076e-20
4.846,1.843106033778896e-18,-1.4886741970680157,1.0015321435765414,2.5157264690510613e-18,-0.012544092867414909,-0.00147592694419703,0.9999993349506829,-0.0011532988299230338,6.949579243380921e-20,2.42306531634017e-20
4.848,1.8481390778020763e-18,-1.4886992375434713,1.0015291944078382,2.5171096256768126e-18,-0.012496412377092425,-0.0014732416905215635,0.9999993401927989,-0.0011487445173278294,3.7704231669686853e-20,2.2452233065219962e-20
4.8500000000000005,1.853174432048783e-18,-1.4887241828461824,1.001526250605457,2.5183243924772393e-18,-0.012448920101228455,-0.001470560622416489,0.9999993454104124,-0.0011441934914771183,4.98976109482535e-20,2.0284925619351434e-20
4.852,1.8582126934566457e-18,-1.4887490333524092,1.0015233121610312,2.5201239901314537e-18,-0.012401615870530756,-0.0014678837354457034,0.9999993506034187,-0.0011396458835594048,6.751809744500096e-20,2.017248230152078e-20
4.854,1.8632553877398305e-18,-1.4887737894380686,1.0015203790662028,2.522720860803857e-18,-0.012354499510615347,-0.0014652110251921226,0.999999355771717,-0.0011351018236107784,9.053724249173446e-20,1.9711443214913465e-20
4.856,1.8683041055852326e-18,-1.4887984514787236,1.001517451312623,2.5261110628340207e-18,-0.012307570842052666,-0.0014625424872573333,0.9999993609152098,-0.0011305614405190316,1.0797571373298959e-19,1.7544054662596203e-20
4.8580000000000005,1.8733601789602973e-18,-1.4888230198495733,1.0015145288919516,2.530075849570603e-18,-0.012260829680413577,-0.0014598781172611805,0.9999993660338035,-0.0011260248620277896,1.1985201953131944e-19,1.8129337684414517e-20
4.86,1.8784246820437485e-18,-1.4888474949254429,1.001511611795857,2.5345044574830527e-18,-0.01221427583631519,-0.001457217910841446,0.9999993711274078,-0.0011214922147406525,1.3714123371053965e-19,1.8364038016425803e-20
4.862,1.883498862499703e-18,-1.488871877080774,1.001508700016016,2.539824406752613e-18,-0.012167909115466514,-0.0014545618636534318,0.9999993761959359,-0.001116963624125347,1.5982643367372932e-19,1.448014386955791e-20
4.864,1.8885845708288486e-18,-1.488896166689615,1.0015057935441152,2.5460316267269547e-18,-0.012121729318713931,-0.0014519099713696483,0.9999993812393049,-0.0011124392145178915,1.8240557728969807e-19,1.1975347671504467e-20
4.866,1.893683577178284e-18,-1.4889203641256108,1.0015028923718485,2.5531217265759326e-18,-0.012075736242086516,-0.001449262229679423,0.9999993862574348,-0.0011079191091267699,2.0487918436572044e-19,1.0847192018630546e-20
4.868,1.898797642935072e-18,-1.4889444697619936,1.0014999964909193,2.5610903369440812e-18,-0.012029929676841156,-0.001446618634288549,0.9999993912502493,-0.0011034034300371179,2.2724547331503886e-19,9.036445828874924e-21
4.87,1.903928520768167e-18,-1.4889684839715736,1.001497105893039,2.5699331091838622e-18,-0.011984309409507524,-0.0014439791809189278,0.9999993962176754,-0.0010988922982149182,2.49508361709937e-19,9.628677424788483e-21
4.872,1.9090779546713395e-18,-1.488992407126729,1.0014942205699282,2.5796457168036613e-18,-0.011938875221932857,-0.0014413438653082397,0.9999994011596437,-0.0010943858335112067,2.716661022021471e-19,1.0562222899356187e-20
4.874,1.9142476083703555e-18,-1.4890162395993978,1.0014913405133155,2.59011644246366e-18,-0.011893626891326572,-0.0014387126832095714,0.9999994060760876,-0.0010898841546662878,2.8824733628386485e-19,9.785478899572503e-21
4.876,1.919438851156068e-18,-1.4890399817610669,1.0014884657149379,2.6012342892193315e-18,-0.011848564190304703,-0.0014360856303910912,0.9999994109669442,-0.0010853873793139606,3.0474920793864806e-19,8.325700923436024e-21
4.878,1.9246529740599254e-18,-1.4890636339827645,1.0014855961665412,2.6129960487464512e-18,-0.011803686886934164,-0.001433462702635694,0.9999994158321537,-0.001080895623985753,3.1569174249045187e-19,8.246831777237611e-21
4.88,1.9298908316424664e-18,-1.4890871966350503,1.0014827318598796,2.62486113220336e-18,-0.011758994744776837,-0.0014308438957406798,0.9999994206716595,-0.001076409004115166,3.1563024177794713e-19,8.180014024397313e-21
4.882,1.9351524146107262e-18,-1.4891106700880063,1.0014798727867154,2.6367214363632228e-18,-0.011714487522933482,-0.0014282292055173998,0.9999994254854081,-0.0010719276340419267,3.210504978801956e-19,7.079873735534535e-21
4.884,1.940438071852315e-18,-1.4891340547112288,1.0014770189388194,2.6490069582618475e-18,-0.011670164976087473,-0.00142561862779094,0.9999994302733491,-0.001067451627016249,3.31930207524732e-19,8.37551107032562e-21
4.886,1.9457487239210077e-18,-1.4891573508738187,1.0014741703079708,2.6617159261485235e-18,-0.011626026854548364,-0.001423012158399797,0.9999994350354355,-0.0010629810952031045,3.4823910109660093e-19,7.949350641940579e-21
4.888,1.951085574037107e-18,-1.4891805589443734,1.0014713268859572,2.6752762207210442e-18,-0.011582072904295264,-0.001420409793195533,0.999999439771623,-0.0010585161496865,3.754354630005995e-19,7.169922733266005e-21
4.89,1.9564502493369836e-18,-1.4892036792909777,1.0014684886645744,2.6891458872166027e-18,-0.01153830286702005,-0.0014178115280424795,0.9999994444818704,-0.0010540569004737637,3.367271141276717e-19,8.518003240398558e-21
4.892,1.9618407120756872e-18,-1.489226712281196,1.0014656556356263,2.7012800224031383e-18,-0.01149471648017039,-0.001415217358817412,0.9999994491661397,-0.0010496034564998393,3.4206256217843116e-19,9.473897094363617e-21
4.894,1.967256908196096e-18,-1.489249658282063,1.0014628277909252,2.7149149638176128e-18,-0.011451313476992603,-0.001412627281409217,0.9999994538243957,-0.0010451559256315875,3.418879782463317e-19,8.37813615325193e-21
4.896,1.9726988549606418e-18,-1.4892725176600756,1.0014600051222915,2.727030671851065e-18,-0.01140809358657433,-0.0014100412917186073,0.9999994584566062,-0.0010407144146720936,3.4171385176118227e-19,6.941091012630997e-21
4.898,1.978166533666834e-18,-1.4892952907811852,1.001457187621554,2.7406469106710097e-18,-0.011365056533887028,-0.0014074593856577846,0.9999994630627418,-0.0010362790293649844,3.4702382768943323e-19,6.187066964636713e-21
4.9,1.9836602841128098e-18,-1.4893179780107888,1.0014543752805491,2.7531739675422827e-18,-0.011322202039828295,-0.0014048815591501621,0.9999994676427759,-0.0010318498743987492,3.5778978155550133e-19,4.058515339284809e-21
4.902,1.9891808385854885e-18,-1.4893405797137214,1.0014515680911222,2.7673072469250836e-18,-0.011279529821264005,-0.0014023078081300605,0.9999994721966848,-0.0010274270534110707,3.520727575929483e-19,4.6932821931900564e-21
4.904,1.9947278150353984e-18,-1.4893630962542472,1.0014487660451263,2.7795960372020542e-18,-0.011237039591070272,-0.001399738128542382,0.9999994767244479,-0.001023010668993159,3.408879898868345e-19,6.017091722502759e-21
4.906,2.000300545599601e-18,-1.4893855279960526,1.0014459691344226,2.7930617081361756e-18,-0.011194731058175237,-0.0013971725163423431,0.9999994812260468,-0.0010186008226940938,3.407199992303522e-19,5.9558724021529536e-21
4.908,2.0058988681611108e-18,-1.489407875302238,1.0014431773508803,2.8052239001195318e-18,-0.011152603927600667,-0.0013946109674951627,0.9999994857014659,-0.0010141976150251713,3.405538646419796e-19,6.922374107456106e-21
4.91,2.011522692668273e-18,-1.4894301385353097,1.0014403906863767,2.818455992901855e-18,-0.011110657900503383,-0.0013920534779757918,0.9999994901506927,-0.0010098011454642583,3.184417194186674e-19,4.482225552551341e-21
4.912,2.017170279433247e-18,-1.4894523180571728,1.001437609132797,2.8288792624074375e-18,-0.011068892674216508,-0.0013895000437686225,0.999999494573717,-0.0010054115124601506,2.799887148011901e-19,4.119977361449629e-21
4.914,2.0228392515967433e-18,-1.4894744142291232,1.0014348326820348,2.8403804884784787e-18,-0.011027307942290529,-0.001386950660867198,0.9999994989705312,-0.0010010288134369367,3.129908593404988e-19,3.001513434973982e-21
4.916,2.0285315833293955e-18,-1.4894964274118399,1.0014320613259915,2.851879204944154e-18,-0.010985903394534188,-0.0013844053252739339,0.9999995033411305,-0.0009966531447983674,3.0197623122861156e-19,2.2715327671882286e-21
4.918,2.034246407005706e-18,-1.489518357965378,1.0014292950565764,2.86283699839516e-18,-0.010944678717055189,-0.0013818640329998496,0.9999995076855125,-0.0009922846019322293,2.855459488213678e-19,3.2632313366241146e-21
4.92,2.0399825002577726e-18,-1.489540206249161,1.001426533865707,2.873149290187854e-18,-0.010903633592300723,-0.0013793267800642913,0.9999995120036774,-0.0009879232792147235,2.6919118137903627e-19,1.8539108586094347e-21
4.922,2.0457385036274635e-18,-1.4895619726219738,1.001423777745308,2.882819428569941e-18,-0.010862767699097818,-0.0013767935624946577,0.9999995162956278,-0.0009835692700148493,2.5292726063771887e-19,7.909464390167566e-22
4.924,2.051513351730159e-18,-1.4895836574419554,1.0014210266873136,2.8919586673302516e-18,-0.010822080712693504,-0.0013742643763261445,0.9999995205613689,-0.0009792226666987904,2.4222707755257625e-19,3.836599495381388e-21
4.926,2.0573060571050604e-18,-1.489605261066592,1.0014182806836642,2.900677032901485e-18,-0.010781572304794802,-0.00137173921760146,0.999999524800908,-0.0009748835606343068,2.315759729278868e-19,5.162107483193268e-21
4.928,2.063115780079289e-18,-1.489626783852709,1.0014155397263091,2.908976597072251e-18,-0.010741242143608526,-0.0013692180823706038,0.9999995290142552,-0.00097055204219513,2.2097436586242086e-19,5.4564644893715035e-21
4.93,2.0689416851130978e-18,-1.4896482261564654,1.0014128038072052,2.916859421290748e-18,-0.010701089893880916,-0.001366700966690563,0.9999995332014224,-0.0009662282007653617,2.1042369034692844e-19,6.436233558290348e-21
4.932,2.0747829407799308e-18,-1.489669588333346,1.0014100729183175,2.9243275573949137e-18,-0.010661115216937075,-0.0013641878666250885,0.9999995373624245,-0.0009619121247438756,1.999227128234811e-19,7.071400363832235e-21
4.934,2.0806387197471564e-18,-1.4896908707381546,1.0014073470516185,2.9313830473624125e-18,-0.010621317770720241,-0.001361678778244446,0.9999995414972782,-0.0009576039015487234,1.894708624414866e-19,7.019714628679964e-21
4.936,2.086508198755988e-18,-1.489712073725008,1.0014046261990888,2.9380279231644813e-18,-0.010581697209830866,-0.001359173697625144,0.9999995456060025,-0.0009533036176215425,1.7906954795208096e-19,7.995704944097277e-21
4.938,2.092390558602329e-18,-1.489733197647329,1.001401910352717,2.944264207363976e-18,-0.010542253185565516,-0.0013566726208497136,0.9999995496886188,-0.0009490113584319681,1.6871428079340376e-19,5.5435574234203966e-21
4.94,2.09828487653518e-18,-1.489754242857839,1.001399199504499,2.9499863305992656e-18,-0.0105029853459556,-0.0013541755440064501,0.9999995537451506,-0.0009447272084820463,1.5841100318698256e-19,6.180338007707635e-21
4.942,2.1041904490009525e-18,-1.4897752097085528,1.0013964936464392,2.95541147916355e-18,-0.010463893335805908,-0.0013516824631891998,0.9999995577756235,-0.0009404512513106511,1.4815691596284663e-19,7.158247056666095e-21
4.944,2.110106182065949e-18,-1.4897960985507714,1.0013937927705492,2.960219053307272e-18,-0.010424976796732963,-0.0013491933744970931,0.9999995617800654,-0.0009361835694979024,1.2699701055341407e-19,5.7446737897086176e-21
4.946,2.1160307358787937e-18,-1.4898169097350762,1.0013910968688486,2.9641969379718203e-18,-0.010386235367203213,-0.0013467082740343248,0.9999995657585061,-0.0009319242446695868,1.0592795540997226e-19,8.103690247546534e-21
4.948,2.1219624190440646e-18,-1.489837643611322,1.001388405933365,2.9673490593593502e-18,-0.010347668682571014,-0.0013442271579099387,0.9999995697109777,-0.0009276733575015802,8.495848976881934e-20,1.0115219177318433e-20
4.95,2.12789958411605e-18,-1.4898583005286314,1.0013857199561336,2.9696794950605752e-18,-0.010309276375116458,-0.0013417500222375823,0.9999995736375139,-0.0009234309877242717,6.408590382317089e-20,9.379831310349036e-21
4.952,2.1338405917833007e-18,-1.4898788808353887,1.0013830389291971,2.971084721188727e-18,-0.010271058074083,-0.0013392768631352964,0.9999995775381509,-0.0009191972141269895,3.23467749571546e-20,8.3131989946198e-21
4.954,2.139783058040867e-18,-1.4898993848792332,1.0013803628446065,2.9712465650076006e-18,-0.010233013405714912,-0.001336807676725283,0.9999995814129266,-0.000914972114562428,6.228009575543703e-21,7.586253332846515e-21
4.956,2.145724932592169e-18,-1.4899198130070541,1.0013776916944204,2.9704939097011367e-18,-0.010195141993294559,-0.0013343424591337166,0.9999995852618808,-0.0009107557659510752,-1.4272313595506428e-20,5.8287742429033294e-21
4.958,2.1516644987963638e-18,-1.4899401655649842,1.0013750254707048,2.968938853335114e-18,-0.010157443457179487,-0.0013318812064904866,0.9999995890850555,-0.0009065482442856425,-4.015835744941819e-20,3.737342693902387e-21
4.96,2.157599869022056e-18,-1.4899604428983941,1.0013723641655337,2.966262788449933e-18,-0.010119917414839334,-0.0013294239149290205,0.9999995928824942,-0.0009023496246354936,-6.593501774717508e-20,1.3085696683644993e-21
4.962,2.1635288777499973e-18,-1.4899806453518865,1.0013697077709889,2.9625781546177708e-18,-0.010082563480892556,-0.001326970580586081,0.9999995966542424,-0.0008981599811510759,-9.158794799910888e-20,5.996173538739967e-22
4.964,2.169449512831275e-18,-1.4900007732692904,1.0013670562791597,2.9578899371348152e-18,-0.010045381267142975,-0.0013245211996015336,0.9999996004003475,-0.0008939793870683506,-1.1711927346605057e-19,-1.0770900652996732e-22
4.966,2.1753597720641957e-18,-1.4900208269936557,1.0013644096821432,2.9522030979412904e-18,-0.010008370382616146,-0.0013220757681181616,0.9999996041208588,-0.0008898079147132237,-1.4252864626619002e-19,2.141650054906125e-22
4.968,2.1812576631479758e-18,-1.4900408068672475,1.0013617679720446,2.9455225760059706e-18,-0.009971530433595542,-0.0013196342822814587,0.9999996078158269,-0.0008856456355059773,-1.6781694261466808e-19,1.220545139913696e-21
4.97,2.18714120363672e-18,-1.490060713231541,1.001359131140976,2.93785328720864e-18,-0.009934861023658556,-0.0013171967382394534,0.9999996114853046,-0.0008814926199656999,-1.9298534345985226e-19,2.224486784747355e-21
4.972,2.193008420893004e-18,-1.4900805464272158,1.001356499181058,2.9292001240752215e-18,-0.00989836175371232,-0.0013147631321424806,0.9999996151293463,-0.0008773489377147178,-2.1803532623701023e-19,2.198012336960218e-21
4.974,2.1988573520406337e-18,-1.4901003067941503,1.0013538720844184,2.9195679552342433e-18,-0.009862032222029353,-0.0013123334601430278,0.9999996187480079,-0.0008732146574830247,-2.429674633657019e-19,1.1431586430851207e-21
4.976,2.2046860439168297e-18,-1.4901199946714174,1.001351249843193,2.9089616256394405e-18,-0.009825872024283018,-0.0013099077183955335,0.9999996223413471,-0.0008690898471127113,-2.677814148095738e-19,9.075382738668443e-23
4.978,2.2104925530257626e-18,-1.4901396103972784,1.0013486324495249,2.897385957332178e-18,-0.0097898807535828,-0.001307485903056199,0.9999996259094232,-0.0008649745735623945,-2.9247684387079555e-19,6.796421249614695e-23
4.98,2.2162749454931086e-18,-1.4901591543091783,1.0013460198955653,2.8848457498586848e-18,-0.009754058000509406,-0.0013050680102828101,0.9999996294522969,-0.0008608689029116442,-3.170551973649683e-19,4.5178027717076496e-23
4.982,2.222031297021064e-18,-1.4901786267437411,1.0013434121734728,2.8713457800620646e-18,-0.009718403353149684,-0.0013026540362345552,0.9999996329700308,-0.0008567729003654103,-3.415176230912947e-19,-6.62926878347486e-22
4.984,2.2277596928424397e-18,-1.4901980280367644,1.0013408092754137,2.856890801712378e-18,-0.009682916397131355,-0.0013002439770718633,0.9999996364626889,-0.0008526866302584485,-3.65864676566093e-19,-2.0551317129902786e-21
4.986,2.2334582276744915e-18,-1.4902173585232141,1.0013382111935623,2.841485545622535e-18,-0.009647596715657576,-0.0012978378289562162,0.9999996399303364,-0.0008486101560597434,-3.9009456478860682e-19,-1.3873056958131368e-21
4.988,2.2391250056747545e-18,-1.4902366185372207,1.0013356179201003,2.8251347215027007e-18,-0.00961244388954131,-0.001295435588049988,0.9999996433730403,-0.0008445435403769313,-4.1420723688789377e-19,2.0205850413902408e-21
4.99,2.244758140399229e-18,-1.4902558084120738,1.001333029447217,2.807843017867247e-18,-0.009577457497239527,-0.0012930372505162784,0.999999646790869,-0.0008404868449607198,-4.327250142565863e-19,3.017496106324034e-21
4.992,2.2503561131882174e-18,-1.4902749284802175,1.0013304457671095,2.790045080336599e-18,-0.00954263711488721,-0.0012906428125187362,0.9999996501838923,-0.0008364401307093073,-4.456744409825055e-19,1.6091760086084724e-21
4.994,2.2559179863239874e-18,-1.490293979073246,1.0013278668719827,2.771743765985088e-18,-0.0095079823163312,-0.0012882522702214107,0.9999996535521813,-0.0008324034576727986,-4.585627801004241e-19,-1.3849301789101379e-22
4.996,2.2614427555578033e-18,-1.4903129605218988,1.001325292754049,2.752941577798485e-18,-0.009473492673163848,-0.0012858656197885872,0.9999996568958088,-0.0008283768850576192,-4.713903232020644e-19,-2.224706388321127e-21
4.998,2.266929421634942e-18,-1.4903318731560564,1.0013227234055284,2.7336410069663358e-18,-0.009439167754756481,-0.0012834828573846414,0.9999996602148485,-0.0008243604712309273,-4.841545123080708e-19,-1.2220483389931762e-21
5.0,2.2723770978527985e-18,-1.4903507173047361,1.0013201588186487,2.7139521144775477e-18,-0.009405007128292713,-0.0012811039791738655,0.9999996635093757,-0.0008203542737250224,-4.913750242984516e-19,4.590107419597961e-22
5.002,2.277785189232836e-18,-1.4903694932960871,1.0013175989856453,2.694092338313732e-18,-0.009371010358801547,-0.0012787289813203327,0.9999996667794668,-0.0008163583492417524,-4.875828553842328e-19,2.470132106301352e-21
5.0040000000000004,2.2831538215637304e-18,-1.4903882014573866,1.0013150438987615,2.6747081930144115e-18,-0.009337177009190314,-0.0012763578599877502,0.9999996700251996,-0.0008123727536569166,-4.67348458386639e-19,3.7773266569911886e-21
5.006,2.2884844467515238e-18,-1.4904068421150354,1.001312493550248,2.655690107818938e-18,-0.009303506640277435,-0.0012739906113393065,0.9999996732466532,-0.0008083975420246667,-4.9107286651115185e-19,2.374989660009974e-21
5.008,2.293775355368034e-18,-1.490425415594554,1.0013099479323633,2.634992442233828e-18,-0.009269998810824992,-0.001271627231537534,0.9999996764439076,-0.0008044327685819034,-5.1467181991689145e-19,9.76326383212262e-22
5.01,2.2990246672569036e-18,-1.4904439222205785,1.0013074070373735,2.614129971776025e-18,-0.00923665307757113,-0.0012692677167441613,0.9999996796170444,-0.0008004784867526713,-5.436412171622829e-19,-7.158928988441007e-23
5.0120000000000005,2.3042305833860006e-18,-1.4904623623168565,1.0013048708575525,2.591812740517218e-18,-0.009203468995262271,-0.0012669120631199917,0.9999996827661459,-0.0007965347491525495,-5.340949436114508e-19,-8.047300051902219e-22
5.014,2.309393358483045e-18,-1.4904807362062429,1.0013023393851817,2.571060363569385e-18,-0.009170446116685166,-0.0012645602668247518,0.9999996858912961,-0.0007926016075930376,-5.355590960884271e-19,-1.5277875237791026e-21
5.016,2.314513245151648e-18,-1.4904990442106965,1.0012998126125503,2.5487449725377826e-18,-0.00913758399269874,-0.0012622123240169695,0.9999996889925795,-0.0007886791130859406,-5.370290386194999e-19,-1.9064629623478566e-21
5.018,2.3195899215875906e-18,-1.4905172866512755,1.0012972905319553,2.527886036274009e-18,-0.009104882172265794,-0.0012598682308538464,0.9999996920700821,-0.000784767315847747,-5.330113328678009e-19,-4.688009770551992e-21
5.0200000000000005,2.3246236401423104e-18,-1.4905354638481347,1.001294773135701,2.505787051533613e-18,-0.009072340202484494,-0.0012575279834911204,0.9999996951238909,-0.0007808662653040042,-5.289978244675798e-19,-5.064743635396769e-21
5.022,2.329614688506229e-18,-1.4905535761205209,1.0012922604160996,2.485251580929062e-18,-0.009039957628619713,-0.001255191578082945,0.9999996981540937,-0.0007769760100936907,-5.304861811142871e-19,-5.779364176314055e-21
5.024,2.3345631736819785e-18,-1.4905716237867697,1.0012897523654714,2.46325968434756e-18,-0.009007733994134171,-0.001252859010781775,0.9999997011607799,-0.0007730965980735822,-5.264981861689193e-19,-6.84001768162611e-21
5.026,2.3394693454520826e-18,-1.4905896071643017,1.0012872489761437,2.442938051695796e-18,-0.008975668840719412,-0.0012505302777382305,0.999999704144039,-0.0007692280763226142,-5.28008750397974e-19,-4.125855851663035e-21
5.0280000000000005,2.3443330578698896e-18,-1.4906075265696195,1.0012847502404523,2.4206210794565473e-18,-0.008943761708326595,-0.001248205375100996,0.9999997071039622,-0.0007653704911462397,-5.514445743492611e-19,-4.142552468475481e-21
5.03,2.349152874999483e-18,-1.4906253823183035,1.0012822561507397,2.3994377793068927e-18,-0.00891201213519712,-0.0012458842990167012,0.9999997100406414,-0.000761523888080783,-5.254515320093379e-19,-3.5124885902185185e-21
5.032,2.3539306291386687e-18,-1.4906431747250093,1.001279766699357,2.3785214230665236e-18,-0.008880419657893057,-0.0012435670456298097,0.9999997129541693,-0.0007576883118977877,-4.941012213936102e-19,-5.6293380222684215e-21
5.034,2.3586683231276433e-18,-1.4906609041034635,1.0012772818786624,2.3590539174739895e-18,-0.008848983811327421,-0.0012412536110825035,0.9999997158446398,-0.00075386380660836,-5.122438356826537e-19,-9.073966784192522e-21
5.0360000000000005,2.3633648655432958e-18,-1.4906785707664614,1.0012748016810222,2.3373704121583585e-18,-0.008817704128794256,-0.0012389439915145826,0.9999997187121472,-0.0007500504154675071,-5.302968384024915e-19,-7.713205338553393e-21
5.038,2.3680188475881515e-18,-1.490696175025863,1.0012723260988103,2.316494106664101e-18,-0.008786580141998544,-0.0012366381830633563,0.9999997215567871,-0.0007462481809784703,-5.482634650751502e-19,-5.327718643104735e-21
5.04,2.3726289391020286e-18,-1.49071371719259,1.0012698551244086,2.2935162134130533e-18,-0.008755611381085946,-0.0012343361818635443,0.9999997243786556,-0.0007424571448970528,-5.606765952794456e-19,-4.665307753610091e-21
5.042,2.377194102730747e-18,-1.4907311975766233,1.0012673887502062,2.271674186185206e-18,-0.008724797374672357,-0.0012320379840471735,0.99999972717785,-0.0007386773482359417,-5.675477795680807e-19,-3.323644172923053e-21
5.0440000000000005,2.381714022962359e-18,-1.4907486164869992,1.0012649269686,2.2482729444467394e-18,-0.008694137649873293,-0.0012297435857434767,0.9999997299544681,-0.000734908831269025,-5.579518850799321e-19,-2.3391632650905608e-21
5.046,2.3861892106005716e-18,-1.4907659742318067,1.0012624697719952,2.227084819756551e-18,-0.008663631732333104,-0.0012274529830788015,0.9999997327086083,-0.0007311516335357022,-5.374250805827286e-19,-3.7645100876230735e-21
5.048,2.3906211777611602e-18,-1.490783271118185,1.001260017152804,2.204657371617108e-18,-0.008633279146253997,-0.0012251661721765202,0.9999997354403702,-0.000727405793845189,-5.663398461633986e-19,-6.5210119844376346e-21
5.05,2.395008095798859e-18,-1.4908005074523198,1.0012575691034473,2.1823952767870054e-18,-0.008603079414424912,-0.0012228831491569265,0.9999997381498538,-0.0007236713502808173,-5.457595779578323e-19,-6.908303878615748e-21
5.0520000000000005,2.399351300489489e-18,-1.4908176835394416,1.0012551256163529,2.160943386307181e-18,-0.008573032058250194,-0.0012206039101371688,0.9999997408371597,-0.0007199483402043274,-5.25276878642472e-19,-7.294237733902e-21
5.054,2.4036524082563036e-18,-1.4908347996838216,1.0012526866839566,2.1402977178994244e-18,-0.008543136597778112,-0.00121832845123114,0.9999997435023897,-0.000716236800260155,-5.048900473682367e-19,-5.9659165261683684e-21
5.056,2.407913027577887e-18,-1.4908518561887705,1.0012502522987023,2.1204543091126883e-18,-0.008513392551729188,-0.0012160567685494087,0.9999997461456458,-0.000712536766379712,-4.900826718498016e-19,-4.9794452133503075e-21
5.058,2.412134400598326e-18,-1.4908688533566345,1.0012478224530412,2.1009792378694466e-18,-0.008483799437524375,-0.0012137888581991248,0.9999997487670306,-0.0007088482737856598,-4.8082979096862675e-19,-6.390011387792438e-21
5.0600000000000005,2.416317189959104e-18,-1.4908857914887939,1.0012453971394328,2.0818703624636433e-18,-0.008454356771313034,-0.0012115247162839474,0.9999997513666475,-0.0007051713569961774,-4.716193259225125e-19,-5.7412517598789795e-21
5.062,2.4204620903149764e-18,-1.4909026708856596,1.0012429763503439,2.063018142754032e-18,-0.008425064068000757,-0.0012092643389039692,0.9999997539446005,-0.0007015060498292213,-4.679488190597161e-19,-6.1181246096310745e-21
5.064,2.4245693974614545e-18,-1.4909194918466715,1.0012405600782495,2.044312729086649e-18,-0.008395920841277014,-0.0012070077221556393,0.9999997565009942,-0.0006978523854067809,-4.698033320351427e-19,-5.119995851971637e-21
5.066,2.4286390812241195e-18,-1.4909362546702953,1.001238148315632,2.0253230969361597e-18,-0.008366926603642624,-0.001204754862131687,0.9999997590359336,-0.0006942103961591242,-4.7713209510366685e-19,-4.80532806249395e-21
5.0680000000000005,2.4326703947794224e-18,-1.490952959654021,1.0012357410549821,2.0059427489276077e-18,-0.008338080866437052,-0.0012025057549210458,0.9999997615495244,-0.0006905801138290382,-4.899098982040614e-19,-6.2001080929010194e-21
5.07,2.4366624865003182e-18,-1.4909696070943597,1.001233338288798,1.9860657139399138e-18,-0.008309383139865543,-0.0012002603966087921,0.9999997640418727,-0.0006869615694760622,-5.026379881420981e-19,-4.506831111091768e-21
5.072,2.4406143293726347e-18,-1.490986197286842,1.0012309400095858,1.9656942952422803e-18,-0.00828083293302608,-0.0011980187832760791,0.9999997665130853,-0.0006833547934807134,-5.153057211219958e-19,-2.8171840464970417e-21
5.074,2.4445249370934744e-18,-1.4910027305260154,1.0012285462098596,1.9448309554683887e-18,-0.008252429753936164,-0.0011957809110000608,0.9999997689632694,-0.0006797598155487051,-5.279129165495591e-19,-4.462415799237436e-22
5.0760000000000005,2.448393328273688e-18,-1.4910192071054427,1.001226156882141,1.9235857250127402e-18,-0.008224173109559436,-0.001193546775853827,0.9999997713925324,-0.0006761766647151578,-5.349796102853624e-19,-8.255527025617628e-22
5.078,2.4522190999782134e-18,-1.4910356273176995,1.0012237720189598,1.9021758390568665e-18,-0.00819606250583212,-0.0011913163739063687,0.9999997738009824,-0.0006726053693488021,-5.365302332930357e-19,-1.2080911460593384e-21
5.08,2.456002103029457e-18,-1.491051991454372,1.0012213916128534,1.8808171198102882e-18,-0.008168097447689296,-0.0011890897012224902,0.9999997761887279,-0.0006690459571561752,-5.325906879520513e-19,-1.2507534060307446e-21
5.082,2.4597424400384824e-18,-1.4910682998060558,1.0012190156563674,1.859509844753272e-18,-0.008140277439091008,-0.0011868667538627556,0.9999997785558778,-0.0006654984551858083,-5.3412549418960175e-19,8.017373707199314e-23
5.0840000000000005,2.463440106591463e-18,-1.491084552662353,1.001216644142055,1.8381467114766677e-18,-0.008112601983048197,-0.0011846475278834568,0.9999997809025415,-0.000661962889832407,-5.356527789802055e-19,1.75019700716784e-21
5.086,2.4670949912689887e-18,-1.4911007503118712,1.0012142770624772,1.8167280167668695e-18,-0.008085070581648472,-0.0011824320193365187,0.9999997832288285,-0.0006584392868410232,-5.371739546207812e-19,1.703762859933759e-21
5.088,2.4707069832435743e-18,-1.4911168930422207,1.0012119144102034,1.7952540558900464e-18,-0.008057682736081704,-0.0011802202242694804,0.9999997855348489,-0.0006549276713112197,-5.38686325388146e-19,4.056063914171936e-21
5.09,2.4742758646983926e-18,-1.4911329811400138,1.0012095561778105,1.7736175439235185e-18,-0.008030437946665457,-0.0011780121387254445,0.999999787820713,-0.0006514280677012257,-5.45677016825266e-19,1.9525901330370348e-21
5.0920000000000005,2.4778012392097828e-18,-1.4911490148908624,1.0012072023578833,1.7517113842179288e-18,-0.008003335712870248,-0.0011758077587430101,0.9999997900865315,-0.0006479404998320845,-5.526480395823969e-19,-8.316308129168332e-22
5.094,2.4812825327196937e-18,-1.4911649945793766,1.0012048529430149,1.7295367584138617e-18,-0.007976375533344642,-0.0011736070803562385,0.9999997923324153,-0.0006444649908917932,-5.59584692976015e-19,-1.55329678682669e-21
5.096,2.484719209643601e-18,-1.4911809204891628,1.0012025079258058,1.7070950132000333e-18,-0.00794955690594018,-0.001171410099594621,0.9999997945584759,-0.0006410015634394333,-5.664889131429881e-19,-2.9589937155556898e-21
5.098,2.4881107370839777e-18,-1.4911967929028227,1.0012001672988649,1.6842799098541818e-18,-0.007922879327736138,-0.0011692168124829982,0.9999997967648246,-0.0006375502394092935,-5.788410118932445e-19,-1.2739047581919866e-21
5.1000000000000005,2.491456011255323e-18,-1.4912126121019509,1.0011978310548086,1.6609855661677347e-18,-0.007896342295064114,-0.0011670272150415596,0.9999997989515734,-0.0006341110401149828,-5.85651949684836e-19,4.0367352906371302e-22
5.102,2.4947546500791855e-18,-1.4912283783671343,1.001195499186262,1.6376448586169364e-18,-0.007869945303532468,-0.0011648413032857834,0.9999998011188342,-0.0006306839862535362,-5.869369765259789e-19,-1.0097681575534607e-21
5.104,2.4980065618451153e-18,-1.4912440919779504,1.0011931716858573,1.6142585480504123e-18,-0.007843687848050566,-0.001162659073226408,0.9999998032667193,-0.0006272690979095105,-5.827313894109337e-19,6.606307012485087e-22
5.106,2.5012120140221125e-18,-1.4912597532129654,1.0011908485462353,1.5912568588221265e-18,-0.007817569422852888,-0.001160480520869395,0.9999998053953413,-0.0006238663945590723,-5.730631375191973e-19,2.3232287805205305e-21
5.1080000000000005,2.5043717745697803e-18,-1.4912753623497337,1.0011885297600447,1.568530844311091e-18,-0.007791589521522957,-0.0011583056422158834,0.9999998075048127,-0.0006204758950740752,-5.689120157724531e-19,1.2436131008707852e-21
5.11,2.507486250312309e-18,-1.491290919664796,1.0011862153199418,1.545971924846056e-18,-0.007765747637017097,-0.001156134433262183,0.9999998095952463,-0.00061709761772613,-5.647805822879745e-19,1.6656023989774153e-22
5.112,2.5105557746345676e-18,-1.4913064254336788,1.0011839052185914,1.523579295830659e-18,-0.007740043261688043,-0.0011539668899997186,0.9999998116667552,-0.0006137315801906646,-5.606683198634102e-19,-2.23019342033034e-22
5.114,2.513580679316263e-18,-1.4913218799308918,1.0011815994486661,1.5013521567406844e-18,-0.0077144758873083745,-0.0011518030084150135,0.9999998137194528,-0.0006103777995509749,-5.565755543842145e-19,-6.112657738657124e-22
5.1160000000000005,2.516561294540025e-18,-1.4913372834299286,1.0011792980028467,1.4792897109452693e-18,-0.007689045005093789,-0.0011496427844896518,0.9999998157534521,-0.000607036292302266,-5.525024039469267e-19,-1.3412497644090377e-21
5.118,2.5194979488988033e-18,-1.491352636203264,1.0011770008738217,1.4573911653325125e-18,-0.0076637501057262155,-0.0011474862142002663,0.9999998177688667,-0.0006037070743556847,-5.4844878034802675e-19,-2.4117552167492147e-21
5.12,2.5223909694029196e-18,-1.4913679385223544,1.0011747080542879,1.4356557304583255e-18,-0.00763859067937676,-0.0011453332935185128,0.9999998197658102,-0.0006003901610423423,-5.444143825663141e-19,-3.4797197890504305e-21
5.122,2.525240681487513e-18,-1.4913831906576354,1.00117241953695,1.4140826206412967e-18,-0.0076135662157284945,-0.0011431840184110294,0.9999998217443961,-0.0005970855671173271,-5.403989119029717e-19,-4.203300439635152e-21
5.124,2.5280474090203273e-18,-1.4913983928785215,1.001170135314521,1.3925634753161304e-18,-0.007588676203999078,-0.0011410383848394427,0.9999998237047381,-0.0005937933067637081,-5.418840376969096e-19,-3.208582281713449e-21
5.126,2.5308109007478383e-18,-1.4914135454534057,1.001167855379722,1.3708827212307787e-18,-0.007563920132963221,-0.0011388963887603307,0.99999982564695,-0.0005905133935965286,-5.488430594625764e-19,5.275076850100609e-22
5.128,2.5335307625540507e-18,-1.4914286486496577,1.001165579725282,1.3489337700921572e-18,-0.007539297490974987,-0.0011367580261252136,0.9999998275711456,-0.0005872458406667903,-5.557702792403937e-19,2.1987612566842766e-21
5.13,2.53620645939261e-18,-1.4914437027336238,1.0011633083439382,1.3267179685677857e-18,-0.00751480776598993,-0.001134623292880521,0.9999998294774388,-0.0005839906604654271,-5.626648513779813e-19,3.523379750591316e-21
5.132,2.538837387269758e-18,-1.4914587079706254,1.0011610412284357,1.3041292479905672e-18,-0.007490450445587084,-0.0011324921849676013,0.9999998313659435,-0.000580747864927269,-5.749961104351765e-19,5.190701785809101e-21
5.134,2.5414226590298268e-18,-1.4914736646249591,1.001158778371528,1.2809546551696144e-18,-0.0074662250169907724,-0.0011303646983226875,0.9999998332367737,-0.000577517465434996,-5.982354622163217e-19,4.460978139406275e-21
5.136,2.5439606395866277e-18,-1.4914885729598955,1.0011565197659764,1.2570898673087749e-18,-0.007442130967092279,-0.001128240828876897,0.9999998350900432,-0.0005742994728230822,-5.829741780383299e-19,2.6827939330176272e-21
5.138,2.5464522839630987e-18,-1.4915034332376784,1.0011542654045509,1.2345821420439966e-18,-0.007418167782471345,-0.0011261205725562123,0.9999998369258659,-0.0005710938973817293,-5.732658613286848e-19,4.339011137204235e-21
5.14,2.5488983994678393e-18,-1.491518245719525,1.0011520152800293,1.2114890605971338e-18,-0.0073943349494175175,-0.0011240039252814803,0.9999998387443557,-0.0005679007488607899,-5.745549329620189e-19,7.368213058253595e-21
5.142,2.551298965893336e-18,-1.4915330106656246,1.0011497693851974,1.188997243339962e-18,-0.007370631953951332,-0.0011218908829683974,0.9999998405456264,-0.0005647200364736811,-5.813222171156256e-19,7.310203560164349e-21
5.144,2.5536532821777544e-18,-1.491547728335138,1.0011475277128496,1.1652750738584078e-18,-0.007347058281845342,-0.0011197814415274813,0.999999842329793,-0.000561551768901287,-5.935283642900067e-19,4.855966599893905e-21
5.146,2.5559605073125512e-18,-1.4915623989861975,1.0011452902557882,1.1418347528817221e-18,-0.0073236134186449925,-0.001117675596864148,0.999999844096967,-0.000558395954295849,-6.11159250409495e-19,2.4106066759841076e-21
5.148,2.558219303069357e-18,-1.4915770228759062,1.0011430570068236,1.116738663786976e-18,-0.007300296849689331,-0.0011155733448786251,0.999999845847263,-0.000555252600284851,-6.341879949280339e-19,2.0300464808375476e-21
5.15,2.5604277284401505e-18,-1.491591600260338,1.0011408279587746,1.0915009404435566e-18,-0.007277108060131568,-0.0011134746814659628,0.9999998475807949,-0.0005521217139748879,-6.625901537096905e-19,1.6525868501573141e-21
5.152,2.5625840306422567e-18,-1.4916061313945368,1.0011386031044682,1.0649391115737961e-18,-0.007254046534959481,-0.0011113796025160484,0.9999998492976759,-0.0005490033019555265,-6.415146202109105e-19,9.064826867041194e-22
5.154,2.5646895499728134e-18,-1.491620616532516,1.0011363824367396,1.0407174153146248e-18,-0.007231111759015659,-0.0011092881039136042,0.9999998509980196,-0.0005458973703031557,-6.1505623490678245e-19,5.01416533406338e-22
5.156,2.5667457994330904e-18,-1.491635055927259,1.001134165948432,1.0152740510289574e-18,-0.007208303217017593,-0.0011072001815381866,0.999999852681939,-0.0005428039245848247,-6.545016496140413e-19,-5.520730914089929e-22
5.158,2.56875066311785e-18,-1.4916494498307182,1.0011319536323975,9.896913729673294e-19,-0.00718562039357762,-0.0011051158312641908,0.9999998543495475,-0.0005397229698620715,-6.389479950874003e-19,-3.002705571235507e-21
5.16,2.5707049760364537e-18,-1.4916637984938155,1.0011297454814956,9.647228024642291e-19,-0.0071630627732227024,-0.0011030350489608415,0.999999856000958,-0.0005366545106947392,-6.234664237555636e-19,-2.3635601603275532e-21
5.162,2.5726100709702544e-18,-1.4916781021664411,1.0011275414885947,9.404729082215309e-19,-0.007140629840414057,-0.001100957830492223,0.9999998576362832,-0.0005335985511447832,-5.970928849627514e-19,-1.3883242257635132e-21
5.164,2.5744678123115394e-18,-1.491692361097455,1.0011253416465713,9.174760555870104e-19,-0.007118321079566634,-0.0010988841717172644,0.9999998592556361,-0.0005305550947800651,-5.653500836185153e-19,-2.816931823936161e-21
5.166,2.5762808083146863e-18,-1.4917065755346854,1.00112314594831,8.956190073083235e-19,-0.0070961359750684435,-0.0010968140684897408,0.999999860859129,-0.0005275241446781376,-5.447212987203704e-19,-1.152346125899605e-21
5.168,2.5780506156145877e-18,-1.4917207457249293,1.0011209543867041,8.74250853393378e-19,-0.007074074011299724,-0.0010947475166583065,0.9999998624468743,-0.0005245057034300163,-5.351549100996892e-19,1.5416791821602501e-21
5.17,2.5797779940211137e-18,-1.4917348719139527,1.0011187669546548,8.531540429747706e-19,-0.007052134672651964,-0.0010926845120664977,0.9999998640189843,-0.0005214997731439418,-5.311048881195827e-19,1.4909054627047656e-21
5.172,2.5814633417171854e-18,-1.4917489543464901,1.001116583645072,8.322200173492609e-19,-0.007030317443546774,-0.0010906250505527168,0.9999998655755709,-0.0005185063554491304,-5.2707388790174915e-19,1.7829156218334825e-21
5.174,2.5831069834876223e-18,-1.4917629932662453,1.0011144044508733,8.114479924261961e-19,-0.0070086218084546015,-0.0010885691279502781,0.9999998671167458,-0.0005155254514995116,-5.230614588199131e-19,3.101407613485611e-21
5.176,2.584709242553146e-18,-1.4917769889158905,1.0011122293649852,7.908371881004825e-19,-0.0069870472519133016,-0.0010865167400873972,0.9999998686426207,-0.000512557061977457,-5.190683975004851e-19,3.731453576475982e-21
5.178,2.5862704405777724e-18,-1.4917909415370678,1.0011100583803425,7.703868277556826e-19,-0.006965593258546555,-0.00108446788278722,0.9999998701533068,-0.0005096011870974955,-5.150944394056644e-19,4.017346721204089e-21
5.18,2.5877908976758763e-18,-1.491804851370388,1.0011078914898883,7.500961384045472e-19,-0.006944259313082138,-0.0010824225518678262,0.9999998716489154,-0.0005066578266100186,-5.111391421366707e-19,4.645225537279835e-21
5.182,2.5892709324195825e-18,-1.491818718655432,1.0011057286865739,7.299643507949101e-19,-0.00692304490037004,-0.0010803807431422506,0.9999998731295571,-0.0005037269798049727,-5.072025902438395e-19,5.2720240824820806e-21
5.184,2.5907108618462127e-18,-1.49183254363075,1.0011035699633593,7.099906992410842e-19,-0.006901949505400442,-0.0010783424524185086,0.9999998745953426,-0.0005008086455155406,-4.9780315318600715e-19,3.839420966501519e-21
5.186,2.5921112882549866e-18,-1.4918463265338628,1.0011014153132123,6.904969857469604e-19,-0.006880972613321533,-0.001076307675499594,0.9999998760463823,-0.0004979028221218119,-4.884354678465366e-19,2.0683663737797983e-21
5.188,2.5934730982140326e-18,-1.4918600676012617,1.0010992647291097,6.713739589334843e-19,-0.006860113709457194,-0.0010742764081835084,0.9999998774827863,-0.0004950095075544403,-4.791115152017443e-19,1.6721636889622663e-21
5.19,2.5947970312819077e-18,-1.4918737670684081,1.0010971182040367,6.525122272169563e-19,-0.006839372279324522,-0.0010722486462632855,0.9999998789046644,-0.0004921286992982906,-4.753136694293224e-19,2.6502678579688383e-21
5.192,2.596083321474557e-18,-1.4918874251697356,1.0010949757309864,6.338025998497819e-19,-0.006818747808651217,-0.0010702243855270127,0.999999880312126,-0.0004892603943960724,-4.660642323104945e-19,3.622957428037082e-21
5.194,2.597332702154293e-18,-1.491901042138649,1.0010928373029608,6.156741464018546e-19,-0.006798239783392821,-0.0010682036217578303,0.9999998817052806,-0.00048640458945196317,-4.513758927229164e-19,4.933328408134797e-21
5.196,2.598546297464987e-18,-1.4919146182075251,1.0010907029129703,5.981243537102312e-19,-0.0067778476897498085,-0.0010661863507339818,0.999999883084237,-0.0004835612806352193,-4.36757170907336e-19,6.240607666040293e-21
5.198,2.5997255486747104e-18,-1.4919281536077138,1.0010885725540335,5.812577882901734e-19,-0.0067575710141845316,-0.001064172568228822,0.9999998844491039,-0.00048073046368377433,-4.167399923520819e-19,3.7732884100584716e-21
5.2,2.600871854479869e-18,-1.4919416485695378,1.0010864462191775,5.651783282588955e-19,-0.006737409243438028,-0.0010621622700108452,0.9999998857999896,-0.00047791213390782617,-3.968170676132878e-19,2.6828896929585156e-21
5.202,2.6019868568483966e-18,-1.491955103322294,1.0010843239014382,5.499895082549319e-19,-0.006717361864546678,-0.0010601554518437245,0.9999998871370019,-0.0004751062861934116,-3.7151818566779696e-19,3.305788850162213e-21
5.204,2.6030724758542145e-18,-1.491968518094253,1.0010822055938595,5.357941811158186e-19,-0.006697428364858719,-0.001058152109486307,0.9999998884602489,-0.0004723129150059694,-3.463393996128981e-19,3.584576442545853e-21
5.206,2.6041306935850136e-18,-1.4919818931126612,1.0010800912894942,5.225874525150013e-19,-0.006677608232050619,-0.0010561522386926569,0.9999998897698377,-0.0004695320143938903,-3.212798149135234e-19,4.205390756058472e-21
5.208,2.6051634823631262e-18,-1.4919952286037401,1.0010779809814032,5.10364451409351e-19,-0.00665790095414331,-0.0010541558352120922,0.9999998910658752,-0.00046676357799205605,-2.9633918883758415e-19,4.482098122299892e-21
5.21,2.6061728047918736e-18,-1.492008524792688,1.0010758746626565,4.991203298012162e-19,-0.0066383060195182725,-0.0010521628947892064,0.9999998923484682,-0.0004640075990253654,-2.715169587822739e-19,4.4155140464693124e-21
5.212,2.6071607213795838e-18,-1.49202178190368,1.0010737723263319,4.889578407696017e-19,-0.006618822916933485,-0.0010501734131638885,0.9999998936177231,-0.00046126407031224823,-2.413285457310078e-19,7.088266772832589e-21
5.214,2.6081295697767927e-18,-1.4920350001598697,1.001071673965516,4.79979569689306e-19,-0.00659945113553923,-0.0010481873860713625,0.9999998948737456,-0.000458532984268167,-2.1675328779063283e-19,8.728442165926243e-21
5.216,2.6090812826870877e-18,-1.4920481797833884,1.0010695795733044,4.717498731674002e-19,-0.006580190164893761,-0.0010462048092422145,0.9999998961166416,-0.0004558143329091067,-2.0326096003061875e-19,7.629304150190532e-21
5.218,2.6100167437018145e-18,-1.492061320995348,1.0010674891428006,4.63727340749617e-19,-0.006561039494978825,-0.0010442256784024288,0.9999998973465161,-0.00045310810785505125,-2.0078366918326824e-19,8.936406757739147e-21
5.22,2.610936258299105e-18,-1.4920744240158401,1.001065402667117,4.558033790363081e-19,-0.006541998616215055,-0.0010422499892734167,0.9999998985634739,-0.00045041430033344854,-1.9831811407327984e-19,1.0240412499510105e-20
5.222,2.6118400231411807e-18,-1.492087489063938,1.0010633201393744,4.479775092155011e-19,-0.0065230670194772146,-0.001040277737572048,0.9999998997676197,-0.00044773290118266305,-1.9586408294375835e-19,1.1883990090456977e-20
5.224,2.612728233934949e-18,-1.4921005163576968,1.0010612415527023,4.402492546809419e-19,-0.006504244196109309,-0.0010383089190106837,0.9999999009590573,-0.00044506390085541483,-1.9342260030066296e-19,1.1467704853805861e-20
5.226,2.613601085435656e-18,-1.492113506114155,1.0010591669002384,4.326181403469385e-19,-0.006485529637939554,-0.001036343529297215,0.9999999021378905,-0.00044240728942220736,-1.9099376902512192e-19,8.652965786009395e-21
5.228,2.61445877144976e-18,-1.4921264585493355,1.0010570961751297,4.2508369256555256e-19,-0.006466922837295215,-0.001034381564135096,0.9999999033042225,-0.00043976305657474215,-1.8857586367517544e-19,7.215545660915104e-21
5.23,2.6153014848389658e-18,-1.4921393738782458,1.0010550293705314,4.1764544046044924e-19,-0.006448423287017303,-0.0010324230192233796,0.9999999044581562,-0.00043713119162932086,-1.8616821479260953e-19,8.522419160092693e-21
5.232,2.6161294175264075e-18,-1.4921522523148802,1.001052966479607,4.103029162512344e-19,-0.006430030480475137,-0.0010304678902567537,0.9999999055997941,-0.0004345116835302351,-1.8377212152244546e-19,9.483534842436868e-21
5.234,2.616942760502032e-18,-1.49216509407222,1.0010509074955292,4.0305565438163074e-19,-0.006411743911580768,-0.0010285161729255748,0.9999999067292382,-0.00043190452085314343,-1.8138768195519405e-19,9.757050873293959e-21
5.236,2.6177417038265603e-18,-1.4921778993622348,1.0010488524114787,3.959031912684811e-19,-0.006393563074803273,-0.0010265678629159107,0.9999999078465902,-0.00042930969180843547,-1.7901439580757444e-19,1.0372581288959404e-20
5.238,2.6185264366358904e-18,-1.4921906683958837,1.0010468012206455,3.888450656467095e-19,-0.0063754874651829095,-0.001024622955909566,0.9999999089519511,-0.0004267271842445838,-1.7665206152687468e-19,1.1672789003873544e-20
5.24,2.6192971471457754e-18,-1.4922034013831167,1.0010447539162277,3.8188081870447465e-19,-0.006357516578345138,-0.0010226814475841517,0.9999999100454219,-0.0004241569856514825,-1.743006233618825e-19,1.3655238829074883e-20
5.242,2.620054022656824e-18,-1.4922160985328754,1.0010427104914323,3.750099940541407e-19,-0.006339649910514511,-0.0010207433336130848,0.9999999111271028,-0.000421599083163774,-1.7196032060524562e-19,1.5632990791504936e-20
5.244,2.620797249559032e-18,-1.4922287600530946,1.001040670939475,3.682321374459002e-19,-0.006321886958528427,-0.0010188086096656486,0.9999999121970937,-0.0004190534635641617,-1.6963110108706692e-19,1.7606868248074816e-20
5.246,2.621527013336121e-18,-1.4922413861507033,1.00103863525358,3.6154679689418935e-19,-0.006304227219850756,-0.0010168772714070375,0.9999999132554942,-0.0004165201132867111,-1.6731276562206194e-19,1.991872953095187e-20
5.248,2.6222434985700884e-18,-1.4922539770316263,1.0010366034269804,3.549535226122328e-19,-0.0062866701925853264,-0.0010149493144983872,0.999999914302403,-0.00041399901842013756,-1.650054076929666e-19,2.222511208384347e-20
5.25,2.622946888945451e-18,-1.4922665329007851,1.0010345754529177,3.484518668823114e-19,-0.0062692153754892906,-0.001013024734596828,0.9999999153379189,-0.00041149016471108123,-1.6270940163482596e-19,2.349845080438294e-20
5.252,2.6236373672530782e-18,-1.4922790539620991,1.0010325513246423,3.42041383712713e-19,-0.006251862267986347,-0.0010111035273555112,0.9999999163621398,-0.0004089935375673691,-1.6042484188396324e-19,2.3398126863682638e-20
5.2540000000000004,2.624315115393501e-18,-1.4922915404184878,1.0010305310354133,3.3572162887788485e-19,-0.0062346103701798414,-0.001009185688423668,0.9999999173751636,-0.000406509122061264,-1.581508307313051e-19,2.398255249497467e-20
5.256,2.624980314381018e-18,-1.492303992471871,1.0010285145784983,3.294921602324228e-19,-0.006217459182865736,-0.0010072712134466285,0.9999999183770873,-0.000404036902932701,-1.6137129828568551e-19,2.1826937660010285e-20
5.258,2.6256329651357316e-18,-1.4923164103231714,1.0010265019471738,3.2313755153984016e-19,-0.006200408207545447,-0.001005360098065891,0.9999999193680078,-0.0004015768645925108,-1.591072056210133e-19,1.8988895619157596e-20
5.26,2.6262728894643513e-18,-1.492328794172315,1.001024493134725,3.167658337682858e-19,-0.006183456946438554,-0.001003452337919151,0.9999999203480212,-0.00039912899112563003,-1.623096224367168e-19,1.8215741579824848e-20
5.2620000000000005,2.6268999461715995e-18,-1.4923411442182328,1.0010224881344458,3.102700293763042e-19,-0.006166604902495381,-0.0010015479286403514,0.9999999213172233,-0.00039669326629429834,-1.6549727391362197e-19,1.641643194424197e-20
5.264,2.627513995280909e-18,-1.492353460658863,1.0010204869396389,3.0375833460564817e-19,-0.006149851579409456,-0.0009996468658597167,0.9999999222757094,-0.00039426967354124333,-1.577038414360635e-19,1.667218965275849e-20
5.266,2.6281153280844925e-18,-1.4923657436911517,1.0010184895436154,2.9766114457633036e-19,-0.0061331964816298285,-0.0009977491452038195,0.9999999232235744,-0.0003918581959928512,-1.499347628406222e-19,1.5899358072574384e-20
5.268,2.6287048077480893e-18,-1.4923779935110544,1.0010164959396957,2.918690094824778e-19,-0.006116639114373279,-0.000995854762295604,0.9999999241609125,-0.0003894588164623254,-1.4221551922864894e-19,1.5127557509854914e-20
5.2700000000000005,2.629282935130731e-18,-1.492390210313538,1.0010145061212086,2.8627284999199493e-19,-0.006100178983636388,-0.0009939637127544412,0.9999999250878177,-0.0003870715174528317,-1.4000259163127978e-19,1.4017467512306816e-20
5.272,2.6298499580378483e-18,-1.4924023942925826,1.0010125200814917,2.807644651813312e-19,-0.006083815596207483,-0.0009920759921961781,0.9999999260043831,-0.00038469628116063033,-1.378009648637004e-19,1.0852823216409035e-20
5.274,2.630406051589065e-18,-1.492414545641182,1.0010105378138914,2.7534342565760533e-19,-0.006067548459678467,-0.0009901915962331797,0.9999999269107019,-0.00038233308947819525,-1.3012641686979115e-19,9.74913459435409e-21
5.276,2.630951927680453e-18,-1.4924266645513462,1.001008559311763,2.707618373923323e-19,-0.006051377082456513,-0.000988310520474374,0.9999999278068663,-0.0003799819239973196,-1.0057065756182172e-19,9.324199090310127e-21
5.2780000000000005,2.631489584822703e-18,-1.492438751214103,1.0010065845684704,2.6680091249851233e-19,-0.00603530097377564,-0.000986432760525304,0.9999999286929683,-0.0003776427660122088,-1.20484873829057e-19,9.947431744205611e-21
5.28,2.632017678396402e-18,-1.4924508058194996,1.0010046135773865,2.610913939275677e-19,-0.006019319643708166,-0.0009845583119881787,0.9999999295690992,-0.0003753155965225599,-1.5125632224728946e-19,1.1943544001044994e-20
5.282,2.6325341181139516e-18,-1.4924628285566037,1.0010026463318926,2.5547074302616635e-19,-0.006003432603176035,-0.0009826871704619064,0.99999993043535,-0.0003730003962366282,-1.3253954636654228e-19,1.1517747267670705e-20
5.284,2.633040051008871e-18,-1.4924748196135063,1.0010006828253795,2.5058399092599455e-19,-0.0059876393639620214,-0.0009808193315421555,0.999999931291811,-0.00037069714557428046,-1.1391137479091638e-19,1.1435636925943578e-20
5.2860000000000005,2.6335369412550918e-18,-1.4924867791773224,1.000998723051246,2.4642751669665817e-19,-0.005971939438720819,-0.000978954790821399,0.9999999321385721,-0.00036840582467003477,-9.537126061689045e-20,1.2039871889613396e-20
5.288,2.6340262458020635e-18,-1.4924987074341936,1.0009967670029003,2.431052942003433e-19,-0.005956332340990001,-0.0009770935438889721,0.9999999329757228,-0.00036612641337608817,-7.143721353255469e-20,1.0584701924304888e-20
5.29,2.634509808752696e-18,-1.4925106045692889,1.0009948146737593,2.4050596740070144e-19,-0.005940817585200863,-0.0009752355863311028,0.9999999338033517,-0.00036385889126532933,-6.405139524487926e-20,9.138206525560385e-21
5.292,2.6349882113668697e-18,-1.4925224707668074,1.0009928660572485,2.3787292540220107e-19,-0.0059253946866891435,-0.0009733809137309863,0.9999999346215475,-0.0003616032376343395,-6.767800541393553e-20,9.75510874102404e-21
5.2940000000000005,2.6354612063211118e-18,-1.49253430620998,1.0009909211468024,2.3509841995499126e-19,-0.005910063161705631,-0.000971529521668803,0.9999999354303978,-0.0003593594315063795,-7.128754430703872e-20,1.0027477598154387e-20
5.296,2.63592851139062e-18,-1.4925461110810707,1.0009889799358647,2.321831525960194e-19,-0.0058948225274266415,-0.000969681405721801,0.99999993622999,-0.000357127451634364,-7.488034068330007e-20,9.27161920314631e-21
5.298,2.636389845750085e-18,-1.492557885561379,1.000987042417887,2.2912782121517947e-19,-0.005879672301964389,-0.0009678365614643315,0.9999999370204109,-0.0003549072765038217,-7.84566010997433e-20,7.146903323760173e-21
5.3,2.6368449299661334e-18,-1.4925696298312412,1.0009851085863308,2.259331199248632e-19,-0.0058646120043772286,-0.0009659949844678867,0.9999999378017469,-0.0003526988843358429,-8.201592011039291e-20,5.027220292268352e-21
5.3020000000000005,2.6372934859903252e-18,-1.492581344070033,1.0009831784346659,2.2270731701974834e-19,-0.005849641154679788,-0.0009641566703011776,0.9999999385740838,-0.00035050225309001383,-8.007433612283629e-20,7.022561356548751e-21
5.304,2.6377358107081358e-18,-1.4925930284561713,1.000981251956371,2.1966589437150867e-19,-0.0058347592738529795,-0.0009623216145301598,0.9999999393375067,-0.00034831736046733714,-7.265935901364454e-20,9.012064385110935e-21
5.306,2.6381723436906374e-18,-1.4926046831671151,1.0009793291449338,2.1691535184321017e-19,-0.0058199658838538944,-0.0009604898127180949,0.9999999400921006,-0.00034614418391313987,-6.528048637397183e-20,8.255565948185028e-21
5.308,2.6386036652625673e-18,-1.4926163083793693,1.0009774099938509,2.144542549346656e-19,-0.005805260507625587,-0.0009586612604256114,0.9999999408379495,-0.00034398270061996705,-5.793648122046785e-20,7.843121611112075e-21
5.3100000000000005,2.6390303528863295e-18,-1.4926279042684851,1.0009754944966276,2.1228117599152343e-19,-0.005790642669106736,-0.000956835953210739,0.9999999415751373,-0.00034183288753046316,-5.062646529382143e-20,9.830696494831731e-21
5.312,2.6394529811765866e-18,-1.4926394710090627,1.0009735826467783,2.103946949307438e-19,-0.005776111893241198,-0.0009550138866289672,0.999999942303747,-0.0003396947213402397,-4.335097141661762e-20,1.2155414848727454e-20
5.314,2.63987212191468e-18,-1.492651008774753,1.000971674437826,2.087933982822633e-19,-0.00576166770598744,-0.000953195056233302,0.9999999430238613,-0.0003375681785007291,-3.6111013802069154e-20,1.1391487898532116e-20
5.316,2.64028834406101e-18,-1.4926625177382606,1.0009697698633029,2.07475878614868e-19,-0.005747309634327867,-0.0009513794575743188,0.9999999437355623,-0.00033545323522202614,-2.8905266991885163e-20,1.0972444820711107e-20
5.3180000000000005,2.6407022137677028e-18,-1.4926739980713442,1.0009678689167498,2.0644073524712364e-19,-0.005733037206278026,-0.0009495670862001971,0.9999999444389318,-0.00033334986747571543,-2.1733219024838425e-20,1.1924233967166115e-20
5.32,2.641114294392578e-18,-1.4926854499448197,1.000965971591717,2.0568657445830368e-19,-0.005718849950895705,-0.0009477579376567946,0.9999999451340508,-0.00033125805099768564,-1.459516713926908e-20,1.287377254356656e-20
5.322,2.6415250389354613e-18,-1.4926968735285626,1.0009640778817628,2.051044318766706e-19,-0.00570474739828992,-0.0009459520074876821,0.9999999458209997,-0.00032917776129093036,-1.845702906341616e-20,1.1083406902060658e-20
5.324,2.641934360018437e-18,-1.4927082689915097,1.000962187780455,2.041555720654098e-19,-0.005690729079629786,-0.0009441492912342165,0.9999999464998587,-0.00032710897362833605,-2.779605866532542e-20,9.641752389988861e-21
5.3260000000000005,2.642341417677168e-18,-1.4927196365016606,1.0009603012813706,2.0273371998483376e-19,-0.005676794527153278,-0.0009423497844355641,0.9999999471707072,-0.00032505166305545627,-4.257340089031693e-20,8.206113346975151e-21
5.328,2.6427448377024454e-18,-1.492730976226081,1.0009584183780948,2.0051848170333673e-19,-0.005662943274175889,-0.0009405534826287825,0.9999999478336242,-0.00032300580439327255,-6.823342576428965e-20,5.064118613064086e-21
5.33,2.6431428223458895e-18,-1.492742288330904,1.0009565390642223,1.9729913370296065e-19,-0.005649174855099164,-0.0009387603813488507,0.9999999484886882,-0.000320971372240942,-9.925328922659568e-20,5.3579364793469616e-21
5.332,2.6435333326661627e-18,-1.4927535729813328,1.0009546633333564,1.9329613360993482e-19,-0.00563548880541914,-0.0009369704761287451,0.999999949135977,-0.00031894834097853165,-8.626531891639154e-20,5.979617025537909e-21
5.3340000000000005,2.643916993659252e-18,-1.4927648303416428,1.0009527911791094,1.904494037867997e-19,-0.0056218846617346685,-0.0009351837624994742,0.999999949775568,-0.00031693668476973926,-7.33395796187895e-20,4.5434586342212114e-21
5.336,2.6442949288066014e-18,-1.4927760605751832,1.0009509225951025,1.8756988704297193e-19,-0.0056083619617556275,-0.0009334002359901276,0.9999999504075382,-0.0003149363775646013,-5.499156118223008e-20,6.193334876072797e-21
5.338,2.644668328187901e-18,-1.4927872638443802,1.0009490575749662,1.8584143587740347e-19,-0.0055949202443110356,-0.0009316198921279514,0.9999999510319637,-0.0003129473931021868,-5.3165266526558074e-20,7.844895650490633e-21
5.34,2.6450372647343202e-18,-1.4927984403107388,1.0009471961123395,1.8310699557245037e-19,-0.00558155904935705,-0.0009298427264383887,0.9999999516489204,-0.0003109697049132784,-6.231375914229461e-20,6.412021443514932e-21
5.3420000000000005,2.645401272696395e-18,-1.4928095901348448,1.0009453382008706,1.807696991062769e-19,-0.005568277917984864,-0.0009280687344451231,0.9999999522584836,-0.0003090032863230401,-7.141878184199966e-20,5.325604055769687e-21
5.344,2.6457594592002826e-18,-1.4928207134763674,1.0009434838342166,1.7742925569201947e-19,-0.005555076392428492,-0.000926297911670145,0.9999999528607281,-0.00030704811045367147,-8.048011162497846e-20,5.95506179583148e-21
5.346,2.6461112934709063e-18,-1.4928318104940614,1.0009416330060434,1.742743107585113e-19,-0.005541954016072456,-0.0009245302536337985,0.9999999534557279,-0.0003051041502270483,-1.0046470401956301e-19,3.160991437268974e-21
5.348,2.646455208527217e-18,-1.4928428813457697,1.0009397857100262,1.694746319420347e-19,-0.005528910333459361,-0.0009227657558548508,0.9999999540435568,-0.0003031713783673506,-1.2586324827353236e-19,3.214211091929729e-23
5.3500000000000005,2.64678949980757e-18,-1.492853926188425,1.000937941939849,1.6497405301420334e-19,-0.005515944890297375,-0.0009210044138505124,0.9999999546242879,-0.0003012497674036768,-1.017975281556552e-19,-1.0474885164578242e-21
5.352,2.6471157337640743e-18,-1.4928649451780533,1.0009361016892044,1.6141656184511843e-19,-0.005503057233467591,-0.000919246223136532,0.9999999551979939,-0.00029933928967264424,-7.784558994907107e-20,-1.0965592682471954e-21
5.354,2.6474357919131052e-18,-1.492875938469775,1.0009342649517947,1.5879750282664642e-19,-0.005490246911031301,-0.0009174911792272091,0.9999999557647469,-0.00029743991732097773,-5.400709916204745e-20,-8.024296918885726e-22
5.356,2.6477515464820547e-18,-1.4928869062178078,1.0009324317213306,1.571122426302192e-19,-0.005477513472237155,-0.0009157392776354752,0.9999999563246185,-0.0002955516223080831,-3.028151550825944e-20,-1.6713168274750972e-22
5.3580000000000005,2.6480648604537964e-18,-1.4928978485754694,1.0009306019915318,1.5635616996390457e-19,-0.005464856467528227,-0.0009139905138729354,0.9999999568776795,-0.0002936743764086088,-6.66850826898365e-21,1.2442156150426166e-22
5.36,2.6483775876104814e-18,-1.4929087656951794,1.0009287757561274,1.565246954062118e-19,-0.005452275448548973,-0.0009122448834499294,0.9999999574240007,-0.0002918081512149934,1.6832759051415636e-20,1.1006229347596355e-21
5.362,2.6486915725773375e-18,-1.4929196577284618,1.000926953008855,1.5761325148414948e-19,-0.00543976996815209,-0.0009105023818755715,0.9999999579636519,-0.00028995291814000007,4.022271854971682e-20,2.417188126565443e-21
5.364,2.6490087584433203e-18,-1.492930524825948,1.0009251337434615,1.5961729244315161e-19,-0.005427339580405279,-0.0009087630046578235,0.9999999584967026,-0.0002881086484192379,6.350119881463774e-20,1.6746804326937368e-21
5.3660000000000005,2.649330756496477e-18,-1.492941367137378,1.0009233179537027,1.6253229366033375e-19,-0.005414983840597896,-0.0009070267473035335,0.9999999590232219,-0.0002862753131136699,8.66694162078314e-20,1.2770166028859578e-21
5.368,2.6496594200948456e-18,-1.492952184811604,1.0009215056333434,1.6635392208599927e-19,-0.005402702305247516,-0.0009052936053184825,0.999999959543278,-0.0002844528831121075,1.097406975550597e-19,5.376465396978669e-22
5.37,2.6499964150814038e-18,-1.492962977996593,1.000919696776157,1.7043257421664927e-19,-0.0053904945321063946,-0.0009035635742074561,0.9999999600569389,-0.000282641329133692,8.334596500191327e-20,-1.5557485586324154e-21
5.372,2.6503398849867076e-18,-1.4929737468394277,1.0009178913759267,1.7282957428863425e-19,-0.005378360080167825,-0.0009018366494742947,0.999999960564272,-0.000280840621730363,6.254691867512877e-20,-2.1913046742954114e-22
5.3740000000000006,2.6506880884668984e-18,-1.4929844914863108,1.000916089426444,1.7527445587406527e-19,-0.005366298509672406,-0.0009001128266219269,0.9999999610653442,-0.0002790507312893132,4.734225296801103e-20,1.798085351638343e-21
5.376,2.651039938471e-18,-1.4929952120825665,1.0009142909215096,1.7647656976592554e-19,-0.0053543093821142055,-0.0008983921011524505,0.9999999615602216,-0.00027727162803542986,3.2209676420786146e-20,3.810103755304122e-21
5.378,2.6513941389485676e-18,-1.4930059087726428,1.0009124958549336,1.7751782190704396e-19,-0.005342392260246832,-0.000896674468567158,0.9999999620489703,-0.0002755032820337238,7.004325443205584e-22,3.4232737881898064e-21
5.38,2.6517483601934467e-18,-1.4930165817001155,1.0009107042205343,1.765698618605593e-19,-0.00533054670808941,-0.0008949599243666111,0.9999999625316555,-0.0002737456631917443,-2.5203226768517763e-20,1.6643789799185967e-21
5.382,2.652100497425155e-18,-1.4930272310076889,1.0009089160121396,1.7536289409406257e-19,-0.005318772290932452,-0.0008932484640506815,0.9999999630083419,-0.00027199874126198167,-5.646629590773439e-20,1.2817829235347533e-21
5.384,2.652448456121237e-18,-1.4930378568371991,1.0009071312235862,1.7260744895984733e-19,-0.005307068575343646,-0.0008915400831186032,0.999999963479094,-0.00027026248584425595,-3.823791239756909e-20,8.88276405229778e-22
5.386,2.6527930567074424e-18,-1.4930484593296172,1.00090534984872,1.7207602174097778e-19,-0.005295435129173542,-0.00088983477706904,0.9999999639439754,-0.00026853686638809255,-2.5565719587335006e-20,-1.873182989672845e-22
5.388,2.6531356889907425e-18,-1.4930590386250508,1.0009035718813954,1.7053117640939314e-19,-0.005283871521561147,-0.0008881325414001188,0.9999999644030494,-0.00026682185219508526,-1.843618995394114e-20,-1.2588832687041485e-21
5.39,2.653476698081453e-18,-1.4930695948627475,1.0009017973154766,1.7045269305572358e-19,-0.005272377322939421,-0.0008864333716094913,0.9999999648563787,-0.0002651174124212456,-1.6809866547519163e-20,-1.6403093724193396e-21
5.392,2.653816355477361e-18,-1.4930801281810966,1.000900026144836,1.691435722982928e-19,-0.00526095210504069,-0.0008847372631943807,0.9999999653040255,-0.0002634235160793391,-1.51911624237545e-20,-1.6773567924129545e-21
5.394,2.6541545735193053e-18,-1.4930906387176324,1.0008982583633554,1.690851766522009e-19,-0.005249595440901957,-0.0008830442116516366,0.9999999657460515,-0.00026174013204120875,-2.4519124983822892e-20,-1.0261110177168287e-21
5.396,2.6544907640424216e-18,-1.4931011266090366,1.0008964939649256,1.669371333861575e-19,-0.005238306904870124,-0.0008813542124778048,0.9999999661825181,-0.000260067229040085,-5.02381548790871e-20,-2.4276756255962935e-21
5.398,2.6548231603664228e-18,-1.4931115919911409,1.0008947329434463,1.6572208122747058e-19,-0.005227086072607127,-0.0008796672611691539,0.9999999666134858,-0.00025840477567288313,-3.1974694393540385e-20,-4.180002321087966e-21
5.4,2.655152979939779e-18,-1.4931220349989294,1.0008929752928264,1.6392934014873328e-19,-0.005215932521094972,-0.0008779833532217253,0.9999999670390151,-0.0002567527404024868,-5.76839395580247e-20,-3.861261474023162e-21
5.402,2.655478207074223e-18,-1.493132455766542,1.0008912210069836,1.6113043949126996e-19,-0.0052048458286406895,-0.0008763024841314011,0.9999999674591654,-0.00025511109156001947,-8.327139229584989e-20,-3.8859535966091e-21
5.404,2.655796834427508e-18,-1.493142854427276,1.0008894700798445,1.5733035240886623e-19,-0.0051938255748811895,-0.0008746246493939609,0.999999967873996,-0.0002534797973471024,-1.0873754110896252e-19,-3.910603200957227e-21
5.406,2.656106864580091e-18,-1.4931532311135898,1.0008877225053452,1.5253402842422048e-19,-0.005182871340788036,-0.0008729498445050983,0.9999999682835659,-0.00025185882583809917,-1.3408304903608196e-19,-4.277871795882193e-21
5.408,2.656406309987869e-18,-1.4931635859571046,1.0008859782774304,1.467463935174096e-19,-0.005171982708672129,-0.0008712780649605195,0.9999999686879328,-0.0002502481449823479,-1.5930814199265973e-19,-3.61670769174276e-21
5.41,2.6566931929354936e-18,-1.493173919088608,1.000884237390054,1.3997235049738672e-19,-0.005161159262188295,-0.0008696093062559502,0.9999999690871549,-0.0002486477226063803,-1.8441338737872494e-19,-1.9291425317697412e-21
5.412,2.6569655454901326e-18,-1.4931842306380558,1.0008824998371786,1.3221677899648596e-19,-0.005150400586339796,-0.0008679435638872282,0.9999999694812893,-0.0002470575264161272,-2.0391788211762221e-19,-3.6735709091832465e-21
5.414,2.657221660296131e-18,-1.4931945207345756,1.0008807656127763,1.236993477629077e-19,-0.005139706267482746,-0.0008662808333503122,0.9999999698703926,-0.0002454775239991119,-2.2881233358860495e-19,-4.72882419711462e-21
5.416,2.6574597301978887e-18,-1.4932047895064688,1.0008790347108278,1.1420833551780185e-19,-0.005129075893330446,-0.0008646211101413659,0.9999999702545211,-0.0002439076828266305,-2.5361383029585316e-19,-2.013122364943e-21
5.418,2.657677848204061e-18,-1.4932150370812138,1.000877307125323,1.0374822136354214e-19,-0.005118509052957627,-0.000862964389756786,0.9999999706337307,-0.00024234797025591857,-2.782976547515111e-19,1.0391938157113459e-21
5.42,2.657874080912576e-18,-1.4932252635854684,1.0008755828502607,9.232380335742322e-20,-0.005108005336804612,-0.0008613106676932696,0.9999999710080765,-0.0002407983535323059,-3.0286486519574065e-19,2.370951827252006e-21
5.422,2.6580465044942793e-18,-1.4932354691450724,1.0008738618796487,7.993985634606982e-20,-0.005097564336681389,-0.0008596599394478528,0.9999999713776133,-0.00023925879979135769,-3.273161033228543e-19,1.6435686166352947e-21
5.424,2.658193097070223e-18,-1.4932456538850511,1.000872144207504,6.649355579354616e-20,-0.005087185645771605,-0.0008580122005179658,0.9999999717423956,-0.00023772927606100316,-3.5713326923861833e-19,4.0035642493844924e-21
5.426,2.658311667055656e-18,-1.4932558179296171,1.0008704298278523,5.1882246729375357e-20,-0.005076868858636468,-0.000856367446401478,0.9999999721024772,-0.00023620974926365137,-3.8682198134159285e-19,6.700611244927557e-21
5.428,2.6583998540933886e-18,-1.4932659614021737,1.0008687187347287,3.6111528755450445e-20,-0.005066613571218575,-0.000854725672596744,0.9999999724579113,-0.00023470018621829397,-4.1637059003134086e-19,6.649954812984399e-21
5.43,2.658455345112644e-18,-1.4932760844253175,1.000867010922177,1.9187144485616153e-20,-0.005056419380845647,-0.0008530868746026586,0.9999999728087509,-0.00023320055364259548,-4.457789552896698e-19,7.284722207725151e-21
5.432,2.6584762688057816e-18,-1.493286187120841,1.0008653063842499,1.975419787564301e-21,-0.005046285886234189,-0.000851451047918727,0.9999999731550483,-0.00023171081815497063,-4.0925739004838643e-19,5.847060997938066e-21
5.434,2.658464671746994e-18,-1.4932962696097356,1.0008636051150095,-1.3693242610246132e-20,-0.005036212687493064,-0.0008498181880450672,0.9999999734968557,-0.000230230946276649,-4.2772164198896323e-19,5.110848609099129e-21
5.436,2.6584196866237477e-18,-1.4933063320121944,1.0008619071085265,-3.148387466821098e-20,-0.005026199386126989,-0.0008481882904824965,0.9999999738342243,-0.00022876090443372688,-4.461108805706793e-19,6.432746154151715e-21
5.438,2.6583400563607225e-18,-1.4933163744476148,1.000860212358881,-4.805077204665153e-20,-0.005016245585039946,-0.0008465613507325648,0.9999999741672053,-0.00022730065895920642,-4.205262047285504e-19,8.083307157268673e-21
5.44,2.6582272565951973e-18,-1.4933263970346016,1.0008585208601617,-6.468985914840756e-20,-0.005006350888538513,-0.0008449373642976017,0.9999999744958491,-0.0002258501760950221,-4.114845695134542e-19,9.734105646309947e-21
5.442,2.6580822548537883e-18,-1.4933363998909692,1.0008568326064664,-8.032483071995827e-20,-0.004996514902335121,-0.0008433163266807757,0.9999999748202059,-0.00022440942199405468,-4.024987884655083e-19,1.1380996317261115e-20
5.444,2.657905655334598e-18,-1.4933463831337452,1.000855147591902,-9.625205676965872e-20,-0.004986737233551222,-0.0008416982333861284,0.9999999751403251,-0.00022297836272213236,-3.9355606462403076e-19,1.0967204751949866e-20
5.446,2.657698166325762e-18,-1.4933563468791728,1.0008534658105845,-1.111786539696467e-19,-0.004977017490720387,-0.0008400830799186333,0.9999999754562561,-0.00022155696426001925,-3.9012563412164257e-19,9.185782445396689e-21
5.448,2.657460099304245e-18,-1.4933662912427137,1.0008517872566387,-1.269376670869675e-19,-0.004967355283791319,-0.0008384708617842364,0.9999999757680474,-0.00022014519250539144,-3.9766341148459686e-19,8.438586799631434e-21
5.45,2.657190761495686e-18,-1.4933762163390507,1.0008501119241984,-1.4255678350584798e-19,-0.0049577502241307915,-0.0008368615744899004,0.9999999760757474,-0.0002187430132748005,-4.161306230930643e-19,7.695569796281007e-21
5.452,2.6568885308257243e-18,-1.493386122282091,1.0008484398074065,-1.5997339077160923e-19,-0.00494820192452651,-0.0008352552135436674,0.9999999763794039,-0.00021735039230562434,-4.564403179425623e-19,8.330150749459301e-21
5.454,2.656550824405817e-18,-1.4933960091849685,1.0008467709004145,-1.7767286630624915e-19,-0.004938709999189895,-0.0008336517744546872,0.999999976679064,-0.00021596729525800534,-4.472416594265718e-19,8.953297012167318e-21
5.456,2.6561780829829785e-18,-1.4934058771600474,1.0008451051973835,-1.950086789049465e-19,-0.004929274063758789,-0.0008320512527332699,0.999999976974775,-0.00021459368771677636,-4.380866813555683e-19,9.232306698769678e-21
5.458,2.6557710321017243e-18,-1.4934157263189243,1.000843442692483,-2.1198260859381686e-19,-0.004919893735300087,-0.0008304536438909265,0.9999999772665831,-0.00021322953519337416,-4.2897510462625956e-19,9.5110630874028e-21
5.46,2.6553303937549366e-18,-1.4934255567724313,1.000841783379892,-2.2859642700697715e-19,-0.004910568632312294,-0.0008288589434404388,0.9999999775545344,-0.00021187480312774066,-4.19907309316833e-19,7.048681549658687e-21
5.462,2.6548568864002015e-18,-1.4934353686306392,1.000840127253798,-2.448518977815907e-19,-0.004901298374728005,-0.0008272671468958792,0.9999999778386744,-0.00021052945689021085,-4.1636480291641847e-19,5.96313379651299e-21
5.464,2.6543507949270426e-18,-1.4934451620028597,1.0008384743083976,-2.6128814637111863e-19,-0.00489208258391631,-0.0008256782497726627,0.9999999781190484,-0.00020919346178338937,-4.2379068142979033e-19,7.624567742304175e-21
5.466,2.653811543281383e-18,-1.4934549369976493,1.0008368245378967,-2.7801183996204336e-19,-0.004882920882685131,-0.0008240922475875914,0.9999999783957009,-0.00020786678304401398,-4.3118142261690684e-19,8.93980188229313e-21
5.468,2.6532385580104813e-18,-1.4934646937228109,1.0008351779365097,-2.9502154237979387e-19,-0.004873812895283479,-0.0008225091358589087,0.9999999786686763,-0.00020654938584480743,-4.38536978937055e-19,1.0936422746947375e-20
5.47,2.65263126852718e-18,-1.4934744322853977,1.0008335344984602,-3.1231582420317976e-19,-0.0048647582474036395,-0.0008209289101063358,0.9999999789380184,-0.0002052412352963162,-4.458577290732143e-19,1.258564317247098e-20
5.472,2.651989107096331e-18,-1.4934841527917155,1.0008318942179808,-3.2989326288679597e-19,-0.004855756566183288,-0.0008193515658511167,0.9999999792037706,-0.0002039422964487374,-4.531439106474128e-19,1.35464374421393e-20
5.474,2.651311508820979e-18,-1.4934938553473263,1.0008302570893128,-3.477524427333338e-19,-0.0048468074802075324,-0.0008177770986160692,0.9999999794659759,-0.00020265253429373344,-4.603955468150044e-19,1.4505760221870327e-20
5.476,2.6505979116288318e-18,-1.4935035400570502,1.000828623106707,-3.6589195479859953e-19,-0.004837910619510885,-0.0008162055039256204,0.9999999797246768,-0.0002013719137662343,-4.676128716956698e-19,1.512095358028944e-20
5.478,2.649847756258717e-18,-1.493513207024969,1.0008269922644224,-3.8431039687774116e-19,-0.004829065615579161,-0.0008146367773058486,0.9999999799799156,-0.00020010039974622794,-4.747959098616485e-19,1.6077343838632792e-20
5.48,2.6490604862472432e-18,-1.493522856354429,1.0008253645567275,-4.0300637344103965e-19,-0.004820272101351307,-0.0008130709142845397,0.999999980231734,-0.00019883795706053778,-4.874280257090154e-19,1.4291266517721088e-20
5.482,2.648235189498442e-18,-1.4935324881480436,1.0008237399778996,-4.2251603586246286e-19,-0.004811529711221165,-0.0008115079103912236,0.9999999804801734,-0.0001975845504845888,-5.109654294745823e-19,1.2511188137406734e-20
5.484,2.6473702418302773e-18,-1.493542102507697,1.0008221185222248,-4.422979764815895e-19,-0.004802838081039157,-0.0008099477611571968,0.9999999807252744,-0.00019634014474416116,-4.795647443649772e-19,1.4151096567412548e-20
5.486,2.646467683576273e-18,-1.4935516995345457,1.0008205001839983,-4.599841607124889e-19,-0.004794196848113915,-0.0008083904621156094,0.9999999809670778,-0.00019510470451713214,-4.483130512807132e-19,1.51030250451785e-20
5.488,2.645530261902866e-18,-1.4935612793290232,1.0008188849575241,-4.771982235567408e-19,-0.0047856056512138225,-0.000806836008801466,0.9999999812056235,-0.0001938781944352051,-4.117269972634332e-19,1.5709789997925294e-20
5.49,2.6445603889364128e-18,-1.4935708419908411,1.0008172728371154,-4.927593158892028e-19,-0.004777064130568511,-0.0008052843967516858,0.9999999814409513,-0.00019266057908562758,-4.246576967244573e-19,1.598203619931403e-20
5.492,2.6435572730476838e-18,-1.4935803876189937,1.0008156638170942,-5.104407449102111e-19,-0.004768571927870269,-0.0008037356215051543,0.9999999816731003,-0.00019145182301289623,-4.375274932143557e-19,1.4198472343601158e-20
5.494,2.6425199824548786e-18,-1.4935899163117596,1.000814057891791,-5.26897847305418e-19,-0.004760128686275399,-0.0008021896786027455,0.9999999819021097,-0.00019025189072045085,-4.448662345594213e-19,1.4817116650268117e-20
5.496,2.6414478761937526e-18,-1.4935994281667058,1.000812455055546,-5.453637615384908e-19,-0.004751734050405497,-0.0008006465635873678,0.9999999821280177,-0.00018906074667235574,-4.631355428738869e-19,1.440879658368937e-20
5.498,2.640339778733445e-18,-1.493608923280689,1.0008108553027075,-5.626016110781063e-19,-0.004743387666348673,-0.0007991062720040108,0.9999999823508625,-0.00018787835529496952,-4.429403603591257e-19,1.2966193402192116e-20
5.5,2.6391971017008197e-18,-1.4936184017498606,1.0008092586276331,-5.800157623044468e-19,-0.0047350891816607035,-0.0007975687993997847,0.9999999825706818,-0.0001867046809786027,-4.28335982045689e-19,1.4270558321132775e-20
5.502,2.6380210342768213e-18,-1.493627863669668,1.0008076650246895,-5.958849644446262e-19,-0.004726838245366118,-0.000796034141323962,0.9999999827875129,-0.00018553968807916385,-4.0284898626425044e-19,1.3856483419578645e-20
5.5040000000000004,2.636813619180506e-18,-1.4936373091348583,1.000806074488252,-6.113999985365126e-19,-0.0047186345079592235,-0.000794502293328026,0.9999999830013926,-0.00018438334091979376,-3.7198717928026964e-19,1.3784634524455767e-20
5.506,2.6355771412980376e-18,-1.493646738239481,1.000804487012705,-6.248410466782798e-19,-0.004710477621405063,-0.0007929732509656626,0.9999999832123575,-0.00018323560379248757,-3.412579840948038e-19,1.7482240482579634e-20
5.508,2.6343142333239472e-18,-1.4936561510768909,1.0008029025924416,-6.380461094655473e-19,-0.00470236723914031,-0.0007914470097928765,0.9999999834204438,-0.0001820964409597056,-3.216270683936634e-19,1.8774876086110646e-20
5.51,2.6330262264229355e-18,-1.4936655477397514,1.0008013212218638,-6.499405823016698e-19,-0.004694303016074101,-0.0007899235653679873,0.9999999836256873,-0.00018096581665597196,-3.1305507131714006e-19,1.6296769222422324e-20
5.5120000000000005,2.6317137630014838e-18,-1.4936749283200368,1.0007997428953825,-6.624669521871093e-19,-0.004686284608588804,-0.0007884029132516608,0.9999999838281234,-0.0001798436950894619,-3.0999305750109433e-19,1.5196173740426475e-20
5.514,2.6303771959489943e-18,-1.4936842929090361,1.0007981676074176,-6.74116025493384e-19,-0.00467831167454073,-0.0007868850490069604,0.9999999840277871,-0.00017873004044357708,-3.1242826734270833e-19,1.3413849747079357e-20
5.516,2.6290162674547872e-18,-1.4936936415973552,1.0007965953523978,-6.869358941783875e-19,-0.004670383873260772,-0.0007853699681993863,0.999999984224713,-0.00017762481687850964,-3.312996262132298e-19,1.1980942693210636e-20
5.518,2.6276299321227282e-18,-1.4937029744749202,1.0007950261247607,-6.991995510553051e-19,-0.004662500865554994,-0.0007838576663969165,0.9999999844189355,-0.00017652798853279438,-3.007376663619353e-19,1.3969271935139573e-20
5.5200000000000005,2.626220269354674e-18,-1.4937122916309804,1.0007934599189525,-7.102642777446132e-19,-0.004654662313705153,-0.00078234813917005,0.9999999846104883,-0.00017543951952484954,-2.703204659716149e-19,1.66382219994684e-20
5.522,2.6247896710946657e-18,-1.493721593154111,1.0007918967294287,-7.201359861150003e-19,-0.004646867881469162,-0.0007808413820918155,0.9999999847994052,-0.000174359373954506,-2.40047881155529e-19,1.690182068751135e-20
5.524,2.623340266395856e-18,-1.4937308791322161,1.0007903365506534,-7.294661843702529e-19,-0.004639117234081494,-0.0007793373907378494,0.9999999849857193,-0.00017328751590452474,-2.592754726939595e-19,1.47743753373578e-20
5.526,2.6218707668175996e-18,-1.493740149652532,1.0007887793770995,-7.400868351877964e-19,-0.004631410038253523,-0.000777836160686402,0.9999999851694633,-0.00017222390944210314,-2.7292891666572723e-19,1.5050455569537735e-20
5.5280000000000005,2.6203801405251414e-18,-1.4937494048016298,1.000787225203249,-7.505923901962833e-19,-0.004623745962173813,-0.000776337687518389,0.9999999853506699,-0.00017116851862036966,-2.919870396896846e-19,1.635439440391844e-20
5.53,2.6188669318875037e-18,-1.4937586446654183,1.0007856740235923,-7.627044479288339e-19,-0.004616124675508343,-0.0007748419668174149,0.9999999855293712,-0.00017012130747986743,-3.1643727641850324e-19,1.8341494319761195e-20
5.532,2.6173296568899154e-18,-1.4937678693291472,1.000784125832629,-7.743711236287146e-19,-0.0046085458494006725,-0.0007733489941698328,0.9999999857055989,-0.00016908224005002606,-2.8046312483970395e-19,2.0656680214358798e-20
5.534,2.6157701736517015e-18,-1.49377707887741,1.0007825806248676,-7.852723893370262e-19,-0.004601009156472056,-0.000771858765164749,0.9999999858793844,-0.00016805128035062217,-2.9400328210294827e-19,1.9891593594346216e-20
5.5360000000000005,2.6141877841177913e-18,-1.4937862733941472,1.0007810383948248,-7.972411409763125e-19,-0.004593514270821496,-0.0007703712753940932,0.9999999860507589,-0.000167028392393229,-3.019967840460005e-19,1.8442069265014536e-20
5.538,2.6125819729165206e-18,-1.4937954529626485,1.0007794991370267,-8.084427992154598e-19,-0.0045860608680257375,-0.0007688865204526302,0.9999999862197532,-0.00016601354018265434,-2.989874016799917e-19,1.5966160224903878e-20
5.54,2.6109531956360543e-18,-1.4938046176655564,1.000777962846008,-8.2027911561083235e-19,-0.0045786486251392115,-0.0007674044959380184,0.9999999863863974,-0.0001650066877183676,-2.9600528786098827e-19,1.3495715559066344e-20
5.542,2.609301619170999e-18,-1.493813767584869,1.0007764295163126,-8.312422463194166e-19,-0.004571277220693918,-0.0007659251974507772,0.9999999865507219,-0.00016400779899591517,-2.8758021551643074e-19,1.4114584825642694e-20
5.5440000000000005,2.607627801747447e-18,-1.4938229028019432,1.0007748991424925,-8.424127597698419e-19,-0.004563946334699259,-0.0007644486205944169,0.9999999867127561,-0.00016301683800832504,-2.6822980163417513e-19,1.5414701056724816e-20
5.546,2.6059333019368445e-18,-1.4938320233974969,1.000773371719109,-8.51853601346999e-19,-0.004556655648641809,-0.0007629747609753937,0.9999999868725298,-0.00016203376874750024,-2.435018156151871e-19,1.4997948889750448e-20
5.548,2.604220064571889e-18,-1.4938411294516127,1.0007718472407316,-8.611869393973978e-19,-0.004549404845485039,-0.000761503614203222,0.9999999870300718,-0.00016105855520560098,-2.243736412744031e-19,1.4583487212600954e-20
5.55,2.602489666501648e-18,-1.4938502210437408,1.0007703257019396,-8.690149847559786e-19,-0.00454219360966898,-0.0007600351758904389,0.9999999871854108,-0.00016009116137641596,-1.9986634221509995e-19,1.5539778797823446e-20
5.5520000000000005,2.6007439986713168e-18,-1.4938592982527013,1.00076880709732,-8.76421600875449e-19,-0.00453502162710984,-0.0007585694416526676,0.9999999873385755,-0.00015913155125672253,-1.7547522203090747e-19,1.6494217936934934e-20
5.554,2.598985014494206e-18,-1.4938683611566879,1.0007672914214691,-8.824394933116892e-19,-0.004527888585199559,-0.0007571064071086354,0.999999987489594,-0.00015817968884763577,-1.5665659794419228e-19,1.5733558025270815e-20
5.556,2.5972137633528777e-18,-1.4938774098332708,1.0007657786689923,-8.890118749983206e-19,-0.004520794172805319,-0.000755646067880222,0.9999999876384936,-0.00015723553815594684,-1.8727032597358483e-19,1.5668241423431754e-20
5.558,2.5954284920287593e-18,-1.4938864443593989,1.0007642688345029,-8.96136000528343e-19,-0.004513738080269001,-0.0007541884195924977,0.9999999877853022,-0.0001562990631954506,-1.683958927908589e-19,1.4224256896343546e-20
5.5600000000000005,2.5936304320169124e-18,-1.4938954648114036,1.0007627619126236,-9.018729500023659e-19,-0.004506719999406584,-0.000752733457873742,0.999999987930047,-0.00015537022798826162,-1.4962431557009103e-19,1.0384667180210305e-20
5.562,2.5918207725357294e-18,-1.4939044712650011,1.0007612578979854,-9.077359670051467e-19,-0.004499739623507497,-0.0007512811783554621,0.9999999880727546,-0.00015444899656611986,-1.364110580046569e-19,8.26793562977797e-21
5.564,2.5900006964995167e-18,-1.4939134637952962,1.0007597567852287,-9.1221819783815e-19,-0.004492796647333927,-0.0007498315766724532,0.9999999882134516,-0.0001535353329716856,-1.1777749031029263e-19,8.554008803842094e-21
5.566,2.588171417257803e-18,-1.493922442476784,1.0007582585690018,-9.17154901075111e-19,-0.004485890767120061,-0.0007483846484628194,0.9999999883521643,-0.0001526292012598235,-1.4309328994344551e-19,6.447920343417436e-21
5.5680000000000005,2.5863314173287595e-18,-1.4939314073833543,1.0007567632439622,-9.2297395874634e-19,-0.004479021680571291,-0.0007469403893679975,0.9999999884889186,-0.0001517305654988757,-1.6280665560671965e-19,3.3188053317754115e-21
5.57,2.5844790080881187e-18,-1.493940358588293,1.000755270804776,-9.295636014764142e-19,-0.004472189086863363,-0.000745498795032795,0.9999999886237401,-0.00015083938977192464,-1.8242625734592114e-19,2.253068064884327e-21
5.572,2.5826126521814137e-18,-1.4939492961642864,1.000753781246118,-9.369200164979545e-19,-0.004465392686641484,-0.0007440598611054106,0.9999999887566542,-0.00014995563817804487,-2.0195290221755877e-19,8.471875831190841e-22
5.574,2.580730819861619e-18,-1.4939582201834232,1.000752294562672,-9.450394091255188e-19,-0.004458632182019365,-0.000742623583237487,0.9999999888876858,-0.00014907927483354404,-2.213868759415693e-19,1.2995439637176868e-22
5.5760000000000005,2.578831988953127e-18,-1.493967130717198,1.0007508107491299,-9.539180025757262e-19,-0.004451907276578238,-0.0007411899570841174,0.9999999890168597,-0.0001482102638731941,-2.4072810405981514e-19,3.5263503650152934e-21
5.578,2.5769147523917275e-18,-1.4939760278365142,1.0007493298001928,-9.633368869480757e-19,-0.004445217675365803,-0.0007397589783038881,0.9999999891442004,-0.00014734856945145124,-2.490129248965794e-19,3.829109593575713e-21
5.58,2.5749785709179686e-18,-1.4939849116116861,1.0007478517105703,-9.729701483632438e-19,-0.004438563084895141,-0.0007383306425589019,0.999999989269732,-0.00014649415574366557,-2.517633494058857e-19,1.045166043091594e-21
5.582,2.573022766263292e-18,-1.4939937821124434,1.0007463764749807,-9.829239542118387e-19,-0.004431943213143578,-0.0007369049455148119,0.9999999893934785,-0.00014564698694728004,-2.6543961168728564e-19,3.2539026844928436e-22
5.5840000000000005,2.571046520150674e-18,-1.4940026394079324,1.0007449040881506,-9.934111822438518e-19,-0.0044253577695515,-0.0007354818828408466,0.9999999895154633,-0.00014480702728301948,-2.790508893557518e-19,6.344865636203087e-22
5.586,2.5690487683828473e-18,-1.4940114835667202,1.000743434544816,-1.0043216121280973e-18,-0.0044188064650211205,-0.000734061450209834,0.9999999896357099,-0.0001439742409960688,-2.871153546632812e-19,-1.1139183911249787e-21
5.588,2.5670290255830554e-18,-1.494020314656797,1.000741967839721,-1.0154378226295535e-18,-0.004412289011915206,-0.0007326436432982381,0.9999999897542412,-0.00014314859235724063,-2.9514164318564566e-19,-3.200438519076468e-21
5.59,2.5649865945208143e-18,-1.4940291327455792,1.0007405039676183,-1.0269737673525578e-18,-0.004405805124055753,-0.000731228457786206,0.9999999898710801,-0.00014233004566413334,-3.0312993292814774e-19,-5.624678486889806e-21
5.5920000000000005,2.562920924510248e-18,-1.4940379378999127,1.0007390429232697,-1.0386048065123318e-18,-0.004399354516722626,-0.0007298158893575576,0.9999999899862477,-0.00014151856524227804,-3.0011519289966834e-19,-8.045143145901043e-21
5.594,2.560832256485047e-18,-1.4940467301860747,1.000737584701445,-1.050007733903978e-18,-0.004392936906652139,-0.0007284059336997973,0.9999999900997688,-0.00014071411544627652,-2.9163172719043605e-19,-7.377100117621624e-21
5.596,2.5587211172690268e-18,-1.4940555096697776,1.0007361292969235,-1.0610762603845377e-18,-0.004386552012035605,-0.000726998586504199,0.999999990211664,-0.00013991666066092662,-2.83188768472331e-19,-8.76660779678689e-21
5.598,2.556588174021174e-18,-1.494064276416172,1.000734676704492,-1.071704452372689e-18,-0.004380199552517839,-0.0007255938434658159,0.9999999903219551,-0.0001391261653023398,-2.6382057757078038e-19,-9.468625707134996e-21
5.6000000000000005,2.554434663912906e-18,-1.4940730304898489,1.0007332269189468,-1.081894815093781e-18,-0.00437387924919561,-0.0007241917002834789,0.9999999904306633,-0.0001383425938190477,-2.7745255482785085e-19,-9.13641181568773e-21
5.602,2.552259844863891e-18,-1.494081771954843,1.0007317799350925,-1.0929414236723223e-18,-0.00436759082461606,-0.0007227921526598603,0.9999999905378101,-0.00013756591069309838,-2.745985306031526e-19,-1.1548960598355835e-20
5.604,2.5500639088630027e-18,-1.4940905008746352,1.0007303357477422,-1.1029043653890433e-18,-0.004361334002775073,-0.0007213951963014666,0.9999999906434162,-0.00013679608044114272,-2.6628873842522583e-19,-1.601251216501843e-20
5.606,2.5478475839886685e-18,-1.4940992173121568,1.0007288943517176,-1.11350984676621e-18,-0.004355108509115611,-0.0007200008269186827,0.9999999907475022,-0.00013603306761551055,-2.6898323311071125e-19,-1.8408013558594295e-20
5.6080000000000005,2.5456105197269553e-18,-1.4941079213297903,1.000727455741849,-1.1235720374876262e-18,-0.004348914070525995,-0.0007186090402258048,0.9999999908500886,-0.00013527683680527743,-2.7716016076460205e-19,-1.8055799959171642e-20
5.61,2.5433522221315842e-18,-1.4941166129893741,1.0007260199129755,-1.1348146436150933e-18,-0.00434275041533816,-0.0007172198319410422,0.9999999909511956,-0.00013452735263732067,-2.852983232847352e-19,-1.7704425231526707e-20
5.612,2.5410718057279137e-18,-1.4941252923522048,1.0007245868599444,-1.1457264517872903e-18,-0.004336617273325853,-0.0007158331977865543,0.999999991050843,-0.00013378457977736587,-3.0436297686934515e-19,-1.6667495549298697e-20
5.614,2.538767958279511e-18,-1.4941339594790395,1.0007231565776118,-1.1584602473354037e-18,-0.004330514375702806,-0.0007144491334884717,0.9999999911490506,-0.00013304848293102392,-3.397848582985922e-19,-1.460284658860429e-20
5.6160000000000005,2.536437976804626e-18,-1.4941426144300993,1.0007217290608423,-1.1715006263084007e-18,-0.004324441455120858,-0.0007130676347769324,0.9999999912458376,-0.00013231902684481738,-3.3663464704660363e-19,-1.1862485083469539e-20
5.618,2.534082040593393e-18,-1.4941512572650724,1.000720304304509,-1.184415081317872e-18,-0.00431839824566804,-0.000711688697386094,0.9999999913412233,-0.00013159617630719746,-3.3349959295088554e-19,-1.084192702585847e-20
5.62,2.5317003292519075e-18,-1.4941598880431162,1.0007188823034934,-1.1973116271078276e-18,-0.004312384482866625,-0.0007103123170541599,0.9999999914352264,-0.00013087989614955144,-3.358492133542907e-19,-1.1537188290436671e-20
5.622,2.5292927353438905e-18,-1.4941685068228607,1.0007174630526856,-1.2102975750140749e-18,-0.004306399903671133,-0.0007089384895234104,0.9999999915278659,-0.00013017015124720032,-3.381877413746446e-19,-1.2573871423316672e-20
5.6240000000000006,2.5268590805193153e-18,-1.4941771136624113,1.0007160465469844,-1.2233724711776902e-18,-0.004300444246466302,-0.0007075672105402117,0.9999999916191601,-0.00012946690652038633,-3.4051522938853385e-19,-1.395076100830718e-20
5.626,2.5243992949086833e-18,-1.4941857086193517,1.0007146327812968,-1.2365358639235612e-18,-0.004294517251065016,-0.000706198475855045,0.9999999917091272,-0.00012877012693525124,-3.428314189277675e-19,-1.3267608421519868e-20
5.628,2.5219129868188806e-18,-1.4941942917507463,1.0007132217505386,-1.249787303469488e-18,-0.0042886186587062025,-0.0007048322812225409,0.9999999917977853,-0.00012807977750480516,-3.451361822548996e-19,-9.159463260031843e-21
5.63,2.5194001957545258e-18,-1.4942028631131437,1.0007118134496338,-1.2629111919619289e-18,-0.004282748212052684,-0.0007034686224014814,0.9999999918851521,-0.00012739582328988522,-3.3646515507911343e-19,-7.460280420292737e-21
5.632,2.5168616072655114e-18,-1.4942114227625791,1.0007104078735152,-1.2755849119798402e-18,-0.004276905655188999,-0.0007021074951548298,0.9999999919712451,-0.00012671822940010547,-3.223398737291603e-19,-7.479131486057796e-21
5.634,2.514298227306084e-18,-1.4942199707545776,1.0007090050171237,-1.2877031003579516e-18,-0.004271090733619184,-0.0007007488952497634,0.9999999920560818,-0.0001260469609947968,-3.0828146960719783e-19,-6.81261229706291e-21
5.636,2.511711164204664e-18,-1.4942285071441563,1.0007076048754089,-1.299268489856104e-18,-0.004265303194264518,-0.0006993928184576807,0.9999999921396792,-0.00012538198328393755,-2.942895812382871e-19,-5.120498214686333e-21
5.638,2.509101520837224e-18,-1.4942370319858278,1.0007062074433288,-1.3102838002124329e-18,-0.004259542785461237,-0.0006980392605542371,0.999999992222054,-0.0001247232615290746,-2.803642809359686e-19,-5.488360836330055e-21
5.64,2.5064702870781196e-18,-1.4942455453336025,1.00070481271585,-1.320859313297786e-18,-0.0042538092569582,-0.0006966882173193438,0.9999999923032232,-0.0001240707610442353,-2.719874094423161e-19,-4.485237524180817e-21
5.642,2.5038182682157706e-18,-1.4942540472409922,1.000703420687947,-1.331105106473957e-18,-0.004248102359914538,-0.0006953396845372136,0.999999992383203,-0.00012342444719682988,-2.6366315813317364e-19,-2.799572440044515e-21
5.644,2.5011460859560908e-18,-1.4942625377610121,1.0007020313546036,-1.3410229687274721e-18,-0.004242421846897252,-0.000693993657996372,0.9999999924620097,-0.00012278428540854483,-2.5537870771129515e-19,-3.8583809527745656e-21
5.646,2.4984543945490864e-18,-1.494271016946184,1.000700644710811,-1.350614510693745e-18,-0.004236767471878782,-0.0006926501334896728,0.9999999925396593,-0.00012215024115622697,-2.471334911224069e-19,-4.572423153103188e-21
5.648,2.495743845031105e-18,-1.494279484848539,1.00069926075157,-1.3598813353830803e-18,-0.004231138990234553,-0.0006913091068143145,0.9999999926161678,-0.00012152227997275782,-2.389273642742141e-19,-5.284771553370398e-21
5.65,2.4930150852400933e-18,-1.4942879415196204,1.0006978794718884,-1.3688250381817877e-18,-0.0042255361587404654,-0.0006899705737718754,0.9999999926915506,-0.00012090036744791985,-2.3076009976967155e-19,-5.65276872491151e-21
5.652,2.490268759830845e-18,-1.4942963870104864,1.0006965008667834,-1.3774472068642556e-18,-0.004219958735570372,-0.0006886345301683206,0.9999999927658233,-0.00012028446922925234,-2.2263155426850365e-19,-6.019892313961323e-21
5.654,2.4875055102901555e-18,-1.4943048213717132,1.0006951249312805,-1.3857494216777984e-18,-0.004214406480293512,-0.0006873009718140238,0.999999992839001,-0.00011967455102289897,-2.145415862632343e-19,-6.728805797605288e-21
5.656,2.4847259749518054e-18,-1.494313244653397,1.0006937516604133,-1.3937332553763683e-18,-0.004208879153871914,-0.0006859698945237952,0.9999999929110988,-0.00011907057859444651,-2.0648988930800044e-19,-6.750714714393737e-21
5.658,2.4819307890115956e-18,-1.494321656905158,1.0006923810492236,-1.4014002731943576e-18,-0.004203376518657769,-0.0006846412941168903,0.9999999929821314,-0.0001184725177697538,-1.9847628135782672e-19,-6.0872475016735875e-21
5.66,2.4791205845423447e-18,-1.494330058176142,1.0006910130927622,-1.408752032882738e-18,-0.004197898338390769,-0.0006833151664170236,0.9999999930521135,-0.00011788033443577233,-1.9050066285046071e-19,-5.425351586854698e-21
5.662,2.4762959905087897e-18,-1.4943384485150237,1.0006896477860876,-1.415790084784894e-18,-0.004192444378195416,-0.0006819915072523962,0.9999999931210596,-0.00011729399454135766,-1.8256281326011462e-19,-4.421955685621255e-21
5.664,2.473457632782369e-18,-1.4943468279700096,1.000688285124267,-1.4225159718570182e-18,-0.004187014404578299,-0.0006806703124557283,0.9999999931889838,-0.00011671346409807187,-1.7466259319910836e-19,-3.420124569898305e-21
5.666,2.470606134155954e-18,-1.4943551965888404,1.000686925102376,-1.4289312297192525e-18,-0.004181608185425341,-0.0006793515778642442,0.9999999932559003,-0.0001161387091809774,-1.667997843982912e-19,-2.078005322928816e-21
5.668,2.4677421143584925e-18,-1.4943635544187943,1.000685567715498,-1.435037386694519e-18,-0.004176225489999012,-0.000678035299319713,0.9999999933218229,-0.00011556969592942203,-1.589744487906839e-19,-2.452373086917633e-21
5.67,2.4648660824946803e-18,-1.494371901506689,1.0006842129587252,-1.4409435387172415e-18,-0.004170866088935519,-0.0006767214726684598,0.9999999933867653,-0.000115006390547815,-1.6215133836365038e-19,-2.4819233438610793e-21
5.672,2.4619780070369513e-18,-1.494380237898885,1.000682860827158,-1.447080967117354e-18,-0.004165529754241959,-0.0006754100937613793,0.999999993450741,-0.00011444875930639436,-1.6532624115331918e-19,-3.196726480994238e-21
5.674,2.4590776771635485e-18,-1.4943885636412884,1.000681511315905,-1.4532337142163607e-18,-0.004160216259293447,-0.0006741011584539627,0.9999999935137633,-0.00011389676854198584,-1.63003708520885e-19,-5.623771445288849e-21
5.676,2.4561651340353555e-18,-1.494396878779353,1.0006801644200833,-1.4592942939521017e-18,-0.004154925378830214,-0.000672794662606295,0.9999999935758455,-0.00011335038465875282,-1.6069203238244662e-19,-6.675230021480518e-21
5.678,2.4532405615370875e-18,-1.4944051833580836,1.0006788201348178,-1.4652631559891456e-18,-0.004149656888954675,-0.0006714906020830915,0.9999999936370003,-0.00011280957412893784,-1.5839131698307389e-19,-7.725008552090747e-21
5.68,2.4503041426562833e-18,-1.4944134774220388,1.0006774784552421,-1.4711407478517177e-18,-0.004144410567128472,-0.0006701889727537096,0.9999999936972408,-0.00011227430349359574,-1.5610158774249446e-19,-9.457621628132661e-21
5.682,2.4473560594875202e-18,-1.4944217610153332,1.000676139376498,-1.4769275149493312e-18,-0.004139186192169482,-0.0006688897704921591,0.9999999937565793,-0.00011174453936331777,-1.5382236845417962e-19,-8.1021749947364e-21
5.684,2.4443964932368964e-18,-1.4944300341816406,1.0006748028937356,-1.4826239003567682e-18,-0.004133983544248808,-0.0006675929911771218,0.9999999938150286,-0.00011122024841894765,-1.5155383618336406e-19,-5.7215509243767664e-21
5.686,2.4414256958579517e-18,-1.4944382969641963,1.0006734690021128,-1.4881229403632143e-18,-0.004128802404887734,-0.000666298630691961,0.9999999938726007,-0.00011070139741228904,-1.438266601942046e-19,-5.060079190758775e-21
5.688,2.438444204249032e-18,-1.4944465494058,1.0006721376967964,-1.4934259445567383e-18,-0.004123642556954652,-0.0006650066849247464,0.9999999939293079,-0.0001101879531668047,-1.4161885053768994e-19,-5.7698066175132244e-21
5.69,2.4354519789637057e-18,-1.4944547915488184,1.000670808972961,-1.4988566002265946e-18,-0.004118503784661974,-0.0006637171497682644,0.999999993985162,-0.00010967988257830679,-1.5037356536310834e-19,-5.448660666260737e-21
5.692,2.432448478809249e-18,-1.4944630234351886,1.0006694828257894,-1.5047363154262074e-18,-0.004113385873563004,-0.0006624300211200249,0.999999994040175,-0.00010917715261563969,-1.6455628660948383e-19,-4.442356093836319e-21
5.694,2.429432664714469e-18,-1.4944712451064193,1.0006681592504727,-1.5111701007818559e-18,-0.004108288610548789,-0.0006611452948822865,0.9999999940943585,-0.000108679730321354,-1.7867199585085e-19,-5.4948158527193725e-21
5.696,2.426403431284315e-18,-1.4944794566035948,1.0006668382422101,-1.5181552131149836e-18,-0.004103211783844952,-0.0006598629669620701,0.9999999941477238,-0.0001081875828123723,-1.9272056318635147e-19,-4.488816708295778e-21
5.698,2.423359678597149e-18,-1.4944876579673771,1.0006655197962093,-1.5256889221903538e-18,-0.004098155183008485,-0.0006585830332711657,0.9999999942002823,-0.0001077006772806468,-2.0670275124701641e-19,-5.541175094734301e-21
5.7,2.4203003121786976e-18,-1.4944958492380087,1.0006642039076856,-1.5338760854334883e-18,-0.004093118598924529,-0.0006573054897261612,0.9999999942520453,-0.0001072189809938088,-2.2061865606484865e-19,-6.591855643960535e-21
5.702,2.4172240278484585e-18,-1.4945040304553148,1.000662890571863,-1.5424988279330636e-18,-0.004088101823803123,-0.0006560303322484304,0.9999999943030237,-0.00010674246129581016,-2.344684785083356e-19,-6.612878076395639e-21
5.704,2.414129957119879e-18,-1.4945122016587067,1.0006615797839735,-1.5516620543425182e-18,-0.004083104651175935,-0.0006547575567641756,0.9999999943532283,-0.0001062710856075563,-2.482527171523883e-19,-7.319177974061638e-21
5.706,2.411016914131311e-18,-1.4945203628871842,1.000660271539257,-1.561470660522715e-18,-0.0040781268758929585,-0.0006534871592044241,0.99999999440267,-0.00010580482142753152,-2.6745422746127877e-19,-8.366699163105588e-21
5.708,2.407883539181314e-18,-1.4945285141793379,1.0006589658329617,-1.5720293635817831e-18,-0.004073168294119196,-0.0006522191355050247,0.9999999944513592,-0.00010534363633241661,-2.8657770654720033e-19,-9.412554076687558e-21
5.71,2.404728371312158e-18,-1.494536655573352,1.0006576626603438,-1.58322721354859e-18,-0.004068228703331315,-0.0006509534816067113,0.9999999944993064,-0.00010488749797769753,-3.0014064977336957e-19,-7.714814500352057e-21
5.712,2.401550278578202e-18,-1.494544787107007,1.0006563620166682,-1.5949538078093301e-18,-0.004063307902314277,-0.0006496901934550638,0.9999999945465219,-0.00010443637409826711,-3.136392205841118e-19,-5.3357808974668675e-21
5.714,2.398348206116132e-18,-1.4945529088176825,1.0006550638972072,-1.6070989486146308e-18,-0.004058405691157949,-0.0006484292670005492,0.9999999945930158,-0.00010399023250901836,-3.215915354009155e-19,-6.0477286993552455e-21
5.716,2.3951215702610644e-18,-1.4945610207423594,1.0006537682972414,-1.6196603868765974e-18,-0.004053521871253692,-0.000647170698198515,0.9999999946387981,-0.00010354904110543012,-3.404714964455792e-19,-8.470158990457281e-21
5.718,2.3918691454528843e-18,-1.4945691229176226,1.0006524752120596,-1.6326363942778549e-18,-0.004048656245290925,-0.0006459144830092214,0.9999999946838786,-0.00010311276786414487,-3.154140743779464e-19,-8.83542500769417e-21
5.72,2.3885927227707435e-18,-1.4945772153796637,1.0006511846369586,-1.643659122792894e-18,-0.004043808617253669,-0.0006446606173978437,0.9999999947282671,-0.00010268138084353865,-2.850059273345948e-19,-9.885707135021714e-21
5.722,2.3852942273565667e-18,-1.4945852981642838,1.0006498965672432,-1.6549969343466812e-18,-0.004038978792417068,-0.0006434090973344695,0.9999999947719731,-0.00010225484818428351,-3.0956790803226673e-19,-1.2297697271414737e-20
5.724,2.3819720962552907e-18,-1.4945933713068953,1.0006486109982264,-1.6672940483356333e-18,-0.00403416657734389,-0.0006421599187941366,0.9999999948150061,-0.00010183313810990205,-3.3401348452787493e-19,-1.5046638656439982e-20
5.726,2.3786244156161092e-18,-1.4946014348425256,1.0006473279252293,-1.6805457142943118e-18,-0.004029371779881008,-0.0006409130777568285,0.9999999948573753,-0.00010141621892731438,-3.5834292883566737e-19,-1.5390441220053285e-20
5.728,2.375249281066699e-18,-1.494609488805819,1.0006460473435808,-1.6947472041846939e-18,-0.004024594209155857,-0.0006396685702074923,0.9999999948990901,-0.00010100405902737761,-3.8255696357045125e-19,-1.5048519310338084e-20
5.73,2.3718448692996374e-18,-1.494617533231039,1.0006447692486178,-1.7097864080177503e-18,-0.004019833675572872,-0.0006384263921360306,0.9999999949401593,-0.00010059662688541777,-4.011868617764186e-19,-1.7106597543983277e-20
5.732,2.3684096522201965e-18,-1.4946255681520713,1.0006434936356856,-1.7255519389285414e-18,-0.004015089990809913,-0.000637186539537342,0.9999999949805921,-0.00010019389106175378,-4.142456526664683e-19,-1.710438628436382e-20
5.734,2.3649425391911695e-18,-1.4946335936024264,1.000642220500137,-1.741502662082792e-18,-0.004010362967814655,-0.0006359490084113055,0.9999999950203972,-9.979582020221447e-05,-4.16277437663323e-19,-1.7788606398588742e-20
5.736,2.361443591907345e-18,-1.4946416096152417,1.0006409498373334,-1.7574219888547706e-18,-0.004005652420800975,-0.0006347137947627998,0.9999999950595831,-9.940238303864804e-05,-4.128170088811824e-19,-1.84717538131893e-20
5.738,2.357912944737994e-18,-1.4946496162232847,1.0006396816426435,-1.7733102292580558e-18,-0.004000958165245309,-0.0006334808946017218,0.9999999950981586,-9.901354838942366e-05,-4.1485549975529694e-19,-1.8467414781931108e-20
5.74,2.354350300795707e-18,-1.4946576134589546,1.0006384159114445,-1.7893828404787627e-18,-0.003996280017882996,-0.0006322503039429943,0.999999995136132,-9.862928515992659e-05,-4.223671821738339e-19,-2.120383658360338e-20
5.742,2.3507553281231766e-18,-1.4946656013542856,1.0006371526391213,-1.8057463009303893e-18,-0.003991617796704597,-0.0006310220188065519,0.9999999951735118,-9.824956234304499e-05,-4.353256021307477e-19,-2.1534198500752132e-20
5.744,2.3471269448018574e-18,-1.4946735799409492,1.000635891821067,-1.8226136269546274e-18,-0.003986971320952205,-0.0006297960352173858,0.9999999952103059,-9.787434901964994e-05,-4.20783683344818e-19,-2.1866071670209782e-20
5.746,2.343466010909528e-18,-1.4946815492502565,1.000634633452682,-1.838369039041903e-18,-0.003982340411115729,-0.0006285723492055197,0.9999999952465226,-9.750361435906857e-05,-4.1727593813435923e-19,-2.2881405956765893e-20
5.748,2.3397730237753977e-18,-1.494689509313161,1.0006333775293756,-1.8545235451245418e-18,-0.003977724888929166,-0.0006273509568060458,0.9999999952821699,-9.713732761954938e-05,-4.0281932191699763e-19,-2.0468789089707057e-20
5.75,2.3360490882717493e-18,-1.4946974601602605,1.0006321240465643,-1.8691384813408173e-18,-0.0039731245773668485,-0.0006261318540591236,0.9999999953172554,-9.67754581487205e-05,-3.8293592628906336e-19,-2.0802902116565353e-20
5.752,2.3322961294211987e-18,-1.4947054018218005,1.000630872999673,-1.883619224748765e-18,-0.003968539300639684,-0.0006249150370099841,0.999999995351787,-9.641797538404101e-05,-3.5766431084447777e-19,-2.2164734818596302e-20
5.7540000000000004,2.328515921166699e-18,-1.4947133343276757,1.0006296243841337,-1.8964603850602297e-18,-0.003963968884191371,-0.0006237005017089389,0.9999999953857723,-9.606484885324518e-05,-3.3799491936357387e-19,-2.180868696913784e-20
5.756,2.3247099768574724e-18,-1.4947212577074334,1.0006283781953873,-1.9093919174253254e-18,-0.0039594131546946,-0.0006224882442113907,0.999999995419219,-9.571604817477941e-05,-3.239273161372929e-19,-2.11102891791666e-20
5.758,2.3208792626429284e-18,-1.4947291719902749,1.0006271344288822,-1.921338300792334e-18,-0.00395487194004724,-0.0006212782605778488,0.9999999954521342,-9.537154305823257e-05,-3.263741516262388e-19,-2.0411970469118815e-20
5.76,2.3170235560263033e-18,-1.494737077205059,1.0006258930800742,-1.934563618992112e-18,-0.0039503450693685075,-0.0006200705468739224,0.9999999954845256,-9.503130330475888e-05,-3.452702618359444e-19,-2.1083978411159607e-20
5.7620000000000005,2.3131415947438512e-18,-1.4947449733803038,1.0006246541444277,-1.947233800029908e-18,-0.00394583237299512,-0.0006188650991703373,0.9999999955164001,-9.469529880749432e-05,-3.202161941613301e-19,-2.2444295990554192e-20
5.764,2.309235277259682e-18,-1.494752860544189,1.0006234176174145,-1.9589205975666404e-18,-0.003941333682477433,-0.0006176619135429451,0.9999999955477649,-9.436349955196585e-05,-2.9528090232841077e-19,-2.380219681569694e-20
5.766,2.305306673064413e-18,-1.4947607387245594,1.0006221834945144,-1.9695212842982896e-18,-0.003936848830575566,-0.0006164609860727192,0.999999995578627,-9.403587561649387e-05,-2.649809491086455e-19,-2.2073438859355952e-20
5.768,2.3013580211618232e-18,-1.4947686079489255,1.000620951771215,-1.9789333013091082e-18,-0.003932377651255509,-0.0006152623128457785,0.9999999956089932,-9.371239717258794e-05,-2.293289945657799e-19,-1.9663154534090707e-20
5.7700000000000005,2.297391764825431e-18,-1.4947764682444677,1.0006197224430118,-1.9873778299091803e-18,-0.003927919979685213,-0.0006140658899533899,0.9999999956388705,-9.339303448533567e-05,-2.377068785041926e-19,-1.8967773165427084e-20
5.772,2.2934076818374598e-18,-1.4947843196380377,1.000618495505408,-1.9967954661545645e-18,-0.0039234756522306775,-0.0006128717134919578,0.9999999956682655,-9.30777579137848e-05,-2.4603195227127686e-19,-1.7246465807644443e-20
5.774,2.2894052298592098e-18,-1.4947921621561608,1.0006172709539145,-2.0056748459346404e-18,-0.003919044506452005,-0.0006116797795630599,0.9999999956971847,-9.276653791131872e-05,-2.4883491070555523e-19,-1.4844428691684584e-20
5.776,2.2853840848857004e-18,-1.4947999958250393,1.0006160487840503,-2.015524147523917e-18,-0.003914626381099462,-0.0006104900842734307,0.9999999957256347,-9.245934502602503e-05,-2.5161155145117667e-19,-1.2105426508074686e-20
5.7780000000000005,2.2813438174876673e-18,-1.4948078206705535,1.000614828991342,-2.024725468257158e-18,-0.003910221116109509,-0.0006093026237349666,0.999999995753622,-9.215614990105819e-05,-2.5437524865015477e-19,-1.1771548186691317e-20
5.78,2.2772844296307034e-18,-1.4948156367182652,1.0006136115713238,-2.0345728896870723e-18,-0.0039058285526008315,-0.0006081173940647559,0.9999999957811528,-9.185692327499474e-05,-2.461737057902351e-19,-1.1782133446661683e-20
5.782,2.2732065684782602e-18,-1.4948234439934194,1.000612396519538,-2.043234961063489e-18,-0.003901448532870346,-0.0006069343913850584,0.9999999958082334,-9.156163598218257e-05,-2.380238188687741e-19,-9.393655332759905e-21
5.784,2.269110734009042e-18,-1.494831242520947,1.0006111838315344,-2.0525464591381754e-18,-0.0038970809003892022,-0.0006057536118233256,0.99999999583487,-9.127025895308331e-05,-2.40877669248298e-19,-6.324104834528162e-21
5.7860000000000005,2.2649968495884326e-18,-1.4948390323254668,1.0006099735028706,-2.061428256046471e-18,-0.0038927254997987684,-0.0006045750515122066,0.9999999958610685,-9.098276321460865e-05,-2.5468334132096186e-19,-5.317205573306833e-21
5.788,2.2608636922297053e-18,-1.4948468134312884,1.0006087655291123,-2.0718189691903567e-18,-0.003888382176906605,-0.0006033987065895458,0.999999995886835,-9.069911989044994e-05,-2.739064904981363e-19,-8.081473685924026e-21
5.79,2.2567100081841024e-18,-1.4948545858624138,1.0006075599058322,-2.0818827158688386e-18,-0.0038840507786824263,-0.0006022245731983998,0.9999999959121751,-9.041930020140154e-05,-2.7660378849207525e-19,-1.1184158733098626e-20
5.792,2.2525355535858365e-18,-1.4948623496425404,1.0006063566286112,-2.092589438238451e-18,-0.0038797311532540514,-0.0006010526474870363,0.999999995937095,-9.014327546567757e-05,-2.738055013905175e-19,-1.1881356461375416e-20
5.7940000000000005,2.2483404086997076e-18,-1.4948701047950628,1.0006051556930378,-2.102537147493462e-18,-0.003875423149903342,-0.0005998829256089244,0.9999999959616002,-8.987101709922279e-05,-2.764899438038997e-19,-1.1204950842156472e-20
5.796,2.24412458220057e-18,-1.4948778513430756,1.000603957094708,-2.1133426840238243e-18,-0.0038711266190621313,-0.0005987154037227706,0.9999999959856963,-8.960249661601711e-05,-2.7916169041541536e-19,-1.0872811407686775e-20
5.798,2.2398877251163027e-18,-1.494885589309375,1.000602760829226,-2.1236035077719515e-18,-0.003866841412308138,-0.0005975500779924913,0.9999999960093889,-8.933768562837352e-05,-2.8730335325771097e-19,-1.0540157204446739e-20
5.8,2.2356290952637666e-18,-1.494893318716462,1.0006015668922033,-2.1351510578432517e-18,-0.003862567382360874,-0.0005963869445872513,0.9999999960326836,-8.907655584723011e-05,-3.0637167589206356e-19,-1.1234486557209956e-20
5.8020000000000005,2.23134759522671e-18,-1.4949010395865434,1.0006003752792587,-2.146042805094154e-18,-0.0038583043830775396,-0.0005952259996814314,0.9999999960555855,-8.88190790824358e-05,-2.7052365067806698e-19,-1.0562225274410356e-20
5.804,2.227045360073111e-18,-1.4949087519415356,1.0005991859860193,-2.156281638839772e-18,-0.003854052269448907,-0.0005940672394546619,0.9999999960781002,-8.856522724303025e-05,-2.9514098626551447e-19,-9.887007619402416e-21
5.806,2.22272096575727e-18,-1.4949164558030659,1.0005979990081195,-2.168344635996386e-18,-0.0038498108975951956,-0.0005929106600918098,0.9999999961002328,-8.831497233751719e-05,-3.1964192121107936e-19,-1.2639198557872537e-20
5.808,2.2183725656229556e-18,-1.494924151192475,1.0005968143412014,-2.1797487428553066e-18,-0.003845580124761938,-0.0005917562577829975,0.9999999961219884,-8.806828647413238e-05,-2.837051169326024e-19,-1.333423059183343e-20
5.8100000000000005,2.2140024808691276e-18,-1.4949318381308188,1.0005956319809146,-2.1903889496238055e-18,-0.0038413598093158348,-0.0005906040287235879,0.9999999961433722,-8.782514186110502e-05,-3.027645080057806e-19,-1.4022780062490388e-20
5.812,2.2096096161096785e-18,-1.4949395166388715,1.0005944519229164,-2.2026358164461928e-18,-0.0038371498107406003,-0.00058945396911421,0.9999999961643891,-8.758551080691335e-05,-3.2722900220197866e-19,-1.3338980036014393e-20
5.814,2.2051921636714447e-18,-1.4949471867371273,1.0005932741628718,-2.2146531480686816e-18,-0.0038329499896328006,-0.0005883060751607439,0.9999999961850441,-8.734936572053419e-05,-3.0771688314821406e-19,-1.3003309887436742e-20
5.816,2.2007514790602204e-18,-1.4949548484458028,1.0005920986964534,-2.22590453742486e-18,-0.003828760207697681,-0.0005871603430743293,0.9999999962053421,-8.71166791116871e-05,-2.883106219405266e-19,-1.678036823071995e-20
5.8180000000000005,2.196289054271126e-18,-1.494962501784839,1.000590925519341,-2.2363939276922504e-18,-0.003824580327744987,-0.0005860167690713826,0.9999999962252878,-8.688742359107228e-05,-2.68996333331171e-19,-2.020662117788047e-20
5.82,2.1918064095450506e-18,-1.4949701467739032,1.0005897546272224,-2.246017499408933e-18,-0.003820410213684774,-0.0005848753493735731,0.9999999962448859,-8.666157187060246e-05,-2.442908194346253e-19,-2.1226595813029532e-20
5.822,2.1873056311678204e-18,-1.4949777834323923,1.0005885860157926,-2.2545642028500738e-18,-0.003816249730523211,-0.0005837360802078592,0.9999999962641412,-8.643909676362953e-05,-2.1421960740306387e-19,-1.9503738187583576e-20
5.824,2.1827889392766958e-18,-1.4949854117794341,1.0005874196807543,-2.2619319456969223e-18,-0.003812098744358375,-0.00058259895780646,0.9999999962830582,-8.621997118516505e-05,-1.8429095403217135e-19,-1.7784958816095106e-20
5.8260000000000005,2.178258685971446e-18,-1.4949930318338893,1.0005862556178178,-2.2681265449474995e-18,-0.003807957122376042,-0.0005814639784068712,0.9999999963016415,-8.600416815209541e-05,-1.545041834335005e-19,-1.607024798837765e-20
5.828,2.173717104171637e-18,-1.4950006436143546,1.0005850938227008,-2.273261363838239e-18,-0.0038038247328454613,-0.0005803311382518796,0.9999999963198954,-8.579166078339068e-05,-1.303414125818066e-19,-1.6757348358612606e-20
5.83,2.1691661284884555e-18,-1.4950082471391641,1.0005839342911287,-2.277557120476693e-18,-0.003799701445115133,-0.0005792004335895471,0.9999999963378244,-8.558242230030866e-05,-1.1178874086941374e-19,-1.709968259225368e-20
5.832,2.164607396278649e-18,-1.4950158424263915,1.0005827770188342,-2.2810186357150853e-18,-0.0037955871296085717,-0.000578071860673231,0.9999999963554329,-8.537642602659306e-05,-8.786725493564215e-20,-1.5385294224825903e-20
5.8340000000000005,2.1600426789675047e-18,-1.4950234294938527,1.0005816220015575,-2.283542963528151e-18,-0.0037914816578200655,-0.0005769454157615562,0.9999999963727251,-8.517364538866552e-05,-6.405926135225629e-20,-1.4702543152495692e-20
5.836,2.1554738462990894e-18,-1.4950310083591074,1.0005804692350464,-2.2851347311975075e-18,-0.003787384902310429,-0.0005758210951184528,0.9999999963897052,-8.4974053915813e-05,-4.0364456541244864e-20,-1.7791087624355848e-20
5.838,2.15090275878479e-18,-1.4950385790394618,1.000579318715056,-2.2857985441312804e-18,-0.0037832967367027485,-0.0005746988950131339,0.9999999964063772,-8.477762524036929e-05,-1.6781984868353006e-20,-2.0873118672177865e-20
5.84,2.1463311601732754e-18,-1.49504614155197,1.000578170437349,-2.2856465596385304e-18,-0.003779217035678122,-0.0005735788117201167,0.9999999964227454,-8.458433309789097e-05,1.2065405107539102e-21,-1.8807453278485465e-20
5.8420000000000005,2.1417604983111868e-18,-1.4950536959134368,1.0005770243976957,-2.2848982953731143e-18,-0.003775145674971393,-0.0005724608415192145,0.9999999964388137,-8.439415132732816e-05,1.3614326118375964e-20,-1.537678847453911e-20
5.844,2.1371918545550438e-18,-1.4950612421404195,1.0005758805918732,-2.283664781321075e-18,-0.0037710825313668796,-0.0005713449806955238,0.999999996454586,-8.420705387118979e-05,2.5950034952506312e-20,-1.5037798720114294e-20
5.846,2.1326261608910133e-18,-1.49506878024923,1.0005747390156667,-2.2819485857506044e-18,-0.0037670274826940944,-0.0005702312255394538,0.9999999964700664,-8.402301477570371e-05,3.822714791091866e-20,-1.607066178866628e-20
5.848,2.1280643802942298e-18,-1.4950763102559366,1.0005735996648686,-2.279752094755653e-18,-0.0037629804078234646,-0.0005691195723467084,0.9999999964852587,-8.384200819097134e-05,5.044597108942263e-20,-1.8129058323137242e-20
5.8500000000000005,2.1235074709789533e-18,-1.4950838321763669,1.0005724625352785,-2.2770776831236755e-18,-0.0037589411866620435,-0.0005680100174182886,0.9999999965001667,-8.366400837111709e-05,6.260680936758805e-20,-2.086789598928536e-20
5.852,2.1189563864211374e-18,-1.495091346026109,1.000571327622704,-2.273927714381164e-18,-0.0037549097001492162,-0.0005669025570605024,0.9999999965147941,-8.348898967443253e-05,7.470999467241733e-20,-2.360105125824336e-20
5.854,2.1144120753809127e-18,-1.4950988518205142,1.000570194922959,-2.2703045408235664e-18,-0.003750885830252404,-0.0005657971875849676,0.9999999965291447,-8.331692656351576e-05,8.675602969731767e-20,-2.3586433942528454e-20
5.856,2.1098754819250653e-18,-1.4951063495746981,1.0005690644318659,-2.266210503511232e-18,-0.0037468694599627613,-0.0005646939053085995,0.999999996543222,-8.314779360540486e-05,9.874492933629896e-20,-2.3914510103628524e-20
5.8580000000000005,2.1053475454493815e-18,-1.4951138393035441,1.0005679361452537,-2.2616479323978984e-18,-0.0037428604732908702,-0.0005635927065536176,0.9999999965570298,-8.298156547170676e-05,1.1067696369378097e-19,-2.4584467418682642e-20
5.86,2.1008292007008203e-18,-1.4951213210217043,1.0005668100589593,-2.2566191463584746e-18,-0.003738858755262429,-0.0005624935876475623,0.9999999965705714,-8.281821693872122e-05,1.22552630729435e-19,-2.285420408148049e-20
5.862,2.0963213777996507e-18,-1.4951287947436018,1.0005656861688266,-2.251126453224576e-18,-0.0037348641919139392,-0.0005613965449232656,0.9999999965838503,-8.265772288755932e-05,1.2888918905467137e-19,-2.3868470710030174e-20
5.864,2.0918245722217353e-18,-1.4951362604834328,1.0005645644707069,-2.245709508253545e-18,-0.0037308766702883875,-0.000560301574718874,0.9999999965968701,-8.250005830425723e-05,1.2424367860469907e-19,-2.3166119181453398e-20
5.8660000000000005,2.0873384174369785e-18,-1.4951437182551688,1.0005634449604586,-2.2404755160180485e-18,-0.003726896078430923,-0.0005592086733778427,0.9999999966096341,-8.234519827988464e-05,1.1413763761716952e-19,-2.2122725470292173e-20
5.868,2.0828621900306113e-18,-1.495151168072558,1.0005623276339477,-2.235961105913899e-18,-0.0037229223053845345,-0.0005581178372489407,0.9999999966221457,-8.219311801064882e-05,9.311434119365212e-20,-2.1081715991632498e-20
5.87,2.0783942743359358e-18,-1.4951586099491279,1.0005612124870475,-2.2318403465480995e-18,-0.003718955241185721,-0.0005570290626862435,0.9999999966344081,-8.204379279799335e-05,1.1058192818124985e-19,-1.8332620198023412e-20
5.872,2.0739358231059627e-18,-1.495166043898187,1.0005600995156387,-2.2266047564277297e-18,-0.0037149947768601622,-0.0005559423460491345,0.9999999966464245,-8.189719804869191e-05,1.1151893058041145e-19,-1.593134911046599e-20
5.8740000000000006,2.0694870160788263e-18,-1.4951734699328272,1.0005589887156088,-2.2223037463672233e-18,-0.0037110408044183844,-0.0005548576837023083,0.9999999966581983,-8.175330927493791e-05,1.0696874074450694e-19,-1.559128902896782e-20
5.876,2.0650473869088503e-18,-1.495180888065925,1.000557880082853,-2.2173190995732576e-18,-0.0037070932168514247,-0.0005537750720157636,0.9999999966697324,-8.161210209442848e-05,1.0793567258941684e-19,-1.5595146355138587e-20
5.878,2.0606170093705665e-18,-1.4951882983101439,1.0005567736132734,-2.2130521446551176e-18,-0.003703151908126493,-0.0005526945073648249,0.9999999966810302,-8.147355223044452e-05,1.0889802071083923e-19,-1.5599806334786396e-20
5.88,2.056196028772334e-18,-1.4951957006779362,1.0005556693027797,-2.2078864164964725e-18,-0.00369921677318263,-0.0005516159861301111,0.9999999966920946,-8.133763551192523e-05,1.0984275468271063e-19,-1.6290588859815e-20
5.882000000000001,2.051784553405931e-18,-1.4952030951815454,1.0005545671472889,-2.203654430699545e-18,-0.003695287707926367,-0.0005505395046975522,0.9999999967029286,-8.120432787353825e-05,1.0531361796114244e-19,-1.4581470908743254e-20
5.884,2.0473820467111928e-18,-1.4952104818330076,1.0005534671427245,-2.1989534622409374e-18,-0.0036913646092273803,-0.0005494650594583931,0.9999999967135353,-8.107360535574562e-05,9.532331495022223e-20,-1.356128247608793e-20
5.886,2.0429878305596047e-18,-1.4952178606441535,1.0005523692850182,-2.1953994356244775e-18,-0.0036874473749141457,-0.0005483926468091834,0.9999999967239176,-8.094544410486458e-05,7.989781880041242e-20,-1.220122028868268e-20
5.888,2.0386006928068942e-18,-1.4952252316266106,1.000551273570108,-2.191910442908617e-18,-0.0036835359037695904,-0.0005473222631517827,0.9999999967340784,-8.081982037312378e-05,5.906286873798135e-20,-1.0843940943564562e-20
5.89,2.0342190686267502e-18,-1.4952325947918046,1.00055017999394,-2.1897777284929175e-18,-0.003679630095526746,-0.0005462539048933542,0.9999999967440205,-8.069671051871526e-05,4.9278585117987594e-20,-1.2916976011243685e-20
5.892,2.0298421887416065e-18,-1.4952399501509621,1.0005490885524666,-2.1871658445464505e-18,-0.0036757298508643976,-0.0005451875684463739,0.9999999967537467,-8.057609100584167e-05,3.954057435142179e-20,-1.6355744686074103e-20
5.894,2.0254693595768e-18,-1.4952472977151117,1.0005479992416477,-2.1856909333874392e-18,-0.0036718350714027336,-0.000544123250228617,0.99999999676326,-8.045793840475929e-05,2.9835897627322026e-20,-1.7732018843499185e-20
5.896,2.0210998187470374e-18,-1.495254637495086,1.0005469120574506,-2.1839489242725944e-18,-0.003667945659698995,-0.0005430609466631641,0.999999996772563,-8.034222939181628e-05,2.5659865732747427e-20,-1.8419338538001906e-20
5.898,2.016733022543619e-18,-1.495261969501524,1.0005458269958496,-2.182802746231484e-18,-0.0036640615192431226,-0.0005420006541784023,0.9999999967816584,-8.022894074948652e-05,2.6986186437823562e-20,-1.9448131679642336e-20
5.9,2.0123692894660533e-18,-1.4952692937448724,1.0005447440528261,-2.1808499817216643e-18,-0.0036601825544534065,-0.0005409423692080203,0.999999996790549,-8.01180493663995e-05,3.3788856740834796e-20,-1.9790009017347243e-20
5.902,2.008009045052515e-18,-1.4952766102353878,1.0005436632243685,-2.1793860087870762e-18,-0.0036563086706721316,-0.0005398860881910066,0.9999999967992372,-8.000953223736536e-05,4.055922248859953e-20,-2.081639746841498e-20
5.904,2.0036527481899297e-18,-1.4952839189831384,1.0005425845064726,-2.1767951522253664e-18,-0.003652439774161227,-0.0005388318075716526,0.9999999968077259,-7.990336646339595e-05,5.276713299939718e-20,-2.115627863079579e-20
5.906,1.999301607028215e-18,-1.4952912199980055,1.0005415078951412,-2.1742666292621696e-18,-0.0036485757720979128,-0.0005377795237995414,0.9999999968160174,-7.979952925172143e-05,7.586933897285908e-20,-2.149541460791719e-20
5.908,1.994957361724877e-18,-1.495298513289686,1.0005404333863839,-2.169756578905019e-18,-0.0036447165725703484,-0.0005367292333295722,0.9999999968241144,-7.96979979158027e-05,1.098269971990132e-19,-2.423324717987026e-20
5.91,1.9906222455533143e-18,-1.495305798867694,1.0005393609762179,-2.1655328163422337e-18,-0.0036408620845732815,-0.0005356809326219028,0.9999999968320195,-7.959874987533966e-05,8.334152376352705e-20,-2.3533164784331685e-20
5.912,1.9862945383641266e-18,-1.4953130767413623,1.000538290660667,-2.162239201877069e-18,-0.0036370122180036965,-0.000534634618142032,0.9999999968397348,-7.950176265627531e-05,6.794680458454822e-20,-2.249255194179185e-20
5.914,1.9819731017829297e-18,-1.4953203469198442,1.0005372224357625,-2.1592258732071856e-18,-0.0036331668836564646,-0.0005335902863607188,0.999999996847263,-7.940701389079557e-05,6.359026093192817e-20,-2.1112618825485756e-20
5.916,1.9776575205633588e-18,-1.495327609412116,1.0005361562975423,-2.1563837051592466e-18,-0.0036293259932199955,-0.0005325479337540259,0.9999999968546065,-7.931448131732515e-05,5.925453468763543e-20,-1.767958268029253e-20
5.918,1.9733474532276913e-18,-1.4953348642269777,1.0005350922420517,-2.1537118548514333e-18,-0.003625489459271888,-0.0005315075568032995,0.9999999968617675,-7.922414278051945e-05,5.493933702747062e-20,-1.45981584612508e-20
5.92,1.9690425599799613e-18,-1.4953421113730556,1.000534030265343,-2.151209483407846e-18,-0.0036216571952745846,-0.0005304691519951841,0.9999999968687486,-7.913597623125189e-05,5.0644570546173994e-20,-1.186670048802901e-20
5.922,1.964742502697962e-18,-1.4953493508588038,1.000532970363475,-2.1489833293209377e-18,-0.003617829115571026,-0.0005294327158215982,0.999999996875552,-7.904995972659764e-05,4.0887446986484044e-20,-1.0854184933852107e-20
5.924,1.9604463713921287e-18,-1.4953565826925062,1.0005319125325145,-2.1472473469087924e-18,-0.003614005135380307,-0.0005283982447797461,0.9999999968821798,-7.89660714298135e-05,2.569388845638653e-20,-1.1214283473324498e-20
5.926,1.956153116424769e-18,-1.4953638068822774,1.0005308567685343,-2.1461065197494424e-18,-0.003610185170793334,-0.0005273657353721174,0.9999999968886344,-7.888428961031369e-05,1.0572385626872787e-20,-1.1230869814493496e-20
5.928,1.9518615504265786e-18,-1.4953710234360658,1.0005298030676146,-2.1455579088748108e-18,-0.003606369138768487,-0.000526335184106478,0.999999996894918,-7.880459264364153e-05,-4.4774570958504706e-21,-1.1590081073678977e-20
5.93,1.947570491892218e-18,-1.495378232361654,1.000528751425843,-2.1455985892795786e-18,-0.00360255695712728,-0.000525306587495866,0.9999999969010329,-7.872695901143747e-05,-1.9456033573056594e-20,-1.297561573314112e-20
5.932,1.943278765152448e-18,-1.4953854336666612,1.0005277018393133,-2.1462256498571163e-18,-0.003598748544550025,-0.0005242799420586031,0.9999999969069812,-7.86513673014033e-05,-3.436362792849688e-20,-1.4700530419883837e-20
5.934,1.9389852003464023e-18,-1.4953926273585452,1.000526654304127,-2.1475437666484978e-18,-0.0035949438205715,-0.0005232552443182779,0.999999996912765,-7.857779620726222e-05,-6.016558060386103e-20,-1.4706783588476883e-20
5.936,1.9346880241734078e-18,-1.4953998134446032,1.0005256088163916,-2.1494417813052605e-18,-0.0035911427055766165,-0.0005222324908037458,0.9999999969183864,-7.850622452871564e-05,-3.650202127169634e-20,-1.5401820869221337e-20
5.938,1.930388913661597e-18,-1.4954069919319743,1.0005245653722228,-2.1494429814295307e-18,-0.003587345120796093,-0.0005212116780491369,0.9999999969238474,-7.843663117139586e-05,-1.985694747923903e-21,-1.8837358560786772e-20
5.94,1.926090183407996e-18,-1.4954141628276412,1.0005235239677421,-2.1493853132119106e-18,-0.0035835509883021285,-0.000520192802593842,0.9999999969291502,-7.836899514681507e-05,-1.6976274490193084e-20,-2.2603131332766966e-20
5.942,1.9217909811637937e-18,-1.4954213261384308,1.0005224845990786,-2.1499145072402076e-18,-0.0035797602310040787,-0.0005191758609825187,0.9999999969342969,-7.830329557231087e-05,-3.18956277441995e-20,-2.4303605968258086e-20
5.944,1.917490136106266e-18,-1.4954284818710173,1.0005214472623678,-2.1510276639455623e-18,-0.0035759727726441394,-0.0005181608497650703,0.9999999969392893,-7.823951167098785e-05,-4.67440915221876e-20,-2.3944084116496087e-20
5.946,1.9131864831980666e-18,-1.495435630031923,1.0005204119537525,-2.1527218975119713e-18,-0.003572188537793028,-0.0005171477654966738,0.9999999969441296,-7.817762277165566e-05,-6.152218926453267e-20,-2.3928078726249078e-20
5.948,1.908878863159767e-18,-1.49544277062752,1.0005193786693822,-2.154994335829115e-18,-0.0035684074518456716,-0.0005161366047377445,0.9999999969488196,-7.811760830876356e-05,-7.623028145249061e-20,-2.4597436972136565e-20
5.95,1.9045661224425037e-18,-1.4954499036640325,1.0005183474054133,-2.1578421204322098e-18,-0.0035646294410168976,-0.0005151273640539631,0.9999999969533613,-7.805944782233147e-05,-9.086867334156508e-20,-2.56078728713089e-20
5.952,1.900247113200755e-18,-1.4954570291475375,1.0005173181580092,-2.161262406433329e-18,-0.003560854432337128,-0.0005141200400162466,0.9999999969577565,-7.800312095787744e-05,-1.054376419369115e-19,-2.6273661216708965e-20
5.954,1.895920693265255e-18,-1.495464147083967,1.0005162909233398,-2.1652523624517513e-18,-0.003557082353648077,-0.0005131146292007608,0.9999999969620074,-7.794860746634131e-05,-1.1445469278504681e-19,-2.3511687663464508e-20
5.956,1.8915860845234596e-18,-1.4954712574791094,1.0005152656975824,-2.1692716444341564e-18,-0.0035533131335984537,-0.0005121111281889177,0.9999999969661154,-7.789588720400518e-05,-1.0698124655509172e-19,-2.075592047718491e-20
5.958,1.8872440180236524e-18,-1.4954783603386115,1.0005142424769207,-2.1726744944481727e-18,-0.0035495467016396676,-0.000511109533567364,0.9999999969700827,-7.784494013241076e-05,-8.857838401370348e-20,-2.2118663298832813e-20
5.96,1.882895759954461e-18,-1.4954854556679793,1.0005132212575452,-2.1755713576260293e-18,-0.003545782988021539,-0.0005101098419279864,0.999999996973911,-7.779574631827276e-05,-8.122777058860487e-20,-2.1421350523572057e-20
5.962,1.878541888732314e-18,-1.4954925434725808,1.0005122020356534,-2.178287960309348e-18,-0.0035420219237880138,-0.0005091120498678956,0.9999999969776021,-7.774828593338895e-05,-7.940752943008195e-20,-2.003993902844871e-20
5.964,1.874182656160657e-18,-1.4954996237576461,1.0005111848074495,-2.1809327635710406e-18,-0.003538263440772882,-0.0005081161539894306,0.9999999969811578,-7.770253925454744e-05,-7.759610376599018e-20,-2.1060431766138516e-20
5.966,1.869818205485887e-18,-1.4955066965282704,1.0005101695691445,-2.183506119590365e-18,-0.003534507471595502,-0.0005071221509001638,0.9999999969845799,-7.765848666342998e-05,-7.579307936173618e-20,-1.9679063128741365e-20
5.968,1.8654487508821697e-18,-1.4955137617894145,1.0005091563169564,-2.1857934025341587e-18,-0.003530753949656528,-0.0005061300372129009,0.99999999698787,-7.761610864651238e-05,-6.304640560760527e-20,-1.7959157736399715e-20
5.97,1.8610754368074737e-18,-1.4955208195459069,1.0005081450471096,-2.1873660707947593e-18,-0.003527002809133644,-0.0005051398095456453,0.9999999969910299,-7.757538579496154e-05,-3.9408176529137276e-20,-1.8643619193316096e-20
5.972,1.8566999038515054e-18,-1.4955278698024455,1.0005071357558355,-2.1880130167452333e-18,-0.0035232539849773016,-0.0005041514645216293,0.9999999969940614,-7.753629880452909e-05,-1.588201033286315e-20,-1.9326453937068254e-20
5.974,1.8523239988829876e-18,-1.4955349125635982,1.0005061284393721,-2.1877388128081002e-18,-0.0035195074129064623,-0.0005031649987692873,0.9999999969969661,-7.749882847544254e-05,7.532677409708769e-21,-1.9322342957252466e-20
5.976,1.847949559647532e-18,-1.495541947833806,1.0005051230939643,-2.186548009687548e-18,-0.003515763029404347,-0.0005021804089222649,0.9999999969997455,-7.746295571229205e-05,3.083636224184034e-20,-1.931823740931854e-20
5.978,1.8435784148109702e-18,-1.4955489756173828,1.0005041197158637,-2.1844451364769942e-18,-0.0035120207717141893,-0.0005011976916194227,0.9999999970024015,-7.742866152391531e-05,5.402957038233557e-20,-1.9313731150823508e-20
5.98,1.8392123840024735e-18,-1.4955559959185183,1.0005031183013287,-2.1814347007598333e-18,-0.0035082805778349946,-0.0005002168435048099,0.9999999970049356,-7.739592702327863e-05,7.711285213043515e-20,-1.8966569810872912e-20
5.982,1.834853277857469e-18,-1.4955630087412786,1.0005021188466239,-2.177521188712998e-18,-0.003504542386517305,-0.0004992378612276793,0.9999999970073494,-7.736473342735493e-05,1.0008662259492691e-19,-1.964739906873884e-20
5.984,1.8305028980603486e-18,-1.4955700140896082,1.0005011213480213,-2.1727090652110595e-18,-0.0035008061372589694,-0.0004982607414424752,0.9999999970096445,-7.733506205699895e-05,1.2295148023100455e-19,-2.03266101511371e-20
5.986,1.8261630373869748e-18,-1.4955770119673315,1.000500125801799,-2.167002773925081e-18,-0.00349707177030092,-0.0004972854808088374,0.9999999970118224,-7.73068943368194e-05,1.4570794135968956e-19,-2.1004206884048626e-20
5.988,1.8218354797469868e-18,-1.495584002378154,1.000499132204242,-2.160406737422191e-18,-0.0034933392266229537,-0.0004963120759915861,0.9999999970138849,-7.728021179504817e-05,1.6835649341468795e-19,-2.2022448394108804e-20
5.99,1.81752200022591e-18,-1.4955909853256635,1.0004981405516424,-2.15292535726674e-18,-0.0034896084479395227,-0.000495340523660719,0.9999999970158332,-7.725499606340625e-05,1.908976213676876e-19,-2.3723594762181808e-20
5.992,1.813224365127057e-18,-1.4955979608133327,1.0004971508402982,-2.1445630141209104e-18,-0.0034858793766955254,-0.0004943708204914295,0.999999997017669,-7.723122887696711e-05,2.1333186084159534e-19,-2.5763365816696827e-20
5.994,1.8089443320132388e-18,-1.4956049288445195,1.0004961630665146,-2.135216494800968e-18,-0.0034821519560621094,-0.0004934029631640667,0.9999999970193938,-7.720889207401704e-05,2.4662512241876427e-19,-2.505704066629564e-20
5.996,1.8046841513942813e-18,-1.4956118894224686,1.000495177226603,-2.1249984129817857e-18,-0.0034784261299324777,-0.0004924369483641543,0.9999999970210092,-7.718796759591254e-05,2.358998869967769e-19,-2.434818467207424e-20
5.998,1.8004433016816565e-18,-1.4956188425503136,1.0004941933168818,-2.1159569712666548e-18,-0.0034747018429177024,-0.0004914727727823874,0.9999999970225164,-7.716843748693484e-05,2.2522541799829456e-19,-2.4668182618714804e-20
