t,px,py,pz,vx,vy,vz,qw,qx,qy,qz
0.0,0.0,0.0,1.0,0.0,0.0,0.0,1.0,0.0,0.0,0.0
0.002,2.9740140867934637e-09,0.0,1.0000042084571739,5.948027965113971e-06,0.0,0.004208456060207548,0.9999999299018263,0.0,0.0003744280205321799,0.0
0.004,3.792400109169874e-08,-4.3479502067425004e-31,1.0000127060193544,3.2385626835146095e-05,-2.700682373489753e-23,0.00428910184303684,0.9999996042450688,4.112708851249228e-27,0.0008896683123118952,-3.426614377520907e-22
0.006,1.4265054371556727e-07,-5.403016637191274e-26,1.000021365459013,7.539643154077578e-05,-2.702966752668109e-23,0.004370330957172686,0.9999990820876763,2.681662149353338e-25,0.0013549257563075375,-7.704807833452063e-22
0.008,3.5437287360304056e-07,-1.0816102873713758e-25,1.0000301879092717,0.00013961731785926829,-2.711372589121906e-23,0.004452108732487094,0.9999982774654035,1.0189832742587565e-24,0.0018560889596353942,-1.1972864680343483e-21
0.01,7.121225086041696e-07,-1.6253901658308967e-25,1.0000391744512915,0.00022121165824931323,-2.7279581124806886e-23,0.0045344204124572515,0.9999972973070961,2.5926732701449668e-24,0.002324946989373719,-1.2808259301726837e-21
0.012,1.253183282381025e-06,-2.1734844076093464e-25,1.0000483261176678,0.00032307213203243635,-2.754985898154306e-23,0.004617229395330515,0.9999960360006364,3.646634941750345e-24,0.0028156674189354788,-1.706828089952002e-21
0.014,2.01591832834191e-06,-2.728203433245913e-25,1.0000576438879667,0.0004427470551212402,-2.794897796916378e-23,0.004700522087341619,0.9999946036141599,5.216373863490129e-24,0.0032852309750175984,-2.132227822214164e-21
0.016,3.0375247148352963e-06,-3.2924698506919363e-25,1.0000671286954412,0.0005820289716136122,-2.8502385840656693e-23,0.004784263031127685,0.9999929018180229,1.0051838672023033e-23,0.0037677995660686378,-1.529451733549135e-21
0.018000000000000002,4.3558164269830384e-06,-3.868999926692993e-25,1.0000767814209515,0.0007393396700136947,-2.9164529033641025e-23,0.00486843785071961,0.9999910270875259,1.4017614654343956e-23,0.004236241781955125,-9.285071924158161e-22
0.02,6.007808156979895e-06,-4.459531926466644e-25,1.0000866029001363,0.0009157777905407954,-2.989751666245346e-23,0.004953013363042188,0.9999888979834176,1.484538915263255e-23,0.004712102493601559,-1.0143024778546384e-21
0.022,8.03083982010808e-06,-5.065388344062023e-25,1.0000965939176119,0.0011103160041110948,-3.070091752648437e-23,0.005037973825756992,0.9999865926676752,1.5875992644335824e-23,0.005178270453847217,-1.0998953051247745e-21
0.024,1.0461683313559287e-05,-5.688167587137617e-25,1.0001067552134044,0.0013236152717736238,-3.1595104906803024e-23,0.005123288535234561,0.9999840480380252,1.377175761459501e-23,0.005648333336882642,-1.8697884490059866e-21
0.026000000000000002,1.3337251733824662e-05,-6.330112067757765e-25,1.0001170874781369,0.001554995689049769,-3.262874197660333e-23,0.005208940415539298,0.9999813246129595,1.058889661499023e-23,0.00611149943228909,-2.980111032748551e-21
0.028,1.6694035985031727e-05,-6.994789198507897e-25,1.0001275913583523,0.001804842149225923,-3.3885028500728715e-23,0.005294901053991837,0.999978375654984,6.5230420549586734e-24,0.006576338070657663,-4.4304633915918984e-21
0.03,2.056855206833698e-05,-7.687643531355298e-25,1.0001382674528296,0.0020726938543044,-3.546571779220331e-23,0.005381152312136726,0.9999752467418314,-5.824545036014377e-25,0.007036043178774336,-6.563100800382414e-21
0.032,2.4996985735757572e-05,-8.416641814130166e-25,1.0001491163168077,0.002358761566313095,-3.753647110884981e-23,0.005467667750127418,0.9999719044533395,-1.4549190598281207e-23,0.007496019207654616,-1.0061312814418529e-20
0.034,3.001547458506196e-05,-9.193920844047272e-25,1.0001601384593288,0.0026627226677355576,-4.0333014523633374e-23,0.005554428494089923,0.9999683825566237,-2.535249793285384e-23,0.007951973785811854,-1.3552066565887753e-20
0.036000000000000004,3.565988393524435e-05,-1.0036398667289181e-24,1.0001713343465164,0.0029846780876092577,-4.409356637433498e-23,0.005641409751362836,0.9999646578991962,-3.055177528463063e-23,0.008407315418361578,-1.6692727460311407e-20
0.038,4.196598473803445e-05,-1.0965612450384073e-24,1.0001827043997653,0.003324392353877421,-4.9026558497863526e-23,0.005728592216129626,0.9999607553028151,-7.662732717941003e-24,0.008859337121024083,-1.6741302691096476e-20
0.04,4.896931222113559e-05,-1.200528174700324e-24,1.000194248998265,0.003681897121709681,-5.514093858380213e-23,0.005815952458919736,0.9999566592542608,-5.4714817935114285e-21,0.00931018866933706,-1.7084636492673368e-20
0.042,5.6705278096655465e-05,-1.137906897053483e-24,1.0002059684778457,0.004057011882074569,1.5349450934210816e-22,0.005903470993663014,0.9999523879939752,-5.444417885966686e-21,0.009758163000628206,-1.81634987344834e-20
0.044,6.520908141169145e-05,-7.682357538575336e-25,1.0002178631329277,0.004449724602714443,3.5589050480645484e-23,0.005991125525349938,0.99994793154953,2.2042318694032012e-20,0.010204616103370836,-1.7109428986910368e-20
0.046,7.451577932342105e-05,-1.9333618947858124e-24,1.000229933215857,0.004859889445637825,-1.1642913122796859e-21,0.0060788965835963694,0.9999433034190686,2.1963149497802447e-20,0.010648471597420908,-1.8175588032558153e-20
0.048,8.466023088229278e-05,-4.773257219416015e-24,1.00024217893843,0.005287466834090188,-1.711249397003509e-21,0.006166762832082525,0.9999384975718997,2.736756079090342e-20,0.011090584910292262,-1.9297218537373814e-20
0.05,9.56771416807234e-05,-9.643329582609108e-24,1.000254600471585,0.00573233280844522,-3.1224276545244403e-21,0.006254704962429499,0.9999335241411667,2.728355947153548e-20,0.011530277473996979,-2.104004581481783e-20
0.052000000000000005,0.00010760102841215968,-1.6610902709610162e-23,1.0002671979466207,0.0061944304342047285,-3.664658527010801e-21,0.006342702465929269,0.9999283798571168,2.1715588017414137e-20,0.011968089083975592,-2.305739469951986e-20
0.054,0.00012046624704740666,-2.5131297308325153e-23,1.0002799714551407,0.006673649567192449,-4.855586134529456e-21,0.00643073630216761,0.9999230724923608,1.617957591954548e-20,0.012403592118309721,-2.4727117723136613e-20
0.056,0.00013430697050221264,-3.5202330619231617e-23,1.0002929210500513,0.007169922345245137,-5.287469736906579e-21,0.006518786694192543,0.999917600685633,2.1626997772524192e-20,0.012837127368987433,-2.6186287604107684e-20
0.058,0.00014915720642991566,-4.718329403162707e-23,1.0003060467456861,0.007683147359696945,-6.801393653053368e-21,0.006606834944368625,0.9999119705673242,3.253172504462483e-20,0.013268425534748588,-2.771306035679927e-20
0.06,0.00016505078316168427,-6.171986953629222e-23,1.0003193485186477,0.008213249881369018,-7.66258711399909e-21,0.006694861938231644,0.9999061820796399,1.5988753092179677e-20,0.013697701957573801,-2.7844290278147106e-20
0.062,0.00018202136095549792,-7.783326816712222e-23,1.0003328263080544,0.008760134038432675,-8.522858579155325e-21,0.0067828493725154045,0.9999002402167109,2.6962130148055144e-20,0.014124787239611226,-2.6295064621353822e-20
0.064,0.0002001024231589968,-9.60986139625329e-23,1.000346480016275,0.009323720800857128,-9.814168553446366e-21,0.006870778745453622,0.9998941458004758,3.789602715549004e-20,0.014549817659928419,-2.3721664009662136e-20
0.066,0.00021932728333657394,-1.1737570700822506e-22,1.0003603095092566,0.009903917821391807,-1.1534239031908627e-20,0.006958632182832539,0.9998879030409178,4.877103822431328e-20,0.014972686880999954,-2.1496214969365995e-20
0.068,0.00023972907973110268,-1.4251979735074015e-22,1.0003743146171853,0.010500643392660984,-1.3680800000334428e-20,0.007046391759750324,0.999881513346066,5.959242832669054e-20,0.015393481373008125,-1.9275672962699924e-20
0.07,0.00026134077979643905,-1.7238161164234218e-22,1.000388495134869,0.011113807427903634,-1.6251601802934007e-20,0.007134040053631285,0.9998749803843973,7.036588399297476e-20,0.015812134621911476,-1.6717414490742194e-20
0.07200000000000001,0.00028419517674465884,-2.0759115447162497e-22,1.0004028508223441,0.011743326571287778,-1.8920069987658974e-20,0.007221559690429978,0.999868305948293,5.911587990241492e-20,0.01622870173769498,-1.6559050878773126e-20
0.074,0.00030832489244712506,-2.476215615309966e-22,1.0004173814052966,0.012389112204224673,-2.1036695362669222e-20,0.00730893371324769,0.9998614933305533,5.885983571222911e-20,0.01664314137403866,-1.7264548974509374e-20
0.076,0.0003337623753018884,-2.9227275659456458e-22,1.0004320865756289,0.013051079976203287,-2.3685032528533823e-20,0.0073961452797033575,0.9998545445702977,6.408141386245902e-20,0.017055488914804687,-1.8401907556927718e-20
0.078,0.0003605399021106748,-3.421738417578748e-22,1.0004469659919055,0.013729142241937881,-2.6214348564890048e-20,0.007483177906631189,0.9998474626971843,6.927934649554678e-20,0.01746571893748113,-1.9536448278734818e-20
0.08,0.0003886895767836654,-3.975917888799426e-22,1.0004620192798934,0.014423214073345823,-2.916570190415371e-20,0.007570015268788841,0.999840249903752,6.898297684312754e-20,0.017873854436109653,-1.988718584510266e-20
0.082,0.0004182433315753602,-4.584315023307618e-22,1.00047724603302,0.015133208491079034,-3.167224920883995e-20,0.007656641360637037,0.9998329090324134,6.32321084114922e-20,0.01827988008117627,-1.945421457983669e-20
0.084,0.00044923292632216387,-5.244546955339511e-22,1.0004926458128953,0.015859040257235214,-3.427727906585934e-20,0.00774304036270088,0.9998254423661551,5.750784216490417e-20,0.018683811102733466,-1.902257557214799e-20
0.08600000000000001,0.00048168994927855554,-5.950647531660601e-22,1.0005082181497773,0.016600622869202327,-3.633136677987048e-20,0.00782919674807516,0.9998178526110467,5.1810886080050697e-20,0.0190856385860061,-1.8592279738709076e-20
0.088,0.0005156458166953011,-6.697754303098712e-22,1.0005239625430788,0.017357870952723172,-3.827003260853347e-20,0.007915095193785244,0.9998101420982001,3.51834275829014e-20,0.019485372913483404,-1.8297279029709782e-20
0.09,0.0005511317734081029,-7.471667787689354e-22,1.0005398784618371,0.018130698367152278,-3.9012559801432764e-20,0.008000720650567547,0.9998023134313059,1.3134337513189171e-20,0.019883009264427053,-1.8924764331296197e-20
0.092,0.0005881788926351438,-8.258612327217177e-22,1.000555965345209,0.01891901971578632,-3.975395774626348e-20,0.008086058284062737,0.9997943689612483,2.4113175552775376e-20,0.020278555012126536,-1.780745566450681e-20
0.094,0.000626818076414098,-9.064700139724202e-22,1.0005722226029408,0.019722749152028634,-4.092652749240905e-20,0.00817109352026667,0.9997863112118912,3.504551025621533e-20,0.02067200796535608,-1.6350079868455966e-20
0.096,0.0006670800555424193,-9.898532395653855e-22,1.0005886496158543,0.020541801332987317,-4.2528042485961774e-20,0.008255812006440951,0.9997781425349429,4.594588968495637e-20,0.02106337364667596,-1.386827425366395e-20
0.098,0.0007089953899230918,-1.0766502669030871e-21,1.0006052457363148,0.02137609066765445,-4.4231832834689634e-20,0.00834019964048701,0.9997698653893424,2.935706590518715e-20,0.021452651569821395,-1.218394090060291e-20
0.1,0.0007525944685992703,-1.1660190228779256e-21,1.0006220102887098,0.022225531919371187,-4.517237919058795e-20,0.00842424254485187,0.9997614821149804,3.472082154909927e-20,0.021839846136314615,-1.3372614138816565e-20
0.10200000000000001,0.0007979075100467604,-1.2580953908373984e-21,1.0006389425699143,0.02309003973274643,-4.686711368156649e-20,0.008507927085302118,0.9997529951156684,2.906981571134629e-20,0.022224957980852108,-1.5003248361819888e-20
0.10400000000000001,0.0008449645622724023,-1.352436716896576e-21,1.0006560418497612,0.023969529014653598,-4.747349312499107e-20,0.008591239853371539,0.9997444067110525,2.3426386637957665e-20,0.022607990843199536,-1.697225998183535e-20
0.106,0.0008937955030771485,-1.448673486417682e-21,1.000673307371504,0.024863914636916836,-4.8726622121563725e-20,0.008674167678158989,0.9997357192562248,1.7790737592117806e-20,0.022988946109798136,-1.927843970875964e-20
0.108,0.0009444300401987974,-1.5463295147296013e-21,1.0006907383522805,0.025773111677614518,-4.8892944211785404e-20,0.008756697614376155,0.9997269350449698,1.2366070963943394e-21,0.023367827147407767,-2.0642695820991372e-20
0.11,0.000996897711560634,-1.6444626430215946e-21,1.000708333983571,0.026697035234592482,-4.927633101002142e-20,0.008838816949561158,0.9997180563878268,1.2246494028742183e-20,0.023744635860462816,-1.9220349470430946e-20
0.112,0.0010512278854461934,-1.7435056959910532e-21,1.0007260934316553,0.027635600578646845,-4.987461793478809e-20,0.008920513195788082,0.999709085548971,2.8659391846011294e-20,0.02411937542392786,-1.89582033354611e-20
0.114,0.0011074497607428129,-1.8448613485281692e-21,1.0007440158380667,0.028588723036908962,-5.15524558405786e-20,0.009001774093871429,0.9997000247970805,4.4991784879927734e-20,0.024492048111920187,-1.9380416398362025e-20
0.116,0.0011655923671405682,-1.9497106000236586e-21,1.0007621003200433,0.029556318090432476,-5.3439806369058033e-20,0.009082587607463376,0.9996908763642169,6.125415063563243e-20,0.024862657021005624,-1.9457742028088493e-20
0.11800000000000001,0.001225684565376545,-2.0595525489278752e-21,1.0007803459709754,0.030538301301621284,-5.661666415698309e-20,0.009162941925284196,0.9996816424789235,9.386963052306354e-20,0.025231204700567226,-1.9942621041395217e-20
0.12,0.0012877550474529051,-2.1764194042259036e-21,1.0007987518608519,0.0315345883767331,-6.010326173640818e-20,0.009242825456771709,0.9996723253394715,7.700644689956994e-20,0.025597694239408594,-1.952237779742884e-20
0.122,0.001351832336885453,-2.2993773394387445e-21,1.0008173170367025,0.0325450951210615,-6.281634960939008e-20,0.009322226833016738,0.9996629271353674,7.113796314528732e-20,0.025962128401758135,-2.075482272377983e-20
0.124,0.0014179447889375637,-2.4279650308101006e-21,1.0008360405230377,0.033569737479292365,-6.573320485184147e-20,0.009401134903418094,0.9996534500299672,7.077806592206603e-20,0.02632451031233457,-2.2127942862659237e-20
0.126,0.0014861205908752134,-2.5619760106395595e-21,1.000854921322285,0.034608431508167496,-6.820360941699664e-20,0.009479538735767847,0.999643896174434,6.494987607538419e-20,0.02668484291123992,-2.3010681318899552e-20
0.128,0.0015563877622146222,-2.7011684231154577e-21,1.000873958415224,0.03566109340285243,-7.109508368507901e-20,0.00955742761355493,0.9996342676964529,8.113518253428807e-20,0.027043129385791242,-2.2078779068363603e-20
0.13,0.0016287741549850293,-2.8467799040166456e-21,1.0008931507614165,0.036727639480603376,-7.462216402385596e-20,0.009634791035491332,0.9996245667092788,9.72429811711418e-20,0.027399372826527532,-2.1148527895702462e-20
0.132,0.0017033074539886126,-3.000078462365557e-21,1.0009124972996348,0.0378079861982918,-7.878165056827132e-20,0.009711618713231758,0.9996147953044191,1.1326426845313895e-19,0.02775357649933791,-2.0562061476787e-20
0.134,0.00178001517707173,-3.1623257384492465e-21,1.000931996948287,0.038902050142989364,-8.357037759503387e-20,0.009787900570531055,0.9996049555574944,1.2919016938387179e-19,0.028105743628305986,-2.0661111927866967e-20
0.136,0.0018589246753961215,-3.334777082464684e-21,1.000951648605839,0.04000974804389435,-8.898521907803362e-20,0.009863626741228922,0.9995950495234985,1.450499737511733e-19,0.028455877567120716,-2.04168930554443e-20
0.138,0.0019400631337189917,-3.518681602627129e-21,1.0009714511512335,0.04113099676725833,-9.502305115131469e-20,0.009938787568162973,0.9995850792405919,1.608436722032067e-19,0.028803981661914686,-1.982981348678324e-20
0.14,0.002023457570674782,-3.715282152204497e-21,1.0009914034443066,0.04226571332476118,-1.0168074827620058e-19,0.010013373601320574,0.9995750467270368,1.7656185402363643e-19,0.029150059359158185,-1.9243219803358053e-20
0.14200000000000002,0.002109134839064241,-3.925815346390966e-21,1.0010115043262002,0.04341381487115495,-1.0895519792011512e-19,0.01008737559658897,0.9995649539836512,1.9220488191711924e-19,0.029494114118948825,-1.8657122230427234e-20
0.14400000000000002,0.002197121626146241,-4.1515115898772315e-21,1.0010317526197725,0.044575218710378395,-1.1684330210255685e-19,0.010160784514011128,0.9995548029918307,2.0778322338563e-19,0.02983614948284992,-1.7729018732800198e-20
0.146,0.002287444453935846,-4.3935950920583195e-21,1.0010521471300047,0.04574984229489372,-1.2534195506872912e-19,0.010233591516426166,0.9995445957151373,2.233069723574467e-19,0.03017616901899996,-1.6117208862206682e-20
0.148,0.00238012967950575,-4.653067479983633e-21,1.001072686644405,0.046937603230354966,-1.3401534957976165e-19,0.01030578796778863,0.9995343340980264,2.1128353356610607e-19,0.03051417636469138,-1.607867415037862e-20
0.15,0.0024752034952932743,-4.929194329963557e-21,1.0010933699334101,0.04813841927599182,-1.4210488284259442e-19,0.010377365431734299,0.9995240200668772,2.0479537725982443e-19,0.0308501751915497,-1.5865776906114088e-20
0.152,0.002572691929411078,-5.2215323779612574e-21,1.0011141957507812,0.04935220834834559,-1.5026280411139677e-19,0.01044831566993702,0.9995136555291774,1.9836878044989852e-19,0.031184169232184013,-1.4626582247358715e-20
0.154,0.0026726208459629526,-5.529604760757022e-21,1.0011351628340004,0.05057888852229302,-1.5773115432266087e-19,0.010518630640622993,0.9995032423741939,1.9192793787384797e-19,0.03151616225802539,-1.441731597693972e-20
0.156,0.002775015945363514,-5.852683752994962e-21,1.0011562699046612,0.05181837803417403,-1.6526952359941027e-19,0.0105883024969488,0.9994927824724545,1.8552554181620716e-19,0.031846158095934,-1.3524657183510203e-20
0.158,0.0028799027646626263,-6.190295564728789e-21,1.001177515668857,0.05307059528319905,-1.7233628146814127e-19,0.010657323585479585,0.9994822776761895,1.846656216816829e-19,0.03217416061402332,-1.1782757484122242e-20
0.16,0.002987306677873803,-6.5424372819414694e-21,1.0011988988175662,0.05433545883417315,-1.7979944717323579e-19,0.010725686444578122,0.9994717298190051,1.8925524537237764e-19,0.03250017373193529,-1.1249086299491686e-20
0.162,0.003097252896307085,-6.909286524649184e-21,1.001220418027035,0.05561288741912528,-1.8711578420156492e-19,0.010793383802857246,0.9994611407161783,1.9380134714818008e-19,0.03282420141170293,-1.1401532604278535e-20
0.164,0.003209766468905897,-7.29145203081025e-21,1.0012420719591553,0.056902799939758116,-1.9515163179927267e-19,0.010860408577573769,0.9994505121644567,2.0927347647636827e-19,0.033146247664034234,-1.2255883654902711e-20
0.166,0.003324872282588185,-7.689901098636851e-21,1.0012638592618408,0.058205115469197516,-2.0325472112667764e-19,0.01092675387306223,0.9994398459422594,2.0265490560235425e-19,0.03346631654235431,-1.58055510450518e-20
0.168,0.003442595062591496,-8.10440715111731e-21,1.0012857785693996,0.059519753254249755,-2.1142521484967158e-19,0.010992412979130117,0.9994291438095603,2.1803363240180635e-19,0.03378441214657417,-1.8711691630123938e-20
0.17,0.0035629593728221695,-8.535898996483765e-21,1.0013078285029038,0.06084663271720735,-2.198794207322365e-19,0.011057379369477894,0.999418407508029,1.8959668598396037e-19,0.03410053861914014,-1.7388450391377023e-20
0.17200000000000001,0.0036859896162084156,-8.982308588978628e-21,1.0013300076705551,0.062185673457965385,-2.2656022825138566e-19,0.011121646700093541,0.9994076387609698,1.8314228941073258e-19,0.03441470014721854,-1.8872680674585832e-20
0.17400000000000002,0.003811710035057357,-9.443343804756382e-21,1.0013523146680485,0.06353679525584362,-2.3439697756672747e-19,0.011185208807662456,0.9993968392734258,1.8223291466647482e-19,0.03472690096001301,-1.9173385727700245e-20
0.176,0.0039401447114158815,-9.918786881123974e-21,1.0013747480789312,0.06489991807159479,-2.4111236787563663e-19,0.011248059707960457,0.9993860107321535,1.922740617735626e-19,0.035037145329952134,-2.0196492912022684e-20
0.178,0.0040713175674353345,-1.0409466008393616e-20,1.0013973064749602,0.06627496204921784,-2.4974091495297343e-19,0.011310193594256196,0.9993751548057057,2.1870646410431744e-19,0.03534543757080847,-2.1792898035265597e-20
0.18,0.0042052523657399275,-1.0917142996059579e-20,1.0014199884164547,0.06766184751787924,-2.5800120741977867e-19,0.011371604835702426,0.9993642731444308,2.1768964150689534e-19,0.03565178203825942,-2.0359934766691353e-20
0.182,0.004341972709798874,-1.1442092187928868e-20,1.0014427924526472,0.0690604949937017,-2.668688925567896e-19,0.011432287975733028,0.9993533673805421,2.1117379786314484e-19,0.03595618312851388,-1.942013048326904e-20
0.184,0.004481502044302145,-1.1983685900613806e-20,1.0014657171220296,0.07047082518161188,-2.746098600562369e-19,0.011492237730452735,0.9993424391281346,2.046883783962721e-19,0.03625864527847984,-1.8483349137139473e-20
0.186,0.004623863655539847,-1.2541226622889738e-20,1.0014887609526972,0.07189275897709506,-2.828521629027222e-19,0.011551448987030439,0.9993314899832468,1.9824577139147618e-19,0.03655917296471321,-1.7207145506309537e-20
0.188,0.004769080671785113,-1.3114271757060524e-20,1.0015119224626898,0.07332621746797782,-2.900784022874401e-19,0.011609916802087861,0.9993205215238903,1.8632920690813875e-19,0.036857770703339454,-1.6419173095796974e-20
0.19,0.004917176063680513,-1.3701804382462697e-20,1.0015352001603284,0.07477112193614294,-2.9737617151479877e-19,0.011667636400090605,0.9993095353101076,1.690282920029241e-19,0.03715444304920757,-1.4749499624493804e-20
0.192,0.005068172644627889,-1.430256055039084e-20,1.001558592544549,0.07622739385925269,-3.0323034962858975e-19,0.011724603171736342,0.9992985328840108,1.5177082088062607e-19,0.037449194595658625,-1.4111961473697606e-20
0.194,0.005222093071181593,-1.4915102524777353e-20,1.0015820981052341,0.07769495491242046,-3.0916243663471396e-19,0.01178081267234488,0.9992875157698389,1.2905263347497e-19,0.037742029973811195,-1.4641144312825886e-20
0.196,0.005378959843445058,-1.5537926441702618e-20,1.0016057153235405,0.07917372696987857,-3.1365717549739035e-19,0.01183626062024661,0.9992764854740022,1.2842174898845077e-19,0.03803295385223531,-1.394397514564935e-20
0.198,0.005538795305470664,-1.6170725652704828e-20,1.0016294426722225,0.0806636321066046,-3.1899356752105865e-19,0.01189094289517265,0.999265443485141,1.1137005403609708e-19,0.0383219709363228,-1.2623979809973867e-20
0.2,0.005701621645662855,-1.6812366248755005e-20,1.0016532786159547,0.0821645925999364,-3.2267942433316206e-19,0.011944855536644422,0.9992543912741755,1.107566064188118e-19,0.03860908596790363,-1.3994400268847447e-20
0.202,0.005867460897184434,-1.7462621621857607e-20,1.0016772216116485,0.08367653093115206,-3.275362465665985e-19,0.011997994742364812,0.9992433302943647,9.915034808669341e-20,0.03889430372467175,-1.5965662760688812e-20
0.20400000000000001,0.006036334938366017,-1.812072532327686e-20,1.001701270108768,0.08519936978703402,-3.305279643987027e-19,0.01205035686660968,0.9992322619813622,9.29865710431406e-20,0.039177629019767166,-1.9857748272580547e-20
0.20600000000000002,0.006208265493118577,-1.8786346307107604e-20,1.0017254225496406,0.08673303206140236,-3.352341601974709e-19,0.01210193841862105,0.9992211877532758,1.1429909939009328e-19,0.03945906670123875,-2.378825082549665e-20
0.20800000000000002,0.006383274131349039,-1.946074310357372e-20,1.001749677369766,0.08827744085662934,-3.3894254648744607e-19,0.012152736061001321,0.9992101090107278,9.72302331003821e-20,0.03973862165160667,-2.4824181486169754e-20
0.21,0.00656138226937887,-2.0142572589497945e-20,1.0017740329981213,0.08983251948512594,-3.429560030905596e-19,0.012202746608109376,0.9991990271369171,1.0225059095848123e-19,0.0400162987873506,-2.467665402566894e-20
0.212,0.006742611170365632,-2.0832372710749948e-20,1.0017984878574622,0.09139819147080808,-3.469490898540235e-19,0.0122519670244583,0.9991879434976817,1.0727383651961826e-19,0.040292103058461655,-2.3844319884253138e-20
0.214,0.006926981944727432,-2.153078832453176e-20,1.0018230403646227,0.09297438055053656,-3.5146304330111187e-19,0.012300394423115294,0.9991768594415643,1.1775202640390375e-19,0.04056603944794863,-2.2891598438645254e-20
0.216,0.007114515550570235,-2.2238208799556236e-20,1.0018476889308099,0.09456101067553585,-3.560618994486791e-19,0.012348026064103651,0.9991657762998772,1.2275587923782815e-19,0.04083811297138534,-2.0691199843040598e-20
0.218,0.007305232794117988,-2.29551285524729e-20,1.0018724319618963,0.0961580060127879,-3.6074567283627565e-19,0.012394859352807286,0.9991546953867707,1.056569442664451e-19,0.041108328676430175,-2.1364870320955416e-20
0.22,0.0074991543301455126,-2.3680200386145056e-20,1.00189726785871,0.09776529094640422,-3.6421452721329686e-19,0.012440891838377759,0.9991436179993004,9.407591151647176e-20,0.04137669164237252,-2.3291281696501515e-20
0.222,0.007696300662414112,-2.4412515647436668e-20,1.0019221950173185,0.09938279007897405,-3.680975964798811e-19,0.012486121212144204,0.9991325454174981,8.248132325336644e-20,0.04164320697966267,-2.6582956183564277e-20
0.224,0.00789669214410986,-2.515138601733636e-20,1.001947211829314,0.10101042823289054,-3.706617169734261e-19,0.01253054530602613,0.999121478904442,6.559473332247276e-20,0.04190787982945967,-2.6216032074663857e-20
0.226,0.008100348978284513,-2.5895586006923033e-20,1.001972316682091,0.10264813045165372,-3.736441457205721e-19,0.012574162090949506,0.9991104197063296,7.623352114598247e-20,0.04217071536316971,-2.5631071331058625e-20
0.228,0.008307291218299009,-2.664584322834771e-20,1.001997507959124,0.10429582200115155,-3.7661049835610185e-19,0.012616969675266078,0.9990993690525508,8.129983138002607e-20,0.042431718781996815,-2.61845018873033e-20
0.23,0.008517538768269505,-2.7402306109302917e-20,1.0020227840402396,0.1059534283709182,-3.798858016506634e-19,0.01265896630317629,0.9990883281557623,8.087714719532779e-20,0.04269089531648858,-2.6504111096067782e-20
0.232,0.00873111138351591,-2.8165158135364033e-20,1.0020481433018882,0.10762087527537065,-3.830357282261306e-19,0.012700150353155868,0.9990772982119634,9.142679883940078e-20,0.04294825022609056,-2.6949702374119777e-20
0.234,0.008948028671012865,-2.8935159596024246e-20,1.0020735841174093,0.10929808865502291,-3.8703490386834413e-19,0.012740520336386264,0.9990662804005732,1.0740340256477558e-19,0.04320378879869861,-2.762912227807267e-20
0.23600000000000002,0.00916831008984314,-2.9713283257896124e-20,1.0020991048572965,0.11098499467767879,-3.9101316744542447e-19,0.01278007489518914,0.9990552758845077,9.579945347064583e-20,0.04345751635021756,-2.985985395635202e-20
0.23800000000000002,0.009391974951653378,-3.0499126279477886e-20,1.0021247038894578,0.11268151973960266,-3.9486283574812475e-19,0.012818812801465039,0.9990442858102593,1.1174242369015247e-19,0.043709438224119636,-3.0881571206714325e-20
0.24,0.00961904242111218,-3.129358700729802e-20,1.0021503795794733,0.11438759046666902,-3.9966644832130004e-19,0.012856732955136412,0.9990333113079763,1.2210228465813228e-19,0.043959559791007824,-3.234436467734206e-20
0.242,0.009849531516370443,-3.209752266297141e-20,1.0021761302908494,0.11610313371549046,-4.043374473822687e-19,0.012893834382595165,0.9990223534915442,1.2692174892486509e-19,0.04420788644818,-3.390412186601581e-20
0.244,0.010083461109523963,-3.291146179564278e-20,1.0022019543852705,0.11782807657452463,-4.0974183377622936e-19,0.01293011623515484,0.9990114134586671,1.3716745653058849e-19,0.044454423619197214,-3.6043953913339817e-20
0.246,0.010320849927078199,-3.3736326679471657e-20,1.0022278502228472,0.11956234636516005,-4.1511861726848695e-19,0.01296557778750766,0.9990004922909509,1.4184332153002473e-19,0.04469917675345334,-3.896029824900178e-20
0.248,0.01056171655041521,-3.457227856868677e-20,1.0022538161623618,0.12130587064278109,-4.2079263610225755e-19,0.013000218436186484,0.9989895910539869,1.4102032661926137e-19,0.04494215132574837,-4.162476170618982e-20
0.25,0.010806079416262696,-3.541926064296292e-20,1.0022798505615098,0.12305857719781219,-4.2622097848764457e-19,0.013034037698031931,0.9989787107974365,1.4567975224531426e-19,0.0451833528358635,-4.453003793310823e-20
0.252,0.0110539568171651,-3.6277612948902014e-20,1.0023059517771398,0.12482039405674156,-4.3205451548001597e-19,0.013067035208664696,0.9989678525551164,1.2856391242795588e-19,0.04542278680813944,-4.30136920647079e-20
0.254,0.011305366901956743,-3.7146087662763773e-20,1.0023321181654887,0.12659124948312445,-4.363440062568501e-19,0.013099210720963282,0.9989570173450851,1.11479842826429e-19,0.04566045879105684,-4.2871942731074914e-20
0.256,0.011560327676236947,-3.8023587967725794e-20,1.0023583480824154,0.12837107197856612,-4.41044493830012e-19,0.013130564103547255,0.9989462061697302,1.0535558469879097e-19,0.04589637435681971,-4.4602653824120685e-20
0.258,0.011818857002847101,-3.8909203160580756e-20,1.0023846398836302,0.13015979028368477,-4.444231988224881e-19,0.013161095339266161,0.9989354200158561,8.284110429087692e-20,0.04613053910094109,-4.591910528350018e-20
0.26,0.012080972602349627,-3.980145050512016e-20,1.0024109919249222,0.13195733337905446,-4.477855570939055e-19,0.01319080452369424,0.9989246598547731,7.697446646338283e-20,0.04636295864183155,-4.559848975042732e-20
0.262,0.012346692053508823,-4.0699756863055905e-20,1.002437402562383,0.13376363048612838,-4.504823944599249e-19,0.013219691863631018,0.9989139266423863,7.113524271678496e-20,0.0465936386203901,-4.528016590714471e-20
0.264,0.01261603279377353,-4.16037683589413e-20,1.0024638701526278,0.13557861106814226,-4.535990841799882e-19,0.013247757675607987,0.9989032213192863,7.627722990957824e-20,0.04682258469959778,-4.5474246520086804e-20
0.266,0.012889012119761577,-4.251389054212873e-20,1.0024903930530136,0.13740220483099844,-4.565930075001237e-19,0.013275002384401423,0.99889254481084,8.686797243937387e-20,0.04704980256411371,-4.626737824927361e-20
0.268,0.013165647187745988,-4.343088879308792e-20,1.0025169696218532,0.13923434172413063,-4.604388408626393e-19,0.013301426521551477,0.9988818980272819,9.737381407068903e-20,0.04727529791987376,-4.808504055548656e-20
0.27,0.013445955014142889,-4.435530920064458e-20,1.0025435982186286,0.14107495194134945,-4.638345715337508e-19,0.013327030723887702,0.9988712818638068,7.509719742189561e-20,0.04749907649369176,-4.5947651442598146e-20
0.272,0.013729952476001095,-4.5285639800940875e-20,1.0025702772041991,0.14292396592166892,-4.663497231335871e-19,0.01335181573206103,0.9988606972006622,5.294205938491925e-20,0.047721144032863226,-4.347604140558851e-20
0.274,0.014017656311493324,-4.6220340157323456e-20,1.002597004941008,0.1447813143501141,-4.684214353835079e-19,0.013375782389082432,0.9988501449032422,5.819153464852548e-20,0.04794150630477164,-4.403237630326894e-20
0.276,0.014309083120409015,-4.7159608956855546e-20,1.002623779793286,0.14664692815851005,-4.708098775562601e-19,0.013398931638868277,0.9988396258221812,5.247684418626385e-20,0.04816016909649725,-4.406181492951468e-20
0.278,0.014604249364648695,-4.8102995740778965e-20,1.0026506001272508,0.1485207385262522,-4.725396003216518e-19,0.013421264524792531,0.9988291407934494,4.6789091623104134e-20,0.0483771382144284,-4.409189163714404e-20
0.28,0.014903171368719879,-4.904997996276116e-20,1.0026774643113052,0.15040267688105827,-4.743715123188084e-19,0.013442782188245865,0.9988186906384469,4.114179611460177e-20,0.04859241948387535,-4.412325896977463e-20
0.28200000000000003,0.015205865320234454,-5.000000811951994e-20,1.0027043707162318,0.15229267489970202,-4.755476411160409e-19,0.013463485867201893,0.9988082761641001,3.002819788221627e-20,0.04880601874868663,-4.4231487722792985e-20
0.28400000000000003,0.015512347270407501,-5.095231278042766e-20,1.0027313177153843,0.15419066450872887,-4.76612291644184e-19,0.01348337689479044,0.9987978981629579,1.3541688600512879e-20,0.0490179418708679,-4.3047267495468105e-20
0.28600000000000003,0.015822633134557545,-5.190562592199972e-20,1.0027583036848764,0.15609657788515338,-4.765927893842484e-19,0.013502456697878097,0.9987875574132886,-8.33023062132501e-21,0.04922819473020325,-4.1599246772235063e-20
0.28800000000000003,0.016136738692608177,-5.28585424868103e-20,1.0027853270037685,0.1580103474571392,-4.763606812948887e-19,0.013520726795656109,0.9987772546791769,-2.8195099949578254e-21,0.04943678322387904,-4.356059913030945e-20
0.29,0.016454679589591008,-5.3811215984751066e-20,1.0028123860542502,0.15993190590466125,-4.763495545250424e-19,0.0135381887982356,0.9987669907106214,2.699297122924703e-21,0.049643713266110216,-4.483218466126383e-20
0.292,0.01677647133614995,-5.476408732423145e-20,1.002839479221821,0.16186118616015022,-4.765583550707209e-19,0.01355484440525045,0.9987567662436331,8.158292553427533e-21,0.04984899078776909,-4.678379283235573e-20
0.294,0.01710212930904675,-5.57175953169719e-20,1.002866604895468,0.16379812140912,-4.769860453239597e-19,0.013570695404467604,0.9987465820003338,1.3591983111242845e-20,0.050052621736016545,-4.873057466483234e-20
0.296,0.017431668751667774,-5.667217671642e-20,1.002893761467841,0.16574264509077774,-4.776315967611242e-19,0.013585743670405121,0.998736438689055,1.9017422466750363e-20,0.05025461207393576,-5.0330305613169016e-20
0.298,0.017765104774531984,-5.762826620828433e-20,1.0029209473354241,0.16769469089861674,-4.784939729451434e-19,0.013599991162957993,0.9987263370044371,2.438302156951419e-20,0.05045496778016835,-5.2610500079706425e-20
0.3,0.018102452355800092,-5.858629642435043e-20,1.0029481608987054,0.1696541927809927,-4.795721608886986e-19,0.013613439926031742,0.9987162776275292,2.972380403563031e-20,0.05065369484855297,-5.488552085405866e-20
0.302,0.01844372634178485,-5.954669798413074e-20,1.002975400562344,0.17162108494168288,-4.808651549789456e-19,0.013626092086183959,0.998706261225889,3.5022398283260897e-20,0.05085079928776634,-5.74959752508651e-20
0.304,0.018788941447462435,-6.050989949909573e-20,1.003002664735333,0.17359530184042893,-4.823719603265481e-19,0.013637949851273794,0.998696288453683,4.0279199414229726e-20,0.05104628712096668,-6.044149355445568e-20
0.306,0.0191381122569849,-6.147611119311561e-20,1.0030299518311618,0.175576778193463,-4.836587540865578e-19,0.01364901550911954,0.9986863599517875,1.2728932356226108e-20,0.05124016438543962,-6.033100752342087e-20
0.308,0.01949125322419368,-6.244359462314929e-20,1.0030572602679744,0.17756544897401774,-4.83860976855175e-19,0.013659291426164285,0.9986764763478889,1.2773874163432274e-20,0.051432437132246496,-5.991773085373955e-20
0.31,0.01984837867313408,-6.34122071197472e-20,1.0030845884687245,0.17956124941281976,-4.847156769885801e-19,0.013668780046149721,0.9986666382565854,7.325503597557364e-21,0.05162311142587502,-5.956566189704338e-20
0.312,0.020209502798570745,-6.438151845074121e-20,1.00311193486133,0.18156411499856748,-4.84595966887015e-19,0.013677483888798355,0.9986568462794881,7.329927683484146e-21,0.051812193343892414,-6.018228018276592e-20
0.314,0.020574639666504073,-6.535149615820937e-20,1.0031392978788227,0.18357398147839274,-4.854542819572111e-19,0.013685405548503784,0.9986471010053226,1.2751819394782956e-20,0.051999688976600886,-6.245100473136967e-20
0.316,0.02094380321468752,-6.632257742415736e-20,1.0031666759594973,0.18559078485830682,-4.855549935275983e-19,0.013692547693029604,0.9986374030100308,-3.6939707076649486e-21,0.0521856044266955,-6.22038810825006e-20
0.318,0.021317007253145805,-6.729371859845647e-20,1.0031940675470554,0.18761446140363075,-4.85658980853099e-19,0.013698913062216544,0.9986277528568733,7.420721973207952e-21,0.05236994580892446,-6.133675252127021e-20
0.32,0.021694265464693933,-6.826550381984892e-20,1.00322147109075,0.1896449476394102,-4.861986854253748e-19,0.013704504466698185,0.9986181510965314,1.8536039497029164e-20,0.05255271924975172,-5.944370688339314e-20
0.322,0.022075591405457055,-6.92385858794297e-20,1.003248885045525,0.19168218035081494,-4.868472585858693e-19,0.013709324786625201,0.9986085982672094,2.1150733758424388e-21,0.052733930887021926,-5.81662620037388e-20
0.324,0.0224609985053911,-7.021191882492443e-20,1.0032763078721525,0.19372609658352327,-4.864140098567932e-19,0.013713376970398171,0.9985990948947372,-1.419179482808071e-20,0.05291358686962784,-5.620954110114545e-20
0.326,0.022850500068804167,-7.118420956951453e-20,1.0033037380373688,0.1957766336440912,-4.857694084351283e-19,0.013716664033409064,0.9985896414926729,-3.043495091105572e-20,0.05309169335717995,-5.425795836495627e-20
0.328,0.02324410927487863,-7.215435084869778e-20,1.0033311740140072,0.1978337291003068,-4.842650529487697e-19,0.01371918905679135,0.9985802385624071,-2.48287497645342e-20,0.053268256519678606,-5.587300402182512e-20
0.33,0.02364183917819395,-7.312239518111869e-20,1.0033586142811273,0.1998973207815298,-4.838526378551005e-19,0.013720955186178874,0.9985708865932605,-1.3755878158213817e-20,0.05344328253718812,-5.743336950135124e-20
0.332,0.024043702709250145,-7.408929521955464e-20,1.003386057324144,0.20196734677901645,-4.829039887831582e-19,0.013721965630473553,0.9985615860625945,-2.99629768446547e-20,0.05361677759951381,-5.478619504991372e-20
0.334,0.02444971267499189,-7.505380006937743e-20,1.003413501634952,0.20404374544622997,-4.81421881245557e-19,0.01372222366062184,0.998552337435909,-5.155020676881317e-20,0.053788747905880736,-5.1510758297636345e-20
0.336,0.024859881759333242,-7.601448393871735e-20,1.0034409457120486,0.20612645539913654,-4.793000103313634e-19,0.013721732608400039,0.9985431411669472,-3.4817847470179524e-20,0.05395919966461509,-5.2020215349984424e-20
0.338,0.025274222523682912,-7.697241590157496e-20,1.003468388060655,0.2082154155164871,-4.788137287806893e-19,0.013720495865208533,0.9985339976977985,-7.178740047929486e-21,0.0541281390928278,-5.243321962058335e-20
0.34,0.025692747407470115,-7.792948889919959e-20,1.0034958271928331,0.21031056494008496,-4.781155519512314e-19,0.01371851688087495,0.9985249074590016,-2.8941845893394195e-20,0.05429557241610041,-5.017000081644215e-20
0.342,0.026115468728670935,-7.888430473689464e-20,1.0035232616276024,0.21241184307503969,-4.7655724515017435e-19,0.013715799162466282,0.9985158708696474,-5.060203424731848e-20,0.05446150586817328,-4.79149074783618e-20
0.34400000000000003,0.026542398684335174,-7.983514737944443e-20,1.0035506898910527,0.2145191895900068,-4.741430310961811e-19,0.01371234627310998,0.9985068883374832,-7.217839222101907e-20,0.05462594569063604,-4.60100480472804e-20
0.34600000000000003,0.026973549351113665,-8.078030922591959e-20,1.0035781105164545,0.216632544417414,-4.708771187681143e-19,0.013708161830824123,0.9984979602590147,-9.361525725238782e-20,0.054788898132620306,-4.34281117434273e-20
0.34800000000000003,0.027408932685786046,-8.17183074760833e-20,1.003605522044369,0.21875184775367376,-4.671965198032569e-19,0.013703249507356616,0.9984890870196098,-8.221720221707067e-20,0.0549503694504947,-4.470934940532872e-20
0.35000000000000003,0.027848560525788917,-8.264983075194253e-20,1.003632923022753,0.22087704005938247,-4.645099955904288e-19,0.01369761302703346,0.9984802689936013,-6.534215979088645e-20,0.05511036590756207,-4.526123334371509e-20
0.352,0.028292444589744406,-8.357624944612881e-20,1.003660312007064,0.22300806205950624,-4.619471344474285e-19,0.013691256165616157,0.9984715065443904,-5.4059458530947134e-20,0.055268893773758966,-4.6191648059410547e-20
0.354,0.02874059647798908,-8.449824242787856e-20,1.003687687560361,0.22514485474355359,-4.601560682823339e-19,0.013684182749168237,0.9984628000245495,-4.8304145590945166e-20,0.0554259593253574,-4.6816133711973005e-20
0.356,0.029193027673103184,-8.54164841543433e-20,1.0037150482534052,0.22728735936573502,-4.581596322626321e-19,0.013676396652930925,0.9984541497759248,-4.2633286819134314e-20,0.05558156884466878,-4.8464724409532163e-20
0.358,0.029649749540440206,-8.633143016507693e-20,1.0037423926647555,0.22943551744510968,-4.56932233388938e-19,0.013667901800208016,0.9984455561297397,-3.164166977565468e-20,0.055735728619750104,-5.246545688143354e-20
0.36,0.030110773328656703,-8.724385742945509e-20,1.0037697193808652,0.2315892707657192,-4.553880609408474e-19,0.013658702161259901,0.9984370194066968,-4.7900594268213347e-20,0.05588844494411232,-5.1848994275910866e-20
0.362,0.03057611017024239,-8.815255585749556e-20,1.003797026996174,0.2337485613767089,-4.532039039806462e-19,0.013648801752206823,0.9984285399170809,-6.404425126054184e-20,0.05603972411643096,-5.055224924471712e-20
0.364,0.031045771082050456,-8.905624864109978e-20,1.0038243141131984,0.23591333159243646,-4.503829213728821e-19,0.013638204633941378,0.9984201179608615,-8.016898229336392e-20,0.05618957244025892,-5.028702781023758e-20
0.366,0.031519766965828096,-8.995366528971299e-20,1.003851579342621,0.23808352399256807,-4.469282741575744e-19,0.013626914911050223,0.998411753827795,-9.621714419575283e-20,0.056337996223741436,-5.0025322753378135e-20
0.368,0.031998108608747196,-9.08435416258698e-20,1.003878821303376,0.24025908142216237,-4.428431113299179e-19,0.01361493673074505,0.9984034477975268,-1.12208439860874e-19,0.05648500177933326,-5.010799925636478e-20
0.37,0.032480806683935215,-9.172461975781024e-20,1.0039060386227339,0.24243994699174218,-4.381305696137415e-19,0.013602274281802811,0.9983952001396931,-1.2810452222835102e-19,0.056630595423518,-4.985080181559136e-20
0.372,0.03296787175100615,-9.259564804965465e-20,1.0039332299363832,0.24462606407735418,-4.3279377078760694e-19,0.013588931793515233,0.9983870111140234,-1.4396386991417167e-19,0.056774783476529644,-5.028004396743785e-20
0.374,0.033459314256591655,-9.345538110562099e-20,1.0039603938885109,0.2468173763206167,-4.2683583151370087e-19,0.013574913534647596,0.9983788809704416,-1.5978677250331764e-19,0.056917572262076194,-5.139529651098084e-20
0.376,0.033955144534872216,-9.430279617175621e-20,1.0039875291318796,0.2490138276287556,-4.2069268466587613e-19,0.013560223812406817,0.9983708099491674,-1.4253641950984596e-19,0.057058968107065504,-5.164577079031288e-20
0.378,0.034455372808108384,-9.513896759573411e-20,1.0040146343279044,0.25121536217462853,-4.156638687896438e-19,0.013544866971418788,0.998362798280818,-1.1984255151535984e-19,0.057198977341333224,-5.1521693699457394e-20
0.38,0.03496000918717205,-9.596568602761245e-20,1.0040417081467259,0.25342192439673755,-4.1109462402949737e-19,0.013528847392715065,0.9983548461865085,-1.1378794689842641e-19,0.05733760629737288,-5.216326927336025e-20
0.382,0.03546906367207776,-9.67835068784938e-20,1.0040687492672824,0.2556334589992305,-4.06766097071662e-19,0.01351216949272879,0.9983469538779531,-1.0772284148056263e-19,0.05747486131006814,-5.2118182227759026e-20
0.384,0.03598254615251397,-9.759291038951434e-20,1.0040957563773796,0.2578499109518908,-4.02677092502472e-19,0.013494837722299938,0.9983391215575658,-1.0166690919234395e-19,0.057610748716427095,-5.1729755720733936e-20
0.386,0.03650046640837433,-9.839437440548895e-20,1.0041227281737581,0.260071225490116,-3.988264094681779e-19,0.013476856565689877,0.99833134941856,-9.558069135261921e-20,0.05774527485531871,-5.0315027826756405e-20
0.388,0.037022834110288845,-9.918837435769564e-20,1.00414966336216,0.2622973481148856,-3.952128323261773e-19,0.01345823053960521,0.9983236376450496,-8.944462726431866e-20,0.05787844606721141,-4.753433728303657e-20
0.39,0.03754965882015502,-9.997538322472761e-20,1.0041765606573922,0.2645282245927173,-3.91835125655748e-19,0.013438964192230899,0.9983159864121477,-8.329848738936089e-20,0.05801026869391367,-4.4074694433979195e-20
0.392,0.038080949991668875,-1.0075565509874779e-19,1.0042034187833888,0.2667638009556131,-3.8825923744730323e-19,0.013419062102272668,0.9983083958860668,-1.1020074484789985e-19,0.058140749078316775,-4.1792382589659664e-20
0.394,0.03861671697085586,-1.0152738689888627e-19,1.0042302364732707,0.26900402350099384,-3.834040987068426e-19,0.013398528878008723,0.9983008662242177,-1.152213187731667e-19,0.05826989356413959,-4.318872291866955e-20
0.396,0.03915696899660162,-1.0229001054725502e-19,1.0042570124694044,0.2712488387916238,-3.792233793292362e-19,0.0133773691563507,0.9982933975753089,-1.1472475238673476e-19,0.058397708495675486,-4.4559321419141655e-20
0.398,0.03970171520118257,-1.0304346553616992e-19,1.004283745523458,0.2734981936555244,-3.7430764428756876e-19,0.01335558760191395,0.9982859900794445,-1.1963072449346589e-19,0.05852420021754121,-4.458084778692255e-20
0.4,0.040250964610796344,-1.0378754810279739e-19,1.0043104343964553,0.27575203518587754,-3.6985110822971366e-19,0.01333318890609699,0.9982786438682232,-1.2994668522094973e-19,0.05864937507442792,-4.35978630693824e-20
0.402,0.040804726146092006,-1.0452176773839959e-19,1.0043370778588294,0.2780103107409186,-3.643366616032952e-19,0.013310177786170264,0.9982713590648357,-1.3478662637895686e-19,0.058773239410854175,-4.3280612941640724e-20
0.404,0.04136300862270003,-1.0524541945927935e-19,1.004363674690473,0.28027296794381934,-3.591751407569655e-19,0.013286558984374112,0.9982641357841627,-1.5052977031047117e-19,0.058895799570921045,-4.1978123846966446e-20
0.406,0.04192582075176206,-1.0595729562392284e-19,1.004390223680787,0.2825399546825607,-3.525255299958171e-19,0.01326233726702598,0.9982569741328727,-1.716915303916201e-19,0.0590170618980692,-4.06995322532604e-20
0.40800000000000003,0.042493171140460376,-1.0665576181966045e-19,1.0044167236287285,0.28481121910979557,-3.459101820605152e-19,0.013237517423636831,0.9982498742095177,-1.70666160965083e-19,0.059137032734838,-3.7643202893043026e-20
0.41000000000000003,0.04306506829254711,-1.0734074268822736e-19,1.0044431733428563,0.2870867096427016,-3.3900409841575356e-19,0.013212104266036723,0.9982428361046313,-1.7507870612143423e-19,0.059255718422626676,-3.3585015634025213e-20
0.41200000000000003,0.043641520608873136,-1.0801201923562541e-19,1.004469571641374,0.2893663749628244,-3.323503504251992e-19,0.01318610262750961,0.9982358599008236,-1.631604026753716e-19,0.05937312530145743,-3.256464064247725e-20
0.41400000000000003,0.04422253638791663,-1.0867045628954212e-19,1.004495917352173,0.29165016401591115,-3.2616422950009263e-19,0.013159517361937254,0.9982289456728783,-1.512784784823088e-19,0.05948925970974058,-3.120277284092812e-20
0.41600000000000004,0.0448081238263113,-1.0931698675774118e-19,1.0045222093128718,0.2939380260117343,-3.2044339113616056e-19,0.013132353342952317,0.9982220934878476,-1.3949382066316237e-19,0.059604127984041695,-3.0526405078352865e-20
0.418,0.04539829101937429,-1.0995253887894635e-19,1.0045484463708554,0.2962299104239063,-3.1518551207803185e-19,0.01310461546310056,0.9982153034051474,-1.2778558118650243e-19,0.05971773645885068,-3.019228752052165e-20
0.42,0.04599304596163359,-1.1057803626427433e-19,1.0045746273833118,0.2985257669896845,-3.103882879224109e-19,0.013076308633012134,0.9982085754766521,-1.161124056369445e-19,0.05983009146635286,-2.951431221603215e-20
0.422,0.046592396547355204,-1.1119439792326675e-19,1.004600751217268,0.30082554570976733,-3.0604941793253644e-19,0.013047437780581988,0.9982019097467891,-1.0445378947770666e-19,0.05994119933620205,-2.815165743729925e-20
0.424,0.04719635057106978,-1.1180253826500292e-19,1.0046268167496235,0.30312919684808076,-3.0216660367913665e-19,0.013018007850159271,0.9981953062526326,-9.285062543814439e-20,0.060051066395295505,-2.679046130221085e-20
0.426,0.047804915728098835,-1.1240336711053801e-19,1.0046528228671816,0.30543667093155624,-2.9873755731725805e-19,0.012988023801745846,0.9981887650239972,-8.13026065622199e-20,0.0601596989675509,-2.5430739456739276e-20
0.428,0.04841809961508056,-1.1299778971768758e-19,1.004678768466681,0.3077479187498995,-2.957600000257396e-19,0.012957490610203747,0.9981822860835313,-6.974779333339843e-20,0.06026710337368521,-2.3046779293344598e-20
0.43,0.049035909730495125,-1.1358659858196842e-19,1.004704652454824,0.3100628913553503,-2.9290705352397543e-19,0.012926413264471684,0.9981758694468092,-8.569360897210513e-20,0.06037328593099553,-2.0382797476086142e-20
0.432,0.04965835347518949,-1.1416877927162902e-19,1.0047304737483045,0.31238154006243396,-2.8942085502726705e-19,0.012894796766790456,0.998169515122424,-6.88522913871173e-20,0.060478252953141805,-2.1764758793196714e-20
0.434,0.050285438152901714,-1.147455575889867e-19,1.0047562312738334,0.3147038164477037,-2.8746800358663197e-19,0.012862646131937319,0.9981632231120792,-4.117938300391031e-20,0.060582010749931525,-2.4144957806293906e-20
0.436,0.050917170970784784,-1.1531865743480422e-19,1.004781923968163,0.31702967234947477,-2.8552495174742773e-19,0.012829966386469275,0.9981569934106801,-5.748511945005932e-20,0.06068456562710625,-2.454123105338283e-20
0.438,0.05155355903992982,-1.1588744764589677e-19,1.00480755077811,0.3193590598675501,-2.8337527430457734e-19,0.012796762567975226,0.998150826006425,-4.079548618316429e-20,0.06078592388613014,-2.5566584827302905e-20
0.44,0.052194609375888795,-1.164529236015202e-19,1.0048331106605763,0.32169193136293756,-2.8210197459120572e-19,0.012763039724336971,0.9981447208808956,-4.0519215966282576e-20,0.06088609182398025,-2.4219144963414404e-20
0.442,0.05284032889919665,-1.1701524637354077e-19,1.0048586025825694,0.324028239457559,-2.8029429762034734e-19,0.012728802912999037,0.9981386780091466,-3.473812520319459e-20,0.060985075732938814,-2.2867800234501098e-20
0.444,0.05349072443589281,-1.175749016002183e-19,1.0048840255212208,0.32636793703395095,-2.7936211487252135e-19,0.012694057200247272,0.9981326973597963,-3.443601042214034e-20,0.06108288190038736,-2.0841591196329888e-20
0.446,0.054145802718042146,-1.1813186799801062e-19,1.0049093784638023,0.3287109772349577,-2.7767741800401413e-19,0.012658807660496225,0.9981267788951147,-3.961280903156019e-20,0.06117951660860272,-1.8141194165525357e-20
0.448,0.05480557038425524,-1.1868612240935082e-19,1.0049346604077425,0.3310573134634159,-2.7665029173442813e-19,0.012623059375585248,0.998120922571113,-2.3043461362816002e-20,0.061274986134554836,-1.9525354439916902e-20
0.45,0.05547003398020804,-1.19238580342803e-19,1.0049598703606404,0.3334068993818317,-2.7595255278552926e-19,0.012586817434083259,0.9981151283376313,-6.57352849224574e-21,0.061369296749706516,-2.1245827707462894e-20
0.452,0.05613919995916092,-1.1979029592483122e-19,1.004985007340278,0.33575968891204994,-2.7569111656383823e-19,0.012550086930602191,0.9981093961384264,-2.2897148858346238e-20,0.06146245471981494,-1.9230943931836463e-20
0.454,0.05681307468247696,-1.2034022692130067e-19,1.0050100703746323,0.33811563623491553,-2.742405206037218e-19,0.012512872965119052,0.9981037259112596,-2.8169970310607073e-20,0.06155446630473508,-1.721271488348753e-20
0.456,0.05749166442013966,-1.2088794823523875e-19,1.0050350585018848,0.34047469578992745,-2.7355364301260127e-19,0.0124751806423066,0.9980981175879824,-2.2444313806887934e-20,0.06164533775822489,-1.5190140580614417e-20
0.458,0.058174975351269836,-1.214337931677372e-19,1.0050599707704306,0.3428368222748852,-2.7211141831498337e-19,0.01243701507087251,0.9980925710946237,-3.883747478524239e-20,0.06173507532775232,-1.4896888012382956e-20
0.46,0.05886301356464192,-1.2197639791031287e-19,1.0050848062388857,0.34520197064552777,-2.7035003249200367e-19,0.012398381362907138,0.9980870863514749,-6.07093753321756e-20,0.06182368525430421,-1.563628053752671e-20
0.462,0.05955578505919942,-1.2251436828863595e-19,1.005109563976093,0.3475700961151652,-2.677301082806887e-19,0.012359284633239683,0.9980816632731756,-4.95733534722535e-20,0.061911173772196924,-1.704155735511107e-20
0.464,0.06025329574456973,-1.2304844426532258e-19,1.005134243061127,0.3499411541543031,-2.664191331920283e-19,0.01231972999880284,0.998076301768798,-3.8545403090093134e-20,0.061997547108888766,-1.912462573881591e-20
0.466,0.060955551441578104,-1.2357936164054826e-19,1.005158842583298,0.35231510049025994,-2.6457116171263763e-19,0.012279722578005846,0.9980710017419318,-3.306302177589691e-20,0.062082811484794255,-2.12031937827797e-20
0.468,0.06166255788276091,-1.2410770766042905e-19,1.005183361642154,0.3546918911067772,-2.638114570608941e-19,0.012239267490115889,0.9980657630907668,-2.7598272396288047e-20,0.06216697311310012,-2.2933600843402336e-20
0.47000000000000003,0.0623743207128781,-1.2463377786299416e-19,1.0052077993474815,0.35707148224362256,-2.6218697857302507e-19,0.012198369854647846,0.9980605857081772,-3.855407945738305e-20,0.062250038199583094,-2.329456923759962e-20
0.47200000000000003,0.06309084548942481,-1.2515692842361947e-19,1.0052321548193062,0.3594538303961864,-2.608921571504375e-19,0.012157034790762276,0.998055469481804,-4.398604933892356e-20,0.06233201294242947,-2.399796306136587e-20
0.47400000000000003,0.06381213768314226,-1.2567662741568814e-19,1.0052564271878908,0.3618388923150711,-2.5873574983732926e-19,0.012115267416671701,0.9980504142941367,-5.481691821994782e-20,0.062412903532056405,-2.4018338463746443e-20
0.47600000000000003,0.0645382026785277,-1.2619202251592315e-19,1.0052806155937335,0.36422662500567404,-2.565886022380703e-19,0.01207307284905506,0.998045420022595,-7.100429267607404e-20,0.06249271615093499,-2.267205214999045e-20
0.47800000000000004,0.0652690457743436,-1.2670179695145507e-19,1.0053047191875633,0.36661698572776363,-2.5304346191142426e-19,0.012030456202480323,0.9980404865396111,-9.256532103477245e-20,0.06257145697341504,-2.0645874595209263e-20
0.48,0.066004672184126,-1.2720438784127967e-19,1.005328737130336,0.3690099319950489,-2.4951392602515e-19,0.011987422588835261,0.9980356137127085,-9.224399668010322e-20,0.06264913216555164,-2.1710598914027987e-20
0.482,0.06674508703669192,-1.2769964635446207e-19,1.0053526685932281,0.37140542157474266,-2.456750103463439e-19,0.01194397711676622,0.9980308014045834,-9.196695517226496e-20,0.0627257478849334,-2.345625249676643e-20
0.484,0.06749029537664589,-1.281875324797025e-19,1.0053765127576293,0.3738034124871183,-2.4217759444964e-19,0.011900124891125009,0.9980260494731839,-9.718462170559183e-20,0.06280131028051243,-2.5195728143410757e-20
0.486,0.06824030216488569,-1.2866768169018226e-19,1.005400268815135,0.37620386300506,-2.3793825834507203e-19,0.011855871012423733,0.9980213577717884,-1.1332093421806955e-19,0.06287582549243603,-2.6243157544773722e-20
0.488,0.0689951122791071,-1.291391906960536e-19,1.0054239359675363,0.3786067316536071,-2.336100199999082e-19,0.01181122057629758,0.9980167261490847,-1.0732167011514232e-19,0.06294929965188008,-2.593260950092407e-20
0.49,0.06975473051430771,-1.2960227935616913e-19,1.005447513426811,0.3810119772094919,-2.2951772504473074e-19,0.011766178672975483,0.9980121544492475,-1.013724321285197e-19,0.0630217388808841,-2.5963790229986284e-20
0.492,0.07051916158328987,-1.300574183879794e-19,1.0054710004151113,0.38341955870067196,-2.256602057056986e-19,0.0117207503867587,0.9980076425120165,-9.549455425666176e-20,0.06309314929218807,-2.667788344532307e-20
0.494,0.07128841011716269,-1.3050507618450615e-19,1.0054943961647511,0.38582943540585557,-2.2203630530310264e-19,0.011674940795507146,0.9980031901727716,-8.960137293897522e-20,0.06316353698907085,-2.6705767866305957e-20
0.496,0.072062480665843,-1.3094571882624945e-19,1.0055176999181936,0.3882415668540221,-2.186448651368074e-19,0.01162875497013351,0.997998797262611,-8.369300301340963e-20,0.06323290806519027,-2.6049476397284627e-20
0.498,0.07284137769855548,-1.3137981007638625e-19,1.0055409109280364,0.3906559128239361,-2.1548473006120725e-19,0.011582197974105105,0.9979944636084257,-7.787750506493636e-20,0.06330126860442498,-2.6418905663631502e-20
0.5,0.07362510560433166,-1.3180781139986833e-19,1.005564028456996,0.3930724333436555,-2.1255475726033803e-19,0.011535274862953363,0.997990189032975,-7.213293010650003e-20,0.06336862468071779,-2.747047067325357e-20
0.502,0.07441366869250811,-1.32230181990407e-19,1.0055870517778918,0.39549108869003463,-2.0985381793852305e-19,0.01148799068379099,0.9979859733549611,-6.648071762981221e-20,0.06343498235792086,-2.95449451786475e-20
0.504,0.07520707119322342,-1.3264737879833584e-19,1.0056099801736282,0.39791183938822117,-2.0738079687273338e-19,0.01144035047483668,0.9979818163891031,-6.085540402967052e-20,0.06350034768964236,-3.161440393360441e-20
0.506,0.07600531725791437,-1.330598565505166e-19,1.0056328129371772,0.4003346462111476,-2.0513458490659566e-19,0.011392359264947327,0.9979777179462104,-5.523505252516736e-20,0.06356472671909481,-3.3335679532422926e-20
0.508,0.07680841095981093,-1.3346806775676237e-19,1.0056555493715582,0.4027594701790174,-2.0311407415432416e-19,0.011344022073157798,0.9979736778332556,-4.957609940622442e-20,0.06362812547894514,-3.402607073597037e-20
0.51,0.07761635629443032,-1.338724627090872e-19,1.005678188789819,0.40518627255878575,-2.013181535798237e-19,0.011295343908228075,0.9979696958534471,-4.396585507582043e-20,0.06369054999116618,-3.5056299988460253e-20
0.512,0.07842915718006996,-1.3427348948240653e-19,1.0057007305150139,0.4076150148636347,-1.9974571940485822e-19,0.01124632976819779,0.9979657718063005,-3.838225850866336e-20,0.06375200626688993,-3.60840147085842e-20
0.514,0.07924681745829941,-1.3467159395060322e-19,1.0057231738801824,0.41004565885244354,-1.9839567379257912e-19,0.011196984639948154,0.9979619054877105,-3.2890665421835346e-20,0.0638125003062624,-3.8133904590950904e-20
0.516,0.08006934089445124,-1.3506721980375497e-19,1.005745518228326,0.4124781665292534,-1.9726693183424932e-19,0.01114731349877111,0.9979580966900204,-2.742519595709494e-20,0.0638720380982999,-4.0178886358868313e-20
0.518,0.08089673117811079,-1.354608085697438e-19,1.005767762912385,0.41491250014272735,-1.9635841432746994e-19,0.011097321307945758,0.9979543452020933,-2.1985714259875735e-20,0.06393062562074711,-4.221775940130711e-20
0.52,0.08172899192360489,-1.358527996220016e-19,1.0057899072952134,0.417348622185605,-1.9566904682125352e-19,0.011047013018321944,0.997950650809381,-1.6594014164278506e-20,0.06398826883993664,-4.4592912700854955e-20
0.522,0.08256612667048946,-1.3624363019181207e-19,1.005811950749555,0.4197864953941523,-1.951977621185655e-19,0.01099639356791104,0.9979470132939932,-1.12060604729764e-20,0.06404497371065007,-4.6620045927888916e-20
0.524,0.08340813888403599,-1.3663373538075613e-19,1.0058338926580157,0.42222608274760653,-1.949434964153723e-19,0.010945467881483756,0.9979434324347656,-5.843746858294932e-21,0.06410074617598077,-4.8641541514983486e-20
0.526,0.08425503195571696,-1.3702354816577564e-19,1.0058557324130375,0.4246673474676163,-1.9490518840074977e-19,0.010894240870175034,0.9979399080073285,-4.850808611216789e-22,0.0641555921671981,-5.0316271562772416e-20
0.528,0.08510680920369004,-1.3741349940327773e-19,1.0058774694168708,0.42711025301767686,-1.9508178047621218e-19,0.010842717431095914,0.9979364397841729,4.848108615609559e-21,0.06420951760361315,-5.1986212661149554e-20
0.53,0.08596347387328131,-1.378040178394622e-19,1.0058991030815458,0.4295547631025606,-1.954722186865085e-19,0.010790902446952345,0.9979330275347182,1.0133900168531994e-20,0.06426252839244617,-5.3993335383289436e-20
0.532,0.08682502913746712,-1.381955301180473e-19,1.0059206328288435,0.43200084166774316,-1.960754558306046e-19,0.01073880078567088,0.9979296710253779,1.541653911581121e-20,0.06431463042869537,-5.565294366287202e-20
0.534,0.08769147809735503,-1.3858846079238875e-19,1.0059420580902654,0.4344484528988248,-1.9689044813650855e-19,0.010686417300031214,0.9979263700196248,2.0696123147036024e-20,0.06436582959500733,-5.696505663047423e-20
0.536,0.0885628237826634,-1.3898323233079188e-19,1.0059633783070032,0.4368975612209471,-1.9791615318486218e-19,0.010633756827305493,0.9979231242780564,2.5972612132799752e-20,0.06441613176154896,-5.793131229710132e-20
0.538,0.08943906915219993,-1.3938026511765053e-19,1.0059845929299074,0.4393481312982057,-1.9915153132126306e-19,0.01058082418890439,0.9979199335584595,3.115783057034297e-20,0.06446554278588082,-5.992033995089266e-20
0.54,0.09032021709433895,-1.3977997746953747e-19,1.006005701419455,0.4418001280330584,-2.0059555456929863e-19,0.010527624190029837,0.9979167976158735,3.62962284441979e-20,0.06451406851283213,-6.224663867685673e-20
0.542,0.09120627042749756,-1.401827856550782e-19,1.0060267032457169,0.4442535165657286,-2.0224720226537462e-19,0.010474161619334399,0.9979137162026538,4.1410112655273765e-20,0.06456171477437715,-6.456665659333748e-20
0.544,0.09209723190061057,-1.4058910390669415e-19,1.0060475978883245,0.44670826227360516,-2.0410545927341663e-19,0.010420441248587214,0.9979106890685346,4.643325819572145e-20,0.06460848738951308,-6.790625699530915e-20
0.546,0.09299310419360422,-1.4099912806127116e-19,1.0060683848364358,0.4491643307706377,-2.0584475586698466e-19,0.010366467832346496,0.9979077159606915,2.4253719282985076e-20,0.06465439216413943,-6.67313297208217e-20
0.548,0.09389388991786869,-1.414115381403716e-19,1.0060890635887,0.45162168790672785,-2.0638380253870454e-19,0.010312246107638473,0.997904796623802,7.68159631463051e-21,0.06469943489093889,-6.523234709596536e-20
0.55,0.09479959161672939,-1.418247684126223e-19,1.0061096336532231,0.45408029976711634,-2.0670152977815674e-19,0.010257780793642793,0.9979019308001074,-8.833988200367658e-21,0.06474362134925968,-6.40806121929397e-20
0.552,0.09571021176591703,-1.4223747611170537e-19,1.0061300945475307,0.45654013267176624,-2.059338693992039e-19,0.010203076591384256,0.9978991182294725,-2.5249231908947414e-20,0.06478695730499924,-6.259219201376013e-20
0.554,0.09662575277403643,-1.4264846908157594e-19,1.0061504457985322,0.4590011531747423,-2.050593522919961e-19,0.010148138183430912,0.9978963586494463,-3.610628531973353e-20,0.06482944851048951,-6.11218244388677e-20
0.556,0.09754621698303412,-1.4305706532017458e-19,1.0061706869424836,0.46146332806358636,-2.0353739219518022e-19,0.010092970233598371,0.9978936517953204,-3.6004983878265884e-20,0.06487110070438362,-6.070814491684073e-20
0.558,0.09847160666866465,-1.434630547510751e-19,1.0061908175249494,0.46392662435868876,-2.0245254176271099e-19,0.010037577386660413,0.9978909974001885,-3.590405867732237e-20,0.06491191961154393,-6.029541341727084e-20
0.56,0.09940192404095569,-1.4386644393385838e-19,1.0062108371007645,0.46639100931265626,-2.0093714027718237e-19,0.009981964268065665,0.9978883951950037,-3.578151337647904e-20,0.06495191094293157,-5.954207999969068e-20
0.562,0.10033717124467174,-1.4426734756795207e-19,1.006230745233995,0.4688564504096762,-1.9996698948329013e-19,0.009926135483660448,0.997885844908637,-3.021072557092199e-20,0.06499108039549742,-5.948894391217313e-20
0.5640000000000001,0.10127735035977678,-1.4466595232785964e-19,1.0062505414978984,0.4713229153648771,-1.9856605299131067e-19,0.00987009561941768,0.9978833462679336,-4.1021886654845796e-20,0.06502943365207442,-5.768306358155582e-20
0.5660000000000001,0.1022224634018954,-1.450617229814186e-19,1.006270225474885,0.47379037212368513,-1.9727738464000126e-19,0.009813849241171757,0.9978808989977699,-2.9999881121644833e-20,0.06506697638127137,-5.867612999335023e-20
0.5680000000000001,0.10317251232277282,-1.4545535257126504e-19,1.0062897967564757,0.4762587888611781,-1.9642464408246035e-19,0.009757400894359426,0.9978785028211087,-1.8985594986817792e-20,0.06510371423736808,-5.898124562485115e-20
0.5700000000000001,0.10412749901073347,-1.4584771079438244e-19,1.0063092549432617,0.478728133981435,-1.960056735250426e-19,0.009700755103766506,0.9978761574590553,-8.023474965165395e-21,0.0651396528602119,-5.92831130856359e-20
0.5720000000000001,0.10508742529113843,-1.4623966304032084e-19,1.0063285996448634,0.4811983761168825,-1.9601832384843658e-19,0.009643916373280501,0.9978738626309119,2.908970641960879e-21,0.06517479787511565,-5.92406303640226e-20
0.5740000000000001,0.1060522929268414,-1.4663207040894588e-19,1.0063478304798872,0.4836694841276384,-1.964604548071989e-19,0.009586889185648997,0.9978716180542317,1.3789615669383836e-20,0.065209154892757,-5.919656230587461e-20
0.5760000000000001,0.10702210361864345,-1.4702578973059381e-19,1.0063669470758838,0.48614142710085123,-1.9732993741485854e-19,0.00952967800224379,0.9978694234448731,2.4574093626660203e-20,0.06524272950907904,-5.98339827260952e-20
0.578,0.10799685900574643,-1.4742167358983538e-19,1.0063859490693055,0.4886141743500371,-1.986246549432335e-19,0.00947228726283073,0.9978672785170518,3.532974363062587e-20,0.06527552730519239,-6.012671253756623e-20
0.58,0.10897656066620501,-1.4782057034817802e-19,1.0064048361054616,0.49108769541441294,-2.0034250037022434e-19,0.00941472138534515,0.9978651829833944,4.598964222181534e-20,0.06530755384727852,-6.11013744270076e-20
0.582,0.10996121011737742,-1.4822332416511098e-19,1.006423607838476,0.4935619600582269,-2.0248137998492032e-19,0.009356984765672956,0.9978631365549899,5.653182328975999e-20,0.06533881468649459,-6.309830044663936e-20
0.584,0.11095080881637485,-1.4863077502732602e-19,1.0064422639312416,0.4960369382700856,-2.0503921394415785e-19,0.009299081777437183,0.997861138941441,6.702383970820823e-20,0.06536931535887944,-6.508929316868499e-20
0.586,0.11194535816050952,-1.4904375877250803e-19,1.0064608040553762,0.49851260026227834,-2.0801393244802992e-19,0.009241016771790053,0.9978591898509155,7.75107315519253e-20,0.065399061385261,-6.639011689085107e-20
0.588,0.11294485948774129,-1.4946310710555094e-19,1.0064792278911774,0.5009889164700982,-2.114034725181383e-19,0.009182794077210493,0.9978572889901959,8.799263402573753e-20,0.06542805827116506,-6.700201482318742e-20
0.59,0.11394931407712305,-1.4988964761240513e-19,1.006497535127577,0.5034658575511607,-2.1520577775658513e-19,0.00912441799930696,0.9978554360647302,9.851446039968681e-20,0.06545631150672529,-6.624318271686249e-20
0.592,0.11495872314924468,-1.503242037704332e-19,1.0065157254620944,0.5059433943847188,-2.1941879589382893e-19,0.009065892820625657,0.9978536307786802,1.0903139227722604e-19,0.06548382656659461,-6.479992371377121e-20
0.594,0.11597308786667562,-1.5076759495915366e-19,1.0065337986007916,0.5084214980709757,-2.240404826203627e-19,0.009007222800463998,0.9978518728349706,1.1945384472656396e-19,0.06551060890985784,-6.404158026984588e-20
0.596,0.11699240933440605,-1.512206364814809e-19,1.0065517542582252,0.510900139930395,-2.2906880496690385e-19,0.008948412174689247,0.9978501619353369,1.298494081706569e-19,0.06553666397994563,-6.294198111594865e-20
0.598,0.11801668860028677,-1.516841395826142e-19,1.0065695921574003,0.5133792915030071,-2.345017380275195e-19,0.008889465155562385,0.9978484977803739,1.4024066146072694e-19,0.06556199720454976,-6.116042693927225e-20
0.6,0.11904592665546763,-1.5215891146648993e-19,1.0065873120297224,0.5158589245477146,-2.4033726630175047e-19,0.008830385931567077,0.9978468800695818,1.5056043473750776e-19,0.06558661399553964,-5.97235126850204e-20
0.602,0.12008012443483455,-1.5264575531646554e-19,1.0066049136149506,0.5183390110415936,-2.4657338386925945e-19,0.00877117866724367,0.9978453085014131,1.6085390540804642e-19,0.06561051974888006,-5.794699064557837e-20
0.604,0.12111928281744519,-1.5314547031292586e-19,1.0066223966611485,0.520819523179193,-2.532080940143122e-19,0.008711847503028235,0.9978437827733184,1.7112128227827945e-19,0.06563371984455034,-5.583127391945548e-20
0.606,0.12216340262696318,-1.5365885165145519e-19,1.0066397609246365,0.5233004333718314,-2.6023940844924655e-19,0.008652396555096569,0.9978423025817925,1.8140773839019977e-19,0.06565621964646459,-5.269292836945986e-20
0.608,0.12321248463209096,-1.5418658237405503e-19,1.0066570061699427,0.5257817142468915,-2.673407939301219e-19,0.008592829915213054,0.9978408676224186,1.696503879922541e-19,0.06567802450239331,-4.982950036724793e-20
0.61,0.12426652954700121,-1.547278278320205e-19,1.0066741321697548,0.5282633386471117,-2.7386278451723043e-19,0.008533151650584462,0.9978394775899135,1.6876850724843272e-19,0.0656991397438862,-4.974697112789745e-20
0.612,0.12532553803176683,-1.5528240677391614e-19,1.0066911387048696,0.530745279629876,-2.8056603546701466e-19,0.008473365803718458,0.9978381321781706,1.5146564640761043e-19,0.06571957068619627,-4.858261503952462e-20
0.614,0.12638951069278953,-1.558489844802296e-19,1.0067080255641443,0.533227510466501,-2.8593421220392595e-19,0.008413476392286956,0.997836831080304,1.3967047907685298e-19,0.06573932262820503,-4.8467970457791107e-20
0.616,0.12745844808322698,-1.5642673712205134e-19,1.0067247925444467,0.5357100046415204,-2.9181354663450534e-19,0.00835348740899412,0.9978355739886908,1.38817984833994e-19,0.06575840085234914,-5.010298158019334e-20
0.618,0.12853235070341856,-1.570153871365936e-19,1.0067414394506047,0.5381927358519687,-2.9690381666876613e-19,0.008293402821449018,0.9978343605950142,1.270183051740866e-19,0.06577681062454803,-5.135604651107684e-20
0.62,0.12961121900130956,-1.576146226945341e-19,1.006757966095356,0.5406756780066606,-3.0239928378579717e-19,0.008233226572042888,0.9978331905903043,1.3728895097066515e-19,0.06579455719413291,-5.165540892211193e-20
0.622,0.13069505337287413,-1.5822481893373608e-19,1.0067743722992983,0.54315880522547,-3.0775599315108725e-19,0.008172962577830971,0.9978320636649801,1.3663707730435592e-19,0.06581164579377687,-5.020574138286329e-20
0.624,0.13178385416253655,-1.588458430874257e-19,1.0067906578908377,0.545642091838606,-3.131911595720019e-19,0.008112614730418794,0.9978309795088904,1.2495695864364297e-19,0.06582808163942627,-4.940453284307273e-20
0.626,0.13287762166359127,-1.5947684144645164e-19,1.0068068227061375,0.5481255123858872,-3.1773056331578325e-19,0.008052186895852978,0.9978299378113533,1.1330958758484917e-19,0.06584386993023326,-4.89494488416167e-20
0.628,0.13397635611862138,-1.6011692852359002e-19,1.0068228665890682,0.5506090416160141,-3.223524486836049e-19,0.007991682914516343,0.9978289382611968,1.1271685010468873e-19,0.0658590158484895,-4.853634194335219e-20
0.63,0.1350800577199156,-1.607659451735672e-19,1.006838789391155,0.5530926544858388,-3.2673236266622715e-19,0.007931106601027476,0.9978279805467973,1.1218500393234736e-19,0.06587352455956096,-4.744139636900629e-20
0.632,0.13618872660988396,-1.6142402219519355e-19,1.0068545909715263,0.5555763261596338,-3.3141275285280603e-19,0.007870461744144502,0.9978270643561192,1.1713608606438294e-19,0.06588740121182415,-4.636759075193286e-20
0.634,0.13730236288147177,-1.6209139783644742e-19,1.0068702711968622,0.5580600320083584,-3.3606689090141606e-19,0.007809752106673157,0.9978261893767525,1.2751195104689009e-19,0.06590065093660323,-4.599838075717314e-20
0.636,0.13842096657857234,-1.627689573900997e-19,1.0068858299413426,0.560543747608923,-3.4166837957321195e-19,0.007748981425379038,0.9978253552959507,1.432513070554952e-19,0.06591327884810837,-4.6672790934349535e-20
0.638,0.13954453769643813,-1.6345783366823741e-19,1.0069012670865944,0.5630274487434525,-3.4713069533115164e-19,0.0076881534109040275,0.9978245618006683,1.316982458935266e-19,0.06592529004337531,-4.348485043696032e-20
0.64,0.14067307618209043,-1.6415717099551484e-19,1.00691658252164,0.5655111113985466,-3.5212979360531923e-19,0.007627271747686788,0.9978238085775971,1.2024539737947112e-19,0.06593668960220607,-3.9622946850742204e-20
0.642,0.14180658193472762,-1.6486626158246297e-19,1.006931776142844,0.5679947117645401,-3.571006854067102e-19,0.00756634009388732,0.9978230953132031,1.4151300810676213e-19,0.06594748258711064,-4.033452018778597e-20
0.644,0.14294505480613182,-1.6558645655985547e-19,1.0069468478538612,0.5704782262347599,-3.631253374962071e-19,0.007505362081315538,0.9978224216937618,1.405488000813408e-19,0.06595767404325,-4.3355175729031174e-20
0.646,0.14408849460107417,-1.6631791067851647e-19,1.0069617975655836,0.5729616314047813,-3.682517529727368e-19,0.007444341315363783,0.9978217874053935,1.341761842617126e-19,0.0659672689983801,-4.5325093436927535e-20
0.648,0.14523690107771858,-1.6705994988078166e-19,1.0069766251960874,0.5754449040716828,-3.73674554468153e-19,0.007383281374943259,0.9978211921340987,1.2785599697449265e-19,0.06597627246279707,-4.6949884926705934e-20
0.65,0.14639027394802404,-1.67811902478226e-19,1.0069913306705804,0.5779280212332987,-3.7830958634191314e-19,0.007322185812424294,0.9978206355657915,1.2145246668653426e-19,0.06598468942928347,-5.028103925276017e-20
0.652,0.14754861287814525,-1.6857385640322355e-19,1.007005913921348,0.5804109600874708,-3.8378417269515826e-19,0.007261058153580454,0.9978201173863344,1.4246416899266083e-19,0.06599252487305562,-5.472948095151878e-20
0.654,0.148711917488832,-1.6934694595465016e-19,1.0070203748877011,0.5828936980312986,-3.892281832444242e-19,0.007199901897536388,0.9978196372815712,1.307102818247987e-19,0.06599978375171212,-5.4599875909541e-20
0.656,0.14988018735582692,-1.7013045999741725e-19,1.0070347135159217,0.5853762126603875,-3.9420902973701082e-19,0.007138720516719415,0.9978191949373599,1.190798080316887e-19,0.06600647100518334,-5.3447149368469216e-20
0.658,0.15105342201026173,-1.7092347448647406e-19,1.00704892975921,0.5878584817680963,-3.987289932683496e-19,0.0070775174568147425,0.9978187900396054,1.0754970010223637e-19,0.06601259155568208,-5.161562482960561e-20
0.66,0.15223162093905196,-1.7172506992725546e-19,1.0070630235776308,0.5903404833447831,-4.0279034350565894e-19,0.007016296136724331,0.997818422274291,9.607440696059954e-20,0.06601815030765525,-4.978991380474674e-20
0.662,0.1534147835852902,-1.7253433135379056e-19,1.00707699493806,0.5928221955770497,-4.063953393589316e-19,0.006955059948529329,0.9978180913275106,8.465364395258419e-20,0.06602315214773663,-4.7970392721882694e-20
0.664,0.1546029093486379,-1.733503483073393e-19,1.0070908438141308,0.5953035968469855,-4.09546229250976e-19,0.006893812257456048,0.9978177968854993,7.319669152772242e-20,0.06602760194470073,-4.7524282177214593e-20
0.666,0.1557959975857155,-1.741722148161623e-19,1.00710457018618,0.5977846657314089,-4.1224525179017097e-19,0.0068325564018453635,0.9978175386346642,6.174868258522338e-20,0.06603150454941761,-4.776570054708007e-20
0.668,0.15699404761049118,-1.7499902937555317e-19,1.0071181740411939,0.6002653810011085,-4.1449463523910877e-19,0.0067712956931256325,0.9978173162616143,5.037736914214389e-20,0.06603486479480886,-4.7666857086666586e-20
0.67,0.15819705869466802,-1.7582989492653004e-19,1.0071316553727547,0.6027457216200831,-4.162965971985796e-19,0.006710033415788936,0.9978171294531908,3.9014643426166536e-20,0.0660376874958045,-4.825306880926367e-20
0.672,0.15940503006806966,-1.7666391883495156e-19,1.0071450141809872,0.6052256667447801,-4.176533447415256e-19,0.006648772827370695,0.9978169778964954,2.7728131479970936e-20,0.06603997744930107,-4.849857765729785e-20
0.674,0.16061796091902447,-1.775002128700317e-19,1.0071582504725038,0.6077051957233333,-4.1856707424825637e-19,0.006587517158432548,0.9978168612789199,1.6472321048583944e-20,0.06604173943412052,-4.908719317751831e-20
0.676,0.16183585039474807,-1.7833789318323536e-19,1.007171364260351,0.6101842880947992,-4.1903997159190274e-19,0.006526269612548541,0.9978167792881741,5.201753304848038e-21,0.06604297821097038,-5.070191453499509e-20
0.678,0.16305869760172453,-1.791761884707921e-19,1.0071843555639557,0.6126629235883928,-4.193987624811582e-19,0.006465033366294456,0.9978167316123142,1.60250635107344e-20,0.06604369852240473,-5.136991152434899e-20
0.68,0.16428650160608585,-1.8001606186998073e-19,1.0071972244090708,0.6151410821227221,-4.2050947585688973e-19,0.006403811569240364,0.9978167179397699,2.682928366070703e-20,0.06604390509278629,-5.13507612595947e-20
0.682,0.16551926143398998,-1.8085818367268485e-19,1.0072099708277211,0.6176187438050218,-4.217189518773937e-19,0.0063426073439462535,0.9978167379593715,4.307561587936012e-20,0.06604360262824951,-5.1350160450249407e-20
0.684,0.16675697607199733,-1.8170390486922023e-19,1.0072225948581501,0.6200958889303859,-4.2410836393843973e-19,0.006281423785960752,0.9978167913603767,6.476094720824317e-20,0.0660427958166646,-5.102530817731602e-20
0.686,0.1679996444674457,-1.8255457021162505e-19,1.007235096544765,0.6225724979809999,-4.264822029897104e-19,0.006220263963822854,0.9978168778324966,5.335196837264499e-20,0.06604148932760251,-5.126152875929079e-20
0.6880000000000001,0.16924726552882371,-1.834095348143286e-19,1.0072474759380827,0.6250485516253717,-4.284079783515823e-19,0.006159130919066699,0.9978169970659215,4.1996866098538595e-20,0.06603968781230106,-5.149940071653228e-20
0.6900000000000001,0.1704998381261427,-1.8426790476074135e-19,1.007259733094677,0.6275240307175618,-4.298878991433336e-19,0.006098027666229194,0.9978171487513464,3.076330043662746e-20,0.06603739590363188,-5.071276045393411e-20
0.6920000000000001,0.17175736109130696,-1.851287905422087e-19,1.0072718680771233,0.6299989162964132,-4.3092416426875686e-19,0.0060369571928606015,0.9978173325799956,1.9650888775114356e-20,0.06603461821606837,-4.8903617408694856e-20
0.6940000000000001,0.17301983321848266,-1.859913070378293e-19,1.0072838809539448,0.63247318958478,-4.3151896245817923e-19,0.005975922459537995,0.9978175482436479,8.546103377916681e-21,0.06603135934565468,-4.7783543344868064e-20
0.6960000000000001,0.174287253264465,-1.8685457349358932e-19,1.0072957717995596,0.6349468319887553,-4.3167447192050726e-19,0.00591492639988149,0.9978177954346599,-2.5286254489644485e-21,0.0660276238699755,-4.700978796701213e-20
0.6980000000000001,0.175559619949044,-1.87717713501416e-19,1.0073075406942256,0.6374198250968991,-4.3139286036835284e-19,0.005853971920573244,0.9978180738459901,-1.3550868216842924e-20,0.06602341634812699,-4.6239602968915365e-20
0.7000000000000001,0.17683693195536862,-1.8857985497821652e-19,1.0073191877239873,0.6398921506794649,-4.30676285046195e-19,0.005793061901379224,0.9978183831712222,-2.4588720638700574e-20,0.06601874132068843,-4.649830213179423e-20
0.7020000000000001,0.1781191879303093,-1.8944013014458332e-19,1.007330712980622,0.6423637906876262,-4.295268922648736e-19,0.005732199195173625,0.9978187231045879,-3.5642332189443657e-20,0.06601360330969504,-4.778424296844069e-20
0.704,0.17940638648481913,-1.902976755025044e-19,1.0073421165615852,0.6448347272527017,-4.2794681726567447e-19,0.005671386627965969,0.9978190933409894,-4.664395469616082e-20,0.06600800681861156,-4.9069640409811155e-20
0.706,0.18069852619429336,-1.9115163181395085e-19,1.0073533985699585,0.6473049426853814,-4.259381847129515e-19,0.005610626998930751,0.9978194935760216,-5.766161520908709e-20,0.06600195633230682,-5.1379008709616087e-20
0.708,0.1819956055989273,-1.920013604472878e-19,1.0073645591143945,0.6497744194749503,-4.239358444974891e-19,0.005549923080439743,0.9978199235059938,-4.1251826449067356e-20,0.06599545631702923,-5.515196124817549e-20
0.71,0.1832976232040728,-1.9284802911536047e-19,1.0073755983090638,0.6522431402885134,-4.228055778929354e-19,0.005489277618096719,0.9978203828279505,-2.4716768360386325e-20,0.0659885112203831,-5.583612026787427e-20
0.712,0.18460457748059306,-1.9369265565774992e-19,1.0073865162736015,0.654711087970219,-4.217849332618917e-19,0.005428693330774725,0.9978208712396931,-2.999727687092989e-20,0.06598112547130602,-5.267505611637421e-20
0.714,0.18591646686521598,-1.945350252693532e-19,1.007397313133054,0.6571782455404827,-4.2054881812156937e-19,0.0053681729106557835,0.9978213884397998,-3.5252295329759354e-20,0.06597330348004697,-4.952233065929233e-20
0.716,0.1872332897608859,-1.95374708076649e-19,1.0074079890178251,0.6596445961952095,-4.1909829915154485e-19,0.005307719023272963,0.9978219341276464,-4.048194456816152e-20,0.06596504963814544,-4.6377917657320556e-20
0.718,0.18855504453711383,-1.9621127633460813e-19,1.0074185440636232,0.662110123305018,-4.1743443839482507e-19,0.005247334307554881,0.9978225080034255,-4.566372962773791e-20,0.06595636831841138,-4.289987667039125e-20
0.72,0.18988172953032603,-1.9704430441806143e-19,1.0074289784114077,0.6645748104144611,-4.1555829344652306e-19,0.00518702137587247,0.9978231097681661,-5.082039771895473e-20,0.06594726387490607,-3.9430502223226646e-20
0.722,0.1912133430442112,-1.9787336881245906e-19,1.0074392922073365,0.6670386412412496,-4.1347091749784125e-19,0.0051267828140880356,0.9978237391237527,-5.590694356111389e-20,0.06593774064292375,-3.528715283410234e-20
0.724,0.19254988335006593,-1.986981562901684e-19,1.0074494856027127,0.6695015996754731,-4.113897286154259e-19,0.005066621181606597,0.9978243957729437,-3.9221725260422783e-20,0.0659278029389743,-3.465237610278512e-20
0.726,0.1938913486871387,-1.9951968926493156e-19,1.007459558753932,0.6719636697788224,-4.102880201595807e-19,0.005006539011429386,0.9978250794193901,-2.808596268294465e-20,0.0659174550607666,-3.365463297418426e-20
0.728,0.19523773726297233,-2.0033916490923025e-19,1.0074695118224293,0.6744248357838105,-4.091878077523805e-19,0.004946538810209562,0.9978257897676535,-1.7002678839776918e-20,0.06590670128719292,-3.2657520643585194e-20
0.73,0.19658904725374485,-2.011571989999979e-19,1.0074793449746269,0.6768850820929943,-4.089543943300027e-19,0.004886623058310031,0.9978265265232227,-6.026432456670695e-21,0.06589554587831395,-3.26872480662865e-20
0.732,0.1979452768046088,-2.0197476458526352e-19,1.0074890583818814,0.6793443932781954,-4.0861086141203656e-19,0.0048267942098633365,0.9978272893925323,-5.598147017414551e-22,0.06588399307534486,-3.2355177762136907e-20
0.734,0.19930642403002893,-2.0279211034346239e-19,1.0074986522204314,0.6818027540797218,-4.0880652113539667e-19,0.004767054692833678,0.9978280780829788,-6.12224461487036e-22,0.06587204710064208,-3.200293705252257e-20
0.736,0.20067248701411847,-2.0360962707993596e-19,1.0075081266713455,0.6842601494055884,-4.0878175653310763e-19,0.004707406909080873,0.9978288923029371,1.0286637975144085e-20,0.065859712157691,-3.203106933951503e-20
0.738,0.2020434638109737,-2.0442788459171992e-19,1.00751748192047,0.6867165643307387,-4.0951098109025442e-19,0.004647853234426362,0.9978297317617769,2.1124320946096415e-20,0.06584699243109438,-3.2400214199091025e-20
0.74,0.20341935244500714,-2.0524759377310143e-19,1.0075267181583765,0.6891719840962648,-4.1012481775631393e-19,0.004588396018721094,0.9978305961698786,1.0172952298878704e-20,0.0658338920865617,-2.892847781133758e-20
0.742,0.2048001509112789,-2.0606830727901497e-19,1.0075358355803108,0.6916263941086295,-4.1062383917398007e-19,0.004529037585915392,0.9978314852386483,2.6446940962222048e-20,0.0658204152708992,-3.000676230822618e-20
0.744,0.20618585717582674,-2.0689087867154976e-19,1.0075448343861404,0.6940797799388867,-4.119822813183685e-19,0.0044697802341306615,0.9978323986805334,3.1715299628642845e-20,0.06580656611200086,-3.035948453646392e-20
0.746,0.2075764691759945,-2.0771590479720532e-19,1.0075537147803038,0.6965321273219027,-4.131143836179035e-19,0.004410626235732902,0.9978333362090378,3.690068675053362e-20,0.06579234871884004,-3.139232646017646e-20
0.748,0.20897198482075893,-2.0854387101493148e-19,1.007562476971758,0.6989834221555775,-4.1488606250988615e-19,0.004351577837408119,0.9978342975387354,4.2138529436546975e-20,0.06577776718146201,-3.105378990740644e-20
0.75,0.2103724019910549,-2.0937504332639634e-19,1.0075711211739278,0.7014336505000661,-4.163203152986497e-19,0.004292637260239371,0.997835282385285,3.6455376886855535e-20,0.06576282557097723,-2.930975663482206e-20
0.752,0.21177771854009922,-2.1020928921823833e-19,1.007579647604655,0.7038827985770002,-4.1785155224123406e-19,0.004233806699785675,0.9978362904654438,3.625712960775555e-20,0.06574752793955545,-2.7930469976878164e-20
0.754,0.21318793229371277,-2.110463327773838e-19,1.007588056486147,0.7063308527687094,-4.192622403119914e-19,0.004175088326162538,0.9978373214970813,4.7046600722853106e-20,0.06573187832042049,-2.6591609491546076e-20
0.756,0.21460304105064115,-2.118869437538945e-19,1.0075963480449257,0.7087777996174439,-4.2131045091545824e-19,0.0041164842841241904,0.997838375199192,4.1260513014669915e-20,0.06571588072784594,-2.5881928617333067e-20
0.758,0.21602304258287375,-2.127308789217093e-19,1.0076045225117773,0.7112236258245959,-4.226947994796626e-19,0.004057996693147411,0.9978394512919089,4.6488417373688955e-20,0.06569953915715146,-2.521159780470166e-20
0.76,0.21744793463596118,-2.13578437401232e-19,1.0076125801217022,0.713668318249922,-4.2493368732867025e-19,0.003999627647517011,0.9978405494965155,5.172720431743064e-20,0.06568285758469995,-2.420100327046746e-20
0.762,0.2188777149293313,-2.1443006170448123e-19,1.0076205211138636,0.7161118639107668,-4.2672431521833527e-19,0.003941379216412816,0.9978416695354583,5.697345378989191e-20,0.06566583996789543,-2.250732693113734e-20
0.764,0.2203123811566036,-2.1528601126138914e-19,1.0076283457315385,0.7185542499812846,-4.292587823170621e-19,0.003883253443998225,0.9978428111323588,5.125370139150666e-20,0.06564849024518168,-2.009726311500027e-20
0.766,0.221751930985902,-2.161459667951226e-19,1.007636054222067,0.7209954637916636,-4.3058622618265297e-19,0.0038252523495102522,0.9978439740120253,3.4484971654867084e-20,0.06563081233604162,-1.9024722009830407e-20
0.768,0.22319636206016627,-2.1700867370034706e-19,1.007643646836803,0.7234354928273492,-4.3211886443032783e-19,0.003767377927351054,0.9978451579004638,3.420795195987548e-20,0.06561281014099742,-1.9037638960172703e-20
0.77,0.22464567199746155,-2.1787385685207413e-19,1.0076511238310646,0.7258743247282683,-4.329905276502216e-19,0.0037096321471808574,0.9978463625248897,3.402560227626275e-20,0.06559448754161129,-1.8026922775823702e-20
0.772,0.22609985839128677,-2.1874127960855274e-19,1.0076584854640842,0.7283119472880535,-4.342863527957387e-19,0.0036520169540123224,0.9978475876137379,1.2051132526402913e-20,0.06557584840048711,-1.421245459702622e-20
0.774,0.2275589188108811,-2.196097687074942e-19,1.0076657319989597,0.730748348453268,-4.340575621680118e-19,0.00359453426830626,0.9978488328966741,1.1952052417177434e-20,0.06555689656127266,-1.355820406057271e-20
0.776,0.22902285080152918,-2.204789515017503e-19,1.0076728637026058,0.7331835163226311,-4.350162008834489e-19,0.003537185986068724,0.9978500981046042,1.7359742680350733e-20,0.06553763584866264,-1.2924285349193363e-20
0.778,0.23049165188486456,-2.213492502976387e-19,1.0076798808457044,0.7356174391462442,-4.354259204003661e-19,0.003479973978949343,0.9978513829696846,2.829310501807568e-20,0.06551807006840234,-1.1626252142865607e-20
0.78,0.23196531955917174,-2.2222177158160603e-19,1.0076867837026566,0.7380501053248166,-4.371303356610748e-19,0.0034229000943410103,0.9978526872253318,3.368526667156229e-20,0.06549820300729202,-1.0655161536243937e-20
0.782,0.23344385129968656,-2.2309682641073744e-19,1.0076935725515344,0.7404815034088928,-4.379593001960999e-19,0.003365966155480766,0.9978540106062318,3.9029689441028664e-20,0.06547803843319205,-1.0027488878107621e-20
0.784,0.2349272445588952,-2.2397465173853383e-19,1.0077002476740315,0.7429116220980799,-4.398646928888235e-19,0.0033091739615519504,0.9978553528483491,3.889109283957372e-20,0.06545758009502864,-9.04235943677449e-21
0.786,0.2364154967668314,-2.2485548344310456e-19,1.007706809355417,0.7453404502402752,-4.410016609764538e-19,0.003252525287787488,0.9978567136889356,4.970450708207738e-20,0.06543683172280035,-8.43418498515289e-21
0.788,0.23790860533137242,-2.2574002495983383e-19,1.0077132578844856,0.7477679768308951,-4.435381075146926e-19,0.003196021885574379,0.9978580928665389,6.037723281009672e-20,0.06541579702758515,-9.192699634195809e-21
0.79,0.23940656763853313,-2.2662883158468106e-19,1.0077195935535117,0.7501941910121046,-4.450861216390107e-19,0.003139665482559294,0.997859490121011,3.821916914859781e-20,0.06539447970154832,-7.112038994637256e-21
0.792,0.2409093810527589,-2.275205803777204e-19,1.007725816658201,0.7526190820720463,-4.46625305454819e-19,0.0030834577827553097,0.997860905193516,3.2367622562907874e-20,0.06537288341795086,-9.53589633090031e-21
0.794,0.24241704291721666,-2.2841474960426034e-19,1.0077319274976437,0.7550426394440717,-4.475067303937902e-19,0.0030274004666496586,0.997862337826538,2.1049942070942075e-20,0.06535101183115866,-1.1938403363635563e-20
0.796,0.24392955055408466,-2.2931067637376557e-19,1.0077379263742678,0.7574648527059719,-4.484914688849369e-19,0.0029714951913125884,0.9978637877638884,3.188332976470134e-20,0.06532886857665224,-1.269360210228245e-20
0.798,0.2454469012648405,-2.302090003263434e-19,1.007743813593792,0.7598857115792097,-4.499035748558886e-19,0.0029157435905071863,0.9978652547507134,4.264295969994762e-20,0.06530645727103727,-1.378726858873845e-20
0.8,0.24696909233054776,-2.3111057408285475e-19,1.007749589465179,0.7623052059281524,-4.517409356608049e-19,0.002860147274800234,0.9978667385335009,5.3329093880734274e-20,0.06528378151205563,-1.521901714889836e-20
0.802,0.24849612101214097,-2.320162460475981e-19,1.0077552543005899,0.764723325759305,-4.540014470615194e-19,0.002804707831674002,0.9978682388600871,6.391965990873891e-20,0.0652608448785971,-1.7329581799334174e-20
0.804,0.25002798455070924,-2.3292686042419563e-19,1.0077608084153378,0.7671400612205441,-4.566830129678825e-19,0.002749426825638994,0.9978697554796632,7.448209108154525e-20,0.06523765093071171,-1.9091572232383873e-20
0.806,0.25156468016777805,-2.3384325723455177e-19,1.0077662521278417,0.7695554026003534,-4.597835482180457e-19,0.0026943057983475674,0.9978712881427815,8.508366848367692e-20,0.06521420320962279,-1.9480033857393396e-20
0.808,0.2531062050655899,-2.347662723437994e-19,1.0077715857595813,0.7719693403270589,-4.633009813072619e-19,0.0026393462687085137,0.9978728366013618,9.561274765433905e-20,0.06519050523774053,-2.020708389090933e-20
0.81,0.2546525564273831,-2.3569673748428915e-19,1.0077768096350512,0.774381864968066,-4.672332503151392e-19,0.002584549733002393,0.9978744006086967,1.0606954997044176e-19,0.06516656051867617,-2.1272740510776697e-20
0.812,0.2562037314176693,-2.3663548027337347e-19,1.0077819240817165,0.7767929672290967,-4.715783021539941e-19,0.0025299176649977925,0.9978759799194574,1.1647669478885645e-19,0.06514237253725692,-2.2334279215670788e-20
0.8140000000000001,0.25775972718250906,-2.3758332423117e-19,1.007786929429967,0.7792026379534279,-4.763340927754577e-19,0.0024754515160683287,0.9978775742896988,1.2681214001152151e-19,0.06511794475954136,-2.3732843397264854e-20
0.8160000000000001,0.2593205408497867,-2.385410887987417e-19,1.0077918260130734,0.7816108681211308,-4.814985868876325e-19,0.0024211527153104474,0.997879183476865,1.3707616384384994e-19,0.06509328063283543,-2.546764458630017e-20
0.8180000000000001,0.26088616952948257,-2.395095893549159e-19,1.007796614167142,0.7840176488483108,-4.870697579818408e-19,0.0023670226696620032,0.997880807239794,1.4733592209198966e-19,0.06506838358570914,-2.65129035665707e-20
0.8200000000000001,0.26245661031394485,-2.4048963723690444e-19,1.007801294231071,0.786422971386349,-4.93045591398888e-19,0.002313062764021531,0.9978824453387221,1.576138712765424e-19,0.06504325702801378,-2.6528332529253812e-20
0.8220000000000001,0.26403186027815895,-2.4148203976603055e-19,1.0078058665465066,0.7888268271211437,-4.994240863122138e-19,0.0022592743613682326,0.9978840975352885,1.6788783085589045e-19,0.06501790435089969,-2.5858321311697174e-20
0.8240000000000001,0.26561191648001603,-2.424876002751534e-19,1.007810331457799,0.7912292075723539,-5.062032540571993e-19,0.0022056588028826853,0.9978857635925398,1.781801962920467e-19,0.0649923289268347,-2.416256829943621e-20
0.8260000000000001,0.2671967759605797,-2.43507118131801e-19,1.0078146893119593,0.7936301043926433,-5.133811185374665e-19,0.0021522174080681375,0.9978874432749333,1.8840202814458146e-19,0.06496653410962305,-2.2810453853229464e-20
0.8280000000000001,0.26878643574435135,-2.44541388761485e-19,1.0078189404586155,0.7960295093669247,-5.209557130732495e-19,0.002098951474872495,0.9978891363483416,1.985757730138071e-19,0.06494052323442498,-2.1460450911524832e-20
0.8300000000000001,0.2703808928395336,-2.4559120366488564e-19,1.0078230852499708,0.7984274144116073,-5.2892507991562455e-19,0.0020458622798108913,0.9978908425800557,2.0865721546045622e-19,0.06491429961777677,-2.0795631052928974e-20
0.8320000000000001,0.2719801442382929,-2.4665735043534963e-19,1.0078271240407595,0.8008238115738422,-5.372872688813586e-19,0.001992951078088862,0.9978925617387883,2.1873561784177367e-19,0.06488786655761142,-1.9447029604369458e-20
0.834,0.27358418691702013,-2.477406127762686e-19,1.0078310571882052,0.803218693030772,-5.46040341264577e-19,0.0019402191037260633,0.9978942935946775,2.2881119847183065e-19,0.06486122733327987,-1.7415469893444356e-20
0.836,0.2751930178365898,-2.488415541414844e-19,1.0078348850519787,0.8056120510887794,-5.547496002414112e-19,0.0018876675696805694,0.9978960379192892,2.0587993669750603e-19,0.06483438520557272,-1.5305264476616398e-20
0.838,0.2768066339426177,-2.4995885982285065e-19,1.0078386079941557,0.8080038781827379,-5.624413533669215e-19,0.0018352976679736174,0.9978977944856198,2.102441401963822e-19,0.06480734341674256,-1.7374501172821144e-20
0.84,0.2784250321657173,-2.510924113098e-19,1.007842226379175,0.8103941668752629,-5.710673926283596e-19,0.0017831105698149392,0.9978995630680996,2.145650535353211e-19,0.06478010519052681,-1.978013187406904e-20
0.842,0.28004820942175446,-2.5224263023059754e-19,1.0078457405737973,0.8127829098559647,-5.792169245469771e-19,0.0017311074257285032,0.9979013434425944,2.2430472856557615e-19,0.06475267373217107,-2.3218499206298308e-20
0.844,0.2816761626121006,-2.5341018956746766e-19,1.0078491509470633,0.8151700999407023,-5.882993042459311e-19,0.0016792893656787512,0.997903135386408,2.122464814991193e-19,0.06472505222845303,-2.3175537524629867e-20
0.846,0.2833088886238845,-2.545942086486728e-19,1.007852457870254,0.8175557300708385,-5.956049149138932e-19,0.0016276574991972326,0.997904938678284,1.8932524905192523e-19,0.06469724384770686,-2.208372559594531e-20
0.848,0.2849463843302424,-2.5579327007344164e-19,1.0078556617168482,0.8199397933124957,-6.03522598290034e-19,0.0015762129155096815,0.9979067530984083,1.990600564538163e-19,0.06466925173984824,-2.722878826509542e-20
0.85,0.2865886465905671,-2.570076941015781e-19,1.0078587628624835,0.8223222828558137,-6.108590089189008e-19,0.0015249566836634874,0.9979085784284096,1.8699626197319027e-19,0.06464107903639962,-2.88910766711391e-20
0.852,0.288235672250755,-2.582369332795094e-19,1.0078617616849155,0.8247031920142082,-6.184823771723e-19,0.001473889852655495,0.9979104144513621,2.024777517614379e-19,0.06461272885051644,-3.0270815904091274e-20
0.854,0.28988745814345207,-2.5948202996213474e-19,1.0078646585639777,0.8270825142236308,-6.267160287087626e-19,0.0014230134515601952,0.9979122609517855,2.178636103809012e-19,0.06458420427701336,-3.198689717969793e-20
0.856,0.291544001088298,-2.607442016898485e-19,1.0078674538815422,0.82946024304183,-6.355569393271941e-19,0.0013723284896582553,0.9979141177156476,2.3310995762411474e-19,0.06455550839239131,-3.4722429517096096e-20
0.858,0.2932052978921691,-2.620245517713951e-19,1.0078701480214796,0.8318363721476139,-6.446775133655094e-19,0.0013218359565653128,0.997915984530364,2.2101641756980906e-19,0.06452664425486496,-3.431173103727569e-20
0.86,0.2948713453494199,-2.633222669927585e-19,1.0078727413696205,0.8342108953401136,-6.52994585188475e-19,0.0012715368223611045,0.9979178611847993,2.0895801526146336e-19,0.0644976149043906,-3.4246260756638505e-20
0.862,0.29654214024212283,-2.646364297092202e-19,1.0078752343137158,0.8365838065380488,-6.610532538092939e-19,0.0012214320377188649,0.9979197474692681,1.9152962376697625e-19,0.06446842336269464,-3.314532022390418e-20
0.864,0.2982176793403067,-2.659655861824187e-19,1.0078776272433991,0.8389550997789933,-6.679888858888776e-19,0.0011715225340349536,0.9979216431755349,1.74183891729231e-19,0.06443907263330241,-3.2049704801280324e-20
0.866,0.2998979594021937,-2.6730836143750847e-19,1.0078799205501472,0.8413247692186437,-6.746725776119232e-19,0.001121809223558737,0.9979235480968144,1.6241354377775317e-19,0.0644095657015676,-3.09715309335334e-20
0.868,0.30158297717443505,-2.6866363955781836e-19,1.0078821146272423,0.8436928091300882,-6.80456054436139e-19,0.0010722929995226863,0.9979254620277721,1.4522791732274776e-19,0.06437990553470205,-2.954462720674614e-20
0.87,0.30327272939234473,-2.700301292095253e-19,1.0078842098697345,0.8460592139030765,-6.859927570602666e-19,0.001022974736272676,0.9979273847645239,1.2815493456645935e-19,0.06435009508180611,-2.7439029744868175e-20
0.872,0.3049672127801324,-2.7140672504023992e-19,1.0078862066744034,0.8484239780432926,-6.905267041989995e-19,0.0009738552893984602,0.997929316104636,1.1663440300109362e-19,0.06432013727389935,-2.5693477963536597e-20
0.874,0.3066664240511344,-2.7279236418817627e-19,1.0078881054397217,0.8507870961716274,-6.951446326491775e-19,0.0009249354958643048,0.9979312558471243,1.1606694918294095e-19,0.0642900350239518,-2.5343853309115954e-20
0.876,0.30837035990804346,-2.7418696191453553e-19,1.007889906565817,0.8531485630234538,-6.99413170539946e-19,0.0008762161741397779,0.9979332037924546,1.1003100403282804e-19,0.06425979122691557,-2.464351143137088e-20
0.878,0.3100790170431369,-2.7559003746649005e-19,1.0078916104544353,0.8555083734479025,-7.036586270331533e-19,0.0008276981243306691,0.9979351597425414,1.0394462356915519e-19,0.06422940875975701,-2.4970797473806938e-20
0.88,0.3117923921385034,-2.770011114043277e-19,1.0078932175089053,0.8578665224071401,-7.073396130174023e-19,0.0007793821283100337,0.9979371235007471,9.77989123132084e-20,0.06419889048148925,-2.666606419535572e-20
0.882,0.31351048186626856,-2.7841963435399103e-19,1.0078947281341006,0.8602230049756476,-7.111077395629498e-19,0.0007312689498492805,0.9979390948718814,8.619759027122224e-20,0.06416823923320511,-2.8005427634171644e-20
0.884,0.31523328288881847,-2.7984502251942037e-19,1.007896142736405,0.8625778163395014,-7.143133833718667e-19,0.0006833593347494001,0.9979410736622,9.126270065751952e-20,0.06413745783811062,-2.7320801467886325e-20
0.886,0.3169607918590225,-2.812773810568136e-19,1.0078974617236756,0.864930951795655,-7.180419754236211e-19,0.000635654010972238,0.9979430596794034,7.990312321088484e-20,0.06410654910155876,-2.5582163339342405e-20
0.888,0.31869300542045415,-2.827159134979369e-19,1.0078986855052077,0.8672824067512231,-7.203433821245209e-19,0.0005881536887717951,0.9979450527326359,6.314830052458431e-20,0.06407551581108378,-2.3155981680663256e-20
0.89,0.32042992020761074,-2.8415928660587577e-19,1.0078998144916995,0.8696321767227662,-7.231716950616375e-19,0.0005408590608255725,0.9979470526324836,7.910341921249549e-20,0.06404436073643582,-2.592353906026815e-20
0.892,0.32217153284613154,-2.856086970452031e-19,1.0079008490952175,0.8719802573355772,-7.261998815321872e-19,0.0004937708023659551,0.9979490591909734,7.870020022352536e-20,0.06401308662961604,-2.557696646490121e-20
0.894,0.32391783995301454,-2.8706414684721887e-19,1.007901789729161,0.8743266443229699,-7.2931944010782e-19,0.00044688957131155195,0.9979510722215708,8.377437811087543e-20,0.06398169622491207,-2.5926287643995137e-20
0.896,0.3256688381368318,-2.8852592778022667e-19,1.0079026368082276,0.8766713335255688,-7.323145408229942e-19,0.00040021600839855616,0.997953091539178,6.119547215768584e-20,0.06395019223893392,-2.8966388644206656e-20
0.898,0.32742452399794325,-2.8999238417346636e-19,1.00790339074838,0.8790143208906002,-7.339955944740652e-19,0.0003537507373120712,0.9979551169601325,3.349243236530782e-20,0.06391857737065028,-2.789049715811017e-20
0.9,0.32918489412870944,-2.9146161590921754e-19,1.0079040519668112,0.881355602471185,-7.352350125566292e-19,0.00030749436481738583,0.9979571483022044,3.3408913086789754e-20,0.06388685430142518,-2.6522199920985643e-20
0.902,0.33094994511370235,-2.9293331947621217e-19,1.0079046208819105,0.883695174425634,-7.364674319775603e-19,0.0002614474808911915,0.9979591853845945,3.332605371856007e-20,0.06385502569505509,-2.5157181958274263e-20
0.904,0.3327196735299152,-2.9440748091668505e-19,1.0079050979132305,0.8860330330167427,-7.376928927034301e-19,0.00021561065885273865,0.9979612280279317,3.32439464977164e-20,0.06382309419780635,-2.3794627474867433e-20
0.906,0.33449407594697084,-2.958840863534458e-19,1.0079054834814543,0.8883691746110908,-7.389114348391748e-19,0.00016998445549488978,0.9979632760542708,3.320626464343262e-20,0.063791062438453,-2.175141463917164e-20
0.908,0.33627314892732824,-2.9736312199131773e-19,1.007905778008362,0.89070359567834,-7.401231001459759e-19,0.00012456941121510498,0.9979653292870903,3.312550701924469e-20,0.06375893302831505,-2.0396199427545586e-20
0.91,0.33805688902648834,-2.9884457411613423e-19,1.0079059819167984,0.8930362927905363,-7.413279280895776e-19,7.936605014627901e-05,0.9979673875512883,3.30453806740664e-20,0.06372670856129695,-1.9044637510382725e-20
0.912,0.3398452927931979,-3.0032842909265e-19,1.0079060956306398,0.8953672626214123,-7.425259583454797e-19,3.437488028746563e-05,0.9979694506731814,3.3009588878360144e-20,0.06369439161392662,-1.7012792250897175e-20
0.914,0.3416383567696523,-3.018146733672246e-19,1.0079061195747632,0.8976965019456915,-7.437172337940874e-19,-1.0403606365532257e-05,0.9979715184805009,3.301806926782539e-20,0.06366198474539478,-1.4302278776893565e-20
0.916,0.3434360774916968,-3.033032934761729e-19,1.007906054175013,0.9000240076383947,-7.449018000479791e-19,-5.496893368969925e-05,0.99797359080239,3.30271157836014e-20,0.06362949049759455,-1.1597826244675074e-20
0.918,0.3452384514890263,-3.047942760466199e-19,1.007905899858171,0.9023497766741481,-7.460797020808424e-19,-9.932064130456561e-05,0.9979756674694006,3.2993085132420206e-20,0.06359691139516149,-9.583352031942777e-21
0.92,0.3470454752853842,-3.0628760779227502e-19,1.0079056570519231,0.9046738061264922,-7.472509820914864e-19,-0.00014345828444208909,0.9979777483134902,3.2937829291486356e-20,0.06356424994551402,-7.916063932988724e-21
0.922,0.34885714539875906,-3.077832755098632e-19,1.0079053261848299,0.9069960931671937,-7.48415680159226e-19,-0.00018738143381675587,0.9979798331680185,3.2883169999589356e-20,0.06353150863889404,-6.2527628398473154e-21
0.924,0.35067345834158076,-3.0928126607488985e-19,1.007904907686295,0.9093166350655582,-7.495738362420698e-19,-0.0002310896754958586,0.997981921867744,3.2850918735151365e-20,0.06349868994840804,-4.251472736138406e-21
0.926,0.35249441062091474,-3.1078156644487558e-19,1.0079044019865346,0.9116354291877454,-7.507254920280372e-19,-0.00027458261077001,0.9979840142488208,3.286277922168213e-20,0.06346579633006852,-1.5710246471656782e-21
0.928,0.3543199987386551,-3.122841636637512e-19,1.0079038095165476,0.9139524729960854,-7.518706926849229e-19,-0.00031785985602386787,0.9979861101487942,3.2918664489303063e-20,0.06343283022283565,1.786563628384855e-21
0.93,0.3561502191917161,-3.1378904486892647e-19,1.0079031307080843,0.916267764048397,-7.530094861507452e-19,-0.0003609210426070865,0.9979882094065982,3.297495936919559e-20,0.06339979404865934,5.13533997372106e-21
0.932,0.35798506847222256,-3.152961972937678e-19,1.0079023659936184,0.9185812999973081,-7.541419198464294e-19,-0.0004037658167055174,0.9979903118625505,3.296651583954598e-20,0.06336669021252163,7.45022135647514e-21
0.934,0.35982454306769884,-3.1680560826237583e-19,1.0079015158063158,0.9208930785895773,-7.552680364122449e-19,-0.0004463938392126821,0.9979924173583496,3.2915153316833624e-20,0.06333352110247938,9.075634393335034e-21
0.936,0.36166863946125644,-3.1831726518010214e-19,1.0079005805800063,0.9232030976654179,-7.563878751326933e-19,-0.0004888047856015015,0.9979945257370704,3.284265920445722e-20,0.06330028908970725,1.035478109318091e-20
0.9380000000000001,0.36351735413178005,-3.1983115552859877e-19,1.0078995607491543,0.9255113551578236,-7.575014733248267e-19,-0.000530998345796288,0.99799663684316,3.281414206481161e-20,0.06326699652854104,1.2314405867521906e-20
0.9400000000000001,0.3653706835541127,-3.2134726686620883e-19,1.00789845674883,0.9278178490918955,-7.586088706635909e-19,-0.0005729742240450449,0.997998750522434,3.27862488490716e-20,0.06323364575652131,1.427015978725677e-20
0.9420000000000001,0.36722862419923896,-3.2286558683140215e-19,1.0078972690146808,0.9301225775841717,-7.597101074493951e-19,-0.0006147321387920719,0.998000866622072,3.275888774511431e-20,0.06320023909443728,1.6220837061684163e-20
0.9440000000000001,0.3690911725344676,-3.2438610314323035e-19,1.0078959979829032,0.9324255388419582,-7.608052238884056e-19,-0.0006562718225508414,0.9980029849906132,3.27537233503851e-20,0.06316677884637115,1.850842562306602e-20
0.9460000000000001,0.3709583250236121,-3.259088036020436e-19,1.0078946440902146,0.934726731162662,-7.618942611480343e-19,-0.0006975930217772367,0.9980051054779528,3.2770726821666563e-20,0.06313326729974247,2.11325323948852e-20
0.9480000000000001,0.37283007812717023,-3.2743367609250967e-19,1.0078932077738258,0.937026152933126,-7.629772628325842e-19,-0.0007386954967430792,0.9980072279353366,3.280987815125166e-20,0.0630997067253531,2.4092357747488096e-20
0.9500000000000001,0.37470642830250245,-3.2896070858810606e-19,1.0078916894714134,0.9393238026289651,-7.640542735406552e-19,-0.0007795790214100247,0.9980093522153568,3.2849489561292734e-20,0.06306609937743218,2.7045128273800515e-20
0.9520000000000001,0.3765873720040086,-3.3048988915185286e-19,1.0078900896210923,0.9416196788139057,-7.651253388233729e-19,-0.0008202433833037707,0.9980114781719479,3.2976008188259736e-20,0.06303244749368161,3.1358370666424886e-20
0.9540000000000001,0.3784729056833035,-3.320212059427363e-19,1.0078884086613888,0.9439137801391257,-7.661905068873843e-19,-0.0008606883833886539,0.9980136056603816,3.282201695462865e-20,0.06299875329532166,3.121601541718422e-20
0.9560000000000001,0.3803630257893913,-3.335545389919566e-19,1.0078866470312144,0.9462061053425971,-7.671416017423523e-19,-0.0009009138359425766,0.9980157345372617,2.1725215291605752e-20,0.0629650189871369,3.176436550127218e-20
0.9580000000000001,0.3822577287688383,-3.3508926379320515e-19,1.0078848051698386,0.9484966532484298,-7.675465378072359e-19,-0.0009409195684323522,0.9980178646605201,2.177556817026117e-20,0.06293124675752239,3.401278868551665e-20
0.96,0.38415701106594463,-3.3662526441425554e-19,1.0078828835168627,0.9507854227662188,-7.685977679253076e-19,-0.000980705421389376,0.9980199958894118,4.3497270008992387e-20,0.06289743877853021,3.1455939031611225e-20
0.962,0.38606086912291454,-3.3816401161986057e-19,1.007880882512194,0.9530724128903916,-7.700760296167126e-19,-0.001020271248285706,0.9980221280845094,3.792956293394414e-20,0.06286359720591614,3.3368469542944363e-20
0.964,0.38796929938002545,-3.397052740236316e-19,1.0078788025960206,0.9553576226995587,-7.712212651297321e-19,-0.001059616915410566,0.9980242611076987,3.7847484743041787e-20,0.06282972417918664,3.4932577955449824e-20
0.966,0.38988229827579557,-3.412492533878363e-19,1.0078766442087843,0.9576410513558656,-7.729012880665798e-19,-0.0010987423017472214,0.9980263948221735,5.949376168738466e-20,0.06279582182164616,3.237837977569967e-20
0.968,0.39179986224715047,-3.4279745024059374e-19,1.0078744077911572,0.9599226981043472,-7.754380743648391e-19,-0.001137647298850265,0.9980285290924301,8.108018949277574e-20,0.06276189224044457,3.0517038228038533e-20
0.97,0.39372198772958805,-3.4435157387160504e-19,1.0078720937840155,0.9622025622722831,-7.788273909856864e-19,-0.0011763318107233605,0.9980306637842631,1.0258570820680979e-19,0.06272793752662494,2.9005308955158015e-20
0.972,0.3956486711573426,-3.459133251272105e-19,1.007869702628415,0.9644806432685563,-7.830650265936768e-19,-0.0012147957536973535,0.998032798764759,1.2398923456426054e-19,0.0626939597551715,2.750035901566967e-20
0.974,0.3975799089635471,-3.474843964506258e-19,1.0078672347655666,0.9667569405830131,-7.881467899212464e-19,-0.0012530390563088765,0.9980349339022918,1.4526980607205268e-19,0.06265996098505791,2.5660570689818584e-20
0.976,0.39951569758039485,-3.4906647192228947e-19,1.0078646906368123,0.9690314537858247,-7.940685086763758e-19,-0.0012910616591793704,0.9980370690665173,1.664708342968129e-19,0.0626259432592957,2.4169885196760646e-20
0.978,0.4014560334392991,-3.50661227297876e-19,1.0078620706836006,0.9713041825268516,-8.008260316009694e-19,-0.001328863514894532,0.998039204128368,1.8759278196728644e-19,0.06259190860498295,2.3027454304703477e-20
0.98,0.403400912971052,-3.522703300530311e-19,1.0078593753474632,0.9735751265350095,-8.084152292166914e-19,-0.001366444587884257,0.9980413389600472,2.0861462676772703e-19,0.06255785903335324,2.1890444629376855e-20
0.982,0.4053503326059822,-3.538954394239091e-19,1.0078566050699909,0.9758442856176376,-8.168319909565761e-19,-0.0014038048543030032,0.998043473435024,2.2951539709842373e-19,0.06252379653982479,2.0417242393788793e-20
0.984,0.40730428877411073,-3.555382064435181e-19,1.0078537602928108,0.978111659659868,-8.260722248426479e-19,-0.0014409443019106748,0.9980456074280273,2.5033846263943227e-19,0.062489723104049814,1.9292201718157422e-20
0.986,0.4092627779053063,-3.5720027398154065e-19,1.0078508414575629,0.9803772486239986,-8.361318599744171e-19,-0.0014778629299539313,0.9980477408150408,2.7108429100593773e-19,0.06245564068996414,1.8514883364494608e-20
0.988,0.4112257964294388,-3.58883168577983e-19,1.0078478490058773,0.9826410525488665,-8.467904260707477e-19,-0.0015145607490479852,0.998049873473297,2.751235674291324e-19,0.062421551245836995,1.5691780603871034e-20
0.99,0.4131933407765318,-3.6058711071759744e-19,1.0078447833793516,0.9849030715492249,-8.571792700985178e-19,-0.0015510377810589121,0.9980520052812716,2.682634725812209e-19,0.062387456704321005,1.458642513340335e-20
0.992,0.4151654073769138,-3.623118499737798e-19,1.0078416450195287,0.9871633058151208,-8.67407232363331e-19,-0.0015872940589864283,0.9980541361186778,2.5053006491754797e-19,0.062353358982502424,1.519435675595277e-20
0.994,0.4171419926613682,-3.6405583829966577e-19,1.0078384343678741,0.9894217556112759,-8.763928224083656e-19,-0.00162332962684718,0.9980562658664605,2.2734454019029416e-19,0.06231925998195157,1.511408503844542e-20
0.996,0.4191230930612819,-3.658174259135948e-19,1.0078351518657547,0.9916784212764684,-8.852235755474124e-19,-0.0016591445395585285,0.9980583944067908,2.317008053605895e-19,0.062285161588773424,1.4691819237760933e-20
0.998,0.42110870500879305,-3.6759684571934346e-19,1.0078317979544165,0.9939333032229178,-8.942248777641114e-19,-0.0016947388628228324,0.99806052162306,2.360363394267567e-19,0.06225106567365846,1.4270371761785218e-20
1.0,0.4230993123417428,-3.69396302011797e-19,1.0078322894752794,0.9966708473661785,-9.0526579595411e-19,0.0021866569437246977,0.9980857277834457,2.403565089793055e-19,0.06184561419365431,1.3762320902888077e-20
1.002,0.4250948637012986,-3.7121596435600614e-19,1.0078364763745065,0.9988769738513071,-9.143175123887227e-19,0.002000680511974068,0.9981193590189684,2.3362821927683e-19,0.06130044984797775,1.253241484124821e-20
1.004,0.42709480906863956,-3.7305339749261506e-19,1.0078402943648275,1.0010651763060883,-9.23135185218023e-19,0.001817704856336185,0.9981496741609376,2.3521166189389966e-19,0.06080483510720772,1.2008760213305755e-20
1.006,0.4290991086000099,-3.749088688529593e-19,1.0078437499106923,1.0032309061761358,-9.324987996538292e-19,0.0016382609063532597,0.9981818939686546,2.5459588613236553e-19,0.060273597479743625,1.0908035575132824e-20
1.008,0.4311077206685152,-3.7678375382444493e-19,1.0078468496409623,1.0053779209203249,-9.424049343334103e-19,0.0014618606058659396,0.9982119128120429,2.5741514066305837e-19,0.0597743851505251,1.0128647334081512e-20
1.01,0.4331206053531515,-3.786782393167964e-19,1.007849599915587,1.0075033810046898,-9.51991856751106e-19,0.001288818809632882,0.9982429690070026,2.438646098383986e-19,0.05925347945973489,1.1354483690496797e-20
1.012,0.4351377216681913,-3.8059136568886904e-19,1.0078520071677837,1.0096096871054003,-9.610462283273122e-19,0.0011188185619962732,0.9982725181872352,2.3033769410272845e-19,0.058753548251293114,1.1896196096562154e-20
1.014,0.4371590297644986,-3.825220704949355e-19,1.0078540776354787,1.011695078023168,-9.69570701821764e-19,0.0009520408754393667,0.9983025691376319,2.168342631737604e-19,0.05824071130407305,1.1747782990811701e-20
1.016,0.43918448918169983,-3.8446929637729155e-19,1.007855817573706,1.0137610985662049,-9.775677007411102e-19,0.0007882751147116959,0.9983315457292292,2.0337360935602438e-19,0.05774188083088842,1.1258615779688644e-20
1.018,0.4412140602370748,-3.8643199090324724e-19,1.0078572330882658,1.0158066679604916,-9.850397397294495e-19,0.0006276194754749735,0.9983606942916159,1.8995550758237075e-19,0.05723568898478805,1.0425020516462351e-20
1.02,0.4432477029229922,-3.8840910653459326e-19,1.0078583302676203,1.0178327911676863,-9.919891894512669e-19,0.0004699294544796815,0.9983890390690698,1.7657928868543417e-19,0.05673911055647527,9.251599344305743e-21
1.022,0.4452853777832401,-3.9039960051454877e-19,1.007859115079956,1.019838816791363,-9.98418479415895e-19,0.0003152520871851939,0.9984173536482377,1.6332321905268503e-19,0.05623866938371168,9.104278520680306e-21
1.024,0.44732704521754657,-3.924024349497217e-19,1.0078595934551513,1.021825409316726,-1.0043300467897359e-18,0.0001634840739274221,0.9984450344876696,1.501874344749487e-19,0.055745072490011906,9.982022048878872e-21
1.026,0.44937266603453485,-3.944165769244555e-19,1.0078597712211617,1.0237921883335876,-1.0097264303756728e-18,1.464092715094137e-05,0.9984725621039475,1.3715267356362993e-19,0.05524982104567469,1.1538933967481756e-20
1.028,0.45142220101306135,-3.964409986137151e-19,1.0078596541550264,1.0257396036248525,-1.0146101736089723e-18,-0.0001313549095548996,0.9984995636805353,1.2419957185991886e-19,0.05475966882461236,1.3433066018623727e-20
1.03,0.4534756112511521,-3.9847467732715168e-19,1.007859247943638,1.0276674458324275,-1.0189838773294468e-18,-0.0002745072671469824,0.99852633807609,1.1134728625075577e-19,0.054269256198648565,1.6004629996472826e-20
1.032,0.455532857889355,-4.0051659558932487e-19,1.0078585582155526,1.0295760293794156,-1.0228501408227005e-18,-0.0004148775454800121,0.9985526554695349,9.85392284167245e-20,0.05378284349809981,1.8226493377671126e-20
1.034,0.4575939023309588,-4.0256574111804847e-19,1.0078575905168792,1.0314652529062707,-1.0262115580727743e-18,-0.0005524813657425418,0.9985787021357585,8.575659053485579e-20,0.05329705095842272,1.975657693433628e-20
1.036,0.45965870606754955,-4.046211067471963e-19,1.00785635033119,1.0333353455253524,-1.02907064942991e-18,-0.0006873699147215103,0.9986043368612845,7.305372326791458e-20,0.05281456618997135,2.16233138982186e-20
1.038,0.46172723081801814,-4.066816903650666e-19,1.0078548430647802,1.0351862740898843,-1.031429951589044e-18,-0.0008195659203637914,0.9986296761555985,6.041244454066394e-20,0.05233325808092943,2.3484365198805595e-20
1.04,0.4637994384185883,-4.0874649490448223e-19,1.007853074059206,1.0370182139696789,-1.033291975462595e-18,-0.0009491140405009607,0.998654633700161,4.783222640906201e-20,0.05185482223668183,2.533947270253117e-20
1.042,0.4658752909105838,-4.10814528327602e-19,1.0078510485823515,1.038831175124373,-1.034659240499902e-18,-0.0010760412061498114,0.9986792827774088,3.5313139012792673e-20,0.05137791501414685,2.718856967501299e-20
1.044,0.4679547504711226,-4.128848036128967e-19,1.0078487718363973,1.0406252990902098,-1.0355342362869135e-18,-0.0012003878293791685,0.9987035710698748,2.2801569395245443e-20,0.05090360627971371,2.800553011123805e-20
1.046,0.47003777946855224,-4.1495633865338644e-19,1.0078462489524882,1.0424006230879523,-1.035919377981673e-18,-0.00132218324427904,0.998727545078358,1.0314193476489858e-20,0.05043104898529297,2.8135440468161435e-20
1.048,0.472124340418792,-4.1702815610093957e-19,1.0078434849958684,1.0441572673737636,-1.0358170194853806e-18,-0.0014414650318892673,0.9987511735391468,-2.0972147753742715e-21,0.049960918267958274,2.860621150955396e-20
1.05,0.47421439602036497,-4.1909928332334376e-19,1.0078404849627811,1.0458952864269249,-1.0352295380319714e-18,-0.0015582638137382131,0.9987744863605761,-1.44323731741736e-20,0.049492680218067006,2.941579159675934e-20
1.052,0.4763079091269148,-4.2116875245158995e-19,1.0078372537838503,1.047614787136699,-1.0341593044635161e-18,-0.0016726152163220665,0.9987974653107833,-2.6726151913406957e-20,0.04902676094496755,2.9879336907058737e-20
1.054,0.4784048427693593,-4.232356003308037e-19,1.0078337963223611,1.049315834924344,-1.0326086592785027e-18,-0.001784550457295119,0.9988201300174209,-3.9012513299337584e-20,0.0485628239704262,2.93135965737113e-20
1.056,0.4805051601386045,-4.252988684093921e-19,1.0078301173765554,1.0509985282980505,-1.03057985896101e-18,-0.0018941037515971312,0.998842470310945,-5.1292423033091164e-20,0.048101138272699205,2.7720641464293394e-20
1.058,0.48260882459956855,-4.2735760257395897e-19,1.0078262216787683,1.052662939630016,-1.028075101052109e-18,-0.0020013064847840905,0.9988644994474298,-6.346664206638416e-20,0.047641491828403756,2.7156487532194964e-20
1.06,0.4847157996803218,-4.294108531460463e-19,1.007822113897051,1.0543091621865048,-1.0250966351331192e-18,-0.002106191796664884,0.9988862122414389,-7.550193261249233e-20,0.04718405444587851,2.830359737695114e-20
1.062,0.48682604908097604,-4.31457675043638e-19,1.0078177986348364,1.0559372727667722,-1.0216468130542967e-18,-0.002208790975604615,0.9989076179979692,-8.74304644381039e-20,0.046728692530649624,3.0473341111787336e-20
1.064,0.48893953666687284,-4.334971279638657e-19,1.0078132804321456,1.0575473613693895,-1.0177280474964263e-18,-0.0023091362948265866,0.9989287146091966,-9.928466349186023e-20,0.04627551327882525,3.297871887223078e-20
1.066,0.4910562264742269,-4.355282764479629e-19,1.0078085637655818,1.0591395076224388,-1.01334277086006e-18,-0.002407258781585153,0.9989495089274201,-1.110646986008388e-19,0.04582443249694093,3.581894275317619e-20
1.068,0.4931760827058626,-4.375504048911833e-19,1.0078036530492773,1.060713799496222,-1.0089233618747674e-18,-0.002503189971944619,0.9989700007417232,-9.549716154982539e-20,0.04537551782715128,3.5340948759907844e-20
1.07,0.49529906973480375,-4.395646288879141e-19,1.0077985526350908,1.062270318433452,-1.005330443254185e-18,-0.0025969605309008256,0.9989901953789748,-8.546792196295706e-20,0.04492871616993088,3.5114271362097645e-20
1.072,0.49742515210161137,-4.415716658993075e-19,1.0077932668133938,1.0638091511521146,-1.0017002418598215e-18,-0.0026886013378798353,0.9990100937939613,-8.094672731521283e-20,0.04448407015754446,3.547849993663482e-20
1.074,0.49955429451667255,-4.435717638892826e-19,1.0077877998133928,1.065330380263881,-9.983554475389918e-19,-0.0027781426334464033,0.9990297003617431,-8.743224940536252e-20,0.044041546239053285,3.564621256558949e-20
1.076,0.5016864618585423,-4.455644884555366e-19,1.0077821558038167,1.0668340917180799,-9.942195067776562e-19,-0.0028656146907191505,0.9990490167499483,-1.0493225713808967e-19,0.043601171210901415,3.4241294677144196e-20
1.078,0.5038216191754057,-4.475486192202337e-19,1.0077763388933147,1.0683203688822336,-9.898338418157274e-19,-0.0029510472878885906,0.999068046736505,-1.058000295321459e-19,0.04316292379004895,3.485820123869632e-20
1.08,0.5059597316840478,-4.495238014975311e-19,1.007770353131082,1.0697892972363685,-9.854143881126015e-19,-0.003034470123497315,0.999086792421357,-1.0664682939035958e-19,0.04272682072428472,3.5816496918781184e-20
1.082,0.5081007647707888,-4.514900399000594e-19,1.0077642025073044,1.071240960637548,-9.807466481201527e-19,-0.00311591249051111,0.9991052572044542,-1.295476766063084e-19,0.042292848407528075,3.4286302227739235e-20
1.084,0.5102446839908433,-4.534460498179861e-19,1.0077578909537446,1.0726754442796698,-9.754015210923014e-19,-0.0031954035332042,0.9991234434442148,-1.0844614289094452e-19,0.04186101718992793,3.295663083395284e-20
1.086,0.5123914550689184,-4.553930967018645e-19,1.0077514223442163,1.07409283233572,-9.718547208296297e-19,-0.003272972045898412,0.9991413542979017,-7.647640014436831e-20,0.0414313182478581,3.1172940640046824e-20
1.088,0.5145410438988132,-4.573333356086244e-19,1.0077448004951437,1.0754932098234375,-9.68270001410863e-19,-0.0033486466319239275,0.9991589922746029,-9.398818736164765e-20,0.04100375783755333,3.075739760278002e-20
1.09,0.5166934165437977,-4.592657216497617e-19,1.0077380291660534,1.0768766611166716,-9.640023858496815e-19,-0.003422455579461994,0.9991763603723026,-1.1137563032625999e-19,0.040578330093281136,3.1367770920216807e-20
1.092,0.5188485392363598,-4.611888923636078e-19,1.0077311120601173,1.078243271120879,-9.590552195195437e-19,-0.0034944269599859303,0.9991934611838273,-1.2863832429750527e-19,0.04015503863133845,3.300200376904398e-20
1.094,0.521006378378439,-4.63101492031254e-19,1.0077240528246538,1.07959312433274,-9.534318750074535e-19,-0.003564588551787404,0.9992102975992057,-1.4586000940640823e-19,0.0397338793941375,3.360420540220679e-20
1.096,0.5231669005412612,-4.650021716176239e-19,1.0077168550516602,1.0809263055803162,-9.471356655183105e-19,-0.003632967901029829,0.99922687225337,-1.6300046836171387e-19,0.03931485427606612,3.4202793202483555e-20
1.098,0.5253300724654772,-4.668895886894985e-19,1.0077095222783183,1.0822428994285325,-9.401698966348397e-19,-0.0036995922747646054,0.999243187959881,-1.8001880962511518e-19,0.03889796030353166,3.5824936000569665e-20
1.1,0.5274958610610457,-4.6876240746590705e-19,1.0077020579875189,1.0835429906447427,-9.325379074382634e-19,-0.003764488698899288,0.9992592473698043,-1.9694215957941043e-19,0.03848319822901043,3.778381337396512e-20
1.102,0.5296642334073064,-4.706192988615223e-19,1.0076944656083695,1.0848266638224047,-9.242430553386099e-19,-0.00382768392945473,0.9992750532394656,-2.1377081751852767e-19,0.038070565707175034,4.007822053563904e-20
1.104,0.5318351567528895,-4.724589405070298e-19,1.0076867485167131,1.0860940036734574,-9.15288696106605e-19,-0.003889204476288926,0.9992906082197884,-2.305051945864179e-19,0.0376600627153835,4.270777204227767e-20
1.106,0.5340085985157418,-4.742802318251889e-19,1.007678910035636,1.0873450947896535,-9.061083345717103e-19,-0.003949076585640953,0.9993059150215312,-2.1981692924500593e-19,0.03725168725012947,4.292681345330851e-20
1.108,0.5361845262830472,-4.760837627136887e-19,1.0076709534359813,1.0885800218257102,-8.973487118860528e-19,-0.004007326255074043,0.9993209762852064,-2.311071544937347e-19,0.03684543874597032,4.361971960462207e-20
1.11,0.5383629078112188,-4.778686867901299e-19,1.007662881936856,1.0897988693474976,-8.87501878382231e-19,-0.00406397922300799,0.9993357946830094,-2.423053413900683e-19,0.03644131536153807,4.5337794273963516e-20
1.112,0.5405437110258209,-4.796343406569621e-19,1.00765469870614,1.0910017219463128,-8.781863989942777e-19,-0.004119060978256771,0.9993503728384976,-2.26117322154951e-19,0.036039316136085735,4.4339780195049987e-20
1.114,0.5427269040215345,-4.813815341530338e-19,1.007646406860992,1.0921886641418779,-8.689692897385204e-19,-0.004172596753893038,0.9993647133894354,-2.320225802212108e-19,0.03563943927802819,4.13961452443282e-20
1.116,0.5449124550620759,-4.831100685323824e-19,1.0076380094683537,1.093359780453189,-8.595274304968629e-19,-0.004224611533464837,0.9993788189381957,-2.3790269013278075e-19,0.03524168352530626,3.845840305230952e-20
1.118,0.5471003325801399,-4.8481949521225345e-19,1.0076295095454526,1.0945151553361083,-8.49861727419167e-19,-0.004275130047550512,0.9993926920904813,-2.4379433752254594e-19,0.03484604706621794,3.4500424562742085e-20
1.12,0.5492905051773115,-4.86509474922186e-19,1.0076209100603049,1.0956548732268447,-8.402957138400921e-19,-0.0043241767779413935,0.9994063354246916,-2.2766061229492862e-19,0.03445252839763148,3.218373783050568e-20
1.122,0.5514829416239903,-4.881810676291989e-19,1.0076122139322132,1.0967790185013886,-8.31151465943365e-19,-0.0043717759558726125,0.9994197515157602,-2.4990129460819864e-19,0.034061125644597685,3.325183158945525e-20
1.124,0.5536776108592929,-4.898326032715994e-19,1.0076034240322658,1.0978876755017495,-8.201675471721849e-19,-0.004417951564965678,0.9994329429162255,-2.8303159556915204e-19,0.0336718371018566,3.4004294476680914e-20
1.1260000000000001,0.5558744819909609,-4.914619165064549e-19,1.007594543183832,1.0989809285091918,-8.092885227267957e-19,-0.004462727340508202,0.999445912170889,-2.612351417638222e-19,0.033284660804957344,3.2563479903469646e-20
1.1280000000000001,0.5580735242952527,-4.9307032931294495e-19,1.0075855741630573,1.1000588617596179,-7.992664343877216e-19,-0.004506126771645799,0.9994586618051086,-2.3954281469300583e-19,0.03289959487201776,3.1127509832029257e-20
1.1300000000000001,0.5602747072168363,-4.946595513205758e-19,1.0075765196993547,1.10112155942553,-7.900970400429497e-19,-0.004548173101322964,0.9994711943337978,-2.179880697565071e-19,0.03251663723346674,2.866894640852893e-20
1.1320000000000001,0.5624780003686697,-4.962310685207392e-19,1.0075673824758962,1.1021691056245881,-7.813458259687315e-19,-0.004588889328025829,0.9994835122541762,-2.2931434546727656e-19,0.0321357858478227,3.0369205768641284e-20
1.1340000000000001,0.5646833735318799,-4.977842083402567e-19,1.0075581651301013,1.1032015844070988,-7.717200304309304e-19,-0.0046282982061442495,0.9994956180512806,-2.460202658810452e-19,0.03175703853147621,3.3610339327091743e-20
1.1360000000000001,0.5668907966556317,-4.99317943336766e-19,1.0075488702541233,1.1042190797602889,-7.620849601962785e-19,-0.004666422247450747,0.999507514193467,-2.3534493510866146e-19,0.03138039309501099,3.28892506154637e-20
1.1380000000000001,0.5691002398569929,-5.008328292542418e-19,1.0075395003953342,1.1052216755993016,-7.528706126607323e-19,-0.004703283721735177,0.9995192031357747,-2.247317201166836e-19,0.031005847236079426,3.1827906573070745e-20
1.1400000000000001,0.5713116734207913,-5.023297054371797e-19,1.0075300580568072,1.1062094557687907,-7.440748910122877e-19,-0.004738904658133582,0.9995306873171257,-2.1416932781781438e-19,0.030633398625608307,3.077000321576508e-20
1.1420000000000001,0.5735250677994674,-5.038094070527915e-19,1.0075205456977971,1.10718250403615,-7.356957106012585e-19,-0.004773306845943088,0.9995419691623685,-2.0365765284787763e-19,0.030263044840464628,2.9715129450321283e-20
1.1440000000000001,0.5757403936129198,-5.052727651011286e-19,1.0075109657342194,1.1081409040914385,-7.277309864568633e-19,-0.004806511835870189,0.9995530510805261,-1.9320706080373694e-19,0.029894783418052073,2.832118639281078e-20
1.1460000000000001,0.5779576216483449,-5.067206064091319e-19,1.0075013205391257,1.1090847395420393,-7.201786395266136e-19,-0.004838540940968345,0.9995639354660286,-1.8279644112935155e-19,0.029528611814070304,2.7273170387674803e-20
1.1480000000000001,0.5801767228600702,-5.081537536725978e-19,1.007491612443178,1.110014093911555,-7.130366135610577e-19,-0.004869415237847952,0.9995746246976098,-1.72415456851574e-19,0.02916452743717377,2.691277297131903e-20
1.1500000000000001,0.5823976683693831,-5.095730255051395e-19,1.007481843735121,1.1109290506353897,-7.063028817868216e-19,-0.004899155567700527,0.999585121139042,-1.6211397432088076e-19,0.028802527622555273,2.5527007140955672e-20
1.1520000000000001,0.5846204294643523,-5.109792364488893e-19,1.007472016662251,1.111829693059014,-6.999753946369754e-19,-0.004927782537495836,0.9995954271384347,-1.518623581808007e-19,0.028442609654028336,2.414465037448464e-20
1.154,0.586844977599644,-5.1237319693940035e-19,1.0074621334308842,1.112716104434152,-6.940521024119768e-19,-0.004955316521069804,0.9996055450286662,-1.4166983076798063e-19,0.028084770747589003,2.242438243932635e-20
1.156,0.5890712843963326,-5.137557133161876e-19,1.007452196206821,1.113588367916671,-6.885309435830396e-19,-0.004981777660323901,0.9996154771269307,-1.3153675950595037e-19,0.027729008065564387,2.036620954059993e-20
1.158,0.5912993216417051,-5.151275877732026e-19,1.007442207115809,1.1144465665631689,-6.834098557238548e-19,-0.005007185866362183,0.9996252257349856,-1.2144340920136323e-19,0.027375318706465698,1.865516640648739e-20
1.16,0.5935290612890608,-5.164896184102479e-19,1.007432168244003,1.1152907833286492,-6.786867927857381e-19,-0.0050315608207016135,0.9996347931388553,-1.1141802851793934e-19,0.02702369971413101,1.6264059133586633e-20
1.162,0.5957604754575047,-5.178425992114664e-19,1.0074220816384245,1.1161211010633834,-6.7435968602176045e-19,-0.0050549219764486186,0.9996441816089656,-1.0145130743772814e-19,0.026674148071544126,1.3537042614418096e-20
1.164,0.5979935364317355,-5.191873200196475e-19,1.007411949307415,1.1169376025104694,-6.704264714771251e-19,-0.005077288559525174,0.9996533933999471,-9.15150980893459e-20,0.026326660706818265,1.1501706917749638e-20
1.166,0.6002282166618285,-5.205245665822724e-19,1.0074017732210907,1.1177403703028894,-6.668851154168746e-19,-0.005098679569878418,0.999662430750702,-8.162734939527124e-20,0.02598123448951415,9.471736653457502e-21
1.168,0.6024644887630127,-5.218551205991333e-19,1.0073915553117931,1.1185294869610156,-6.637336046046822e-19,-0.005119113782724882,0.9996712958842704,-7.176989682924634e-20,0.02563786623462932,8.132208072434713e-21
1.17,0.604702325515443,-5.231797597822736e-19,1.0073812974745366,1.119305034889812,-6.609699698362421e-19,-0.005138609749788658,0.9996799910078588,-6.194207717174174e-20,0.02529655270049046,7.48147328747484e-21
1.172,0.6069416998639664,-5.244992579496172e-19,1.0073710015674548,1.1200670963763273,-6.585922807253549e-19,-0.00515718580056472,0.9996885183127461,-5.2161157760622506e-20,0.024957290591482852,6.832800210622659e-21
1.174,0.6091825849178841,-5.258143850760399e-19,1.0073606694122437,1.120815753587009,-6.565986245438349e-19,-0.005174860043582291,0.9996968799742911,-4.2409695056218485e-20,0.024620076556933594,6.871291794005518e-21
1.176,0.6114249539507075,-5.271259073465525e-19,1.0073503027946014,1.1215510885652087,-6.549871278669054e-19,-0.005191650367687295,0.9997050781518652,-3.270402717895503e-20,0.024284907193044502,6.910603118974267e-21
1.178,0.6136687803999092,-5.284345872171575e-19,1.0073399034646677,1.1222731832285862,-6.537559200575079e-19,-0.005207574443328388,0.999713114988848,-2.306959049278806e-20,0.02395177904239821,5.923069693944724e-21
1.18,0.6159140378666695,-5.297411833645829e-19,1.0073294731374585,1.1229821193666445,-6.529031022648315e-19,-0.005222649723858066,0.9997209926125795,-1.348127533280102e-20,0.02362068859538673,4.937999085330354e-21
1.182,0.6181607001156175,-5.3104645067035855e-19,1.0073190134932988,1.1236779786382107,-6.524267707744511e-19,-0.005236893446839183,0.9997287131343502,-3.9472717187773425e-21,0.023291632290108402,3.613641341974061e-21
1.184,0.620408741074567,-5.323511401998087e-19,1.0073085261782533,1.12436084256901,-6.52325024935523e-19,-0.005250322635363954,0.999736278649366,5.5649160337363216e-21,0.022964606513476333,3.32066235473339e-21
1.186,0.6226581348342484,-5.336559992674162e-19,1.0072980128045539,1.125030792549215,-6.525960144692824e-19,-0.00526295409937923,0.9997436912367379,1.50400570528859e-20,0.02263960760135987,3.371875450993034e-21
1.188,0.6249088556480344,-5.349617715171421e-19,1.0072874749510246,1.1256879098310648,-6.53237914675037e-19,-0.005274804437022303,0.9997509529594569,2.4454829720367098e-20,0.022316631839489145,2.7379392465014567e-21
1.19,0.6271608779316629,-5.3626919693040265e-19,1.0072769141635038,1.1263322755264777,-6.542488783191889e-19,-0.005285890035963369,0.9997580658643845,3.3801395868760495e-20,0.021995675463748733,1.0779138173369435e-21
1.192,0.6294141762629527,-5.375790117497331e-19,1.007266331955264,1.1269639706047183,-6.55627018921768e-19,-0.0052962270747570995,0.9997650319822354,4.3095004259628684e-20,0.021676734660951606,-9.202011010977132e-22
1.194,0.631668725381517,-5.388919484388218e-19,1.0072557298074283,1.1275830758900702,-6.573704427759176e-19,-0.005305831524200784,0.9997718533275711,5.235075514566533e-20,0.02135980556922677,-2.5704403626284448e-21
1.196,0.6339245001884704,-5.402087356822055e-19,1.007245109169385,1.1281896720595532,-6.594772758287966e-19,-0.005314719148700491,0.9997785318987887,6.156907143380013e-20,0.021044884278708823,-3.873631160569392e-21
1.198,0.6361814757461323,-5.415300984513668e-19,1.0072344714591988,1.128783839640654,-6.619456719338772e-19,-0.005322905507643592,0.999785069678118,7.074294475786287e-20,0.0207319668319829,-5.1731794435616565e-21
1.2,0.6384396272777259,-5.428567580302303e-19,1.0072238180640194,1.1293656590090946,-6.647737924674328e-19,-0.005330405956778337,0.9997914686316157,7.986547953177383e-20,0.02042104922471895,-6.812085292456563e-21
1.202,0.640698930167072,-5.441894320274505e-19,1.0072131503404875,1.1299352103866185,-6.679597924262037e-19,-0.005337235649599413,0.9997977307091672,8.894359832388744e-20,0.02011212740615082,-8.446539405354328e-21
1.204,0.6429593599582794,-5.455288343623402e-19,1.007202469615138,1.1304925738388114,-6.715018413461107e-19,-0.0053434095387398005,0.9998038578444849,9.79849393077566e-20,0.019805197279673687,-9.733968496115806e-21
1.206,0.6452208923554297,-5.46875675323002e-19,1.0071917771847998,1.1310378292729422,-6.753981233055435e-19,-0.005348942377368141,0.9998098519551137,1.0696203988051307e-19,0.019500254703342625,-1.2045152994309463e-20
1.208,0.647483503222259,-5.48230553914036e-19,1.0071810743169942,1.1315710564358354,-6.793239522651547e-19,-0.005353848720591697,0.9998157149424359,8.852790683902443e-20,0.019197295490444834,-1.1760150650782957e-20
1.21,0.6497471685818351,-5.495921652428047e-19,1.007170362250329,1.1320923349117662,-6.820955602937437e-19,-0.005358142926864314,0.9998214486916788,7.019491293786228e-20,0.01889631541000845,-1.0791364655948663e-20
1.212,0.6520118646162298,-5.509591030345704e-19,1.0071596421948903,1.1326017441203844,-6.849020880486301e-19,-0.005361839159399387,0.9998270550719244,7.931759342877618e-20,0.018597310187356865,-1.2399203377536654e-20
1.214,0.6542775676661879,-5.52332011891617e-19,1.0071489153326323,1.1330993633146629,-6.880663298183695e-19,-0.005364951387587253,0.9998325359361219,8.839602703227773e-20,0.018300275504622023,-1.4002302452495114e-20
1.216,0.6565442542307919,-5.537116054111723e-19,1.0071381828177626,1.1335852715788732,-6.91586457611157e-19,-0.005367493388417005,0.9998378931211012,9.742434970422763e-20,0.018005207001285422,-1.5944090133416537e-20
1.218,0.6588119009671222,-5.550985935276554e-19,1.007127445777126,1.1340595478265865,-6.954606313248026e-19,-0.005369478747902239,0.9998431284475885,1.0639621395902709e-19,0.017712100274692236,-1.8566765310545404e-20
1.22,0.6610804846899141,-5.564934672377264e-19,1.0071167053105854,1.1345222707987,-6.993641376967877e-19,-0.0053709208625106085,0.9998482437202248,9.343374948993122e-20,0.017420950880581904,-1.8738609067789756e-20
1.222,0.6633499823712105,-5.57895494950911e-19,1.0071059624913987,1.1349735190614898,-7.026509123592317e-19,-0.005371832940596825,0.9998532407275855,9.151469897808288e-20,0.017131754333600778,-1.807447818550979e-20
1.224,0.6656203711400105,-5.593044512355156e-19,1.0070952183665942,1.1354133710046892,-7.062927707324213e-19,-0.0053722280038389185,0.9998581212422017,8.959282916532675e-20,0.016844506107824144,-1.80966950767534e-20
1.226,0.6678916282819145,-5.60720255200559e-19,1.0070844739573424,1.1358419048395914,-7.094268184512144e-19,-0.005372118888677418,0.9998628870205845,8.766744016457522e-20,0.016559201637265937,-1.811942059386315e-20
1.228,0.6701637312387655,-5.6214257481205e-19,1.0070737302593245,1.1362591985971786,-7.128085549381147e-19,-0.005371518247757259,0.9998675398032499,8.572925839855311e-20,0.016275836316393365,-2.019672417687278e-20
1.23,0.6724366576082866,-5.635710436775472e-19,1.007062988243099,1.1366653301262761,-7.154685802311493e-19,-0.0053704385513721215,0.9998720813147465,5.642551009318661e-20,0.01599440550063276,-2.0453041109455607e-20
1.232,0.674710385143715,-5.650038987550735e-19,1.0070522488544655,1.1370603770917311,-7.174109302288832e-19,-0.005368892088911004,0.9998765132636837,5.470303669694973e-20,0.015714904506877563,-1.9092537036082443e-20
1.234,0.6769848917534317,-5.664408574775982e-19,1.007041513014824,1.1374444169726166,-7.196081596574827e-19,-0.005366890970306732,0.9998808373427632,5.2984343941331223e-20,0.015437328613989729,-1.8077885918114757e-20
1.236,0.679260155500589,-5.678817465767335e-19,1.0070307816215331,1.1378175270604596,-7.211978680960028e-19,-0.005364447127486172,0.9998850552288113,4.032072568851476e-20,0.01516167306330153,-1.6211935634355256e-20
1.238,0.6815361546027332,-5.693254969892408e-19,1.007020055548264,1.138179784457495,-7.223980460100381e-19,-0.005361572315821929,0.999889168582813,1.6747168984839406e-20,0.014887933059112192,-1.3842580324859594e-20
1.24,0.683812867431424,-5.707705057400921e-19,1.0070093356453527,1.1385312660749427,-7.22672198032552e-19,-0.0053582781155852984,0.9998931790499472,2.0654586884657155e-20,0.014616103769183776,-1.4628762339735486e-20
1.242,0.6860902725118514,-5.722169715479306e-19,1.0069986227401482,1.13887204863131,-7.239626921080828e-19,-0.0053545759334002055,0.9998970882596254,3.0053273688222804e-20,0.014346180325232844,-1.446536423932935e-20
1.244,0.6883683485224482,-5.736657389410217e-19,1.006987917637359,1.139202208650718,-7.248658696191337e-19,-0.005350477003697944,0.9999008978255295,3.941277717875877e-20,0.014078157823420624,-1.3959375003511915e-20
1.246,0.6906470742944997,-5.75117218631958e-19,1.006977221119396,1.1395218224612527,-7.26567079537984e-19,-0.005345992390172443,0.999904609345653,3.777402353167323e-20,0.013812031324839543,-1.2615417575152794e-20
1.248,0.6929264288117498,-5.76571208295747e-19,1.006966533946711,1.1398309661933377,-7.273400218359726e-19,-0.0053411329872358965,0.9999082244023425,3.066155275930043e-20,0.01354779585599782,-1.1198933087371588e-20
1.25,0.6952063912100045,-5.78027147406996e-19,1.0069558568581365,1.1401297157781343,-7.284808799467087e-19,-0.0053359095214745075,0.9999117445623422,1.808744941159378e-20,0.013285446409300789,-1.0739616920297992e-20
1.252,0.6974869407767313,-5.794840477565586e-19,1.0069451905712172,1.1404181469459624,-7.282657747260391e-19,-0.005330332553104116,0.9999151713768382,9.092767438374193e-23,0.013024977943529996,-1.0209736500855816e-20
1.254,0.6997680569506565,-5.809405671869106e-19,1.0069345357825432,1.1406963352247468,-7.281004345508059e-19,-0.005324412477425534,0.9999185063815051,-2.3315231205263573e-20,0.012766385384319264,-9.610901374496759e-21
1.256,0.7020497193213581,-5.823947597455231e-19,1.0069238931680773,1.140964355938485,-7.25724370993847e-19,-0.005318159526279354,0.9999217510965545,-6.854317864023459e-20,0.012509663624628369,-9.076887176872886e-21
1.258,0.7043319076288572,-5.838435049541919e-19,1.0069132633834807,1.1412222842057407,-7.230848394135282e-19,-0.0053115837695000435,0.9999249070267834,-5.876555339392198e-20,0.012254807525213813,-9.573726298733895e-21
1.26,0.7066146017632055,-5.852873550133565e-19,1.0069026470644364,1.1414701949381583,-7.208289130546009e-19,-0.005304695116369138,0.9999279756616254,-4.904314021162169e-20,0.012001811915097117,-1.0754442497680499e-20
1.262,0.7088977817640695,-5.867270752053447e-19,1.0068920448269674,1.1417081628390018,-7.189546602142326e-19,-0.005297503317067265,0.9999309584752029,-3.937989067274602e-20,0.011750671592030307,-1.2960045504728951e-20
1.264,0.7111814278203128,-5.881634269212363e-19,1.0068814572677542,1.1419362624017158,-7.174601253737014e-19,-0.005290017964124896,0.9999338569263797,-2.976356005336404e-20,0.011501381322958856,-1.516099892701604e-20
1.266,0.7134655202695748,-5.895971676458591e-19,1.0068708849644494,1.1421545679085092,-7.163433545012745e-19,-0.005282248493871592,0.9999366724588162,-2.0193983443243368e-20,0.01125393584448187,-1.7356089711722024e-20
1.268,0.715750039597847,-5.910290509583885e-19,1.006860328475987,1.1423631534289624,-7.156024026754713e-19,-0.00527420418788354,0.9999394065010251,-1.0666990778334525e-20,0.01100832986330971,-1.920309422546811e-20
1.27,0.7180349664390463,-5.92459826576225e-19,1.0068497883428917,1.142562092818656,-7.152353573585769e-19,-0.005265894174429219,0.9999420604664278,-1.1744063493800797e-21,0.010764558056718903,-2.001836812660785e-20
1.272,0.7203202815745855,-5.938902404313494e-19,1.006839265087584,1.1427514597178217,-7.15240341728716e-19,-0.005257327429913005,0.9999446357534135,8.27651844928522e-21,0.01052261507300446,-2.0488415880496644e-20
1.274,0.7226059659329415,-5.95321034729929e-19,1.0068287592146816,1.1429313275500161,-7.156155061725573e-19,-0.005248512780316558,0.9999471337453983,1.7686162223566086e-20,0.010282495531929508,-2.0613646301271238e-20
1.276,0.7248920005892204,-5.967529479976544e-19,1.0068182712113003,1.1431017695208165,-7.163590160337535e-19,-0.005239458902637772,0.9999495558108851,2.7040472791126864e-20,0.010044194025172336,-2.1765443054014945e-20
1.278,0.7271783667647208,-5.981867150768344e-19,1.0068078015473487,1.1432628586165379,-7.174690204808837e-19,-0.005230174326327153,0.9999519033035259,3.634295360157032e-20,0.009807705116770774,-2.3600346187369752e-20
1.28,0.7294650458264931,-5.996230670862904e-19,1.0067973506758234,1.1434146676029715,-7.18943644311843e-19,-0.005220667434721455,0.9999541775621847,4.5593528289594e-20,0.009573023343563969,-2.6115915998497756e-20
1.282,0.7317520192868979,-6.010627313785497e-19,1.006786919033099,1.1435572690241464,-7.207809981384469e-19,-0.005210946466474375,0.9999563799110005,5.479564083609987e-20,0.009340143215631537,-2.89678875536065e-20
1.284,0.7340392688031613,-6.025062162494879e-19,1.006776507039216,1.1436907352011112,-7.225486587123261e-19,-0.00520101951698419,0.9999585116594527,3.107514488223704e-20,0.0091090592167301,-2.9792335399377305e-20
1.286,0.7363267761769271,-6.039519823348427e-19,1.0067661150981668,1.1438151382307373,-7.231705796650017e-19,-0.005190894539818145,0.9999605741024268,2.3926572302398787e-20,0.008879765804727211,-2.939412846573585e-20
1.288,0.738614523353808,-6.05399430530183e-19,1.0067557435981764,1.1439305499845438,-7.242667931183008e-19,-0.005180579348133433,0.999962568520281,2.2300006863222966e-20,0.008652257412032675,-2.6990075985096803e-20
1.29,0.7409024924229333,-6.06848251148245e-19,1.0067453929119836,1.144037042107543,-7.24435429177621e-19,-0.005170081616094649,0.9999644961789144,4.22939692835359e-21,0.008426528446027272,-2.513472437844422e-20
1.292,0.7431906656164948,-6.082973466114252e-19,1.0067350633971157,1.1441346860171064,-7.247574745599237e-19,-0.005159408880287531,0.9999663583298352,1.9115732439883256e-20,0.008202573289488889,-2.630251414010682e-20
1.294,0.7454790253092907,-6.097476698095828e-19,1.006724755396164,1.1442235529018527,-7.256626994833664e-19,-0.005148568541128833,0.9999681562102306,3.393961345390196e-20,0.007980386301016057,-2.64392688644091e-20
1.296,0.7477675540182664,-6.112003842146579e-19,1.0067144692370533,1.144303713720555,-7.271482239679778e-19,-0.005137567864272252,0.9999698910430376,4.8698929744045974e-20,0.0077599618154489056,-2.5889670283175502e-20
1.298,0.7500562344020546,-6.1265664757609845e-19,1.006704205233311,1.144375239201069,-7.292112024317158e-19,-0.005126413982010151,0.9999715640370135,6.338860044605655e-20,0.0075412941442875425,-2.534104387469662e-20
1.3,0.7523450492605115,-6.141176119696563e-19,1.006693963684332,1.144438199839282,-7.318488018256895e-19,-0.0051151138946710995,0.999973176386809,7.800105032019075e-20,0.007324377576107855,-2.5821332071228246e-20
1.302,0.7546339815342522,-6.155844237906922e-19,1.0066837448756412,1.1444926658980812,-7.350581738965028e-19,-0.005103674472012912,0.9999747292730409,9.253890798856666e-20,0.00710920637697475,-2.6986245166481565e-20
1.304,0.7569230143041841,-6.170582237255559e-19,1.0066735490791534,1.1445387074063424,-7.3883645701716875e-19,-0.005092102454611206,0.9999762238623655,1.0700725100705329e-19,0.006895774790852827,-2.814803250954229e-20
1.306,0.7592121307910372,-6.185401467414328e-19,1.0066633765534303,1.1445763941579385,-7.43180797561269e-19,-0.005080404455243259,0.9999776613075539,1.213993322514314e-19,0.006684077040014502,-3.03338401424373e-20
1.308,0.7615013143548935,-6.200312144565083e-19,1.0066532275439344,1.1446057957107683,-7.478730708912314e-19,-0.00506858696026708,0.9999790427475671,1.138112066018926e-19,0.006474107325445571,-2.9627083105990743e-20
1.31,0.7637905484947142,-6.215309367655754e-19,1.006643102283281,1.1446269813858034,-7.517280802580784e-19,-0.005056656330995524,0.9999803693076316,1.0079254152435745e-19,0.006265859827248241,-2.8543916762275584e-20
1.312,0.7660798168478644,-6.230381809685639e-19,1.0066330009914863,1.1446400202661569,-7.553952873934795e-19,-0.005044618805065405,0.9999816420993168,8.233579395675415e-20,0.006059328705041613,-2.811344899125558e-20
1.314,0.7683691031896371,-6.245516034252005e-19,1.0066229238762143,1.1446449811961683,-7.579069096057837e-19,-0.005032480497801406,0.9999828622206124,6.397127481877565e-20,0.005854508098359635,-2.6999670236085837e-20
1.316,0.7706583914327744,-6.260699750592718e-19,1.006612871133019,1.1446419327805109,-7.60560306251226e-19,-0.005020247403574708,0.9999840307560058,7.857238354587963e-20,0.005651392127046534,-2.882213048714622e-20
1.318,0.7729476656269871,-6.275942255287041e-19,1.0066028429455853,1.1446309433833153,-7.637852851875637e-19,-0.0050079253971562696,0.9999851487765617,9.310564252511524e-20,0.005449974891649718,-3.0297725183611706e-20
1.32,0.7752369099584734,-6.291254951261376e-19,1.0065928394859676,1.144612081127314,-7.675789744842099e-19,-0.00499552023506444,0.9999862173400013,1.0756751386807781e-19,0.005250250473810175,-3.211257891618343e-20
1.322,0.7775261087494344,-6.306647031317135e-19,1.0065828609148237,1.1445854138930027,-7.715079699320375e-19,-0.004983037556907242,0.9999872374907814,9.456053502027481e-20,0.005052212936650353,-3.138070150607993e-20
1.324,0.7798152464575897,-6.322109701799561e-19,1.0065729073816483,1.1445510093178226,-7.747101822301816e-19,-0.004970482886718627,0.9999882102601766,8.709836708573546e-20,0.004855856325159544,-3.067830109794955e-20
1.326,0.7821043076756898,-6.337637796717098e-19,1.0065629790250024,1.1445089347953588,-7.78158283677977e-19,-0.004957861634289083,0.9999891366663587,9.063643797314262e-20,0.0046611746665767735,-3.003078925634531e-20
1.328,0.7843932771310281,-6.353235505209766e-19,1.0065530759727404,1.144459257474558,-7.816354733405825e-19,-0.004945179096490245,0.9999900177144794,1.0511380136345976e-19,0.004468161970771197,-2.87504008202304e-20
1.33,0.7866821396849504,-6.368911300388099e-19,1.0065431983422346,1.1444020442589649,-7.857871037937461e-19,-0.0049324404585935145,0.9999908543967518,9.757674940221277e-20,0.004276812230620014,-3.080054404778507e-20
1.332,0.7889708803323635,-6.384659975983462e-19,1.0065333462405976,1.1443373618059756,-7.891032235375826e-19,-0.0049196507955825124,0.9999916476925339,1.0105588596080241e-19,0.004087119422383912,-3.2209042537942535e-20
1.334,0.7912594842012424,-6.400484962482027e-19,1.006523519764901,1.1442652765261097,-7.935257137542429e-19,-0.0049068150734593655,0.9999923985684108,1.1548016149209752e-19,0.0038990775060800315,-3.4344176409602296e-20
1.336,0.7935479365521356,-6.416396134892635e-19,1.006513719002392,1.1441858545822996,-7.975419683440929e-19,-0.004893938150544619,0.9999931079782787,1.0242945454224064e-19,0.0037126804258524743,-3.465379464913182e-20
1.338,0.7958362227776694,-6.432387537737906e-19,1.0065039440307082,1.1440991618891978,-8.0169268164720795e-19,-0.004881024778770831,0.9999937768634289,1.1686271291121664e-19,0.003527922110340352,-3.266583355189907e-20
1.34,0.7981243284020505,-6.448466523306296e-19,1.0064941949180881,1.144005264112501,-8.061921615528592e-19,-0.004868079604969608,0.9999944061526324,1.0929185052382187e-19,0.0033447964730433867,-3.231865909688947e-20
1.342,0.8004122390805674,-6.46462820724755e-19,1.006484471723581,1.1439042266682922,-8.099628442107165e-19,-0.004855107172152128,0.9999949967622241,1.0177339720428479e-19,0.0031632974126850665,-3.094470740672413e-20
1.344,0.8026999405990907,-6.480866301292103e-19,1.0064747744972524,1.1437961147224003,-8.137616550406366e-19,-0.004842111920782962,0.9999955495961892,8.880892559845158e-20,0.0029834188135733648,-2.955701251214303e-20
1.346,0.8049874188735718,-6.497170602466592e-19,1.0064651032803886,1.1436809931897753,-8.165121243607635e-19,-0.004829098190047226,0.9999960655462475,6.492801131873266e-20,0.0028051545459590304,-2.814065250563333e-20
1.348,0.8072746599495408,-6.513524493122776e-19,1.006455458105698,1.143558926733882,-8.188647850400822e-19,-0.004816070219110881,0.9999965454919402,6.308432416827646e-20,0.0026284984663914545,-2.473284835549031e-20
1.35,0.8095616500016026,-6.529924704352087e-19,1.0064458389975086,1.143429979766109,-8.211442540135536e-19,-0.004803032148374155,0.9999969903007155,6.125055507006423e-20,0.0024534444180721203,-2.1333061057261228e-20
1.352,0.8118483753329323,-6.54636977686188e-19,1.0064362459719665,1.143294216445196,-8.23350987998654e-19,-0.004789988020718048,0.9999974008280159,5.942849836489483e-20,0.0022799862312056465,-1.725635874874245e-20
1.354,0.8141348223747694,-6.562856107891596e-19,1.0064266790372276,1.1431517006766763,-8.250549049234731e-19,-0.00477694178274379,0.9999977779173644,2.471462425866145e-20,0.0021081177233484255,-1.5855544733751067e-20
1.356,0.8164209776859109,-6.579358587238782e-19,1.0064171381936502,1.1430024961123357,-8.250745337760001e-19,-0.004763897286005202,0.9999981224004523,6.607862694736461e-21,0.0019378326997548665,-1.689189938488687e-20
1.358,0.8187068279522032,-6.595861550702288e-19,1.0064076234339834,1.1428466661496888,-8.250320346643805e-19,-0.004750858288233874,0.9999984350972246,-2.238872493151251e-20,0.0017691249537212489,-1.6533955064845056e-20
1.36,0.8209923599860328,-6.612343664368373e-19,1.0063981347435533,1.1426842739314698,-8.229904495229077e-19,-0.004737828454557154,0.9999987168159731,-4.028765956459475e-20,0.0016019882669272062,-1.8936879955144564e-20
1.362,0.8232775607258167,-6.628790155445103e-19,1.006388672100448,1.14251538234514,-8.217572668528631e-19,-0.004724811358708887,0.9999989683534167,-3.618205745567405e-20,0.0014364164097748116,-1.9313367441371266e-20
1.364,0.8255624172354912,-6.6452049635728485e-19,1.0063792354756977,1.1423400540224118,-8.196066755841673e-19,-0.004711810484232765,0.9999991904947948,-5.4036082809122813e-20,0.0012724031417253208,-1.7944166029911974e-20
1.366,0.8278469167039996,-6.661576231445002e-19,1.006369824833455,1.1421583513387872,-8.176190633558785e-19,-0.004698829225678264,0.9999993840139536,-3.8914190394824047e-20,0.0011099422116335421,-1.9704538796256844e-20
1.368,0.8301310464447799,-6.677912602291488e-19,1.0063604401311712,1.1419703364131124,-8.160088668755888e-19,-0.004685870889789152,0.9999995496734354,-4.5792735571545024e-20,0.0009490273580798565,-1.9722689719846973e-20
1.37,0.8324147938952505,-6.694210480149614e-19,1.0063510813197714,1.1417760711071478,-8.138058554628429e-19,-0.004672938696684489,0.9999996882245663,-4.7155866015276e-20,0.0007896523096998922,-1.9746881180489302e-20
1.372,0.8346981466162964,-6.71046843835331e-19,1.0063417483438253,1.1415756170251536,-8.119809801251897e-19,-0.0046600357810320635,0.9999998004075458,-4.852611992568795e-20,0.0006318107855118611,-2.0113722640678744e-20
1.374,0.8369810922917527,-6.726685048899626e-19,1.0063324411417183,1.1413690355134896,-8.096711303237412e-19,-0.004647165193214193,0.9999998869515351,-4.988976404663137e-20,0.0004754964952415634,-2.0479752119478126e-20
1.3760000000000001,0.8392636187278893,-6.742858530156514e-19,1.006323159645818,1.1411563876602309,-8.076322995114375e-19,-0.004634329900485903,0.9999999485747467,-5.671668006926365e-20,0.00032070313964506893,-2.05005223264488e-20
1.3780000000000001,0.8415457138528938,-6.758984962619329e-19,1.0063139037826399,1.1409377342947982,-8.050022578168255e-19,-0.0046215327881253725,0.9999999859845332,-5.804121155082742e-20,0.00016742441082908205,-2.0180405899938596e-20
1.3800000000000001,0.8438273657163533,-6.775063670923334e-19,1.0063046734730092,1.1407131359876033,-8.029675604932925e-19,-0.004608776660576653,0.9999999998774762,-4.839422808938603e-20,1.5653992568997175e-05,-1.917681552893659e-20
1.3820000000000001,0.8461085624887368,-6.791102951855554e-19,1.006295468632223,1.1404826530497083,-8.010951037009049e-19,-0.004596064242584589,0.9999999909394763,-2.7827180700356595e-20,-0.00013461443937534765,-1.7832356519049526e-20
1.3840000000000001,0.8483892924608755,-6.807114295151296e-19,1.006286289170207,1.1402463455324998,-8.0002973347756545e-19,-0.004583398180321903,0.9999999598458419,-3.4757236395634876e-20,-0.0002833872169462117,-1.9577951260168516e-20
1.3860000000000001,0.8506695440434436,-6.8230947813675815e-19,1.0062771349916724,1.1400042732273776,-7.9793784704466435e-19,-0.0045707810425084285,0.9999999072613787,-5.262015780560266e-20,-0.00043067067947677863,-2.1665211710160498e-20
1.3880000000000001,0.8529493057664381,-6.839031826082937e-19,1.0062680059962692,1.1397564956654578,-7.957938542293267e-19,-0.004558215321522418,0.9999998338404794,-5.942180483116044e-20,-0.000576471173382264,-2.0658885136436463e-20
1.3900000000000001,0.8552285662786573,-6.854920449393174e-19,1.0062589020787382,1.1395030721172892,-7.929524116489159e-19,-0.004545703434503928,0.999999740227213,-6.619025744930476e-20,-0.0007207950518532948,-2.0339917722885747e-20
1.3920000000000001,0.85750731434718,-6.870752473865493e-19,1.0062498231290604,1.1392440615925847,-7.902776911544231e-19,-0.004533247724450233,0.9999996270554141,-6.744447537257238e-20,-0.0008636486745515533,-1.967596830039431e-20
1.3940000000000001,0.8597855388568433,-6.886529791688072e-19,1.0062407690326036,1.138979522839966,-7.875534575111471e-19,-0.004520850461303226,0.9999994949487726,-5.2257507385543866e-20,-0.0010050384073076785,-1.899947135347533e-20
1.3960000000000001,0.8620632288097204,-6.902262898385233e-19,1.006231739670268,1.1387095143467219,-7.859637392587311e-19,-0.0045085138430287965,0.9999993445209231,-3.165979902663981e-20,-0.0011449706218214161,-1.866182366772219e-20
1.3980000000000001,0.8643403733245976,-6.917967256318647e-19,1.006222734918629,1.1384340943385804,-7.844268113203256e-19,-0.004496239996688134,0.999999176375534,-3.857544806041224e-20,-0.001283451695364013,-1.5272502682771563e-20
1.4000000000000001,0.8666169616364506,-6.93363816876806e-19,1.0062137546500776,1.1381533207794952,-7.826194166053454e-19,-0.004484030979500969,0.9999989911063976,-4.5456983195337896e-20,-0.0014204880104828426,-1.2233491292356767e-20
1.4020000000000001,0.8688929830959214,-6.949270240458421e-19,1.0062047987329594,1.1378672513714432,-7.805429599218588e-19,-0.004471888779900685,0.9999987892975184,-5.23046265258862e-20,-0.0015560859547082608,-9.543964577120274e-21
1.4040000000000001,0.8711684271687936,-6.96485810411129e-19,1.006195867031711,1.137575943554238,-7.781988352261431e-19,-0.004459815318581298,0.9999985715232033,-5.9119036595223e-20,-0.001690251920262679,-6.860844510462877e-21
1.4060000000000001,0.8734432834354683,-6.980396420208081e-19,1.0061869594069945,1.1372794545053548,-7.755884239928425e-19,-0.004447812449536296,0.9999983383481501,-6.589936194198172e-20,-0.0018229923037718493,-4.869443322596917e-21
1.408,0.8757175415904389,-6.99587987664733e-19,1.0061780757158298,1.1369778411397686,-7.727130844434875e-19,-0.004435881961089289,0.9999980903275372,-7.264595317914566e-20,-0.001954313505978355,-3.567314763936914e-21
1.41,0.8779911914417663,-7.011303188299981e-19,1.006169215811725,1.1366711601098056,-7.695741594966338e-19,-0.004424025576916467,0.9999978280071119,-7.935950770166082e-20,-0.002084221931457296,-2.610981468308038e-21
1.412,0.8802642229105532,-7.026661096760103e-19,1.0061603795448042,1.1363594678050073,-7.661729768262328e-19,-0.004412244957060865,0.9999975519232797,-8.604174607834975e-20,-0.002212723988334163,-1.3147140159066687e-21
1.414,0.8825366260304185,-7.041948370145762e-19,1.0061515667619345,1.136042820352007,-7.625108660489211e-19,-0.004400541698938384,0.9999972626031927,-9.269483665022195e-20,-0.0023398260880048947,1.3490650830985576e-21
1.416,0.8848083909469715,-7.057159803315057e-19,1.00614277730685,1.1357212736144187,-7.585891694903989e-19,-0.004388917338335599,0.9999969605648389,-9.931412471810062e-20,-0.002465534644858108,3.3215523554523517e-21
1.418,0.8870795079172854,-7.072290217848588e-19,1.0061340110202739,1.1353948831927392,-7.544092125623965e-19,-0.004377373350399291,0.9999966463171297,-1.0589834292919844e-19,-0.002589856075999492,3.918653800870477e-21
1.42,0.8893499673093714,-7.087334461542889e-19,1.0061252677400387,1.135063704424261,-7.499722907117859e-19,-0.0043659111506177345,0.9999963203599889,-1.1245128806142996e-19,-0.0027127968009783617,4.514265410950289e-21
1.422,0.891619759601652,-7.102287407961238e-19,1.006116547301205,1.1347277923829995,-7.452796904846896e-19,-0.004354532095793715,0.9999959831844406,-1.1897298506089775e-19,-0.0028343632415163624,5.1083860086852796e-21
1.424,0.8938888753824342,-7.117143956358265e-19,1.0061078495361775,1.1343872018796297,-7.403326930898157e-19,-0.004343237485009264,0.9999956352726972,-1.2546362526660077e-19,-0.002954561821238315,5.700607897194775e-21
1.426,0.8961573053493833,-7.131899031547264e-19,1.0060991742748193,1.1340419874614371,-7.351325729202327e-19,-0.004332028560582112,0.9999952770982473,-1.3192437197224947e-19,-0.0030733989654051982,6.633996660543171e-21
1.428,0.8984250403089956,-7.146547583801402e-19,1.0060905213445654,1.1336922034122792,-7.296806039559698e-19,-0.004320906509013856,0.9999949091259428,-1.3835525152265565e-19,-0.003190881100649257,7.90773905006811e-21
1.43,0.9006920711760716,-7.161084588896053e-19,1.0060818905705324,1.1333379037525584,-7.23978059513026e-19,-0.0043098724619298374,0.9999945318120868,-1.447543061764151e-19,-0.003307014654711232,8.835703800555157e-21
1.432,0.9029583889731893,-7.175505047956561e-19,1.0060732817756277,1.132979142239208,-7.180262028388172e-19,-0.004298927497010715,0.9999941456045205,-1.5112391455536962e-19,-0.003421806056179694,1.0103618808317029e-20
1.434,0.9052239848301767,-7.189803987351198e-19,1.0060646947806566,1.132615972365688,-7.118262931831048e-19,-0.004288072638915742,0.9999937509427103,-1.574630926852858e-19,-0.0035352617342324926,1.1368826135932813e-20
1.436,0.9074888499835859,-7.203976458573342e-19,1.0060561294044275,1.1322484473619927,-7.05379585601831e-19,-0.004277308860197761,0.9999933482578345,-1.6377194866305456e-19,-0.0036473881183802927,1.2630515338637294e-20
1.438,0.9097529757761651,-7.218017538146471e-19,1.0060475854638544,1.131876620194671,-6.986873272848042e-19,-0.0042666370822098815,0.9999929379728696,-1.7004692180594515e-19,-0.003758191638212203,1.2861118563106503e-20
1.44,0.9120163536563323,-7.231922327373423e-19,1.0060390627740596,1.1315005435668555,-6.917507462779711e-19,-0.004256058176003898,0.9999925205026763,-1.7629085369512414e-19,-0.0038676787231434824,1.2747986666031232e-20
1.442,0.9142789751776483,-7.245685951941241e-19,1.0060305611484723,1.1311202699183038,-6.845710530563582e-19,-0.0042455729632203745,0.999992096254086,-1.8250267891943567e-19,-0.003975855802165322,1.1950488839591002e-20
1.444,0.9165408319982904,-7.259303561590919e-19,1.0060220803989277,1.1307358514254515,-6.771494450302693e-19,-0.0042351822169704985,0.9999916656259863,-1.8868522559953044e-19,-0.004082729303596691,1.115474804538093e-20
1.446,0.9188019158805251,-7.272770329926758e-19,1.006013620335762,1.1303473400014745,-6.694871123232866e-19,-0.004224886662709612,0.9999912290094061,-1.9483999376676884e-19,-0.004188305654838238,1.0703820401959873e-20
1.448,0.9210622186901822,-7.28608145436778e-19,1.0060051807679073,1.1299547872963627,-6.615852441530216e-19,-0.00421468697910249,0.999990786787601,-2.0096571797051855e-19,-0.004292591282128241,1.0254631609854634e-20
1.45,0.9233217323961286,-7.299232156041205e-19,1.005996761502985,1.1295582446970043,-6.534450244723043e-19,-0.00420458379888037,0.9999903393361382,-2.0706102429248264e-19,-0.004395592610300602,9.46370273191308e-21
1.452,0.9255804490697416,-7.312217679677009e-19,1.0059883623473955,1.1291577633272807,-6.450676266007517e-19,-0.004194577709689704,0.999989887022981,-2.1312464956973174e-19,-0.004497316062544873,7.989180821444515e-21
1.454,0.9278383608843835,-7.325033293313135e-19,1.005979983106409,1.1287533940481713,-6.364542087556027e-19,-0.004184669254932691,0.9999894302085727,-2.191583074090919e-19,-0.004597768060168307,6.175339679504583e-21
1.456,0.930095460114876,-7.337674288046702e-19,1.0059716235842517,1.1283451874578694,-6.276059191287496e-19,-0.004174858934599568,0.9999889692459206,-2.251637047680402e-19,-0.004696955022359928,4.365637097040169e-21
1.458,0.9323517391369741,-7.350135977866846e-19,1.0059632835841932,1.1279331938919068,-6.185238996395182e-19,-0.004165147206092696,0.9999885044806803,-2.311409703633127e-19,-0.004794883365956611,2.5604650937902183e-21
1.46,0.9346071904268416,-7.36241369956975e-19,1.0059549629086295,1.1275174634232903,-6.092092888507796e-19,-0.004155534485042413,0.9999880362512382,-2.3709183810828006e-19,-0.00489155950521116,1.1020602262186822e-21
1.462,0.9368618065605258,-7.374502812698616e-19,1.0059466613591668,1.1270980458626465,-5.996632248335196e-19,-0.00414602114611473,0.9999875648887946,-2.430180417243662e-19,-0.004986989851562389,3.3225397523846357e-22
1.464,0.939115580213433,-7.386398699621701e-19,1.005938378736702,1.1266749907583777,-5.898868515325439e-19,-0.00413660752381085,0.9999870907174463,-2.48921313782378e-19,-0.0050811808134071795,5.92067595021797e-22
1.466,0.9413685041598043,-7.398096765643849e-19,1.0059301148415025,1.1262483473968268,-5.798813173643206e-19,-0.004127293913258507,0.999986614054269,-2.547931371756502e-19,-0.005174138795874521,1.665832570590139e-22
1.468,0.9436205712721917,-7.409592438936215e-19,1.0059218694732845,1.1258181648024517,-5.696477592923369e-19,-0.004118080570995203,0.9999861352093993,-2.606337130782441e-19,-0.005265870200601526,-9.429851512106676e-22
1.47,0.945871774520934,-7.420881170275992e-19,1.0059136424312887,1.1253844917380103,-5.591873009977604e-19,-0.004108967715743278,0.9999856544861156,-2.6644678438427878e-19,-0.005356381425511396,-2.0501128865044727e-21
1.472,0.9481221069736343,-7.431958432840649e-19,1.0059054335143551,1.1249473767047535,-5.485010586745495e-19,-0.0040999555291769355,0.9999851721809201,-2.7222886762154735e-19,-0.005445678864593359,-3.8401230680643026e-21
1.474,0.9503715617946369,-7.442819721990544e-19,1.0058972425209975,1.1245068679426287,-5.375901356466634e-19,-0.004091044156681142,0.9999846885836188,-2.77985689049966e-19,-0.0055337689076845374,-5.284244129883782e-21
1.476,0.9526201322445046,-7.453460555145821e-19,1.0058890692494742,1.1240630134304919,-5.264556357456499e-19,-0.0040822337081025,0.9999842039774025,-2.8371917772800966e-19,-0.005620657940253763,-6.039830948021358e-21
1.478,0.9548678116794973,-7.463876471814078e-19,1.0058809134978586,1.1236158608863291,-5.150986634651414e-19,-0.004073524258492054,0.9999837186389267,-2.8942367621707695e-19,-0.005706352343187327,-7.135675278000367e-21
1.48,0.95711459355105,-7.474063033553768e-19,1.0058727750641083,1.1231654577674874,-5.035203184166149e-19,-0.004064915848840108,0.999983232838391,-2.9510517547933747e-19,-0.005790858492576644,-7.5438190684042e-21
1.482,0.959360471405252,-7.484015823914696e-19,1.0058646537461324,1.122711851270913,-4.917217027530444e-19,-0.004056408486803049,0.9999827468396185,-3.0076364807209036e-19,-0.005874182759507838,-7.26589536524712e-21
1.484,0.9616054388823265,-7.493730448534111e-19,1.0058565493418572,1.1222550883334013,-4.797039196632235e-19,-0.004048002147422211,0.9999822609001348,-3.0639530288054056e-19,-0.005956331509853233,-6.988439720674728e-21
1.486,0.9638494897161102,-7.503202535062628e-19,1.0058484616492906,1.121795215631852,-4.674680687764516e-19,-0.004039696773834753,0.9999817752712463,-3.1200020943455457e-19,-0.0060373111040647465,-6.7118604987199274e-21
1.488,0.9660926177335338,-7.512427733093881e-19,1.0058403904665862,1.1213322795835365,-4.5501524564453895e-19,-0.004031492277976704,0.999981290198118,-3.1758050497107973e-19,-0.006117127896969169,-6.0943159803730275e-21
1.49,0.9683348168541035,-7.52140171412698e-19,1.0058323355921042,1.120866326346371,-4.423465430953731e-19,-0.004023388541278076,0.9999808059198515,-3.2313218236298253e-19,-0.006195788237565334,-5.82071002105638e-21
1.492,0.9705760810893819,-7.530120171424316e-19,1.005824296824471,1.1203974018191996,-4.2946304448361267e-19,-0.0040153854153501005,0.9999803226695622,-3.286553977764204e-19,-0.006273298468823161,-5.890637194143542e-21
1.494,0.9728164045424704,-7.5385788198297665e-19,1.0058162739626402,1.1199255516420852,-4.163658254991935e-19,-0.004007482722664671,0.9999798406744554,-3.341524285369942e-19,-0.006349664927484559,-5.961038134559648e-21
1.496,0.9750557814074925,-7.546773395641739e-19,1.005808266805948,1.1194508211966088,-4.0305595675432957e-19,-0.003999680257225993,0.9999793601559037,-3.3962987688261545e-19,-0.006424893943866209,-5.003545187544551e-21
1.498,0.9772942059690761,-7.554699656622347e-19,1.0058002751541713,1.1189732556061776,-3.895345151441949e-19,-0.003991977785234411,0.9999788813295222,-3.450877255879575e-19,-0.006498991841664181,-3.020597454164255e-21
1.5,0.979531616267944,-7.562324992423772e-19,1.0057963902341704,1.1184335164550627,-3.7295623164088025e-19,0.00010701036650598988,0.9999758827011987,-3.5052214687048837e-19,-0.006945071342987937,-5.715821770550511e-22
1.502,0.9817679758404674,-7.569644096486294e-19,1.0057967478167573,1.117922216199309,-3.588103145703429e-19,0.00025051664156892326,0.9999716647531038,-3.614012935941358e-19,-0.007527927397820766,5.113606093481091e-22
1.504,0.9840032933147427,-7.57667430008977e-19,1.0057973924756127,1.1173917567251734,-3.441839248971525e-19,0.00039408763214969543,0.9999675225409121,-3.7495710002197024e-19,-0.008059395969375313,-1.6003625363975539e-22
1.506,0.9862375263013256,-7.583409450173123e-19,1.0057983242431852,1.116837497225676,-3.294046437533608e-19,0.0005376176534223219,0.9999627956508228,-3.6380371699690985e-19,-0.008625967435118486,9.24911448718572e-22
1.508,0.9884706306657863,-7.589854537220275e-19,1.005799543058984,1.1162633557820232,-3.150689123293002e-19,0.0006811356870214119,0.9999580558071375,-3.63657672367728e-19,-0.009158964265161574,8.728140780541057e-22
1.51,0.990702564124331,-7.596010816926006e-19,1.0058010488207847,1.1156664531172902,-3.0063218422151844e-19,0.0008245572289075401,0.9999528283297516,-3.5256575558530274e-19,-0.009712935464172996,1.2718630484007332e-21
1.512,0.9929332833877252,-7.601887114612624e-19,1.0058028413426825,1.1150493077838302,-2.870703710642891e-19,0.0009678947574469829,0.9999475230154372,-3.415316524279887e-19,-0.010244570039427406,2.3476024616180383e-21
1.514,0.9951627464288441,-7.607492216209311e-19,1.005804920392786,1.114410151336248,-2.735122527824924e-19,0.0011110799939121156,0.9999418048950487,-3.305600308008425e-19,-0.010788272486054122,4.452603031893769e-21
1.516,0.9973909106812616,-7.612834867552373e-19,1.0058072856631595,1.1137506195236988,-2.609334173996821e-19,0.0012541134056968278,0.9999359637623396,-3.0867992474044744e-19,-0.011316729858133937,7.351333548969662e-21
1.518,0.9996177344691946,-7.617930997404979e-19,1.0058099367970998,1.1130696443344132,-2.4867880283049967e-19,0.0013969388711172288,0.9999297668231538,-3.0879686960084605e-19,-0.011851642122260187,6.913055740027331e-21
1.52,1.0018431758712485,-7.622782011384124e-19,1.0058128733680678,1.112368304601783,-2.3642181353844803e-19,0.0015395484183124083,0.9999234170290456,-3.0889441041240187e-19,-0.012375785912747489,4.760493305511215e-21
1.522,1.0040671936220906,-7.627387860865895e-19,1.0058160948992094,1.1116459739078017,-2.2416231922852456e-19,0.0016818949263554853,0.9999167547806709,-3.089775634162643e-19,-0.012902848867310555,1.2441480088266351e-21
1.524,1.0062897463956906,-7.63174740943901e-19,1.0058196008488849,1.1109033796962942,-2.1184589342445498e-19,0.0018239646950158142,0.9999099212916736,-3.1733927183231916e-19,-0.013421970886577235,1.740332976105255e-21
1.526,1.0085107933738175,-7.635856991611626e-19,1.0058233906245577,1.110140173890408,-1.9903942084814148e-19,0.001965717243108321,0.999902808571207,-3.2842624688864584e-19,-0.013941786521569785,3.226774836083904e-21
1.528,1.0107302937938412,-7.639706463362359e-19,1.0058274635730609,1.109356862159672,-1.859075494631082e-19,0.002107135135375711,0.9998955145406111,-3.284508584209578e-19,-0.014455448853886025,2.463497044007071e-21
1.53,1.0129482073070957,-7.643295120711274e-19,1.0058318189904687,1.1085532718020126,-1.7299401042999293e-19,0.0022481828082954874,0.999887967140344,-3.284886452331371e-19,-0.01496840565828765,1.7020047163886726e-21
1.532,1.0151644936935258,-7.646622977127859e-19,1.0058364561157094,1.1077297684519019,-1.5986358417488385e-19,0.0023888405235326735,0.9998802342617282,-3.2305076267636257e-19,-0.015476341063453889,1.3657365457583979e-21
1.534,1.0173791130875207,-7.649695100577685e-19,1.0058413741376118,1.1068862898375693,-1.473843259544948e-19,0.0025290764018133295,0.9998722686030569,-3.1765620402253567e-19,-0.015982693095253988,1.3715615988794637e-21
1.536,1.0195920257977773,-7.652516168509593e-19,1.0058465721908478,1.1060231131031566,-1.3468550072501432e-19,0.002668869411747578,0.9998641174054386,-3.1228017474988704e-19,-0.01648474218919129,5.4743098598520544e-24
1.538,1.0218031924495452,-7.655088659643602e-19,1.0058520493610146,1.105140245442628,-1.2252654496330746e-19,0.002808190486532768,0.9998557502763953,-3.1239359509107107e-19,-0.016984658937627094,-1.7914838397883028e-21
1.54,1.024012573870842,-7.657412149394594e-19,1.0058578046821822,1.1042379080115978,-1.0982156535499287e-19,0.0029470180033299214,0.999847200355528,-3.179891821825858e-19,-0.017480730568640798,-2.9939408604566595e-21
1.542,1.0262201311819765,-7.65948405226442e-19,1.0058638371406192,1.1033161516289602,-9.73317962367302e-20,0.0030853250974264518,0.9998384487099498,-3.2355369559850415e-19,-0.017974328395849632,-5.222195878047222e-21
1.544,1.0284258257236023,-7.66129962453734e-19,1.0058701456734362,1.1023751619538527,-8.408024512635853e-20,0.0032230900352393883,0.9998295189024924,-3.3455262824859936e-19,-0.018464374649889908,-8.914738814244544e-21
1.546,1.030629619112986,-7.662850889202124e-19,1.005876729171381,1.101415017127615,-7.115428015366008e-20,0.003360287729387945,0.9998203997115024,-3.181311355602468e-19,-0.018951736615217322,-1.0036405597840813e-20
1.548,1.0328314731984427,-7.664150132280185e-19,1.0058835864782216,1.1004358802309044,-5.887755791951279e-20,0.0034968966604757303,0.9998111082226622,-3.017888829171876e-19,-0.01943573704733217,-1.115647167720316e-20
1.55,1.0350313500946253,-7.665210305737024e-19,1.005890716392907,1.099437846440711,-4.7246791978121835e-20,0.0036328932237019176,0.9998016383675389,-2.8553197817688617e-19,-0.019916925404939608,-1.1932562999508026e-20
1.552,1.0372292121535918,-7.66604429610571e-19,1.0058981176694448,1.0984210644006531,-3.625872234802673e-20,0.0037682563302791207,0.999792002862848,-2.693330457627376e-19,-0.020394877089501478,-1.3735986476678035e-20
1.554,1.0394250219868593,-7.666663840345939e-19,1.00590578901863,1.0973856398306217,-2.558486233825649e-20,0.0039029636532853878,0.9997821990592545,-2.806821623521845e-19,-0.020869941165277097,-1.3012996011250193e-20
1.556,1.0416187424469547,-7.667060747818303e-19,1.0059137291082498,1.0963317120663898,-1.4031628095547103e-20,0.00403699467612835,0.9997722367296733,-2.9197002626517784e-19,-0.021341852416008975,-1.1948020395302948e-20
1.558,1.0438103366411178,-7.667228679583252e-19,1.0059219365645171,1.0952593932709156,-2.90445806466406e-21,0.004170328206874439,0.9997621154749591,-2.702653596910269e-19,-0.021810833570389276,-1.2581561389100807e-20
1.56,1.0459997679194575,-7.667182650352273e-19,1.005930409972491,1.0941688167017707,7.36515538776681e-21,0.0043029443915205065,0.9997518430826527,-2.486792355349348e-19,-0.02227671997488765,-1.2530112375908645e-20
1.562,1.0481869998833826,-7.666939768755316e-19,1.0059391478773074,1.0930600983744105,1.6781451976327146e-20,0.004434823072336967,0.9997414206197803,-2.272259167671377e-19,-0.022739654727902396,-1.1110075840761468e-20
1.564,1.0503719963779201,-7.666517059651662e-19,1.005948148784738,1.0919333675000356,2.5348559848452293e-20,0.004565945113527022,0.9997308545301589,-2.058886388804653e-19,-0.023199536641903707,-9.009830567326648e-21
1.566,1.0525547214968158,-7.665929297886898e-19,1.0059574111622807,1.0907887423080052,3.339579149905333e-20,0.0046962913192801,0.9997201468234249,-2.1197814428372218e-19,-0.023656458639245148,-1.0977770169718603e-20
1.568,1.054735139577472,-7.665174200114588e-19,1.0059669334398065,1.0896263492397256,4.2118136523991936e-20,0.004825843304136004,0.999709303027577,-2.1800949892521024e-19,-0.02411035960156606,-1.431144905952532e-20
1.57,1.0569132152039438,-7.664249132113493e-19,1.0059767140105522,1.0884463077003794,5.021204791910448e-20,0.004954582781102723,0.9996983257466059,-1.9121468005215636e-19,-0.024561300849783203,-1.376226120476321e-20
1.572,1.0590889132035242,-7.66317278195736e-19,1.0059867512318188,1.0872487421620018,5.724719293754751e-20,0.005082492131406182,0.9996872198770991,-1.6454699179134833e-19,-0.02500924657795847,-1.3216710736706365e-20
1.574,1.0612621986484088,-7.661964104483982e-19,1.0059970434258951,1.0860337725463782,6.366241464994837e-20,0.005209553936626241,0.9996759883865886,-1.6546099544518734e-19,-0.025454238218767054,-1.1304582891057042e-20
1.576,1.0634330368533147,-7.660623893282398e-19,1.006007588880786,1.084801521856458,7.043664936738373e-20,0.005335751350469989,0.9996646357287461,-1.7184899308784589e-19,-0.0258962559709717,-9.536333887127547e-21
1.578,1.065601393376301,-7.659149326931235e-19,1.0060183858510852,1.0835521101104804,7.691704918380408e-20,0.0054610677914208585,0.9996531650821912,-1.5620411226548588e-19,-0.026335328764954875,-1.028722016757104e-20
1.58,1.0677672340170363,-7.65755133150624e-19,1.0060294325587171,1.0822856591534578,8.278006081295907e-20,0.005585487184433087,0.9996415805823181,-1.406346487760043e-19,-0.02677144693298628,-1.1038040300216306e-20
1.582,1.069930524817082,-7.65584222356458e-19,1.006040727193772,1.0810022888308453,8.802879369150854e-20,0.005708993758932237,0.999629885518476,-1.2514866658898028e-19,-0.02720463156007315,-1.1446215795317627e-20
1.584,1.0720912320585643,-7.654034257839327e-19,1.0060522679152515,1.0797021200217334,9.266633650029761e-20,0.005831572205224096,0.9996180837900542,-1.0971841070880296e-19,-0.027634879408111,-1.2540161777543758e-20
1.586,1.0742493222641145,-7.652137458863188e-19,1.0060640528518736,1.0783852722248672,9.702101377198664e-20,0.005953207541503006,0.9996061787312991,-1.163408468726215e-19,-0.02806220665255847,-1.2183612853931265e-20
1.588,1.0764047621957926,-7.650150233435505e-19,1.0060760801028157,1.0770518654704389,1.0174500068402415e-19,0.00607388521445304,0.9995941740598474,-1.1196408865470614e-19,-0.02848661414791753,-1.2205379701687646e-20
1.59,1.0785575188548078,-7.648072440740891e-19,1.0060883477384945,1.0757020187968043,1.059693802270433e-19,0.006193591011375767,0.9995820731118281,-1.1305674625059523e-19,-0.028908115010507583,-1.306929269091286e-20
1.592,1.0807075594805953,-7.645906826833162e-19,1.0061008538013028,1.074335851455128,1.1056323552177633e-19,0.0063123111243392465,0.9995698794589009,-1.086639676369103e-19,-0.029326712712462535,-1.3774025498828638e-20
1.594,1.082854851550395,-7.643655415194203e-19,1.0061135963063672,1.0729534819478281,1.145493044147383e-19,0.006430032091757518,0.9995575964111066,-1.0426364817984511e-19,-0.02974241847685192,-1.5505192577968267e-20
1.596,1.0849993627784222,-7.641320211600722e-19,1.0061265732422766,1.0715550287873126,1.1912334221100522e-19,0.006546740838770675,0.9995452274177506,-1.27379621455097e-19,-0.030155237462141306,-1.5308807317949293e-20
1.598,1.0871410611153514,-7.63888658209944e-19,1.0061397825718195,1.070140609888694,1.24282766701777e-19,0.00666242463802044,0.9995327757447127,-1.2291312574926644e-19,-0.030565179732351493,-1.6682367725828863e-20
1.6,1.089279914747543,-7.636355501906633e-19,1.0061532222327012,1.0687103430473626,1.2883242708010224e-19,0.006777071134556919,0.9995202447345949,-1.1849041090542601e-19,-0.030972251543868616,-1.736908843253031e-20
1.602,1.091415892096465,-7.633731189134182e-19,1.0061668901382645,1.0672643455551414,1.3364229695568634e-19,0.006890668319109599,0.9995076375975425,-1.1413047445797084e-19,-0.03137646226362957,-1.66847212119989e-20
1.604,1.0935489618179504,-7.631015677305396e-19,1.0061807841781942,1.0658027345005858,1.3795238037880853e-19,0.007003204542937377,0.9994949575798898,-1.1523676241575864e-19,-0.031777818873791046,-1.6858715933682717e-20
1.606,1.0956790928015758,-7.628208826273044e-19,1.0061949022192203,1.0643256265260779,1.4273997073336527e-19,0.0071146684992244745,0.9994822078287371,-1.2173951887757738e-19,-0.03217633033449507,-1.926158661703064e-20
1.608,1.0978062541699356,-7.625305811230306e-19,1.0062092421058093,1.0628331380163654,1.4767692662460442e-19,0.007225049231405089,0.9994693915011823,-1.3913852461106566e-19,-0.0325720041179202,-2.269676002194387e-20
1.61,1.0999304152779903,-7.622295697353924e-19,1.006223801660853,1.0613253849445663,1.531964588406099e-19,0.007334336119838106,0.9994565116767624,-1.1820056363122417e-19,-0.03296484895944662,-2.213327453140045e-20
1.612,1.102051545712347,-7.619191804797533e-19,1.0062385786863444,1.059802482990263,1.5701913606436362e-19,0.007442518885905383,0.9994435714281549,-9.736932297482896e-20,-0.03335487267156268,-2.0544685925900902e-20
1.614,1.104169615290586,-7.616011375865125e-19,1.0062535709640517,1.0582645474416061,1.6099537560266479e-19,0.00754958758211473,0.9994305737646447,-9.303091059106844e-20,-0.033742083878660074,-2.122308049855485e-20
1.616,1.1062845940605424,-7.612757476833767e-19,1.0062687762561806,1.0567116932690155,1.6436627831811918e-19,0.007655532593466684,0.9994175216778669,-8.877143753559114e-20,-0.03412649063809826,-2.018807548193098e-20
1.618,1.1083964522996155,-7.609433512513711e-19,1.0062841923060326,1.0551440350626928,1.6800202848380424e-19,0.007760344629784274,0.9994044181053633,-8.455403757130895e-20,-0.03450810153401842,-1.847024646787783e-20
1.62,1.1105051605140484,-7.606042872289983e-19,1.0062998168386534,1.0535616870783586,1.7103398449002098e-19,0.007864014725319241,0.9993912659601749,-8.036790365643272e-20,-0.03488692480745378,-1.641451596316332e-20
1.622,1.1126106894382233,-7.602589652883951e-19,1.006315647561476,1.0519647631971238,1.7422400753401585e-19,0.007966534232529587,0.9993780681073953,-7.075706074729472e-20,-0.03526296904590545,-1.3488761329499514e-20
1.624,1.1147130100339369,-7.599079733264846e-19,1.0063316821649555,1.0503533769536233,1.7692111169967036e-19,0.008067894820555432,0.9993648273833223,-8.298746636063174e-20,-0.03563624263449101,-1.4768276880419393e-20
1.6260000000000001,1.116812093489684,-7.5955030646231e-19,1.0063479183231971,1.0487276415100169,1.8086239375908846e-19,0.008168088469940063,0.9993515465804116,-1.0066382222634616e-19,-0.03600675419058674,-1.5554792622520226e-20
1.6280000000000001,1.1189079112199278,-7.591846748517849e-19,1.006364353694577,1.0470876696730513,1.8484925507470044e-19,0.008267107470383811,0.9993382284596866,-1.1829391215665233e-19,-0.03637451221744553,-1.5652894243674212e-20
1.6300000000000001,1.121000434864374,-7.588096861528081e-19,1.0063809859223554,1.0454335738770015,1.9029119628097247e-19,0.008364944416082949,0.9993248757411157,-1.3582760443486967e-19,-0.036739525378065956,-1.6091884704985288e-20
1.6320000000000001,1.1230896362872336,-7.584238103634944e-19,1.0063978126352835,1.0437654661937803,1.9577192860360147e-19,0.008461592203026348,0.9993114911116739,-1.6419814533950763e-19,-0.037101802276502574,-1.795911064802563e-20
1.6340000000000001,1.1251754875764883,-7.580251995073361e-19,1.0064148314482022,1.0420834583215455,2.0280857135849057e-19,0.008557044024741863,0.9992980772192196,-1.596252978611258e-19,-0.0374613516303452,-1.6887124574235032e-20
1.6360000000000001,1.1272579610431488,-7.576140025895333e-19,1.0064320399626348,1.0403876615904537,2.0824973467436813e-19,0.008651293369307422,0.9992846366777537,-1.4954349662438222e-19,-0.03781818213256288,-1.6982254566203486e-20
1.6380000000000001,1.1293370292205103,-7.571910180837139e-19,1.0064494357673717,1.0386781869548698,2.1470496476562136e-19,0.008744334015369575,0.9992711720635528,-1.5045488898200605e-19,-0.03817230256004385,-1.8178792761897075e-20
1.6400000000000001,1.131412664863404,-7.567562811636845e-19,1.0064670164390481,1.0369551449964027,2.2011070749155185e-19,0.008836160028980234,0.9992576859186241,-1.4588365219437281e-19,-0.03852372168623203,-1.9849242074227348e-20
1.6420000000000001,1.1334848409474465,-7.563098248809365e-19,1.006484779542716,1.035218645918413,2.264244858688722e-19,0.008926765759800427,0.9992441807482939,-1.4678800136114022e-19,-0.03887244834934629,-2.241332595435596e-20
1.6440000000000001,1.1355535306682847,-7.558518611673774e-19,1.0065027226324073,1.033468799547362,2.3136518496529937e-19,0.009016145837834964,0.9992306590235014,-1.2588116112871582e-19,-0.03921849139705291,-2.138063945536008e-20
1.6460000000000001,1.1376187074408377,-7.553840465948718e-19,1.0065208432516906,1.0317057153287976,2.3634826217115193e-19,0.009104295169765653,0.9992171231793238,-1.1056498305453581e-19,-0.039561859729259324,-2.0225189296679702e-20
1.6480000000000001,1.139680344898535,-7.549076330240199e-19,1.0065391389342222,1.029929502327667,2.400730591796578e-19,0.009191208935630921,0.9992035756165254,-8.982948305923592e-20,-0.03990256226299356,-1.919920161563282e-20
1.6500000000000001,1.141738416892553,-7.544237938217926e-19,1.0065576072042888,1.028140269225259,2.4373832528830423e-19,0.009276882585253004,0.9991900187006865,-8.55729013839901e-20,-0.040240607959166286,-1.9861133790254868e-20
1.6520000000000001,1.1437928974910467,-7.5393322608559695e-19,1.0065762455773433,1.026338124318892,2.466933363108824e-19,0.009361311834893115,0.9991764547632735,-7.587299177778008e-20,-0.040576005800197094,-1.995827548449647e-20
1.6540000000000001,1.1458437609783794,-7.534366966873172e-19,1.0065950515605346,1.0245231755194868,2.4991715682396614e-19,0.009444492663750208,0.9991628861011573,-8.825453012686217e-20,-0.04090876480666912,-1.82083700275636e-20
1.6560000000000001,1.1478909818543497,-7.529332345680061e-19,1.0066140226532303,1.0226955303508836,2.536256538434045e-19,0.009526421310611747,0.999149314977377,-1.0054814553985918e-19,-0.04123889402299734,-1.7146679750065615e-20
1.6580000000000001,1.1499345348334151,-7.52421872869669e-19,1.0066331563475317,1.0208552959478403,2.578163462821216e-19,0.009607094270409965,0.9991357436209086,-1.1272664760784863e-19,-0.04156640252771197,-1.7455548253983034e-20
1.6600000000000001,1.1519743948439125,-7.519016496200895e-19,1.0066524501287835,1.0190025790551418,2.6248682623294895e-19,0.009686508290881498,0.9991221742272332,-1.2480491710646338e-19,-0.0418912994242016,-1.8789389215877072e-20
1.6620000000000001,1.154010537027277,-7.513716075976032e-19,1.0066719014760757,1.0171374860258904,2.6763474935711973e-19,0.009764660369172418,0.9991086089582673,-1.3678352600828657e-19,-0.042213593846981604,-2.1146206109199194e-20
1.6640000000000001,1.1560429367372578,-7.508309026038341e-19,1.0066915078627392,1.0152601228205098,2.7293264183501117e-19,0.009841547748515603,0.9990950499428061,-1.2146195966465797e-19,-0.04253329495564086,-1.8915747953165974e-20
1.666,1.1580715695391304,-7.502806812959068e-19,1.0067112667568343,1.0133705950052452,2.771877426544452e-19,0.00991716791487925,0.9990814992765584,-1.0080476239034149e-19,-0.042850411938581044,-1.508981109054159e-20
1.668,1.1600964112089078,-7.497223372360555e-19,1.0067311756216335,1.0114690077511248,2.8116450389265666e-19,0.009991518593667993,0.9990679590225101,-1.0205073479447146e-19,-0.043164954008986796,-1.4953854417117983e-20
1.67,1.1621174377325494,-7.491559914498703e-19,1.0067512319160963,1.0095554658326165,2.8518942627340445e-19,0.010064597746411814,0.9990544312110273,-1.0329058508877489e-19,-0.043476930406973084,-1.4818268727968277e-20
1.672,1.1641346253051652,-7.48581547869371e-19,1.0067714330953386,1.0076300736265873,2.8926226271989595e-19,0.010136403567495027,0.9990409178401692,-1.0448010986954504e-19,-0.043786350396834414,-1.5709274050806474e-20
1.674,1.166147950330221,-7.479989108734058e-19,1.0067917766110952,1.0056929351110822,2.9338281748562e-19,0.01020693448088401,0.9990274208758343,-1.0560495989802628e-19,-0.04409322326819119,-1.7966794277417612e-20
1.676,1.1681573894187387,-7.4740798517152215e-19,1.0068122599121756,1.0037441538643055,2.97550950536357e-19,0.010276189136886951,0.9990139422520462,-1.0668046239257444e-19,-0.0443975583340488,-2.124607917981629e-20
1.678,1.1701629193884957,-7.468087840888408e-19,1.0068328804449134,1.0017838330635014,3.0144141177524124e-19,0.010344166408919435,0.9990004838711225,-8.044233813730506e-20,-0.044699364931315405,-2.1589043514771722e-20
1.68,1.1721645172632222,-7.462030182787532e-19,1.006853635653609,0.9998120754839714,3.044055200900566e-19,0.010410865390297242,0.9989870476039417,-8.729834442109246e-20,-0.044998652419374605,-2.1008293953971832e-20
1.682,1.1741621602717964,-7.455902947186207e-19,1.0068745229809675,0.9978289834980415,3.083990220627524e-19,0.010476285391039567,0.9989736352901359,-9.96420431277996e-20,-0.04529543018021025,-1.999098157524545e-20
1.684,1.1761558258474374,-7.4496986008996195e-19,1.0068955398685269,0.9958346590741263,3.120078236544495e-19,0.010540425934696415,0.9989602487383411,-9.535643110230236e-20,-0.045589707617305665,-2.1309888952204093e-20
1.686,1.1781454916268959,-7.443418320963248e-19,1.0069166837570835,0.9938292037757721,3.1610090832972e-19,0.010603286755189545,0.998946889726404,-1.0206182779935523e-19,-0.045881494155523485,-2.2783957858016665e-20
1.688,1.1801311354496447,-7.437058940178253e-19,1.0069379520871093,0.9918127187607733,3.197010265879792e-19,0.010664867793675753,0.9989335600016248,-8.148964102369444e-20,-0.046170799240213875,-2.0257188882379465e-20
1.69,1.1821127353570653,-7.430633552948735e-19,1.006959342299163,0.9897853047802851,3.2291894566566788e-19,0.010725169195425788,0.998920261280972,-9.376419348022318e-20,-0.04645763233694268,-2.1653671058591803e-20
1.692,1.1840902695916342,-7.424134601390062e-19,1.006980851834295,0.9877470621779944,3.2716545560119203e-19,0.010784191306724535,0.9989069952513212,-1.11474065199351e-19,-0.046742002930734446,-2.2958523316550352e-20
1.694,1.1860637165961074,-7.417548786056842e-19,1.007002478134447,0.9856980908892983,3.313518901890333e-19,0.010841934671788279,0.9988937635696759,-1.018283735532742e-19,-0.04702392052570774,-2.0581138038632494e-20
1.696,1.1880330550127025,-7.410883096321138e-19,1.0070242186428444,0.9836384904405302,3.351531851802009e-19,0.010898400029702703,0.9988805678634033,-9.224364241452124e-20,-0.04730339464440604,-1.7868321637976906e-20
1.698,1.1899982636822803,-7.404145216885171e-19,1.0070460708043825,0.9815683599482012,3.3857114714667313e-19,0.010953588311378925,0.9988674097304592,-8.268704844292969e-20,-0.04758043482737739,-1.5504994754227634e-20
1.7,1.191959321643524,-7.397342796278343e-19,1.0070680320660077,0.9794877981182819,3.416075948966747e-19,0.01100750063653,0.9988542907396224,-7.314269930925292e-20,-0.04785505063256352,-1.3832613852205917e-20
1.702,1.1939162081321175,-7.390483446419575e-19,1.0070900998770926,0.9773969032455033,3.4426436621081573e-19,0.011060138310666216,0.9988412124307224,-6.361039638557456e-20,-0.04812725163484729,-1.2849115403661362e-20
1.704,1.1958689025799227,-7.383574742350024e-19,1.0071122716898036,0.9752957732126943,3.4654330979021006e-19,0.011111502822110722,0.9988281763148731,-5.413940845187411e-20,-0.048397047425481295,-1.1527680303872323e-20
1.706,1.1978173846141544,-7.376624222278316e-19,1.0071345449594638,0.9731845054901411,3.4844625229638316e-19,0.011161595839034538,0.9988151838747025,-4.47622915145556e-20,-0.04866444761161781,-9.184556347872497e-21
1.708,1.1997616340565553,-7.369639388291739e-19,1.00715691714491,0.9710631971349789,3.4997498715189686e-19,0.011210419206511916,0.998802236564586,-3.5428945960365424e-20,-0.048929461815765164,-6.847708196419188e-21
1.71,1.2017016309225683,-7.362627706769584e-19,1.0071793857088438,0.9689319447906075,3.5113128757784813e-19,0.011257974943595475,0.9987893358108776,-2.6138939592556486e-20,-0.049192099675309346,-4.518313884997998e-21
1.712,1.2036373554205093,-7.355596608639255e-19,1.0072019481181762,0.9667908446861375,3.5191693326297506e-19,0.01130426524041181,0.9987764830121432,-1.684202056429867e-20,-0.04945237084199068,-3.2218855168747657e-21
1.714,1.2055687879507373,-7.348553489042553e-19,1.007224601844367,0.9646399926358603,3.5233371947915135e-19,0.011349292455277157,0.998763679539392,-7.60569555758667e-21,-0.049710284981423006,-1.587387443015616e-21
1.716,1.2074959091048252,-7.341505707281148e-19,1.007247344363758,0.9624794840387471,3.523834383776003e-19,0.011393059111833682,0.9987509267363108,1.6381059499003829e-21,-0.049965851772585834,-9.837587100374104e-22
1.718,1.2094186996647276,-7.334460586597202e-19,1.0072701731579017,0.9603094138779726,3.520678996522436e-19,0.01143556789620611,0.9987382259194955,1.0838181150368067e-20,-0.05021908090734471,-3.834626038364835e-22
1.72,1.2113371406019493,-7.327425414063788e-19,1.0072930857138824,0.9581298767204661,3.513889110605415e-19,0.011476821654179075,0.9987255783786851,1.99946948534532e-20,-0.05046998208995595,2.143354765981698e-22
1.722,1.2132512130767128,-7.320407440667945e-19,1.0073160795246334,0.9559409667164865,3.5034827229577824e-19,0.011516823388395075,0.9987129853769945,2.910785148066819e-20,-0.05071856503659041,8.096568562080345e-22
1.724,1.2151608984371238,-7.3134138814778e-19,1.0073391520892478,0.9537427775992248,3.489477789013508e-19,0.011555576255573253,0.9987004481511473,3.822982362496788e-20,-0.05096483947484885,3.7585292457320777e-22
1.726,1.2170661782183372,-7.306451915422738e-19,1.0073623009132835,0.9515354026844296,3.471892469265082e-19,0.011593083563748966,0.9986879679117096,4.7308261266489244e-20,-0.05120881514329058,-5.878855988603157e-23
1.728,1.2189670341417214,-7.299528685138907e-19,1.0073855235090636,0.9493189348700596,3.4507449397777386e-19,0.01162934876953435,0.9986755458433225,5.636067555548236e-20,-0.05145050179095813,-8.34847996097615e-22
1.73,1.2208634481140228,-7.292651296839022e-19,1.0074088173959708,0.9470934666359587,3.4260534140472433e-19,0.01166437547539982,0.9986631831049356,6.542245858808563e-20,-0.0516899091769117,-2.6367310722050602e-21
1.732,1.2227554022265292,-7.285826820093125e-19,1.0074321801007355,0.9448590900435565,3.397836342192439e-19,0.011698167426976653,0.9986508808300398,7.445807641064466e-20,-0.05192704706976236,-4.778407550263043e-21
1.734,1.2246428787542325,-7.279062287494156e-19,1.0074556091577211,0.9426158967355923,3.3661122181936656e-19,0.011730728510380694,0.9986386401269,8.344995756625597e-20,-0.052161925247212734,-6.916041566376687e-21
1.736,1.2265258601549913,-7.272362527825684e-19,1.0074791021092009,0.9403639779358632,3.3352332127532783e-19,0.011762062749557217,0.9986264620787878,6.493350031586267e-20,-0.05239455349559826,-8.768148597602067e-21
1.738,1.2284043290686926,-7.2657139238603575e-19,1.0075026565056318,0.9381034244489951,3.314951617501244e-19,0.011792174303647056,0.9986143477442146,4.652772709434709e-20,-0.052624941609434456,-1.1298923674498361e-20
1.74,1.2302782683164133,-7.259102911669963e-19,1.0075262699059215,0.9358343266602368,3.297636546509282e-19,0.011821067464373967,0.9986022981571634,3.365248713874236e-20,-0.0528530993909658,-1.3192149579335317e-20
1.742,1.2321476608995814,-7.252518155565786e-19,1.0075499398776921,0.933556774535278,3.2876072586494234e-19,0.011848746653453342,0.9985903143273208,2.0851347736811717e-20,-0.05307903664971976,-1.5078525084243034e-20
1.744,1.2340124899991365,-7.245951268364349e-19,1.0075736639975363,0.9312708576200882,3.280485985339667e-19,0.011875216420022304,0.9985783972403091,2.6896194485292653e-21,-0.05330276320206306,-1.8276379674267203e-20
1.746,1.2358727389746904,-7.239387053388955e-19,1.0075974398512706,0.9289766650407792,3.2849294368613374e-19,0.01190048143809116,0.9985665478579175,-4.4733979543074196e-21,-0.053524288870762556,-2.0195960242294697e-20
1.748,1.237728391363687,-7.232820850083014e-19,1.007621265034182,0.9266742855034893,3.2803070254841434e-19,0.01192454650401632,0.9985547671183341,1.5653313740742038e-20,-0.05374362348454876,-1.8934195738861947e-20
1.75,1.2395794308805625,-7.226264976836231e-19,1.0076451371512705,0.9243638072942887,3.2764103381655023e-19,0.011947416533994658,0.9985430559363759,2.7214686870437434e-21,-0.05396077687768349,-1.704998563277931e-20
1.752,1.2414258414159054,-7.219711839809978e-19,1.007669053817486,0.9220453182791073,3.277566628077048e-19,0.011969096561579413,0.9985314152037196,-1.0166683634006546e-20,-0.054175758889530565,-1.48263719776879e-20
1.754,1.2432676070356155,-7.213153525789509e-19,1.0076930126579606,0.9197189059036832,3.2794166397569954e-19,0.011989591735217528,0.9985198457891317,1.0002340738773152e-20,-0.054388579364130274,-1.3561495616443834e-20
1.756,1.245104711980064,-7.206602744267922e-19,1.0077170113082365,0.917384657193532,3.272207082449207e-19,0.012008907315808582,0.9985083485386983,2.8334694903261233e-21,-0.05459924814977701,-1.6189069902103395e-20
1.758,1.246937140663253,-7.200053369283353e-19,1.007741047414488,0.9150426587539374,3.2787292798245517e-19,0.012027048674285225,0.9984969242760544,-2.0712374323864493e-20,-0.05480777509860064,-1.970644057723273e-20
1.76,1.2487648776719749,-7.193489917424406e-19,1.0077651186337382,0.9126929967699616,3.2837497898906346e-19,0.012044021289215208,0.9984855738026125,-1.6919623573783872e-20,-0.05501417006615097,-1.9314894957733655e-20
1.762,1.250587907764972,-7.1869150296014805e-19,1.0077892226340743,0.9103357570064764,3.291610769520483e-19,0.012059830744424929,0.9984742978977905,-1.3163232468934911e-20,-0.05521844291098588,-1.858222614719085e-20
1.764,1.2524062158720963,-7.180329896213396e-19,1.0078133570948535,0.907971024808214,3.2925521509285033e-19,0.012074482726644596,0.9984630973192405,1.4480357382073096e-21,-0.05542060349426267,-1.587737185338359e-20
1.766,1.2542197870934693,-7.173746884384e-19,1.0078375197069074,0.9055988850998377,3.28877070627341e-19,0.012087983023174941,0.9984519728030751,2.1459143625468768e-20,-0.05562066167933288,-1.2533279724185734e-20
1.768,1.2560286066986412,-7.167180482206569e-19,1.0078617081727408,0.9032194223860315,3.278114320268267e-19,0.0121003375195755,0.9984409250640942,1.413232024958627e-20,-0.055818627331340374,-1.2776912057653854e-20
1.77,1.2578326601257528,-7.160627066620869e-19,1.007885920206726,0.9008327207516096,3.2746985910908223e-19,0.01211155219737445,0.9984299547960116,2.3243424980366474e-20,-0.05601451031682282,-1.1759150566072008e-20
1.772,1.2596319329806938,-7.154092778170707e-19,1.0079101535352923,0.8984388638616445,3.258990013406739e-19,0.012121633131800017,0.9984190626716798,3.231147977740786e-20,-0.056208320503316464,-1.0744968297201064e-20
1.774,1.261426411036265,-7.147584810847007e-19,1.0079344058971111,0.8960379349616137,3.2483803151603243e-19,0.012130586489533418,0.9984082493433152,4.1355768404567375e-20,-0.05640006775896423,-1.0075657060812749e-20
1.776,1.2632160802313384,-7.141112489156499e-19,1.0079586750432767,0.893630016877565,3.2233471787693427e-19,0.012138418526483341,0.9983975154427223,6.126653195805021e-20,-0.05658976195212709,-8.10720668116353e-21
1.778,1.265000926670019,-7.1346876277954025e-19,1.0079829587374824,0.8912151920163003,3.2002023869771004e-19,0.012145135585581902,0.998386861581517,7.56545510453948e-20,-0.05677741295099872,-6.796080125095139e-21
1.78,1.2667809366208065,-7.128325956815665e-19,1.0080072547561925,0.8887935423655766,3.160523208411395e-19,0.01215074409460215,0.9983762883513496,1.0088942380515706e-19,-0.05696303062322339,-4.525121927087301e-21
1.782,1.268556096515757,-7.122042415335968e-19,1.00803156088881,0.886365149494326,3.123886008146808e-19,0.012155250563996998,0.9983657963241269,9.32992253691149e-20,-0.05714662483551714,-6.531361647907697e-21
1.784,1.2703263929496458,-7.115832722108734e-19,1.0080558749378392,0.8839300945528916,3.087033644589964e-19,0.012158661584759594,0.9983553860522336,8.027076924378729e-20,-0.057328205453292175,-8.84582888762735e-21
1.786,1.2720918126791305,-7.109689727810271e-19,1.0080801947190454,0.8814884582732825,3.054294761309289e-19,0.012160983826305136,0.9983450580687531,1.0000809437619269e-19,-0.05750778234028443,-6.87197147458922e-21
1.788,1.2738523426219153,-7.103627260462158e-19,1.0081045180616093,0.8790403209694443,3.0061518064706533e-19,0.012162224034374053,0.9983348128876866,1.1957337906695927e-19,-0.057685365358184366,-3.536526667391246e-21
1.79,1.2756079698559135,-7.097660164794633e-19,1.0081288428082775,0.8765857625375473,2.9610961750928064e-19,0.012162389028956505,0.9983246510041733,1.1182411530018309e-19,-0.05786096436627095,-4.529449387843559e-21
1.792,1.277358681618414,-7.091782992249232e-19,1.008153166815509,0.8741248624562913,2.915865274173658e-19,0.012161485702238248,0.9983145728947082,1.0413082896623758e-19,-0.05803458922104882,-5.860901012135927e-21
1.794,1.2791044653052452,-7.085991035624412e-19,1.0081774879536176,0.8716576997872265,2.8769617547316285e-19,0.01215952101656771,0.9983045790173589,1.0191467559366038e-19,-0.05820624977588854,-6.528455364907003e-21
1.796,1.2808453084699427,-7.080278164245359e-19,1.00820180410691,0.8691843531750905,2.836778471750245e-19,0.012156502002444343,0.9982946698119836,8.877513922531716e-20,-0.05837595588067006,-7.832278630102435e-21
1.798,1.2825811988229143,-7.074636824919156e-19,1.0082261131738208,0.8667049008481615,2.805065450084274e-19,0.012152435756528126,0.9982848457004457,7.570505774554512e-20,-0.058543717381429244,-9.473881290898093e-21
1.8,1.2843121242306084,-7.0690566159673325e-19,1.0082504130670418,0.8642194206186278,2.7763660214667565e-19,0.012147329439670236,0.9982751070868292,6.269641360409402e-20,-0.05870954412000756,-1.1109283859740832e-20
1.802,1.286038072714682,-7.063525742310823e-19,1.008274701713649,0.8617279898829711,2.756087070564442e-19,0.01214119027496477,0.9982654543576526,4.423626508506781e-20,-0.058873445933704825,-1.2376629213898908e-20
1.804,1.2877590324511703,-7.058031739917682e-19,1.0082989770552258,0.859230685622367,2.7376840545430585e-19,0.01213402554582153,0.9982558878820822,4.7816250107706215e-20,-0.05903543265493502,-1.3374235129373783e-20
1.806,1.289474991769655,-7.052575924910279e-19,1.0083232370479802,0.8567275844031,2.71790084758951e-19,0.012125842594059784,0.9982464080121438,5.137898066266047e-20,-0.05919551411088519,-1.4369516070555672e-20
1.808,1.2911859391524365,-7.047161050473686e-19,1.008347479662861,0.8542187623769927,2.6967446219580564e-19,0.012116648818022937,0.9982370150829348,5.492459946387073e-20,-0.05935370012317738,-1.53624678325688e-20
1.81,1.2928918632337043,-7.041789855519012e-19,1.008371702885669,0.8517042952818503,2.674222497660671e-19,0.012106451670714106,0.9982277094128338,5.84532721465429e-20,-0.05951000050753365,-1.6353491688314215e-20
1.812,1.2945927527987102,-7.036465064767296e-19,1.008395904717163,0.8491842584419201,2.650341544768088e-19,0.012095258657952457,0.9982184913037101,6.196505592956285e-20,-0.05966442507344398,-1.7342994416292402e-20
1.814,1.2962885967829414,-7.031189388819175e-19,1.0084200831731651,0.8466587267683641,2.6251088378217327e-19,0.012083077336550325,0.9982093610411321,6.548035338864191e-20,-0.059816983623837354,-1.8672625098835346e-20
1.816,1.2979793842712946,-7.025965524089323e-19,1.008444236284661,0.8441277747597464,2.598531436408513e-19,0.012069915312510969,0.9982003188945752,6.895841378133533e-20,-0.05996768595475569,-1.9658276929368442e-20
1.818,1.2996651044972514,-7.020796152993493e-19,1.0084683620978956,0.841591476502535,2.570616314378662e-19,0.012055780239247001,0.9981913651176272,7.241982062879018e-20,-0.060116541855030826,-2.064199603229807e-20
1.82,1.3013457468420548,-7.01568394403672e-19,1.0084924586744661,0.8390499056716159,2.5413704017957764e-19,0.012040679815819301,0.9981824999481946,7.586465913202471e-20,-0.06026356110596443,-2.1623780795913757e-20
1.822,1.3030213008338867,-7.010631551895641e-19,1.0085165240914127,0.8365031355308221,2.510800603585984e-19,0.012024621785196437,0.9981737236087065,7.933423973969108e-20,-0.060408753481010866,-2.3287304568701902e-20
1.824,1.3046917561470457,-7.005641617357726e-19,1.0085405564413032,0.8339512389334752,2.4789139362330154e-19,0.012007613932534479,0.9981650363063178,8.282835453303991e-20,-0.06055212874546299,-2.563095705446023e-20
1.826,1.3063571026011271,-7.000716767067702e-19,1.008564553832317,0.8313942883229403,2.4457174863063993e-19,0.011989664083477142,0.9981564382331118,8.630564681057545e-20,-0.060693696656140855,-2.796985914425356e-20
1.828,1.3080173301602038,-6.995859613488636e-19,1.0085885143883229,0.8288323557331934,2.4112183645941544e-19,0.011970780102476175,0.9981479295663016,8.976601598946037e-20,-0.06083346696108335,-3.0303213654289114e-20
1.83,1.3096724289320074,-6.991072754938361e-19,1.008612436248957,0.8262655127894026,2.375423555203451e-19,0.011950969891131927,0.9981395104684291,9.314732968334145e-20,-0.06097144939924267,-3.1605334893309357e-20
1.832,1.3113223891671115,-6.986358775972405e-19,1.008636317569694,0.8236938307085211,2.338339862057562e-19,0.011930241386554017,0.9981311810875654,9.651242952320256e-20,-0.061107653700181744,-3.290433037239841e-20
1.834,1.3129672012581162,-6.981720247621827e-19,1.0086601565219164,0.8211173802998923,2.299974000149233e-19,0.011908602559741969,0.998122941557508,9.986144581630842e-20,-0.06124208958377442,-3.420019873688545e-20
1.836,1.3146068557388328,-6.977159727556811e-19,1.0086839512929817,0.818536231965868,2.2603326489475107e-19,0.011886061413985861,0.9981147919979778,1.0317345637690283e-19,-0.06137476675990858,-3.515133141161809e-20
1.838,1.3162413432834714,-6.972679760129258e-19,1.0087077000862845,0.8159504557024378,2.219422419993938e-19,0.011862625983286726,0.9981067325148146,1.0651168561827992e-19,-0.06150569492819205,-3.6784586078309814e-20
1.84,1.3178706547058279,-6.968282876443451e-19,1.008731401121317,0.8133601210998712,2.177249967337006e-19,0.011838304330796785,0.9980987632001723,1.0981289504325314e-19,-0.06163488377766135,-3.807311546407788e-20
1.842,1.3194947809584736,-6.963971594349868e-19,1.0087550526337254,0.8107652973433704,2.1338218702212455e-19,0.011813104547279303,0.9980908841327117,1.1307723128310033e-19,-0.06176234298649322,-3.9016509420626804e-20
1.844,1.321113713131946,-6.959748418657514e-19,1.008778652875364,0.8081660532137356,2.0891445941430715e-19,0.011787034749588043,0.9980830953777932,1.1630489340705897e-19,-0.06188808222171892,-3.961598309358457e-20
1.846,1.32272744245394,-6.955615841331388e-19,1.0088022001143448,0.8055624570880406,2.0432245263877901e-19,0.011760103079166242,0.9980753969876678,1.1955958665794027e-19,-0.06201211113894138,-4.089836263369914e-20
1.848,1.3243359602885016,-6.9515763414973865e-19,1.0088256926350867,0.802954576940321,1.9960681631254413e-19,0.011732317700564952,0.9980677890016674,1.2286228626283413e-19,-0.062134439382055075,-4.3204041414853167e-20
1.85,1.325939258135223,-6.947632385139148e-19,1.0088491287383592,0.8003424803422717,1.947682097060808e-19,0.011703686799980672,0.9980602714463931,1.2614920337415214e-19,-0.062255076582968576,-4.5504987614021997e-20
1.852,1.3275373276284372,-6.94378642508487e-19,1.0088725067413247,0.7977262344639564,1.898072926070018e-19,0.011674218583812238,0.9980528443359034,1.2948427441944118e-19,-0.06237403236132999,-4.8826799177848485e-20
1.854,1.3291301605364167,-6.940039818263509e-19,1.008895824977577,0.7951059060745277,1.8494124868085298e-19,0.011643921277236808,0.9980455076719003,1.1076624729738553e-19,-0.06249131632425494,-5.1115794507882703e-20
1.856,1.3307177487605724,-6.936380564166389e-19,1.0089190817971783,0.7924815615429571,1.810353476847161e-19,0.011612803122804851,0.9980382614439147,1.0303806614842786e-19,-0.06260693806605742,-5.2027212482572475e-20
1.858,1.3323000843346529,-6.932801776541618e-19,1.0089422755666915,0.7898532668387761,1.7689435933157517e-19,0.01158087237905409,0.998031105629491,1.0083962916589514e-19,-0.06272090716798324,-5.2933934801143464e-20
1.86,1.3338771594239474,-6.929299128438302e-19,1.0089654046692118,0.7872210875328267,1.733851559286661e-19,0.011548137319142249,0.9980240401943691,8.772114856842594e-20,-0.06283323319794619,-5.452537366412861e-20
1.862,1.3354489663244888,-6.925863985522801e-19,1.008988467504394,0.784585088798023,1.702877662211258e-19,0.011514606229498512,0.9980170650926664,6.917150564005861e-20,-0.06294392571026684,-5.611347506456534e-20
1.864,1.3370154974622586,-6.922480547475038e-19,1.009011462488478,0.7819453354101217,1.681419187752375e-19,0.011480287408493616,0.9980101802670587,5.616021588047376e-20,-0.06305299424541405,-5.700866823538052e-20
1.866,1.3385767453923931,-6.91913921754137e-19,1.009034388054311,0.7793018917485026,1.6596829503097891e-19,0.011445189165128454,0.9980033856489587,4.868215478328576e-20,-0.06316044832974908,-5.755403367728366e-20
1.868,1.340132702798392,-6.915835501764804e-19,1.009057242651367,0.7766548217969592,1.6441635045612423e-19,0.011409319817741093,0.9979966811586948,4.668985220216882e-20,-0.0632662974752723,-5.740864351147796e-20
1.87,1.3416833624913276,-6.912566378963336e-19,1.0090800247457665,0.774004189144498,1.6250893307592762e-19,0.011372687692732118,0.9979900667056871,5.015682441767553e-20,-0.0633705511793726,-5.657400109951022e-20
1.872,1.3432287174090558,-6.909334608686815e-19,1.0091027328202884,0.7713500569861476,1.605730443398539e-19,0.011335301123308128,0.9979835421886234,5.904451319779177e-20,-0.06347321892457931,-5.505319502565781e-20
1.874,1.3447687606154295,-6.906147979723188e-19,1.0091253653743844,0.7686924881237768,1.5806724213927897e-19,0.011297168448243385,0.9979771074956332,6.237506283839963e-20,-0.06357431017831677,-5.320212767061245e-20
1.8760000000000001,1.346303485299513,-6.903008476037966e-19,1.0091479209241878,0.7660315449669217,1.55968860937399e-19,0.01125829801065941,0.997970762504461,5.470368267195521e-20,-0.06367383439266144,-5.136901198081893e-20
1.8780000000000001,1.347832884774798,-6.899910855369905e-19,1.0091703980025217,0.7633672895336215,1.5373429153080316e-19,0.011218698156822478,0.9979645070826381,6.367042045803192e-20,-0.06377180100410157,-5.1226631560142424e-20
1.8800000000000001,1.3493569524784212,-6.896861450560269e-19,1.009192795158904,0.7606997834512633,1.5114755672712574e-19,0.011178377234958875,0.9979583410876526,7.266016904794255e-20,-0.06386821943329948,-5.2112167817607564e-20
1.8820000000000001,1.3508756819703847,-6.893867287262944e-19,1.0092151109595493,0.7580290879574354,1.4821042140525016e-19,0.011137343594087828,0.9979522643671191,8.156357917748606e-20,-0.06396309908485626,-5.231376432367967e-20
1.8840000000000001,1.3523890669327763,-6.890935355955642e-19,1.0092373439873705,0.7553552639007888,1.449246363614922e-19,0.011095605582871952,0.997946276758947,9.044675853144807e-20,-0.0640564493470791,-5.285808882413877e-20
1.8860000000000001,1.353897101168993,-6.888072612167987e-19,1.0092594928419767,0.7526783717419072,1.4129194918826476e-19,0.011053171548485174,0.9979403780915062,9.935353597348693e-20,-0.06414827959175107,-5.44282428487295e-20
1.8880000000000001,1.355399778602966,-6.8852838117247215e-19,1.0092815561396682,0.7499984715541854,1.37638812382417e-19,0.011010049835497948,0.9979345681837934,8.070795134087752e-20,-0.06423859917390341,-5.536029023951639e-20
1.8900000000000001,1.356897093278386,-6.882557449065138e-19,1.0093035325134314,0.7473156230247152,1.3504767496332772e-19,0.010966248784779689,0.9979288468455964,6.7697057675951e-20,-0.06432741743159036,-5.730242125655203e-20
1.8920000000000001,1.3583890393579332,-6.879882793379494e-19,1.0093254206129296,0.7446298854551798,1.3253986158357334e-19,0.01092177673241832,0.9979232138776558,5.472574304075495e-20,-0.06441474368566631,-5.889633713858927e-20
1.8940000000000001,1.3598756111225063,-6.877248445676067e-19,1.0093472191044925,0.7419413177627553,1.3108853687785432e-19,0.010876642008656779,0.9979176690718282,3.629184268180253e-20,-0.0645005872395656,-5.98116876145387e-20
1.8960000000000001,1.3613568029704546,-6.874640183256131e-19,1.0093689266711037,0.7392499784810206,1.2971420953748274e-19,0.010830852936846392,0.9979122122112454,3.999742878644243e-20,-0.06458495737908464,-6.170029639532111e-20
1.8980000000000001,1.3628326094168115,-6.872060811899608e-19,1.0093905420123854,0.7365559257608743,1.2819954596817663e-19,0.010784417832417034,0.9979068430704735,4.370756173371505e-20,-0.06466786337216644,-6.392608407513132e-20
1.9000000000000001,1.3643030250925308,-6.869513131105654e-19,1.009412063844582,0.7338592173714589,1.2654526730735468e-19,0.010737345001863867,0.9979015614156713,4.733377937746714e-20,-0.06474931446868773,-6.512168002803965e-20
1.9020000000000001,1.365768044743723,-6.866999926080058e-19,1.0094334909005411,0.7311599107010929,1.2475208070081567e-19,0.010689642741750655,0.9978963670047463,5.0898545856037066e-20,-0.06482931990024828,-6.563064604634557e-20
1.9040000000000001,1.367227663230896,-6.864523968009284e-19,1.0094548219296924,0.7284580627582095,1.228206840458038e-19,0.010641319337729412,0.9978912595875095,5.451298870542052e-20,-0.06490788887996271,-6.716390811344929e-20
1.9060000000000001,1.3686818755281946,-6.862088014071821e-19,1.0094760556980253,0.7257537301723024,1.2075178002553684e-19,0.0105923830635764,0.9978862389058303,5.813257885539982e-20,-0.06498503060225476,-6.903637343902507e-20
1.9080000000000001,1.370130676722645,-6.859694807367763e-19,1.0094971909880643,0.7230469691948788,1.1854607289067105e-19,0.010542842180244254,0.997881304693788,6.171281688507403e-20,-0.06506075424265377,-7.05629502405897e-20
1.9100000000000001,1.3715740620133994,-6.857347076980906e-19,1.0095182265988418,0.7203378357004185,1.1620425933603966e-19,0.010492704934930147,0.9978764566778239,6.529843082354057e-20,-0.06513506895759363,-7.242791589615968e-20
1.9120000000000001,1.3730120267109822,-6.855047538086702e-19,1.00953916134587,0.717626385187341,1.1372703534633473e-19,0.010441979560159914,0.9978716945768907,6.893407147136742e-20,-0.06520798388421405,-7.531514489642323e-20
1.9140000000000001,1.37444456623654,-6.852796727479507e-19,1.0095599940611106,0.7149126727789773,1.1154798123768265e-19,0.01039067427288794,0.9978670181026016,3.9615457579761713e-20,-0.06527950814016414,-7.863220476806145e-20
1.9160000000000001,1.3758716761210916,-6.8505756998791e-19,1.0095807235929433,0.7121967532245499,1.1074781183025088e-19,0.010338797273612753,0.997862426959377,3.2185545354428403e-20,-0.06534965082340836,-7.845401180124986e-20
1.9180000000000001,1.3772933520047808,-6.848374625057948e-19,1.009601348806131,0.709478680900158,1.092638892134346e-19,0.010286356745508188,0.9978579208445917,3.5799761736278646e-20,-0.06541842101203472,-7.858427189755738e-20
1.92,1.3787095896361312,-6.846199939259352e-19,1.0096218685817855,0.7067585098097694,1.0818108130893833e-19,0.010233360853569993,0.9978534994487189,4.492555206076301e-20,-0.06548582776406534,-7.903949289095769e-20
1.922,1.3801203848713035,-6.844057714816537e-19,1.0096422818173292,0.7040362935862184,1.0609009688996544e-19,0.010179817743777776,0.9978491624554737,4.8595125854703416e-20,-0.06555188011726917,-8.053703783424586e-20
1.924,1.3815257336733535,-6.841950755145386e-19,1.0096625874264566,0.7013120854922099,1.046186438357477e-19,0.010125735542272076,0.9978449095419558,5.2202624546640364e-20,-0.06561658708897722,-8.134850153344104e-20
1.926,1.3829256321114933,-6.839880405539948e-19,1.0096827843390945,0.6985859384213285,1.0246527156879104e-19,0.010071122354546658,0.9978407403787897,5.0299925486422484e-20,-0.06567995767589976,-8.217636333374566e-20
1.928,1.384320076360354,-6.837842949833714e-19,1.0097028715013587,0.6958579048990549,1.0136526255136403e-19,0.010015986264655606,0.997836654630265,3.744240530618477e-20,-0.06574200085394602,-8.338057960978813e-20
1.93,1.38570906269925,-6.835830351433596e-19,1.0097228478755114,0.6931280370837865,9.990716702351389e-20,0.009960335334435383,0.9978326519544746,3.002316249964295e-20,-0.06580272557804591,-8.31954002466677e-20
1.932,1.3870925875114468,-6.8338378471405e-19,1.0097427124399152,0.6903963867678645,9.939177313883498e-20,0.009904177602741534,0.9978287320034508,2.255859648417393e-20,-0.06586214078197415,-8.198415535528146e-20
1.934,1.3884706472834292,-6.831859972135672e-19,1.009762464188987,0.6876630053786064,9.840802101352035e-20,0.0098475210847,0.9978248944233026,2.063221728244279e-20,-0.06592025537817654,-8.109778579695275e-20
1.936,1.3898432386041721,-6.829894525869764e-19,1.0097821021331497,0.684927943979343,9.804063146452066e-20,0.009790373770972924,0.9978211388543488,2.4208217786443402e-20,-0.06597707825759838,-8.019370042237977e-20
1.938,1.3912103581644146,-6.827945806820316e-19,1.009801625298782,0.682191253270462,9.677147877686738e-20,0.009732743627038768,0.9978174649312519,3.3192841786351016e-20,-0.06603261828951514,-7.824713885967353e-20
1.94,1.3925720027559343,-6.826019904001085e-19,1.0098210327281683,0.6794529835904557,9.568706774373664e-20,0.009674638592486698,0.9978138722831494,5.308904370658338e-20,-0.06608688432136528,-7.558124662811509e-20
1.942,1.3939281692708245,-6.824129371022469e-19,1.009840323479445,0.676713184916974,9.337930489366068e-20,0.009616066580325,0.9978103605337851,4.017091576406204e-20,-0.0661398851785853,-7.646630571700748e-20
1.944,1.3952788547007744,-6.822268672197327e-19,1.009859496626548,0.6739719068678829,9.2775553099801e-20,0.009557035476303575,0.9978069293016377,2.726543758792489e-20,-0.0661916296644468,-7.700700472625306e-20
1.946,1.3966240561363494,-6.820426884642636e-19,1.0098785512591562,0.6712291987023274,9.137956857725175e-20,0.009497553138250224,0.9978035782000491,3.060629108839179e-20,-0.06624212655989588,-7.303654588429147e-20
1.948,1.3979637707662762,-6.818605753135966e-19,1.009897486482636,0.6684851093217994,9.071005445980701e-20,0.009437627395420659,0.9978003068373511,2.841526088452048e-20,-0.06629138462339444,-6.87553626486371e-20
1.95,1.3992979958767269,-6.816805935142001e-19,1.0099163014179835,0.6657396872712096,8.913986862394697e-20,0.00937726604786218,0.9977971148169908,4.8333820715539944e-20,-0.06633941259076383,-6.610649074666649e-20
1.952,1.4006267288506082,-6.8150389154246425e-19,1.0099349952017644,0.6629929807399652,8.76472495220525e-20,0.009316476865790799,0.9977940017376551,3.55620126948006e-20,-0.06638621917503043,-6.906833667432696e-20
1.954,1.4019499671668512,-6.813297726244488e-19,1.009953566986055,0.6602450375630511,8.634001612378196e-20,0.009255267588981726,0.9977909671933929,4.459648546893079e-20,-0.06643181306627345,-6.851379066880931e-20
1.956,1.403267708399703,-6.811590578443738e-19,1.00997201593838,0.6574959052221162,8.435167634477517e-20,0.00919364592617313,0.9977880107737375,5.3643569271229373e-20,-0.06647620293147469,-6.89885097714625e-20
1.958,1.4045799502180216,-6.809920958655399e-19,1.0099903412416498,0.6547456308465633,8.255134615814035e-20,0.009131619554482988,0.9977851320638265,5.723579937607339e-20,-0.0665193974143705,-7.051047812506629e-20
1.96,1.4058866903845733,-6.808292327182875e-19,1.0100085420940972,0.6519942612146441,8.039729805270464e-20,0.00906919611883895,0.9977823306445209,4.9743526896313534e-20,-0.06656140513530572,-7.105007480974589e-20
1.962,1.4071879267553296,-6.80669874823942e-19,1.010026617709212,0.6492418427545575,7.886553615372251e-20,0.009006383231421076,0.9977796060925235,5.3318910168813594e-20,-0.06660223469108967,-7.222571848530107e-20
1.964,1.40848365727877,-6.805145126244875e-19,1.0100445673156755,0.6464884215455525,7.643777838736682e-20,0.008943188471117317,0.9977769579804945,6.250755063685248e-20,-0.06664189465485425,-7.542642375579702e-20
1.966,1.4097738799951842,-6.803635272525608e-19,1.0100623901572923,0.6437340433190352,7.463315984014526e-20,0.008879619382991625,0.9977743858771678,4.969309259062157e-20,-0.06668039357591397,-7.871432853433634e-20
1.968,1.411058593035978,-6.80216288325524e-19,1.0100800854929233,0.6409787534596787,7.247454722169419e-20,0.008815683477764584,0.9977718893474645,6.962495518684691e-20,-0.0667177399796281,-7.774745965893446e-20
1.97,1.4123377946229805,-6.800741522419353e-19,1.010097652596416,0.6382225970065384,6.953093921407362e-20,0.008751388231306419,0.9977694679526058,8.948528114055293e-20,-0.06675394236726472,-7.712786522416364e-20
1.972,1.4136114830677544,-6.799386850976358e-19,1.0101150907565344,0.6354656186541695,6.580622752671301e-20,0.008686741084142253,0.9977671212502249,1.0922875519264712e-19,-0.06678900921586681,-7.617129842185165e-20
1.974,1.414879656770908,-6.798114452254291e-19,1.0101323992768874,0.6327078627537494,6.130428390321033e-20,0.008621749440969554,0.9977648487944771,1.2887873613768697e-19,-0.06682294897812036,-7.522001560358668e-20
1.976,1.4161423142214098,-6.796939832326763e-19,1.0101495774758575,0.6299493733142024,5.602896204205627e-20,0.008556420670187529,0.997762650136149,1.484814393268448e-19,-0.0668557700822244,-7.495776370127835e-20
1.978,1.417399453995904,-6.795877338504383e-19,1.010166624686527,0.6271901940033292,5.020046887201607e-20,0.008490762103438472,0.997760524822766,1.4599558704491156e-19,-0.06688748093176301,-7.445537421137897e-20
1.98,1.4186510747580312,-6.794927906164662e-19,1.0101835402566046,0.6244303681489387,4.46866748967049e-20,0.008424781035160893,0.9977584723987,1.5448508725640766e-19,-0.06691808990557929,-7.356209454563958e-20
1.982,1.4198971752577478,-6.794096435898374e-19,1.0102003235483499,0.6216699387399838,3.840452641444557e-20,0.00835848472215426,0.9977564924052736,1.6291143403856185e-19,-0.06694760535765121,-7.23306409438907e-20
1.984,1.421137754330651,-6.793389602144383e-19,1.0102169739384983,0.6189089484277002,3.2223287650775226e-20,0.008291880383155323,0.9977545843808653,1.6585049529174434e-19,-0.06697603561696945,-7.181181681151923e-20
1.986,1.4223728108973028,-6.792810441885471e-19,1.0102334908181843,0.6161474395267484,2.5601207987984542e-20,0.008224975198425829,0.9977527478610116,1.6879855965358773e-19,-0.06700338898741721,-7.16364200798278e-20
1.988,1.42360234396256,-6.792361978765176e-19,1.0102498735928638,0.6133854540163591,1.9189725713988758e-20,0.008157776309351515,0.9977509823785101,1.771571061780285e-19,-0.06702967374765173,-7.041060123178569e-20
1.99,1.4248263526149025,-6.792049386849086e-19,1.0102661216822366,0.610623033541481,1.190616906073908e-20,0.00809029081805236,0.9977492874635188,1.9094620119790008e-19,-0.06705489815098789,-6.88205419951512e-20
1.992,1.4260448360257671,-6.791883576279538e-19,1.0102822345201667,0.6078602194139319,4.728466026506238e-21,0.00802252578700379,0.9977476626436559,1.8266111548015212e-19,-0.06707907042528365,-6.699781167377991e-20
1.994,1.4272577934488824,-6.791858095296624e-19,1.0102982115546035,0.6050970526135531,-2.127046437578945e-21,0.007954488238668875,0.9977461074440986,1.7441509561820165e-19,-0.0671021987728273,-6.517791959311264e-20
1.996,1.428465224219605,-6.791966516150667e-19,1.010314052247501,0.6023335737893657,-8.661973431642685e-21,0.007886185155141359,0.9977446213876795,1.6618498003101599e-19,-0.06712429137022663,-6.301898356554482e-20
1.998,1.4296671277542603,-6.792202443123066e-19,1.010329756074736,0.5995698232607306,-1.4877912706782254e-20,0.007817623477799348,0.9977432039949824,1.5801662602618735e-19,-0.06714535636829995,-6.120560007606618e-20
2.0,1.4308635035494834,-6.792559512359315e-19,1.010345322526028,0.5968058410185105,-2.0776452833531172e-20,0.007748810106969609,0.9977418547844374,1.4984075725194147e-19,-0.06716540189196894,-5.871130115011988e-20
2.0020000000000002,1.432054351181564,-6.793033555195844e-19,1.0103607511048551,0.5940416667262346,-2.679187329361579e-20,0.007679751901602333,0.9977405732724142,1.7457058112867453e-19,-0.06718443604015327,-5.469582604777229e-20
2.004,1.4332396703057921,-6.793640976379029e-19,1.010376041328372,0.5912773397212662,-3.389716308699388e-20,0.0076104556789562475,0.9977393589733142,1.7192403551565997e-19,-0.06720246688566717,-5.390334545998894e-20
2.0060000000000002,1.4344194606558076,-6.794380436405707e-19,1.0103911927273257,0.5885128990159721,-3.992381046054779e-20,0.007540928214293953,0.9977382113996621,1.6380969333624863e-19,-0.06721950247511764,-5.3137442315232593e-20
2.008,1.4355937220429509,-6.7952444773936345e-19,1.0104062048459717,0.5857483832988954,-4.639156965573089e-20,0.007471176240587368,0.9977371300621954,1.5571064649603602e-19,-0.06723555082880464,-5.2029622676560106e-20
2.0100000000000002,1.4367624543556166,-6.796227113821198e-19,1.0104210772419886,0.5829838309359296,-5.1891691981417147e-20,0.007401206448233179,0.9977361144699539,1.5308401163754095e-19,-0.06725061994062297,-5.0213365377921674e-20
2.012,1.4379256575586095,-6.797327788766233e-19,1.0104358094863932,0.5802192799714957,-5.826752872492239e-20,0.007331025484778205,0.9977351641303668,1.558807359911564e-19,-0.06726471777796583,-4.734926285583592e-20
2.0140000000000002,1.439083331692503,-6.798548830308182e-19,1.0104504011634543,0.5774547681297206,-6.38922032808581e-20,0.007260639954654466,0.9977342785493393,1.5861780207744712e-19,-0.06727785228163038,-4.3808503554223065e-20
2.016,1.440235476872999,-6.79989075322251e-19,1.0104648518706063,0.5746903328156192,-7.01752933802349e-20,0.007190056418923945,0.9977334572313384,1.3953007314642233e-19,-0.06729003136572484,-4.277875499325446e-20
2.0180000000000002,1.4413820932902919,-6.801343251697299e-19,1.0104791612183617,0.5719260111162767,-7.505852086503179e-20,0.007119281395032893,0.9977326996794775,1.588928830940528e-19,-0.06730126291757742,-4.019269801239176e-20
2.02,1.442523181208433,-6.80291662547399e-19,1.0104933288302245,0.5691618398020345,-8.244249558685526e-20,0.007048321356575553,0.9977320053955986,1.8356476725215949e-19,-0.06731155479764704,-3.622149941552664e-20
2.0220000000000002,1.4436587409646984,-6.804631205280542e-19,1.0105073543426013,0.5663978553276771,-8.896201513583703e-20,0.006977182733067168,0.997731373880355,1.8644637438716928e-19,-0.06732091483943568,-3.681663854092522e-20
2.024,1.4447887729689597,-6.806488845436115e-19,1.0105212374047141,0.5636340938336208,-9.689266345188836e-20,0.00690587190972623,0.9977308046332924,1.8938364227447587e-19,-0.06732935084940248,-3.8436305844944926e-20
2.0260000000000002,1.4459132777030554,-6.808492102142916e-19,1.0105349776785106,0.5608705911471056,-1.0330716711867223e-19,0.006834395227265784,0.9977302971529287,1.6482827226000943e-19,-0.06733687060687948,-4.0189563930657014e-20
2.028,1.4470322557201667,-6.810622969040088e-19,1.0105485748385752,0.5581073827833867,-1.0983463921951321e-19,0.006762758981693718,0.9977298509368323,1.623492669549181e-19,-0.06734348186398931,-4.1826685464724076e-20
2.0300000000000002,1.4481457076441941,-6.812878292612993e-19,1.0105620285720391,0.5553445039469296,-1.1560869762324545e-19,0.0066909694241219335,0.9977294654817003,1.4884963208503105e-19,-0.06734919234556411,-4.282945930568758e-20
2.032,1.4492536341691376,-6.815249171082665e-19,1.0105753385784912,0.5525819895326058,-1.2139055214023784e-19,0.0066190327605842115,0.9977291402834347,1.408611150749276e-19,-0.06735400974906658,-4.311643232155701e-20
2.0340000000000003,1.450356036058478,-6.817727471002566e-19,1.010588504569887,0.5498198741268909,-1.2642320077938936e-19,0.006546955151862781,0.9977288748372185,1.2746340547173419e-19,-0.06735794174451241,-4.4112483936110265e-20
2.036,1.4514529141445618,-6.820304371940944e-19,1.010601526270458,0.5470581920090631,-1.312509880963288e-19,0.00647474271332339,0.9977286686375894,1.1407022588911895e-19,-0.06736099597439447,-4.4422242621496654e-20
2.0380000000000003,1.4525442693279877,-6.822969653467146e-19,1.0106144034166211,0.5442969771524042,-1.3522562404065064e-19,0.006402401514758806,0.9977285211785138,1.0632599156915586e-19,-0.0673631800536086,-4.606872997697605e-20
2.04,1.4536301025769964,-6.825717111640687e-19,1.010627135756887,0.5415362632254014,-1.3964924961599203e-19,0.006329937580240609,0.997728431953459,1.2579769433747193e-19,-0.06736450156938104,-4.3128220962998775e-20
2.0420000000000003,1.4547104149268617,-6.828558601109866e-19,1.0106397230517685,0.5387760835929511,-1.4441182367434457e-19,0.00625735688797922,0.9977284004554637,1.1796469522676006e-19,-0.0673649680811975,-4.4095258647674874e-20
2.044,1.455785207479284,-6.831489335148522e-19,1.0106521650736893,0.5360164713175635,-1.4864605886672755e-19,0.0061846653701920044,0.9977284261772097,1.1554670486617238e-19,-0.06736458712073388,-4.3321374357252815e-20
2.0460000000000003,1.4568544814017883,-6.834508151944113e-19,1.0106644616068907,0.533257459160568,-1.5332833113976674e-19,0.006111868912979376,0.9977285086110899,1.1854091231374425e-19,-0.06736336619178844,-4.1153464191401007e-20
2.048,1.4579182379271214,-6.837617503205736e-19,1.0106766124473407,0.5304990795833214,-1.5748300849965445e-19,0.006038973356208789,0.9977286472492768,9.978879716643232e-20,-0.06736131277021573,-4.2863262192000506e-20
2.05,1.4589764783526542,-6.840802524055081e-19,1.0106886174026404,0.5277413647484157,-1.6089587809590813e-19,0.005965984493406479,0.9977288415837897,8.114877272188962e-20,-0.06735843430386204,-4.490780146885392e-20
2.052,1.4600292040397849,-6.84404841510425e-19,1.0107004762919314,0.5249843465208873,-1.6357061390256905e-19,0.005892908071656914,0.9977290911065608,6.259728363320209e-20,-0.06735473821250237,-4.6944435625532036e-20
2.054,1.4610764164133452,-6.847340450270391e-19,1.010712188945803,0.5222280564694279,-1.6551087250995717e-19,0.005819749791509774,0.9977293953095003,4.418007549482006e-20,-0.06735023188777906,-4.9656979672561357e-20
2.056,1.462118116961009,-6.850663976432464e-19,1.0107237552061992,0.5194725258675958,-1.6672029347542202e-19,0.0057465153068944385,0.9977297536845604,2.5873600971020184e-20,-0.06734492269314185,-5.270278802179479e-20
2.058,1.463154307232703,-6.854006576162841e-19,1.0107351749263247,0.5167177856950286,-1.676351137398465e-19,0.0056732102250417705,0.9977301657237986,4.0290435277552214e-20,-0.06733881796378965,-5.078758838874717e-20
2.06,1.4641849888400205,-6.857377523781262e-19,1.0107464479705521,0.5139638666386558,-1.6966278264291681e-19,0.005599840106413223,0.9977306309194395,6.555593423945233e-20,-0.0673319250066136,-4.7798139121708915e-20
2.062,1.465210163455637,-6.860796137946864e-19,1.0107575742143284,0.5112107990939139,-1.7225668710117648e-19,0.005526410464637044,0.9977311487639364,7.43934912016848e-20,-0.06732425110014194,-4.7637936581628487e-20
2.064,1.4662298328127281,-6.864270102538708e-19,1.0107685535440807,0.5084586131659605,-1.7519755030100342e-19,0.005452926766451582,0.997731718750031,8.316619169965586e-20,-0.0673158034944861,-4.713757944821138e-20
2.066,1.4672439987043908,-6.867806339549427e-19,1.0107793858571226,0.5057073386708909,-1.784836553750852e-19,0.0053793944316554805,0.9977323403708127,9.194346632990648e-20,-0.06730658941128857,-4.732310754842971e-20
2.068,1.4682526629830661,-6.87141173672267e-19,1.0107900710615603,0.5029570051369536,-1.8211329442418545e-19,0.005305818833064773,0.9977330131197771,1.007024011245505e-19,-0.06729661604367203,-4.785180733850751e-20
2.07,1.4692558275599648,-6.875093147734668e-19,1.0108006090761985,0.500207641805768,-1.860847684407018e-19,0.005232205296476722,0.9977337364908833,1.093739318416748e-19,-0.06728589055619007,-4.7696793099306866e-20
2.072,1.470253494404495,-6.878857392356708e-19,1.0108109998304469,0.49745927763354164,-1.9039638572757397e-19,0.0051585591006402896,0.9977345099786092,1.1798135059523232e-19,-0.06727442008477942,-4.720074793709196e-20
2.074,1.4712456655436932,-6.882711256601502e-19,1.010821243264225,0.49471194129228857,-1.9504646241738547e-19,0.00508488547723315,0.9977353330780084,1.2657107763447792e-19,-0.06726221173671358,-4.7049047238147566e-20
2.076,1.4722323430616566,-6.88666149288892e-19,1.010831339327869,0.4919656611710481,-2.00033322749747e-19,0.0050111896108451836,0.9977362052847635,1.3509719677711044e-19,-0.06724927259055788,-4.655790252586738e-20
2.078,1.4732135290989787,-6.890714820198054e-19,1.0108412879820372,0.48922046537710406,-2.0535529867689203e-19,0.004937476638968306,0.9977371260952401,1.436059919588464e-19,-0.06723560969612603,-4.6411066595901186e-20
2.08,1.4741892258521865,-6.894877924232905e-19,1.0108510891976155,0.48647638173720414,-2.1101073102988303e-19,0.004863751651992563,0.9977380950065394,1.521206583625616e-19,-0.06722123007443816,-4.6949595609604034e-20
2.082,1.4751594355731812,-6.899157457611594e-19,1.0108607429556236,0.48373343779878003,-2.169979702215699e-19,0.004790019693208398,0.9977391115165498,1.60641283902929e-19,-0.06720614071768012,-4.8171852270530896e-20
2.084,1.4761241605686806,-6.903560040053957e-19,1.0108702492471204,0.48099166083116773,-2.2331537595026395e-19,0.004716285758814962,0.9977401751239977,1.6912192119617262e-19,-0.06719034858916438,-4.9392835354289145e-20
2.086,1.477083403199664,-6.908092258556305e-19,1.0108796080731108,0.47825107782682796,-2.299613160608559e-19,0.004642554797934411,0.9977412853284972,1.7753976049225693e-19,-0.06717386062329218,-5.027105417220918e-20
2.088,1.47803716588082,-6.912760667551806e-19,1.0108888194444503,0.4755117155025672,-2.3693416627405066e-19,0.004568831712632077,0.9977424416305993,1.8596402445013161e-19,-0.0671566837255172,-5.1831755541126406e-20
2.09,1.478985451079996,-6.917571789075215e-19,1.0108978833817515,0.4727736003007586,-2.4423231156658076e-19,0.004495121357942432,0.9977436435318402,1.943718216973571e-19,-0.06713882477231053,-5.3731826314165004e-20
2.092,1.4799282613176505,-6.922531031515847e-19,1.0109067999152903,0.4700367583905631,-2.515297136618427e-19,0.004421428541900724,0.9977448905347883,1.7518216385237418e-19,-0.06712029061112708,-5.439244576427768e-20
2.094,1.4808655991663087,-6.927623593556506e-19,1.0109155690849114,0.46730121566915067,-2.5763696616258384e-19,0.004347758025580242,0.9977461821430904,1.560603730853536e-19,-0.06710108806037327,-5.470684236878938e-20
2.096,1.4817974672500187,-6.932835459688638e-19,1.0109241909399351,0.464566997762922,-2.6353272885902013e-19,0.004274114523135048,0.9977475178615174,1.4255538254489832e-19,-0.06708122390937618,-5.56759956273069e-20
2.098,1.482723868243812,-6.938157004328218e-19,1.010932665539063,0.46183413002872936,-2.6856919219804882e-19,0.004200502701848148,0.9977488971960091,1.345846758882959e-19,-0.06706070491835402,-5.627282154519721e-20
2.1,1.4836448048731652,-6.943581537742318e-19,1.0109409929502842,0.45910263755509845,-2.7383185603053046e-19,0.004126927182185018,0.9977503196537177,1.3205312869233402e-19,-0.06703953781838784,-5.54735308501213e-20
2.102,1.4845602799134643,-6.949105646621887e-19,1.010949173250782,0.45637254516344933,-2.7856294893518896e-19,0.004053392537852281,0.997751784743051,1.2956933861113628e-19,-0.06701772931139473,-5.501667419831742e-20
2.104,1.4854702961894726,-6.954727740151146e-19,1.0109572065268408,0.45364387740931783,-2.836303974296355e-19,0.00397990329586164,0.9977532919737144,1.325905518070897e-19,-0.06699528607010222,-5.453569277248817e-20
2.106,1.4863748565747992,-6.960449480505491e-19,1.010965092873752,0.45091665858357666,-2.884914901440363e-19,0.003906463936598787,0.9977548408567523,1.3559741444996376e-19,-0.06697221473802405,-5.405665314276779e-20
2.108,1.4872739639913717,-6.966272519938432e-19,1.010972832395721,0.4481909127136562,-2.9379625826016507e-19,0.0038330788938973166,0.9977564309045884,1.331656586417186e-19,-0.06694852192943722,-5.462969501689505e-20
2.11,1.4881676214089097,-6.972196337902935e-19,1.010980425205775,0.4454666635647652,-2.984612816202722e-19,0.003759752555117535,0.9977580616310658,1.198278993460602e-19,-0.06692421422936035,-5.627689277009262e-20
2.112,1.4890558318444023,-6.978210692716639e-19,1.010987871425669,0.4427439346411114,-3.0281431663067945e-19,0.003686489261230042,0.9977597325514854,1.01060413987284e-19,-0.06689929819353328,-5.794340145965785e-20
2.114,1.489938598361587,-6.984302149980638e-19,1.0109951711857939,0.4400227491871213,-3.064245232971098e-19,0.0036132933069040383,0.9977614431826443,1.1507916702152433e-19,-0.066873780348398,-5.534999231557492e-20
2.116,1.4908159240704313,-6.990481134946583e-19,1.0110023246250834,0.4373031301886605,-3.115666450854661e-19,0.003540168940600265,0.9977631930428729,1.4004053646993578e-19,-0.0668476671910808,-5.3056897795585847e-20
2.118,1.491687812126617,-6.996764154720609e-19,1.0110093318909223,0.4345851003742527,-3.168273083560835e-19,0.0034671203646684952,0.9977649816520717,1.5395578824342317e-19,-0.06682096518937575,-5.1504841163915246e-20
2.12,1.492554265731027,-7.003165110542795e-19,1.0110161931390542,0.4318686822162989,-3.235039109696036e-19,0.0033941517354494554,0.9977668085317467,1.7328526325903237e-19,-0.0667936807817293,-4.993580608815938e-20
2.122,1.4934152881292329,-7.009697836258842e-19,1.011022908533489,0.42915389793229625,-3.297514590570525e-19,0.0033212671633811503,0.9977686732050445,1.6516150091258247e-19,-0.06676582037722623,-4.986169242299681e-20
2.124,1.4942708826109883,-7.016357365356657e-19,1.0110294782464118,0.42644076948605575,-3.362205474973525e-19,0.0032484707131094936,0.9977705751967866,1.6263799754689203e-19,-0.0667373903555768,-5.078790868923308e-20
2.126,1.4951210525097216,-7.023141997680131e-19,1.0110359024580915,0.42372931858892016,-3.4215381261512777e-19,0.0031757664036031258,0.9977725140335028,1.546922009018191e-19,-0.0667083970671051,-5.2418334217052966e-20
2.128,1.4959658012020323,-7.030045009966017e-19,1.0110421813567891,0.42101956670098095,-3.4820306084254657e-19,0.00310315820827238,0.9977744892434639,1.630026239109206e-19,-0.06667884683273861,-4.986918851728335e-20
2.13,1.4968051321071898,-7.037072328278805e-19,1.0110483151386673,0.4183115350322949,-3.545841504311518e-19,0.0030306500550923033,0.997776500356714,1.7125044087459657e-19,-0.06664874594399897,-4.6985834550620617e-20
2.132,1.4976390486866347,-7.044230572888787e-19,1.0110543040076991,0.41560524454409975,-3.612954262158728e-19,0.002958245826729655,0.9977785469051008,1.794358226573805e-19,-0.06661810066299398,-4.3768650967572975e-20
2.134,1.4984675544434822,-7.051526331016073e-19,1.0110601481755777,0.4129007159500296,-3.683352390131563e-19,0.0028859493606737782,0.9977806284223076,1.8758184530948927e-19,-0.06658691722241072,-4.05603176448181e-20
2.136,1.4992906529220285,-7.05896615697118e-19,1.0110658478616263,0.4101979697173293,-3.7570194682726945e-19,0.002813764449371345,0.9977827444438819,1.9566586417165834e-19,-0.06655520182550989,-3.7018902580022814e-20
2.138,1.5001083477072583,-7.066556572285122e-19,1.0110714032927082,0.4074970260680683,-3.8339391434583565e-19,0.0027416948403647754,0.997784894507265,2.0373372208265477e-19,-0.06652296064612129,-3.38285812577543e-20
2.14,1.500920642424357,-7.074304065873166e-19,1.0110768147031364,0.4047979049803536,-3.9140951435827846e-19,0.002669744236434364,0.9977870781518203,2.117855779332755e-19,-0.06649019982864046,-3.0989322815760013e-20
2.142,1.501727540738223,-7.0822150941921435e-19,1.0110820823345854,0.4021006261895421,-3.997471297797417e-19,0.0025979162957439905,0.9977892949188613,2.198671283796008e-19,-0.06645692548802654,-2.9183276717656106e-20
2.144,1.5025290463529832,-7.090296081478627e-19,1.0110872064360015,0.39940520918945194,-4.0840515493773784e-19,0.002526214631990332,0.9977915443516779,2.278645585784077e-19,-0.06642314370980108,-2.6698869144639225e-20
2.146,1.5033251630115123,-7.098553419915198e-19,1.011092187263514,0.39671167323357287,-4.1738198918659883e-19,0.002454642814555521,0.9977938259955639,2.358008171423261e-19,-0.06638886055004826,-2.387879511218101e-20
2.148,1.5041158944949524,-7.106993469721053e-19,1.0110970250803464,0.39402003733627616,-4.2667603704504016e-19,0.002383204368663167,0.9977961393978415,2.436989396747692e-19,-0.06635408203541598,-2.1066556066837667e-20
2.15,1.504901244622236,-7.115622559275124e-19,1.0111017201567292,0.39133032027402326,-4.362857107432522e-19,0.00231190277553768,0.9977984841078871,2.515363641708427e-19,-0.0663188141631182,-1.7919810373256323e-20
2.152,1.5056812172496121,-7.124446985265708e-19,1.011106272769811,0.38864254058657344,-4.462094281110386e-19,0.002240741472566808,0.9978008596771551,2.5931328514950244e-19,-0.06628306290093834,-1.4439343486145064e-20
2.154,1.5064558162701733,-7.133471931477947e-19,1.0111106832035717,0.3859567165781907,-4.56121219660792e-19,0.002169723853467299,0.9978032656592024,2.453295815996608e-19,-0.06624683418723379,-1.4815212773083092e-20
2.156,1.5072250456133862,-7.142686339075633e-19,1.011114951748735,0.3832728663188494,-4.652642194127705e-19,0.0020988532684537158,0.9978057016097104,2.3696369447130993e-19,-0.06621013393094148,-1.584829980947946e-20
2.158,1.507988909244624,-7.152084609634114e-19,1.011119078702682,0.38059100764543896,-4.745077788022473e-19,0.002028133024410145,0.9978081670865083,2.286375264539169e-19,-0.06617296801158462,-1.687748762020034e-20
2.16,1.5087474111647017,-7.16166009895167e-19,1.011123064369364,0.3779111581629677,-4.829863573115487e-19,0.001957566385064962,0.9978106616495946,2.2035101723686855e-19,-0.06613534227928035,-1.7902789677484775e-20
2.162,1.5095005554094136,-7.171406195594788e-19,1.011126909059217,0.3752333352457651,-4.915687726242207e-19,0.0018871565711683714,0.9978131848611582,2.121491870243366e-19,-0.06609726255474861,-1.9607650922741984e-20
2.164,1.5102483460490728,-7.181315239540878e-19,1.0111306130890754,0.37255755603868307,-4.991732182953189e-19,0.001816906760672801,0.997815736285599,1.9302278032541992e-19,-0.066058734629322,-2.1690306767374018e-20
2.166,1.5109907871880537,-7.191373479806569e-19,1.0111341767820872,0.3698838374582965,-5.066692186767483e-19,0.0017468200889160224,0.9978183154895479,1.9568843640229443e-19,-0.06601976426495663,-1.958092529214682e-20
2.168,1.5117278829643366,-7.201582727724774e-19,1.0111376004676282,0.3672121961941018,-5.142738944976067e-19,0.0016768996488069102,0.997820922041886,1.9836363855744843e-19,-0.06598035719424412,-1.7818801696694665e-20
2.17,1.5124596375490547,-7.211945151271798e-19,1.0111408844812182,0.36454264870971487,-5.219866932557593e-19,0.0016071484910138343,0.9978235555137633,2.0104839387790458e-19,-0.06594051912042452,-1.640270305861376e-20
2.172,1.5131860551460432,-7.222462907412555e-19,1.011144029164436,0.3618752112440675,-5.298070670470836e-19,0.0015375696241555763,0.9978262154786176,2.0372016861493346e-19,-0.06590025571740031,-1.4990294173590047e-20
2.174,1.5139071399913924,-7.233138142202638e-19,1.0111470348648357,0.35920989981260265,-5.377344711288993e-19,0.0014681660149946998,0.9978289015121911,2.0640159101904695e-19,-0.06585957262975142,-1.3923481028824367e-20
2.176,1.514622896353,-7.243972990829619e-19,1.0111499019358634,0.35654673020846805,-5.457683643471924e-19,0.0013989405886333588,0.9978316131925478,2.0911523560181305e-19,-0.06581847547275121,-1.3543359202218432e-20
2.178,1.5153333285301291,-7.254969577722836e-19,1.011152630736774,0.3538857180037089,-5.539082131589989e-19,0.0013298962287114178,0.99783435010009,2.118836678479572e-19,-0.06577696983238349,-1.418980584347389e-20
2.18,1.516038440852967,-7.26613001673716e-19,1.011155221632548,0.3512268785504588,-5.621534931194136e-19,0.0012610357776068613,0.9978371118175745,2.1470677672273392e-19,-0.06573506126536044,-1.5859978684423235e-20
2.182,1.5167382376821863,-7.277456411318189e-19,1.0111576749938096,0.3485702269821297,-5.705036880458704e-19,0.0011923620366384405,0.9978398979301272,2.1753951135753545e-19,-0.06569275529914163,-1.786841541509211e-20
2.184,1.5174327234085083,-7.288950854658251e-19,1.0111599911967455,0.3459157782145999,-5.789582872741853e-19,0.0011238777662704467,0.9978427080252582,2.203593148063226e-19,-0.06565005743195393,-1.9871986924120476e-20
2.186,1.5181219024522699,-7.300615429755464e-19,1.0111621706230216,0.34326354694740097,-5.875167830080706e-19,0.0010555856863195918,0.9978455416928764,2.2314379517364375e-19,-0.0656069731328124,-2.1529184117399918e-20
2.188,1.5188057792629914,-7.312452209467773e-19,1.0111642136597037,0.340613547664903,-5.96178667667124e-19,0.0009874884761639261,0.9978483985253028,2.2591554565560524e-19,-0.06556350784154212,-2.3183155755958797e-20
2.19,1.5194843583189481,-7.324463256531392e-19,1.0111661206991758,0.33796579463749843,-6.04943439012949e-19,0.0009195887749537423,0.9978512781172839,2.288094491588986e-19,-0.06551966696880102,-2.688422920215317e-20
2.192,1.5201576441267428,-7.336648461250605e-19,1.0111678921390603,0.3353203019227842,-6.133781027747734e-19,0.0008518891818243687,0.997854180066004,1.98731071516459e-19,-0.06547545589610353,-3.06809674361408e-20
2.194,1.5208256412208818,-7.3489871712854e-19,1.0111695283821378,0.33267708336674257,-6.205111662935626e-19,0.0007843922561108544,0.9978571039710978,1.9599263803777352e-19,-0.0654308799758453,-3.0275558704803687e-20
2.196,1.5214883541633528,-7.361476491708929e-19,1.0111710298362682,0.33003615260491986,-6.285112234746727e-19,0.0007171005175644236,0.9978600494346619,1.9870257315722786e-19,-0.06538594453132877,-2.9172012628050206e-20
2.198,1.522145787543205,-7.374118582759657e-19,1.0111723969143114,0.32739752306360415,-6.357521004647343e-19,0.0006500164465707042,0.9978630160612657,2.01444310052213e-19,-0.0653406548567896,-2.87552792372622e-20
2.2,1.5227979459761316,-7.386915955284528e-19,1.0111736300340488,0.324761207961001,-6.44075326400068e-19,0.0005831424843696193,0.9978660034579625,2.1515953738616874e-19,-0.06529501621742413,-2.830725671907631e-20
2.202,1.5234448341040558,-7.399877954550489e-19,1.0111747296181055,0.32212722030840746,-6.521783916117169e-19,0.0005164810332769457,0.997869011234299,2.2337438481622134e-19,-0.06524903384941762,-2.856219588128491e-20
2.204,1.524086456594717,-7.4130124440269e-19,1.0111756960938725,0.3194955729113845,-6.613600494881322e-19,0.00045003445690740604,0.9978720390023259,2.369637686015975e-19,-0.06520271295997343,-2.7777753462620625e-20
2.206,1.524722818141261,-7.426328325119551e-19,1.0111765298934292,0.3168662783709276,-6.702090056262331e-19,0.0003838050803993163,0.9978750863766062,2.3421009426847267e-19,-0.06515605872734313,-3.0121198253160536e-20
2.208,1.5253539234618325,-7.439825442612263e-19,1.0111772314534675,0.31423934908463586,-6.7948378369e-19,0.00031779519064070884,0.9978781529742243,2.3698574257204796e-19,-0.06510907630085735,-3.2785158384526574e-20
2.21,1.5259797772991683,-7.453502924691506e-19,1.0111778012152146,0.3116147972478787,-6.881012201738129e-19,0.000252007036496836,0.9978812384147945,2.1221561793747986e-19,-0.06506177080095762,-3.4493259331097466e-20
2.212,1.526600384420195,-7.467342961389904e-19,1.0111782396243578,0.3089926348549616,-6.957400201544124e-19,0.00018644282903908233,0.9978843423204684,1.8756299236265937e-19,-0.06501414731922901,-3.619379508909201e-20
2.214,1.5272157496156276,-7.481326028349986e-19,1.0111785471309689,0.3063728737002893,-7.024050172137318e-19,0.00012110474177517543,0.9978874643159427,1.6304957754356706e-19,-0.06496621091843362,-3.8228346109171067e-20
2.216,1.5278258776995712,-7.495432697670727e-19,1.0111787241894292,0.30375552537952766,-7.081010237561793e-19,5.59949108806404e-05,0.9978906040284656,1.3867476737939745e-19,-0.06491796663254494,-4.0596152651114745e-20
2.218,1.5284307735091243,-7.509645799956967e-19,1.0111787712583555,0.30114060129076303,-7.131572001746094e-19,-8.88456456850282e-06,0.9978937610878438,1.416150556569018e-19,-0.06486941946678301,-3.8781358986759703e-20
2.22,1.529030441903985,-7.523965191349094e-19,1.0111786888005259,0.29852811263566054,-7.187658783200777e-19,-7.353162236190803e-05,0.9978969351264483,1.445186916467511e-19,-0.06482057439765042,-3.6629354286133637e-20
2.222,1.5296248877660594,-7.53839180636033e-19,1.0111784772828059,0.2959180704206196,-7.237353035652524e-19,-0.00013794423691993582,0.9979001257792197,1.2029732908576563e-19,-0.06477143637296912,-4.002072121874173e-20
2.224,1.5302141159990719,-7.552910358449347e-19,1.0111781371760757,0.2933104854579282,-7.281765939809852e-19,-0.00020212041905762603,0.9979033326836743,1.2892891499766415e-19,-0.06472201031191804,-3.990178772897065e-20
2.226,1.5307981315281782,-7.567524377288606e-19,1.0111776689551584,0.29070536836691463,-7.33173586554382e-19,-0.00026605821574766486,0.997906555479908,1.1552432146073957e-19,-0.06467230110507156,-3.949407389644989e-20
2.228,1.5313769392995813,-7.582224403501887e-19,1.0111770730987462,0.28810272957509764,-7.367778327453966e-19,-0.00032975570988236485,0.9979097938106014,1.0228467187284428e-19,-0.0646223136144387,-4.0452172172143714e-20
2.23,1.5319505442801475,-7.596999589327683e-19,1.0111763500893305,0.28550257931933437,-7.406178817072997e-19,-0.0003932110200347255,0.997913047321023,8.374748069986924e-20,-0.0645720526735031,-4.3469130753894317e-20
2.232,1.532518951457028,-7.611836618911052e-19,1.0111755004131298,0.2829049276469662,-7.430709138183935e-19,-0.0004564223002186385,0.9979163156590335,8.155708717236469e-20,-0.06452152308726389,-4.3020349647607015e-20
2.234,1.5330821658372795,-7.626731973701416e-19,1.0111745245600194,0.28030978441696264,-7.464145139481459e-19,-0.0005193877396482265,0.9979195984750885,7.389656453682203e-20,-0.06447072963227717,-4.258323871942612e-20
2.236,1.5336401924474894,-7.641681438763678e-19,1.0111734230234615,0.2777171593010633,-7.483740558117428e-19,-0.0005821055624964379,0.9979228954222419,6.629431386804868e-20,-0.06441967705669836,-4.248751400984656e-20
2.238,1.5341930363334024,-7.656677944425982e-19,1.0111721963004343,0.27512706178491725,-7.513350533456479e-19,-0.0006445740276528291,0.9979262061561477,6.419908346177257e-20,-0.06436837008032535,-4.2037656576623973e-20
2.24,1.5347407025595494,-7.671720576150824e-19,1.0111708448913648,0.2725395011692207,-7.5291473068693955e-19,-0.000706791428480723,0.9979295303350627,5.1228411308000054e-20,-0.06431681339464225,-4.297699209695594e-20
2.242,1.5352831962088784,-7.686801231696048e-19,1.0111693693000583,0.2699544865708525,-7.551737089399786e-19,-0.0007687560925736616,0.9979328676198476,5.457464118329744e-20,-0.06426501166286396,-4.08042019137623e-20
2.244,1.5358205223823886,-7.70191940161838e-19,1.0111677700336312,0.26737202692400713,-7.565938902730062e-19,-0.000830466381511283,0.9979362176739685,4.6904955536784423e-20,-0.06421296951998152,-3.8658287209486713e-20
2.246,1.5363526861987657,-7.717070597280503e-19,1.0111660476024427,0.26479213098132576,-7.5869275800453225e-19,-0.0008919206906146003,0.9979395801634983,6.126606368248265e-20,-0.06416069157280818,-3.681706097475102e-20
2.248,1.53687969279402,-7.732264402892369e-19,1.011164202520028,0.2622148073150252,-7.60602152237237e-19,-0.0009531174487007216,0.997942954757117,4.831251125088935e-20,-0.06410818240002604,-3.8450979919819133e-20
2.25,1.537401547321127,-7.747491261645197e-19,1.0111622353030316,0.25964006431802433,-7.619984791256686e-19,-0.0010140551178371606,0.997946341126112,3.5398589308206026e-20,-0.0640554465522336,-3.9737068489548946e-20
2.2520000000000002,1.5379182549496697,-7.762740937605337e-19,1.0111601464711406,0.2570679102050684,-7.628842773457737e-19,-0.0010747321930956281,0.9979497389443781,2.2502090545426585e-20,-0.06400248855199392,-4.033421032023843e-20
2.254,1.5384298208654827,-7.778003245441364e-19,1.011157936547019,0.25449835301385104,-7.632620689291703e-19,-0.0011351472023054168,0.997953147888417,9.644715337583619e-21,-0.0639493128938835,-4.0585608766009464e-20
2.2560000000000002,1.5389362502703008,-7.793268050115508e-19,1.0111556060562426,0.25193140060613406,-7.63134360617699e-19,-0.0011952987058064714,0.997956567637337,-3.1518531151652952e-21,-0.06389592404454181,-4.083446523211362e-20
2.258,1.5394375483814067,-7.808525266593451e-19,1.0111531555272346,0.24936706066886483,-7.625036478305066e-19,-0.0012551852962020599,0.9979599978728514,-1.5844084587354243e-20,-0.06384232644272153,-4.176431455979163e-20
2.2600000000000002,1.5399337204312833,-7.82376485969036e-19,1.0111505854912008,0.24680534071529123,-7.613724201120252e-19,-0.0013148055981111804,0.9979634382792777,-2.8432340178649515e-20,-0.0637885244993395,-4.3373148714525916e-20
2.262,1.5404247716672674,-7.838976843935996e-19,1.011147896482066,0.24424624808607454,-7.597431592682517e-19,-0.0013741582679207126,0.9979668885435355,-4.0916982614277746e-20,-0.06373452259752828,-4.565977834944482e-20
2.2640000000000002,1.5409107073512052,-7.854151283449958e-19,1.0111450890364102,0.24168978995039958,-7.576183434690873e-19,-0.00143324199353733,0.9979703483551452,-5.323274370650757e-20,-0.06368032509268842,-4.964890393372065e-20
2.266,1.5413915327591108,-7.869280454326864e-19,1.011142163693407,0.2391359733070828,-7.554329310237112e-19,-0.0014920554941392514,0.9979738174062248,-3.274783936322881e-20,-0.06362593631254138,-5.016401612180851e-20
2.2680000000000002,1.5418672531808266,-7.884375412592479e-19,1.01113912099476,0.23658480498567772,-7.53944252050635e-19,-0.0015505975199278236,0.9979772953914879,-5.0799687391074696e-20,-0.06357136055718299,-5.072823797722366e-20
2.27,1.5423378739196858,-7.899423741528057e-19,1.0111359614846418,0.23403629164757794,-7.507705587576612e-19,-0.0016088668518789923,0.997980782008241,-7.981801339386996e-20,-0.06351660209913773,-5.0276465991524155e-20
2.2720000000000002,1.5428034002921769,-7.914407319535161e-19,1.0111326857096326,0.2314904397871179,-7.476502592891803e-19,-0.0016668623014947136,0.9979842769563801,-7.026818625864805e-20,-0.06346166518341355,-4.9434808113991955e-20
2.274,1.5432638376276109,-7.9293290241441865e-19,1.0111292942186592,0.2289472557326709,-7.444748017050603e-19,-0.0017245827105542748,0.9979877799383873,-7.704759634448903e-20,-0.06340655402755728,-5.1692629856490323e-20
2.2760000000000002,1.543719191267791,-7.944184506340543e-19,1.0111257875629347,0.22640674564774488,-7.410282351907346e-19,-0.0017820269508656607,0.9979912906593271,-8.383785549754244e-20,-0.0633512728217107,-5.32605363192093e-20
2.278,1.544169466566683,-7.958968357504279e-19,1.011122166295899,0.2238689155320754,-7.373119150852438e-19,-0.0018391939240168806,0.9979948088268428,-9.059561294301585e-20,-0.06329582572866727,-5.482330366275062e-20
2.2800000000000002,1.5446146688900892,-7.973675196059795e-19,1.011118430973159,0.2213337712227165,-7.3332718949088135e-19,-0.0018960825611274033,0.9979983341511517,-9.72993269623848e-20,-0.06324021688392936,-5.672333238185068e-20
2.282,1.5450548036153249,-7.988299667344049e-19,1.01111458215243,0.2188013183951285,-7.290754030709727e-19,-0.0019526918225996343,0.998001866345041,-1.0394914505245134e-19,-0.06318445039576619,-5.895982680575017e-20
2.2840000000000003,1.5454898761308948,-8.002836443558805e-19,1.0111106203934779,0.21627156256426372,-7.245578966421435e-19,-0.0020090206978705416,0.998005405123863,-1.1056694115958833e-19,-0.06312853034527224,-6.119002115471432e-20
2.286,1.5459198918361747,-8.017280223659367e-19,1.0111065462580604,0.21374450908564932,-7.197760047455028e-19,-0.002065068205163386,0.9980089502055304,-1.1717449886409162e-19,-0.0630724607864264,-6.307195962857087e-20
2.2880000000000003,1.5463448561410924,-8.031625733211614e-19,1.0111023603098703,0.2112201631564676,-7.147310532689418e-19,-0.0021208333912396816,0.99801250131051,-1.2377195655299955e-19,-0.06301624574615149,-6.46064772942369e-20
2.29,1.5467647744658128,-8.045867724207193e-19,1.0110980631144786,0.2086985298166338,-7.094243594127725e-19,-0.0021763153311513293,0.9980160581618187,-1.3027304689230422e-19,-0.06295988922437461,-6.716191974992567e-20
2.2920000000000003,1.5471796522404244,-8.060000974969492e-19,1.0110936552392782,0.20617961394987117,-7.038572408083491e-19,-0.0022315131279929817,0.9980196204850167,-1.3669954425890422e-19,-0.06290339519408782,-7.039429281937573e-20
2.294,1.5475894949046274,-8.074020290187389e-19,1.0110891372534279,0.2036634202847833,-6.980310159975715e-19,-0.00228642591265471,0.9980231880082019,-1.4309478975719833e-19,-0.06284676760140949,-7.36180319365887e-20
2.2960000000000003,1.5479943079074254,-8.087920500878888e-19,1.0110845097277972,0.20114995339592398,-6.919469978235043e-19,-0.0023410528435749193,0.998026760462004,-1.4945895116797453e-19,-0.06279001036564619,-7.683316560266218e-20
2.298,1.548394096706818,-8.101696464253135e-19,1.0110797732349113,0.19863921770486434,-6.856064929441943e-19,-0.002395393106493618,0.9980303375795777,-1.558136919225956e-19,-0.06273312737935514,-7.969773567783482e-20
2.3000000000000003,1.5487888667694953,-8.115343063556766e-19,1.011074928348897,0.1961312174812571,-6.790107965268474e-19,-0.002449445914206006,0.9980339190965963,-1.6224515912588324e-19,-0.06267612250840716,-8.084545178247536e-20
2.302,1.5491786235705365,-8.12885520775045e-19,1.0110699756454282,0.19362595684389827,-6.721611846815656e-19,-0.0025032105063164858,0.9980375047512449,-1.6868891814621595e-19,-0.06261899959205015,-8.130595286069614e-20
2.3040000000000003,1.5495633725931077,-8.1422278311802375e-19,1.0110649157016738,0.19112343976178622,-6.650589222920276e-19,-0.002556686148993014,0.998041094284213,-1.750591315786076e-19,-0.06256176244297314,-8.244841994686698e-20
2.306,1.5499431193281645,-8.1554558934721095e-19,1.0110597490962432,0.18862367005517774,-6.577052731198158e-19,-0.00260987213472193,0.9980446874386879,-1.8137744450115355e-19,-0.06250441484737082,-8.39292502827976e-20
2.308,1.5503178692741548,-8.168534379513065e-19,1.0110544764091351,0.18612665139664153,-6.50101499380705e-19,-0.002662767782063208,0.9980482839603466,-1.876012278884755e-19,-0.06244696056500857,-8.64308178758839e-20
2.31,1.5506876279367252,-8.181458299439245e-19,1.0110490982216855,0.18363238731210885,-6.422488637764864e-19,-0.002715372435406224,0.9980518835973488,-1.9377347827072026e-19,-0.06238940332928807,-8.926793889892786e-20
2.312,1.5510524008284283,-8.1942226886270595e-19,1.0110436151165154,0.18114088118192134,-6.341486272465765e-19,-0.00276768546472596,0.9980554861003283,-1.9987299137666141e-19,-0.06233174684731331,-9.278181680807034e-20
2.314,1.5514121934684326,-8.20682368886584e-19,1.0110380276774809,0.1786521362418762,-6.261264081532447e-19,-0.0028197062653398134,0.9980590912223861,-1.8416188515100845e-19,-0.06227399479995714,-9.320912123175795e-20
2.316,1.5517670113822346,-8.219270794192273e-19,1.011032336489622,0.17616615558426826,-6.183982495940061e-19,-0.0028714342576648968,0.9980626987190808,-2.1249270038995504e-19,-0.06221615084192834,-9.329118220966864e-20
2.318,1.5521168601013724,-8.231543546845369e-19,1.0110265421391134,0.17368294215892952,-6.086920225805972e-19,-0.0029228688869759366,0.9980663083484214,-2.2957505382581728e-19,-0.06215821860183907,-9.542188806563171e-20
2.32,1.5524617451631428,-8.243629149416954e-19,1.0110206452132142,0.1712024987742656,-6.000441760180643e-19,-0.0029740096231637586,0.9980699198708581,-1.9739211982746052e-19,-0.06210020168227294,-9.345196583080098e-20
2.322,1.5528016721103184,-8.255549456955405e-19,1.0110146463002196,0.1687248280982895,-5.92017353350286e-19,-0.0030248559604944066,0.9980735330492739,-1.928709416286557e-19,-0.06204210365985337,-9.079945785659892e-20
2.324,1.5531366464908682,-8.267311087646828e-19,1.011008545989412,0.16624993265965232,-5.841763428217232e-19,-0.0030754074173688765,0.9980771476489756,-1.8832921182261452e-19,-0.06198392808531258,-8.883798176393842e-20
2.326,1.5534666738576806,-8.278917748475625e-19,1.011002344871013,0.16377781484867124,-5.76520218895051e-19,-0.0031256635360835355,0.9980807634376844,-1.8383070500592847e-19,-0.061925678483560904,-8.653989008274952e-20
2.328,1.5537917597682864,-8.290373127938658e-19,1.010996043536136,0.16130847691835443,-5.690480592703757e-19,-0.003175623882591216,0.9980843801855273,-1.7937524673641826e-19,-0.06186735835375666,-8.390597398273846e-20
2.33,1.5541119097845866,-8.301680896107831e-19,1.010989642576739,0.15884192098542324,-5.617589419088135e-19,-0.0032252880462629962,0.9980879976650273,-1.7498389224856689e-19,-0.061808971169376344,-8.059583342137737e-20
2.332,1.5544271294725798,-8.312844704602997e-19,1.0109831425855782,0.15637814903133124,-5.546519436414109e-19,-0.0032746556396507282,0.998091615651094,-1.7067770759435801e-19,-0.06175052037828538,-7.626825144670956e-20
2.334,1.5547374244020933,-8.323866024145333e-19,1.0109765441561616,0.1539171629032805,-5.472936605221519e-19,-0.003323726298250296,0.9980952339210142,-1.991199077697516e-19,-0.06169200940280921,-7.569260311484039e-20
2.336,1.5550428001465153,-8.334725775512963e-19,1.0109698478827032,0.15145896431523476,-5.386041282184448e-19,-0.0033724996802656213,0.9980988522544413,-2.0536996545948557e-19,-0.061633441639804845,-7.649735834764514e-20
2.338,1.5553432622825296,-8.345417224939477e-19,1.0109630543600785,0.14900355484892966,-5.305357438409283e-19,-0.0034209754663734777,0.9981024704333863,-2.1150575254973172e-19,-0.06157482046073285,-7.866654743496078e-20
2.34,1.555638816389852,-8.355937995436606e-19,1.0109561641837794,0.14655093595488014,-5.214643526415554e-19,-0.0034691533594890865,0.9981060882422071,-2.176541717994013e-19,-0.06151614921172968,-8.014609313938325e-20
2.342,1.5559294680509692,-8.366282131310784e-19,1.0109491779498696,0.14410110895338457,-5.1301672008947095e-19,-0.003517033084532521,0.9981097054675985,-2.0751236599700234e-19,-0.061457431213680504,-7.787175093905815e-20
2.344,1.5562152228508788,-8.376457758960133e-19,1.0109420962549414,0.1416540750355261,-5.045410428748067e-19,-0.0035646143881959765,0.9981133218985815,-1.974531514942869e-19,-0.06139866976229235,-7.526394697560704e-20
2.346,1.556496086376832,-8.38647079999684e-19,1.010934919696072,0.1392098352641708,-4.969018975330884e-19,-0.00361189703871185,0.9981169373264935,-1.8744197992240852e-19,-0.06133986812816771,-7.266425601952597e-20
2.348,1.5567720642180791,-8.39633290059168e-19,1.0109276488707808,0.13676839057496298,-4.894465933446354e-19,-0.0036588808256217235,0.9981205515449771,-1.6658940105626442e-19,-0.06128102955687848,-6.871642168145506e-20
2.35,1.5570431619656147,-8.406056736589205e-19,1.010920284376987,0.1343297417773172,-4.829307044679358e-19,-0.0037055655595462055,0.9981241643499696,-1.7307966675159725e-19,-0.06122215726904031,-6.817022591445508e-20
2.352,1.5573093852119269,-8.415638704239222e-19,1.0109128268129681,0.1318938895554075,-4.752959990322502e-19,-0.003751951071955693,0.9981277755396922,-1.7953935218112302e-19,-0.061163254460387305,-6.762442272307324e-20
2.354,1.5575707395507477,-8.42507701668734e-19,1.0109052767773175,0.12946083446915327,-4.684931319550014e-19,-0.003798037214942036,0.9981313849146388,-1.7504994857398927e-19,-0.06110432430184716,-6.640994399209666e-20
2.356,1.5578272305768057,-8.434371333409077e-19,1.0108976348689038,0.12703057695520226,-4.610044874044393e-19,-0.003843823860991137,0.9981349922775655,-1.706319348257704e-19,-0.061045369939616574,-6.4172590230191e-20
2.358,1.5580788638855805,-8.443526711675251e-19,1.0108899016868311,0.12460311732791042,-4.546711355292452e-19,-0.003889310902756498,0.9981385974334785,-1.5532454871234666e-19,-0.06098639449523706,-6.093145147260334e-20
2.36,1.5583256450730585,-8.452554305265813e-19,1.010882077830398,0.12217845578031859,-4.480812922128136e-19,-0.003934498252833733,0.998142200189624,-1.5626949807583731e-19,-0.06092740106567115,-6.280761474747008e-20
2.362,1.5585675797354919,-8.461454035065069e-19,1.010874163899058,0.11975659238512613,-4.4188479187655555e-19,-0.003979385843536047,0.9981458003554756,-1.5723024701985855e-19,-0.06086839272337884,-6.43375642303591e-20
2.364,1.5588046734691587,-8.470224017913052e-19,1.0108661604923803,0.11733752709566139,-4.351066319939968e-19,-0.004023973626670706,0.998149397742724,-1.637002922348982e-19,-0.060809372516394525,-6.5513419329009e-20
2.366,1.5590369318701252,-8.478860574048294e-19,1.0108580682100115,0.11492125974684904,-4.2850619841568977e-19,-0.004068261573316507,0.9981529921652649,-1.6478416345261985e-19,-0.06075034346840412,-6.464282552421541e-20
2.368,1.5592643605340095,-8.487361838945985e-19,1.010849887651637,0.11250779005617428,-4.2164961862647827e-19,-0.0041122496736022696,0.9981565834391869,-1.6590492003249922e-19,-0.060691308578822614,-6.309013007956546e-20
2.37,1.5594869650557486,-8.495728475534832e-19,1.0108416194169427,0.11009711762464389,-4.1497131747182296e-19,-0.00415593793648635,0.9981601713827607,-1.7247230924332277e-19,-0.0606322708228719,-6.221576870605416e-20
2.372,1.5597047510293653,-8.5039546649930575e-19,1.0108332641055784,0.10768924193774403,-4.0760510710101613e-19,-0.004199326389537193,0.9981637558164267,-1.789466375609068e-19,-0.06057323315165894,-6.236826930414314e-20
2.374,1.5599177240477393,-8.512035694037352e-19,1.0108248223171201,0.10528416236639498,-4.00419522729064e-19,-0.00424241507871495,0.9981673365627831,-1.8537720267273642e-19,-0.06051419849225424,-6.251911567742141e-20
2.376,1.5601258897023778,-8.519965802737655e-19,1.0108162946510337,0.10288187816790262,-3.925493985707649e-19,-0.0042852040681541255,0.9981709134465743,-1.917437228042862e-19,-0.06045516974777066,-6.300996158577586e-20
2.378,1.5603292535831899,-8.527740346807858e-19,1.010807681706639,0.10048238848690667,-3.8486325891402895e-19,-0.004327693439947357,0.9981744862946783,-1.9805913270592576e-19,-0.06039614979744245,-6.384159099430246e-20
2.38,1.560527821278262,-8.5353550672901e-19,1.0107989840830733,0.09808569235632583,-3.7660319413515753e-19,-0.0043698832939302185,0.9981780549360953,-2.0431611712027815e-19,-0.06033714149670466,-6.535481484932567e-20
2.382,1.560721598373636,-8.542805000598822e-19,1.0107902023792574,0.09569178869829961,-3.6842078044615947e-19,-0.004411773747467157,0.998181619201935,-2.1054304755822163e-19,-0.06027814767727284,-6.686355757170438e-20
2.384,1.5609105904530876,-8.550084846759022e-19,1.0107813371938597,0.09330067632512698,-3.5955863729681186e-19,-0.004453364935238523,0.9981851789254044,-2.1678157916206345e-19,-0.060219171147222965,-6.768377072777443e-20
2.386,1.5610948030979077,-8.557190051545784e-19,1.0107723891252618,0.09091235394020174,-3.5099287880834467e-19,-0.004494657009028737,0.9981887339417952,-2.1755900145562212e-19,-0.06016021469107169,-6.748692780290308e-20
2.388,1.5612742418866867,-8.564121128902459e-19,1.0107633587715255,0.0885268201389447,-3.4207383818372495e-19,-0.004535650137515557,0.9981922840884725,-2.1281901467620563e-19,-0.06010128106985687,-6.764391013832395e-20
2.39,1.561448912395098,-8.570878595795133e-19,1.0107542467303579,0.08614407340973253,-3.336677273667633e-19,-0.004576344506060503,0.9981958292048613,-2.135326667909994e-19,-0.06004237302121835,-6.881520352883948e-20
2.392,1.561618820195686,-8.577464396410717e-19,1.0107450535990792,0.08376411213482345,-3.2501535541934172e-19,-0.00461674031650039,0.9981993691324342,-1.9792758644292437e-19,-0.05998349325947902,-6.728585612079678e-20
2.394,1.5617839708576535,-8.583888759773483e-19,1.0107357799745895,0.08138693459127952,-3.1741539276277204e-19,-0.00465683778694008,0.9982029037146993,-1.9877362878773124e-19,-0.059924644475726124,-6.74330677494897e-20
2.396,1.5619443699466538,-8.590149971667955e-19,1.0107264264533369,0.07901253895188579,-3.084839941016163e-19,-0.004696637151546332,0.9982064327971873,-2.324724668284672e-19,-0.05986582933789281,-6.920984386161828e-20
2.398,1.5621000230245818,-8.596227223693509e-19,1.0107169936312848,0.076640923286066,-2.993086069542819e-19,-0.004736138660342859,0.9982099562274389,-2.223376812432454e-19,-0.059807050490840015,-6.698526343563337e-20
2.4,1.5622509356493688,-8.602125023737795e-19,1.0107074821038813,0.07427208556079516,-2.905384747044406e-19,-0.004775342579006539,0.9982134738549919,-2.12210408466923e-19,-0.05974831055643844,-6.54507275391295e-20
2.402,1.5623971133747783,-8.607851456866593e-19,1.0106978924660273,0.07190602364150868,-2.821715964526616e-19,-0.004814249188664848,0.9982169855313692,-2.0209033781088536e-19,-0.05968961213365091,-6.460620730995106e-20
2.404,1.5625385617502041,-8.613414568275252e-19,1.0106882253120464,0.06954273529300825,-2.7420598630780483e-19,-0.004852858785694437,0.9982204911100648,-1.920182486114379e-19,-0.059630957798614895,-6.376554983545636e-20
2.406,1.5626752863204694,-8.618822363564218e-19,1.0106784812356544,0.0671822181803644,-2.666396695996981e-19,-0.0048911716815209765,0.9982239904465326,-1.819530954621335e-19,-0.05957235010472527,-6.361202879880404e-20
2.408,1.5628072926256287,-8.624082808981285e-19,1.0106686608299293,0.06482446986981577,-2.5947068678017815e-19,-0.004929188202420121,0.9982274833981721,-1.719151261638534e-19,-0.05951379158271731,-6.380154401807369e-20
2.41,1.5629345862007709,-8.629203831700762e-19,1.010658764687282,0.0624694878296649,-2.526970892434102e-19,-0.0049669086893197635,0.9982309698243165,-1.6192457325284603e-19,-0.05945528474074989,-6.399162666633386e-20
2.412,1.5630571725758242,-8.634193320042983e-19,1.0106487933994266,0.06011726943117089,-2.463169407165731e-19,-0.005004333497603472,0.9982344495862191,-1.5194038667975382e-19,-0.05939683206448892,-6.486637179218953e-20
2.414,1.5631750572753633,-8.639059123732928e-19,1.0106387475573526,0.05776781194943853,-2.403283171359737e-19,-0.005041462996915162,0.9982379225470411,-1.4204384438169315e-19,-0.05933843601719097,-6.505673469601327e-20
2.416,1.5632882458184176,-8.643809054075895e-19,1.0106286277512961,0.055421112564304174,-2.347292995362145e-19,-0.00507829757096499,0.9982413885718382,-1.3219405062887772e-19,-0.059280099039787135,-6.524763534681759e-20
2.418,1.5633967437182814,-8.648450884065102e-19,1.0106184345707119,0.053077168361218216,-2.2951797698806336e-19,-0.0051148376173364915,0.9982448475275476,-1.2241105371413616e-19,-0.05922182355096702,-6.509740884873727e-20
2.42,1.5635005564823266,-8.652992348549367e-19,1.0106081686042456,0.05073597633212421,-2.2469244466103204e-19,-0.005151083547294962,0.9982482992829751,-1.127149387399946e-19,-0.059163611947263,-6.426479842268488e-20
2.422,1.5635996896118158,-8.657441144297715e-19,1.0105978304397072,0.04839753337633462,-2.202507984877093e-19,-0.0051870357855970895,0.9982517437087822,-1.031662613501154e-19,-0.05910546660313465,-6.172604588201123e-20
2.424,1.5636941486017188,-8.6618049299636e-19,1.0105874206640433,0.046061836301403154,-2.1619113111710723e-19,-0.005222694770301821,0.998255180677473,-9.370391087012207e-20,-0.05904738987105333,-5.851056644730207e-20
2.426,1.5637839389405293,-8.666091326058414e-19,1.0105769398633118,0.04372888182399375,-2.1251153714081913e-19,-0.005258060952582498,0.9982586100633811,-8.426685329077382e-20,-0.05898938408158701,-5.564614492536816e-20
2.428,1.5638690661100838,-8.670307915095235e-19,1.010566388622655,0.04139866657074617,-2.092101238317655e-19,-0.005293134796540234,0.9982620317426565,-7.481443710657883e-20,-0.058931451543485155,-5.3815659860504556e-20
2.43,1.5639495355853832,-8.674462241903981e-19,1.0105557675262744,0.039071187079138155,-2.0628501519356984e-19,-0.005327916779018596,0.9982654455932526,-6.538693361615152e-20,-0.05887359454376396,-5.2332924363779155e-20
2.432,1.5640253528344148,-8.678561813919324e-19,1.010545077157405,0.03674643979834421,-2.0373434755295096e-19,-0.0053624073894195145,0.9982688514949133,-5.60043302289567e-20,-0.05881581534779158,-5.085503750210597e-20
2.434,1.5640965233179767,-8.682614101409463e-19,1.0105343180982906,0.03442442109009099,-2.0155626675374919e-19,-0.0053966071295204485,0.9982722493291596,-4.668658732241443e-20,-0.05875811619937361,-4.903991241002339e-20
2.436,1.5641630524895034,-8.686626537623e-19,1.0105234909301597,0.03210512722950921,-1.9974892420783778e-19,-0.0054305165132929,0.9982756389792766,-3.7433527798308465e-20,-0.0587004993208387,-4.688793831793996e-20
2.438,1.5642249457948942,-8.690606518881208e-19,1.0105125962332004,0.02978855440598222,-1.9831047745728663e-19,-0.005464136066722113,0.9982790203303009,-2.822476219877078e-20,-0.05864296691312436,-4.47415683595784e-20
2.44,1.5642822086723422,-8.694561404749162e-19,1.010501634586537,0.027474698723991085,-1.9723909177830156e-19,-0.005497466327628112,0.9982823932690063,-1.9100304316664143e-20,-0.05858552115586282,-4.19170466509843e-20
2.442,1.564334846552165,-8.698498518123993e-19,1.0104906065682064,0.025163556203956265,-1.965329354883097e-19,-0.005530507845488009,0.9982857576838922,-1.001971430195128e-20,-0.05852816420746714,-3.910052614465674e-20
2.444,1.5643828648566374,-8.70242514534947e-19,1.0104795127551354,0.022855122783075853,-1.9619018648363697e-19,-0.005563261181259578,0.9982891134651696,-9.225186155531158e-22,-0.05847089820521742,-3.7318196269699784e-20
2.446,1.5644262689998265,-8.706348536491217e-19,1.0104683537231172,0.020549394316160385,-1.9620903955680491e-19,-0.005595726907206118,0.9982924605047478,8.171351344349918e-21,-0.05841372526534709,-3.6225520340475656e-20
2.448,1.5644650643874272,-8.710275905659432e-19,1.0104571300467895,0.01824636657646419,-1.9658770319475842e-19,-0.005627905606722648,0.9982957986962224,1.7221974650987767e-20,-0.0583566474831294,-3.5136703302765347e-20
2.45,1.5644992564166,-8.714214431237999e-19,1.010445842299612,0.015946035256513297,-1.9732439703961033e-19,-0.005659797874163321,0.9982991279348612,2.626954125583255e-20,-0.058299666932964046,-3.473507022839334e-20
2.452,1.5645288504758106,-8.718171256138447e-19,1.0104344910538454,0.013648395968929902,-1.984173547144766e-19,-0.005691404314670178,0.9983024481175913,3.5354239853319984e-20,-0.05824278566846382,-3.5703948263933864e-20
2.454,1.5645538519446704,-8.72215348814868e-19,1.010423076880529,0.011353444247253357,-1.9986483021373207e-19,-0.0057227255440031755,0.9983057591429867,4.445620356598568e-20,-0.05818600572254151,-3.769799715539347e-20
2.456,1.56457426619378,-8.72616820030437e-19,1.01041160034946,0.009061175546757715,-2.0166509353110058e-19,-0.005753762188371516,0.9983090609112545,5.3535595250706544e-20,-0.0581293291074968,-4.0030619040740294e-20
2.458,1.5645900985845724,-8.730220268685043e-19,1.0104000620291735,0.006771585245265808,-2.0338392978587243e-19,-0.005784514884266264,0.9983123533242223,2.955345770814554e-20,-0.05807275781510333,-4.1193193876227676e-20
2.46,1.5646013544691597,-8.734292559972365e-19,1.010388462486921,0.004484668643959851,-2.0372408780181126e-19,-0.005814984278294247,0.998315636285325,1.7866196771039802e-22,-0.05801629381669587,-4.232677417918028e-20
2.462,1.5646080391901804,-8.738365492624992e-19,1.0103768022886508,0.0022004209681885855,-2.0355701982861403e-19,-0.005845171027013275,0.9983189096995919,-1.6434615227367514e-21,-0.057959939063257554,-4.2891045212164357e-20
2.464,1.5646101580806486,-8.742434355969624e-19,1.0103650819989884,-8.116263172906367e-05,-2.033172150099625e-19,-0.005875075796768647,0.9983221734736338,-3.516469851419318e-21,-0.057903695485507264,-4.242706154803885e-20
2.466,1.5646077164638046,-8.746497698849662e-19,1.0103533021812172,-0.0023600870797038003,-2.0300503021350745e-19,-0.005904699263530933,0.9983254275156298,-5.341099202186228e-21,-0.057847564993987056,-4.264729020243846e-20
2.468,1.5646007196529674,-8.750554077237645e-19,1.0103414633972587,-0.004636357373079245,-2.026208232634269e-19,-0.005934042112735088,0.9983286717353147,-7.176799590504719e-21,-0.05779154947914969,-4.252546635575064e-20
2.47,1.5645891729513883,-8.754602054253818e-19,1.0103295662076546,-0.0069099785818387245,-2.0216494908425113e-19,-0.005963105039120807,0.9983319060439657,-9.023689012430071e-21,-0.05773565081144625,-4.206159581383782e-20
2.472,1.564573081652107,-8.758640200052716e-19,1.0103176111715477,-0.009180955847815524,-2.0163775656632885e-19,-0.005991888746574242,0.9983351303543898,-1.0901564094587267e-20,-0.05767987084141385,-4.0914402040624385e-20
2.474,1.5645524510378082,-8.762667091699787e-19,1.010305598846664,-0.011449294383906648,-2.010395886734607e-19,-0.00602039394797096,0.9983383445809112,-1.2751124104598125e-20,-0.05762421139976339,-4.011096808821153e-20
2.476,1.56452728638068,-8.766681313118695e-19,1.0102935297892952,-0.013714999473290062,-2.0037078864151079e-19,-0.0060486213650201934,0.9983415486393576,-1.4592116389559496e-20,-0.057568674297467426,-3.9309197115040535e-20
2.478,1.5644975929422753,-8.770681455087381e-19,1.0102814045542807,-0.015978076468645425,-1.9963169728579058e-19,-0.006076571728110437,0.9983447424470484,-1.6503563109965275e-20,-0.05751326132584804,-3.714071835082812e-20
2.48,1.5644633759733722,-8.774666115084123e-19,1.0102692236949904,-0.01823853079137833,-1.9882264258806878e-19,-0.0061042457761562655,0.9983479259227812,-1.8465722376742937e-20,-0.057457974256664844,-3.3950873485202836e-20
2.482,1.564424640713838,-8.778633897035656e-19,1.0102569877633083,-0.020496367930848032,-1.979439436750928e-19,-0.0061316442564464824,0.9983510989868195,-2.0419369230150192e-20,-0.05740281484220301,-3.076836746509e-20
2.484,1.5643813923924943,-8.782583411230745e-19,1.0102446973096153,-0.022751593443598676,-1.9699591738028165e-19,-0.006158767924493541,0.9983542615608797,-2.2384206539579944e-20,-0.05734778481536135,-2.7251494200574484e-20
2.486,1.5643336362269826,-8.786513274250407e-19,1.0102323528827735,-0.025004212952594033,-1.9597887486157185e-19,-0.00618561754388428,0.9983574135681187,-2.4379927766989322e-20,-0.057292885889740464,-2.3059359702607448e-20
2.488,1.564281377423633,-8.790422108826943e-19,1.0102199550301096,-0.027254232146455733,-1.9489312072064987e-19,-0.006212193886131885,0.9983605549331209,-2.638690959007808e-20,-0.05723811975973092,-1.8534854462519967e-20
2.49,1.5642246211773332,-8.794308543741819e-19,1.0102075042973995,-0.029501656778705008,-1.9373896107573077e-19,-0.006238497730529198,0.9983636855818859,-2.8051858822480454e-20,-0.0571834881006015,-1.9836547199096148e-20
2.492,1.5641633726713995,-8.798171214320767e-19,1.010195001228853,-0.03174649266700793,-1.9262486886380265e-19,-0.006264529864003258,0.998366805441816,-2.4175961535986488e-20,-0.05712899256858746,-2.1847685141102326e-20
2.494,1.5640976370774495,-8.802013446415796e-19,1.0101824463670983,-0.03398874569242418,-1.9155083021028749e-19,-0.006290291080971149,0.9983699144417031,-3.6876065893682324e-20,-0.05707463480097885,-2.2399902281939063e-20
2.496,1.5640274195552761,-8.80582594491876e-19,1.0101698402531678,-0.036228421798659295,-1.8965199092257872e-19,-0.006315782183197113,0.9983730125117168,-4.404882786207766e-20,-0.057020416416208856,-2.229332393263254e-20
2.498,1.5639527252527223,-8.809601988383485e-19,1.0101571834264829,-0.038465526991320456,-1.8801367323988683e-19,-0.006341003979650925,0.9983760995833921,-4.02796275576397e-20,-0.05696633901394216,-2.0876596943858896e-20
2.5,1.563873559305559,-8.813343891841012e-19,1.0101444764248397,-0.040700067337175745,-1.860936179086317e-19,-0.006365957286367556,0.9983791755896162,-5.282575473287684e-20,-0.056912404175163335,-2.279618536248094e-20
2.5020000000000002,1.563789469153155,-8.817037701468323e-19,1.01013574850965,-0.04338671926573473,-1.8318781072270297e-19,-0.0023615743761381033,0.9984034105394669,-6.534249791839483e-20,-0.05648566033215635,-2.4045431143036378e-20
2.504,1.563700502968191,-8.82067308809384e-19,1.0101308783459209,-0.04557577355484335,-1.8026925035988787e-19,-0.0025081723652149255,0.9984353790058201,-7.780054787585322e-20,-0.055917742707508836,-2.5213764574603712e-20
2.5060000000000002,1.5636071778400062,-8.824245665866064e-19,1.0101257179349699,-0.04774598520462089,-1.7691623701307234e-19,-0.0026518617571985184,0.9984642665887512,-8.881089760692102e-20,-0.055399533801161624,-2.6724446926038798e-20
2.508,1.5635095354493795,-8.82774685944553e-19,1.0101202735104713,-0.0498928049858358,-1.7313119611051116e-19,-0.0027921639901745485,0.9984948326050644,-9.976679884218016e-20,-0.05484586822162062,-2.823328520674464e-20
2.5100000000000002,1.5634076192501003,-8.83116912322157e-19,1.0101145514446743,-0.052020002715442035,-1.6902358895551565e-19,-0.002929529883067119,0.9985233401850074,-9.980700282682623e-20,-0.054324387762539394,-2.759315179867615e-20
2.512,1.5633014709744462,-8.834511038675582e-19,1.0101085578525364,-0.054124740892057786,-1.6523961711450672e-19,-0.003063678737518973,0.998552734387899,-8.903012751403813e-20,-0.05378137824980611,-2.396697892065597e-20
2.5140000000000002,1.5631911334081723,-8.837781572287054e-19,1.010102298904175,-0.05620943037906813,-1.6177755864515355e-19,-0.003194904649745396,0.9985807054592819,-8.922083749138984e-20,-0.05325950323126965,-2.162324636564788e-20
2.516,1.5630766481857628,-8.840980338386993e-19,1.0100957805801705,-0.05827231369888213,-1.5809877208299488e-19,-0.0033230491446811805,0.998609075901839,-8.921584836937951e-20,-0.05272488526752719,-2.2706992654344802e-20
2.5180000000000002,1.5629580575410065,-8.844106597837777e-19,1.0100890088650822,-0.06031494448022802,-1.5452690667737354e-19,-0.003448309117365083,0.9986364188776042,-9.470231201005041e-20,-0.05220443363654905,-2.3733796009899685e-20
2.52,1.5628354029159643,-8.847157824149758e-19,1.0100819895963147,-0.06233624672112131,-1.505777182808849e-19,-0.0035706014875232193,0.9986638624609511,-9.474175041530339e-20,-0.05167678216156127,-2.3445920638425745e-20
2.5220000000000002,1.5627087260652603,-8.850132584100943e-19,1.0100747285840328,-0.06433723334055948,-1.4684447736312196e-19,-0.003690062790453063,0.9986905259309704,-1.0300519717161643e-19,-0.05115890358207972,-2.3239532906890838e-20
2.524,1.5625780681784183,-8.85302461542841e-19,1.0100672315179249,-0.06631725836380134,-1.4230509926534627e-19,-0.0038066563555992808,0.9987171078697841,-1.1670660921763048e-19,-0.05063732268014317,-2.3313710935451893e-20
2.5260000000000002,1.5624434705764296,-8.855826073884842e-19,1.0100595040415805,-0.06827699368521317,-1.3793093961367982e-19,-0.003920481157215576,0.998743065274332,-1.0284264982377944e-19,-0.05012274500095005,-2.4392754215106693e-20
2.528,1.562304974157973,-8.858545460041637e-19,1.0100515516950734,-0.07021606471454994,-1.3409746974677035e-19,-0.004031528997606534,0.9987688311490301,-8.90251728432749e-20,-0.049606672184283496,-2.5812479059706653e-20
2.5300000000000002,1.5621626198387655,-8.861193562861184e-19,1.0100433799611708,-0.07213492829253264,-1.3080221424471222e-19,-0.004139875395546523,0.9987940712857737,-7.52367451348291e-20,-0.04909585689635866,-2.791445071135113e-20
2.532,1.5620164482021177,-8.863780047648579e-19,1.0100349942300715,-0.07403338112145863,-1.2772026855604498e-19,-0.00424552952868217,0.9988190545026312,-8.904257840351402e-20,-0.04858493966723394,-2.827905670760379e-20
2.5340000000000003,1.5618664997760223,-8.866293755950252e-19,1.0100263998281958,-0.07591174445369815,-1.235609017250929e-19,-0.004348552185500018,0.9988435756472948,-1.1372382332522622e-19,-0.04807817995854107,-2.9173122141435555e-20
2.536,1.5617128148126265,-8.868720000605507e-19,1.0100176019966238,-0.07776992313137134,-1.1908210486674356e-19,-0.004448963054459691,0.9988678020545682,-1.1075311588956973e-19,-0.04757219795926001,-3.216791880928129e-20
2.5380000000000003,1.5615554334629593,-8.871057788397366e-19,1.0100086059091158,-0.07960815294399001,-1.1471517346543325e-19,-0.00454681358964417,0.9988916083197209,-1.0777642199341787e-19,-0.04706968056445905,-3.5497783187404206e-20
2.54,1.5613943956377414,-8.87330935400867e-19,1.0099994166590196,-0.08142640702527926,-1.10459845568199e-19,-0.004642129745145366,0.9989150990627478,-1.0480996604640966e-19,-0.04656849648055559,-3.88198799544697e-20
2.5420000000000003,1.561229741117544,-8.875474776434582e-19,1.0099900392706336,-0.08322486731750278,-1.0599327937176661e-19,-0.004734956976874385,0.998938198142513,-1.2390483370287426e-19,-0.04607034069538089,-4.007433794216037e-20
2.544,1.5610615094649172,-8.87754266474869e-19,1.009980478691351,-0.08500355010019892,-1.0077861453810196e-19,-0.0048253248799016955,0.9989609714285979,-1.2652460510526243e-19,-0.04557386929405027,-3.9881558611793345e-20
2.5460000000000003,1.5608897400938224,-8.87950956510183e-19,1.009970739798907,-0.08676260340662123,-9.600208689033168e-20,-0.004913274974331408,0.9989833732014239,-1.1816182210586303e-19,-0.04508015158696319,-3.9530473790051224e-20
2.548,1.5607144722141426,-8.881382786676374e-19,1.009960827396758,-0.08850207079180279,-9.144631446619078e-20,-0.004998838873961018,0.9990054453899485,-9.890143875094874e-20,-0.04458834019370572,-3.834485962816296e-20
2.5500000000000003,1.5605357448754291,-8.883174624355666e-19,1.009950746218787,-0.09022207895139062,-8.775559541245465e-20,-0.005082055437804338,0.9990271610525492,-1.069787038837524e-19,-0.04409910973345226,-4.1467449698364444e-20
2.552,1.560353596931846,-8.884882975348874e-19,1.009940500926682,-0.09192268869729338,-8.309786595721077e-20,-0.00516295729608941,0.9990485473275498,-1.0395130655548509e-19,-0.04361192592298205,-4.6837154850719976e-20
2.5540000000000003,1.5601680670697204,-8.886508263644964e-19,1.0099300961130693,-0.09360401331155704,-7.952106062385861e-20,-0.005241581434598931,0.999069588857609,-9.012969784048299e-20,-0.0431272143766255,-4.795041076408169e-20
2.556,1.5599791937853849,-8.888059876458462e-19,1.0099195363001263,-0.09526612453606365,-7.551481682778157e-20,-0.005317960881072603,0.9990903036420701,-1.0388008909127253e-19,-0.042644638213913164,-4.750587803010864e-20
2.5580000000000003,1.559787015402516,-8.889528881549423e-19,1.0099088259417455,-0.09690912723149181,-7.14041884076553e-20,-0.005392131235100631,0.9991106834644206,-1.0103133414382868e-19,-0.04216446593113394,-4.841297698985676e-20
2.56,1.5595915700581198,-8.890916789282585e-19,1.0098979694229075,-0.09853310007183828,-6.740500572007542e-20,-0.0054641255400805794,0.9991307406748555,-9.82096365578965e-20,-0.0416864850822646,-4.897569647331295e-20
2.562,1.5593928957134353,-8.892225823787638e-19,1.0098869710612466,-0.10013814263921413,-6.351678614098655e-20,-0.005533978310663346,0.9991504714535836,-9.538636611260192e-20,-0.04121086500039599,-4.987915612777845e-20
2.564,1.559191030145064,-8.893458199569714e-19,1.0098758351068924,-0.10172433801125061,-5.973905751136809e-20,-0.005601722370647269,0.9991698846559002,-9.258970734749184e-20,-0.04073747165343505,-5.043863107530522e-20
2.566,1.5589860109518194,-8.894616121615852e-19,1.0098645657436651,-0.10329178246766647,-5.607132942721816e-20,-0.00566739133632556,0.9991889791643912,-8.984782178192593e-20,-0.04026641176490665,-4.997018489827345e-20
2.568,1.5587778755491075,-8.895701784517701e-19,1.0098531670892068,-0.1048405618882961,-5.251304773031888e-20,-0.005731017667310112,0.9992077616687797,-8.714740841483672e-20,-0.039797600692334414,-4.881826424608946e-20
2.57,1.5585666611732272,-8.896717371138646e-19,1.0098416431959465,-0.10637077049077426,-4.9063599098127724e-20,-0.0057926341973967435,0.9992262327080179,-8.448846070212938e-20,-0.03933110560537883,-4.698529923322658e-20
2.572,1.5583524048778061,-8.897665051741175e-19,1.00982999805141,-0.10788249594062384,-4.572234216709265e-20,-0.005852272933526882,0.9992443976262064,-8.183029027886301e-20,-0.038866872946498605,-4.549887173025735e-20
2.574,1.5581351435364994,-8.898546983864718e-19,1.0098182355790417,-0.10937583116958292,-4.2488650126877757e-20,-0.005909965999292478,0.9992622579729652,-7.918615428266054e-20,-0.03840494487393945,-4.401615789706373e-20
2.576,1.5579149138407293,-8.899365312530144e-19,1.0098063596386235,-0.11085086498143108,-3.9361887628034766e-20,-0.005965744895223008,0.9992798182522775,-7.658275112423482e-20,-0.037945287371352436,-4.185275636456073e-20
2.578,1.557691752301379,-8.900122169707909e-19,1.0097943740270086,-0.11230768950550714,-3.634140044367244e-20,-0.0060196410802051716,0.9992970806258455,-7.398049122106324e-20,-0.0374879267586477,-4.003669067698104e-20
2.58,1.55746569524736,-8.900819674483796e-19,1.0097822824786051,-0.11374639426934034,-3.342653795154952e-20,-0.006071685516159538,0.9993140490689849,-7.141828178120325e-20,-0.037032841281083084,-3.754111039989529e-20
2.582,1.5572367788266797,-8.901459932590673e-19,1.0097700886660557,-0.1151670708988247,-3.061662066043326e-20,-0.006121909026326435,0.9993307261094031,-6.887079920985336e-20,-0.036580047206813335,-3.5051263755329344e-20
2.584,1.5570050390055366,-8.902045036122578e-19,1.00975779620076,-0.11656980937776333,-2.791097739063836e-20,-0.0061703420152113934,0.9993471153854795,-6.629974797088979e-20,-0.0361295304525356,-3.3594003460352083e-20
2.586,1.5567705115689972,-8.902577064412057e-19,1.0097454086335187,-0.11795470101124055,-2.5309003030480282e-20,-0.006217014689417824,0.9993632196389506,-6.372956094183738e-20,-0.035681300885341216,-3.248280443901154e-20
2.588,1.556533232120432,-8.90305808502199e-19,1.0097329294550803,-0.11932183606470391,-2.281011057235827e-20,-0.006261956885583557,0.9993790422891579,-6.12095609334803e-20,-0.03523534919941867,-3.0347089045702087e-20
2.59,1.5562932360819506,-8.903490153246923e-19,1.009720362096761,-0.12067130563178201,-2.0413653294482212e-20,-0.00630519820657647,0.9993945861979423,-5.872828674915427e-20,-0.03479168116436765,-2.7531353377558446e-20
2.592,1.5560505586940587,-8.903875310942674e-19,1.0097077099310052,-0.12200320014360277,-1.8118949107573342e-20,-0.006346767915954958,0.999409854637991,-5.626128049359539e-20,-0.03435029042772343,-2.4722505401234232e-20
2.594,1.5558052350159475,-8.90421558638197e-19,1.00969497627199,-0.1233176105455618,-1.5925316867156875e-20,-0.0063866950220735595,0.9994248505331312,-5.380860376255925e-20,-0.03391118011552554,-2.1920531635157136e-20
2.596,1.5555572999252942,-8.90451299420044e-19,1.0096821643761922,-0.12461462735560624,-1.383207698697394e-20,-0.006425008213516552,0.999439577053734,-5.1370167235235e-20,-0.03347434567923132,-1.9125413877475067e-20
2.598,1.5553067881184661,-8.904769535486793e-19,1.009669277442982,-0.1258943414051174,-1.1838554355938447e-20,-0.006461735911163368,0.9994540371495803,-4.894588214477956e-20,-0.03303978851937387,-1.6337133710315182e-20
2.6,1.5550537341104171,-8.90498719788687e-19,1.0096563186151932,-0.12715684324350168,-9.94408561401857e-21,-0.006496906228856424,0.999468233915793,-4.6524042420084194e-20,-0.032607505167446836,-1.3898137617744374e-20
2.602,1.554798172234843,-8.90516795605146e-19,1.0096432909797082,-0.12840222360414486,-8.148022954830123e-21,-0.006530547005773131,0.9994821703056966,-4.411604449886415e-20,-0.03217749587854408,-1.1465532170099986e-20
2.604,1.5545401366441454,-8.905313771644701e-19,1.0096301975680286,-0.1296305730274735,-6.449722304432988e-21,-0.006562685782636115,0.9994958493556084,-4.1743869467928934e-20,-0.03174975780868943,-8.353926695857281e-21
2.606,1.5542796613095602,-8.905424441034797e-19,1.0096170413568537,-0.1308419821535123,-4.418083184388931e-21,-0.006593349821992058,0.9995092740083901,-7.222114728312033e-20,-0.03132429043442847,-7.664695513706064e-21
2.608,1.5540167800211702,-8.905479313274529e-19,1.0096038252686497,-0.13203654148277738,-1.0861606896455286e-21,-0.006622566093997924,0.9995224472514633,-7.509029160732971e-20,-0.030901091250068125,-8.17142386383511e-21
2.61,1.5537515263880226,-8.90547469287707e-19,1.0095905521722226,-0.1332143415594818,1.3875978566766226e-21,-0.006650361289283196,0.9995353720084114,-7.244402653125429e-20,-0.030480159186038365,-9.192607584160025e-21
2.612,1.553483933838176,-8.90541479493697e-19,1.0095772248832848,-0.1343754728193946,4.621016216933295e-21,-0.006676761810640153,0.9995480512236621,-7.527874282265932e-20,-0.030061491895425514,-1.0721857790705682e-20
2.614,1.5532140356188178,-8.905294863002554e-19,1.0095638461650236,-0.13552002570409366,7.53430158362674e-21,-0.006701793781345714,0.9995604877959102,-9.455736336716998e-20,-0.029645087910165825,-1.1714502546231062e-20
2.616,1.5529418647963373,-8.905097969101382e-19,1.0095504187286632,-0.13664809056370467,1.2280654414967948e-20,-0.006725483040496406,0.9995726846300386,-1.2470175974187155e-19,-0.029230944929935974,-1.268506681947739e-20
2.618,1.5526674542564485,-8.904806550488507e-19,1.0095369452340293,-0.13775975772768442,1.6698854174407577e-20,-0.006747855148557766,0.9995846445962294,-9.989092427652739e-20,-0.02881906118230217,-1.2390985836754656e-20
2.62,1.5523908367042856,-8.904434349531826e-19,1.009523428290107,-0.13885511744220044,2.0467277164888876e-20,-0.006768935384954215,0.9995963705617711,-1.0263839963912068e-19,-0.028409434343789328,-1.1518688996137478e-20
2.622,1.5521120446645325,-8.903982842800429e-19,1.009509870455601,-0.13993425991351902,2.4665231930292615e-20,-0.006788748751932004,0.9996078653659444,-9.988430692007467e-20,-0.028002062397967865,-1.083495097063527e-20
2.624,1.5518311104815383,-8.903452788023043e-19,1.0094962742394888,-0.140997275267259,2.821453960574113e-20,-0.006807319973548992,0.9996191318394849,-9.163336844265856e-20,-0.027596942955231653,-1.1026517856355574e-20
2.626,1.5515480663194572,-8.902851030908248e-19,1.0094826421015763,-0.14204425357452363,3.197921603123802e-20,-0.006824673498517791,0.9996301727891538,-8.887385641147486e-20,-0.02719407379423553,-1.2397763069534492e-20
2.628,1.55126294416238,-8.902178650235161e-19,1.0094689764530471,-0.14307528482497586,3.5205205285284955e-20,-0.006840833500069415,0.999640991009629,-8.063505069078705e-20,-0.026793452433133916,-1.3960410149027342e-20
2.63,1.5509757758144853,-8.901441735463672e-19,1.009455279657012,-0.14409045894210926,3.854051211612629e-20,-0.006855823878185334,0.9996515892740198,-8.89599088247347e-20,-0.026395076471307892,-1.2877213034734008e-20
2.632,1.5506865929001878,-8.900634871080588e-19,1.0094415540290549,-0.14508986576506522,4.219993086116475e-20,-0.00686966826001126,0.9996619703411174,-9.728318028621532e-20,-0.02599894331919593,-1.0425008703798985e-20
2.634,1.5503954268642997,-8.899751589300387e-19,1.0094278018377765,-0.14607359505707715,4.618202599864105e-20,-0.006882390001728307,0.9996721369495566,-1.0557848464547447e-19,-0.025605050414063184,-7.634684345965259e-21
2.636,1.550102308972194,-8.898785450687221e-19,1.0094140253053359,-0.1470417364928254,5.048538647955345e-20,-0.006894012189317502,0.9996820918222251,-1.138192166525084e-19,-0.02521339504985277,-5.535082152901778e-21
2.638,1.549807270309979,-8.897730044277743e-19,1.0094002266079884,-0.147994379662599,5.510858049255602e-20,-0.006904557640222853,0.9996918376626631,-1.2202297428948252e-19,-0.02482397451351245,-3.439867138563072e-21
2.64,1.5495103417846754,-8.896578987651226e-19,1.0093864078766228,-0.14893161406316727,6.005017775800823e-20,-0.00691404890434353,0.9997013771577334,-1.3020679406870872e-19,-0.024436785977925847,-6.639118514783508e-22
2.642,1.5492115541244016,-8.895325926856157e-19,1.0093725711972938,-0.14985352909926392,6.53087764093652e-20,-0.006922508265581903,0.9997107129753957,-1.3833757847130064e-19,-0.024051826588133294,1.4217414576064671e-21
2.644,1.548910937878565,-8.893964535989976e-19,1.0093587186117539,-0.1507602140767004,7.088295266301318e-20,-0.006929957742987221,0.9997198477663148,-1.464148519381967e-19,-0.023669093394044802,2.818341337020375e-21
2.646,1.5486085234180602,-8.89248851805262e-19,1.0093448521179806,-0.15165175820218457,7.677125049643162e-20,-0.006936419092244968,0.9997287841624775,-1.544551557384739e-19,-0.02328858340505752,4.212244978690081e-21
2.648,1.5483043409354722,-8.890891605190507e-19,1.0093309736707028,-0.15252825057787134,8.297221048159294e-20,-0.0069419138069247155,0.9997375247781544,-1.6245054195513328e-19,-0.022910293547856495,5.260895477807222e-21
2.65,1.5479984204452872,-8.889167558834988e-19,1.0093170851819226,-0.15338978020015434,8.948436949910826e-20,-0.006946463119944638,0.9997460722090354,-1.704170222138032e-19,-0.022534220701098052,6.650253413587648e-21
2.652,1.547690791784108,-8.887310169457353e-19,1.0093031885214365,-0.15423643595514638,9.630627991401065e-20,-0.006950088004893837,0.9997544290327988,-1.7834702855022173e-19,-0.022160361669031015,8.037345044897512e-21
2.654,1.5473814846108775,-8.885313256483942e-19,1.0092892855173514,-0.15506830661684665,1.0343649640648972e-19,-0.00695280917749212,0.9997625978085651,-1.8622526909015893e-19,-0.02178871320360572,8.736623263986857e-21
2.656,1.5470705284071056,-8.88317066845336e-19,1.0092753779566,-0.15588548084323076,1.1087354976025882e-19,-0.006954647096967992,0.9997705810772294,-1.940592826787565e-19,-0.021419271988070837,9.092303636414936e-21
2.658,1.546757952477104,-8.880876283435848e-19,1.009261467585451,-0.15668804717404716,1.1861595940635696e-19,-0.006955621967525334,0.9997783813611127,-2.018640515760255e-19,-0.021052034651149736,9.789959772128354e-21
2.66,1.5464437859482267,-8.878424008984718e-19,1.0092475561100192,-0.1574760940273148,1.2666225517088285e-19,-0.006955753739764876,0.9997860011641515,-2.0961784214674843e-19,-0.020686997756926638,9.801438276767103e-21
2.662,1.546128057771115,-8.875807782273257e-19,1.0092336451967705,-0.15824970969690852,1.3501094690191983e-19,-0.006955062112164256,0.9997934429716725,-2.1732072373566784e-19,-0.020324157814017772,9.127964559445197e-21
2.664,1.545810796719949,-8.873021570566367e-19,1.0092197364730244,-0.15900898234933686,1.4366051077947846e-19,-0.006953566532534934,0.9998007092504965,-2.249935668163678e-19,-0.019963511269421957,8.799753482781316e-21
2.666,1.545492031392706,-8.870059371459038e-19,1.0092058315274546,-0.1597540000212171,1.5260944899458388e-19,-0.006951286199519022,0.9998078024487919,-2.3263019205591383e-19,-0.01960505451453288,8.473791842720127e-21
2.668,1.5451717902114221,-8.866915212392939e-19,1.009191931910585,-0.1604848506162524,1.6185626501512126e-19,-0.006948240064076038,0.9998147249961286,-2.4021682992190065e-19,-0.01924878388148778,7.464083165210344e-21
2.67,1.5448501014224612,-8.863583150987391e-19,1.0091780391352847,-0.1612016219026601,1.7139943767135037e-19,-0.006944446830997938,0.9998214793033806,-2.4777334701744464e-19,-0.018894695647185322,6.799640588433326e-21
2.672,1.5445269930967884,-8.860057275197988e-19,1.0091641546772572,-0.16190440151029717,1.8123746565141332e-19,-0.00693992496042176,0.9998280677627533,-2.552938090248989e-19,-0.01854278603120764,6.1378529330560374e-21
2.674,1.54420249313025,-8.856331702796988e-19,1.0091502799755296,-0.16259327692808134,1.9136886534944446e-19,-0.006934692669363102,0.9998344927477177,-2.6278485551576935e-19,-0.018193051198578118,5.8209106431443214e-21
2.676,1.5438766292438577,-8.852400581021722e-19,1.0091364164329368,-0.16326833550123257,2.017921667877497e-19,-0.0069287679332516675,0.9998407566130222,-2.7024641897910645e-19,-0.017845487258673583,5.848815349001107e-21
2.678,1.5435494289840783,-8.848258086297667e-19,1.009122565416603,-0.16392966442871218,2.1250593435086316e-19,-0.006922168487482809,0.99984686169465,-2.776914609842311e-19,-0.017500090267185204,6.905143282685169e-21
2.68,1.5432209197231295,-8.843898423202591e-19,1.0091087282584201,-0.16457735076055963,2.235087874819853e-19,-0.006914911828973488,0.9998528103098238,-2.85114334897824e-19,-0.017156856225652942,8.644846615546248e-21
2.682,1.5428911286592797,-8.839315823471276e-19,1.0090949062555241,-0.1652114813953651,2.3479938856077396e-19,-0.006907015217731086,0.9998586047569784,-2.9250951620021613e-19,-0.0168157810829217,1.0723693753199102e-20
2.684,1.542560082817154,-8.83450454526371e-19,1.0090811006707658,-0.1658321430776885,2.463764287591905e-19,-0.006898495678427779,0.9998642473157631,-2.9987713328914113e-19,-0.016476860735066018,1.3140884286063947e-20
2.686,1.5422278090480441,-8.82945887274306e-19,1.0090673127331808,-0.16643942239557527,2.582386097347631e-19,-0.006889370001985524,0.9998697402470262,-3.0719450403039536e-19,-0.01614009102652571,1.452557002612227e-20
2.688,1.541894334030225,-8.824173116419371e-19,1.0090535436384556,-0.16703340577804904,2.703845907104632e-19,-0.006879654747167078,0.9998750857928181,-3.144667540644e-19,-0.01580546775027452,1.522201586798381e-20
2.69,1.541559684269274,-8.818641613908585e-19,1.0090397945493894,-0.16761417949267632,2.828130154670577e-19,-0.006869366242175966,0.9998802861763842,-3.2172170606658958e-19,-0.015472986648751385,1.6944534428248134e-20
2.692,1.5412238860983971,-8.812858729571207e-19,1.0090260665963546,-0.1681818296431276,2.9552256645445533e-19,-0.0068585205862625185,0.999885343602171,-3.2894369518206095e-19,-0.01514264341418078,1.8664052210120183e-20
2.694,1.540886965678759,-8.806818853888845e-19,1.0090123608777528,-0.16873644216679443,3.0851194016048264e-19,-0.006847133651337582,0.9998902602558261,-3.3612744305678434e-19,-0.014814433689372932,2.0037555147766304e-20
2.696,1.5405489489998174,-8.800516403613944e-19,1.0089986784604672,-0.169278102832415,3.2177981526821223e-19,-0.006835221083592044,0.9998950383042079,-3.432729937576188e-19,-0.01448835306813762,2.1065868643709537e-20
2.698,1.5402098618796638,-8.793945821917025e-19,1.0089850203803135,-0.1698068972377459,3.3532487349411427e-19,-0.006822798305123012,0.999899679895392,-3.5039561047645395e-19,-0.014164397095999544,2.2776875426522226e-20
2.7,1.5398697299653665,-8.787101578150828e-19,1.0089713876424857,-0.1703229108072496,3.491458127291711e-19,-0.0068098805155654245,0.9999041871586838,-3.574757895748355e-19,-0.013842561270668905,2.3799267948433642e-20
2.702,1.5395285787333206,-8.779978167871808e-19,1.0089577812219996,-0.17082622878982184,3.6324131471926504e-19,-0.0067964826937294155,0.9999085622046319,-3.645135822552983e-19,-0.013522841042701083,2.4134277530107408e-20
2.704,1.5391864334896006,-8.772570113152218e-19,1.0089442020641328,-0.17131693625653943,3.7761004189873416e-19,-0.0067826195992425915,0.9999128071250443,-3.7152294774907028e-19,-0.013205231816000824,2.481102269817194e-20
2.706,1.5388433193703184,-8.764871962855217e-19,1.0089306510848615,-0.17179511809844356,3.922506613551514e-19,-0.0067683057741973335,0.9999169239930065,-3.7849962034007507e-19,-0.012889728948444609,2.5486876038709767e-20
2.708,1.538499261341986,-8.75687829232068e-19,1.0089171291712935,-0.17226085902434662,4.071618575676093e-19,-0.006753555544802477,0.9999209148629027,-3.8545268951902263e-19,-0.01257632775240389,2.6847107724072844e-20
2.71,1.5381542842018816,-8.748583702928727e-19,1.0089036371820992,-0.1727142435586717,4.223423398958425e-19,-0.006738383023039288,0.9999247817704385,-3.9236074267574627e-19,-0.01226502349534173,2.7177739669080714e-20
2.712,1.537808412578421,-8.739982822104837e-19,1.0088901759479374,-0.17315535603931712,4.377907881871891e-19,-0.00672280210832121,0.999928526732666,-3.992277129902335e-19,-0.01195581140034586,2.682223260286414e-20
2.714,1.5374616709315325,-8.731070303995112e-19,1.0088767462718795,-0.173584280615552,4.535058499673036e-19,-0.006706826489157326,0.999932151748011,-4.060576705410838e-19,-0.011648686646706945,2.6125668003618528e-20
2.716,1.537114083553036,-8.721840829957059e-19,1.008863348929829,-0.17400110124593784,4.694861656120293e-19,-0.006690469644819021,0.9999356587963032,-4.128549845736138e-19,-0.011343644370455647,2.543149337654131e-20
2.718,1.5367656745670264,-8.712289108424266e-19,1.0088499846709393,-0.17440590169627967,4.85730384386577e-19,-0.00667374484700964,0.9999390498388073,-4.196275824533524e-19,-0.01104067966492713,2.5424579117731047e-20
2.72,1.5364164679302623,-8.702409874624567e-19,1.0088366542180258,-0.17479876553760387,5.022371836843417e-19,-0.006656665161536862,0.9999423268182566,-4.2637581578735707e-19,-0.010739787581298486,2.610410948963256e-20
2.722,1.5360664874325562,-8.692197889812172e-19,1.0088233582679773,-0.17517977614416466,5.190052853643479e-19,-0.006639243449987477,0.9999454916588886,-4.3310389978631525e-19,-0.010440963129142382,2.7810692085391857e-20
2.724,1.5357157566971706,-8.681647940286092e-19,1.0088100974921619,-0.17554901669147727,5.360334622630088e-19,-0.006621492371404277,0.9999485462664831,-4.398085668717347e-19,-0.010144201276962556,3.0198845214932855e-20
2.726,1.5353642991812173,-8.670754836543631e-19,1.0087968725368308,-0.17590657015437933,5.533205169332223e-19,-0.006603424383964787,0.9999514925284019,-4.464759315764787e-19,-0.009849496952738457,3.189719528225585e-20
2.728,1.5350121381760606,-8.659513413128355e-19,1.0087836840235183,-0.17625251930511887,5.708652355749908e-19,-0.006585051746661577,0.9999543323136296,-4.531126843176827e-19,-0.009556845044457354,3.3592266808559704e-20
2.73,1.5346592968077248,-8.647918528859961e-19,1.0087705325494383,-0.17658694671146988,5.8866641229452995e-19,-0.006566386520983861,0.9999570674728181,-4.597258062433176e-19,-0.00926624040065114,3.596936008647803e-20
2.732,1.5343057980373047,-8.635967220065333e-19,1.008757418687878,-0.17690993473487454,6.063998089838095e-19,-0.006547440572600135,0.9999596998383309,-4.443570436920288e-19,-0.008977677830924145,3.614585128724081e-20
2.734,1.5339516646613798,-8.623669104155906e-19,1.0087443429885878,-0.1772215655286125,6.233116206943235e-19,-0.00652822557304157,0.9999622312242911,-4.345268782026788e-19,-0.008691152106482854,3.593044797479895e-20
2.736,1.5335969193124326,-8.611032321848006e-19,1.0087313059781673,-0.17752192103599662,6.402666673951928e-19,-0.006508753001385898,0.9999646634266298,-4.2473372350698254e-19,-0.008406657960658856,3.605910091934826e-20
2.738,1.5332415844592708,-8.598064982799047e-19,1.008718308160449,-0.17781108298859533,6.562958977011412e-19,-0.006489034145941576,0.999966998223137,-4.0952032744038206e-19,-0.008124190089431929,3.657645624093066e-20
2.74,1.5328856824074522,-8.584778737570413e-19,1.0087053500168783,-0.17808913290448125,6.723732186354253e-19,-0.006469080105931938,0.9999692373735137,-4.163364957621245e-19,-0.007843743151947795,3.862862600232442e-20
2.742,1.532529235299713,-8.571168306010305e-19,1.00869243200689,-0.17835615208650624,6.887143351941614e-19,-0.006448901793179081,0.9999713826194264,-4.2312695235098565e-19,-0.007565311771034885,4.136231534814479e-20
2.744,1.5321722651164011,-8.557230578032878e-19,1.0086795545682805,-0.1786122216206021,7.049949749901958e-19,-0.006428509933787287,0.9999734356845624,-4.0245357638338077e-19,-0.0072888905337166665,4.1557191591137745e-20
2.746,1.5318147936759101,-8.542978253402322e-19,1.008666718117579,-0.1788574223741076,7.201387477739502e-19,-0.00640791506982569,0.9999753982746874,-3.8735770139396485e-19,-0.007014473991722281,4.136877112597165e-20
2.748,1.5314568426351192,-8.528423603905216e-19,1.0086539230504128,-0.1790918349941208,7.353356111835458e-19,-0.006387127561009967,0.9999772720777041,-3.8329609561534948e-19,-0.00674205666199333,4.076149591722349e-20
2.75,1.5310984334898348,-8.513569870648549e-19,1.0086411697418705,-0.1793155399058773,7.499396390218492e-19,-0.00636615758638288,0.9999790587637132,-3.7926564554290643e-19,-0.006471633027188519,4.015602833932266e-20
2.7520000000000002,1.5307395875752365,-8.498422780118072e-19,1.0086284585468623,-0.17952861731115383,7.647073570242448e-19,-0.00634501514599333,0.9999807599850746,-3.6977443502929786e-19,-0.006203197536184816,3.992976257071608e-20
2.754,1.530380326066325,-8.48298947663559e-19,1.0086157898004755,-0.17973114718669678,7.785612265292297e-19,-0.0063237100625737905,0.9999823773764718,-3.493626456260059e-19,-0.0059367446045762,3.9771598896017926e-20
2.7560000000000002,1.5300206699783732,-8.467282450687377e-19,1.008603163818328,-0.17992320928267636,7.921520292873931e-19,-0.006302251983215836,0.999983912554976,-3.5098618622146077e-19,-0.0056722686151691485,4.0854413695704297e-20
2.758,1.5296606401673822,-8.451302996878903e-19,1.0085905808969173,-0.18010488312116518,8.058039691525569e-19,-0.006280650381043644,0.9999853671201129,-3.52598548242252e-19,-0.005409763918475554,4.1249838254745463e-20
2.7600000000000002,1.5293002573305385,-8.43504989537971e-19,1.008578041313968,-0.18027624799464204,8.195167492235574e-19,-0.00625891455688514,0.9999867426539304,-3.542034791981184e-19,-0.005149224833202529,4.1644815598490896e-20
2.762,1.5289395420066738,-8.418521932427084e-19,1.008565545328773,-0.18043738296451997,8.332900638299966e-19,-0.0062370536409406185,0.9999880407210672,-3.5579906696516866e-19,-0.004890645646739534,4.169628550421888e-20
2.7640000000000002,1.5285785145767297,-8.401717900492399e-19,1.0085530931825344,-0.18058836685969903,8.471235946872245e-19,-0.0062150765944487185,0.9999892628688243,-3.5738191048485103e-19,-0.004634020615642498,4.071974872700165e-20
2.766,1.5282171952642234,-8.384636598737168e-19,1.0085406850986995,-0.1807292782751432,8.610169842669326e-19,-0.006192992211349393,0.9999904106272355,-3.58949950852927e-19,-0.004379343966115198,3.8375393520251226e-20
2.7680000000000002,1.5278556041357174,-8.367276833921546e-19,1.0085283212832934,-0.18086019557048147,8.74969835537229e-19,-0.00617080911994383,0.9999914855091414,-3.605093408482159e-19,-0.004126609894487699,3.60362825772193e-20
2.77,1.5274937611012918,-8.349637420891748e-19,1.0085160019252488,-0.1809811968686329,8.889817404146275e-19,-0.00614853578455101,0.9999924890102629,-3.620572251688174e-19,-0.003875812567692018,3.3017899503399826e-20
2.7720000000000002,1.5271316859150181,-8.33171718274033e-19,1.0085037271967323,-0.1810923600544556,9.030522795662142e-19,-0.0061261805071608,0.999993422609277,-3.6359756607034167e-19,-0.003626946123734896,3.0349425636105365e-20
2.774,1.5267693981754378,-8.313514950934029e-19,1.0084914972534673,-0.1811937627734191,9.171810421885124e-19,-0.00610375142908332,0.9999942877678935,-3.651319188185195e-19,-0.0033800046721677787,2.83730962988435e-20
2.7760000000000002,1.5264069173260417,-8.295029564893567e-19,1.0084793122350542,-0.1812854824303005,9.313676403042482e-19,-0.00608125653259449,0.9999950859309326,-3.666567757479699e-19,-0.0031349822945539343,2.6060105402555905e-20
2.778,1.5260442626557527,-8.276259871816917e-19,1.008467172265286,-0.18136759618790374,9.456116819552452e-19,-0.006058703642577424,0.9999958185264038,-3.681721079665314e-19,-0.0028918730449327768,2.341084554333985e-20
2.7800000000000002,1.5256814532994114,-8.257204726812952e-19,1.0084550774524625,-0.18144018096580214,9.599127653391495e-19,-0.006036100428159697,0.9999964869655862,-3.696768163571473e-19,-0.002650670950281352,2.008304857213588e-20
2.782,1.5253185082382632,-8.237862993268999e-19,1.008443027889699,-0.18150331343910384,9.742704693393122e-19,-0.006013454404346161,0.9999970926431089,-3.7117278046774257e-19,-0.0024113700109730275,1.6763237544933863e-20
2.7840000000000003,1.524955446300449,-8.218233542949509e-19,1.0084310236552338,-0.1815570700372402,9.886843789518957e-19,-0.005990772933647173,0.999997636937034,-3.7266196056067324e-19,-0.002173964201233371,1.4137120223797157e-20
2.786,1.5245922861614976,-8.198315255692852e-19,1.0084190648127311,-0.1816015269427768,1.0031540991045715e-18,-0.005968063227702076,0.999998121208939,-3.7414358462628225e-19,-0.001938447469593233,1.186039220628464e-20
2.7880000000000003,1.52422904634482,-8.178107019083748e-19,1.0084071514115815,-0.18163676009024687,1.0176792559923449e-18,-0.005945332348897814,0.9999985468040014,-3.756186078827916e-19,-0.0017048137393390335,1.0274073726035509e-20
2.79,1.523865745222208,-8.157607727952909e-19,1.0083952834871988,-0.18166284516500736,1.0322594924580915e-18,-0.005922587211982451,0.9999989150510832,-3.7708458159474026e-19,-0.0014730569089602696,8.006697433980552e-21
2.7920000000000003,1.5235024010143319,-8.136816284391631e-19,1.008383461061313,-0.1816798576021168,1.046894440637584e-18,-0.005899834585673464,0.9999992272628173,-3.785430705862469e-19,-0.0012431708525942377,6.087048978301933e-21
2.794,1.5231390317912437,-8.115731597716315e-19,1.0083716841422616,-0.1816878725852355,1.0615837510045874e-18,-0.005877081094260677,0.9999994847356946,-3.7999494148909517e-19,-0.0010151494204679867,4.8569651114345015e-21
2.7960000000000003,1.5227756554728802,-8.094352584006614e-19,1.0083599527252767,-0.18168696504554746,1.076327089545747e-18,-0.005854333219203663,0.9999996887501511,-3.8143888257397473e-19,-0.0007889864393375015,3.2876405142030087e-21
2.798,1.522412289829569,-8.072678166086449e-19,1.0083482667927688,-0.181677209660704,1.0911241178849383e-18,-0.005831597300723452,0.9999998405706573,-3.828755572455099e-19,-0.0005646757129241281,2.065202227623118e-21
2.8000000000000003,1.5220489524825374,-8.05070727343661e-19,1.0083366263146079,-0.18165868085378897,1.1059745127104902e-18,-0.005808879539388466,0.9999999414458067,-3.8430523785360915e-19,-0.0003422110223482454,1.1888282008101935e-21
2.802,1.521685660904421,-8.028438841835502e-19,1.008325031248401,-0.1816314527923053,1.1208779664883291e-18,-0.0057861859976944445,0.9999999926084072,-3.8572827351093436e-19,-0.00012158612656019074,1.3430212838195911e-21
2.8040000000000003,1.5213224324197774,-8.005871812891891e-19,1.0083134815397667,-0.1815955993871827,1.135834206094446e-18,-0.0057635226016383365,0.9999999952755713,-3.871449988205238e-19,9.720523723155591e-05,2.5261512038850016e-21
2.806,1.5209592842056,-7.983005133320068e-19,1.0083019771226072,-0.1815511942918066,1.150842992991485e-18,-0.00574089514228588,0.9999999506488079,-3.885556544953706e-19,0.000314169353134919,4.0496443413446855e-21
2.8080000000000003,1.5205962332918332,-7.959837754456058e-19,1.0082905179193757,-0.18149831090106777,1.1659040981143502e-18,-0.0057183092773329175,0.9999998599141152,-3.899603614452821e-19,0.0005293125261515017,4.884710056450828e-21
2.81,1.5202332965618912,-7.936368632373387e-19,1.0082791038413423,-0.18143702235043277,1.1810172743950695e-18,-0.0056957705326601575,0.9999997242420741,-3.9135899514709842e-19,0.0007426410817565786,5.0333866169078074e-21
2.8120000000000003,1.5198704907531775,-7.91259672827287e-19,1.0082677347888556,-0.181367401515035,1.1961822591082868e-18,-0.005673284303881324,0.9999995447879411,-3.927511464638598e-19,0.0009541613654818012,5.18262408823124e-21
2.814,1.5195078324576061,-7.888521008645846e-19,1.0082564106516019,-0.1812895210087861,1.2113987817182001e-18,-0.005650855857884616,0.9999993226917434,-3.941366291058386e-19,0.0011638797425006081,5.3328273918492336e-21
2.816,1.5191453381221256,-7.864140445408334e-19,1.0082451313088614,-0.1812034531835075,1.2266665811281397e-18,-0.005628490334367285,0.9999990590783747,-3.9551503397122843e-19,0.0013718025972163327,6.16850508449545e-21
2.818,1.5187830240492433,-7.839454015485626e-19,1.0082338966297606,-0.1811092701280824,1.2419854141311623e-18,-0.005606192747363223,0.99999875505769,-3.96886929029754e-19,0.0015779363328530017,7.34577776817433e-21
2.82,1.5184209063975525,-7.814460700496238e-19,1.008222706473522,-0.18100704366762718,1.2573550504077423e-18,-0.005583967986763495,0.9999984117246024,-3.982522682259436e-19,0.0017822873710488184,8.863429829478082e-21
2.822,1.5180590011822606,-7.7891594866451995e-19,1.0082115606897117,-0.18089684536268302,1.2727752657424717e-18,-0.005561820819829678,0.99999803015918,-3.996111425648568e-19,0.00198486215145232,1.0720654853576329e-20
2.824,1.5176973242757195,-7.763549364437355e-19,1.008200459118482,-0.1807787465084269,1.2882458551981587e-18,-0.005539755892699872,0.9999976114267431,-4.0096377805232356e-19,0.002185667131321204,1.2916648617510608e-20
2.826,1.5173358914079567,-7.737629328381483e-19,1.0081894015908133,-0.18065281813390205,1.3037666169796447e-18,-0.005517777731887334,0.9999971565779628,-4.023129812226246e-19,0.0023847087851238194,1.407996553853026e-20
2.828,1.516974718167208,-7.71139837727295e-19,1.0081783879287507,-0.18051913100126785,1.3193373216243044e-18,-0.005495890745771595,0.9999966666489587,-4.0365760833576857e-19,0.0025819936041433056,1.4555713360347775e-20
2.83,1.5166138200004529,-7.68485551472566e-19,1.00816741794564,-0.1803777556050686,1.3349577234574549e-18,-0.005474099226081968,0.9999961426613984,-4.049952947848248e-19,0.0027775280960843822,1.537390973462741e-20
2.832,1.5162532122139494,-7.657999749146033e-19,1.0081564914463583,-0.18022876217152162,1.350627588890482e-18,-0.005452407349373337,0.9999955856225967,-4.063242311843309e-19,0.002971318784682779,1.7218657420935534e-20
2.834,1.5158929099737726,-7.630830093404855e-19,1.008145608227544,-0.18007222065782377,1.3663467084860118e-18,-0.005430819178494186,0.9999949965256154,-4.0764667690584483e-19,0.0031633722093172916,1.9402610175724157e-20
2.836,1.5155329283063523,-7.603345564389507e-19,1.0081347680778219,-0.179908200751477,1.3821148843421754e-18,-0.005409338664046703,0.9999943763493637,-4.0896468670380164e-19,0.0033536949246244663,2.1239238211988312e-20
2.838,1.5151732820990138,-7.575545183008319e-19,1.0081239707780267,-0.17973677186963216,1.397931913122659e-18,-0.005387969645838923,0.9999937260586985,-4.1027712494081347e-19,0.003542293500115898,2.3071618378385307e-20
2.84,1.514813986100519,-7.547427974253469e-19,1.0081132161014232,-0.17955800315845122,1.4137975893641187e-18,-0.005366715854328833,0.9999930466045258,-4.115840063162158e-19,0.003729174519798137,2.490016701614337e-20
2.842,1.5144550549216087,-7.518992967226055e-19,1.008102503813923,-0.1793719634924878,1.429711708066828e-18,-0.005345580912060269,0.9999923389239017,-4.1288534684075637e-19,0.0039143445817951955,2.6724893347090075e-20
2.844,1.514096503035547,-7.490239195124631e-19,1.0080918336742994,-0.17917872147408556,1.4456740632507662e-18,-0.005324568335090681,0.9999916039401342,-4.1418378224105437e-19,0.0040978102979736504,2.7860488707158176e-20
2.846,1.513738344778666,-7.461165695439156e-19,1.008081205434399,-0.1789783454327947,1.4616844281173083e-18,-0.005303681534410486,0.9999908425628854,-4.1548181919397945e-19,0.004279578293570328,2.762367444378171e-20
2.848,1.513380594350912,-7.431771510535607e-19,1.0080706188393502,-0.17877090342480595,1.4777425399715908e-18,-0.00528292381735414,0.9999900556882736,-4.1677628996795897e-19,0.004459655206822561,2.6703425389861255e-20
2.85,1.5130232658163922,-7.402055688255861e-19,1.0080600736277692,-0.17855646323240232,1.4938481225143248e-18,-0.00526229838900269,0.9999892441989756,-4.180644149784133e-19,0.004638047688601028,2.578586647944691e-20
2.852,1.5126663731039243,-7.372017281960984e-19,1.0080495695319627,-0.1783350923634282,1.5100008929640865e-18,-0.005241808353577849,0.9999884089643301,-4.193506326291673e-19,0.0048147624020451404,2.3843016482743927e-20
2.854,1.5123099300075846,-7.341655350921749e-19,1.0080391062781289,-0.1781068580507758,1.5262005464046426e-18,-0.005221456715827446,0.9999875508404399,-4.206316159168599e-19,0.0049898060222009905,2.1561808125384376e-20
2.856,1.5119539501872596,-7.310968960609447e-19,1.008028683586555,-0.1778718272518887,1.5424467716616516e-18,-0.005201246382402249,0.9999866706702759,-4.219041025312377e-19,0.005163185235661841,1.9628764461406965e-20
2.858,1.5115984471691963,-7.279957182572872e-19,1.0080183011718116,-0.17763006664828224,1.5587392725081922e-18,-0.005181180163224052,0.9999857692837802,-4.231665495036755e-19,0.0053349067402111575,1.83853118568531e-20
2.86,1.511243434346555,-7.2486190941616e-19,1.0080079587429447,-0.17738164264508102,1.5750777638991996e-18,-0.005161260772844989,0.9999848474979701,-4.2442436629381334e-19,0.005504977244468159,1.6802657650158392e-20
2.862,1.5108889249799626,-7.216953778419578e-19,1.0079976560036656,-0.1771266213705728,1.591461959515967e-18,-0.005141490831797983,0.9999839061170411,-4.256775870220027e-19,0.0056734034675359046,1.4881605830448324e-20
2.864,1.5105349321980668,-7.184960324195345e-19,1.0079873926525376,-0.17686506867577914,1.60789156338181e-18,-0.005121872867938355,0.9999829459324715,-4.2692801939069305e-19,0.00584019213865188,1.2280301587861741e-20
2.866,1.5101814689980906,-7.152637826409063e-19,1.0079771683831595,-0.17659705013404223,1.6243662625373957e-18,-0.005102409317776436,0.9999819677231265,-4.281774704654517e-19,0.006005349996841098,8.658106507268378e-21
2.868,1.5098285482463882,-7.119987539975282e-19,1.0079669828843476,-0.17632263104062812,1.6404550260520589e-18,-0.0050831025278011855,0.9999809722553621,-3.965128375512561e-19,0.006168883790571688,6.902978105368826e-21
2.87,1.5094761826790022,-7.087031173266389e-19,1.0079568358403137,-0.176041876412346,1.6550829472659177e-18,-0.005063954755794775,0.999979960283129,-3.869176301082419e-19,0.00633080027741298,7.00111435794477e-21
2.872,1.5091243849022198,-7.053779203820287e-19,1.0079467269308418,-0.17575485098718335,1.670087381225305e-18,-0.005044968172138065,0.9999789325480779,-3.7737219431877376e-19,0.0064911062236960694,6.413920918153367e-21
2.874,1.5087731673931315,-7.020237040426e-19,1.007936655831461,-0.17546161922395698,1.6840666601809396e-18,-0.00502614486110693,0.9999778897796633,-3.678566353559067e-19,0.006649808404176849,6.17129677351298e-21
2.876,1.5084225425001898,-6.986412576172566e-19,1.0079266222136178,-0.17516224530197957,1.698317760890701e-18,-0.005007486822159408,0.9999768326952477,-3.583883508329507e-19,0.006806913601701505,5.588816606644899e-21
2.878,1.508072522443768,-6.952314385971639e-19,1.0079166257448426,-0.17485679312074204,1.7113318712133347e-18,-0.004988995971213616,0.999975762000207,-3.434846236019146e-19,0.006962428606874477,4.628738039447731e-21
2.88,1.507723119316721,-6.917954238113927e-19,1.0079066660889167,-0.17454532629961084,1.7246214878582941e-18,-0.004970674141916384,0.999974678388034,-3.2863469774331696e-19,0.007116360217728855,2.300802106684978e-21
2.882,1.507374345084945,-6.883340991455804e-19,1.0078967429060353,-0.17422790817754089,1.736678090354741e-18,-0.004952523086902623,0.9999735825404434,-3.193439858978506e-19,0.007268715239399222,-1.0107282622879293e-21
2.884,1.5070262115879387,-6.848480940016789e-19,1.0078868558529679,-0.1739046018128033,1.7495534858293852e-18,-0.004934544479045308,0.9999724751274763,-3.4297634107222463e-19,0.007419500483796922,-2.0188455684922646e-21
2.886,1.5066787305393654,-6.813359175974129e-19,1.0078770045832175,-0.1735754699827282,1.7625973813680116e-18,-0.004916739912696121,0.9999713568076046,-3.390668862052105e-19,0.007568722769287756,-8.285879539441852e-22
2.888,1.506331913527615,-6.777978090384893e-19,1.0078671887471755,-0.17324057518346225,1.775485766758418e-18,-0.004899110904916659,0.9999702282278355,-3.3517376953874713e-19,0.00771638892037209,7.0198079717386125e-22
2.89,1.5059857720163663,-6.742340785543171e-19,1.0078574079922755,-0.17289997962974102,1.7882194341851382e-18,-0.004881658896700247,0.9999690900238157,-3.3129695027761026e-19,0.007862505767367368,2.5720496833257724e-21
2.892,1.5056403173451502,-6.706450347841844e-19,1.007847661963144,-0.17255374525467557,1.8007991792561613e-18,-0.004864385254184254,0.9999679428199356,-3.2743903059706146e-19,0.008007080146093018,4.438158413838365e-21
2.894,1.5052955607299134,-6.670309847812242e-19,1.007837950301749,-0.1722019337095537,1.813225794134052e-18,-0.004847291269852953,0.9999667872294337,-3.235971674926499e-19,0.008150118897557752,6.6429621085512885e-21
2.896,1.5049515132635816,-6.633922340112737e-19,1.0078282726475463,-0.1718446063636553,1.825500074233326e-18,-0.004830378163730837,0.9999656238545007,-3.197714111401935e-19,0.008291628867649253,9.186060528808736e-21
2.898,1.5046081859166245,-6.59729086345598e-19,1.007818628637623,-0.171481824304082,1.8376228174159245e-18,-0.00481364708456642,0.9999644532863836,-3.1596162150692564e-19,0.008431616906826218,1.2066240600272415e-20
2.9,1.5042655895376196,-6.560418440575063e-19,1.0078090179068389,-0.1711136483356003,1.849594825937777e-18,-0.0047970991110065165,0.9999632761054892,-3.121707347925895e-19,0.008570089869812773,1.494005058335921e-20
2.902,1.5039237348538173,-6.523308078183754e-19,1.0077994400879655,-0.17074013898049933,1.8614168963331227e-18,-0.0047807352527608855,0.999962092881488,-3.0839855258621375e-19,0.008707054615295248,1.7807500104255248e-20
2.904,1.5035826324717063,-6.485962767106825e-19,1.0077898948118231,-0.17036135647846154,1.8730898197710255e-18,-0.004764556451757351,0.9999609041734179,-3.046419392236692e-19,0.008842518005621287,2.1011653721921314e-20
2.906,1.5032422928775784,-6.448385482361977e-19,1.0077803817074147,-0.1699773607864474,1.8846143927628504e-18,-0.004748563583287274,0.9999597105297876,-3.0089502243399467e-19,0.008976486906501307,2.5236194965137292e-20
2.908,1.5029027264380943,-6.410579182888349e-19,1.0077709004020585,-0.1695882115785935,1.8960990819529918e-18,-0.004732757457141435,0.9999585124886796,-3.0817431789009705e-19,0.009108968186712281,2.475252203306793e-20
2.91,1.5025639434008493,-6.372539638347752e-19,1.0077614505215173,-0.1691939682461238,1.9078668858757163e-18,-0.004717138818736292,0.9999573105778533,-2.9900536062989567e-19,0.00923996871780384,2.035205953192759e-20
2.912,1.5022259538949394,-6.33427053488755e-19,1.007752031690127,-0.1687946898972742,1.919055169475835e-18,-0.004701708350230602,0.9999561053148481,-3.0077425910277386e-19,0.009369495373806694,2.223060114706231e-20
2.914,1.501888767931527,-6.295772310443758e-19,1.0077426435309207,-0.16839043535723008,1.930743132599649e-18,-0.004686466671632351,0.9999548972070859,-3.0802766975003455e-19,0.00949755503094335,2.4499549959255484e-20
2.916,1.5015523954044072,-6.257042169336852e-19,1.0077332856657535,-0.16798126316807682,1.9421748362886044e-18,-0.004671414341896125,0.9999536867519733,-2.933369368945129e-19,0.009624154567341133,2.4499153564676682e-20
2.918,1.5012168460905742,-6.218089176923402e-19,1.0077239577154222,-0.167567231588763,1.9530287183029084e-18,-0.0046565518600107285,0.999952474437004,-2.7871911141530837e-19,0.009749300862747487,2.4157597799020607e-20
2.92,1.5008821296507873,-6.178924861174248e-19,1.0077146592997848,-0.16714839859507635,1.9633076244374864e-18,-0.004641879666077221,0.9999512607398607,-2.6417056533204005e-19,0.009873000798247556,2.381750963924818e-20
2.922,1.5005482556301373,-6.139560693272484e-19,1.0077053900378767,-0.16672482187963228,1.973014383790371e-18,-0.004627398142377233,0.9999500461285172,-2.496976458200213e-19,0.009995261255984041,2.27943925713154e-20
2.924,1.5002152334586132,-6.100008088044098e-19,1.0076961495480263,-0.1662965588518746,1.9821518046776366e-18,-0.004613107614431653,0.9999488310613389,-2.352829044239193e-19,0.010116089118879311,2.2801447937501627e-20
2.926,1.4998830724516683,-6.060278404187981e-19,1.0076869374479662,-0.16586366663808885,1.9907226944743933e-18,-0.004599008352049649,0.9999476159871844,-2.2093655285969924e-19,0.010235491270359763,2.2809506930705037e-20
2.928,1.4995517818107862,-6.020382944340735e-19,1.0076777533549444,-0.16542620208142741,1.998729849842946e-18,-0.004585100570368019,0.9999464013455065,-2.0665472636766045e-19,0.010353474594082448,2.316038334957822e-20
2.93,1.4992213706240474,-5.980332955280468e-19,1.0076685968858323,-0.16498422174194693,2.0061760615364006e-18,-0.004571384430880901,0.9999451875664529,-1.9244077334115644e-19,0.010470045973663895,2.3511014264900985e-20
2.932,1.4988918478666953,-5.940139628082593e-19,1.0076594676572312,-0.16453778189665752,2.0130641043723525e-18,-0.00455786004245982,0.9999439750709656,-1.7830134718109294e-19,0.010585212292411205,2.317609838924145e-20
2.934,1.4985632224017023,-5.899814098579367e-19,1.0076503652855764,-0.16408693853958384,2.019396731517102e-18,-0.004544527462364109,0.9999427642708818,-1.6422531277013002e-19,0.010698980433055328,2.3184767742841194e-20
2.936,1.4982355029803356,-5.859367447625455e-19,1.0076412893872393,-0.16363174738183767,2.025176686297064e-18,-0.00453138669724167,0.9999415555690332,-1.5021602322018326e-19,0.01081135727748657,2.3193957884985625e-20
2.938,1.4979086982427232,-5.818810701358156e-19,1.0076322395786277,-0.16317226385170222,2.030406696650943e-18,-0.00451843770412012,0.9999403493593448,-1.362841567014606e-19,0.010922349706492298,2.217613403049217e-20
2.94,1.497582816718419,-5.778154831613248e-19,1.007623215476284,-0.16270854309472774,2.035089463598524e-18,-0.004505680391388332,0.9999391460269345,-1.2242181451771292e-19,0.011031964599496824,2.0818997656101113e-20
2.942,1.4972578668269687,-5.737410756401006e-19,1.0076142166969821,-0.16224063997383842,2.039227671675743e-18,-0.004493114619768366,0.9999379459482112,-1.0862123694152253e-19,0.0111402088343035,1.9808215390570014e-20
2.944,1.4969338568784747,-5.696589340130773e-19,1.0076052428578208,-0.16176860906945062,2.0428239949941505e-18,-0.004480740203277782,0.9999367494909733,-9.488968762976515e-20,0.011247089286838959,1.8457671240956667e-20
2.946,1.4966107950741605,-5.655701393906016e-19,1.007596293576317,-0.16129250467960196,2.0458810902932604e-18,-0.004468556910182428,0.9999355570145065,-8.123067084974277e-20,0.011352612830899543,1.6425516650752917e-20
2.948,1.4962886895069363,-5.614757675897812e-19,1.0075873684704957,-0.16081238082009153,2.0484015919940805e-18,-0.0044565644639396156,0.9999343688696811,-6.763987072669477e-20,0.011456786337899885,1.405599178666769e-20
2.95,1.4959675481619625,-5.573768891792656e-19,1.0075784671589791,-0.16032829122463077,2.0503881167731334e-18,-0.004444762544131782,0.9999331853990492,-5.4109166292827566e-20,0.01155961667662363,1.2035161113334181e-20
2.952,1.4956473789172144,-5.532745695019591e-19,1.0075695892610734,-0.15984028934500527,2.0518432759888093e-18,-0.004433150787390621,0.9999320069369414,-4.063445526112181e-20,0.011661110712976312,1.0704418738320279e-20
2.954,1.4953281895440451,-5.49169868679819e-19,1.0075607343968536,-0.159348428351247,2.0527696780362133e-18,-0.004421728788311696,0.9999308338095632,-2.721945014299867e-20,0.011761275309740358,9.719883520766364e-21
2.956,1.4950099877077492,-5.450638416231243e-19,1.0075519021872468,-0.158852761131817,2.0531699241638052e-18,-0.004410496100359568,0.9999296663350905,-1.387188921330464e-20,0.011860117326332213,8.395445721887756e-21
2.958,1.494692780968126,-5.409575380577022e-19,1.0075430922541133,-0.15835334029379877,2.053046598705969e-18,-0.0043994522367634655,0.9999285048237655,-5.873737669847868e-22,0.011957643618561579,7.074128729432698e-21
2.96,1.4943765767800419,-5.368520025504473e-19,1.0075343042203266,-0.1578502181631014,2.052402276907002e-18,-0.004388596671403494,0.9999273495779915,1.2638392675504255e-20,0.012053861038392772,6.098956318763785e-21
2.962,1.4940613824939921,-5.327482745267444e-19,1.007525537709851,-0.15734344678467332,2.051239522887144e-18,-0.004377928839687455,0.9999262008924276,2.5789270710159128e-20,0.012148776433708163,4.098547752163448e-21
2.964,1.4937472053566632,-5.286473883070899e-19,1.0075167923478179,-0.1568330779227258,2.0495608776704528e-18,-0.00436744813941823,0.9999250590540827,3.8878123535846065e-20,0.01224239664807371,2.1024158664441554e-21
2.966,1.4934340525114935,-5.245503731433234e-19,1.0075080677605994,-0.15631916306096655,2.047368869977028e-18,-0.004357153931651821,0.9999239243424096,5.190937838699029e-20,0.012334728520506592,4.539865422077864e-22
2.968,1.4931219309992343,-5.204582532386481e-19,1.0074993635758818,-0.155801753402843,2.0446660215763815e-18,-0.0043470455415460345,0.9999227970293979,6.48917026094349e-20,0.012425778885244883,-1.6230550953927336e-22
2.97,1.49281084775851,-5.163720477508867e-19,1.0074906794227363,-0.15528089987179544,2.04145485581647e-18,-0.004337122259199847,0.999921677379667,7.782101396575264e-20,0.012515554571519314,-9.074100386115968e-23
2.972,1.492500809626378,-5.122927707921008e-19,1.007482014931688,-0.15475665311151965,2.0377378958482134e-18,-0.004327383340483498,0.9999205656505583,9.069318897770097e-20,0.01260406240332708,3.2318542493453512e-22
2.974,1.492191823338888,-5.082214314345911e-19,1.0074733697347842,-0.15422906348623902,2.0335176546710567e-18,-0.004317828007859295,0.9999194620922276,1.0350431697757824e-19,0.012691309199207692,7.364202467658689e-22
2.976,1.4918838955316398,-5.041590337379404e-19,1.0074647434656594,-0.15369818108098618,2.0287966339799587e-18,-0.004308455451193216,0.9999183669477356,1.1625029112396447e-19,0.012777301772020883,8.071319308151888e-22
2.978,1.4915770327403428,-5.00106576771232e-19,1.0074561357596006,-0.15316405570189373,2.0235773204688643e-18,-0.0042992648285573,0.9999172804531398,1.2893145913929762e-19,0.012862046928726514,5.353073256100402e-22
2.98,1.4912712414013725,-4.960650546475169e-19,1.0074475462536097,-0.1526267368764944,2.0178621852227806e-18,-0.004290255267022875,0.9999162028375843,1.4155689335399394e-19,0.012945551470166535,6.0620071214213645e-22
2.982,1.4909665278523274,-4.920354565458075e-19,1.0074389745864645,-0.15208627385403,2.0116536919304397e-18,-0.00428142586344464,0.9999151343233902,1.5413125337579966e-19,0.013027822190848928,1.3620273314214401e-21
2.984,1.490662898332586,-4.880187667230849e-19,1.0074304203987792,-0.15154271560576962,2.004954298536921e-18,-0.004272775685235677,0.9999140751261447,1.6664585386990776e-19,0.013108865878733679,2.1162935545815284e-21
2.986,1.4903603589838619,-4.840159645293439e-19,1.0074218833330615,-0.15099611082533645,1.9977664528055798e-18,-0.004264303771133353,0.9999130254547901,1.791010313316091e-19,0.01318868931502072,2.8685845363993323e-21
2.988,1.4900589158507584,-4.800280244326961e-19,1.0074133630337696,-0.1504465079290436,1.9900925895894286e-18,-0.004256009131956246,0.9999119855117127,1.91501562586258e-19,0.013267299273939886,3.9615253134398075e-21
2.99,1.4897585748813236,-4.760559160396296e-19,1.0074048591473674,-0.14989395505623834,1.9819351374002392e-18,-0.0042478907513520325,0.9999109554928302,2.0384764703195265e-19,0.013344702522542828,5.394704028088216e-21
2.992,1.4894593419276032,-4.721006041061154e-19,1.0073963713223784,-0.1493385000696552,1.9732965157790145e-18,-0.004239947586536435,0.9999099355876794,2.1613501781490052e-19,0.013420905820496905,6.825077569885463e-21
2.994,1.4891612227461943,-4.681630485610068e-19,1.0073878992094367,-0.1487801905557773,1.964179133004927e-18,-0.004232178569023236,0.9999089259795031,2.2835935476214563e-19,0.013495915919881033,7.909604607773325e-21
2.996,1.4888642229987963,-4.642442045311944e-19,1.0073794424613391,-0.14821907382520608,1.954585382264578e-18,-0.004224582605345449,0.9999079268453364,2.4053022540233427e-19,0.013569739564983491,9.334353806520895e-21
2.998,1.4885683482527634,-4.603450223667651e-19,1.0073710007330934,-0.14765519691303947,1.9445176478524946e-18,-0.004217158577767616,0.9999069383560925,2.5264785432794975e-19,0.01364238349210167,1.1098914370828976e-20
3.0,1.4882736039816546,-4.564664476582407e-19,1.0073625736819665,-0.14708860657925804,1.933978304877557e-18,-0.004209905344989286,0.9999059606766482,2.64698506334946e-19,0.013713854429343753,1.2174174776583736e-20
3.0020000000000002,1.487979995565784,-4.526094212619565e-19,1.0073541609675307,-0.1465193493091194,1.922969710834292e-18,-0.004202821742839779,0.9999049939659288,2.76691941938331e-19,0.013784159096432332,1.3246203284764398e-20
3.004,1.487687528292769,-4.487748793331324e-19,1.0073457622517095,-0.1459474713135603,1.9114942125194357e-18,-0.004195906584964187,0.999904038376992,2.886377638865418e-19,0.013853304204509932,1.5000256178337656e-20
3.0060000000000002,1.4873962073580798,-4.449637533382638e-19,1.00733737719882,-0.1453730185296071,1.899554149817965e-18,-0.004189158663500716,0.9999030940571119,3.0052679030761553e-19,0.01392129645594645,1.6750260547366903e-20
3.008,1.4871060378655854,-4.411769700754897e-19,1.0073290054756165,-0.14479603662079343,1.8871518524180867e-18,-0.004182576749749406,0.9999021611478618,3.1235925090120226e-19,0.013988142544148503,1.8496216051474638e-20
3.0100000000000002,1.4868170248281012,-4.374154516935971e-19,1.0073206467513303,-0.14421657097758608,1.8742896386258484e-18,-0.0041761595948322,0.9999012397851972,3.2413544310742054e-19,0.01405384915337065,2.0238121502676845e-20
3.012,1.4865291731679346,-4.3368011571606316e-19,1.0073123006977105,-0.14363466671781824,1.8609698166329726e-18,-0.00416990593034453,0.9999003300995376,3.3586522151830085e-19,0.014118422958528522,2.2660825861624994e-20
3.0140000000000002,1.4862424877174292,-4.299717674174832e-19,1.0073039669890622,-0.1430503686871302,1.8474099646099364e-18,-0.0041638144689983714,0.9998994322158481,3.310544637120711e-19,0.014181870625013812,2.256905318708333e-20
3.016,1.4859569732195093,-4.2629016763093146e-19,1.0072956453022828,-0.14246372145941766,1.8342569495185567e-18,-0.004157883905256816,0.9998985462537205,3.3175684174792887e-19,0.014244198808511141,2.2056448817149852e-20
3.0180000000000002,1.4856726343282225,-4.2263522279176464e-19,1.007287335316899,-0.14187476933728724,1.8206473141879642e-18,-0.00415211291596025,0.9998976723274534,3.3247368124676783e-19,0.014305414154816773,2.1887205983374935e-20
3.02,1.4853894756092827,-4.190071990630417e-19,1.0072790367151003,-0.14128355635251927,1.8073357753966395e-18,-0.004146500160944149,0.9998968105461319,3.386871970144725e-19,0.014365523299659191,2.1982076872678062e-20
3.0220000000000002,1.48510750154061,-4.1540639903965564e-19,1.0072707491817736,-0.14069012626653776,1.7934595959243724e-18,-0.004141044283648572,0.9998959610137073,3.3939228927489095e-19,0.014424532868521517,2.1469933288776345e-20
3.024,1.4848267165128721,-4.1183290887431164e-19,1.0072624724045345,-0.1400945225708874,1.77999014314167e-18,-0.004135743911719348,0.9998951238290754,3.34584474549251e-19,0.014482449476465755,2.001090674037679e-20
3.0260000000000002,1.4845471248300226,-4.0828649068017855e-19,1.0072542060737586,-0.13949678848771746,1.766387558714819e-18,-0.004130597657601055,0.9998942990861547,3.352635562341038e-19,0.014539279727958867,1.81338292368827e-20
3.028,1.4842687307098403,-4.047671583206019e-19,1.0072459498826112,-0.1388969669702728,1.75286844921679e-18,-0.004125604119121799,0.999893486873964,3.4691362727106603e-19,0.014595030216700668,1.6786729168409124e-20
3.0300000000000002,1.4839915382844655,-4.0127575037231344e-19,1.0072377035270763,-0.13829510070339143,1.7384635088924543e-18,-0.004120761880069886,0.9998926872766992,3.5852838160830665e-19,0.014649707525453524,1.6812993888613646e-20
3.032,1.4837155516009373,-3.978130294153256e-19,1.0072294667059836,-0.137691232104009,1.7243612952382814e-18,-0.004116069510762359,0.9998919003738098,3.4264014237899706e-19,0.014703318225873854,1.5527107903705003e-20
3.0340000000000003,1.4834407746217277,-3.943778879146932e-19,1.0072212391210351,-0.13708540332166969,1.7108835574471534e-18,-0.004111525568605559,0.9998911262400749,3.2682734618333247e-19,0.014755868878345423,1.4243394825192367e-20
3.036,1.4831672112252774,-3.9096908001188444e-19,1.0072130204768306,-0.1364776562390439,1.6980272056613095e-18,-0.0041071285986476365,0.9998903649456776,3.111097967922489e-19,0.014807366031814413,1.433195747555772e-20
3.0380000000000003,1.4828948652065277,-3.875853660043157e-19,1.0072048104808917,-0.1358680324724522,1.6857891741872106e-18,-0.004102877134123201,0.9998896165562804,2.95481957238804e-19,0.014857816223626289,1.5447748960164686e-20
3.04,1.4826237402774531,-3.842255122980531e-19,1.0071966088436848,-0.13525657337239577,1.6741664193172294e-18,-0.004098769696989994,0.999888881133099,2.7992816077056287e-19,0.014907225979364403,1.6560073864154066e-20
3.0420000000000003,1.4823538400675926,-3.8088829137038517e-19,1.007188415278643,-0.1346433200240931,1.6631559141314967e-18,-0.00409480479845781,0.9998881587329758,2.64463328156564e-19,0.014955601812690381,1.869642133878022e-20
3.044,1.4820851681245797,-3.775726969973997e-19,1.0071802295021874,-0.13402831324802286,1.6523241184417677e-18,-0.004090980939509584,0.9998874494084525,2.764559799150473e-19,0.015002950225186246,1.8704636383490853e-20
3.0460000000000003,1.481817727914671,-3.742796295406599e-19,1.0071720512337472,-0.13341159360047303,1.6405934928080345e-18,-0.004087296611414739,0.9998867532078429,2.9935577741388646e-19,0.01504927770619829,1.8548496604536084e-20
3.048,1.4815515228232743,-3.7101059517912824e-19,1.0071638801957778,-0.13279320137409592,1.6283993677845e-18,-0.004083750296234867,0.9998860701753038,3.0574223935692076e-19,0.015094590732682676,2.138137697718825e-20
3.0500000000000003,1.4812865561554753,-3.6776608755093862e-19,1.0071557161137799,-0.13217317659846928,1.6162822217187153e-18,-0.0040803404673218115,0.9998854003509069,2.846523263979083e-19,0.01513889576905277,2.2222521142948587e-20
3.052,1.4810228311365632,-3.6454469668226064e-19,1.0071475587163148,-0.13155155904066324,1.6051025665068358e-18,-0.004077065589808109,0.9998847437707087,2.9103079546858845e-19,0.015182199267028185,1.9903866847148412e-20
3.0540000000000003,1.480760350912555,-3.6134670519223143e-19,1.0071394077350222,-0.13092838820581307,1.5928112853165345e-18,-0.004073924121089928,0.9998841004668205,2.9738436860876294e-19,0.015224507665485526,1.7933298465478306e-20
3.056,1.480499118550719,-3.5817257363846653e-19,1.007131262904634,-0.13030370333769778,1.5812427417792154e-18,-0.004070914511302579,0.9998834704674782,2.982441514683539e-19,0.015265827390310864,1.6393664994063993e-20
3.0580000000000003,1.4802391370400965,-3.550226533579271e-19,1.0071231239629888,-0.1296775434193242,1.568564331473031e-18,-0.004068035203788535,0.9998828537971103,3.1004830816248076e-19,0.015306164854253866,1.5376100824917103e-20
3.06,1.479980409292023,-3.5189786720401403e-19,1.0071149906510444,-0.12904994717351667,1.556073104654057e-18,-0.0040652846355581276,0.9998822504764066,3.3276040664739677e-19,0.015345526456783635,1.4193269255324522e-20
3.0620000000000003,1.4797229381406487,-3.487997072986471e-19,1.0071068627128912,-0.12842095306351245,1.5420464179135932e-18,-0.004062661237742927,0.9998816605223849,3.3896106844207578e-19,0.015383918583946214,1.600633221227042e-20
3.064,1.4794667263434558,-3.457286533428335e-19,1.0070987398957623,-0.12779059929356226,1.5288597197899844e-18,-0.004060163436041845,0.9998810839484592,3.5062467124213808e-19,0.015421347608223765,1.8415928528748853e-20
3.0660000000000003,1.4792117765817765,-3.4268557635148117e-19,1.0070906219500448,-0.1271589238095364,1.5141417377878756e-18,-0.004057789651160068,0.9998805207645048,3.511903304034819e-19,0.01545781988839539,1.7563226439000494e-20
3.068,1.4789580914613094,-3.3967062399113964e-19,1.0070825086292887,-0.12652596429953591,1.5009146564739002e-18,-0.004055538299240788,0.9998799709769248,3.3530803321488605e-19,0.01549334176939963,1.8679607234034772e-20
3.0700000000000003,1.478705673512634,-3.3668265037825945e-19,1.007074399690216,-0.12589175819450932,1.4871267061524163e-18,-0.004053407792289867,0.9998794345887149,3.2495929177054495e-19,0.015527919582198586,1.9022488325356367e-20
3.072,1.4784545251917247,-3.337206935098527e-19,1.0070662948927287,-0.12525634266887403,1.4748257543401833e-18,-0.0040513965385934846,0.999878911599528,3.0919606535349113e-19,0.015561559643643681,1.9791042117542182e-20
3.074,1.4782046488804625,-3.3078394011405065e-19,1.0070581939999153,-0.12461975464114322,1.4618509094526478e-18,-0.00404950294312874,0.9998784020057382,3.209673833552968e-19,0.015594268256343049,2.2529292999134897e-20
3.076,1.4779560468871475,-3.278728385052066e-19,1.0070500967780571,-0.12398203077455738,1.4493895844107152e-18,-0.004047725407967374,0.9998779058005041,3.107124859458996e-19,0.01562605170853055,2.286224591118367e-20
3.078,1.4777087214470075,-3.2498657865442176e-19,1.0070420029966345,-0.12334320747772098,1.4369011213923564e-18,-0.004046062332672562,0.9998774229738315,3.004978920243629e-19,0.015656916273936367,2.182389702538013e-20
3.08,1.4774626747227073,-3.221247852186114e-19,1.00703391242833,-0.12270332090524391,1.4247075173732284e-18,-0.004044512114688953,0.9998769535126357,3.287556061807985e-19,0.01568686821165925,2.2585035186632974e-20
3.082,1.4772179088048563,-3.192891313255887e-19,1.007025824849034,-0.12206240695838766,1.4109777045114084e-18,-0.004043073149725892,0.999876497400803,3.294322431037188e-19,0.01571591376604031,2.137764504957743e-20
3.084,1.4769744257125135,-3.1647970298088457e-19,1.007017740037846,-0.12142050128571623,1.3984102399941166e-18,-0.004041743832133926,0.9998760546192513,3.301165059255055e-19,0.01574405916653843,2.0857699508144684e-20
3.086,1.4767322273936936,-3.136966926270967e-19,1.0070096577770782,-0.12077763928375171,1.3845238600894663e-18,-0.0040405225552747,0.9998756251459915,3.362740078705075e-19,0.01577131062760724,1.9910208613613487e-20
3.088,1.4764913157258692,-3.109406868843073e-19,1.007001577852257,-0.12013385609763436,1.371369945213636e-18,-0.004039407711884197,0.9998752089561858,3.478843032871256e-19,0.015797674348573657,1.8878448414619367e-20
3.09,1.476251692516474,-3.082126287871242e-19,1.006993500052123,-0.1194891866217872,1.3566841132774067e-18,-0.004038397694429501,0.9998748060222081,3.5399767475916036e-19,0.015823156513517997,1.964878472968319e-20
3.092,1.4760133595034022,-3.0551274067871864e-19,1.0069854241686325,-0.11884366550058507,1.3433794323869386e-18,-0.004037490895458987,0.9998744163137024,3.3817835055685955e-19,0.015847763291155642,2.1450086372791048e-20
3.094,1.4757763183555095,-3.028400243927826e-19,1.0069773499969557,-0.11819732712902799,1.3290812247809148e-18,-0.004036685707946154,0.9998740397976403,3.6629667691831747e-19,0.015871500834720238,2.2207520845876855e-20
3.096,1.47554057067311,-3.00196571721162e-19,1.0069692773354766,-0.11755020565341882,1.3143320188102635e-18,-0.0040359805256270495,0.9998736764383787,3.7227600795211274e-19,0.015894375281848436,1.92007748472434e-20
3.098,1.4753061179884734,-2.9758263541325964e-19,1.0069612059857904,-0.11690233497204526,1.2996726684431786e-18,-0.00403537374333136,0.9998733261977166,3.5085023225151197e-19,0.01591639275446619,1.869250239582608e-20
3.1,1.4750729617663205,-2.949968875518008e-19,1.0069531357527015,-0.11625374873586582,1.286178780753854e-18,-0.004034863757307272,0.9998729890349517,3.3500243994115883e-19,0.01593755935867652,1.7754059533934556e-20
3.102,1.4748411034043165,-2.9243793568754455e-19,1.0069450664442199,-0.11560448034920003,1.2728761786128617e-18,-0.004034448965540094,0.9998726649069354,3.246844395073693e-19,0.015957881184648838,1.5016506536061746e-20
3.104,1.4746105442335642,-2.8990511103556913e-19,1.0069369978715574,-0.11495456297042263,1.2597642605325125e-18,-0.004034127768064753,0.9998723537681283,3.473503438748263e-19,0.01597736430650976,1.4499984290973125e-20
3.106,1.474381285519095,-2.87400223142179e-19,1.006928929849124,-0.11430402951266175,1.2450118702883067e-18,-0.004033898567272147,0.9998720555706547,3.6990880557827094e-19,0.01599601478223541,1.3985271709377684e-20
3.108,1.4741533284603587,-2.8492478686182215e-19,1.0069208621945216,-0.11365291264450093,1.2302416008587298e-18,-0.004033759768209531,0.9998717702643565,3.923493832759789e-19,0.016013838653545238,1.2787109825056186e-20
3.11,1.473926674191712,-2.824807029131203e-19,1.0069127947285397,-0.11300124479068509,1.2137319816416463e-18,-0.004033709778874857,0.9998714977968463,4.201764182329799e-19,0.016030841945797274,1.2188960328595846e-20
3.112,1.4737013237829053,-2.8006975559854877e-19,1.0069047272751481,-0.11234905813283017,1.197320982692642e-18,-0.004033747010505189,0.9998712381135603,4.0947295641371884e-19,0.01604703066788491,9.809663336149431e-21
3.114,1.473477278239568,-2.7769128146376767e-19,1.006896659661491,-0.11169638461013656,1.181330130239639e-18,-0.004033869877859299,0.9998709911578104,3.823821125668302e-19,0.0160624108121351,7.355989005797573e-21
3.116,1.4732545385036933,-2.753435810012934e-19,1.0068885917178791,-0.11104325592010615,1.1662954456182723e-18,-0.004034076799494391,0.9998707568708362,3.883474419892597e-19,0.016076988354208056,7.462596050964554e-21
3.118,1.4730331054541201,-2.730271151285121e-19,1.0068805232777822,-0.11038970351926299,1.1501674712356686e-18,-0.004034366198037098,0.9998705351918552,3.9977188888820635e-19,0.01609076925299836,7.82498002158594e-21
3.12,1.472812979907015,-2.7074230758628974e-19,1.00687245417782,-0.10973575862387741,1.1345655539581088e-18,-0.004034736500448745,0.9998703260581141,4.056863242570936e-19,0.016103759450537544,8.275250368019946e-21
3.122,1.472594162616352,-2.684898667656765e-19,1.0068643842577543,-0.10908145221069379,1.1178726780513247e-18,-0.004035186138284999,0.9998701294049382,4.115782434691428e-19,0.016115964871898092,9.066990300049204e-21
3.124,1.4723766542743892,-2.66270211767345e-19,1.0068563133604786,-0.10842681501766153,1.1018157865457292e-18,-0.00403571354794992,0.999869945165781,4.1745327360423e-19,0.016127391425098867,1.0541191569167823e-20
3.126,1.4721604555121484,-2.640837235308901e-19,1.0068482413320088,-0.10777187754466955,1.084562609223718e-18,-0.004036317170944415,0.9998697732722723,4.34269743103435e-19,0.01613804500101196,1.2177588696484742e-20
3.128,1.4719455668998884,-2.6193153368035497e-19,1.0068401680214722,-0.10711667005428392,1.0676255378883648e-18,-0.004036995454109349,0.9998696136542676,4.2903484142163575e-19,0.016147931473270954,1.142381161439797e-20
3.13,1.4717319889475797,-2.5981347695012743e-19,1.006832093281097,-0.1064612225724889,1.0504652833855356e-18,-0.004037746849863048,0.9998694662398946,4.2380071398592556e-19,0.016157056698180575,9.986280482681396e-21
3.132,1.4715197221053766,-2.577291015383003e-19,1.0068240169662008,-0.105805564889431,1.0340516726972868e-18,-0.004038569816433586,0.9998693309556004,4.130873564871653e-19,0.016165426514627757,7.26976155725998e-21
3.134,1.4713087667640885,-2.5567741970382333e-19,1.0068159389351787,-0.10514972656016634,1.0177355020217993e-18,-0.004039462818085699,0.9998692077261987,4.024026078048483e-19,0.016173046743994075,3.1889097552393727e-21
3.136,1.4710991232556492,-2.536576629241674e-19,1.0068078590494909,-0.10449373690541086,1.0020545445431326e-18,-0.004040424325342417,0.9998690964749151,3.9733337147864416e-19,0.01617992319006958,4.167610652217246e-21
3.138,1.4708907918535845,-2.5166949707242595e-19,1.0067997771736503,-0.10383762501229372,9.86144416335418e-19,-0.0040414528152015365,0.9998689971234327,3.92288181502581e-19,0.01618606163896798,5.1435102459162035e-21
3.14,1.4706837727734792,-2.4971251842840066e-19,1.006791693175209,-0.10318141973511355,9.708671798511114e-19,-0.004042546771346894,0.999868909591937,3.8726139872790044e-19,0.01619146785904321,5.774004374046107e-21
3.142,1.4704780661734416,-2.477864328505189e-19,1.006783606924745,-0.10252514969609765,9.552511937686324e-19,-0.004043704684354621,0.99986883379916,3.877292433306084e-19,0.016196147600807325,5.629342494211521e-21
3.144,1.4702736721545668,-2.4589112740816444e-19,1.0067755182958478,-0.10186884328616401,9.400511024240076e-19,-0.0040449250518942706,0.9998687696624243,3.8820232936404027e-19,0.016200106596849787,5.1423453181451535e-21
3.146,1.470070590761399,-2.440267053446841e-19,1.0067674271651046,-0.10121252866568614,9.24296002392827e-19,-0.004046206378925048,0.9998687170976859,3.94151361240936e-19,0.016203350561758038,3.539368673816254e-21
3.148,1.4698688219823912,-2.421937726613418e-19,1.0067593334120852,-0.10055623376526056,9.08526036550579e-19,-0.004047547177887036,0.9998686760195771,4.1101922899507768e-19,0.016205885192039457,7.350285659808146e-22
3.15,1.4696683657503646,-2.403932557746845e-19,1.0067512369193268,-0.09989998628647707,8.920959557858206e-19,-0.004048945968887582,0.9998686463414485,4.0591290599552432e-19,0.016207716166044616,3.4879754228921297e-22
3.152,1.4694692219429657,-2.3862471260213266e-19,1.0067431375723184,-0.09924381370269163,8.765162930997688e-19,-0.0040504012798828655,0.9998686279754107,3.953322513135403e-19,0.016208849143891847,-9.75984624994379e-22
3.154,1.4692713903831214,-2.3688777422615584e-19,1.006735035259485,-0.0985877432598017,8.603832193796879e-19,-0.004051911646854699,0.9998686208323753,4.0677358392526634e-19,0.016209289767393133,8.716093527470432e-23
3.156,1.469074870839494,-2.3518307933691237e-19,1.006726929872172,-0.09793180197702425,8.442372050777724e-19,-0.004053475613982598,0.9998686248220955,4.126918552327009e-19,0.016209043659981298,1.2366044994470317e-21
3.158,1.4688796630269336,-2.3351129983001623e-19,1.0067188213046274,-0.09727601664767618,8.275397611350593e-19,-0.004055091733811199,0.999868639853206,4.185654552134275e-19,0.016208116426638493,1.3554195023161784e-21
3.16,1.4686857666069282,-2.318725672354331e-19,1.0067107094539862,-0.09662041383995713,8.111545193731857e-19,-0.0040567585674131015,0.9998686658332624,4.1343827348518876e-19,0.01620651365382596,2.809430751935706e-22
3.162,1.4684931811880542,-2.3026672499132753e-19,1.0067025942202523,-0.09596501989773469,7.947569482567234e-19,-0.00405847468454709,0.9998687026687801,4.028460290378774e-19,0.01620424090941509,-3.605927096183414e-22
3.164,1.4683019063264242,-2.2869290007431813e-19,1.0066944755062812,-0.09530986094133191,7.79101078702172e-19,-0.0040602386638119575,0.9998687502652731,3.9777839849869546e-19,0.016201303742619726,-7.468921203148041e-22
3.166,1.4681119415261328,-2.2715061684412403e-19,1.0066863532177623,-0.0946549628683171,7.632151044942067e-19,-0.004062049092795775,0.9998688085272917,3.927070144223922e-19,0.016197707683929776,-2.8450050013949442e-21
3.168,1.4679232862397014,-2.2563932991149446e-19,1.0066782272632009,-0.0940003513542958,7.482840600834499e-19,-0.004063904568220841,0.9998688773584594,3.6027055802758217e-19,0.016193458245046026,-2.4394742531276844e-21
3.17,1.4677359398685217,-2.2415684588929757e-19,1.0066700975538991,-0.09334605185370497,7.341959676091537e-19,-0.004065803696084265,0.9998689566615105,3.6091790465136925e-19,0.016188560918816253,-1.7035736524667937e-22
3.172,1.467549901763297,-2.2270299059042437e-19,1.006661964003938,-0.09269208960060928,7.195477456785119e-19,-0.00406774509179428,0.9998690463383264,3.6706634997774717e-19,0.016183021179172544,3.374066413379924e-21
3.174,1.467365171224482,-2.212782360933757e-19,1.0066538265301583,-0.09203848960949941,7.05310657959154e-19,-0.004069727380302267,0.9998691462899708,3.512287211592701e-19,0.01617684448106987,6.236530533471938e-21
3.176,1.4671817475027216,-2.198815456568177e-19,1.006645685052141,-0.09138527667609249,6.912679740331994e-19,-0.004071749196230675,0.9998692564167259,3.683131519936858e-19,0.016170036260425874,5.818701271542973e-21
3.178,1.466999629799287,-2.1851393135957356e-19,1.0066375394921883,-0.09073247537813436,6.763426579797947e-19,-0.004073809183996753,0.9998693766181266,3.688210907803877e-19,0.01616260193406189,2.5846924087544217e-21
3.18,1.4668188172665118,-2.171754318361317e-19,1.0066293897753031,-0.09008011007620392,6.6226082636161095e-19,-0.004075905997932194,0.999869506792995,3.4744329959600535e-19,0.016154546899645152,2.453114373607716e-21
3.182,1.4666393090082241,-2.1586475849746635e-19,1.0066212358291706,-0.08942820491451918,6.483723321320667e-19,-0.004078038302398814,0.9998696468394749,3.536204875180727e-19,0.016145876535632243,4.619305566332901e-21
3.184,1.46646110408018,-2.1458210003779715e-19,1.0066130775841362,-0.08877678382174531,6.3424613740873705e-19,-0.004080204771900188,0.999869796655064,3.5976299224150765e-19,0.016136596201213698,6.438162826921517e-21
3.186,1.4662842014904927,-2.1332793067208008e-19,1.0066049149731866,-0.08812587051180434,6.198834271648526e-19,-0.004082404091189379,0.999869956136648,3.6587649477979046e-19,0.01612671123625983,8.25271639749867e-21
3.188,1.4661086002000616,-2.1210272225154617e-19,1.0065967479319284,-0.0874754884846867,6.052853802087568e-19,-0.004084634955372802,0.9998701251805321,3.7197772105408198e-19,0.01611622696126773,1.1090823267289783e-20
3.19,1.4659342991229998,-2.109067290621829e-19,1.0065885763985678,-0.08682566102726434,5.908835977483416e-19,-0.004086896070010255,0.9998703036824735,3.4512583501979812e-19,0.016105148677309424,1.2396652746518637e-20
3.192,1.4657612971270584,-2.0973833888137914e-19,1.006580400313889,-0.08617641121410564,5.7743053974794765e-19,-0.004089186151211166,0.9998704915377126,3.5124087895224286e-19,0.016093481665981214,1.0770252676876033e-20
3.194,1.4655895930340517,-2.0859795557359534e-19,1.0065722196212332,-0.08552776190829178,5.62769224101625e-19,-0.004091503925727128,0.9998706886410036,3.6828704824814456e-19,0.01608123118935419,7.944418325895491e-21
3.196,1.465419185620278,-2.0748673535850928e-19,1.0065640342664781,-0.08487973576223473,5.485190599258464e-19,-0.004093848131040739,0.9998708948866458,3.5787044176995855e-19,0.01606840248992585,7.279629869634496e-21
3.198,1.4652500736169416,-2.064039998072835e-19,1.0065558441980151,-0.0842323552184968,5.341408471458642e-19,-0.004096217515450846,0.999871110168513,3.6944524147163467e-19,0.016055000790572926,7.976714076004399e-21
3.2,1.4650822557105698,-2.0535047092248356e-19,1.0065476493667282,-0.08358564251061153,5.193127516495518e-19,-0.004098610838154164,0.9998713343800835,3.8098173190434385e-19,0.0160410312945053,9.699403515869535e-21
3.202,1.464915730543432,-2.0432683102230792e-19,1.006539449725972,-0.08293961966390617,5.044674309606643e-19,-0.004101026869323421,0.9998715674144685,3.5953390954422127e-19,0.016026499185221067,9.54798193091477e-21
3.204,1.4647504967139537,-2.0333160695664298e-19,1.0065312452315498,-0.08229430849632538,4.908962520447443e-19,-0.004103464390181966,0.9998718091644416,3.3818770289709524e-19,0.01601140962646273,9.395892652752118e-21
3.206,1.464586552777132,-2.0236326113391537e-19,1.0065230358416912,-0.08164973061925639,4.774090978386153e-19,-0.0041059221930750045,0.9998720595224663,3.4440901519263684e-19,0.01599576776217449,1.1544966763935223e-20
3.208,1.4644238972449466,-2.0142212934968803e-19,1.00651482151703,-0.08100590743835538,4.636824046418515e-19,-0.004108399081537388,0.9998723183807241,3.5058454355723847e-19,0.015979578716460673,1.2661126335284302e-20
3.21,1.464262528586771,-2.0050868948829022e-19,1.0065066022205817,-0.08036286015437517,4.497173656106295e-19,-0.004110893870358116,0.9998725856311418,3.5670896436032543e-19,0.015962847593545233,1.2404198885932866e-20
3.212,1.4641024452297813,-1.996234170502645e-19,1.006498377917721,-0.07972060976399407,4.355151714878788e-19,-0.00411340538564153,0.999872861165418,3.6280433566726487e-19,0.015945579477732355,1.2147906844581412e-20
3.214,1.4639436455593637,-1.987667851596983e-19,1.0064901485761588,-0.07907917706064595,4.2107700715878067e-19,-0.00411593246486525,0.9998731448750495,3.6887628266754856e-19,0.015927779433368164,1.2234862699370046e-20
3.216,1.4637861279195206,-1.97939264577282e-19,1.0064819141659198,-0.07843858263535136,4.064040516925854e-19,-0.00411847395693496,0.999873436651358,3.749030794797106e-19,0.015909452504803485,1.1293777853920128e-20
3.218,1.4636298906132732,-1.9714132370879533e-19,1.0064736746593193,-0.07779884687754988,3.914974812017596e-19,-0.00412102872223601,0.9998737363855146,3.808848685132097e-19,0.015890603716357702,9.327086294781133e-21
3.22,1.463474931903065,-1.9637342861058255e-19,1.0064654300309404,-0.07715998997593336,3.763584686527879e-19,-0.004123595632681896,0.9998740439685654,3.8684906040751025e-19,0.015871238072283664,8.050306415193343e-21
3.222,1.4633212500111628,-1.9563604299942425e-19,1.0064571802576106,-0.07652203191928025,3.609881803045611e-19,-0.004126173571759745,0.9998743592914563,3.927849052604538e-19,0.01585136055673366,6.776968965298455e-21
3.224,1.4631688431200538,-1.9492962826545168e-19,1.006448925318379,-0.07588499249729092,3.4538777672020526e-19,-0.004128761434572753,0.9998746822450567,3.9869794784625276e-19,0.015830976133726447,5.848868963742009e-21
3.226,1.4630177093728454,-1.9425464348386957e-19,1.006440665194493,-0.07524889130142381,3.295584119829917e-19,-0.0041313581278796495,0.9998750127201839,4.04588335391912e-19,0.015810089747115303,5.26559068176523e-21
3.228,1.462867846873659,-1.9361154542832792e-19,1.0064323998693745,-0.07461374772573263,3.13501234173324e-19,-0.0041339625701312666,0.9998753506076259,4.104399130418256e-19,0.015788706320557146,3.9984582419921645e-21
3.23,1.4627192536880245,-1.9300078857991797e-19,1.006424129328597,-0.07397958096770423,2.972173874933201e-19,-0.004136573691504221,0.999875695798165,4.162636452668255e-19,0.01576683075748267,2.7335149229775993e-21
3.232,1.462571927843273,-1.9242282513643812e-19,1.0064158535598613,-0.07334641002909736,2.807080111368869e-19,-0.004139190433931768,0.9998760481825998,4.220596751760258e-19,0.015744467941067493,1.471564724979465e-21
3.234,1.462425867328927,-1.9187810502247583e-19,1.0064075725529735,-0.07271425371678228,2.639742390286929e-19,-0.004141811751131871,0.9998764076517673,4.278281324993855e-19,0.015721622734204344,2.1259766340723378e-22
3.236,1.4622810700970894,-1.9136707590004354e-19,1.0063992862998197,-0.07208313064358096,2.470171996659166e-19,-0.004144436608632529,0.9998767740965655,4.3357454156225145e-19,0.015698299979476242,-7.007772165147427e-22
3.238,1.4621375340628309,-1.9089018318067065e-19,1.0063909947943435,-0.0714530592291081,2.298380149245024e-19,-0.004147063983794412,0.9998771474079736,4.39304413895223e-19,0.01567450449913068,-9.267629342842347e-22
3.24,1.4619952571045753,-1.9044787003972474e-19,1.0063826980325217,-0.07082405770061273,2.1243779881214229e-19,-0.004149692865830821,0.9998775274770739,4.450232425351224e-19,0.015650241095054813,-1.247787265869606e-22
3.242,1.4618542370644838,-1.900405774331734e-19,1.0063743960123408,-0.07019614409382045,1.9481765670270708e-19,-0.004152322255825063,0.9998779141950714,4.507204165998258e-19,0.015625514548751628,1.017902911676157e-21
3.244,1.4617144717488366,-1.8966874411348413e-19,1.0063660887337735,-0.06956933625377631,1.769786876041178e-19,-0.004154951166745244,0.9998783074533152,4.563799643825319e-19,0.015600329621317093,1.4726133610347276e-21
3.246,1.4615759589284143,-1.8933280663837224e-19,1.0063577761987543,-0.06894365183568817,1.589219869903582e-19,-0.0041575786234565315,0.9998787071433167,4.620073766274028e-19,0.015574691053418284,1.5836006302087158e-21
3.248,1.4614386963388757,-1.8903319937868707e-19,1.0063494584111565,-0.06831910830577058,1.406486464906403e-19,-0.004160203662730948,0.9998791131567706,4.676188164124633e-19,0.015548603565272481,2.3803486614071577e-21
3.25,1.4613026816811356,-1.8877035452888457e-19,1.0063411353767675,-0.06769572294208921,1.2215974987953575e-19,-0.004162825333254697,0.9998795253855725,4.73214424230147e-19,0.015522071856627222,3.860822683449291e-21
3.2520000000000002,1.4611679126217403,-1.8854470212403252e-19,1.0063328071032658,-0.06707351283540565,1.0345637323234676e-19,-0.004165442695633121,0.9998799437218385,4.787783302924578e-19,0.015495100606741315,4.9951331923283414e-21
3.254,1.461034386793241,-1.883566700518574e-19,1.0063244736001964,-0.0664524948900226,8.453958872802481e-20,-0.004168054822393275,0.999880368057923,4.843053268247891e-19,0.01546769447436679,5.441478611724084e-21
3.2560000000000002,1.460902101794566,-1.8820668405798546e-19,1.0063161348789476,-0.06583268582462952,6.541046525582245e-20,-0.004170660797984186,0.9998807982864367,4.8981678720683105e-19,0.0154398580977318,6.571562559961443e-21
3.258,1.4607710551913915,-1.8809516775798947e-19,1.0063077909527267,-0.06521410217314853,4.607006428833495e-20,-0.004173259718774828,0.999881234300264,4.953128334690354e-19,0.015411596094524449,8.384574016711632e-21
3.2600000000000002,1.4606412445165093,-1.8802254265170902e-19,1.0062994418365365,-0.06459676028558069,2.6519439385268396e-20,-0.004175850693049878,0.99988167599258,5.007883077354227e-19,0.015382913061877545,1.0535864681947019e-20
3.262,1.460512667270195,-1.879892281394535e-19,1.0062910875471511,-0.06398067632885242,6.759637798055628e-21,-0.004178432841003254,0.999882123256868,5.062222044374449e-19,0.015353813576354285,1.1654553646099864e-20
3.2640000000000002,1.460385320920572,-1.8799564152826942e-19,1.0062827281030926,-0.06336586628766233,-1.3208294376767802e-20,-0.0041810052947295236,0.999882575986935,5.116146481903753e-19,0.015324302193934837,1.1742680800098851e-20
3.266,1.4602592029039765,-1.8804219803424428e-19,1.0062743635246068,-0.06275234596532814,-3.338331245785821e-20,-0.004183567198213137,0.9998830340769284,5.169815453077849e-19,0.015294383450003841,1.1830144371727136e-20
3.2680000000000002,1.4601343106253186,-1.8812931078737987e-19,1.0062659938336396,-0.06214013098463372,-5.3764375498585216e-20,-0.00418611770731564,0.9998834974213515,5.223177948611476e-19,0.015264061859338813,1.1575540758234941e-20
3.27,1.4600106414584426,-1.8825739084047686e-19,1.0062576190538135,-0.06152923678867642,-7.435044662510854e-20,-0.004188655989760804,0.9998839659150789,5.276391979703181e-19,0.015233341916099414,1.2006731339247823e-20
3.2720000000000002,1.4598881927464853,-1.8842684717892272e-19,1.0062492392104037,-0.06091967864171437,-9.51404968751919e-20,-0.004191181225117767,0.9998844394533716,5.329406707194092e-19,0.015202228093817648,1.2778653970492121e-20
3.274,1.4597669618022333,-1.8863808673740752e-19,1.006240854330314,-0.06031147163001389,-1.1613350291727922e-19,-0.004193692604782215,0.9998849179318913,5.382118486765296e-19,0.015170724845388898,1.320525624506717e-20
3.2760000000000002,1.4596469459084782,-1.88891514407022e-19,1.0062324644420544,-0.059704630662696934,-1.3732844539388323e-19,-0.004196189331955643,0.9998854012467154,5.434476989711965e-19,0.015138836603063876,1.2945544666987609e-20
3.278,1.4595281423183695,-1.8918753304327116e-19,1.006224069575716,-0.05909917047258858,-1.5872430627941058e-19,-0.004198670621622673,0.9998858892943508,5.486431108504866e-19,0.0151065677784414,1.165852309654724e-20
3.2800000000000002,1.4594105482557667,-1.8952654346437475e-19,1.0062156697629485,-0.0584951056170644,-1.8032006722222778e-19,-0.004201135700526584,0.9998863819717473,5.53798215580054e-19,0.01507392276246206,9.346625236568504e-21
3.282,1.4592941609155892,-1.8990894445201634e-19,1.0062072650369362,-0.05789245047889787,-2.0211471017319222e-19,-0.0042035838071429734,0.999886879176311,5.589286611554363e-19,0.015040905925402727,7.04014622414567e-21
3.2840000000000003,1.4591789774641648,-1.90335132756126e-19,1.006198855432375,-0.05729121926710763,-2.241072220878878e-19,-0.004206014191651692,0.999887380805918,5.6405005222885e-19,0.015007521616871898,5.766532986811065e-21
3.286,1.4590649950395764,-1.9080550310867999e-19,1.0061904409854485,-0.05669142601780464,-2.462965978296158e-19,-0.004208426115906966,0.9998878867589263,5.691367490230666e-19,0.014973774165805906,3.8106277068962446e-21
3.2880000000000003,1.4589522107520068,-1.913204482339539e-19,1.0061820217338049,-0.05609308459503919,-2.6868183437647163e-19,-0.004210818853405856,0.9998883969341884,5.741888430058001e-19,0.014939667880465938,1.1732344921951807e-21
3.29,1.4588406216840821,-1.9188014365463799e-19,1.006173597716534,-0.05549620869164773,-2.9083153632820506e-19,-0.004213191689255046,0.9998889112310643,5.463453852437631e-19,0.014905207048435905,4.039660959125258e-22
3.2920000000000003,1.4587302248912133,-1.9248289888186276e-19,1.006165168974144,-0.05490081183009945,-3.1188588343999587e-19,-0.004215543920135953,0.9998894295494316,5.515331593827422e-19,0.014870395936621105,5.160810692368936e-22
3.294,1.4586210174019358,-1.9312878859331044e-19,1.0061567355485375,-0.054306907363342684,-3.341093243764321e-19,-0.0042178748542682646,0.999889951789699,5.676552189626156e-19,0.01483523879124773,1.2300889591946385e-22
3.2960000000000003,1.4585129962182481,-1.938188903756321e-19,1.0061482974829898,-0.053714508475651,-3.5598985503804394e-19,-0.00422018381137189,0.9998904778528154,5.617525510151736e-19,0.014799739837863153,-1.3143645776605981e-21
3.298,1.4584061583159482,-1.9455298539542595e-19,1.006139854822125,-0.05312362818346899,-3.7806679194812193e-19,-0.004222470122627417,0.9998910076402825,5.613466560079132e-19,0.014763903281337042,-2.8289081980109334e-21
3.3000000000000003,1.4583005006449683,-1.953307118568508e-19,1.0061314076118935,-0.05253427933625773,-3.9947784453849667e-19,-0.004224733130634966,0.9998915410541642,5.335732044608925e-19,0.014727733305863246,-1.1943962381483394e-21
3.302,1.458196020129708,-1.9615038209489194e-19,1.006122955899549,-0.051946474617339915,-4.2022662631326157e-19,-0.004226972189371708,0.999892077997098,5.3877798672171175e-19,0.01469123407496249,-3.1330451338647386e-21
3.3040000000000003,1.4580927136693653,-1.9701218220836134e-19,1.0061144997336262,-0.051360226544744536,-4.416075554825065e-19,-0.004229186664147832,0.9998926183723038,5.439577932569495e-19,0.014654409731485836,-5.067947156632097e-21
3.306,1.4579905781382674,-1.9791629735950929e-19,1.0061060391639176,-0.05077554747205122,-4.623263059623164e-19,-0.004231375931561177,0.9998931620835948,5.162360412449177e-19,0.01461726439761893,-5.487553123404184e-21
3.3080000000000003,1.4578896103861976,-1.98860975026313e-19,1.0060975742414513,-0.05019244958923409,-4.82278528432292e-19,-0.004233539379450453,0.9998937090353859,5.105986775081565e-19,0.01457980217488702,-4.514770576648727e-21
3.31,1.457789807238722,-1.998454758293319e-19,1.0060891050184686,-0.04961094492350513,-5.022213503341372e-19,-0.004235676406847163,0.9998942591327036,4.995062072370563e-19,0.014542027144160722,-3.465167473115974e-21
3.3120000000000003,1.457691165497515,-2.0086913524574487e-19,1.0060806315484014,-0.04903104534015708,-5.212940235660957e-19,-0.004237786423926162,0.9998948122811946,4.884563701214001e-19,0.01450394336566257,-3.1034781103691476e-21
3.314,1.4575936819406812,-2.0193071913091766e-19,1.0060721538858506,-0.0484527625434058,-5.401462468371552e-19,-0.004239868851955009,0.9998953683871343,4.71984997104176e-19,0.014465554878974288,-3.0065146725849777e-21
3.3160000000000003,1.4574973533230766,-2.030290704266281e-19,1.0060636720865628,-0.047876108077232096,-5.581336762535339e-19,-0.004241923123242016,0.9998959273574355,4.61073624754484e-19,0.014426865703044826,-2.9898380446199797e-21
3.318,1.4574021763766298,-2.0416343277417318e-19,1.0060551862074096,-0.0473010933262229,-5.762294535291511e-19,-0.004243948681083102,0.9998964890996562,4.5571398859762605e-19,0.014387879836199132,-2.7108184382836024e-21
3.3200000000000003,1.4573081478106584,-2.053333418907057e-19,1.006046696306365,-0.04672772951641192,-5.936806968034951e-19,-0.004245944979707473,0.9998970535220073,4.50387775132831e-19,0.014348601256147646,-2.77603693094899e-21
3.322,1.4572152643121856,-2.0653851594759138e-19,1.0060382024424834,-0.04615602771611962,-6.114586076680972e-19,-0.004247911484222142,0.9998976205333605,4.505410966010252e-19,0.014309033919996529,-3.947813551291422e-21
3.3240000000000003,1.4571235225462553,-2.0777878190274253e-19,1.0060297046758782,-0.04558599883679251,-6.287009425182725e-19,-0.004249847670555314,0.9998981900432555,4.452195542280946e-19,0.014269181764258614,-5.381743076905368e-21
3.326,1.4570329191562448,-2.0905382432027507e-19,1.0060212030677003,-0.045017653633841824,-6.464862928240456e-19,-0.004251753025398689,0.9998987619619071,4.673577317182025e-19,0.01422904870486506,-5.48983453368088e-21
3.3280000000000003,1.4569434507641752,-2.1036530140074715e-19,1.0060126976801165,-0.0444510027074814,-6.651349193074003e-19,-0.004253627046148694,0.9998993362002115,4.894007456335594e-19,0.014188638637177729,-4.9118440213491115e-21
3.33,1.4568551139710224,-2.117148278179189e-19,1.006004188576288,-0.043886056503564905,-6.844273492838664e-19,-0.0042554692408466824,0.9998999126697536,4.893771674296649e-19,0.014147955436002247,-6.4214844689974596e-21
3.332,1.456767905357024,-2.1310261174743386e-19,1.0059956758203497,-0.04332282531442219,-7.033925149174638e-19,-0.0042572791281181195,0.999900491282813,4.948484704783655e-19,0.014107002955601773,-8.005473847930197e-21
3.334,1.4566818214819857,-2.1452886128013259e-19,1.005987159477388,-0.042761319279694995,-7.226775885382097e-19,-0.004259056237110796,0.9999010719523699,4.729271133967687e-19,0.014065785029711463,-6.1157506016850806e-21
3.336,1.456596858885586,-2.1599199029551635e-19,1.0059786396134212,-0.042201548387171696,-7.401292184958121e-19,-0.004260800107432078,0.9999016545921109,4.401458064168556e-19,0.01402430547155359,-4.0763645719278134e-21
3.338,1.456513014087679,-2.174893089063299e-19,1.0059701162953778,-0.04164352247362132,-7.570476150544523e-19,-0.004262510289085237,0.9999022391164352,4.239503678985553e-19,0.013982568073853377,-4.329678526751766e-21
3.34,1.4564302835885954,-2.190195386714777e-19,1.0059615895910758,-0.041087251225626654,-7.731126042814876e-19,-0.004264186342404882,0.9999028254404592,4.13299192026756e-19,0.01394057660885548,-5.686807968503485e-21
3.342,1.4563486638694423,-2.2058190998348725e-19,1.0059530595692026,-0.040532744180416476,-7.891894898121016e-19,-0.0042658278379915475,0.9999034134800221,4.026888367354108e-19,0.013898334828341132,-7.726471715097547e-21
3.344,1.456268151392401,-2.221754781817736e-19,1.0059445262992937,-0.039980010726696845,-8.042022197940924e-19,-0.0042674343566453735,0.9999040031516908,3.7567273680422686e-19,0.01385584646364597,-1.0218445270658903e-20
3.346,1.4561887426010234,-2.237984065125497e-19,1.0059359898517133,-0.0394290601054815,-8.1869383385480055e-19,-0.004269005489299036,0.9999045943727646,3.7073772680435555e-19,0.01381311522567849,-1.02685867791053e-20
3.348,1.456110433920526,-2.2545012180831467e-19,1.0059274502976334,-0.03887990141092129,-8.329893379453684e-19,-0.0042705408369498364,0.9999051870612793,3.6582610979110294e-19,0.013770144804939169,-1.0318897263143888e-20
3.35,1.4560332217580836,-2.2713023280522253e-19,1.005918907709014,-0.0383325435911326,-8.470896870487897e-19,-0.004272040010591053,0.9999057811360118,3.609471915832569e-19,0.01372693887154021,-9.684520246944768e-21
3.352,1.4559571025031197,-2.2883835014712894e-19,1.0059103621585834,-0.03778699544902478,-8.609958361183546e-19,-0.004273502631142543,0.9999063765164843,3.5611034179642245e-19,0.01368350107522595,-7.681411531592815e-21
3.354,1.455882072527597,-2.305740863931634e-19,1.005901813719818,-0.03724326564312657,-8.747087448115646e-19,-0.004274928329380636,0.9999069731229678,3.513107775769835e-19,0.013639835045393867,-4.65544171275269e-21
3.356,1.455808128186304,-2.3233705602376394e-19,1.0058932624669228,-0.03670136268841144,-8.882293740038504e-19,-0.0042763167458673215,0.999907570876486,3.4653431111736396e-19,0.013595944391116234,-1.6365135936188833e-21
3.358,1.455735265817143,-2.341268754380652e-19,1.0058847084748122,-0.036161294957121885,-9.015586820178977e-19,-0.004277667530878773,0.9999081696988182,3.4179486559790144e-19,0.013551832701162381,2.40287575685048e-21
3.36,1.4556634817414134,-2.359431629536681e-19,1.0058761518190902,-0.0356230706795926,-9.148052221018342e-19,-0.004278980344333251,0.9999087695125036,3.425046278555199e-19,0.013507503544021578,2.2461579944222627e-21
3.362,1.4555927722640953,-2.3778607647733673e-19,1.0058675925760314,-0.03508669794507254,-9.279693905605734e-19,-0.004280254855718345,0.9999093702408433,3.322105136388449e-19,0.013462960467926511,5.240524187366092e-22
3.364,1.4555231336741306,-2.3965469746142046e-19,1.005859030822562,-0.03455218470254588,-9.40728276304308e-19,-0.004281490744017663,0.9999099718079035,3.439295151731439e-19,0.013418207000877376,2.241385965682747e-22
3.366,1.4554545622447028,-2.415498325381693e-19,1.0058504666362404,-0.034019538761551775,-9.544831185128832e-19,-0.004282687697636921,0.9999105741385184,3.4461031328042167e-19,0.013373246650666555,-1.2969691568931537e-21
3.368,1.4553870542335152,-2.4347185448800393e-19,1.0058419000952397,-0.03348876779300291,-9.676150405307663e-19,-0.004283845414329502,0.9999111771582919,3.50752200517392e-19,0.013328082904903891,-3.230330831333317e-21
3.37,1.455320605883067,-2.4542124205115834e-19,1.0058333312783274,-0.03295987933000293,-9.817410280337892e-19,-0.004284963601121484,0.9999117807936009,3.6235983511689254e-19,0.013282719231042543,-5.2322658735249805e-21
3.372,1.4552552134209285,-2.4739847233936884e-19,1.005824760264848,-0.032432880768662575,-9.954574042645943e-19,-0.004286041974236144,0.9999123849715968,3.5750697351901545e-19,0.01323715907640542,-3.927046894933618e-21
3.374,1.455190873060014,-2.494034808022106e-19,1.0058161871347047,-0.03190777936891458,-1.0095193550790443e-18,-0.004287080259018011,0.9999129896202075,3.5815945040563524e-19,0.01319140586821219,-2.697758557764933e-21
3.376,1.4551275809988538,-2.51436024723168e-19,1.0058076119683403,-0.03138458225532734,-1.0228493828724465e-18,-0.004288078189856428,0.9999135946681388,3.313757356642745e-19,0.01314546301360685,-2.823826370893194e-21
3.378,1.455065333421863,-2.5349417659251823e-19,1.0057990348467207,-0.03086329641791725,-1.0351281333632883e-18,-0.004289035510108708,0.9999142000448766,3.0471443764321267e-19,0.01309933389968587,-3.2927527855670028e-21
3.38,1.4550041264996112,-2.555758390362853e-19,1.0057904558513155,-0.030343928712959784,-1.0463607822039607e-18,-0.004289951972022835,0.999914805680688,2.7816591930930323e-19,0.013053021893526879,-4.789378776697372e-21
3.382,1.454943956389088,-2.5767914019109827e-19,1.0057818750640812,-0.02982648586379918,-1.0569828560148277e-18,-0.004290827336659797,0.9999154115066223,2.791715070759167e-19,0.013006530342217913,-5.2702425619038335e-21
3.384,1.4548848192339692,-2.5980401078618407e-19,1.0057732925674436,-0.029310974461656848,-1.0678584609562793e-18,-0.00429166137381554,0.9999160174545124,2.7469916953777584e-19,0.012959862572887199,-4.993847995155103e-21
3.386,1.454826711164879,-2.6194991602272964e-19,1.00576470844428,-0.028797400966438357,-1.0779100410953942e-18,-0.00429245386194253,0.9999166234569753,2.592792999175691e-19,0.012913021892733486,-4.918442713500228e-21
3.388,1.4547696282996527,-2.6411578507537994e-19,1.0057561227779024,-0.028285771707539077,-1.088002081428172e-18,-0.004293204588071044,0.9999172294474132,2.6588325494075685e-19,0.012866011589056914,-3.413784776173667e-21
3.39,1.4547135667435966,-2.6630209420207933e-19,1.00574753565204,-0.02777609288464838,-1.0983499130076983e-18,-0.0042939133477300695,0.9999178353600141,2.7245609473301732e-19,0.012818834929290396,-1.9129745130490014e-21
3.392,1.4546585225897468,-2.685093537227432e-19,1.0057389471508227,-0.027268370568552455,-1.1089522741191665e-18,-0.004294579944867966,0.9999184411297515,2.7899797243823586e-19,0.012771495161031531,-4.1559944655017847e-22
3.394,1.4546044919191259,-2.7073807143981136e-19,1.005730357358764,-0.026762610701935637,-1.1198079092093543e-18,-0.004295204191772825,0.9999190466923856,2.855134167710854e-19,0.01272399551207505,1.4213854548461357e-21
3.396,1.4545514708009983,-2.729887526526745e-19,1.0057217663607445,-0.02625881910018031,-1.1309155717391839e-18,-0.0042957859089925755,0.9999196519844629,2.920113543754473e-19,0.012676339190445753,4.28284519393562e-21
3.398,1.454499455293125,-2.752617925858036e-19,1.005713174241996,-0.025757001452165314,-1.1419512413883798e-18,-0.004296324925254832,0.999920256943316,2.765241944838955e-19,0.012628529384431956,5.359828320580837e-21
3.4,1.4544484414420142,-2.775559708905933e-19,1.0057045810880842,-0.025257163321062842,-1.1520545098322546e-18,-0.004296821077386537,0.9999208615070638,2.556369707842672e-19,0.012580569262619455,6.159754727696992e-21
3.402,1.4543984252831734,-2.79869822566152e-19,1.0056959869848936,-0.024759310145133856,-1.1617688076695733e-18,-0.004297274210233423,0.9999214656146114,2.5133431023046116e-19,0.012532461973925978,8.805812773873561e-21
3.404,1.4543494028413577,-2.8220293101818555e-19,1.0056873920186105,-0.02426344723852192,-1.1713114232063068e-18,-0.0042976841765792135,0.9999220692056485,2.4703943914170546e-19,0.012484210647636121,1.041831130033749e-20
3.406,1.4543013701308172,-2.8455495373575444e-19,1.005678796275708,-0.023769579792045532,-1.180683209031701e-18,-0.00429805083706474,0.9999226722206502,2.4276513029431916e-19,0.012435818393436776,1.2026794923780978e-20
3.408,1.4542543231555431,-2.86925549907579e-19,1.0056701998429305,-0.023277712873988835,-1.1898850129790333e-18,-0.0042983740601068516,0.9999232746008752,2.3851556447188026e-19,0.012387288301453045,1.3973910749528142e-20
3.41,1.4542082579095124,-2.89314380416129e-19,1.0056616028072771,-0.022787851430890786,-1.1989176806414497e-18,-0.004298653721817228,0.9999238762883652,2.342906399564701e-19,0.012338623442284624,1.6259265007140862e-20
3.412,1.454163170376929,-2.9172110783305867e-19,1.0056530052559878,-0.02230000028833269,-1.207782056594969e-18,-0.004298889705921023,0.9999244772259446,2.300902955132179e-19,0.01228982686704266,1.8881652031924e-20
3.414,1.454119056532467,-2.9414539641882744e-19,1.0056444072765272,-0.021814164151724127,-1.2164789840887683e-18,-0.004299081903675467,0.9999250773572181,2.2591019727316205e-19,0.012240901607387066,2.1497640343180642e-20
3.416,1.4540759123415088,-2.965869121165091e-19,1.0056358089565698,-0.021330347607087238,-1.2250093024898763e-18,-0.004299230213788343,0.9999256766265706,2.217502497316521e-19,0.012191850675564303,2.4107247826964552e-20
3.418,1.4540337337603833,-2.990453225439871e-19,1.0056272103839858,-0.020848555121839352,-1.2333738469127517e-18,-0.0042993345423364,0.999926274979165,2.1761034095628e-19,0.012142677064445622,2.6710492496169504e-20
3.42,1.4539925167366028,-3.015202969847498e-19,1.0056186116468258,-0.02036879104557395,-1.2415734486221179e-18,-0.004299394802683718,0.9999268723609412,2.134820764326363e-19,0.012093383747565738,2.8622525632778655e-20
3.422,1.4539522572090973,-3.040115063777715e-19,1.0056100128333059,-0.019891059610839944,-1.2496089297429368e-18,-0.004299410915400045,0.9999274687186144,2.093652970754159e-19,0.012043973679161973,2.9844989298711213e-20
3.424,1.4539129511084483,-3.0651862329670772e-19,1.0056014140317946,-0.01941536493391922,-1.2574811042715045e-18,-0.004299382808179083,0.9999280639996728,2.0526819486716232e-19,0.011994449794213812,3.106438745828745e-20
3.426,1.4538745943571205,-3.0904132193808576e-19,1.0055928153307978,-0.018941711015602526,-1.265190781086402e-18,-0.004299310415756786,0.9999286581523767,2.0118655449873892e-19,0.011944815008482922,3.1938499429634764e-20
3.428,1.4538371828696917,-3.115792781109757e-19,1.0055842168189448,-0.018470101741963556,-1.2727387640773187e-18,-0.0042991936798296715,0.9999292511257559,1.9713257938477098e-19,0.011895072218553572,3.3495244735069164e-20
3.43,1.4538007125530812,-3.141321692310421e-19,1.0055756185849747,-0.018000540885131328,-1.2801258570672385e-18,-0.00429903254897312,0.9999298428696075,1.930980619574778e-19,0.0118452243018735,3.504813885865813e-20
3.432,1.453765179306778,-3.16699674320087e-19,1.0055670207177225,-0.017533032104060788,-1.287352860362208e-18,-0.0042988269785597475,0.9999304333344942,1.8907472406387494e-19,0.011795274116795188,3.591191940139229e-20
3.434,1.4537305790230657,-3.192814739918196e-19,1.0055584233061061,-0.01706757894530161,-1.2944205662372433e-18,-0.004298576930677798,0.9999310224717416,1.85070577010022e-19,0.011745224502617554,3.677349739802366e-20
3.436,1.453696907587246,-3.2187725044007165e-19,1.005549826439112,-0.016604184843765243,-1.3013297623184389e-18,-0.004298282374049607,0.9999316102334364,1.810895544822437e-19,0.011695078279628058,3.797551822678325e-20
3.438,1.4536641608778622,-3.244866874316547e-19,1.0055412302057833,-0.0161428531234901,-1.3080812349718863e-18,-0.004297943283950155,0.999932196572423,1.7713156880449908e-19,0.011644838249145206,3.951677095470244e-20
3.44,1.4536323347669196,-3.2710947030441385e-19,1.0055326346952058,-0.01568358699840496,-1.3146757692067222e-18,-0.004297559642125674,0.9999327814423019,1.7319256922377407e-19,0.011594507193561459,4.1054221272594724e-20
3.442,1.4536014251201053,-3.2974528596486636e-19,1.0055240399964953,-0.015226389573090509,-1.3211141477880007e-18,-0.004297131436712404,0.999933364797426,1.6927643888567104e-19,0.011544087876386533,4.293051885786223e-20
3.444,1.4535714277970055,-3.323938228826641e-19,1.0055154461987852,-0.014771263843539035,-1.3273971510868095e-18,-0.004296658662155419,0.9999339465928988,1.653791278821348e-19,0.011493583042291098,4.480263025136315e-20
3.446,1.453542338651323,-3.35054771084857e-19,1.0055068533912137,-0.014318212697912253,-1.3335255562449651e-18,-0.0042961413191276105,0.9999345267845706,1.6149660397149584e-19,0.011442995417150846,4.632752269988331e-20
3.448,1.4535141535310914,-3.3772782214825738e-19,1.0054982616629113,-0.013867238917297242,-1.3395001360002919e-18,-0.004295579414448799,0.9999351053290366,1.576484011856695e-19,0.011392327708090962,4.9218403997668964e-20
3.45,1.4534868682788877,-3.404126691981463e-19,1.0054896711029893,-0.013418345176460504,-1.345321667562422e-18,-0.004294972961004984,0.999935682183633,1.5382669203227382e-19,0.011341582603530949,5.278838338166304e-20
3.452,1.4534604787320462,-3.4310900691756626e-19,1.0054810818005266,-0.012971534044600093,-1.350990930005355e-18,-0.004294321977667772,0.999936257306434,1.5002357502479228e-19,0.011290762773229835,5.6350168587254e-20
3.454,1.4534349807228668,-3.4581653154507865e-19,1.005472493844559,-0.012526807986095834,-1.3565086996607648e-18,-0.004293626489213988,0.9999368306562488,1.462428263739216e-19,0.011239870868331753,6.024601462205335e-20
3.456,1.4534103700788257,-3.4853494086968807e-19,1.0054639073240663,-0.012084169361257606,-1.3618757480138527e-18,-0.0042928865262454475,0.9999374021926183,1.4242645484862997e-19,0.011188909521411864,5.933553635022229e-20
3.458,1.453386642622781,-3.512639341881407e-19,1.005455322327962,-0.011643620427071663,-1.3670928104155785e-18,-0.004292102125108939,0.9999379718758116,1.4411013734000748e-19,0.011137881346522658,5.836574725942973e-20
3.46,1.4533637941731805,-3.540035347918299e-19,1.0054467389450812,-0.011205163337945013,-1.3724828963981632e-18,-0.004291273327816428,0.9999385396668223,1.3483905280318238e-19,0.011086788939240592,6.026207382553411e-20
3.462,1.4533418205442643,-3.5675344230861774e-19,1.0054381572641686,-0.010768800146447806,-1.37761528767535e-18,-0.004290400181965448,0.9999391055273658,1.6397797312532266e-19,0.01103563487671308,5.967256579173798e-20
3.464,1.4533207175462692,-3.595154033858707e-19,1.0054295773738688,-0.010334532804053742,-1.3843203625578785e-18,-0.004289482740659733,0.9999396694198744,1.5459539275499437e-19,0.010984421717705833,5.882465216104773e-20
3.466,1.4533004809856291,-3.62289111810639e-19,1.005420999362715,-0.009902363161878484,-1.3892554150502053e-18,-0.004288521062430115,0.9999402313074953,1.452664199137159e-19,0.010933152002650529,5.763569417417546e-20
3.468,1.4532811066651756,-3.6507354740877796e-19,1.0054124233191173,-0.00947229297141604,-1.3952273194565849e-18,-0.004287515211155624,0.999940791154085,1.4699832498589037e-19,0.010881828253692815,5.872801270867478e-20
3.47,1.4532625903843364,-3.6786905784686116e-19,1.005403849331353,-0.00904432388527315,-1.4004018477205645e-18,-0.0042864652559848875,0.9999413489242067,1.5967378945233822e-19,0.010830452974740655,5.969857887955564e-20
3.472,1.453244927939332,-3.7067656328251233e-19,1.0053952774875565,-0.008618457457901608,-1.4069350055719856e-18,-0.004285371271257772,0.9999419045831264,1.4485559120303965e-19,0.010779028651512982,5.890656426587514e-20
3.474,1.4532281151233717,-3.734947207541266e-19,1.0053867078757075,-0.00819469514632856,-1.4110544265658784e-18,-0.00428423333642731,0.999942458096808,1.1915598213335313e-19,0.010727557751588684,5.823367290983241e-20
3.476,1.4532121477268476,-3.7632172709991084e-19,1.0053781405836222,-0.007773038310884729,-1.415999866106396e-18,-0.004283051535981937,0.9999430094319105,1.1553297528052736e-19,0.010676042724455898,5.972493660938208e-20
3.478,1.4531970215375272,-3.791572227020301e-19,1.005369575698943,-0.007353488215930569,-1.4194003386854823e-18,-0.004281825959367987,0.9999435585557831,1.0097023418491402e-19,0.010624486001561627,6.201368139033014e-20
3.48,1.4531827323407447,-3.8200024079042193e-19,1.0053610133091282,-0.006936046030580346,-1.4236304019827399e-18,-0.004280556700912505,0.9999441054364614,1.138807939516649e-19,0.010572889996361644,6.331927140809789e-20
3.482,1.4531692759195904,-3.8485132533006227e-19,1.0053524535014426,-0.006520712829424122,-1.4273946620377108e-18,-0.004279243859746378,0.9999446500426631,1.0479041213025497e-19,0.010521257104370732,6.382600971853836e-20
3.484,1.4531566480550997,-3.8771012034385028e-19,1.0053438963629484,-0.006107489593247629,-1.4314487533700408e-18,-0.004277887539727796,0.9999451923437838,1.121863317778376e-19,0.010469589703213173,6.381642275162213e-20
3.486,1.4531448445264397,-3.9057698938542405e-19,1.0053353419804951,-0.0056963772097500375,-1.4353608679361527e-18,-0.004276487849366033,0.9999457323098925,1.0313285156037912e-19,0.01041789015267359,6.706300732715526e-20
3.488,1.453133861111094,-3.934515411143175e-19,1.0053267904407108,-0.005287376474259593,-1.4393469150799868e-18,-0.004275044901745565,0.9999462699117276,1.2699852349029666e-19,0.010366160794748027,6.824573724831527e-20
3.49,1.453123693585048,-3.963353227942339e-19,1.0053182418299929,-0.004880488090447121,-1.444374890922407e-18,-0.004273558814450525,0.9999468051206926,1.233290391742376e-19,0.010314403953695343,6.86828738865198e-20
3.492,1.4531143377229705,-3.9922808123457023e-19,1.0053096962344987,-0.00447571267103738,-1.448287925882187e-18,-0.004272029709489529,0.9999473379088507,1.0871251792724594e-19,0.01026262193608888,6.923277619873065e-20
3.494,1.4531057892983952,-4.021287392307262e-19,1.0053011537401377,-0.004073050738518267,-1.4522748999221741e-18,-0.004270457713220867,0.9999478682489216,9.415473924511762e-20,0.010210817030868407,6.87530734027056e-20
3.496,1.4530980440839005,-4.0503618910426615e-19,1.0052926144325625,-0.0036725027258478473,-1.4551520682242559e-18,-0.0042688429562780135,0.9999483961142758,9.063996845445276e-20,0.010158991509392338,6.781940315559908e-20
3.498,1.4530910978512879,-4.079500466803408e-19,1.0052840783971595,-0.0032740689771592136,-1.4586469293596436e-18,-0.004267185573495607,0.9999489214789309,8.166893337123897e-20,0.010107147625490216,6.660077170274762e-20
3.5,1.4530849463717586,-4.108697512052435e-19,1.005275545719042,-0.0028777497484631562,-1.4609274782226725e-18,-0.004265485703835692,0.9999494443175464,7.272380213458945e-20,0.010055287615515461,6.504229159676105e-20
3.5020000000000002,1.4530795854160896,-4.137944217227733e-19,1.0052670164830413,-0.002483545208348642,-1.463613281893852e-18,-0.004263743490314453,0.9999499646054193,6.931619479517815e-20,0.010003413698398389,6.343121235852632e-20
3.504,1.4530750107548076,-4.1672357584459094e-19,1.005258490773698,-0.002091455438681082,-1.4654111869489556e-18,-0.004261959079929286,0.9999504823184793,4.4012497706737045e-20,0.00995152807569946,6.375727510485713e-20
3.5060000000000002,1.4530712181583614,-4.1965583684366915e-19,1.0052499686752556,-0.0017014804352983902,-1.46686440551793e-18,-0.004260132623586288,0.9999509974332839,4.6260987371698635e-20,0.009899632931662813,6.586583866750763e-20
3.508,1.453068203397294,-4.2259109141651515e-19,1.0052414502716513,-0.0013136201087048174,-1.468404694409478e-18,-0.004258264276028158,0.9999515099270138,4.84990835469169e-20,0.00984773043327002,6.796904202467185e-20
3.5100000000000002,1.4530659622424116,-4.255295132902592e-19,1.0052329356465093,-0.000927874284762551,-1.4700316413510806e-18,-0.004256354195762499,0.999952019777468,5.073701559343305e-20,0.009795822730294095,7.109523719587514e-20
3.512,1.4530644904649532,-4.2847106018700994e-19,1.0052244248831332,-0.0005442427053810762,-1.4713144626129929e-18,-0.004254402544990563,0.999952526963059,2.5536355634260214e-20,0.009743911955353748,7.276937079295847e-20
3.5140000000000002,1.4530637838367573,-4.314140042936774e-19,1.0052159180644986,-0.00016272502920428576,-1.4717165522476795e-18,-0.004252409489536386,0.999953031462808,3.3312341436989676e-20,0.00969200022396786,7.034932344347596e-20
3.516,1.4530638381304273,-4.343589566817027e-19,1.0052074152732455,0.00021667916770466721,-1.4733941437142067e-18,-0.004250375198776381,0.9999535332563396,5.1999474671727463e-20,0.009640089634610204,6.748558407856528e-20
3.5180000000000002,1.4530646491194972,-4.373071707234676e-19,1.0051989165916722,0.0005939703911807843,-1.4748340792345635e-18,-0.004248299845569361,0.9999540323238774,4.3206194183160643e-20,0.009588182268764383,6.831949279871787e-20
3.52,1.4530662125785936,-4.402582429894281e-19,1.0051904221017272,0.0009691492282769109,-1.4761449635688873e-18,-0.004246183606186988,0.9999545286462381,2.897600087229597e-20,0.009536280190978994,7.091632564269377e-20
3.5220000000000002,1.4530685242835981,-4.432110545066675e-19,1.0051819318850037,0.0013422163465857087,-1.4766813697512624e-18,-0.004244026660244699,0.9999550222048278,3.124739236320311e-20,0.009484385448923017,7.19800545898499e-20
3.524,1.453071580011807,-4.461656386429629e-19,1.0051734460227322,0.0017131724935639185,-1.4779532954367084e-18,-0.004241829190633057,0.9999555129816355,2.802595243611837e-20,0.009432500073441413,7.446482547645921e-20
3.5260000000000002,1.4530753755420913,-4.491217766580212e-19,1.005164964595774,0.0020820184958589213,-1.478020075958853e-18,-0.004239591383449565,0.9999560009592294,2.8583002695827255e-21,0.009380626078610935,7.509513827801979e-20
3.528,1.4530799066550537,-4.520777085141666e-19,1.0051564876846155,0.0024487552586376082,-1.4779631057161987e-18,-0.004237313427930932,0.9999564861207512,1.0674960953987706e-20,0.009328765461796151,7.233181281704288e-20
3.5300000000000002,1.4530851691331854,-4.550338339003833e-19,1.005148015369361,0.0028133837649175603,-1.478213358943639e-18,-0.004234995516385817,0.9999569684499104,1.8447832444856962e-20,0.009276920203705664,6.888991917650962e-20
3.532,1.4530911587610205,-4.579906581245565e-19,1.0051395477297276,0.0031759050749005525,-1.4785541034809796e-18,-0.004232637844128044,0.9999574479309806,4.273172308415199e-21,0.009225092268448542,6.771608853752014e-20
3.5340000000000003,1.4530978713252904,-4.609471779097699e-19,1.0051310848450385,0.003536320325308385,-1.477801848254521e-18,-0.00423024060941026,0.9999579245487928,-2.0779677457361022e-20,0.009173283603590926,6.733105831215642e-20
3.536,1.4531053026150762,-4.639015351819998e-19,1.005122626794218,0.00389463072872105,-1.4764999589827098e-18,-0.0042278040133581175,0.9999583982887315,-2.929840977546424e-20,0.009121496140212858,6.336905053396187e-20
3.5380000000000003,1.4531134484219588,-4.668530642567256e-19,1.0051141736557847,0.00425083757291724,-1.4751890991391818e-18,-0.004225328259904896,0.9999588691367285,-1.0352972038613424e-20,0.00906973179296527,6.053679917180958e-20
3.54,1.4531223045401698,-4.698030031739919e-19,1.005105725507847,0.004604942220217206,-1.4747298867480348e-18,-0.0042228135557266155,0.9999593370792585,-1.3398936143107374e-20,0.00901799246012718,6.099399276214235e-20
3.5420000000000003,1.4531318667667392,-4.727513648525513e-19,1.0050972824280973,0.004956946106827975,-1.4736119562519988e-18,-0.0042202601101776595,0.9999598021033338,-5.4625443088509216e-21,0.008966280023663049,6.169420758475486e-20
3.544,1.453142130901643,-4.756986285395959e-19,1.0050888444938064,0.005306850742190921,-1.4738827055659869e-18,-0.004217668135226863,0.9999602641964983,2.4365789640393372e-20,0.008914596349280336,6.219710944959161e-20
3.5460000000000003,1.4531530927479486,-4.786469914966469e-19,1.0050804117818188,0.005654657708331715,-1.4744591631634043e-18,-0.00421503784539412,0.9999607233468232,2.1154856273018927e-20,0.008862943286487212,6.402075513887289e-20
3.548,1.4531647481119596,-4.815963809284768e-19,1.0050719843685474,0.0060003686592126435,-1.4749092832629946e-18,-0.0042123694576874475,0.9999611795429011,1.7968531654683817e-20,0.008811322668650453,6.686835622621097e-20
3.5500000000000003,1.4531770928033587,-4.845465448060317e-19,1.0050635623299686,0.006343985320087309,-1.4752337130479452e-18,-0.004209663191540613,0.9999616327738413,1.4803771410145773e-20,0.008759736313053492,7.039483786272335e-20
3.552,1.45319012263535,-4.874972323981143e-19,1.0050551457416177,0.006685509486857721,-1.4754331012211459e-18,-0.00420691926875118,0.9999620830292643,1.1651446554790442e-20,0.008708186020954639,7.357064735973212e-20
3.5540000000000003,1.4532038334247999,-4.904481942668288e-19,1.005046734678584,0.007024943025433774,-1.4755080929588898e-18,-0.004204137913419151,0.9999625302992962,8.51746485102771e-21,0.008656673577645465,7.708069537314435e-20
3.556,1.4532182209923752,-4.933991822629044e-19,1.0050383292155065,0.007362287871095131,-1.4754593318263302e-18,-0.004201319351886042,0.9999629745745637,5.398803692932845e-21,0.008605200752509326,8.058235410131856e-20
3.5580000000000003,1.4532332811626827,-4.963499495217885e-19,1.005029929426569,0.007697546027855509,-1.4752874542496795e-18,-0.004198463812674512,0.9999634158461892,2.2479956482501048e-21,0.008553769299080062,7.859286029479051e-20
3.56,1.4532490097644055,-4.9930032205466735e-19,1.0050215353854963,0.008030719567829367,-1.4751004791549211e-18,-0.004195571526428492,0.9999638541057847,4.572222474024125e-21,0.008502380955100822,7.553329009113654e-20
3.5620000000000003,1.4532654026304384,-5.02250412928165e-19,1.00501314716555,0.008361810630601022,-1.4750057213165069e-18,-0.004192642725853825,0.9999642893454469,6.920367901607994e-21,0.008451037442583046,7.65928072457789e-20
3.564,1.453282455598022,-5.052004061242747e-19,1.005004764839524,0.008690821422596173,-1.4750027310966502e-18,-0.004189677645659451,0.9999647215577522,9.260421197832488e-21,0.0083997404678656,7.799210116126507e-20
3.5660000000000003,1.4533001645088766,-5.081504847371677e-19,1.0049963884797408,0.009017754216455863,-1.4750910681047475e-18,-0.004186676522499055,0.9999651507357511,1.1595361417767852e-20,0.008348491721674019,8.007342078489933e-20
3.568,1.453318525209333,-5.111008309863746e-19,1.0049880181580484,0.009342611350412854,-1.4752702984300706e-18,-0.004183639594913266,0.9999655768729628,1.3916643613778115e-20,0.008297292879179916,8.180720036914315e-20
3.5700000000000003,1.453337533550464,-5.140516262245428e-19,1.004979653945815,0.009665395227670457,-1.4755399874899347e-18,-0.004180567103272409,0.9999659999633702,1.622427242008107e-20,0.008246145600060508,8.319426352687042e-20
3.572,1.4533571853882126,-5.1700305093545645e-19,1.0049712959139265,0.009986108315783785,-1.475899702380468e-18,-0.004177459289719744,0.9999664200014142,1.8526827793608457e-20,0.008195051528558265,8.52625681812624e-20
3.5740000000000003,1.4533774765835215,-5.199552847416878e-19,1.0049629441327834,0.01030475314604346,-1.476349014103759e-18,-0.004174316398115213,0.9999668369819886,2.0815893734678435e-20,0.008144012293540693,8.698336167066767e-20
3.576,1.4533984030024585,-5.229085064082641e-19,1.004954598672296,0.010621332312861765,-1.476887494110739e-18,-0.004171138673979777,0.9999672509004351,2.3083137238076743e-20,0.008093029508560244,8.732951709113467e-20
3.5780000000000003,1.4534199605163436,-5.258628938371114e-19,1.0049462596018826,0.010935848473161248,-1.4775147056843365e-18,-0.004167926364440214,0.9999676617525378,2.5328512630988426e-20,0.008042104771914327,8.630429325559788e-20
3.58,1.453442145001872,-5.288186240474077e-19,1.004937926990465,0.011248304345765788,-1.4782302049740255e-18,-0.004164679718174484,0.9999680695345176,2.756591058968943e-20,0.007991239666705447,8.562419171386865e-20
3.5820000000000003,1.453464952341238,-5.3177587317353e-19,1.0049296009064668,0.01155870271079412,-1.4790335512603008e-18,-0.004161398985357611,0.999968474243027,2.979539958576728e-20,0.007940435760901447,8.528920589881416e-20
3.584,1.4534883784222574,-5.347348164728482e-19,1.0049212814178092,0.011867046409055818,-1.4799243087074812e-18,-0.004158084417608122,0.9999688758751457,3.2019755461192135e-20,0.00788969460739587,8.564035548188748e-20
3.586,1.4535124191384874,-5.376956283372787e-19,1.0049129685919094,0.012173338341449758,-1.4809020484858413e-18,-0.004154736267934955,0.999969274428374,3.423366035594496e-20,0.007839017744068416,8.599071159308528e-20
3.588,1.4535370703893467,-5.406584823051496e-19,1.0049046624956768,0.012477581468365048,-1.4819663436736295e-18,-0.0041513547906849675,0.9999696699006284,3.6434408094817695e-20,0.007788406693845499,8.599762523523995e-20
3.59,1.4535623280802337,-5.436235510600038e-19,1.004896363195511,0.012779778809084435,-1.4831167673160207e-18,-0.004147940241490959,0.9999700622902363,3.8627409286449695e-20,0.007737862964760914,8.634721191226824e-20
3.592,1.4535881881226438,-5.465910064350713e-19,1.0048880707572991,0.013079933441190192,-1.4843528967328694e-18,-0.004144492877220194,0.9999704515959305,4.081009300019913e-20,0.0076873880500165906,8.669641352629659e-20
3.594,1.4536146464342854,-5.495610194215749e-19,1.004879785246413,0.013378048499972487,-1.4856743116879846e-18,-0.004141012955923484,0.9999708378168437,4.298248750791209e-20,0.00763698342804344,8.704482452713997e-20
3.596,1.4536416989391947,-5.525337601717909e-19,1.0048715067277079,0.013674127177840237,-1.4870805940345031e-18,-0.004137500736784837,0.9999712209525043,4.5147275432335506e-20,0.007586650562562296,8.773509761119235e-20
3.598,1.4536693415678494,-5.555093980063772e-19,1.004863235265519,0.013968172723734455,-1.4885713305220194e-18,-0.004133956480071551,0.99997160100283,4.730713280243175e-20,0.007536390902644932,8.910907327444344e-20
3.6,1.453697570257281,-5.584881014259931e-19,1.0048549709236598,0.014260188442544092,-1.4901461146210405e-18,-0.004130380447084948,0.9999719779681234,4.9459543671189546e-20,0.007486205882775176,9.082207237333354e-20
3.602,1.4537263809511862,-5.614700381235101e-19,1.0048467137654211,0.014550177694524357,-1.4918045441662884e-18,-0.004126772900111561,0.9999723518490666,5.159938387870725e-20,0.007436096922910092,9.218798746445349e-20
3.604,1.4537557696000374,-5.644553749859099e-19,1.0048384638535675,0.01483814389471756,-1.4935462144231913e-18,-0.004123134102374907,0.9999727226467159,5.3724098566093265e-20,0.007386065428541242,9.286620771019444e-20
3.606,1.453785732161191,-5.674442780901144e-19,1.0048302212503364,0.015124090512376436,-1.4953707224237279e-18,-0.004119464317987757,0.9999730903624966,5.585157096388088e-20,0.0073361127907560315,9.525530202937969e-20
3.608,1.4538162645989958,-5.704369127176108e-19,1.0048219860174359,0.015408021070389978,-1.4972776764750835e-18,-0.0041157638119049674,0.9999734549981982,5.797938076004591e-20,0.007286240386299109,9.90097802178072e-20
3.61,1.4538473628848996,-5.734333357843215e-19,1.004813758216044,0.015689939144711777,-1.4991590991148693e-18,-0.004112032849876827,0.9999738165559691,6.007000989709635e-20,0.007236449577633847,9.898621496636192e-20
3.612,1.4538790229975547,-5.764337467322004e-19,1.0048055379068057,0.015969848363790874,-1.5011218608195642e-18,-0.00410827169840295,0.9999741750383112,5.114725327468071e-20,0.007186741713003881,9.732901528485462e-20
3.614,1.4539112409229222,-5.794374820778565e-19,1.0047973251498328,0.016247752408005106,-1.5026272324779845e-18,-0.004104480624686697,0.9999745304480755,5.3239018279468525e-20,0.007137118126494715,9.662474411694217e-20
3.616,1.4539440126543755,-5.824447416239103e-19,1.0047891200047019,0.016523655009096982,-1.5046459944550475e-18,-0.004100659896590122,0.9999748827884563,5.531090310907604e-20,0.007087580138095385,9.455197242248029e-20
3.618,1.4539773341928022,-5.854554736457153e-19,1.0047809225304531,0.01679755994961206,-1.5058844507622178e-18,-0.004096809782589453,0.9999752320629863,2.4492738735613657e-20,0.007038129053760174,9.477240192127425e-20
3.62,1.4540112015467057,-5.884676899787556e-19,1.0047727327855893,0.017069471062339848,-1.5062388562223433e-18,-0.004092930551731117,0.9999755782755323,1.5738385440027413e-20,0.006988766165470387,9.312418078103047e-20
3.622,1.4540456107323045,-5.91480345122058e-19,1.0047645508280745,0.01733939222975722,-1.5062518855474715e-18,-0.00408902247358827,0.999975921430289,-3.9169891441704115e-21,0.006939492751296172,9.292687665405934e-20
3.624,1.4540805577736313,-5.94491968549579e-19,1.0047563767153331,0.017607327383474338,-1.505171884190124e-18,-0.004085085818217878,0.999976261531775,-2.8961554621792154e-20,0.006890310075458393,9.276816870589461e-20
3.626,1.4541160387026306,-5.97500810322032e-19,1.0047482105042491,0.017873280503683125,-1.5036503310674638e-18,-0.004081120856118324,0.9999765985848273,-3.197668065248871e-20,0.006841219388390543,8.971669061869693e-20
3.628,1.4541520495592557,-6.005064921274695e-19,1.004740052251165,0.018137255618608225,-1.5020120064474583e-18,-0.00407712785818752,0.9999769325945964,-3.497549012342913e-20,0.006792221926800699,8.701505291675221e-20
3.63,1.4541885863915636,-6.035087809813226e-19,1.004731902011881,0.018399256803960512,-1.5002574689998832e-18,-0.004073107095681568,0.9999772635665416,-3.795568995722156e-20,0.006743318913733526,8.500548632860032e-20
3.632,1.4542256452558098,-6.065074450191916e-19,1.0047237598416547,0.018659288182393107,-1.4983872807673392e-18,-0.004069058840173937,0.9999775915064258,-4.0912670860278915e-20,0.006694511558632304,8.437125166953901e-20
3.634,1.454263222216542,-6.095022535066699e-19,1.0047156257952001,0.01891735392295993,-1.4964020094724913e-18,-0.004064983363515157,0.9999779164203109,-4.3851086253433994e-20,0.006645801057400994,8.442459406105142e-20
3.636,1.4543013133466913,-6.124929768478523e-19,1.0047074999266874,0.019173458240576775,-1.4943022257765403e-18,-0.004060880937793054,0.9999782383145527,-4.677553444391782e-20,0.006597188592466345,8.44785763026144e-20
3.638,1.4543399147276646,-6.154793865875183e-19,1.0046993822897423,0.019427605395484916,-1.4920884987185393e-18,-0.004056751835293476,0.9999785571957961,-4.968384313620699e-20,0.00654867533284001,8.487503928526478e-20
3.64,1.4543790224494337,-6.184612554075498e-19,1.004691272937446,0.01967979969271723,-1.4897613973399416e-18,-0.004052596328461576,0.9999788730709702,-5.257378996990741e-20,0.006500262434180707,8.595582548746967e-20
3.642,1.4544186326106254,-6.214383571293161e-19,1.0046831719223344,0.01993004548156686,-1.4873214918650195e-18,-0.004048414689863585,0.9999791859472842,-5.545211475891587e-20,0.006451951038856387,8.669175676991546e-20
3.644,1.4544587413186085,-6.244104667124964e-19,1.004675079296398,0.020178347155058406,-1.48476934886288e-18,-0.004044207192149086,0.9999794958322213,-5.831451150431023e-20,0.006403742276006439,8.776814777195325e-20
3.646,1.454499344689581,-6.27377360247232e-19,1.0046669951110827,0.020424709149421637,-1.4821055338511947e-18,-0.004039974108013848,0.9999798027335353,-6.116319332383292e-20,0.006355637261603896,8.884194336622696e-20
3.648,1.4545404388486567,-6.303388149523579e-19,1.0046589194172881,0.020669135943567746,-1.479330609034415e-18,-0.004035715710163149,0.9999801066592449,-6.399825875932424e-20,0.006307637098517669,8.991315040303951e-20
3.65,1.4545820199299486,-6.332946091694824e-19,1.0046508522653692,0.020911632058568125,-1.4764451357360173e-18,-0.004031432271275593,0.9999804076176296,-6.681756235806708e-20,0.00625974287657479,9.132442979322574e-20
3.652,1.4546240840766544,-6.362445223621961e-19,1.0046427937051352,0.021152202057135677,-1.4734496749341124e-18,-0.00402712406396745,0.9999807056172249,-6.961899922901367e-20,0.006211955672622661,9.34172243051158e-20
3.654,1.4546666274411382,-6.391883351177282e-19,1.0046347437858503,0.021390850543108648,-1.4703447881084256e-18,-0.004022791360757541,0.9999810006668174,-7.240905568236889e-20,0.006164276550591315,9.51631730370334e-20
3.656,1.4547096461850122,-6.421258291423139e-19,1.0046267025562339,0.021627582160937003,-1.4671310326809159e-18,-0.004018434434032542,0.9999812927754407,-7.518570079556213e-20,0.006116706561555686,9.690494138698051e-20
3.658,1.454753136479218,-6.450567872530958e-19,1.0046186700644606,0.02186240159517133,-1.4638089628870647e-18,-0.004014053556012872,0.9999815819523701,-7.794898288660555e-20,0.006069246743797869,9.86425395980924e-20
3.66,1.4547970945041055,-6.479809933732628e-19,1.0046106463581608,0.022095313569954263,-1.4603791293706023e-18,-0.004009648998719052,0.9999818682071188,-8.070733126156834e-20,0.006021898122869396,9.90057639191889e-20
3.662,1.4548415164495128,-6.508982325168201e-19,1.0046026314844212,0.02232632284851445,-1.4568420721017428e-18,-0.004005221033938547,0.9999821515494328,-8.345259173104341e-20,0.0059746617116534975,9.936727535393539e-20
3.664,1.4548863985148424,-6.538082907729355e-19,1.004594625489785,0.022555434232663034,-1.4531983279757589e-18,-0.004000769933193122,0.999982431989287,-8.618066264733775e-20,0.005927538510427367,1.0041320080988579e-19
3.666,1.454931736909139,-6.567109553062176e-19,1.004586628420253,0.022782652562292685,-1.4494484351139946e-18,-0.003996295967706704,0.99998270953688,-8.889567853946393e-20,0.005880529506924414,1.0145660754195549e-19
3.668,1.454977527851165,-6.596060143555585e-19,1.0045786403212833,0.02300798271487913,-1.445592929887423e-18,-0.003991799408373711,0.9999829842026298,-9.16017320566159e-20,0.005833635676396508,1.0181219089185356e-19
3.67,1.4550237675694742,-6.624932572266998e-19,1.0045706612377934,0.023231429604985244,-1.4416323410972026e-18,-0.003987280525727889,0.9999832559971701,-9.429893502219446e-20,0.005786857981676215,1.0148239421546867e-19
3.672,1.4550704523024867,-6.653724742757826e-19,1.0045626912141592,0.02345299818376764,-1.437567190251389e-18,-0.003982739589911634,0.999983524931345,-9.698539032214483e-20,0.005740197373239015,1.0081109223032663e-19
3.674,1.4551175782985608,-6.682434568946141e-19,1.0045547302942175,0.023672693438485805,-1.4333979929822006e-18,-0.003978176870645783,0.9999837910162056,-9.966115823633709e-20,0.005693654789265505,9.979828254496915e-20
3.676,1.4551651418160654,-6.711059975026732e-19,1.0045467785212656,0.02389052039201375,-1.4291252611233501e-18,-0.0039735926371999184,0.9999840542630045,-1.0232629383525943e-19,0.005647231155703582,9.844477498345082e-20
3.678,1.45521313912345,-6.73959889538348e-19,1.004538835938063,0.02410648410235418,-1.424749501131914e-18,-0.003968987158363111,0.9999843146831927,-1.0497894832610155e-19,0.0056009273863306085,9.709403358174761e-20
3.68,1.455261566499315,-6.768049274494129e-19,1.0045309025868319,0.02432058966215521,-1.4202712168769162e-18,-0.003964360702415197,0.9999845722884144,-1.0762108147539909e-19,0.00555474438281555,9.540380205399882e-20
3.682,1.4553104202324803,-6.79640906686845e-19,1.0045229785092586,0.02453284219822956,-1.4156909065585393e-18,-0.003959713537098479,0.9999848270905033,-1.102547090737648e-19,0.005508683034781091,9.303304184197928e-20
3.684,1.4553596966220532,-6.824676236919783e-19,1.0045150637464948,0.024743246871076322,-1.4110090630646738e-18,-0.003955045929589925,0.9999850791014783,-1.1287230204840262e-19,0.0054627442198657205,9.135317884563488e-20
3.686,1.4554093919774955,-6.852848758921543e-19,1.004507158339158,0.024951808874405207,-1.4062261814702227e-18,-0.00395035814647383,0.9999853283335391,-1.1547384808500972e-19,0.0054169288037857885,9.036257522365064e-20
3.688,1.4554595026186887,-6.880924617085215e-19,1.0044992623273332,0.025158533434663316,-1.4013427581378503e-18,-0.003945650453714955,0.9999855747990627,-1.1806317085837866e-19,0.005371237640397529,8.937469100932838e-20
3.69,1.4555100248760002,-6.908901805524166e-19,1.0044913757505745,0.02536342581056445,-1.3963592887350994e-18,-0.003940923116632106,0.9999858185105983,-1.2063658884234075e-19,0.005325671571759053,8.907402042533199e-20
3.692,1.455560955090346,-6.936778328286733e-19,1.0044834986479052,0.025566491292620903,-1.3912762692498482e-18,-0.003936176399872226,0.999986059480864,-1.231996833685833e-19,0.005280231428192297,8.843218365377222e-20
3.694,1.4556122896132553,-6.964552199301224e-19,1.004475631057821,0.025767735202677784,-1.3860941931184298e-18,-0.00393141056738488,0.9999862977227427,-1.257488466366224e-19,0.005234918028344945,8.813449046061736e-20
3.696,1.455664024806931,-6.992221442367753e-19,1.0044677730182896,0.02596716289344985,-1.3808135528651308e-18,-0.003926625882397251,0.9999865332492778,-1.2828415569303214e-19,0.005189732179252294,8.818012541637956e-20
3.698,1.455716157044313,-7.019784091122123e-19,1.0044599245667538,0.026164779748060845,-1.3754348405479305e-18,-0.003921822607389552,0.9999867660736692,-1.3080743494396458e-19,0.005144674676399092,8.822561804311392e-20
3.7,1.4557686827091365,-7.04723818902898e-19,1.0044520857401313,0.026360591179585332,-1.3699585457805483e-18,-0.003917001004070918,0.9999869962092698,-1.3332053522308958e-19,0.005099746303781319,8.7928312167338e-20
3.702,1.455821598195993,-7.074581789301703e-19,1.004444256574818,0.026554602630593057,-1.3643851558375654e-18,-0.003912161333355726,0.9999872236695813,-1.358164465149192e-19,0.00505494783396793,8.865883583218501e-20
3.704,1.455874899910388,-7.101812954941233e-19,1.004436437106688,0.026746819572695795,-1.3587151610895533e-18,-0.0039073038553403714,0.9999874484682498,-1.3829694869373773e-19,0.005010280028162541,9.007331411936635e-20
3.706,1.4559285842687992,-7.128929758776435e-19,1.004428627371097,0.026937247506096697,-1.3529490545527933e-18,-0.0039024288292804814,0.9999876706190632,-1.4076207879148344e-19,0.004965743636265072,9.216971974361111e-20
3.708,1.4559826476987325,-7.155930283517533e-19,1.004420827402882,0.027125891959142143,-1.3470873301436827e-18,-0.003897536513568577,0.9999878901359462,-1.4322043883464831e-19,0.00492133939693333,9.323355673740773e-20
3.71,1.4560370866387786,-7.182812621675722e-19,1.004413037236365,0.02731275848787609,-1.3411304732529966e-18,-0.003892627165712149,0.9999881070329573,-1.45672151880346e-19,0.004877068037644542,9.326686712611812e-20
3.712,1.4560918975386674,-7.2095748753844e-19,1.0044052569053534,0.027497852675596898,-1.3350789612196387e-18,-0.0038877010423121958,0.9999883213242844,-1.4811223310596552e-19,0.004832930274756825,9.330006580064446e-20
3.714,1.4561470768593225,-7.236215156285981e-19,1.0043974864431424,0.027681180132416664,-1.328933268208407e-18,-0.003882758399042151,0.9999885330242418,-1.505407377833437e-19,0.004788926813570606,9.333315319596773e-20
3.716,1.456202621072914,-7.262731585477635e-19,1.0043897258825167,0.02786274649482304,-1.3226938649416608e-18,-0.0038777994906273026,0.9999887421472661,-1.5296267392728527e-19,0.00474505834838997,9.23381573890916e-20
3.718,1.456258526662911,-7.289122293392495e-19,1.0043819752557528,0.028042557425243524,-1.3163612140079325e-18,-0.003872824570824563,0.9999889487079123,-1.5537814419508795e-19,0.004701325562583956,9.031751575685208e-20
3.72,1.456314790124133,-7.315385419635316e-19,1.0043742345946205,0.028220618611612243,-1.3099357693097535e-18,-0.003867833892402714,0.9999891527208509,-1.577856108411513e-19,0.004657729128647779,8.761591126852808e-20
3.722,1.4563714079628005,-7.341519112799352e-19,1.004366503930385,0.028396935766939222,-1.3034179770803536e-18,-0.003862827707123047,0.9999893542008637,-1.601835540327541e-19,0.004614269708263992,8.457720992490617e-20
3.724,1.4564283766965849,-7.367521530362059e-19,1.0043587832938092,0.028571514628882112,-1.2968082796103763e-18,-0.003857806265720409,0.9999895531628407,-1.6257200263196151e-19,0.004570947952363578,8.120302304756507e-20
3.726,1.4564856928546572,-7.393390838606201e-19,1.0043510727151552,0.028744360959320404,-1.2901071151455035e-18,-0.003852769817884683,0.9999897496217763,-1.649478859794457e-19,0.004527764501186967,7.817946173764017e-20
3.728,1.4565433529777359,-7.419125212572695e-19,1.0043433722241872,0.028915480543932108,-1.283314921356035e-18,-0.0038477186122426663,0.9999899435927659,-1.673143446125435e-19,0.0044847199843449865,7.482078520472809e-20
3.73,1.4566013536181344,-7.44472283601198e-19,1.0043356818501732,0.0290848791917729,-1.2764321307563626e-18,-0.003842652896340345,0.9999901350910024,-1.6967611085619291e-19,0.004441815020879737,7.009940817011217e-20
3.732,1.4566596913398069,-7.470180825284475e-19,1.004328001621887,0.02925256273485774,-1.2692439786957014e-18,-0.003837572916625589,0.9999903241317732,-1.7748669933071435e-19,0.00439905021932539,7.055300963996064e-20
3.734,1.4567183627183948,-7.495492721140148e-19,1.0043203315676106,0.02941853702774493,-1.2618588973496673e-18,-0.0038324789184312072,0.9999905107304562,-1.9074258297600212e-19,0.00435642617776891,7.10299706987133e-20
3.736,1.4567773643412707,-7.520652811740097e-19,1.0043126717151367,0.02958280794712265,-1.2542790551455563e-18,-0.003827371145958469,0.9999906949025169,-1.7653361015921447e-19,0.0043139434839106925,6.89872216104347e-20
3.738,1.4568366928075818,-7.545669771177914e-19,1.0043050220917704,0.02974538139139795,-1.247473607704384e-18,-0.0038222498422609327,0.999990876663505,-1.678731383894274e-19,0.00427160271512513,6.731495039926394e-20
3.74,1.456896344728294,-7.570549718927927e-19,1.0042973827243322,0.029906263280288163,-1.2404700205451786e-18,-0.003817115249228726,0.9999910560290509,-1.647305724153196e-19,0.004229404438521088,6.703955856264093e-20
3.742,1.4569563167262338,-7.595294795730738e-19,1.00428975363916,0.030065459554414795,-1.234022280630353e-18,-0.0038119676075731904,0.999991233014863,-1.6160138820781908e-19,0.004187349211002299,6.710790799329205e-20
3.744,1.457016605436129,-7.619906411722608e-19,1.004282134862111,0.03022297617489985,-1.227052197486922e-18,-0.0038068071568119065,0.9999914076367241,-1.694348257096981e-19,0.004145437579327667,6.82499551468797e-20
3.746,1.45707720750465,-7.644378803388516e-19,1.0042745264185649,0.03037881912296458,-1.2202076043293086e-18,-0.003801634135254081,0.9999915799104881,-1.7723676988973502e-19,0.004103670080171493,7.110255578207223e-20
3.748,1.4571381195904496,-7.668707302320033e-19,1.0042669283334262,0.030532994399530698,-1.2126273012261156e-18,-0.0037964487799863477,0.9999917498520774,-1.8501993777389128e-19,0.004062047240183599,6.949456148676084e-20
3.75,1.4571993383642015,-7.69288619363612e-19,1.0042593406311262,0.030685508024823983,-1.205175352503722e-18,-0.003791251326858912,0.9999919174774791,-1.9275939682395622e-19,0.004020569576049372,6.960358865827043e-20
3.7520000000000002,1.457260860508639,-7.716907282810593e-19,1.0042517633356258,0.03083636603798036,-1.1967756819582915e-18,-0.003786042010472087,0.9999920828027425,-2.1140859619845713e-19,0.003979237594549707,7.112734852436603e-20
3.754,1.457322682718592,-7.740758471692623e-19,1.004244196470418,0.030985574496654355,-1.1884010085182466e-18,-0.0037808210641631524,0.9999922458439763,-2.0258198474717835e-19,0.003938051792620861,6.945516342887159e-20
3.7560000000000002,1.4573848017010247,-7.764445646489231e-19,1.0042366400585305,0.03113313947663002,-1.1803739982267696e-18,-0.003775588719993637,0.9999924066173447,-1.9379599053782952e-19,0.0038970126574142073,6.812886136946792e-20
3.758,1.4574472141750696,-7.787975743273893e-19,1.0042290941225278,0.03127906707143423,-1.172692933261688e-18,-0.0037703452087368885,0.999992565139065,-1.8505309864574082e-19,0.003856120666355896,6.646311612806026e-20
3.7600000000000002,1.4575099168720642,-7.811355663819554e-19,1.0042215586845145,0.031423363391952404,-1.1653561004749394e-18,-0.0037650907598660633,0.999992721425405,-1.7635713788158187e-19,0.0038153762872064107,6.343156721702647e-20
3.762,1.4575729065355851,-7.83459227565691e-19,1.0042140337661374,0.03156603456604666,-1.1583617889784907e-18,-0.0037598256015424466,0.9999928754926793,-1.6770268605290417e-19,0.0037747799781200297,6.040686860918348e-20
3.7640000000000002,1.4576361799214808,-7.857692412151843e-19,1.0042065193885883,0.03170708673817633,-1.1517082942734679e-18,-0.0037545499606040887,0.9999930273572473,-1.5908952939056933e-19,0.003734332187704182,5.738940922091723e-20
3.766,1.457699733797905,-7.880662872667217e-19,1.0041990155726068,0.0318465260690209,-1.1453939203687852e-18,-0.003749264062554846,0.9999931770355096,-1.505174705243263e-19,0.0036940333550787,5.437917101123147e-20
3.7680000000000002,1.457763564945349,-7.903510422727645e-19,1.0041915223384827,0.031984358735105356,-1.1394169791542788e-18,-0.003743968131553706,0.9999933245439059,-1.4198759257769132e-19,0.003653883909934968,5.1033476968855744e-20
3.77,1.4578276701566728,-7.926240718198178e-19,1.004184039706059,0.03212059092842787,-1.1335605981148115e-18,-0.003738662390404492,0.9999934698989114,-1.5541981066650002e-19,0.003613884272594962,5.017452522002114e-20
3.7720000000000002,1.457892046237135,-7.948845402132976e-19,1.0041765676947343,0.03225522885608992,-1.12685632572179e-18,-0.003733347060545888,0.9999936131170352,-1.6329654623403104e-19,0.003574034854070186,4.826964787168358e-20
3.774,1.4579566900044234,-7.9713183207157045e-19,1.0041691063234657,0.03238827873992878,-1.1203843046650784e-18,-0.003728022362041794,0.9999937542148166,-1.656548958625528e-19,0.0035343360561204923,4.600655049611024e-20
3.7760000000000002,1.4580215982886842,-7.993656221323022e-19,1.0041616556107715,0.03251974681615238,-1.1133905488841258e-18,-0.0037226885135719944,0.9999938932088231,-1.7347416842218042e-19,0.0034947882713127973,4.3083207590086156e-20
3.778,1.4580867679325495,-8.015854078969395e-19,1.0041542155747343,0.03264963933497651,-1.1063085158917454e-18,-0.0037173457324232006,0.9999940301156477,-1.8126276245987312e-19,0.003455391883079681,3.845383009198721e-20
3.7800000000000002,1.4581521957911663,-8.037905103503464e-19,1.0041467862330034,0.03277796256026446,-1.09870739116077e-18,-0.003711994234480344,0.9999941649519055,-1.8901108147277852e-19,0.0034161472657778737,3.863222241035235e-20
3.782,1.4582178787322222,-8.059803602109943e-19,1.0041393676027974,0.032904722769168934,-1.0910202985657961e-18,-0.0037066342342182536,0.9999942977342327,-1.9672023209702496e-19,0.0033770547847466283,3.9495436423291874e-20
3.7840000000000003,1.4582838136359721,-8.081541759284659e-19,1.004131959700908,0.033029926251776406,-1.0828169503695339e-18,-0.003701265944693595,0.9999944284792824,-2.043869755226599e-19,0.003338114796365975,4.207023398618155e-20
3.786,1.458349997395264,-8.103117528094219e-19,1.0041245625437016,0.03315357931075376,-1.0748534325591063e-18,-0.0036958895775371773,0.9999945572037234,-1.9009375318817422e-19,0.0032993276481148577,4.2510097349905103e-20
3.7880000000000003,1.458416426915563,-8.124537491781578e-19,1.0041171761471233,0.03327568826099731,-1.0670208011941908e-18,-0.0036905053429465086,0.9999946839242371,-2.0877399208686517e-19,0.0032606936786291553,3.9974021911602796e-20
3.79,1.4584830991149766,-8.145792056292016e-19,1.0041098005266986,0.03339625942928417,-1.058565066482425e-18,-0.003685113449678697,0.9999948086575149,-1.8898962786988962e-19,0.003222213217759578,4.0745299829365865e-20
3.7920000000000003,1.4585500109242768,-8.16689354690629e-19,1.0041024356975377,0.033515299153925926,-1.0517488335821356e-18,-0.003679714105043632,0.9999949314202567,-1.6927301702382154e-19,0.003183886586629443,4.1515617075660834e-20
3.794,1.458617159286924,-8.18785746928946e-19,1.004095081674337,0.033632813784424676,-1.0445207088995077e-18,-0.0036743075148974865,0.9999950522291678,-1.8255173660042675e-19,0.0031457140976923277,4.0332617618526676e-20
3.7960000000000003,1.458684541159088,-8.20867451891768e-19,1.0040877384713833,0.03374880968113138,-1.0372055141539785e-18,-0.0036688938836364725,0.9999951711009566,-1.7931351448040819e-19,0.0031076960547895996,3.704497912809944e-20
3.798,1.4587521535096704,-8.229346552813539e-19,1.0040804061025554,0.03386329321490651,-1.0300190318085348e-18,-0.003663473414190938,0.9999952880523326,-1.760876951860968e-19,0.0030698327532078197,3.4793125845875194e-20
3.8000000000000003,1.4588199933203243,-8.2498761387729525e-19,1.004073084581328,0.033976270766783084,-1.0229606180105222e-18,-0.003658046308019701,0.9999954031000041,-1.7287945501924895e-19,0.0030321244797360176,3.1862115385190424e-20
3.802,1.458888057585475,-8.270265831747679e-19,1.0040657739207743,0.03408774872763192,-1.0160296303309283e-18,-0.0036526127651047187,0.9999955162606757,-1.6968772912236186e-19,0.0029945715127228396,2.859540506901459e-20
3.8040000000000003,1.4589563433123391,-8.290518173835329e-19,1.0040584741335692,0.03419773349782926,-1.0092254265490712e-18,-0.0036471729839459943,0.9999956275510465,-1.6651346603160478e-19,0.0029571741221335705,2.4651130436296837e-20
3.806,1.4590248475209433,-8.31063461832652e-19,1.004051185231992,0.034306231486926665,-1.0023321726145553e-18,-0.003641727161556791,0.9999957369878077,-1.8528074142898627e-19,0.00291993256960702,2.2151708652935562e-20
3.8080000000000003,1.4590935672441419,-8.330605494754387e-19,1.0040439072279292,0.03441324911332323,-9.947050658367055e-19,-0.003636275493459094,0.9999958445876407,-1.7105578116636603e-19,0.0028828471085122816,2.230207795331456e-20
3.81,1.4591624995276349,-8.350434817456084e-19,1.0040366401328782,0.03451879280394006,-9.881765300539114e-19,-0.0036308181736793726,0.9999959503672144,-1.6783435914671174e-19,0.002845917984005355,2.351087984283466e-20
3.8120000000000003,1.4592316414299842,-8.370126220036272e-19,1.0040293839579495,0.03462286899389703,-9.80913040058961e-19,-0.0036253553947445845,0.999996054343184,-1.7558022276917983e-19,0.002809145433085638,2.4748401310009778e-20
3.814,1.4593009900226301,-8.389674726035941e-19,1.0040221387138701,0.03472548412619184,-9.73779517110179e-19,-0.0036198873476784507,0.9999961565321879,-1.9973794941792988e-19,0.002772529684652282,2.5687281655825933e-20
3.8160000000000003,1.4593705423899064,-8.409064272591984e-19,1.0040149044109867,0.03482664465138137,-9.651612209710857e-19,-0.0036144142219980257,0.999996256950847,-1.96387005667203e-19,0.0027360709595604113,2.4491835839657245e-20
3.818,1.459440295629055,-8.428294647204238e-19,1.0040076810592682,0.034926357027265195,-9.578621325483752e-19,-0.0036089362057104652,0.999996355615762,-1.9306603836348639e-19,0.0026997694706772045,2.2956201185116323e-20
3.8200000000000003,1.4595102468502412,-8.447368852148879e-19,1.004000468668309,0.0350246277185715,-9.494006881475819e-19,-0.0036034534853100846,0.999996452543511,-1.952462360791099e-19,0.0026636254229378377,2.0411035386125687e-20
3.822,1.4595803931765656,-8.466283782225652e-19,1.0039932672473324,0.03512146319664513,-9.421500723733023e-19,-0.0035979662457756648,0.9999965477506487,-1.973894801537428e-19,0.0026276390134012903,1.821446646884888e-20
3.8240000000000003,1.4596507317440781,-8.485040300417909e-19,1.0039860768051927,0.03521686993913798,-9.33308508069098e-19,-0.0035924746705679996,0.9999966412537036,-2.2144474016480945e-19,0.002591810431306006,1.9164643798568238e-20
3.826,1.4597212597017901,-8.503619201441804e-19,1.0039788973503792,0.03531085442970157,-9.243890178405193e-19,-0.003586978941627695,0.9999967330691765,-2.399154227082878e-19,0.002556139858125418,2.0440888792999983e-20
3.8280000000000003,1.4597919742116858,-8.522003867392563e-19,1.0039717288910188,0.035403423157681864,-9.13885660072064e-19,-0.0035814792393731977,0.9999968232135388,-2.6376798968165734e-19,0.002520627467623326,2.172836584634049e-20
3.83,1.459862872448734,-8.540179198241357e-19,1.003964571434879,0.03549458261781635,-9.036355728348165e-19,-0.0035759757426990957,0.9999969117032305,-2.6010417873911257e-19,0.002485273425909133,1.9174267589459833e-20
3.8320000000000003,1.4599339516008973,-8.558147032634298e-19,1.003957424989371,0.03558433930993333,-8.932076293512032e-19,-0.00357046862897459,0.9999969985546585,-2.564571303218373e-19,0.0024500778914929365,1.696807435730563e-20
3.834,1.4600052088691438,-8.575911714281596e-19,1.0039502895615529,0.0356726997386534,-8.832484522373059e-19,-0.003564958074042263,0.999997083784195,-2.4734491126119505e-19,0.002415041015340473,1.4754086106273312e-20
3.8360000000000003,1.4600766414674546,-8.593477571617501e-19,1.0039431651581325,0.0357596704130932,-8.734325950710633e-19,-0.003559444252217037,0.9999971674081756,-2.3826225748751185e-19,0.002380162940927919,1.2888008734630529e-20
3.838,1.4601482466228337,-8.610853929912667e-19,1.0039360517854707,0.03584525784657132,-8.641907530633346e-19,-0.0035539273362853725,0.9999972494428977,-2.3469397795096034e-19,0.00234544380429654,1.0354897812808094e-20
3.84,1.4602200215753154,-8.6280429169206e-19,1.0039289494495842,0.03592946855631642,-8.546594879418196e-19,-0.0035484074975046884,0.999997329904619,-2.311436785413875e-19,0.002310883734107194,7.485133233994403e-21
3.842,1.4602919635779725,-8.645047721346637e-19,1.0039218581561489,0.036012309063177594,-8.460234401479096e-19,-0.0035428849056029876,0.9999974088095558,-2.0019032582452914e-19,0.002276482851694687,7.642769383365102e-21
3.844,1.4603640698969225,-8.661889800091705e-19,1.0039147779105022,0.03609378589133681,-8.381707681472766e-19,-0.0035373597287787187,0.9999974861738813,-2.0228224204166205e-19,0.002242241271121972,6.50442719386704e-21
3.846,1.4604363378113345,-8.678569348839565e-19,1.0039077087176476,0.03617390556802367,-8.298062848994512e-19,-0.0035318321337008355,0.9999975620137243,-2.0437580592687258e-19,0.0022081590992342045,6.054919087757131e-21
3.848,1.4605087646134352,-8.695084758414558e-19,1.0039006505822559,0.03625267462323222,-8.216851836984891e-19,-0.0035263022855090568,0.9999976363451674,-2.1194507144571667e-19,0.002174236435712639,4.249131897458413e-21
3.85,1.460581347608513,-8.711430483491862e-19,1.0038936035086696,0.036330099589440036,-8.128380682178263e-19,-0.0035207703478143675,0.9999977091842456,-2.194786563076584e-19,0.0021404733731283767,2.4471636152795314e-21
3.852,1.4606540841149245,-8.727600647323323e-19,1.0038865675009054,0.036406187001329395,-8.04129291030169e-19,-0.003515236482699706,0.9999977805469449,-2.2697585561511573e-19,0.0021068699969959566,9.92071732535233e-22
3.854,1.460726971464097,-8.7435894021776e-19,1.0038795425626574,0.036480943395510626,-7.94589805543702e-19,-0.0035097008507208273,0.999997850449201,-2.399231575555849e-19,0.0020734263858267965,-1.818717854937607e-21
3.856,1.4608000070005327,-8.75938734455334e-19,1.0038725286973003,0.03655437531024763,-7.852994987672525e-19,-0.003504163610907385,0.9999979189068976,-2.253942620925862e-19,0.0020401426111824696,-3.651784026823814e-21
3.858,1.4608731880818122,-8.77500519434924e-19,1.0038655259078917,0.03662648928518555,-7.765800957414239e-19,-0.003498624920764224,0.999997985935865,-2.1093365293429713e-19,0.002007018737727834,-5.138604448775421e-21
3.86,1.460946512078596,-8.79045434142294e-19,1.0038585341971762,0.0366972918610805,-7.684287770274983e-19,-0.0034930849362728284,0.9999980515518792,-1.9654168907816818e-19,0.001974054823283998,-6.621442632318076e-21
3.862,1.4610199763746277,-8.805746119384489e-19,1.0038515535675878,0.03676678957953154,-7.608427369244839e-19,-0.003487543811892977,0.9999981157706598,-1.8221669217145035e-19,0.001941250918881132,-7.415392980515715e-21
3.864,1.4610935783667338,-8.820891805884625e-19,1.0038445840212533,0.0368349889827147,-7.538191861460384e-19,-0.0034820017005645944,0.9999981786078697,-1.6795830816516645e-19,0.0019086070688111184,-7.522494935005159e-21
3.866,1.4611673154648264,-8.835902622953765e-19,1.0038376255599948,0.03690189661311912,-7.473553515604114e-19,-0.0034764587537097526,0.9999982400791129,-1.537675251826109e-19,0.0018761233106800422,-7.629292384082523e-21
3.868,1.461241185091902,-8.850789737300654e-19,1.0038306781853332,0.03696751901328535,-7.414484735355364e-19,-0.0034709151212348912,0.9999983001999336,-1.3964531953323694e-19,0.0018437996754605225,-8.421107965298514e-21
3.87,1.4613151846840424,-8.86556426054646e-19,1.0038237418984914,0.0370318627255457,-7.360958028675778e-19,-0.0034653709515331758,0.9999983589858155,-1.2559012740083281e-19,0.0018116361875438823,-9.210996465965934e-21
3.872,1.4613893116904135,-8.880237249452588e-19,1.0038168167003965,0.037094934291766725,-7.312946026359469e-19,-0.003459826391487066,0.9999984164521795,-1.116022498619462e-19,0.0017796328647921547,-1.034081132835106e-20
3.874,1.4614635635732645,-8.894819706153699e-19,1.0038099025916838,0.03715674025309379,-7.270421476547691e-19,-0.003454281586471008,0.9999984726143833,-9.768076113783096e-20,0.0017477897185899291,-1.1468304485337569e-20
3.876,1.4615379378079254,-8.909322578412386e-19,1.0038029995726991,0.03721728714969771,-7.233357256782417e-19,-0.003448736680354356,0.9999985274877204,-8.382534515555817e-20,0.0017161067538960307,-1.2593075520528193e-20
3.878,1.4616124318828059,-8.92375675987416e-19,1.003796107643502,0.03727658152052347,-7.20172637306042e-19,-0.0034431918155043923,0.9999985810874186,-7.003568806298236e-20,0.0016845839692950393,-1.3715131061055147e-20
3.88,1.461687043299392,-8.938133090325185e-19,1.0037892268038688,0.037334629903041025,-7.175501959940995e-19,-0.003437647132789559,0.9999986334286386,-5.631147749682709e-20,0.0016532213570486405,-1.4834477696600474e-20
3.882,1.461761769572243,-8.952462355947745e-19,1.003782357053296,0.03739143883299816,-7.154657274691227e-19,-0.003432102771582825,0.9999986845264738,-4.265412344498408e-20,0.0016220189031468124,-1.6979104821674096e-20
3.884,1.4618366082289873,-8.96675421356959e-19,1.003775498391002,0.037447014844175404,-7.135937798324034e-19,-0.0034265588697652096,0.9999987343959486,-5.647343250698866e-20,0.001590976587358847,-1.8388813071107477e-20
3.886,1.4619115568103196,-8.980999626986405e-19,1.003768650815932,0.03750136446814298,-7.11072876780339e-19,-0.003421015563729467,0.9999987830520173,-4.2795880193218635e-20,0.001560094383284203,-1.641347920248272e-20
3.888,1.4619866128699945,-8.99520789414773e-19,1.003761814326759,0.037554494234019825,-7.097351850601943e-19,-0.0034154729883839256,0.9999988305095638,-4.5647013662367855e-20,0.001529372258403192,-1.6473472728914222e-20
3.89,1.4620617739748225,-9.009376431617251e-19,1.0037549889218882,0.03760641066823465,-7.070999962643928e-19,-0.0034099312771564633,0.9999988767834003,-4.848520200647381e-20,0.0014988101741274975,-1.687681153759998e-20
3.892,1.462137037704664,-9.023506247329131e-19,1.003748174599459,0.03765712029428896,-7.061858839718527e-19,-0.0034043905619986106,0.9999989218882657,-1.2929786808919301e-20,0.0014684080858505225,-1.5966085967220552e-20
3.894,1.4622124016524236,-9.037620943800163e-19,1.0037413713573486,0.0377066296325222,-7.051567580378438e-19,-0.0033988509733898493,0.9999989658388255,-3.2344720089955436e-20,0.0014381659429975704,-1.63467599904812e-20
3.896,1.4622878634240428,-9.051707451557787e-19,1.0037345791931749,0.03775494519987884,-7.033676142317389e-19,-0.003393312640342003,0.999999008649671,-5.1668141092754923e-20,0.0014080836890758544,-1.706926171766548e-20
3.898,1.4623634206384937,-9.065750607800966e-19,1.0037277981042987,0.03780207350967749,-7.008222052121041e-19,-0.003387775690403785,0.9999990503353174,-7.09000122393003e-20,0.0013781612617243372,-1.7790119818913817e-20
3.9,1.462439070927771,-9.079735324606147e-19,1.0037210280878277,0.037848021071382035,-6.975242665519457e-19,-0.0033822402496654596,0.9999990909102043,-9.003979195756526e-20,0.001348398592763398,-1.782401608531333e-20
3.902,1.4625148119368845,-9.093646588605386e-19,1.0037142691406187,0.03789279439037471,-6.934775182477331e-19,-0.003376706442763665,0.9999991303886938,-1.0908882830857191e-19,0.0013187956082443301,-1.785790119660649e-20
3.904,1.46259064132385,-9.107469460664027e-19,1.0037075212592808,0.037936399967731245,-6.8868566317654875e-19,-0.003371174392886356,0.99999916878507,-1.28048475459046e-19,0.0012893522284986643,-1.8577097515094573e-20
3.906,1.4626665567596817,-9.121189075504022e-19,1.0037007844401777,0.0379788442999979,-6.831523835469735e-19,-0.0033656442217778596,0.9999992061135387,-1.4691830553047744e-19,0.0012600683681873205,-1.9294658403922485e-20
3.908,1.4627425559283818,-9.13479064130687e-19,1.0036940586794316,0.03802013387897053,-6.768813447622035e-19,-0.0033601160497440516,0.9999992423882258,-1.6569738860605434e-19,0.0012309439363495846,-1.8982604502396647e-20
3.91,1.462818636526931,-9.148259439432012e-19,1.0036873439729252,0.038060275191475625,-6.6987619849932985e-19,-0.0033545899956576855,0.9999992776231775,-1.843865724923791e-19,0.0012019788364519143,-1.7985225486448545e-20
3.912,1.4628947962652787,-9.161580824126199e-19,1.003680640316305,0.038099274719153225,-6.621405822710836e-19,-0.0033490661769637934,0.9999993118323587,-2.02986664441165e-19,0.0011731729664365667,-1.664721335774467e-20
3.914,1.4629710328663323,-9.174740222235958e-19,1.003673947704984,0.03813713893824191,-6.536781181595438e-19,-0.0033435447096852554,0.9999993450296528,-2.214980869786808e-19,0.0011445262187700547,-1.4969781874857582e-20
3.916,1.463047344065946,-9.187723132893595e-19,1.0036672661341446,0.0381738743193656,-6.444924127958428e-19,-0.0033380257084284436,0.9999993772288611,-2.3992045593507193e-19,0.0011160384804914246,-1.226800732278027e-20
3.918,1.4631237276129092,-9.200516203180608e-19,1.0036605955987414,0.03820948732732242,-6.349098443975515e-19,-0.003332509286388983,0.9999994084437019,-2.3084434485916244e-19,0.0010877096332603618,-1.13166077356476e-20
3.92,1.4632001812689353,-9.213125867577405e-19,1.003653936093504,0.03824398442087539,-6.261155924278498e-19,-0.0033269955553576398,0.9999994386878098,-2.2182503166617724e-19,0.0010595395534051153,-1.1051957103284066e-20
3.922,1.4632767028086489,-9.225558884748719e-19,1.0036472876129396,0.0382773720525451,-6.172448421623782e-19,-0.0033214846257263,0.9999994679747356,-2.183313644690604e-19,0.0010315281119702509,-1.1124377669521366e-20
3.924,1.4633532900195731,-9.23781982732663e-19,1.0036406501513366,0.038309656668404246,-6.088362949681359e-19,-0.0033159766064940347,0.9999994963179449,-2.148535864022628e-19,0.0010036751747642214,-1.0512127840257522e-20
3.926,1.4634299407021167,-9.249910024643428e-19,1.003634023702766,0.03834084470787417,-6.001343442880765e-19,-0.0033104716052733134,0.9999995237308185,-2.168733791771772e-19,0.0009759806024067647,-8.525599314635497e-21
3.928,1.4635066526695604,-9.261829001318772e-19,1.0036274082610859,0.03837094260352316,-5.918936191878789e-19,-0.0033049697282962784,0.9999995502266509,-1.969552433286471e-19,0.0009484442503761189,-8.620769422878026e-21
3.93,1.463583423748043,-9.273590985373163e-19,1.0036208038199423,0.03839995678086677,-5.844344639235364e-19,-0.0032994710804211233,0.9999995758186505,-1.7713221622914736e-19,0.0009210659690560631,-9.400603832097764e-21
3.932,1.4636602517765471,-9.285211569604862e-19,1.0036142103727737,0.038427893658169954,-5.777530218885328e-19,-0.0032939757651385807,0.9999996005199386,-1.574031987777844e-19,0.0008938456037827759,-1.017856290373857e-20
3.934,1.4637371346068846,-9.296706269864385e-19,1.0036076279128123,0.03845475964625108,-5.718454544121595e-19,-0.0032884838845784756,0.9999996243435495,-1.3776774449154158e-19,0.0008667829948915168,-1.0954244643561108e-20
3.936,1.4638140701036813,-9.30809052541057e-19,1.003601056433088,0.038480561148287865,-5.667079409868633e-19,-0.00328299553951639,0.9999996473024292,-1.1822482532482804e-19,0.0008398779777631267,-1.1043143735389861e-20
3.938,1.4638910561443614,-9.319379699290101e-19,1.0035944959264298,0.03850530455962511,-5.623366820316878e-19,-0.00327751082938041,0.9999996694094356,-9.877424259044576e-20,0.0008131303828703494,-1.0789142973040959e-20
3.94,1.4639680906191324,-9.330589078764769e-19,1.00358794638547,0.038528996267584326,-5.587278974166535e-19,-0.0032720298522579453,0.9999996906773382,-7.941557653546735e-20,0.0007865400358239714,-1.0193460873645521e-20
3.942,1.4640451714309675,-9.341733875677705e-19,1.0035814078026455,0.03855164265127522,-5.558778257504103e-19,-0.0032665527049026578,0.9999997111188169,-6.014892972257386e-20,0.0007601067574187815,-9.941823470358408e-21
3.944,1.46412229649559,-9.352829226815656e-19,1.0035748801702011,0.03857325008140895,-5.537827225339134e-19,-0.00326107948274143,0.9999997307464624,-4.0973875807474556e-20,0.0007338303636793503,-1.0033414820316636e-20
3.946,1.4641994637414564,-9.36389019424375e-19,1.0035683634801922,0.03859382492011334,-5.524388598597231e-19,-0.003255610279881453,0.9999997495727754,-2.1889990156829548e-20,0.0007077106659056262,-1.0467420897242945e-20
3.948,1.4642766711097381,-9.374931765626174e-19,1.0035618577244871,0.03861337352074976,-5.5184252547623855e-19,-0.0032501451891173744,0.9999997676101662,-2.8975949643188336e-21,0.0006817474707183513,-1.227060748208089e-20
3.95,1.4643539165543051,-9.385966702621238e-19,1.0035553628947702,0.038631902227731996,-5.516672365834055e-19,-0.0032446843019385218,0.9999997848709546,-5.924481950814833e-21,0.0006559405801042945,-1.2340825558554958e-20
3.952,1.4644311980417064,-9.396995506520328e-19,1.003548878982544,0.03864941737634677,-5.51265174559111e-19,-0.0032392277085361784,0.9999998013673698,2.0279599080708916e-21,0.0006302897914613024,-1.276073632930656e-20
3.954,1.4645085135511529,-9.40802477626901e-19,1.0035424059791316,0.03866592529257618,-5.518211691675454e-19,-0.003233775497810962,0.9999998171115493,2.6390147943718448e-20,0.0006047948976431671,-1.3532667828106382e-20
3.956,1.4645858610744973,-9.419070762394397e-19,1.0035359438756801,0.03868143229292189,-5.527926823000475e-19,-0.003228327757380243,0.9999998321155396,2.87207924326695e-20,0.0005794556870043117,-1.2233102340706873e-20
3.958,1.4646632386162164,-9.430137089743185e-19,1.0035294926631624,0.03869594468423108,-5.538552199547382e-19,-0.003222884573585652,0.9999998463912948,3.1040041662979915e-20,0.0005542719434442916,-1.1621528006809342e-20
3.96,1.4647406441933906,-9.441225574328817e-19,1.00352305233238,0.03870946876352424,-5.550083348200448e-19,-0.0032174460315006425,0.9999998599506776,3.334872492117355e-20,0.0005292434464521137,-1.032607458749745e-20
3.962,1.4648180758356841,-9.452338023256805e-19,1.0035166228739654,0.0387220108178247,-5.562515835803313e-19,-0.0032120122149380927,0.9999998728054582,3.5647091114144613e-20,0.0005043699711503699,-8.005701684426234e-21
3.964,1.4648955315853256,-9.463476234811764e-19,1.0035102042783848,0.03873357712398991,-5.575845277877654e-19,-0.003206583206457999,0.9999998849673143,3.793433416968238e-20,0.00047965128833918894,-6.375333347882068e-21
3.966,1.4649730094970868,-9.474641998530666e-19,1.0035037965359408,0.0387441739485445,-5.590067300116468e-19,-0.003201159087375213,0.999999896447831,4.0210643472566215e-20,0.00045508716454000143,-5.091890883669961e-21
3.968,1.4650505076382618,-9.485837095199375e-19,1.0034973996367742,0.03875380754751511,-5.60517752744521e-19,-0.0031957399377672275,0.9999999072585007,4.2476052982217986e-20,0.0004306773620391222,-4.1545518613697384e-21
3.97,1.4651280240886466,-9.497063296857448e-19,1.0034910135708672,0.03876248416626692,-5.621171593587526e-19,-0.00319032583648203,0.9999999174107224,4.473091690570981e-20,0.00040642163893114727,-2.8771730191934712e-21
3.972,1.465205556940517,-9.508322366847176e-19,1.0034846383280454,0.03877021003934192,-5.638045170760322e-19,-0.003184916861146004,0.9999999269158021,4.697545718240399e-20,0.0003823197491621662,-9.183050267165023e-22
3.974,1.4652831042986065,-9.51961605989212e-19,1.00347827389798,0.03877699139029896,-5.655793964706032e-19,-0.0031795130881718775,0.9999999357849525,4.9209313333635966e-20,0.00035837144257278865,6.932648528884666e-22
3.976,1.4653606642800854,-9.530946122146849e-19,1.0034719202701912,0.038782834431555446,-5.674413696373979e-19,-0.0031741145927667008,0.9999999440292929,5.143240385852123e-20,0.0003345764649409861,1.6156985282063395e-21
3.978,1.4654382350145367,-9.542314291199829e-19,1.0034655774340495,0.038787745364230804,-5.69390007558919e-19,-0.0031687214489399106,0.9999999516598491,5.364462350610906e-20,0.0003109345580247482,1.5083743168119438e-21
3.98,1.4655158146439349,-9.553722296048189e-19,1.0034592453787792,0.038791730377991614,-5.714248804979961e-19,-0.0031633337295114044,0.999999958687553,5.584645701011309e-20,0.0002874454596045533,1.7439727365967146e-21
3.982,1.4655934013226217,-9.5651718571141e-19,1.0034529240934593,0.03879479565089847,-5.7354556153778e-19,-0.0031579515061196804,0.999999965123243,5.803808432997421e-20,0.0002641089035256526,2.6643424258572453e-21
3.984,1.4656709932172838,-9.576664686327013e-19,1.0034466135670275,0.03879694734925449,-5.757516277399784e-19,-0.003152574849229997,0.9999999709776634,6.021945563211524e-20,0.00024092461974016923,3.9256050169142565e-21
3.986,1.4657485885069281,-9.58820248719171e-19,1.003440313788281,0.03879819162745556,-5.780426601918731e-19,-0.003147203828142587,0.9999999762614651,6.239073322761707e-20,0.0002178923343490104,5.869207850811855e-21
3.988,1.4658261853828585,-9.599786954878973e-19,1.0034340247458802,0.038798534627842204,-5.804182438803615e-19,-0.0031418385110008906,0.9999999809852047,6.455181516374749e-20,0.00019501176964359338,7.808210782791408e-21
3.99,1.4659037820486511,-9.611419776278417e-19,1.0034277464283499,0.03879798248055314,-5.828779651880822e-19,-0.0031364789647998544,0.9999999851593452,6.670265074376486e-20,0.00017228264414738566,9.39996339551293e-21
3.992,1.4659813767201306,-9.62310263001657e-19,1.003421478824082,0.0387965413033805,-5.854214120360202e-19,-0.003131125255394233,0.9999999887942554,6.884336966137492e-20,0.0001497046726572578,1.0987138078775889e-20
3.994,1.4660589676253442,-9.634837186495072e-19,1.0034152219213386,0.03879421720162669,-5.880481738095048e-19,-0.0031257774475069383,0.9999999919002105,7.097395243454976e-20,0.0001272775662846495,1.2227896592792595e-20
3.996,1.4661365530045374,-9.646625107915453e-19,1.0034089757082525,0.03879101626796291,-5.907578407112648e-19,-0.003120435604737415,0.9999999944873915,7.309443882475158e-20,0.00010500103249654993,1.31238724037134e-20
3.998,1.4662141311101282,-9.658468048289312e-19,1.003402740172831,0.038786944582289276,-5.935500038994536e-19,-0.0031150997895700457,0.9999999965658858,7.520491195897187e-20,8.28747751562899e-05,1.4017732061877044e-20
4.0,1.4662917002066815,-9.670367653467754e-19,1.0033965153029574,0.0387820082115966,-5.964242562159564e-19,-0.0031097700633825726,0.9999999981456866,7.730541885069745e-20,6.089849456414788e-05,1.4909480680715913e-20
4.002,1.4663692585708832,-9.682325561177751e-19,1.0033903010863932,0.038776213209829796,-5.993801922570986e-19,-0.003104446486454577,0.9999999992366938,7.939599881343714e-20,3.907188749776893e-05,1.5799123362729282e-20
4.0040000000000004,1.4664468044915138,-9.694343401054198e-19,1.0033840975107806,0.03876956561775287,-6.024174088031128e-19,-0.003099129117975941,0.9999999998487131,8.147674753202022e-20,1.7394647252395828e-05,1.737198805165191e-20
4.006,1.4665243362694222,-9.706422794714355e-19,1.0033779045636446,0.038762071462815524,-6.055355074455168e-19,-0.0030938180160553683,0.999999999991457,8.354775390899806e-20,-4.133536319086106e-06,1.9968710667280905e-20
4.008,1.466601852217499,-9.71856535585057e-19,1.003371722232395,0.038753736759021384,-6.087340932739279e-19,-0.0030885132377288806,0.9999999996745441,8.560903343125842e-20,-2.551297676629237e-05,2.1874775603043228e-20
4.01,1.4666793506606488,-9.730772690263459e-19,1.0033655505043284,0.038744567506797764,-6.120127722648787e-19,-0.003083214838968386,0.9999999989074998,8.766062096287991e-20,-4.67439910016694e-05,2.3776736811928065e-20
4.0120000000000005,1.4667568299357636,-9.743046395888318e-19,1.0033593893666306,0.03873456969286707,-6.153711518147562e-19,-0.00307792287469023,0.999999997699756,8.970256153141663e-20,-6.782689926101187e-05,2.5674604122934197e-20
4.014,1.466834288391695,-9.755388062825644e-19,1.0033532388063786,0.03872374929011975,-6.188088411888324e-19,-0.0030726373987637785,0.9999999960606516,9.173489994016594e-20,-8.876202506416796e-05,2.756798122500296e-20
4.016,1.4669117243892262,-9.767799273379375e-19,1.0033470988105428,0.03871211225748878,-6.223254514169174e-19,-0.0030673584640199805,0.9999999939994323,9.375768076813064e-20,-0.00010954969517593178,2.9456878864178773e-20
4.018,1.4669891363010448,-9.780281602091166e-19,1.003340969365989,0.03869966453982579,-6.25920595239445e-19,-0.003062086122260012,0.9999999915252509,9.577091084892938e-20,-0.00013019023956712306,3.168396918672324e-20
4.0200000000000005,1.4670665225117132,-9.792836615787435e-19,1.0033348504594801,0.038686412067778654,-6.295938888042843e-19,-0.0030568204242638706,0.9999999886471674,9.777466257739855e-20,-0.00015068399137585465,3.4247638423195555e-20
4.022,1.4671438814176414,-9.805465873641475e-19,1.0033287420776789,0.03867236075767068,-6.333449497748156e-19,-0.0030515614197990037,0.9999999853741495,9.976919574006918e-20,-0.00017103128686898726,3.543418785482609e-20
4.024,1.4672212114270575,-9.81817092716345e-19,1.0033226442071492,0.0386575165113813,-6.371733940459298e-19,-0.0030463091576289443,0.9999999817150721,1.0175440866994677e-19,-0.00019123246540377192,3.593261082679179e-20
4.026,1.4672985109599785,-9.830953320176929e-19,1.003316556834359,0.038641885216228335,-6.410788380192517e-19,-0.0030410636855219527,0.9999999776787181,1.0373012468603353e-19,-0.00021128786938967966,3.711518424956669e-20
4.0280000000000005,1.4673757784481816,-9.843814588865656e-19,1.003310479945681,0.03862547274485171,-6.450609005907156e-19,-0.0030358250502596747,0.9999999732737782,1.0569665014678819e-19,-0.00023119784425041861,3.761045308768756e-20
4.03,1.4674530123351743,-9.856756261795235e-19,1.0033044135273954,0.03860828495509876,-6.491192014529057e-19,-0.0030305932976457868,0.9999999685088516,1.0765371882322347e-19,-0.00025096273838613877,3.878906781737359e-20
4.032,1.4675302110761654,-9.869779859952872e-19,1.0032983575656922,0.038590327689910976,-6.532533632919453e-19,-0.00302536847251465,0.9999999633924457,1.096015599956297e-19,-0.0002705829031358237,3.996489816507392e-20
4.034,1.4676073731380341,-9.882886896805003e-19,1.0032923120466724,0.038571606777212296,-6.574630110319332e-19,-0.003020150618739993,0.9999999579329766,1.1154011760522185e-19,-0.00029005869273987056,4.1479800014346865e-20
4.0360000000000005,1.4676844969993006,-9.896078878336542e-19,1.0032862769563502,0.03855212802979885,-6.617477716822917e-19,-0.0030149397792435272,0.9999999521387692,1.134696333375296e-19,-0.00030939046430285635,4.2648459153727176e-20
4.038,1.4677615811500953,-9.909357303087246e-19,1.003280252280655,0.0385318972452302,-6.661072736726646e-19,-0.0030097359960036675,0.9999999460180578,1.153900437495672e-19,-0.000328578577756492,4.381395170554631e-20
4.04,1.4678386240921284,-9.922723662181384e-19,1.0032742380054331,0.03851092020572207,-6.705411471091147e-19,-0.003004539310064139,0.9999999395789856,1.1730117266149947e-19,-0.0003476233958227636,4.5662014218029773e-20
4.042,1.4679156243386595,-9.936179439377637e-19,1.0032682341164498,0.03848920267804052,-6.750490255357403e-19,-0.002999349761542662,0.999999932829606,1.192033205071806e-19,-0.0003665252839772605,4.750570604624879e-20
4.0440000000000005,1.4679925804144656,-9.949726111127106e-19,1.003262240599391,0.0384667504133976,-6.796305440536385e-19,-0.0029941673896396017,0.9999999257778819,1.2109674790629592e-19,-0.0003852846104126914,4.865971483547642e-20
4.046,1.4680694908558107,-9.963365146582816e-19,1.0032562574398647,0.03844356914734842,-6.8428533792520705e-19,-0.002988992232646609,0.9999999184316866,1.2298123850741906e-19,-0.00040390174600258563,4.9810998301411084e-20
4.048,1.4681463542104145,-9.977098007616981e-19,1.003250284623404,0.038419664599689714,-6.890130441824975e-19,-0.0029838243279552605,0.9999999107988039,1.248564315805605e-19,-0.0004223770642651834,5.1987547212523815e-20
4.05,1.4682231690374201,-9.990926148884112e-19,1.0032443221354674,0.038395042474359785,-6.938133040166695e-19,-0.002978663712065712,0.9999999028869284,1.2672267777066353e-19,-0.00044071094132751173,5.450160862947511e-20
4.0520000000000005,1.4682999339073626,-1.0004851017889825e-18,1.0032383699614418,0.038369708459339937,-6.986857615840114e-19,-0.0029735104205953038,0.9999998947036659,1.2857987348788575e-19,-0.00045890375588964713,5.769423179019581e-20
4.054,1.468376647402137,-1.0018871903194253e-18,1.0032324280866434,0.03834366822655728,-7.033072837599346e-19,-0.002968364488287174,0.9999998862565335,1.030165384371072e-19,-0.00047695588918916494,5.846808816958343e-20
4.056,1.4684533081149658,-1.0032974466917346e-18,1.00322649649632,0.03831692743178896,-7.070337180344134e-19,-0.0029632259490188807,0.9999998775529599,1.1595357516385318e-19,-0.0004948677249657755,5.685901183287998e-20
4.058,1.4685299146503674,-1.0047166325421141e-18,1.0032205751756522,0.038289491714567817,-7.123439532576145e-19,-0.002958094835810991,0.9999998686002863,1.4527647193938507e-19,-0.0005126396494261466,5.628986930536782e-20
4.0600000000000005,1.4686064656241227,-1.0061466170305671e-18,1.003214664109756,0.03826136669808942,-7.175086669040268e-19,-0.002952971180835653,0.999999859405766,1.251171060888424e-19,-0.0005302720512089117,5.56975712841753e-20
4.062,1.4686829596632422,-1.0075861399528292e-18,1.003208763283683,0.03823255798912047,-7.218830117555886e-19,-0.0029478550154251747,0.9999998499765651,1.0505363282936116e-19,-0.0005477653213498652,5.442220418642953e-20
4.064,1.4687593954059341,-1.0090336244717272e-18,1.0032028726824238,0.03820307117790867,-7.254708851941653e-19,-0.0029427463700805703,0.9999998403197629,8.508504818971245e-20,-0.0005651198532473429,5.3492557791208045e-20
4.066,1.4688357715015699,-1.0104875015264602e-18,1.0031969922909085,0.03817291183809386,-7.282761664970921e-19,-0.0029376452744800984,0.9999998304423522,6.521090846368976e-20,-0.0005823360426277884,5.290740524865208e-20
4.0680000000000005,1.468912086610652,-1.0119462097972489e-18,1.0031911220940086,0.03814208552662059,-7.303027173028283e-19,-0.0029325517574877694,0.9999998203512397,4.543116460771584e-20,-0.0005994142875115061,5.1981012107485105e-20
4.07,1.4689883394047798,-1.0134081956689768e-18,1.0031852620765387,0.03811059778365202,-7.315543802682036e-19,-0.0029274658471618712,0.999999810053246,2.5745352478602084e-20,-0.0006163549881785981,5.071418597023276e-20
4.072,1.4690645285666164,-1.0148719131923715e-18,1.003179412223258,0.03807845413248523,-7.320349787891783e-19,-0.002922387570763436,0.9999997995551068,6.153027793270039e-21,-0.0006331585471350884,4.910773253393627e-20
4.074,1.4691406527898543,-1.0163359316389532e-18,1.0031735725188724,0.03804566007946779,-7.320710968331741e-19,-0.0029173169547647045,0.9999997888634723,8.582362344950122e-21,-0.0006498253690792306,4.9918037962292845e-20
4.0760000000000005,1.4692167107791818,-1.0178003692987018e-18,1.003167742948035,0.03801222111391573,-7.324182525533703e-19,-0.0029122540248575747,0.9999997779849085,5.51720982781499e-21,-0.0006663558608680022,5.140817977055205e-20
4.078,1.4692927012502488,-1.0192648782058641e-18,1.0031619234953488,0.03797814270803281,-7.318913894507592e-19,-0.0029071988059620195,0.9999997669258968,-2.4944945095550125e-20,-0.0006827504314837821,5.082015377750353e-20
4.08,1.469368622929632,-1.0207271397926104e-18,1.0031561141453675,0.03794343031683113,-7.301718765808764e-19,-0.002902151322234482,0.999999755692835,-5.526294131727676e-20,-0.0006990094920012145,5.057622983531712e-20
4.082,1.4694444745548016,-1.0221848822496237e-18,1.0031503148825973,0.03790808937805304,-7.275883851321061e-19,-0.00289711159707626,0.9999997442920374,-6.350546491049928e-20,-0.0007151334555542561,4.8291478170781924e-20
4.0840000000000005,1.4695202548740856,-1.023637458582698e-18,1.0031445256914984,0.037872125312094364,-7.250059221653204e-19,-0.002892079653141863,0.9999997327297355,-7.172152899821935e-20,-0.0007311227373034076,4.532681799892197e-20
4.086,1.4695959626466348,-1.0250841171811964e-18,1.0031387465564863,0.03783554352192893,-7.21455634215092e-19,-0.002887055512347317,0.9999997210120779,-1.01843999809789e-19,-0.0007469777544031311,4.50940337690115e-20
4.088,1.4696715966423894,-1.026522495532264e-18,1.0031329774619333,0.03779834939303438,-7.167266087977168e-19,-0.002882039195878495,0.9999997091451314,-1.3182367669973417e-19,-0.0007626989259694483,4.486184484074954e-20
4.09,1.4697471556420427,-1.0279502419925875e-18,1.0031272183921704,0.037760548293319256,-7.108246730019217e-19,-0.0028770307241993633,0.9999996971348808,-1.6166150321584249e-19,-0.000778286673047725,4.497290911897293e-20
4.0920000000000005,1.469822638437006,-1.0293652317309435e-18,1.003121469331488,0.03772214557305141,-7.041859972614571e-19,-0.0028720301170602324,0.9999996849872299,-1.584607985117126e-19,-0.0007937414185806382,4.305338382216458e-20
4.094,1.4698980438293734,-1.030767609823615e-18,1.003115730264138,0.03768314656478763,-6.983205195330625e-19,-0.002867037393506012,0.9999996727080015,-1.3882627028473614e-19,-0.0008090635873763262,3.9438948091932277e-20
4.096,1.4699733706318865,-1.03215863252585e-18,1.003110001174335,0.03764355658330453,-6.926866250975802e-19,-0.002862052571884346,0.999999660302938,-1.4120360809713396e-19,-0.000824253606076722,3.7528196832765836e-20
4.098,1.4700486176678986,-1.0335382953675194e-18,1.0031042820462572,0.03760338092553076,-6.869607315048699e-19,-0.0028570756698538227,0.9999996477777018,-1.4356834602829775e-19,-0.0008393119031260687,3.390947149750224e-20
4.1,1.4701237837713392,-1.0349065223951339e-18,1.0030985728640482,0.03756262487048038,-6.814660684966008e-19,-0.0028521067043920786,0.9999996351378759,-1.1851078740502888e-19,-0.0008542389087396195,3.237829060346711e-20
4.102,1.4701988677866773,-1.0362651024984536e-18,1.0030928736118188,0.037521293679187516,-6.770618962757347e-19,-0.0028471456918039103,0.9999996223889644,-1.1003623470507182e-19,-0.0008690350548725173,3.494855136816085e-20
4.104,1.4702738685688863,-1.0376143810134138e-18,1.0030871842736473,0.03747939259464227,-6.720208463995856e-19,-0.002842192647729329,0.9999996095363928,-1.2900080430459718e-19,-0.0008837007751888587,3.6460896384550245e-20
4.106,1.4703487849834076,-1.0389533383023774e-18,1.003081504833582,0.037436926841727794,-6.669923073963182e-19,-0.0028372475871516036,0.9999995965855081,-1.2046045529939513e-19,-0.0008982365050309379,3.5595279768378796e-20
4.108,1.470423615906114,-1.0402825741780242e-18,1.003075835275641,0.03739390162715863,-6.6229916767331355e-19,-0.002832310524405245,0.9999995835415814,-1.1196001903107974e-19,-0.0009126426813886749,3.4046768843063146e-20
4.11,1.4704983602232733,-1.0416027577816804e-18,1.0030701755838152,0.03735032213942026,-6.579397711003553e-19,-0.002827381473184059,0.9999995704098028,-1.0349961660191409e-19,-0.0009269197428692182,3.215923810797734e-20
4.112,1.4705730168315125,-1.0429145549492998e-18,1.0030645257420683,0.037306193548709815,-6.539124685298239e-19,-0.0028224604465489837,0.9999995571952895,-9.507906162225903e-20,-0.0009410681296667401,2.993349177977098e-20
4.114,1.4706475846377802,-1.0442186282258804e-18,1.0030588857343388,0.037261521006878046,-6.502156179289277e-19,-0.0028175474569360225,0.9999995439030811,-8.669752822481842e-20,-0.0009550882835324016,2.6685009612201284e-20
4.116,1.4707220625593107,-1.0455154216935817e-18,1.0030532555445406,0.03721630964737242,-6.4652480640353685e-19,-0.002812642516164119,0.9999995305381416,-1.0028744979982275e-19,-0.0009689806477445031,2.4793899970691823e-20
4.118,1.4707964495235863,-1.0468041575384004e-18,1.0030476351565647,0.03717056458518144,-6.421942802716767e-19,-0.002807745635442968,0.99999951710536,-1.0833070267114634e-19,-0.0009827456670788149,2.325445624490696e-20
4.12,1.4708707444683013,-1.0480842057273817e-18,1.0030420245542804,0.03712429091678011,-6.37765671180342e-19,-0.0028028568253808173,0.99999950360955,-1.2181814057789084e-19,-0.0009963837877790859,2.1370620775136332e-20
4.122,1.470944946341324,-1.0493546527897774e-18,1.0030364237215363,0.03707749372007658,-6.327011640963325e-19,-0.0027979760959922317,0.999999490055452,-1.0783214831251295e-19,-0.001009895457527734,2.2945197439001602e-20
4.124,1.47101905410066,-1.0506161675034137e-18,1.0030308326421618,0.03703017805435996,-6.288329742923777e-19,-0.0027931034567057872,0.9999994764477317,-9.938303233544205e-20,-0.001023281125416715,2.5538864372273526e-20
4.126,1.4710930667144149,-1.0518694151254445e-18,1.0030252512999673,0.03698234896024927,-6.243261338933933e-19,-0.002788238916371776,0.9999994627909821,-1.1291548200840437e-19,-0.0010365412419185685,2.6390593154934472e-20
4.128,1.4711669831607566,-1.0531136946589354e-18,1.003019679678747,0.036934011459643534,-6.200447103772668e-19,-0.002783382483269828,0.9999994490897235,-9.895541789372653e-20,-0.0010496762588576463,2.487012505696041e-20
4.13,1.4712408024278782,-1.0543499591997782e-18,1.0030141177622784,0.03688517055567302,-6.16310707733884e-19,-0.0027785341651165242,0.9999994353484039,-8.506157670428972e-20,-0.0010626866293815156,2.3352810880442562e-20
4.132,1.4713145235139606,-1.0555793008832574e-18,1.0030085655343246,0.03683583123265161,-6.131214216522754e-19,-0.0027736939690729545,0.9999994215713994,-7.123327616930845e-20,-0.0010755728079325424,2.1496795203668782e-20
4.134,1.471388145427134,-1.0568028064488064e-18,1.0030030229786344,0.036785998456030276,-6.104741603512331e-19,-0.0027688619017522333,0.9999994077630154,-5.747057653744317e-20,-0.0010883352502196514,1.964513702852888e-20
4.136,1.4714616671854406,-1.0580215572647947e-18,1.0029974900789445,0.03673567717235169,-6.083662446841699e-19,-0.002764037969226977,0.9999993939274863,-4.3773166081237736e-20,-0.0011009744131902648,1.779782706943008e-20
4.138,1.4715350878167968,-1.0592366293540293e-18,1.0029919668189795,0.03668487230920594,-6.067950081690247e-19,-0.002759222177036758,0.9999993800689763,-3.014036203377223e-20,-0.0011134907550024162,1.5612600952091535e-20
4.14,1.4716084063589554,-1.0604490934186734e-18,1.002986453182454,0.036633588775187347,-6.057577967196024e-19,-0.002754414530195491,0.99999936619158,-1.6572996357681116e-20,-0.0011258847349970426,1.4117838232092637e-20
4.142,1.4716816218594673,-1.0616600148662501e-18,1.0029809491530723,0.03658183145985235,-6.052519699643017e-19,-0.002749615033198783,0.999999352299323,-3.0699761472187136e-21,-0.0011381568136704522,1.2626986999295452e-20
4.144,1.471754733375643,-1.06287045383636e-18,1.002975454714531,0.03652960523367854,-6.052748998736467e-19,-0.0027448236900312535,0.9999993383961624,1.036976331820149e-20,-0.0011503074526469695,1.0454716576687217e-20
4.146,1.4718277399745159,-1.0640814652241131e-18,1.0029699698505188,0.03647691494802469,-6.058239703329822e-19,-0.002740040504173845,0.9999993244859868,2.374456667571734e-20,-0.0011623371146517539,9.315543106113628e-21
4.148,1.4719006407328017,-1.0652940987063173e-18,1.002964494544718,0.036423765435091925,-6.068965795176799e-19,-0.0027352654786109536,0.9999993105726176,3.705436990464225e-20,-0.001174246263483795,9.549680015742018e-21
4.15,1.471973434736862,-1.066509398770831e-18,1.0029590287808057,0.036370161507885926,-6.084901396720627e-19,-0.0027304986158376773,0.9999992966598104,5.0301870461805246e-20,-0.0011860353639890852,9.098718131839257e-21
4.152,1.4720461210826652,-1.06772840474154e-18,1.0029535725424539,0.03631610796018021,-6.106020746758943e-19,-0.002725739917867,0.9999992827512506,6.348655432638322e-20,-0.0011977048820339575,8.648386426816112e-21
4.154,1.4721186988757478,-1.068952150802146e-18,1.0029481258133317,0.03626160956648044,-6.132298204836805e-19,-0.002720989386236801,0.9999992688505612,7.660953933825477e-20,-0.001209255284478614,7.51417428627136e-21
4.156,1.472191167231176,-1.0701816660197003e-18,1.0029426885771051,0.03620667108198978,-6.163708241989156e-19,-0.0027162470220169475,0.9999992549612987,8.967069511331972e-20,-0.0012206870391508126,6.0395526932145506e-21
4.158,1.4722635252735072,-1.071417974366659e-18,1.0029372608174387,0.03615129724257533,-6.200225444773363e-19,-0.002711512825816285,0.9999992410869546,1.0267031965422189e-19,-0.001232000614819736,4.2257356658763894e-21
4.16,1.4723357721367512,-1.072662094744682e-18,1.0029318425179965,0.03609549276473551,-6.241824517051138e-19,-0.0027067867977896144,0.999999227230956,1.156078619655167e-19,-0.00124319648117003,2.7588505533246833e-21
4.162,1.4724079069643312,-1.0739150410083952e-18,1.0029264336624422,0.036039262345568576,-6.28848028455634e-19,-0.0027020689376445967,0.9999992133966663,1.2848446366030726e-19,-0.0012542751087760173,9.531597764798967e-22
4.164,1.4724799289090453,-1.0751776068062577e-18,1.0029210342344406,0.035982610662742026,-6.336939949977303e-19,-0.0026973592446486207,0.9999991995873856,1.1936625231623161e-19,-0.001265236969076082,1.8655050745525526e-21
4.166,1.4725518371330277,-1.0764494338097641e-18,1.0029156442176586,0.03592554237446313,-6.381811598600833e-19,-0.0026926577176356278,0.999999185806351,1.267243205292776e-19,-0.0012760825343472262,4.167164431387283e-21
4.168,1.472623630807709,-1.0777307748503914e-18,1.0029102635957658,0.035868062119450386,-6.429568425048205e-19,-0.0026879643550128977,0.9999991720567379,1.0116897493618367e-19,-0.0012868122776797989,3.338258290724977e-21
4.17,1.4726953091137782,-1.079019730506263e-18,1.0029048923524355,0.035810174516906004,-6.457607036827094e-19,-0.0026832791547677665,0.9999991583416595,6.476916519888158e-20,-0.0012974266729523962,2.8395489039738356e-21
4.172,1.472766871241143,-1.0803139084238003e-18,1.0028995304713453,0.035751884166489376,-6.485387858192826e-19,-0.002678602114474308,0.9999991446641683,8.335381788399682e-20,-0.001307926194806932,3.0981711925519032e-21
4.174,1.472838316388891,-1.0816143702268122e-18,1.002894177936178,0.03569319564829151,-6.520440127930512e-19,-0.0026739332312999686,0.9999991310272556,1.0185126282876683e-19,-0.0013183113186238781,2.670401909200252e-21
4.176,1.4729096437652498,-1.0829225666060783e-18,1.0028888347306224,0.035634113522810464,-6.562727882798547e-19,-0.0026692725020121912,0.9999991174338531,1.2026055391126234e-19,-0.001328582520497677,2.5854467714178893e-21
4.178,1.4729808525875492,-1.0842399410769617e-18,1.0028835008383747,0.03557464233092773,-6.612215335897014e-19,-0.0026646199229849034,0.999999103886833,1.385816697472499e-19,-0.0013387402772123218,3.1855618928003784e-21
4.18,1.4730519420821808,-1.0855679300154375e-18,1.0028781762431382,0.035514786593885586,-6.668866878015589e-19,-0.0026599754902050326,0.9999990903890082,1.5681593951444687e-19,-0.0013487850662171064,3.7842087118825996e-21
4.182,1.4731229114845588,-1.086907962692767e-18,1.0028728609286246,0.03545455081326538,-6.732647070634024e-19,-0.002655339199278969,0.9999990769431336,1.7496377472044067e-19,-0.001358717365602545,4.381392138222152e-21
4.184,1.4731937600390812,-1.0882614613093026e-18,1.002867554878555,0.03539393947096681,-6.803520642396974e-19,-0.0026507110454389257,0.9999990635519056,1.93025581558494e-19,-0.0013685376540764585,4.9771170571933055e-21
4.186,1.4732644869990899,-1.0896298410278411e-18,1.0028622580766604,0.03533295702918811,-6.8814524916050975e-19,-0.0026460910235493293,0.9999990502179636,2.110013087204588e-19,-0.0013782464109402311,5.914049459206467e-21
4.188,1.4733350916268315,-1.0910142948260316e-18,1.0028569705066823,0.03527160793040713,-6.96317995328921e-19,-0.002641479128113081,0.9999990369438904,2.0148129906777864e-19,-0.0013878441160652321,5.097227468535454e-21
4.19,1.4734055731934181,-1.0924144316219359e-18,1.0028516921523738,0.03520989659736345,-7.0379267818341e-19,-0.002636875353277837,0.9999990237322118,1.9748849018298155e-19,-0.0013973312498694066,4.6330668004051106e-21
4.192,1.4734759309787873,-1.0938297911866496e-18,1.0028464229974996,0.03514782743304129,-7.115408879948115e-19,-0.0026322796928421877,0.9999990105853985,1.9351319210307287e-19,-0.001406708293294032,5.198020194687343e-21
4.194,1.4735461642716625,-1.0952600584885323e-18,1.0028411630258376,0.035085404820653456,-7.187005388728369e-19,-0.0026276921402618326,0.9999989975058658,1.8407368241181932e-19,-0.0014159757277806414,6.0966133015955276e-21
4.196,1.4736162723695145,-1.0967045615738612e-18,1.002835912221179,0.035022633123626065,-7.258128279538377e-19,-0.002623112688655666,0.9999989844959744,1.8016152629266308e-19,-0.0014251340352481117,7.000887377763852e-21
4.198,1.4736862545785208,-1.098162882835829e-18,1.0028306705673287,0.03495951668558428,-7.325547006927847e-19,-0.00261854133081184,0.9999989715580304,1.817500055886772e-19,-0.0014341836980699188,8.253927480332293e-21
4.2,1.4737561102135261,-1.099635323398109e-18,1.002825438048107,0.03489605983033887,-7.400037215749778e-19,-0.0026139780591937787,0.9999989586942868,1.997642581512343e-19,-0.0014431251990515565,1.0555561513690217e-20
4.202,1.4738258385980034,-1.101122971625744e-18,1.002820214647349,0.034832266861873684,-7.476184381139044e-19,-0.0026094228659461157,0.9999989459069435,1.957782772173726e-19,-0.0014519590214081203,1.1106760675771445e-20
4.204,1.4738954390640135,-1.1026256916014316e-18,1.0028150003489065,0.034768142064334,-7.55075593570055e-19,-0.002604875742900585,0.9999989331981488,1.9180872781530428e-19,-0.0014606856487420572,1.3369583143720922e-20
4.206,1.4739649109521658,-1.1041431689775053e-18,1.0028097951366473,0.03470368970201575,-7.623759619850121e-19,-0.0026003366815819736,0.9999989205699958,1.8785752887303942e-19,-0.0014693055650210707,1.5970545474012603e-20
4.208,1.474034253611578,-1.1056750909515466e-18,1.0028045989944565,0.034638914019355586,-7.695203147144544e-19,-0.002595805673213814,0.9999989080245293,1.8392410194427597e-19,-0.0014778192545562042,1.9249882388625992e-20
4.21,1.4741034663998376,-1.1072211462609882e-18,1.0027994119062376,0.03457381924092187,-7.765094198705767e-19,-0.0025912827087242046,0.9999988955637422,1.8000936227150553e-19,-0.001486227201980074,2.2521475635772908e-20
4.212,1.4741725486829607,-1.1087810251757309e-18,1.002794233855912,0.03450840957140643,-7.8334404190696765e-19,-0.00258676777875149,0.999998883189577,1.7611322021109517e-19,-0.0014945298922252686,2.5785343205247917e-20
4.214,1.474241499835353,-1.1103544194909978e-18,1.0027890648274203,0.034442689195617236,-7.900249418797712e-19,-0.002582260873649939,0.9999988709039263,1.7223457477518662e-19,-0.0015027278105029112,2.972601291851303e-20
4.216,1.4743103192397702,-1.111941022521179e-18,1.0027839048047227,0.034376662278471866,-7.965528777876336e-19,-0.0025777619834953355,0.9999988587086334,1.6837385306120687e-19,-0.0015108214422813826,3.4000031334668936e-20
4.218,1.4743790062872777,-1.1135405290932857e-18,1.0027787537717994,0.03431033296499185,-8.028210130796429e-19,-0.0025732710980905468,0.9999988466054928,1.5357406959733324e-19,-0.0015188112732652044,3.310787102081976e-20
4.22,1.4744475603772114,-1.11515173939208e-18,1.0027736117126513,0.034243705380297806,-8.084006021002049e-19,-0.0025687882069710274,0.9999988345962506,1.498256653413401e-19,-0.0015266977893740837,3.0179005297011034e-20
4.222,1.4745159809171369,-1.1167744276932144e-18,1.002768478611301,0.03417678362960542,-8.142631831957942e-19,-0.0025643132994102873,0.9999988226826054,1.460747153419714e-19,-0.0015344814767221174,3.205556115266377e-20
4.224,1.474584267322811,-1.1184082617361672e-18,1.0027633544517918,0.0341095717982222,-8.194388699697068e-19,-0.0025598463644252887,0.9999988108662085,1.3685899871764627e-19,-0.0015421628215971546,3.391968801406708e-20
4.226,1.4746524190181405,-1.1200525164107643e-18,1.00275823921819,0.03404207395154512,-8.248993666841055e-19,-0.0025553873907818055,0.9999987991486642,1.4963291852061005e-19,-0.0015497423104403204,3.409997643275917e-20
4.228,1.474720435435144,-1.1217081915638192e-18,1.0027531328945842,0.03397429413505896,-8.308589522411721e-19,-0.002550936366999738,0.999998787531531,1.6234627945925217e-19,-0.001557220429825696,3.428020917506017e-20
4.23,1.4747883160139101,-1.1233762828998038e-18,1.0027480354650866,0.03390623637433553,-8.373151553220597e-19,-0.0025464932813583623,0.9999987760163216,1.7499990279904648e-19,-0.0015645976664401592,3.4117320261719915e-20
4.232,1.4748560602025595,-1.1250577811918436e-18,1.0027429469138327,0.03383790467503362,-8.442655156775991e-19,-0.002542058121901551,0.9999987646045034,1.8759459536825477e-19,-0.001571874507063379,3.3270275234300566e-20
4.234,1.4749236674572042,-1.12675367230379e-18,1.0027378672249823,0.033769303022899794,-8.517075846026778e-19,-0.0025376308764429216,0.9999987532974995,2.001279635698012e-19,-0.0015790514385479709,3.3452377375682036e-20
4.236,1.4749911372419071,-1.1284649372143793e-18,1.0027327963827197,0.03370043538376989,-8.596389255638845e-19,-0.0025332115325709544,0.9999987420966887,2.126019114175225e-19,-0.0015861289477998074,3.363401744656522e-20
4.238,1.4750584690286435,-1.130192552040985e-18,1.0027277343712546,0.033631305703571354,-8.680571137682313e-19,-0.0025288000776540315,0.9999987310034063,2.2501672232283095e-19,-0.0015931075217584833,3.381560365045456e-20
4.24,1.4751256622972604,-1.1319374880631373e-18,1.0027226811748218,0.033561917908326286,-8.769597361855422e-19,-0.0025243964988454653,0.9999987200189443,2.3737159253317097e-19,-0.001599987647377938,3.4682052974771825e-20
4.242,1.475192716535437,-1.1337007117463871e-18,1.002717636777682,0.03349227590415529,-8.863443917936767e-19,-0.0025200007830884566,0.9999987091445525,2.4966735167153375e-19,-0.001606769811607233,3.588908202384508e-20
4.244,1.475259631238645,-1.13548318476591e-18,1.0027126011641225,0.033422383577282014,-8.962086912894534e-19,-0.002515612917120986,0.9999986983814383,2.6190428062491643e-19,-0.0016134545013714843,3.7435884465763907e-20
4.246,1.4753264059101086,-1.1372856488498124e-18,1.0027075743184573,0.03335224479403852,-9.061198963387234e-19,-0.0025112328874807,0.9999986877307677,2.4667529321423137e-19,-0.0016200422035529463,3.5850816543469424e-20
4.248,1.4753930400607644,-1.1391071203889837e-18,1.0027025562250271,0.03328186340087131,-9.15324123674017e-19,-0.0025068606805096925,0.9999986771936656,2.424711807685526e-19,-0.0016265334049722538,3.3944666203094644e-20
4.25,1.4754595332092224,-1.140947265067412e-18,1.0026975468682007,0.03321124322434813,-9.247931657026271e-19,-0.0025024962823592943,0.9999986667712166,2.382875466570464e-19,-0.001632928592369812,3.170122115267612e-20
4.252,1.4755258848817259,-1.1428058221169607e-18,1.0026925462323741,0.03314038807116549,-9.337724025011591e-19,-0.0024981396789947653,0.999998656464465,2.3959440800062106e-19,-0.001639228252387344,2.878673868882129e-20
4.2540000000000004,1.4755920946121115,-1.1446827106640385e-18,1.0026875543019722,0.0330693017281569,-9.429094426617568e-19,-0.0024937908561999526,0.9999986462744155,2.1347825961135848e-19,-0.0016454328715495867,2.823246336555094e-20
4.256,1.4756581619417697,-1.1465759137304415e-18,1.0026825710614482,0.032997987962301814,-9.5005186830875e-19,-0.00248944979958192,0.999998636202034,1.7652132312557393e-19,-0.0016515429362461403,2.7319323481164916e-20
4.258,1.475724086419605,-1.1484829934641592e-18,1.0026775964952843,0.032926450520735326,-9.571458039582545e-19,-0.0024851164945754976,0.9999986262482478,1.9455233900405768e-19,-0.0016575589327134685,2.6499032537694282e-20
4.26,1.4757898676019967,-1.1504049661593878e-18,1.002672630587992,0.032854693130758485,-9.649442705122965e-19,-0.0024807909264478027,0.9999986164139459,2.1249786599191157e-19,-0.0016634813470170486,2.568063056382356e-20
4.2620000000000005,1.4758555050527586,-1.1523432373862456e-18,1.0026676733241124,0.032782719499849386,-9.734437788565612e-19,-0.0024764730803026997,0.9999986066999802,2.303588756255672e-19,-0.0016693106650336722,2.4521453573728608e-20
4.264,1.4759209983430996,-1.1542989905733864e-18,1.0026627246882165,0.03271053331567491,-9.822104974073843e-19,-0.0024721629410852323,0.999998597107165,2.1523518473486544e-19,-0.0016750473724338963,2.6051346538741785e-20
4.266,1.4759863470515842,-1.1562712515342572e-18,1.0026577846649056,0.032638138246103156,-9.89844431952326e-19,-0.0024678604935859535,0.9999985876362784,1.9470178302636727e-19,-0.0016806919546646418,2.6883590713830437e-20
4.268,1.4760515507640928,-1.1582584772175176e-18,1.002652853238812,0.03256553793921654,-9.974268990896234e-19,-0.002463565722445293,0.9999985782880632,2.016843371829315e-19,-0.0016862448969319427,2.43334223975558e-20
4.2700000000000005,1.4761166090737823,-1.1602611397686685e-18,1.002647930394598,0.032492736023325614,-1.0052810830233817e-18,-0.002459278612157831,0.9999985690632235,2.0863377002760409e-19,-0.0016917066841838362,2.178888059798079e-20
4.272,1.4761815215810465,-1.1622797812681167e-18,1.002643016116958,0.03241973610698345,-1.0134056316290822e-18,-0.0024549991470764728,0.9999985599624316,2.1554965959063106e-19,-0.0016970778010934155,1.9592613444412566e-20
4.274,1.4762462878934766,-1.1643149410986823e-18,1.0026381103906168,0.0323465417790008,-1.0217991994974904e-18,-0.002450727311416642,0.9999985509863237,2.224321689368706e-19,-0.0017023587320420131,1.774420204725008e-20
4.276,1.4763109076258212,-1.1663671559591916e-18,1.002633213200332,0.032273156608461855,-1.030460447954144e-18,-0.002446463089260429,0.9999985421355023,2.292826203267879e-19,-0.0017075499611025405,1.5557500514188092e-20
4.2780000000000005,1.476375380399948,-1.1684369598773079e-18,1.0026283245308922,0.03219958414474061,-1.0393880443447258e-18,-0.0024422064645606466,0.9999985334105358,2.361023291334129e-19,-0.0017126519720229683,1.2347989362247226e-20
4.28,1.4764397058448033,-1.1705246690419481e-18,1.002623444367119,0.03212582791751797,-1.0481503038086145e-18,-0.002437957421144864,0.9999985248119593,2.099907223952509e-19,-0.0017176652482099569,1.1145703336529653e-20
4.282,1.4765038835963735,-1.1726286614914857e-18,1.002618572693866,0.03205189143679939,-1.0558873181160597e-18,-0.0024337159427194025,0.9999985163402754,2.168936543273389e-19,-0.0017225902727126278,1.2744586488209063e-20
4.284,1.476567913297645,-1.1747492597863012e-18,1.0026137094960195,0.03197777819293324,-1.064755935102936e-18,-0.002429482012873272,0.9999985079959541,2.237638687311457e-19,-0.0017274275282064813,1.434007414533241e-20
4.2860000000000005,1.4766317945985654,-1.1768870001020333e-18,1.002608854758499,0.031903491656629715,-1.0729215365786037e-18,-0.0024252556150820472,0.999998499779434,2.196375522629434e-19,-0.0017321774969774576,1.5227505388702775e-20
4.288,1.476695527156004,-1.1790415914597345e-18,1.002604008466257,0.03182903527898041,-1.0816788314130693e-18,-0.0024210367327117017,0.9999984916911216,2.1553021079032402e-19,-0.00173684066090614,1.6454715317232058e-20
4.29,1.4767591106337128,-1.1812127800463108e-18,1.0025991706042794,0.03175441249147848,-1.0894113885471418e-18,-0.0024168253490224455,0.9999984837313931,2.114547485761966e-19,-0.0017414175014521037,1.8021732932183277e-20
4.292,1.4768225447022871,-1.1833999201048408e-18,1.0025943411575857,0.03167962670603946,-1.0976305148621211e-18,-0.0024126214471724295,0.9999984759005938,1.9644646106956701e-19,-0.0017459084996384031,1.9565590411988747e-20
4.2940000000000005,1.4768858290391265,-1.1856019384224228e-18,1.0025895201112291,0.031604681315022615,-1.1042901130542202e-18,-0.002408425010221476,0.9999984681990391,1.7602854590885758e-19,-0.0017503141360362044,2.0068310368495988e-20
4.296,1.4769489633283959,-1.1878173012795669e-18,1.002584707450297,0.03152957969125294,-1.1109039614442769e-18,-0.0024042360211347135,0.9999984606270149,1.502266498387418e-19,-0.001754634890749556,1.95323575571759e-20
4.298,1.4770119472609862,-1.190044231834593e-18,1.0025799031599103,0.03145432518804371,-1.1159662004141439e-18,-0.002400054462786209,0.9999984531847779,1.464743654651199e-19,-0.001758871243400302,2.0749983951472304e-20
4.3,1.4770747805344755,-1.1922822893357814e-18,1.0025751072252251,0.031378921139219675,-1.1220669721060287e-18,-0.002395880317962508,0.999998445872556,1.4823544794038796e-19,-0.0017630236731131347,2.1975228853490374e-20
4.3020000000000005,1.47713746285309,-1.1945313229692938e-18,1.0025703196314317,0.03130337085914076,-1.1268348589039128e-18,-0.002391713569366163,0.9999984386905489,1.2808688871695842e-19,-0.0017670926585007867,2.1445650667278045e-20
4.304,1.4771999939276654,-1.196789892974534e-18,1.002565540363755,0.0312276776427264,-1.1316757797410308e-18,-0.0023875541996192288,0.9999984316389285,1.0804744656439676e-19,-0.0017710786776493613,2.0574783633685905e-20
4.306,1.4772623734756076,-1.1990565318156005e-18,1.0025607694074548,0.03115184476548039,-1.1348684530804082e-18,-0.002383402191266662,0.9999984247178393,8.810239360530332e-20,-0.0017749822081038025,2.0048733779441775e-20
4.308,1.477324601220854,-1.2013296004988923e-18,1.0025560067478256,0.031075875483516358,-1.1380345144418932e-18,-0.0023792575267797124,0.9999984179273987,7.373385986855069e-20,-0.0017788037268535028,1.9876819677488084e-20
4.3100000000000005,1.4773866768938353,-1.2036077545231693e-18,1.0025512523701974,0.03099977303358375,-1.1400976917338345e-18,-0.002375120188559262,0.999998411267698,5.395025946645795e-20,-0.001782543710318047,2.0038287451457423e-20
4.312,1.4774486002314358,-1.205889870394335e-18,1.0025465062599352,0.030923540633094375,-1.1420327528489484e-18,-0.0023709901589391204,0.9999984047388017,3.4246232506892927e-20,-0.0017862026343330943,2.0884758579520545e-20
4.314,1.4775103709769557,-1.2081744008513222e-18,1.0025417684024398,0.030847181480149494,-1.1423335736683774e-18,-0.0023668674201892726,0.9999983983407492,9.151820840604336e-21,-0.0017897809741363952,2.240524402752144e-20
4.316,1.477571988880072,-1.210459304321696e-18,1.0025370387831471,0.03077069875356748,-1.1425141333744212e-18,-0.0023627519545190915,0.9999983920735546,6.277770718429481e-22,-0.0017932792043539464,2.1896111195695907e-20
4.3180000000000005,1.4776334536968003,-1.2127436958574093e-18,1.002532317387529,0.030694095612911962,-1.1417143143898685e-18,-0.00235864374408048,0.9999983859372066,-2.4302973768590444e-20,-0.0017966977989862774,2.1016065178820292e-20
4.32,1.4776947651894556,-1.2150258342137466e-18,1.0025276042010924,0.030617375198520553,-1.140369316049925e-18,-0.0023545427709710082,0.9999983799316702,-3.267088605802927e-20,-0.0018000372313948753,2.1881065661970284e-20
4.322,1.4777559231266149,-1.217304955007071e-18,1.002522899209381,0.030540540631534056,-1.1386970108852373e-18,-0.0023504490172369754,0.9999983740568859,-4.099851189721652e-20,-0.001803297974288741,2.2401388294757426e-20
4.324,1.477816927283078,-1.219580405243786e-18,1.0025182023979742,0.030463595013926217,-1.1366990176805684e-18,-0.0023463624648764514,0.9999983683127706,-4.928604277591336e-20,-0.0018064804997110797,2.257825552321019e-20
4.3260000000000005,1.4778777774398293,-1.2218515351599887e-18,1.002513513752487,0.03038654142853398,-1.134376947373132e-18,-0.0023422830958422583,0.9999983626992183,-5.75342856506162e-20,-0.0018095852790261256,2.2754735539097233e-20
4.328,1.4779384733840004,-1.2241176982059465e-18,1.0025088332585708,0.030309382939088258,-1.1317324031962841e-18,-0.002338210892044914,0.9999983572161,-6.574218770343126e-20,-0.0018126127829060966,2.224550685560083e-20
4.33,1.477999014908831,-1.2263782510304864e-18,1.0025041609019134,0.0302321225902452,-1.128766980437504e-18,-0.0023341458353555293,0.9999983518632642,-7.390994125996117e-20,-0.0018155634813182824,2.1052194185136234e-20
4.332,1.4780594018136306,-1.2286325534651544e-18,1.0024994966682388,0.030154763407617965,-1.1254822666214775e-18,-0.0023300879076086937,0.9999983466405375,-8.204021898897122e-20,-0.0018184378435122642,2.054706185868226e-20
4.3340000000000005,1.4781196339037415,-1.2308799685092218e-18,1.0024948405433072,0.030077308397808977,-1.1218798419230333e-18,-0.0023260370906052663,0.999998341547725,-9.013133199513778e-20,-0.0018212363380072638,1.970049540035851e-20
4.336,1.4781797109905,-1.2331198623146703e-18,1.0024901925129155,0.02999976054844267,-1.1179612788837732e-18,-0.002321993366115171,0.9999983365846105,-9.818346568833325e-20,-0.001823959432579624,1.8512491252124385e-20
4.338,1.4782396328911986,-1.2353516041710466e-18,1.0024855525628966,0.029922122828198727,-1.1137281425569908e-18,-0.0023179567158801116,0.9999983317509565,-1.0619867537069787e-19,-0.0018266075942504176,1.801184068618564e-20
4.34,1.4782993994290488,-1.2375745664907259e-18,1.0024809206791208,0.029844398186845787,-1.109181990752406e-18,-0.0023139271216162985,0.9999983270465058,-1.1417651359331182e-19,-0.0018291812892731862,1.7855065166286604e-20
4.3420000000000005,1.4783590104331419,-1.2397881247944894e-18,1.002476296847494,0.02976658955527561,-1.1043243740121231e-18,-0.002309904565017069,0.9999983224709806,-1.2211528017427054e-19,-0.0018316809831218082,1.7013772507150655e-20
4.344,1.4784184657384127,-1.2419916576966279e-18,1.0024716810539596,0.029688699845537743,-1.0991568352781099e-18,-0.002305889027755514,0.9999983180240838,-1.3001515986334519e-19,-0.0018341071404784923,1.5489178524672142e-20
4.346,1.4784777651856011,-1.2441845468897508e-18,1.002467073284497,0.029610731950874616,-1.0936809099673937e-18,-0.00230188049148705,0.9999983137054984,-1.3787696138970002e-19,-0.0018364602252219009,1.362556313451757e-20
4.348,1.4785369086212148,-1.2463661771299234e-18,1.0024624735251224,0.02953268874575711,-1.087898126120913e-18,-0.0022978789378519603,0.9999983095148891,-1.4570212128899015e-19,-0.001838740700415399,1.2108238799631753e-20
4.3500000000000005,1.4785958958974916,-1.2485359362220617e-18,1.0024578817618892,0.029454573085920564,-1.0818100045954936e-18,-0.002293884348477864,0.9999983054519015,-1.5349081512934535e-19,-0.0018409490282954297,1.0937196314755382e-20
4.352,1.4786547268723622,-1.250693215005724e-18,1.0024532979808873,0.029376387808401253,-1.0754180592282867e-18,-0.0022898967049821946,0.9999983015161632,-1.6124510578785212e-19,-0.001843085670260016,1.1139596814713874e-20
4.354,1.4787134014094125,-1.2528374073414063e-18,1.0024487221682432,0.029298135731573274,-1.0687237970875397e-18,-0.002285915988974598,0.999998297707284,-1.689626353957043e-19,-0.0018451510868573858,1.1341946878569672e-20
4.356,1.4787719193778466,-1.2549679100966123e-18,1.0024441543101204,0.029219819655185903,-1.0617287180561432e-18,-0.0022819421820593076,0.9999982940248561,-1.7664231649635727e-19,-0.0018471457377747242,1.0858518230448117e-20
4.358,1.4788302806524496,-1.257084123131323e-18,1.002439594392719,0.02914144236040135,-1.054434314723529e-18,-0.0022779752658374885,0.9999982904684546,-1.842849590353088e-19,-0.001849070081827047,1.0033596683421314e-20
4.36,1.4788884851135504,-1.2591854492834783e-18,1.002435042402276,0.029063006609832975,-1.0468420725385994e-18,-0.0022740152219095145,0.9999982870376376,-1.9189200073926325e-19,-0.0018509245769462001,9.552500583832835e-21
4.362,1.4789465326469846,-1.2612712943549373e-18,1.0024304983250656,0.02898451514758389,-1.0389534699264057e-18,-0.002270062031877262,0.9999982837319472,-1.9946234678384418e-19,-0.0018527096801699812,8.73031103867866e-21
4.364,1.4790044231440573,-1.263341067097343e-18,1.0024259621473979,0.028905970699286,-1.030769978259783e-18,-0.0022661156773462828,0.9999982805509091,-2.0699680358466862e-19,-0.001854425847631382,7.910090728579163e-21
4.366,1.4790621565015065,-1.265394179198077e-18,1.0024214338556205,0.02882737597213946,-1.0222930619182154e-18,-0.0022621761399280386,0.9999982774940331,-2.1449617656067663e-19,-0.0018560735345479547,7.43449527001683e-21
4.368,1.4791197326214665,-1.2674300452663746e-18,1.0024169134361178,0.028748733654952528,-1.0135241783991732e-18,-0.002258243401242001,0.999998274560814,-2.2195999631066383e-19,-0.0018576531952112976,6.960046391405135e-21
4.37,1.4791771514114305,-1.2694480828196054e-18,1.0024124008753104,0.028670046418181803,-1.0044647783359993e-18,-0.002254317442917797,0.9999982717507313,-2.2938906711593418e-19,-0.0018591652829766634,6.828995552322734e-21
4.372,1.4792344127842143,-1.2714477122695568e-18,1.002407896159656,0.028591316913972906,-9.951163054841571e-19,-0.00225039824659725,0.9999982690632497,-2.367822835370544e-19,-0.0018606102502526857,6.356018796931193e-21
4.374,1.4792915166579201,-1.273428356908603e-18,1.0024033992756491,0.028512547776201515,-9.854801967175396e-19,-0.0022464857939364317,0.9999982664978195,-2.441404495360425e-19,-0.001861988548491226,5.88377468801049e-21
4.376,1.4793484629558993,-1.2753894428960488e-18,1.0023989102098205,0.028433741620514794,-9.755578820899575e-19,-0.0022425800666076605,0.9999982640538772,-2.5146436952054787e-19,-0.00186330062817734,5.7553279152640964e-21
4.378,1.4794052516067164,-1.2773303992445843e-18,1.002394428948738,0.028354901044373222,-9.653507849519024e-19,-0.0022386810463014615,0.9999982617308452,-2.5875420526147527e-19,-0.001864546938819361,5.969456918929845e-21
4.38,1.479461882544113,-1.2792506578069047e-18,1.002389955479006,0.028276028627092782,-9.548603219179858e-19,-0.0022347887147284823,0.9999982595281325,-2.66007567083915e-19,-0.001865727928939102,5.155111940437223e-21
4.382,1.4795183557069707,-1.2811496532620279e-18,1.0023854897872648,0.028197126929887534,-9.440879026988749e-19,-0.0022309030536214075,0.9999982574451352,-2.7322462365957027e-19,-0.0018668440460621759,3.3143242184960845e-21
4.384,1.4795746710392756,-1.2830268231015205e-18,1.0023810318601922,0.02811819849591255,-9.33034930137716e-19,-0.0022270240447368017,0.9999982554812363,-2.80405545236764e-19,-0.0018678957367084298,4.503385322832308e-22
4.386,1.4796308284900825,-1.284881607615846e-18,1.0023765816845018,0.028039245850307225,-9.217028003193663e-19,-0.002223151669856928,0.9999982536358066,-2.87553056092916e-19,-0.001868883446382499,-2.0645891680015607e-21
4.388,1.4796868280134783,-1.286713449881037e-18,1.0023721392469438,0.02796027150023893,-9.100929027457808e-19,-0.0022192859107915417,0.9999982519082046,-2.9466667602597075e-19,-0.0018698076195644729,-4.57354148017567e-21
4.39,1.4797426695685458,-1.2885217957455756e-18,1.0023677045343047,0.02788127793494703,-8.982066203700151e-19,-0.0022154267493796377,0.9999982502977769,-3.0174784637765566e-19,-0.0018706686997006796,-6.391211393882049e-21
4.392,1.4797983531193293,-1.2903060938173933e-18,1.0023632775334073,0.027802267625787264,-8.860453297054343e-19,-0.002211574167491172,0.9999982488038585,-3.0879736353508496e-19,-0.001871467129194581,-7.176577151988597e-21
4.394,1.479853878634797,-1.2920657954510273e-18,1.0023588582311107,0.027723243026276455,-8.736104008402428e-19,-0.0022077281470287437,0.9999982474257731,-3.158121770589436e-19,-0.0018722033493977855,-8.644578073165502e-21
4.396,1.479909246088807,-1.2938003547346824e-18,1.0023544466143102,0.027644206572137554,-8.609031973277798e-19,-0.0022038886699292594,0.9999982461628336,-3.2279308919575464e-19,-0.0018728778006011713,-1.0451747933723557e-20
4.398,1.479964455460071,-1.2955092284771453e-18,1.002350042669937,0.027565160681345045,-8.479250762214823e-19,-0.00220005571816554,0.9999982450143421,-3.297402586092167e-19,-0.001873490922026124,-1.2597283237800497e-20
4.4,1.4800195067321187,-1.2971918761948508e-18,1.0023456463849587,0.027486107754170666,-8.346773881015004e-19,-0.002196229273747897,0.9999982439795904,-3.3665191939848646e-19,-0.001874043151815886,-1.6107958752432637e-20
4.402,1.4800743998932628,-1.2988479752740315e-18,1.0023412577463784,0.027407050173229464,-8.214842397889274e-19,-0.002192409318725705,0.9999982430578599,-3.1612114524281716e-19,-0.0018745349270270165,-1.7845624739045492e-20
4.404,1.4801291349365637,-1.3004786752312816e-18,1.002336876741235,0.02732799030352617,-8.092059045764151e-19,-0.0021885958351889104,0.9999982422484224,-3.1762248263831306e-19,-0.001874966683620965,-1.7221765024375328e-20
4.406,1.4801837118597942,-1.3020842227218566e-18,1.0023325033566037,0.02724893049250189,-7.964394071603887e-19,-0.002184788805269531,0.9999982415505402,-3.081521999504482e-19,-0.001875338856455753,-1.6236175874842753e-20
4.408,1.4802381306654044,-1.3036652584227427e-18,1.002328137579595,0.027169873070081133,-7.845863186867123e-19,-0.002180988211143106,0.9999982409634663,-2.987138201754188e-19,-0.0018756518792777661,-1.5252958624841258e-20
4.41,1.4802923913604866,-1.305222384730169e-18,1.002323779397355,0.027090820348719107,-7.726731708980957e-19,-0.0021771940350301102,0.9999982404864447,-2.8931697582326403e-19,-0.0018759061847136568,-1.5985029259318927e-20
4.412,1.480346493956741,-1.3067565950989945e-18,1.0023194287970656,0.027011774623449367,-7.614550838877817e-19,-0.002173406259197369,0.9999982401187105,-2.90899974107244e-19,-0.0018761022042623537,-1.8791908894281132e-20
4.414,1.4804004384704401,-1.3082673034515222e-18,1.0023150857659437,0.026932738171931734,-7.490994789625485e-19,-0.002169624865959424,0.9999982398594907,-3.2537539343006315e-19,-0.0018762403682871824,-1.9255640479071224e-20
4.416,1.4804542249223946,-1.3097524906557406e-18,1.002310750291242,0.02685371325450052,-7.360425070840681e-19,-0.002165849837679847,0.9999982397080038,-3.3229007447003155e-19,-0.0018763211060080903,-1.829486761801479e-20
4.418,1.4805078533379186,-1.3112112956515779e-18,1.0023064223602483,0.02677470211421305,-7.227174849762074e-19,-0.002162081156772542,0.9999982396634606,-3.391726194265435e-19,-0.0018763448454939817,-1.6994511684109724e-20
4.42,1.480561323746795,-1.3126431836765858e-18,1.002302101960285,0.02669570697689847,-7.091257496298471e-19,-0.0021583188057030557,0.999998239725064,-3.4602575495472944e-19,-0.0018763120136551575,-1.3984328639524567e-20
4.422,1.480614636183241,-1.3140478378104326e-18,1.00229778907871,0.026616730051206842,-6.955913934345566e-19,-0.0021545627669897808,0.9999982398920096,-3.2542776356722177e-19,-0.001876223036235861,-1.4012969848624208e-20
4.424,1.4806677906858745,-1.3154266284063124e-18,1.0022934837029163,0.02653777352865851,-6.832974353288925e-19,-0.0021508130232051922,0.9999982401634863,-2.994416326488946e-19,-0.001876078337806932,-1.5744670547322267e-20
4.426,1.4807207872976786,-1.3167813131481802e-18,1.002289185820331,0.026458839583693758,-6.713772314942996e-19,-0.0021470695569770163,0.9999982405386751,-3.0098176995823587e-19,-0.0018758783417585595,-1.5810905068712277e-20
4.428,1.480773626065969,-1.3181120995151572e-18,1.002284895418417,0.026379930373722726,-6.593991082164623e-19,-0.002143332350989412,0.9999982410167513,-3.02513961810807e-19,-0.0018756234702931467,-1.6219653224401237e-20
4.43,1.4808263070423586,-1.3194188719661767e-18,1.0022806124846704,0.0263010480391756,-6.473633630925893e-19,-0.0021396013879840746,0.9999982415968833,-3.0403824419356383e-19,-0.0018753141444182739,-1.6970103160150656e-20
4.432,1.4808788302827245,-1.32070151555397e-18,1.0022763370066228,0.02622219470355307,-6.352702923220788e-19,-0.002135876650761349,0.9999982422782335,-3.0555529482314604e-19,-0.0018749507839397668,-1.7719190236754024e-20
4.434,1.480931195847174,-1.3219599159222705e-18,1.0022720689718396,0.026143372473477037,-6.231201907123427e-19,-0.0021321581221813,0.9999982430599583,-3.070638635413142e-19,-0.001874533807454867,-1.915183324561529e-20
4.436,1.4809834038000107,-1.3231939593030639e-18,1.0022678083679208,0.02606458343874158,-6.109133517121209e-19,-0.002128445785164757,0.9999982439412084,-3.085659125031149e-19,-0.0018740636323455052,-2.0239241688882294e-20
4.438,1.481035454209701,-1.3244035325138558e-18,1.0022635551825,0.025985829672364187,-5.98650067379694e-19,-0.0021247396226943337,0.9999982449211291,-3.100608353347259e-19,-0.001873540674771676,-2.13232702859114e-20
4.44,1.4810873471488408,-1.3255885229548737e-18,1.0022593094032455,0.025907113230637217,-5.8633062840248245e-19,-0.002121039617815411,0.9999982459988604,-3.1154609693856997e-19,-0.001872965349664912,-2.3774570374607458e-20
4.442,1.4811390826941215,-1.3267488186064615e-18,1.0022550710178586,0.0258284361531796,-5.739553242154659e-19,-0.0021173457536371085,0.9999982471735375,-3.130217341780243e-19,-0.0018723380707218603,-2.759071326889029e-20
4.444,1.4811906609262975,-1.3278843080265947e-18,1.002250840014075,0.025749800462988814,-5.615244430195336e-19,-0.002113658013333206,0.9999982484442904,-3.144903506488937e-19,-0.0018716592503979586,-3.1398632732614467e-20
4.446,1.4812420819301524,-1.3289950955221701e-18,1.0022466163796637,0.025671208166493042,-5.494686192833979e-19,-0.0021099763801430893,0.999998249810245,-2.8854296375423543e-19,-0.001870929299901209,-3.309026345006957e-20
4.448,1.4812933457944661,-1.3300829705637795e-18,1.002242400102427,0.025592661253603616,-5.3843187306282205e-19,-0.002106300837372611,0.9999982512705226,-2.901365718981716e-19,-0.0018701486291860536,-3.2088015570243766e-20
4.45,1.4813444526119819,-1.3311479572258392e-18,1.002238191170201,0.025514161697767646,-5.265803740762864e-19,-0.0021026313683949363,0.9999982528242403,-2.8622898337508967e-19,-0.0018693176469473441,-3.00502975555568e-20
4.452,1.4813954024793736,-1.3321902952177543e-18,1.0022339895708543,0.0254357114560209,-5.157473043382801e-19,-0.002098967956651418,0.9999982544705115,-2.768424411678947e-19,-0.0018684367606144133,-2.903433914304458e-20
4.454,1.481446195497213,-1.3332105823963808e-18,1.0022297952922892,0.025357312469040893,-5.045293546786732e-19,-0.0020953105856523708,0.999998256208446,-2.729686997941011e-19,-0.0018675063763452411,-2.8715573792984384e-20
4.456,1.4814968317699364,-1.3342091632378108e-18,1.0022256083224406,0.02527896666120019,-4.940049847692744e-19,-0.002091659238977866,0.9999982580371496,-2.8007719148250065e-19,-0.001866526899020718,-2.910258213251703e-20
4.458,1.4815473114058129,-1.3351856994170517e-18,1.002221428649276,0.025200675940619918,-4.824488807449004e-19,-0.002088013900278507,0.9999982599557253,-2.8169475724085355e-19,-0.0018654987322390046,-2.9821131904820545e-20
4.46,1.4815976345169115,-1.336139924920806e-18,1.0022172562607963,0.025122442199223514,-4.716944445434772e-19,-0.002084374553276143,0.9999982619632728,-2.832922925234242e-19,-0.0018644222783099859,-3.019530050188345e-20
4.462,1.481647801219069,-1.3370717904082386e-18,1.0022130911450338,0.025044267312790643,-4.602323629187114e-19,-0.002080741181764597,0.999998264058889,-2.848803340288131e-19,-0.0018632979382498212,-3.159616578269508e-20
4.464,1.4816978116318578,-1.3379813547866407e-18,1.002208933290054,0.024966153141011325,-4.493575226953522e-19,-0.0020771137696103475,0.9999982662416681,-2.864582804802844e-19,-0.0018621261117755883,-3.4364361076645687e-20
4.466,1.4817476658785533,-1.3388682473191752e-18,1.0022047826839537,0.024888101527540285,-4.375606512013337e-19,-0.002073492300753206,0.9999982685107016,-2.880221139423374e-19,-0.0018609071973000213,-3.36985572444668e-20
4.468,1.4817973640861024,-1.3397324215348294e-18,1.002200639314863,0.024810114300051457,-4.2656752988918207e-19,-0.002069876759206929,0.999998270865079,-2.8409596624050956e-19,-0.0018596415919263417,-3.3024542550176266e-20
4.47,1.4818469063850914,-1.3405736881199428e-18,1.0021965031709428,0.024732193270292715,-4.145453974051742e-19,-0.002066267129059882,0.9999982733038874,-3.13065136577548e-19,-0.001858329691443182,-3.549725400737026e-20
4.472,1.4818962929097144,-1.3413904596756194e-18,1.0021923742403862,0.024654340234140763,-4.0225262487374825e-19,-0.0020626633944756047,0.999998275826212,-3.0901833249602116e-19,-0.0018569718903196017,-3.584692039093717e-20
4.474,1.481945523797741,-1.3421828066965338e-18,1.0021882525114179,0.024576556971656217,-3.9012073720122916e-19,-0.00205906553969339,0.9999982784311365,-3.0499007253394946e-19,-0.001855568581700196,-3.653845163733034e-20
4.476,1.4819945991904855,-1.342951050168773e-18,1.002184137972294,0.024498845247138877,-3.7814895138796574e-19,-0.0020554735490288523,0.9999982811177428,-3.0097962940792643e-19,-0.0018541201574002932,-3.7913697853213686e-20
4.478,1.482043519232775,-1.3436955095163246e-18,1.0021800306113018,0.024421206809183155,-3.6633648830325797e-19,-0.002051887406874447,0.9999982838851114,-2.96988186153344e-19,-0.0018526270079012442,-3.928571632664302e-20
4.48,1.482092284072918,-1.344416502608652e-18,1.00217593041676,0.02434364339073369,-3.546825725414776e-19,-0.0020483070976999784,0.9999982867323216,-2.9301501972585505e-19,-0.0018510895223458025,-4.099636294158584e-20
4.482,1.4821408938626737,-1.3451143457681317e-18,1.0021718373770179,0.02426615670914112,-3.4318643243533494e-19,-0.002044732606053105,0.9999982896584517,-2.890606740623321e-19,-0.0018495080885335916,-4.27029860449979e-20
4.484,1.4821893487572197,-1.3457893537775264e-18,1.002167751480456,0.024188748466218036,-3.318473000227723e-19,-0.0020411639165597868,0.9999982926625791,-2.851250597457456e-19,-0.0018478830929166646,-4.4405594806675386e-20
4.486,1.4822376489151226,-1.3464418398873327e-18,1.002163672715485,0.024111420348295064,-3.2066441098888044e-19,-0.002037601013924754,0.9999982957437804,-2.812080876041581e-19,-0.0018462149205951477,-4.6104604495651174e-20
4.488,1.4822857944983057,-1.3470721158230666e-18,1.002159601070547,0.02403417402627715,-3.096370046838888e-19,-0.0020340438829319143,0.9999982989011317,-2.7731030129906736e-19,-0.0018445039553129765,-4.7456956320313625e-20
4.49,1.4823337856720187,-1.3476804917925271e-18,1.0021555365341133,0.023957011155699953,-2.987643240074939e-19,-0.002030492508444783,0.9999983021337087,-2.7343034964609267e-19,-0.001842750579453715,-4.9148387206477904e-20
4.492,1.4823816226048072,-1.348267276492952e-18,1.0021514790946862,0.023879933376786438,-2.880456155507088e-19,-0.0020269468754068455,0.999998305440587,-2.695675112132778e-19,-0.0018409551740364652,-5.152116001369226e-20
4.494,1.4824293054684823,-1.3488327771185343e-18,1.0021474287407977,0.023802942314503563,-2.774801296398717e-19,-0.002023406968841937,0.9999983088208418,-2.657242261729773e-19,-0.0018391181187118594,-5.3203015973913336e-20
4.496,1.4824768344380892,-1.3493772993675811e-18,1.0021433854610098,0.023726039578619147,-2.670671200308753e-19,-0.0020198727738546087,0.9999983122735487,-2.6189977633507425e-19,-0.001837239791758142,-5.453825331982233e-20
4.498,1.4825242096918778,-1.3499011474493765e-18,1.0021393492439141,0.023649226763758878,-2.568058439665344e-19,-0.0020163442756304262,0.9999983157977834,-2.5809344291919523e-19,-0.0018353205700773327,-5.587035416843542e-20
4.5,1.4825714314112723,-1.350404624091174e-18,1.002135320078132,0.023572505449463432,-2.466955621657007e-19,-0.0020128214594363047,0.9999983193926218,-2.5430514122486317e-19,-0.001833360829191477,-5.719932561595887e-20
4.502,1.4826184997808407,-1.3508880305451988e-18,1.002131297952314,0.023495877200245756,-2.367355388692851e-19,-0.002009304310620794,0.9999983230571409,-2.5053478566248895e-19,-0.0018313609432389797,-5.852517474262866e-20
4.5040000000000004,1.4826654149882652,-1.3513516665956448e-18,1.00212728285514,0.023419343565648457,-2.269250418699963e-19,-0.0020057928146143523,0.9999983267904176,-2.467816628939177e-19,-0.0018293212849710217,-6.018975723085011e-20
4.506,1.482712177224312,-1.3517958305659245e-18,1.0021232747753186,0.023342906080301335,-2.1726334254702484e-19,-0.002002286956929595,0.99999833059153,-2.4304568808304897e-19,-0.0018272422257480604,-6.219308205892938e-20
4.508,1.4827587866828016,-1.3522208193257738e-18,1.0021192737015878,0.023266566263979035,-2.0774971586071487e-19,-0.00199878672316156,0.9999983344595571,-2.3932552456564514e-19,-0.0018251241355364124,-6.521966766187622e-20
4.51,1.4828052435605799,-1.3526267131266758e-18,1.0021152796227142,0.023190325621658816,-1.9795309665869977e-19,-0.0019952920989879026,0.9999983383935791,-2.685209127167563e-19,-0.0018229673829049183,-6.692850057666803e-20
4.5120000000000005,1.482851548057487,-1.3530114401680427e-18,1.0021112925274926,0.023114185643578446,-1.8679903372082245e-19,-0.0019918030701691104,0.9999983423926774,-2.756519592267876e-19,-0.0018207723350216884,-6.619537635883198e-20
4.514,1.48289770037633,-1.3533746234816345e-18,1.0021073124047468,0.023038147805294198,-1.7644528186926031e-19,-0.0019883196225486816,0.9999983464559344,-2.6633059319067987e-19,-0.00181853935765093,-6.372157870017452e-20
4.516,1.4829437007228512,-1.3537167121627962e-18,1.0021033392433283,0.02296221356773897,-1.6548894032489748e-19,-0.00198484174205332,0.9999983505824345,-2.8446194037939513e-19,-0.001816268815149855,-6.37017678582472e-20
4.518,1.4829895493057013,-1.3540365392001256e-18,1.0020993730321168,0.022886384377280508,-1.54363510166689e-19,-0.0019813694146930657,0.9999983547712632,-2.8057080074242612e-19,-0.0018139610704656663,-6.706912137464505e-20
4.5200000000000005,1.4830352463364083,-1.3543340546717427e-18,1.00209541376002,0.022810661665779733,-1.429620826838706e-19,-0.0019779026265614465,0.9999983590215081,-3.0959787094410204e-19,-0.0018116164851326253,-6.808956667266854e-20
4.522,1.48308079202935,-1.3546074159078263e-18,1.0020914614159733,0.02273504685064917,-1.3042534640445577e-19,-0.0019744413638355897,0.9999983633322587,-3.1108066844490047e-19,-0.001809235419269197,-6.563121116850342e-20
4.524,1.4831261866017247,-1.3548564749587949e-18,1.0020875159889395,0.022659541334911482,-1.186958052276948e-19,-0.0019709856127763316,0.999998367702606,-3.0707326180291024e-19,-0.001806818231575273,-6.351143113373267e-20
4.526,1.483171430273522,-1.355081551379132e-18,1.002083577467909,0.022584146507258082,-1.0637086748216083e-19,-0.0019675353597283143,0.9999983721316436,-3.030830088376371e-19,-0.0018043652793294739,-6.242468829950968e-20
4.5280000000000005,1.4832165232674948,-1.3552826406856621e-18,1.0020796458418995,0.02250886374210786,-9.463692881086247e-20,-0.0019640905911200686,0.999998376618467,-3.100625943103768e-19,-0.0018018769183865272,-6.204563447835274e-20
4.53,1.4832614658091308,-1.355459307587613e-18,1.0020757210999554,0.02243369439966598,-8.209195694379405e-20,-0.001960651293464043,0.9999983811621742,-3.1155127131816526e-19,-0.0017993535031747235,-6.234295167785137e-20
4.532,1.4833062581266236,-1.3556116193763085e-18,1.0020718032311484,0.02235863982598279,-7.013841421288113e-20,-0.001957217453356693,0.9999983857618656,-3.1303350282295363e-19,-0.0017967953866934473,-6.229731569189601e-20
4.534,1.4833509004508452,-1.355739285323042e-18,1.0020678922245767,0.022283701353012768,-5.758960845064618e-20,-0.0019537890574784856,0.999998390416644,-3.1450993817832505e-19,-0.0017942029205107854,-6.156647247244962e-20
4.5360000000000005,1.483395393015317,-1.3558423738700036e-18,1.0020639880693651,0.022208880298673607,-4.552519826219939e-20,-0.0019503660925939217,0.999998395125615,-3.2146257030847627e-19,-0.001791576454761208,-6.050373174059353e-20
4.538,1.4834397360561826,-1.3559202369631945e-18,1.0020600907546646,0.022134177966905328,-3.222092274389089e-20,-0.0019469485455515423,0.9999983998878867,-3.3934801216644864e-19,-0.0017889163381433276,-5.912047746505695e-20
4.54,1.4834839298121796,-1.3559716556650737e-18,1.0020562002696527,0.022059595647729503,-1.9188947077260998e-20,-0.0019435364032839204,0.9999984047025706,-3.352146958163693e-19,-0.0017862229179177287,-5.975717337553459e-20
4.542,1.4835279745246113,-1.355996707976779e-18,1.0020523166035329,0.02198513461730852,-5.890351396721365e-21,-0.0019401296528076236,0.9999984095687807,-3.365680905322375e-19,-0.0017834965399048744,-6.177199193712112e-20
4.5440000000000005,1.48357187043732,-1.3559954003411764e-18,1.0020484397455345,0.021910796138004944,7.135096273982202e-21,-0.0019367282812231931,0.9999984144856341,-3.3792055552632917e-19,-0.001780737548483083,-6.069809410045339e-20
4.546,1.4836156177966588,-1.355967703758327e-18,1.0020445696849125,0.02183658145844093,2.0534415788938588e-20,-0.0019333322757150927,0.9999984194522513,-3.3378160167384643e-19,-0.0017779462865865805,-6.098762971807648e-20
4.548,1.4836592168514644,-1.3559138047518495e-18,1.0020407064109476,0.021762491813557685,3.333764812992681e-20,-0.0019299416235516273,0.9999984244677558,-3.2965920902935826e-19,-0.001775123095703622,-6.298981374500535e-20
4.55,1.4837026678530294,-1.3558340318804462e-18,1.0020368499129457,0.02168852842467503,4.640840837278781e-20,-0.001926556312084886,0.9999984295312745,-3.2556181863869633e-19,-0.0017722683158746873,-6.190414604475806e-20
4.5520000000000005,1.483745971055076,-1.3557286404661563e-18,1.002033000180238,0.02161469249955097,5.888450959301201e-20,-0.0019231763287506517,0.9999984346419378,-3.214696510745243e-19,-0.0017693822856907457,-6.150719236983595e-20
4.554,1.4837891267137282,-1.3555981719839726e-18,1.0020291572021807,0.021540985232441367,7.152146498867539e-20,-0.001919801661068285,0.9999984397988796,-3.1191491237304493e-19,-0.0017664653422915931,-6.075844112626504e-20
4.556,1.483832135087485,-1.355443166298894e-18,1.0020253209681549,0.02146740780415962,8.345778566276913e-20,-0.0019164322966406272,0.9999984450012372,-3.023943030790993e-19,-0.001763517821364258,-5.898351079335793e-20
4.558,1.4838749964371938,-1.3552642322701645e-18,1.0020214914675665,0.021393961382136433,9.555777428946226e-20,-0.0019130682231538769,0.9999984502481521,-3.148578984946734e-19,-0.0017605400571414776,-5.965016248464001e-20
4.5600000000000005,1.483917711026023,-1.3550606122742262e-18,1.0020176686898457,0.021320647120479593,1.081433662212446e-19,-0.0019097094283774421,0.9999984555387692,-3.272611894792439e-19,-0.0017575323824002432,-6.100051536839595e-20
4.562,1.4839602791194368,-1.3548313375180714e-18,1.0020138526244473,0.021247466160033833,1.212121496334441e-19,-0.001906355900163795,0.9999984608722372,-3.396050591409631e-19,-0.0017544951284604133,-6.269028862609601e-20
4.564,1.4840027009851673,-1.3545754440210475e-18,1.0020100432608503,0.02117441962844069,1.347617240614588e-19,-0.0019030076264483155,0.9999984662477088,-3.518903909316906e-19,-0.0017514286251833963,-6.437601750819631e-20
4.566,1.4840449768931887,-1.3542919725920429e-18,1.0020062405885577,0.021101508640198444,1.4878970035812866e-19,-0.0018996645952491266,0.9999984716643409,-3.6411746015223234e-19,-0.0017483332009708991,-6.605771228696108e-20
4.5680000000000005,1.4840871071156914,-1.3539799688069445e-18,1.0020024445970963,0.021028734296722057,1.6329370070457387e-19,-0.0018963267946669174,0.9999984771212942,-3.7628654289234517e-19,-0.0017452091827637446,-6.773538320461411e-20
4.57,1.4841290919270553,-1.3536384829860045e-18,1.001998655276017,0.02095609768640317,1.7827135856721442e-19,-0.0018929942128847331,0.9999984826177338,-3.883979150154038e-19,-0.0017420568960407543,-6.940904047168824e-20
4.572,1.4841709316038245,-1.3532665701712245e-18,1.0019948726148935,0.020883599884670125,1.9372031871508078e-19,-0.0018896668381677912,0.999998488152829,-4.004512534578994e-19,-0.0017388766648176977,-7.14217612893494e-20
4.574,1.4842126264246807,-1.352863397689058e-18,1.0019910966033236,0.020811241954048,2.0931548180007041e-19,-0.001886344658863269,0.9999984937257532,-3.8503753488323227e-19,-0.0017356688116463086,-7.166870335442797e-20
4.5760000000000005,1.4842541766704178,-1.3524300372969582e-18,1.001987327230928,0.02073902494421869,2.2387284488023924e-19,-0.0018830276634000673,0.9999984993356845,-3.6969748127499345e-19,-0.0017324336576133633,-7.157288213624077e-20
4.578,1.4842955826239166,-1.3519678784481194e-18,1.0019835644873505,0.020666949892080996,2.381502760173721e-19,-0.0018797158402885925,0.9999985049818052,-3.489493549225697e-19,-0.0017291715223398273,-7.043988290312393e-20
4.58,1.4843368445701184,-1.351478519622542e-18,1.0019798083622578,0.020595017821810734,2.5096588013749117e-19,-0.0018764091781205178,0.999998510663302,-3.118512889204758e-19,-0.0017258827239800634,-6.962266795528356e-20
4.582,1.4843779627960008,-1.3509645909633659e-18,1.0019760588453392,0.020523229744920882,2.6286462161592803e-19,-0.0018731076655685267,0.9999985163793664,-2.9684165971440974e-19,-0.0017225675792211044,-7.158666660220821e-20
4.5840000000000005,1.4844189375905514,-1.3504274552169823e-18,1.001972315926307,0.020451586660321715,2.7417343254903204e-19,-0.001869811291386058,0.9999985221291946,-2.819055259941705e-19,-0.0017192264032819902,-7.217624971573149e-20
4.586,1.4844597692447434,-1.349868289339306e-18,1.0019685795948956,0.020380089554380962,2.84895215996338e-19,-0.001866520044407028,0.9999985279119871,-2.6704137221317097e-19,-0.0017158595099131656,-7.207877768156641e-20
4.588,1.4845004580515098,-1.3492882644935253e-18,1.0019648498408615,0.02030873940098399,2.9503286158327916e-19,-0.0018632339135455697,0.9999985337269495,-2.5224768472615467e-19,-0.0017124672113959423,-7.19807938298064e-20
4.59,1.4845410043057192,-1.3486885460770733e-18,1.0019611266539836,0.02023753716159396,3.045892454736826e-19,-0.0018599528877957295,0.9999985395732919,-2.3752589177799536e-19,-0.0017090498185420202,-7.085594011083055e-20
4.5920000000000005,1.4845814083041509,-1.348070293748418e-18,1.0019574100240627,0.020166483785312033,3.135672304491342e-19,-0.001856676956231194,0.9999985454502296,-2.228733144993876e-19,-0.0017056076406930733,-7.007648110781788e-20
4.594,1.4846216703454698,-1.347434661454052e-18,1.001953699940921,0.02009558020893754,3.219696656286833e-19,-0.0018534061080049678,0.9999985513569826,-2.082896205750299e-19,-0.0017021409857203935,-6.964119104495013e-20
4.596,1.4846617907302024,-1.3467827974559854e-18,1.0019499963944032,0.02002482735702817,3.297993864560118e-19,-0.0018501403323490772,0.9999985572927758,-1.937750684303e-19,-0.0016986501600245966,-6.92061861424118e-20
4.598,1.4847017697607119,-1.346115844358753e-18,1.0019462993743742,0.019954226141960164,3.370592149652224e-19,-0.0018468796185742416,0.9999985632568391,-1.7933165840605024e-19,-0.001695135468535387,-6.740163331052361e-20
4.6000000000000005,1.4847416077411741,-1.3454349391357308e-18,1.001942608870721,0.01988377746398848,3.4375196040148374e-19,-0.0018436239560695648,0.9999985692484076,-1.6495848402904866e-19,-0.0016915972147113834,-6.457343892448618e-20
4.602,1.4847813049775538,-1.3447412131545473e-18,1.001938924873352,0.019813482211306983,3.498804192790625e-19,-0.0018403733343021823,0.9999985752667214,-1.5065405977089897e-19,-0.0016880357005400006,-6.140935037745668e-20
4.604,1.4848208617775793,-1.3440355770334042e-18,1.0019352473721956,0.019743341260108595,3.558777135757822e-19,-0.0018371277428169419,0.9999985813110259,-1.6382572320341104e-19,-0.001684451226537394,-6.104038539698382e-20
4.606,1.4848602784507199,-1.3433172153352931e-18,1.001931576357202,0.01967335547464546,3.624980881264053e-19,-0.0018338871712360219,0.9999985873805715,-1.6598220371142758e-19,-0.0016808440917484573,-6.099646004727382e-20
4.6080000000000005,1.4848995553081614,-1.3425860686715823e-18,1.001927911818342,0.019603525707289078,3.6866261231620654e-19,-0.0018306516092586132,0.9999985934746137,-1.5716331764531838e-19,-0.001677214593746881,-6.093339240052306e-20
4.61,1.4849386926627826,-1.3418426880520635e-18,1.001924253745606,0.019533852798590438,3.745888712847832e-19,-0.0018274210466605499,0.9999985995924137,-1.3742165863287467e-19,-0.0016735630286352683,-6.050865000454778e-20
4.612,1.4849776908291312,-1.3410886610514542e-18,1.0019206021290057,0.019464337577340115,3.7930960564504476e-19,-0.0018241954732939217,0.9999986057332375,-1.1229217105854862e-19,-0.0016698896910453045,-5.939049957679552e-20
4.614,1.4850165501234016,-1.340325675364562e-18,1.0019169569585726,0.019394980860628366,3.836917828884683e-19,-0.0018209748790867233,0.9999986118963569,-1.1468896699776573e-19,-0.0016661948741379857,-6.174748847478505e-20
4.616,1.48505527086341,-1.3395538321404438e-18,1.0019133182243587,0.01932578345390519,3.881670681541821e-19,-0.0018177592540424609,0.9999986180810487,-1.1707379641715866e-19,-0.0016624788696039021,-6.444235753900837e-20
4.618,1.485093853368572,-1.3387729456294138e-18,1.0019096859164351,0.01925674615104037,3.9273499538568553e-19,-0.0018145485882397692,0.9999986242865956,-1.1944614632361167e-19,-0.0016587419676635758,-6.781534246258696e-20
4.62,1.4851322979598798,-1.337982831011951e-18,1.0019060600248937,0.019187869734383488,3.973951005400125e-19,-0.0018113428718320105,0.9999986305122852,-1.2180891620876297e-19,-0.0016549844570678536,-7.015234342528995e-20
4.622,1.4851706049598783,-1.337183304394022e-18,1.0019024405398451,0.019119154974823912,4.021469222549883e-19,-0.001808142095046894,0.9999986367574109,-1.2416216189650036e-19,-0.0016512066250983558,-7.145581620949043e-20
4.624,1.4852087746926432,-1.3363741828015886e-18,1.00189882745142,0.01905060263185075,4.0699000184648447e-19,-0.0018049462481860544,0.9999986430212715,-1.265042338285689e-19,-0.0016474087575679768,-7.27561936426835e-20
4.626,1.485246807483758,-1.3355552841756607e-18,1.001895220749768,0.018982213453612767,4.119238828889917e-19,-0.0018017553216246548,0.9999986493031714,-1.2883574876898707e-19,-0.0016435911388214398,-7.371122831907166e-20
4.628,1.4852847036602903,-1.3347264273677798e-18,1.001891620425058,0.018913988176978282,4.1694811139513715e-19,-0.0017985693058109667,0.9999986556024205,-1.311573265171249e-19,-0.0016397540517359055,-7.397907797414628e-20
4.63,1.4853224635507711,-1.3338874321349026e-18,1.0018880264674783,0.018845927527595008,4.2206223584168224e-19,-0.0017953881912659436,0.9999986619183344,-1.3346845631930197e-19,-0.0016358977777216313,-7.390322032377391e-20
4.632,1.4853600874851713,-1.333038119134626e-18,1.0018844388672357,0.01877803221994987,4.2726580711859665e-19,-0.0017922119685828061,0.9999986682502343,-1.357691897195347e-19,-0.0016320225967226842,-7.348487629842179e-20
4.634,1.4853975757948796,-1.3321783099204996e-18,1.0018808576145557,0.018710302957428773,4.3255837832947134e-19,-0.0017890406284266072,0.999998674597447,-1.380573377705524e-19,-0.0016281287872177048,-7.409550169375593e-20
4.636,1.4854349288126802,-1.3313078269382191e-18,1.0018772826996825,0.01864274043237633,4.379395041437439e-19,-0.0017858741615337998,0.9999986809593048,-1.4033350736084664e-19,-0.0016242166262207228,-7.538999658186747e-20
4.638,1.4854721468727312,-1.3304264935223454e-18,1.0018737141128788,0.01857534532615554,4.434087412098037e-19,-0.001782712558711795,0.999998687335146,-1.426011000125111e-19,-0.001620286389282023,-7.531158642850269e-20
4.64,1.4855092303105426,-1.329534133891539e-18,1.0018701518444257,0.018508118309207424,4.489656487341124e-19,-0.00177955581083852,0.9999986937243143,-1.4485794147607555e-19,-0.00161633835048906,-7.523295117674133e-20
4.642,1.4855461794629543,-1.3286305731437876e-18,1.0018665958846222,0.018441060041110617,4.546097881550082e-19,-0.001776403908861966,0.9999987001261593,-1.4710352822576965e-19,-0.0016123727824674263,-7.549715854683144e-20
4.644,1.4855829946681147,-1.3277156372521954e-18,1.0018630462237856,0.018374171170640895,4.603407228715448e-19,-0.0017732568437997197,0.9999987065400378,-1.493390146399484e-19,-0.0016083899563818693,-7.541888623085332e-20
4.646,1.4856196762654585,-1.326789153061014e-18,1.001859502852251,0.018307452335830664,4.661580183890816e-19,-0.0017701146067385753,0.9999987129653082,-1.515633496083075e-19,-0.0016043901419373475,-7.568304973782601e-20
4.648,1.4856562245956866,-1.325850948281458e-18,1.0018559657603712,0.01824090416402838,4.720612422020028e-19,-0.0017669771888340134,0.9999987194013386,-1.5377713380787162e-19,-0.0016003736073801555,-7.594658258413868e-20
4.65,1.485692640000743,-1.3249008514877366e-18,1.0018524349385167,0.018174527271957924,4.780499638920694e-19,-0.0017638445813097459,0.9999987258475017,-1.5598096841323928e-19,-0.0015963406194990774,-7.586682536484076e-20
4.652,1.4857289228237953,-1.323938692112631e-18,1.0018489103770756,0.018108322265777913,4.841237551589822e-19,-0.001760716775457239,0.9999987323031759,-1.5817435075450247e-19,-0.001592291443626598,-7.578725287147032e-20
4.654,1.4857650734092127,-1.322964300443589e-18,1.001845392066453,0.018042289741140957,4.902821898797276e-19,-0.001757593762635279,0.9999987387677456,-1.6035842727824868e-19,-0.0015882263436401574,-7.502335500615299e-20
4.656,1.485801092102545,-1.3219775076178038e-18,1.0018418799970714,0.01797643028325284,4.965248442034996e-19,-0.0017544755342694684,0.9999987452406006,-1.6253052135604634e-19,-0.001584145581963457,-7.528884057247856e-20
4.658,1.4858369792505026,-1.3209781456186453e-18,1.0018383741593706,0.017910744466931645,5.028512958481295e-19,-0.0017513620818517572,0.9999987517211371,-1.6469176749799983e-19,-0.0015800494195678054,-7.589675986323889e-20
4.66,1.4858727352009344,-1.3199660472722316e-18,1.001834874543807,0.01784523285666683,5.092611243276133e-19,-0.001748253396939962,0.9999987582087565,-1.6684330073177197e-19,-0.0015759381159735168,-7.61605731470722e-20
4.662,1.4859083603028087,-1.3189410462436809e-18,1.001831381140854,0.0177798960066782,5.1575391119062285e-19,-0.0017451494711572878,0.9999987647028667,-1.6898516826615532e-19,-0.0015718119292513497,-7.608028392272708e-20
4.664,1.4859438549061916,-1.3179029770327279e-18,1.0018278939410015,0.01771473446097484,5.223292403448265e-19,-0.0017420502961918423,0.9999987712028813,-1.7111796289636456e-19,-0.0015676711160239939,-7.53140469220747e-20
4.666,1.4859792193622272,-1.3168516749689119e-18,1.0018244129347564,0.01764974875341397,5.289866979930762e-19,-0.0017389558637961257,0.9999987777082193,-1.732406531810273e-19,-0.001563515931467601,-7.454962241231342e-20
4.668,1.4860144540231173,-1.3157869762073114e-18,1.0018209381126417,0.017584939407759716,5.357258724664216e-19,-0.0017358661657865813,0.999998784218306,-1.7535382503240022e-19,-0.00155934662931336,-7.344475128157009e-20
4.67,1.486049559242101,-1.3147087177241476e-18,1.0018174694651967,0.017520306937741818,5.425463541215263e-19,-0.0017327811940430612,0.9999987907325726,-1.7745645384254822e-19,-0.0015551634618491152,-7.268434424935716e-20
4.672,1.486084535373435,-1.3136167373132427e-18,1.0018140069829768,0.01745585184711426,5.494477351021145e-19,-0.0017297009405083527,0.9999987972504558,-1.7954912141664485e-19,-0.0015509666799210294,-7.192573609999378e-20
4.674,1.4861193827723738,-1.3125108735821416e-18,1.0018105506565538,0.017391574629713812,5.564296095216776e-19,-0.0017266253971876858,0.9999988037713986,-1.8163187500805807e-19,-0.0015467565329352895,-7.116892263721748e-20
4.676,1.486154101795149,-1.311390965948209e-18,1.001807100476515,0.017327475769518517,5.634915735207915e-19,-0.0017235545561482156,0.9999988102948497,-1.8370635539817322e-19,-0.0015425332688598539,-6.938632274454338e-20
4.678,1.486188692798951,-1.310256854634046e-18,1.001803656433464,0.017263555740706066,5.706332257409669e-19,-0.0017204884095185177,0.9999988168202636,-1.8577313980587895e-19,-0.0015382971342262426,-6.623689473444208e-20
4.68,1.4862231561419086,-1.3091083806622564e-18,1.0018002185180197,0.01719981500771211,5.778541675831669e-19,-0.0017174269494881086,0.9999988233471008,-1.8783122202091475e-19,-0.0015340483741313703,-6.240879449576151e-20
4.682,1.4862574921830698,-1.3079453858501373e-18,1.0017967867208166,0.01713625402528848,5.851540028290298e-19,-0.0017143701683069133,0.9999988298748275,-1.898801181585407e-19,-0.0015297872322394192,-5.824669793441066e-20
4.684,1.4862917012823824,-1.3067679279725871e-18,1.0017933610325047,0.017072873238561326,5.921020027835468e-19,-0.0017113180582847783,0.999998836402916,-1.5902074307885339e-19,-0.0015255139507837539,-5.610010699474367e-20
4.686,1.4863257838006751,-1.3055782161581563e-18,1.0017899414437492,0.017009673083089163,5.97516480375138e-19,-0.0017082706117909506,0.9999988429308443,-1.337844965879933e-19,-0.001521228770568876,-5.773554220821284e-20
4.688,1.486359740099638,-1.3043780902562293e-18,1.0017865279452307,0.01694665398492083,6.02481011497998e-19,-0.0017052278212535811,0.9999988494580965,-1.1415409615730127e-19,-0.0015169319309724203,-5.697690777257855e-20
4.69,1.4863935705418037,-1.303169165246453e-18,1.0017831205276448,0.016883816360653364,6.063519733680415e-19,-0.0017021896791591848,0.9999988559841622,-1.0008895994707677e-19,-0.0015126236699471887,-5.451513649261502e-20
4.692,1.4864272754905288,-1.301952475477197e-18,1.0017797191817024,0.016821160617489762,6.104255982620381e-19,-0.0016991561780521627,0.9999988625085369,-1.135132884099586e-19,-0.0015083042240232253,-5.415629829539184e-20
4.694,1.486460855309975,-1.3007271132931116e-18,1.0017763238981285,0.016758687153296686,6.150239719298205e-19,-0.0016961273105342719,0.9999988690307222,-1.2687397644623193e-19,-0.0015039738283099309,-5.379867120721603e-20
4.696,1.48649431036509,-1.299492031795279e-18,1.0017729346676634,0.01669639635666202,6.201444977643289e-19,-0.0016931030692641114,0.9999988755502255,-1.4017132934641882e-19,-0.001499632716498213,-5.3441846866371934e-20
4.698,1.4865276410215904,-1.2982461892655975e-18,1.0017695514810618,0.016634288606952395,6.257845914686218e-19,-0.0016900834469566063,0.9999988820665597,-1.5340615976546853e-19,-0.001495281120862678,-5.2743162938364564e-20
4.7,1.4865608476459413,-1.2969885491420598e-18,1.0017661743290933,0.016572364274370546,6.319416813829074e-19,-0.0016870684363824873,0.999998888579244,-1.6657979633965328e-19,-0.0014909192722638589,-5.101892051711209e-20
4.702,1.4865939306053397,-1.2957180799932089e-18,1.0017628032025414,0.01651062372001263,6.386132084995793e-19,-0.0016840580303677832,0.9999988950878029,-1.7969048755448938e-19,-0.0014865474001504798,-4.9641383099333675e-20
4.704,1.4866268902676956,-1.294433755493499e-18,1.0017594380922041,0.016449067295925407,6.457966258958166e-19,-0.0016810522217933,0.9999989015917671,-1.927390394040232e-19,-0.0014821657325617599,-4.8267474520509536e-20
4.706,1.486659727001614,-1.29313455439914e-18,1.0017560789888937,0.01638769534516332,6.534893986708042e-19,-0.001678051003594099,0.9999989080906728,-2.0572472892981504e-19,-0.0014777744961297524,-4.7581696621068775e-20
4.708,1.4866924411763773,-1.2918194605244894e-18,1.0017527258834364,0.016326508201845495,6.616890035884202e-19,-0.0016750543687589804,0.9999989145840623,-2.1864784963958774e-19,-0.0014733739160817192,-4.758282496087228e-20
4.71,1.486725033161927,-1.290487462718859e-18,1.0017493787666725,0.01626550619121261,6.703929288124845e-19,-0.0016720623103299622,0.9999989210714832,-2.3150818454342033e-19,-0.0014689642162425435,-4.8611080689985395e-20
4.712,1.4867575033288465,-1.289137554843935e-18,1.001746037629456,0.01620468962968367,6.795986738747524e-19,-0.0016690748214017663,0.9999989275524894,-2.443070332064832e-19,-0.0014645456190371764,-4.9979519807777393e-20
4.714,1.4867898520483427,-1.2877687357507824e-18,1.0017427024626548,0.016144058824912672,6.893037499551146e-19,-0.0016660918951212971,0.9999989340266401,-2.5704619237058366e-19,-0.0014601183454931179,-5.065975943831942e-20
4.716,1.4868220796922298,-1.286380009255905e-18,1.0017393732571505,0.01608361407584515,6.995056804852256e-19,-0.001663113524687119,0.9999989404935001,-2.697259540596508e-19,-0.001455682615242935,-5.0653025298559045e-20
4.718,1.486854186632911,-1.284970384116724e-18,1.001736050003838,0.016023355672774627,7.102020011074989e-19,-0.0016601397033489391,0.9999989469526406,-2.823471025876246e-19,-0.0014512386465268124,-4.9618285237896763e-20
4.72,1.4868861732433611,-1.2835388740070025e-18,1.0017327326936258,0.015963283897398952,7.213902597585422e-19,-0.0016571704244070938,0.9999989534036376,-2.949079329606876e-19,-0.0014467866561951375,-4.8927808567027837e-20
4.722,1.4869180398971105,-1.2820844974930466e-18,1.001729421317436,0.015903399022876505,7.330680159899615e-19,-0.0016542056812120117,0.9999989598460735,-3.074102154816543e-19,-0.0014423268597111192,-4.755401491193753e-20
4.724,1.4869497869682267,-1.2806062780100362e-18,1.0017261158662034,0.015843701313882307,7.452328413076032e-19,-0.0016512454671637252,0.9999989662795359,-3.1985374007748165e-19,-0.0014378594711534397,-4.5840373334349465e-20
4.726,1.4869814148312983,-1.2791032438383917e-18,1.0017228163308765,0.015784191026664004,7.578823191064839e-19,-0.0016482897757113205,0.9999989727036181,-3.3223928203749806e-19,-0.00143338470321894,-4.344624718165965e-20
4.728,1.4870129238614183,-1.2775745356628496e-18,1.0017195227024165,0.01572486840909774,7.707988782470262e-19,-0.0016453386003524434,0.9999989791179194,-3.2263189007910366e-19,-0.0014289027672253366,-4.376761384974332e-20
4.73,1.4870443144341667,-1.276020696740035e-18,1.0017162349717976,0.01566573370074391,7.830134491774452e-19,-0.0016423919346327687,0.999998985522044,-3.185636410869314e-19,-0.0014244138731139711,-4.546675390545234e-20
4.732,1.487075586925595,-1.2744421590867263e-18,1.0017129531300073,0.015606787132902774,7.954977348346669e-19,-0.0016394497721454802,0.9999989919156023,-3.145205299491062e-19,-0.0014199182294525915,-4.304914044564302e-20
4.734,1.4871067417122084,-1.2728393528631986e-18,1.0017096771680452,0.015548028928669999,8.071745622389167e-19,-0.0016365121065307767,0.9999989982982098,-2.995334207871671e-19,-0.0014154160434381657,-3.9250656619875395e-20
4.736,1.4871377791709504,-1.2712132442722477e-18,1.0017064070769237,0.015489459302992017,8.190156484997668e-19,-0.0016335789314753275,0.9999990046694879,-3.120153489159274e-19,-0.0014109075208997236,-3.6870658657060483e-20
4.738,1.4871686996791862,-1.2695629669353034e-18,1.0017031428476684,0.01543107846272131,8.313429215754761e-19,-0.001630650240711781,0.9999990110290633,-3.244386170939071e-19,-0.0014063928663012332,-3.4153604630800185e-20
4.74,1.487199503614687,-1.2678877660582198e-18,1.0016998844713165,0.015372886606671536,8.437236377666752e-19,-0.0016277260280182309,0.9999990173765682,-3.039036950797653e-19,-0.0014018722827445042,-3.413797976014497e-20
4.742,1.4872301913556134,-1.2661890422132222e-18,1.0016966319389184,0.015314883925672557,8.548665262712606e-19,-0.001624806287217727,0.9999990237116402,-2.834661134388543e-19,-0.0013973459719721232,-3.412246514548861e-20
4.744,1.4872607632804995,-1.264468260755941e-18,1.0016933852415364,0.015257070602625315,8.659612737854749e-19,-0.0016218910121777428,0.9999990300339225,-2.905546715326676e-19,-0.0013928141343704178,-3.174594322981955e-20
4.746,1.4872912197682377,-1.2627250144078665e-18,1.0016901443702448,0.0151994468125566,8.773311976267943e-19,-0.0016189801968096735,0.9999990363430638,-2.9760965326473647e-19,-0.0013882769689724504,-2.9375035857657094e-20
4.748,1.4873215611980624,-1.2609587541859806e-18,1.0016869093161307,0.015142012722673676,8.889749291692237e-19,-0.0016160738350683337,0.9999990426387179,-3.0463026483526735e-19,-0.0013837346734610408,-2.769505215745881e-20
4.75,1.4873517879495346,-1.2591689338384353e-18,1.0016836800702924,0.015084768492418785,9.00891105792702e-19,-0.001613171920951427,0.999999048920544,-3.1161618654087604e-19,-0.0013791874441718168,-2.704701571575782e-20
4.752,1.4873819004025268,-1.2573550098327748e-18,1.0016804566238409,0.015027714273523514,9.1307837071045e-19,-0.0016102744484990579,0.999999055188207,-3.1856852152270307e-19,-0.0013746354760962934,-2.6743158465047205e-20
4.7540000000000004,1.487411898937207,-1.2555164413440375e-18,1.0016772389678987,0.014970850210063034,9.255353733223984e-19,-0.0016073814117932347,0.9999990614413766,-3.2548742943752824e-19,-0.001370078962884981,-2.6782664808322564e-20
4.756,1.4874417839340235,-1.2536526902422745e-18,1.0016740270936004,0.014914176438510198,9.38260769129106e-19,-0.0016044928049573407,0.9999990676797282,-3.3237353243018977e-19,-0.0013655180968505192,-2.682205996364666e-20
4.758,1.4874715557736906,-1.251763221080246e-18,1.001670820992092,0.01485769308778952,9.512532200801421e-19,-0.0016016086221556424,0.9999990739029424,-3.392269922655387e-19,-0.0013609530689708384,-2.686134442839783e-20
4.76,1.4875012148371725,-1.2498475010803383e-18,1.001667620654531,0.014801400279331,9.645113944312453e-19,-0.001598728857592792,0.9999990801107049,-3.4604749110797254e-19,-0.0013563840688923493,-2.724317978790182e-20
4.7620000000000005,1.487530761505669,-1.2479050001223907e-18,1.0016644260720868,0.014745298127123826,9.780339664890656e-19,-0.00159585350551332,0.9999990863027067,-3.5283425297749954e-19,-0.0013518112849331568,-2.8652076509516225e-20
4.764,1.4875601961606004,-1.245935190731962e-18,1.0016612372359404,0.014689386737769929,9.918196161923665e-19,-0.0015929825602011422,0.999999092478644,-3.5958742824035345e-19,-0.001347234904086303,-3.108560028291984e-20
4.766,1.487589519183593,-1.2439377632343464e-18,1.0016580541372837,0.014633666210537409,1.0054366986979583e-18,-0.0015901160159790706,0.9999990986382181,-3.3341632737749646e-19,-0.0013426551120230329,-3.106998733674342e-20
4.768,1.4876187309564641,-1.2419143459568594e-18,1.0016548767673201,0.014578136637413813,1.0180253730782788e-18,-0.0015872538672083026,0.9999991047811354,-3.402684642991604e-19,-0.0013380720930960877,-2.835737777168407e-20
4.7700000000000005,1.4876478318612079,-1.2398646228047626e-18,1.0016517051172644,0.01452279810315928,1.0318499436584302e-18,-0.0015843961082879462,0.9999991109071075,-3.525688844410265e-19,-0.0013334860303430228,-2.702794334709648e-20
4.772,1.487676822279981,-1.2377877415878603e-18,1.0016485391783425,0.014467650685359539,1.0449678064319922e-18,-0.0015815427336545078,0.999999117015851,-3.37382831919297e-19,-0.0013288971054895495,-2.7378765813796556e-20
4.774,1.4877057025950877,-1.235684611808493e-18,1.0016453789417914,0.014412694454478762,1.0582424203156973e-18,-0.0015786937377814236,0.9999991231070875,-3.4968028383255636e-19,-0.0013243054989529029,-2.8794033646782615e-20
4.776,1.4877344731889668,-1.2335544535390176e-18,1.001642224398859,0.014357929473912288,1.0719959150274618e-18,-0.001575849115178554,0.9999991291805439,-3.619207833148e-19,-0.001319711389845233,-2.9177929448616324e-20
4.7780000000000005,1.4877631344441762,-1.2313963113988866e-18,1.0016390755408042,0.014303355800039184,1.0862259113499861e-18,-0.0015730088603917187,0.9999991352359516,-3.7410415719444734e-19,-0.0013151149559770196,-2.887474727246507e-20
4.78,1.4877916867433798,-1.2292092347541553e-18,1.0016359323588968,0.014248973482274677,1.1009300418473537e-18,-0.001570172968002202,0.9999991412730475,-3.862288748211292e-19,-0.0013105163738605108,-2.9257572916823687e-20
4.782,1.4878201304693337,-1.226992277694774e-18,1.0016327948444175,0.014194782563122423,1.1161059499386404e-18,-0.0015673414326262671,0.9999991472915729,-3.982952053028801e-19,-0.001305915818713185,-3.032518680236364e-20
4.784,1.4878484660048719,-1.224744499013054e-18,1.0016296629886574,0.014140783078226653,1.1317512898664568e-18,-0.0015645142489146922,0.9999991532912744,-4.103047678850395e-19,-0.001301313464461236,-3.1047576605144204e-20
4.7860000000000005,1.4878766937328927,-1.22246496218168e-18,1.0016265367829187,0.014086975056424146,1.1478637269963167e-18,-0.0015616914115522704,0.9999991592719033,-4.222569388551406e-19,-0.0012967094837430793,-3.2110071062302837e-20
4.788,1.4879048140363456,-1.2201527353316867e-18,1.0016234162185138,0.014033358519796072,1.1644409376762489e-18,-0.0015588729152573616,0.9999991652332155,-4.341524340997974e-19,-0.0012921040479128819,-3.3170015481688967e-20
4.79,1.4879328272982173,-1.217806891230361e-18,1.001620301286766,0.013979933483719674,1.1814806092773928e-18,-0.0015560587547814124,0.9999991711749722,-4.459915223233373e-19,-0.0012874973270441143,-3.422741628675731e-20
4.792,1.4879607339015188,-1.215426507259268e-18,1.0016171919790087,0.013926699956919806,1.1989804400798212e-18,-0.0015532489249084696,0.999999177096939,-4.577740266233341e-19,-0.0012828894899331222,-3.5624941018742304e-20
4.7940000000000005,1.487988534229272,-1.2130106653927335e-18,1.001614088286586,0.013873657941520321,1.2169381391380373e-18,-0.0015504434204547288,0.9999991829988862,-4.694997761973416e-19,-0.0012782807041027216,-3.770444497181594e-20
4.796,1.4880162286644962,-1.210558667340876e-18,1.0016109902008523,0.013820807433095302,1.2349210970302923e-18,-0.0015476422362680714,0.9999991888805891,-4.482775132281193e-19,-0.001273671135805814,-3.7338311961337184e-20
4.798,1.4880438175901955,-1.2080719699014227e-18,1.0016078977131722,0.013768148420720142,1.2516381849344915e-18,-0.0015448453672275992,0.9999991947418275,-4.2715761963335e-19,-0.0012690609500290218,-3.56024714885707e-20
4.8,1.4880713013893458,-1.2055520227502827e-18,1.0016048108149203,0.013715680887022474,1.2683866282712769e-18,-0.0015420528082431563,0.9999992005823858,-4.390307214442565e-19,-0.001264450310496345,-3.596771507074897e-20
4.8020000000000005,1.4880986804448817,-1.202998116830799e-18,1.0016017294974817,0.013663404808232943,1.2855965850541087e-18,-0.001539264554254903,0.999999206402053,-4.508479652444263e-19,-0.0012598393796728377,-3.5989807188959493e-20
4.804,1.488125955139684,-1.2004093314142473e-18,1.0015986537522514,0.013611320154235827,1.3032657589127111e-18,-0.001536480600232832,0.9999992122006227,-4.626096189703942e-19,-0.0012552283187683027,-3.5669155482438597e-20
4.806,1.4881531258565668,-1.1977847503534469e-18,1.0015955835706345,0.013559426888619497,1.3213918646963303e-18,-0.0015337009411763363,0.9999992179778932,-4.743163820484181e-19,-0.001250617287741009,-3.466391158160508e-20
4.808,1.4881801929782654,-1.1951234620601627e-18,1.001592518944046,0.013507724968726724,1.3399726285394364e-18,-0.0015309255721137392,0.999999223733667,-4.859689452842394e-19,-0.0012460064453014253,-3.263303741020541e-20
4.8100000000000005,1.4882071568874233,-1.1924247746468485e-18,1.0015894598639108,0.013456214345704832,1.3585754593658913e-18,-0.0015281544881018652,0.9999992294677513,-4.646682550361885e-19,-0.0012413959489159733,-3.2621520765946235e-20
4.812,1.4882340179665805,-1.1896901512772018e-18,1.0015864063216637,0.013404894964555686,1.3758016633177404e-18,-0.001525387684225593,0.9999992351799577,-4.379863854363449e-19,-0.0012367859548108,-3.226063171534453e-20
4.814,1.4882607765981604,-1.1869216931796222e-18,1.0015833583087494,0.013353766764185525,1.3926262640626444e-18,-0.0015226251555974018,0.9999992408701021,-4.3337772747528496e-19,-0.0012321766179755685,-2.91865307252391e-20
4.816,1.4882874331644584,-1.1841197699831432e-18,1.0015803158166223,0.013302829677454641,1.4092669056759436e-18,-0.0015198668973569404,0.9999992465380048,-4.287913799582758e-19,-0.0012275680921672648,-2.5777073218681707e-20
4.8180000000000005,1.48831398804763,-1.1812847487098796e-18,1.0015772788367465,0.013252083631226892,1.4257244835844479e-18,-0.0015171129046705905,0.9999992521834906,-4.2422723648866116e-19,-0.0012229605299140251,-2.2033053886007126e-20
4.82,1.4883404416296777,-1.1784169945952742e-18,1.0015742473605955,0.013201528546419048,1.4419998891091035e-18,-0.0015143631727310295,0.9999992578063884,-4.1968435460055074e-19,-0.0012183540825189787,-1.8640587880753344e-20
4.822,1.4883667942924406,-1.175516871096517e-18,1.0015712213796528,0.013151164338049998,1.4580940090505212e-18,-0.0015116176967567973,0.9999992634065316,-4.1516137416293403e-19,-0.0012137489000641076,-1.6626419064429948e-20
4.824,1.4883930464175814,-1.1725847399021844e-18,1.0015682008854112,0.01310099091528977,1.4740077252565073e-18,-0.0015088764719918767,0.9999992689837574,-4.10659857858328e-19,-0.0012091451314141246,-1.461744767582505e-20
4.8260000000000005,1.488419198386576,-1.169620960941414e-18,1.0015651858693728,0.013051008181508405,1.489741915476185e-18,-0.0015061394937052222,0.9999992745379087,-4.0618095425809737e-19,-0.0012045429242203672,-1.15860837752036e-20
4.828,1.4884452505807009,-1.1666258923916022e-18,1.0015621763230496,0.01300121603432466,1.5052974536529607e-18,-0.001503406757190465,0.9999992800688293,-4.017233196177813e-19,-0.0011999424249247033,-8.561109663003883e-21
4.83,1.488471203381022,-1.1635998906861682e-18,1.0015591722379626,0.012951614365654557,1.5206752098339513e-18,-0.0015006782577653534,0.9999992855763702,-3.97287679627823e-19,-0.0011953437787634643,-4.8575937438342356e-21
4.832,1.4884970571683835,-1.16054331052223e-18,1.0015561736056424,0.012902203061759751,1.535876050069675e-18,-0.001497953990771394,0.9999992910603852,-3.9286859669557587e-19,-0.001190747129771381,-4.932551800877856e-21
4.8340000000000005,1.4885228123233967,-1.1574565048712023e-18,1.0015531804176288,0.01285298200329575,1.5509008339247173e-18,-0.0014952339515734436,0.9999992965207327,-3.9395221058424598e-19,-0.0011861526207855423,-5.698386577030346e-21
4.836,1.4885484692264284,-1.154339681717375e-18,1.0015501926654704,0.012803951065359963,1.56575007678958e-18,-0.0014925181355592758,0.9999993019572747,-3.6761901981930146e-19,-0.0011815603934493674,-5.4019069365309136e-21
4.838,1.4885740282575903,-1.1511944110604493e-18,1.001547210340726,0.012755110117539582,1.579564317073285e-18,-0.0014898065381391918,0.9999993073698774,-3.743032910863642e-19,-0.0011769705882165912,-7.54451547492944e-21
4.84,1.4885994897967276,-1.1480204256741878e-18,1.0015442334349625,0.012706459023959298,1.5943930474030148e-18,-0.0014870991547456043,0.9999993127584108,-3.755000720612191e-19,-0.0011723833443552669,-8.990285050605912e-21
4.8420000000000005,1.4886248542234084,-1.1448176730879386e-18,1.0015412619397568,0.01265799764332885,1.6082956190099929e-18,-0.0014843959808326429,0.999999318122749,-3.7120777366766234e-19,-0.0011677987999517813,-1.111111591050507e-20
4.844,1.4886501219169126,-1.1415863163764792e-18,1.0015382958466943,0.012609725828990403,1.6229972205317515e-18,-0.0014816970118757603,0.9999993234627698,-3.7240658754915933e-19,-0.001163217091914884,-1.2206150485848557e-20
4.846,1.488675293256222,-1.1383264106031188e-18,1.0015353351473695,0.01256164342896577,1.6369880859581732e-18,-0.0014790022433713197,0.9999993287783548,-3.736017057169376e-19,-0.001158638355979731,-1.158528307181194e-20
4.848,1.4887003686200087,-1.135037796047227e-18,1.001532379833386,0.012513750286003449,1.6516701056321992e-18,-0.001476311670836219,0.9999993340693898,-3.693105791159008e-19,-0.0011540627267119415,-9.246228655136344e-21
4.8500000000000005,1.4887253483866252,-1.1317209228858242e-18,1.0015294298963564,0.012466046237625506,1.6652109643870607e-18,-0.0014736252898074908,0.9999993393357638,-3.595580411710193e-19,-0.0011494903375116677,-6.2210836073902166e-21
4.852,1.488750232934094,-1.1283763471870087e-18,1.0015264853279022,0.012418531116174277,1.6795522485028032e-18,-0.0014709430958419218,0.99999934457737,-3.772615087108397e-19,-0.001144921320617678,-5.975939049021826e-21
4.854,1.4887750226400969,-1.1250029010325348e-18,1.0015235461196537,0.01237120474885891,1.6938298470948398e-18,-0.0014682650845156638,0.9999993497941052,-3.6746421449153514e-19,-0.0011403558071114523,-9.125744438647969e-21
4.856,1.4887997178819652,-1.1216012862853557e-18,1.0015206122632498,0.012324066957801725,1.7077211444882668e-18,-0.0014655912514238635,0.9999993549858698,-3.577129353136537e-19,-0.0011357939269212905,-1.2610773905321793e-20
4.8580000000000005,1.4888243190366695,-1.1181720584905237e-18,1.0015176837503386,0.012277117560084417,1.7215507782944829e-18,-0.0014629215921802732,0.9999993601525677,-3.75423080860273e-19,-0.0011312358088264318,-1.4062739479953544e-20
4.86,1.488848826480809,-1.1147143716843587e-18,1.0015147605725767,0.012230356367794078,1.7360721100968874e-18,-0.0014602561024168797,0.9999993652941067,-3.656532432945311e-19,-0.0011266815804611876,-1.2054422851194503e-20
4.862,1.4888732405906029,-1.1112286750442095e-18,1.0015118427216296,0.012183783188069047,1.749668497070889e-18,-0.0014575947777835446,0.9999993704103979,-3.614127122836368e-19,-0.0011221313683190848,-9.714411190370026e-21
4.864,1.4888975617418791,-1.1077152715584898e-18,1.0015089301891713,0.012137397823144597,1.763635645559453e-18,-0.0014549376139476175,0.9999993755013561,-3.462275401984074e-19,-0.001117585297757021,-7.025400487353365e-21
4.866,1.4889217903100658,-1.1041754303294755e-18,1.0015060229668844,0.012091200070398442,1.7761424870949018e-18,-0.0014522846065935944,0.9999993805668995,-3.3110100740896054e-19,-0.0011130434929994305,-4.684640703373742e-21
4.868,1.4889459266701803,-1.1006102724207758e-18,1.0015031210464604,0.01204518972239607,1.7889168491883497e-18,-0.001449635751422731,0.9999993856069498,-3.1603359928520457e-19,-0.0011085060771424615,-2.005983523372942e-21
4.87,1.488969971196821,-1.0970209499040133e-18,1.0015002244195992,0.011999366566935904,1.8004509196365103e-18,-0.0014469910441527159,0.999999390621432,-3.174708746630018e-19,-0.0011039731721581639,-7.22580240459387e-22
4.872,1.4889939242641566,-1.093407391319556e-18,1.0014973330780093,0.011953730387094299,1.8131169269839396e-18,-0.001444350480517284,0.9999993956102745,-3.188883462297453e-19,-0.0010994448988986872,5.577970624564093e-22
4.874,1.4890177862459175,-1.0897694185593487e-18,1.0014944470134075,0.011908280961270348,1.8249726331024685e-18,-0.0014417140562658884,0.9999994005734093,-3.3126465970820895e-19,-0.0010949213771004889,2.1645284270728757e-21
4.876,1.4890415575153866,-1.0861062806778099e-18,1.0014915662175194,0.011863018063230531,1.8380665868452114e-18,-0.0014390817671633366,0.9999994055107715,-3.161793981961868e-19,-0.0010904027253885516,1.055786287460893e-21
4.878,1.489065238445389,-1.0824191658424489e-18,1.001488690682079,0.011817941462153174,1.848950054601907e-18,-0.0014364536089894553,0.9999994104222995,-2.902016038197795e-19,-0.001085889061280613,9.895716058027837e-22
4.88,1.4890888294082845,-1.0787097948348238e-18,1.0014858203988286,0.011773050922672739,1.8604310608862083e-18,-0.0014338295775387375,0.9999994153079349,-2.917453747288818e-19,-0.0010813805011914005,-4.769527822402373e-22
4.882,1.4891123307759566,-1.074978302714541e-18,1.0014829553595188,0.011728346204923945,1.8711068945728723e-18,-0.0014312096686200167,0.9999994201676227,-2.9875064405779183e-19,-0.0010768771604368788,-2.6308296158562106e-21
4.884,1.4891357429198055,-1.0712240721742649e-18,1.001480095555909,0.011683827064585707,1.8832410693322486e-18,-0.0014285938780561197,0.9999994250013107,-3.1670342993388727e-19,-0.0010723791532385048,-2.3931843134694505e-21
4.886,1.4891590662107381,-1.0674456633460087e-18,1.0014772409797663,0.011639493252924899,1.895320401356615e-18,-0.00142598220168356,0.9999994298089501,-3.2907590391435683e-19,-0.001067886592727491,-1.807909884488462e-21
4.888,1.4891823010191594,-1.0636420380400145e-18,1.0014743916228668,0.011595344516839934,1.9083137218014258e-18,-0.001423374635352168,0.9999994345904952,-3.3042493614123273e-19,-0.0010633995909490792,-8.700284684163548e-22
4.89,1.4892054477149637,-1.0598134537321827e-18,1.0014715474769942,0.011551380598904188,1.9200641990213254e-18,-0.0014207711749248007,0.9999994393459034,-2.988721044428157e-19,-0.0010589182588668197,9.980039343223533e-23
4.892,1.4892285066675264,-1.0559619606751376e-18,1.001468708533941,0.011507601237409225,1.9314386120205304e-18,-0.001418171816276994,0.999999444075135,-3.00363981472964e-19,-0.0010544427063668602,6.897548683253014e-22
4.894,1.4892514782456951,-1.0520876626378298e-18,1.001465874785508,0.011464006166407857,1.9428691331804554e-18,-0.0014155765552966645,0.9999994487781533,-3.018498812315601e-19,-0.001049973042262242,2.306296942189623e-21
4.896,1.4892743628177816,-1.048190447691167e-18,1.0014630462235037,0.01142059511575702,1.954355475570194e-18,-0.0014129853878837816,0.9999994534549247,-3.033291185095616e-19,-0.0010455093742972035,4.2620768554795464e-21
4.898,1.4892971607515526,-1.0442702044782545e-18,1.0014602228397451,0.011377367811160484,1.9658973537917407e-18,-0.0014103983099500509,0.9999994581054185,-3.048013624249223e-19,-0.001041051809151492,6.213223133438223e-21
4.9,1.4893198724142227,-1.040326822211703e-18,1.0014574046260574,0.011334323974211366,1.977494483846311e-18,-0.0014078153174186152,0.9999994627296066,-3.062659356461699e-19,-0.0010366004524446808,7.474424270250987e-21
4.902,1.4893424981724452,-1.0363601906709468e-18,1.0014545915742736,0.011291463322434485,1.989146582798732e-18,-0.001405236406223752,0.9999994673274641,-3.0772393493301163e-19,-0.0010321554087404949,9.074893304968212e-21
4.904,1.489365038392305,-1.032370200199896e-18,1.0014517836762353,0.011248785569328523,2.0008533692164086e-18,-0.0014026615723105476,0.999999471898969,-3.0917610610586238e-19,-0.0010277167815511416,1.1699554645408278e-20
4.906,1.4893874934393092,-1.0283567417033925e-18,1.0014489809237919,0.011206290424408016,2.0126145636388108e-18,-0.0014000908116346285,0.9999994764441016,-3.10622481854754e-19,-0.0010232846733416498,1.5345574454745527e-20
4.908,1.4894098636783808,-1.0243199218053648e-18,1.0014461833088009,0.011163977593245167,2.0239995642460066e-18,-0.0013975241201618356,0.9999994809628453,-2.791648044999287e-19,-0.0010188591855342128,1.7303309328451676e-20
4.91,1.4894321494738494,-1.0202619981988132e-18,1.0014433908231282,0.011121846777511471,2.0339344098134194e-18,-0.0013949614938679538,0.9999994854551862,-2.6978414422452293e-19,-0.0010144404185125388,1.6835353945789358e-20
4.912,1.4894543511894445,-1.0161836405239236e-18,1.0014406034586472,0.011079897675019176,2.044469613735872e-18,-0.0013924029287384072,0.9999994899211131,-2.7138677103791513e-19,-0.001010028471626207,1.6014725861640833e-20
4.914,1.489476469188287,-1.0120846555538592e-18,1.0014378212072397,0.011038129979762543,2.0546332907717264e-18,-0.0013898484207679812,0.9999994943606174,-2.784506811752342e-19,-0.001005623443195028,1.4506011148417738e-20
4.916,1.4894985038328823,-1.0079643853706958e-18,1.0014350440607953,0.010996543381958946,2.0657187473159553e-18,-0.001387297965960538,0.999999498773693,-2.8548143527322016e-19,-0.0010012254305134113,1.3343143681119887e-20
4.918,1.4895204554851125,-1.0038225691751587e-18,1.0014322720112117,0.01095513756808979,2.0759997835390667e-18,-0.0013847515603287348,0.9999995031603365,-2.70551962993325e-19,-0.0009968345298547363,1.5632430382570308e-20
4.92,1.489542324506229,-9.99660418315285e-19,1.0014295050503943,0.010913912220941235,2.086018099656972e-18,-0.0013822091998937438,0.9999995075205471,-2.5570698472194256e-19,-0.0009924508364757291,1.860237624031239e-20
4.922,1.4895641112568445,-9.95478887177141e-19,1.001426743170257,0.010872867019644752,2.0956674047501768e-18,-0.0013796708806849823,0.9999995118543266,-2.7930705793100705e-19,-0.0009880744446208439,1.8100545555218345e-20
4.924,1.4895858160969273,-9.912763795176485e-19,1.0014239863627212,0.010832001639717499,2.1068863084037864e-18,-0.0013771365987398348,0.999999516161679,-2.8634987978615247e-19,-0.000983705447526648,2.001483925584315e-20
4.926,1.4896074393857925,-9.870521311953804e-19,1.0014212346197164,0.010791315753102508,2.1173002685952174e-18,-0.0013746063501033998,0.999999520442611,-2.8787710230677933e-19,-0.0009793439374262117,2.2272665448295653e-20
4.928,1.4896289814820958,-9.828060982175912e-19,1.0014184879331798,0.010750809028208708,2.1288503881772898e-18,-0.0013720801308282138,0.9999995246971314,-3.0586881536435564e-19,-0.0009749900055535031,2.245182310706244e-20
4.93,1.4896504427438262,-9.78537232117237e-19,1.0014157462950566,0.010710481129950744,2.1398100908899147e-18,-0.0013695579369739992,0.9999995289252518,-2.744323488495763e-19,-0.0009706437421477853,2.302136729806391e-20
4.932,1.4896718235282989,-9.742474654196649e-19,1.0014130096973,0.010670331719788637,2.1499671216854154e-18,-0.001367039764607395,0.9999995331269858,-2.7055515411518597e-19,-0.0009663052364580176,2.082199624827241e-20
4.934,1.4896931241921487,-9.699372507914086e-19,1.001410278131871,0.010630360455767249,2.160186420974644e-18,-0.0013645256098017105,0.9999995373023496,-2.666959762889004e-19,-0.0009619745767472607,1.8285167746077173e-20
4.936,1.4897143450913233,-9.656072536191377e-19,1.0014075515907384,0.010590566992555577,2.1696063441357718e-18,-0.0013620154686366786,0.9999995414513615,-2.3544481519281676e-19,-0.0009576518502970846,1.852200373551381e-20
4.938,1.489735486581076,-9.612595354079543e-19,1.0014048300658787,0.010550950981485858,2.178016009586984e-18,-0.0013595093371981933,0.9999995455740421,-2.2627015632356685e-19,-0.0009533371434119796,1.6680831513953636e-20
4.94,1.4897565490159597,-9.568950356248618e-19,1.0014021135492763,0.010511512070592496,2.1863881153066605e-18,-0.001357007211578076,0.9999995496704142,-2.1164306356103868e-19,-0.0009490305414237703,1.4506580231530783e-20
4.942,1.4897775327498202,-9.525145108962608e-19,1.0013994020329235,0.010472249904650814,2.194292345110902e-18,-0.0013545090878738317,0.9999995537405028,-2.354523232466748e-19,-0.0009447321286960324,1.4357007408006712e-20
4.944,1.4897984381357894,-9.481165269590653e-19,1.0013966955088205,0.010433164125215612,2.2038826157975447e-18,-0.0013520149621884035,0.999999557784335,-2.646582512775147e-19,-0.0009404419886285118,1.5230621690975002e-20
4.946,1.4898192655262792,-9.436990822502477e-19,1.001393993968975,0.010394254370659555,2.2134294693978298e-18,-0.001349524830629954,0.9999995618019403,-2.443841267545235e-19,-0.0009361602036615451,1.786234674983385e-20
4.948,1.4898400152729752,-9.392631250663485e-19,1.001391297405403,0.010355520276211377,2.2226108810458877e-18,-0.0013470386893116135,0.9999995657933499,-2.5710002069401885e-19,-0.000931886855280484,1.8743686372480525e-20
4.95,1.4898606877268301,-9.348081641391954e-19,1.0013886058101273,0.010316961473993896,2.2322894625446706e-18,-0.0013445565343512555,0.9999995697585974,-2.368705855077947e-19,-0.0009276220240201197,1.6912317113977253e-20
4.952,1.4898812832380584,-9.303351444719542e-19,1.0013859191751795,0.010278577593061862,2.2407419686475902e-18,-0.001342078361871265,0.9999995736977182,-2.441515300431903e-19,-0.0009233657894691107,1.6773933864648697e-20
4.954,1.4899018021561288,-9.258440010157347e-19,1.0013832374925984,0.010240368259439614,2.250341390369513e-18,-0.001339604167998345,0.9999995776107498,-2.459286945235604e-19,-0.0009191182302744106,1.698441816619058e-20
4.956,1.4899222448297595,-9.213346697110972e-19,1.0013805607544306,0.01020233309615855,2.2589295918733855e-18,-0.001337133948863252,0.9999995814977317,-2.3670438400427166e-19,-0.0009148794241456978,1.5148541574391804e-20
4.958,1.4899426116069119,-9.168078056665374e-19,1.0013778889527307,0.010164471723294438,2.267802865728969e-18,-0.0013346677006006071,0.9999995853587051,-2.220668793842769e-19,-0.0009106494478598068,1.2978515021840315e-20
4.96,1.4899629028347843,-9.122644177455069e-19,1.0013752220795606,0.010126783758004508,2.2755614174430893e-18,-0.0013322054193486952,0.9999995891937136,-2.1845122144064403e-19,-0.0009064283772651598,1.114588199224712e-20
4.962,1.4899831188598067,-9.077046856082252e-19,1.0013725601269903,0.010089268814564411,2.2842547744171967e-18,-0.00132974710124921,0.9999995930028021,-2.25818784553227e-19,-0.0009022162872861991,1.0334817488315661e-20
4.964,1.4900032600276347,-9.031279628355897e-19,1.001369903087097,0.01005192650440495,2.2924801039372557e-18,-0.0013272927424470863,0.9999995967860178,-2.386346115921479e-19,-0.0008980132519278213,1.0205661043144375e-20
4.966,1.490023326683144,-8.985335338679581e-19,1.0013672509519664,0.01001475643614866,2.3020682374780984e-18,-0.0013248423390902627,0.9999996005434095,-2.568861837559389e-19,-0.0008938193442798092,1.1100292707895837e-20
4.968,1.4900433191704248,-8.939199700396872e-19,1.0013646037136912,0.009977758215646199,2.311399237837496e-18,-0.0013223958873295122,0.9999996042750279,-2.531196904926328e-19,-0.0008896346365212673,1.064179882809021e-20
4.97,1.490063237832776,-8.892876775433766e-19,1.001361961364372,0.009940931446012548,2.3207971072943013e-18,-0.0013199533833182177,0.9999996079809252,-2.384188775338463e-19,-0.000885459199925055,1.0194533197786608e-20
4.972,1.4900830830127005,-8.846375268925432e-19,1.0013593238961174,0.009904275727663043,2.329293623333707e-18,-0.0013175148232121912,0.9999996116611557,-2.2925825851358326e-19,-0.0008812931048622206,1.0770625307666945e-20
4.974,1.4901028550518989,-8.799703125192596e-19,1.0013566913010432,0.009867790658349222,2.3378611138666535e-18,-0.0013150802031694673,0.9999996153157751,-2.2014076382963366e-19,-0.0008771364208064343,1.1003483564932443e-20
4.976,1.4901225542912646,-8.752867534740945e-19,1.0013540635712732,0.00983147583319448,2.3456385779993833e-18,-0.001312649519350132,0.9999996189448409,-2.1106710563474828e-19,-0.0008729892163384221,1.1920281168995244e-20
4.978,1.4901421810708793,-8.705876369055247e-19,1.0013514406989388,0.009795330844729562,2.3533831436523396e-18,-0.0013102227679161144,0.9999996225484122,-1.9656658053815136e-19,-0.0008688515591503977,1.2497406496984947e-20
4.98,1.4901617357300065,-8.658739606454106e-19,1.001348822676179,0.00975935528292786,2.360234494343091e-18,-0.0013077999450310234,0.9999996261265499,-1.8760439636971554e-19,-0.0008647235160504943,1.3067975534387968e-20
4.982,1.4901812186070877,-8.611463953079431e-19,1.0013462094951406,0.009723548735240535,2.367272498991424e-18,-0.0013053810468599382,0.9999996296793162,-1.8416698152961351e-19,-0.0008606051529671955,1.3289771506656654e-20
4.984,1.4902006300397364,-8.564052853739225e-19,1.0013436011479782,0.009687910786631455,2.37385091764858e-18,-0.0013029660695692562,0.999999633206775,-1.8622815650841802e-19,-0.0008564965349537647,1.3163655078408998e-20
4.986,1.4902199703647334,-8.516505794438212e-19,1.0013409976268535,0.009652441019611957,2.3809402362352044e-18,-0.0013005550093265076,0.9999996367089916,-1.8829166289720158e-19,-0.000852397726192673,1.20098467650884e-20
4.988,1.4902392399180227,-8.4688211829536e-19,1.0013383989239364,0.009617139014275421,2.3873550514918726e-18,-0.0012981478623001817,0.999999640186033,-1.6293423459012431e-19,-0.000848308790000027,1.2938112126735751e-20
4.99,1.4902584390347056,-8.421018223902258e-19,1.0013358050314043,0.009582004348331674,2.3927757793402554e-18,-0.0012957446246595577,0.9999996436379677,-1.3769702862369172e-19,-0.0008442297888299931,1.3864126198187608e-20
4.992,1.4902775680490368,-8.373116749931171e-19,1.0013332159414423,0.009547036597141203,2.3972073261697926e-18,-0.0012933452925745334,0.9999996470648653,-1.1257976429896663e-19,-0.0008401607842792216,1.5130556112488578e-20
4.994,1.4902966272944191,-8.325135419989544e-19,1.001330631646243,0.00951223533374919,2.400869735491393e-18,-0.001290949862215476,0.9999996504667973,-1.0951046851612228e-19,-0.0008361018370912677,1.4662202599333804e-20
4.996,1.4903156171033995,-8.277078818267542e-19,1.0013280521380068,0.009477600128919376,2.4048420944475675e-18,-0.0012885583297530263,0.999999653843836,-1.0644300406104285e-19,-0.0008320530071610116,1.4537625410442887e-20
4.998,1.490334537807664,-8.228947932278058e-19,1.0013254774089417,0.009443130551167725,2.4082623972766475e-18,-0.0012861706913579833,0.9999996571960558,-1.0338951582241275e-19,-0.0008280143535390751,1.3728014906015204e-20
5.0,1.4903533897380332,-8.1807458900988575e-19,1.0013229074512637,0.009408826166795935,2.411886087938151e-18,-0.0012837869432011219,0.9999996605235317,-1.0035020335532828e-19,-0.0008239859344362369,1.2577656257012407e-20
5.002,1.4903721732244586,-8.132475449160378e-19,1.001320342257196,0.00937468653992474,2.4151740872660633e-18,-0.0012814070814530468,0.9999996638263405,-9.732416177763274e-20,-0.0008199678072278443,1.0059779402304351e-20
5.0040000000000004,1.4903908885960173,-8.084137562345305e-19,1.0013177818189694,0.009340711232527058,2.4185590490611147e-18,-0.0012790311022840353,0.9999996671045601,-8.882984959191631e-20,-0.0008159600284582231,7.55154838241327e-21
5.006,1.4904095361809087,-8.035739983388946e-19,1.0013152261288227,0.009306899804460941,2.4211793395094854e-18,-0.0012766590018638963,0.9999996703582696,-7.488049458891169e-20,-0.0008119626538450843,5.396798065478206e-21
5.008,1.4904281163064494,-7.987292235473184e-19,1.0013126751790022,0.009273251813502352,2.4234687122796834e-18,-0.0012742907763618283,0.9999996735875495,-5.550222268345049e-20,-0.0008079757382839276,3.9369133859374224e-21
5.01,1.49044662929907,-7.93880953466657e-19,1.001310128961762,0.009239766815377767,2.4248903894539463e-18,-0.0012719264219462677,0.9999996767924814,-5.814863727882197e-20,-0.0008039993358524424,5.5466847806811706e-21
5.0120000000000005,1.4904650754843096,-7.890289460500409e-19,1.0013075874693638,0.009206444363796593,2.427170106378803e-18,-0.0012695659347847523,0.999999679973148,-6.078252182133393e-20,-0.0008000334998149044,7.152645517935906e-21
5.014,1.490483455186814,-7.8417303118255495e-19,1.0013050506940766,0.009173284010483403,2.428797843823983e-18,-0.0012672093110437886,0.9999996831296334,-6.889951111400777e-20,-0.0007960782826265699,8.750407943655185e-21
5.016,1.4905017687303297,-7.793126445442246e-19,1.0013025186281777,0.009140285305210003,2.4317134306238837e-18,-0.0012648565468887038,0.9999996862620225,-8.795591808226253e-20,-0.0007921337359380658,9.992997681458767e-21
5.018,1.4905200164377008,-7.744466144899956e-19,1.0012999912639515,0.00910744779582731,2.434297313990246e-18,-0.0012625076384835368,0.9999996893704017,-7.951990855150345e-20,-0.0007881999105997763,8.51227952434116e-21
5.0200000000000005,1.4905381986308655,-7.695752807339806e-19,1.0012974685936906,0.009074771028297058,2.437089028699373e-18,-0.0012601625819908845,0.9999996924548583,-7.659291337640558e-20,-0.0007842768566662251,6.345421820237326e-21
5.022,1.4905563156308517,-7.646989099821699e-19,1.001294950609695,0.009042254546723324,2.4391191556426236e-18,-0.0012578213735717839,0.9999996955154805,-5.173834595491355e-20,-0.0007803646234004545,6.5991278337406585e-21
5.024,1.490574367757774,-7.598194532443291e-19,1.0012924373042724,0.009009897893383873,2.44017578545642e-18,-0.001255484009385598,0.9999996985523576,-2.700160825118602e-20,-0.0007764632592783994,6.851780459763925e-21
5.026,1.49059235533083,-7.5493885270268e-19,1.001289928669738,0.00897770060876133,2.44026372663722e-18,-0.0012531504855898777,0.99999970156558,-2.383212573060374e-21,-0.000772572811993258,8.47402789551741e-21
5.0280000000000005,1.4906102786682958,-7.500588257850266e-19,1.0012874246984151,0.008945662231574166,2.4398180845694462e-18,-0.0012508207983402484,0.9999997045552392,-1.0775703292388418e-20,-0.0007686933284598571,8.354476357030761e-21
5.03,1.4906281380875237,-7.451788939358049e-19,1.0012849253826341,0.008913782298807524,2.440240202787255e-18,-0.0012484949437903039,0.9999997075214274,-2.4623713617447292e-20,-0.0007648248548190134,7.888743893533443e-21
5.032,1.490645933904938,-7.402981138208653e-19,1.0012824307147337,0.008882060345743844,2.4404508463661254e-18,-0.0012461729180914699,0.9999997104642379,-1.1007479047720414e-20,-0.0007609674364418902,9.158403310578154e-21
5.034,1.4906636664360322,-7.354174460098747e-19,1.00127994068706,0.00885049590599333,2.4401283211936913e-18,-0.0012438547173929174,0.9999997133837647,2.5441943958474945e-21,-0.0007571211179343488,1.0424216382913015e-20
5.0360000000000005,1.490681335995365,-7.305379542034007e-19,1.001277455291967,0.008819088511524232,2.4392752622451426e-18,-0.0012415403378414278,0.999999716280103,1.6031870353490876e-20,-0.0007532859431412956,1.1344343345313312e-20
5.038,1.4906989428965578,-7.256606968446255e-19,1.001274974521816,0.00878783769269295,2.4378942918453506e-18,-0.001239229775581307,0.9999997191533487,2.945559607106495e-20,-0.000749461955151023,1.2262265142558824e-20
5.04,1.4907164874522907,-7.207867271445998e-19,1.0012724983689762,0.008756742978273968,2.435988019879558e-18,-0.0012369230267542666,0.9999997220035988,4.281541695010669e-20,-0.000745649196299547,1.3520242420463593e-20
5.042,1.4907339699743,-7.159170931069124e-19,1.001270026825825,0.008725803895489609,2.4335590439589052e-18,-0.0012346200874993251,0.9999997248309505,5.61116337857975e-20,-0.0007418477081749367,1.5117875439787357e-20
5.0440000000000005,1.4907513907733752,-7.110528375519982e-19,1.001267559884747,0.008695019970039606,2.4306099496606268e-18,-0.001232320953952716,0.9999997276355023,6.934403526645256e-20,-0.0007380575316216414,1.7739681952232848e-20
5.046,1.4907687501593552,-7.061948905613601e-19,1.0012650975381343,0.008664390726130516,2.427466049454167e-18,-0.0012300256222477844,0.9999997304173535,5.510254910913309e-20,-0.0007342787067448097,1.7937201072164173e-20
5.048,1.4907860484411262,-7.013424209485835e-19,1.0012626397783875,0.008633915686504937,2.424881025988842e-18,-0.0012277340885148834,0.9999997331766038,7.383908578553927e-20,-0.0007305112729146041,1.541714998539677e-20
5.05,1.4908032859266183,-6.964966100285476e-19,1.0012601865979143,0.00860359437247057,2.4208079375237727e-18,-0.0012254463488812946,0.9999997359133541,8.152015091917176e-20,-0.0007267552687705097,1.4950997576068034e-20
5.0520000000000005,1.4908204629228028,-6.9165813145799225e-19,1.0012577379891303,0.008573426303929085,2.4179432881132304e-18,-0.0012231623994711349,0.9999997386277057,6.176364102077889e-20,-0.0007230107322256361,1.6179330325060187e-20
5.054,1.4908375797356896,-6.868253981662338e-19,1.0012552939444592,0.00854341099940484,2.4147751673213935e-18,-0.0012208822364052504,0.9999997413197607,6.403309508486964e-20,-0.0007192777004710145,1.467975644362521e-20
5.056,1.4908546366703241,-6.819986580190114e-19,1.0012528544563322,0.008513547976073394,2.4119502136952737e-18,-0.0012186058558011563,0.9999997439896217,6.080972375666054e-20,-0.0007155562099798871,1.2495279139237048e-20
5.058,1.4908716340307846,-6.771778721074248e-19,1.0012504195171879,0.008483836749789872,2.4087131671265556e-18,-0.0012163332537729428,0.9999997466373922,7.954275574243657e-20,-0.0007118462965119921,1.3415232783195349e-20
5.0600000000000005,1.4908885721201801,-6.723640785032282e-19,1.0012479891194732,0.008454276835117142,2.4051736462307565e-18,-0.0012140644264311746,0.9999997492631763,7.077528333101833e-20,-0.0007081479951178396,1.260015347288711e-20
5.062,1.4909054512406474,-6.675567319505887e-19,1.0012455632556427,0.008424867745353826,2.4021941239182003e-18,-0.0012117993698828452,0.9999997518670786,6.753221515225079e-20,-0.0007044613401429843,1.1448647982384666e-20
5.064,1.4909222716933486,-6.627556480830671e-19,1.0012431419181589,0.00839560899256213,2.398910860412735e-18,-0.0012095380802312672,0.9999997544492043,6.430404245013251e-20,-0.0007007863652322882,1.0985606007572032e-20
5.066,1.4909390337784685,-6.579605722449064e-19,1.0012407250994917,0.00836650008759551,2.396185994466592e-18,-0.0012072805535760132,0.9999997570096592,6.109021820532169e-20,-0.0006971231033341791,1.1894718276660225e-20
5.0680000000000005,1.4909557377952127,-6.531712510322285e-19,1.001238312792119,0.008337540540126158,2.393048556048962e-18,-0.001205026786012857,0.9999997595485496,6.885581662814333e-20,-0.0006934715867049006,1.417997016859532e-20
5.07,1.4909723840418052,-6.483881491203173e-19,1.0012359049885264,0.008308729858672327,2.3901462336642262e-18,-0.001202776773633667,0.9999997620659825,5.465568959205824e-20,-0.0006898318469127555,1.438861604835884e-20
5.072,1.4909889728154855,-6.436102948871714e-19,1.0012335016812077,0.008280067550625464,2.3878004369793612e-18,-0.0012005305125263644,0.9999997645620652,4.052311603530007e-20,-0.0006862039148423433,1.425412905830094e-20
5.074,1.4910055044125068,-6.388365780305756e-19,1.0012311028626641,0.008251553122277195,2.386008418832315e-18,-0.0011982879987748512,0.9999997670369056,2.6457544850654056e-20,-0.0006825878206987885,1.4119983710624536e-20
5.0760000000000005,1.4910219791281338,-6.340658937297211e-19,1.0012287085254048,0.008223186078846123,2.3847674450909383e-18,-0.0011960492284589256,0.9999997694906122,1.2458888028077002e-20,-0.0006789835940119624,1.3644329894227526e-20
5.078,1.491038397256641,-6.292971426190676e-19,1.0012263186619468,0.008194965924504454,2.3840747944712773e-18,-0.0011938141976542583,0.9999997719232937,-1.4733995363147906e-21,-0.0006753912636406985,1.3169826045169842e-20
5.08,1.4910547590913097,-6.245292307628501e-19,1.0012239332648152,0.008166892162404472,2.3839277586017567e-18,-0.001191582902432288,0.9999997743350595,-1.5339866385472553e-20,-0.0006718108577769985,1.3039130606465856e-20
5.082,1.4910710649244268,-6.197610696289968e-19,1.0012215523265426,0.008138964294704815,2.384323642102505e-18,-0.0011893553388601869,0.9999997767260191,-2.914059519152491e-20,-0.0006682424039502321,1.2909173216666367e-20
5.0840000000000005,1.4910873150472823,-6.149915760633482e-19,1.0012191758396698,0.008111181822596606,2.3852597624388893e-18,-0.0011871315030008115,0.9999997790962828,-4.2876126314999094e-20,-0.0006646859290313285,1.312220718801936e-20
5.086,1.4911035097501681,-6.102196722639454e-19,1.001216803796745,0.008083544246329398,2.386733449951538e-18,-0.0011849113909126162,0.9999997814459609,-5.654631534126241e-20,-0.0006611414592369597,1.2992502748268124e-20
5.088,1.4911196493223753,-6.054442857555193e-19,1.001214436190325,0.00805605106523696,2.388742047544525e-18,-0.0011826949986496374,0.9999997837751643,-7.015124225835931e-20,-0.0006576090201337174,1.217780468085671e-20
5.09,1.4911357340521927,-6.006643493647118e-19,1.0012120730129739,0.008028701777762888,2.3912829102909427e-18,-0.0011804823222614118,0.9999997860840041,-8.369075869965429e-20,-0.0006540886366422793,9.994413809449582e-21
5.0920000000000005,1.4911517642269052,-5.958790163545227e-19,1.0012097142572638,0.008001495881486052,2.3939230885663267e-18,-0.0011782733577929512,0.999999788372592,-6.427170228255887e-20,-0.0006505803330415696,9.551043039288886e-21
5.094,1.4911677401327923,-5.910893805593965e-19,1.0012073599157751,0.007974432873145868,2.3958014557675318e-18,-0.0011760681012846664,0.9999997906410397,-7.784154168351089e-20,-0.0006470841329729099,1.1144072714319802e-20
5.096,1.491183662055126,-5.86294450551207e-19,1.0012050099810956,0.007947512248667412,2.399181106223424e-18,-0.001173866548772343,0.9999997928894595,-1.023245530994567e-19,-0.0006436000594441626,1.1698665682008104e-20
5.098,1.491199530278169,-5.81492879966112e-19,1.0012026644458214,0.007920733503186353,2.40222611522104e-18,-0.0011716686962871062,0.9999997951179637,-7.734693663103833e-20,-0.000640128134833865,1.0228583220673175e-20
5.1000000000000005,1.4912153450851744,-5.766860910247219e-19,1.0012003233025564,0.007894096131073738,2.4045078160786536e-18,-0.0011694745398553431,0.999999797326665,-6.893700393349639e-20,-0.0006366683808953559,1.1149642526371517e-20
5.102,1.491231106758382,-5.718748889516831e-19,1.0011979865439125,0.007867599625960592,2.406675282461943e-18,-0.0011672840754986976,0.9999997995156764,-5.50713779026509e-20,-0.0006332208187608926,1.2072005015254706e-20
5.104,1.4912468155790195,-5.67060183411496e-19,1.0011956541625093,0.007841243480762358,2.4078682745240333e-18,-0.001165097299234016,0.999999801685111,-4.1271270701588927e-20,-0.0006297854689457596,1.2648686979015475e-20
5.106,1.4912624718272987,-5.622432375434603e-19,1.001193326150975,0.007815027187703178,2.4089518979377103e-18,-0.0011629142070733102,0.9999998038350824,-3.30187423447907e-20,-0.0006263623513523687,1.2535205986814823e-20
5.1080000000000005,1.4912780757824153,-5.5742477132419955e-19,1.0011910025019448,0.0077889502383399955,2.4094965456590134e-18,-0.001160734795023723,0.9999998059657038,-3.030047763763627e-20,-0.0006229514852743502,1.173362304876319e-20
5.11,1.4912936277225481,-5.526048910654407e-19,1.001188683208063,0.007763012123586504,2.4103660215920493e-18,-0.0011585590590875048,0.9999998080770893,-2.759424140164575e-20,-0.0006195528894006342,9.563290831145613e-21
5.112,1.491309127924857,-5.477839169280083e-19,1.0011863682619813,0.007737212333736924,2.4105905079388836e-18,-0.0011563869952619598,0.9999998101693528,-1.39350047916823e-20,-0.0006161665818195244,6.37690868064148e-21
5.114,1.491324576665481,-5.429625621214343e-19,1.0011840576563593,0.007711550358489621,2.4108188334240653e-18,-0.0011542185995394427,0.9999998122426085,-2.2273161084820804e-20,-0.0006127925800227619,6.953009566209132e-21
5.1160000000000005,1.491339974219539,-5.381404240185125e-19,1.001181751383865,0.0076860256869705525,2.4113735458084952e-18,-0.001152053867907304,0.9999998142969704,-3.057221538483016e-20,-0.000609430900909579,8.213079808785817e-21
5.118,1.491355320861127,-5.333168514590698e-19,1.0011794494371742,0.0076606378077565575,2.412253032721827e-18,-0.0011498927963478935,0.9999998163325531,-3.883172662399522e-20,-0.0006060815607907454,9.127920088178178e-21
5.12,1.4913706168633176,-5.284911964999609e-19,1.0011771518089707,0.00763538620889848,2.4134556894629863e-18,-0.0011477353808385055,0.999999818349471,-4.705188212370551e-20,-0.0006027445753926036,9.697130290547707e-21
5.122,1.4913858624981593,-5.236628144000621e-19,1.0011748584919464,0.00761027037794413,2.4149799186761837e-18,-0.0011455816173513743,0.9999998203478389,-5.523265731761782e-20,-0.0005994199598610948,9.579680476343394e-21
5.124,1.491401058036675,-5.188310636056354e-19,1.0011725694788014,0.00758528980196108,2.416824130259243e-18,-0.001143431501853637,0.9999998223277713,-6.337444153141508e-20,-0.0005961077287657768,9.120671804397075e-21
5.126,1.4914162037488614,-5.13995305735902e-19,1.0011702847622437,0.007560443967559306,2.41898674145446e-18,-0.0011412850303073277,0.9999998242893829,-7.147741889556302e-20,-0.0005928078961038302,8.320507698900577e-21
5.128,1.491431299903688,-5.091549055681887e-19,1.0011680043349893,0.00753573236091366,2.4214661768933176e-18,-0.0011391421986693547,0.9999998262327887,-7.954197582212797e-20,-0.0005895204753040565,7.522251996507856e-21
5.13,1.4914463467690962,-5.043092310231142e-19,1.0011657281897626,0.007511154467786182,2.4242608686620233e-18,-0.00113700300289147,0.9999998281581035,-8.756829449015194e-20,-0.0005862454792308652,6.725900097115399e-21
5.132,1.4914613446119982,-4.994576531496588e-19,1.0011634563192957,0.007486709773548258,2.4273692563286962e-18,-0.0011348674389202746,0.9999998300654421,-9.55569591003557e-20,-0.000582982920188252,6.616770149352133e-21
5.134,1.491476293698277,-4.945995461099738e-19,1.0011611887163294,0.007462397763202606,2.4307897871995763e-18,-0.0011327355026971972,0.9999998319549196,-1.0350815359212655e-19,-0.0005797328099237662,7.193233106662885e-21
5.136,1.4914911942927853,-4.89734287163849e-19,1.0011589253736122,0.007438217921405116,2.4345209162868648e-18,-0.0011306071901584596,0.9999998338266509,-1.1142165899271143e-19,-0.0005764951596324687,7.767934931355201e-21
5.138,1.4915060466593444,-4.848612566536749e-19,1.0011566662839004,0.007414169732486517,2.438561105877832e-18,-0.0011284824972350915,0.9999998356807509,-1.1929725490718498e-19,-0.0005732699799608794,7.656369223670259e-21
5.14,1.4915208510607443,-4.799798379902345e-19,1.0011544114399593,0.007390252680473895,2.4429088253307066e-18,-0.0011263614198529185,0.9999998375173343,-1.2713531741517662e-19,-0.000570057281010915,7.202417876105411e-21
5.142,1.4915356077587425,-4.750894176385171e-19,1.0011521608345617,0.007366466249112048,2.447562551032903e-18,-0.0011242439539325445,0.9999998393365163,-1.349362160457986e-19,-0.0005668570723438158,6.7495537754377925e-21
5.144,1.4915503170140638,-4.701893851035054e-19,1.0011499144604887,0.007342809921884681,2.452520766720262e-18,-0.0011221300953893434,0.9999998411384114,-1.4270052048808877e-19,-0.0005636693629840629,6.982284785453404e-21
5.146,1.4915649790863998,-4.652791329153021e-19,1.00114767231053,0.0073192831820354486,2.4577819634383105e-18,-0.0011200198401334492,0.9999998429231346,-1.5042743551035122e-19,-0.0005604941614232845,6.1864910992847656e-21
5.148,1.4915795942344086,-4.603580566150484e-19,1.0011454343774826,0.0072958855125888344,2.4633446391189183e-18,-0.0011179131840697752,0.9999998446908005,-1.5811771318325207e-19,-0.000557331475624152,5.39259475855472e-21
5.15,1.4915941627157134,-4.554255547409018e-19,1.0011432006541525,0.00727261639637088,2.469207298787746e-18,-0.001115810123097971,0.9999998464415237,-1.6577171952358323e-19,-0.0005541813130242656,4.943658694442987e-21
5.152,1.4916086847869037,-4.504810288138072e-19,1.0011409711333537,0.007249475316029749,2.475368454725057e-18,-0.0011137106531124573,0.9999998481754189,-1.7338981878485285e-19,-0.000551043680540029,5.1811204188853925e-21
5.154,1.4916231607035337,-4.4552388332271e-19,1.0011387458079082,0.007226461754056146,2.481826626601927e-18,-0.0011116147700024211,0.9999998498926004,-1.8097218424350896e-19,-0.0005479185845705134,6.103352854221503e-21
5.156,1.4916375907201225,-4.405535257099107e-19,1.0011365246706463,0.007203575192803567,2.488580341441809e-18,-0.0011095224696517827,0.9999998515931826,-1.8851898829874375e-19,-0.0005448060310013115,7.708732780876174e-21
5.158,1.4916519750901538,-4.355693663562832e-19,1.0011343077144066,0.007180815114508408,2.4956281335513077e-18,-0.0011074337479392287,0.9999998532772797,-1.960300272237854e-19,-0.0005417060252083801,9.310724193527264e-21
5.16,1.4916663140660757,-4.305708185671287e-19,1.0011320949320361,0.00715818100130991,2.502968544211971e-18,-0.0011053486007382078,0.9999998549450058,-2.0350509796741695e-19,-0.0005386185720618714,1.0223606197740359e-20
5.162,1.4916806078993006,-4.25557298558394e-19,1.00112988631639,0.007135672335269952,2.5106001214291565e-18,-0.0011032670239169387,0.9999998565964747,-2.1094473774193735e-19,-0.000535543675929955,1.1133522705010282e-20
5.164,1.4916948568402046,-4.205282254433305e-19,1.0011276818603314,0.00711328859839269,2.518521419888473e-18,-0.0011011890133384025,0.9999998582318003,-2.183489282452125e-19,-0.0005324813406826263,1.1698631549157231e-20
5.166,1.4917090611381283,-4.1548302121902964e-19,1.001125481556732,0.0070910292726440475,2.526731001161942e-18,-0.001099114564860363,0.9999998598510962,-2.257182059484707e-19,-0.0005294315696955069,1.2604666637964685e-20
5.168,1.4917232210413758,-4.1042111075245285e-19,1.001123285398472,0.0070688938399710455,2.5352274337543033e-18,-0.0010970436743353647,0.9999998614544757,-2.330527367590253e-19,-0.0005263943658536314,1.3850819798896667e-20
5.17,1.491737336797215,-4.0534192176664096e-19,1.0011210933784391,0.007046881782320985,2.544009293042181e-18,-0.0010949763376107483,0.9999998630420521,-2.403521427941125e-19,-0.0005233697315552245,1.440870675485637e-20
5.172,1.4917514086518784,-4.002448848273567e-19,1.0011189054895304,0.0070249925816604775,2.5530751609222777e-18,-0.0010929125505286512,0.9999998646139386,-2.4761676694253523e-19,-0.0005203576687154661,1.462262028431238e-20
5.174,1.4917654368505615,-3.951294333299753e-19,1.0011167217246506,0.007003225719994322,2.5624236259209182e-18,-0.001090852308926043,0.9999998661702479,-2.548473116610397e-19,-0.0005173581787702457,1.552135982515419e-20
5.176,1.4917794216374247,-3.899950034859258e-19,1.001114542076713,0.006981580679384234,2.5720532834662896e-18,-0.001088795608634702,0.9999998677110927,-2.6204340791245163e-19,-0.0005143712626799049,1.6076130129260636e-20
5.178,1.491793363255592,-3.848410343090887e-19,1.0011123665386388,0.006960056941967421,2.581962735620057e-18,-0.001086742445481258,0.9999998692365855,-2.692052171169631e-19,-0.000511396920932969,1.6286934251565226e-20
5.18,1.491807261947152,-3.7966696760283026e-19,1.0011101951033583,0.0069386539899750094,2.592150590776826e-18,-0.0010846928152871873,0.9999998707468384,-2.76332546251178e-19,-0.0005084351535498668,1.5470076946520464e-20
5.182,1.4918211179531582,-3.7447224794748107e-19,1.0011080277638096,0.006917371305750325,2.602615463626754e-18,-0.001082646713868837,0.9999998722419634,-2.8342608081049493e-19,-0.0005054859600866394,1.4655166022883705e-20
5.184,1.4918349315136283,-3.692563226875098e-19,1.0011058645129394,0.006896208371767016,2.6133559753699547e-18,-0.0010806041370374352,0.9999998737220721,-2.9048580803867164e-19,-0.0005025493396386366,1.3499941557872134e-20
5.186,1.4918487028675458,-3.640186419185128e-19,1.0011037053437026,0.006875164670647038,2.6243707536540327e-18,-0.00107856508059913,0.9999998751872761,-2.9751240425384364e-19,-0.0004996252908442026,1.303278821387216e-20
5.188,1.4918624322528589,-3.587586584740576e-19,1.0011015502490628,0.006854239685178487,2.6356584329139836e-18,-0.0010765295403549768,0.9999998766376864,-3.0450603037136884e-19,-0.0004967138118883498,1.3252074965132786e-20
5.19,1.4918761199064818,-3.5347582791212284e-19,1.0010993992219916,0.006833432898333276,2.6472176542788284e-18,-0.0010744975121009782,0.9999998780734141,-3.1146633209948075e-19,-0.0004938149005064202,1.3128596616939473e-20
5.192,1.491889766064295,-3.481696085019389e-19,1.0010972522554693,0.006812743793284684,2.65904706536218e-18,-0.0010724689916280922,0.9999998794945697,-3.183941456386387e-19,-0.0004909285539877359,1.4033405034659248e-20
5.194,1.4919033709611453,-3.428394612107307e-19,1.0010951093424845,0.006792171853424737,2.6711453205831175e-18,-0.0010704439747222687,0.9999998809012636,-3.2528946191217814e-19,-0.0004880547691792372,1.562140137172612e-20
5.196,1.491916934830847,-3.374848496902159e-19,1.0010929704760343,0.006771716562381457,2.6835110810239914e-18,-0.0010684224571644578,0.9999998822936058,-3.321522682735537e-19,-0.00048519354248911,1.754789867882671e-20
5.198,1.4919304579061814,-3.321052402633262e-19,1.0010908356491244,0.006751377404035964,2.696143014331515e-18,-0.001066404434730631,0.9999998836717061,-3.3898288658888325e-19,-0.0004823448698903995,2.0155162050729873e-20
5.2,1.491943940418898,-3.267003170675874e-19,1.0010887048547685,0.0067311538625394254,2.708609481827099e-18,-0.001064389903191822,0.9999998850356738,-3.128846527414791e-19,-0.00047950874692461354,2.0716153659511267e-20
5.202,1.491957382599715,-3.2127170218795294e-19,1.0010865780859894,0.0067110454223298695,2.7199430856768323e-18,-0.001062378858314138,0.9999998863856182,-3.088396481054149e-19,-0.0004766851687053131,1.9551964944171932e-20
5.204,1.4919707846783197,-3.1581986185791196e-19,1.0010844553358178,0.00669105156814885,2.7318710019901054e-18,-0.0010603712958587815,0.9999998877216479,-3.0482762785572935e-19,-0.0004738741299216907,2.010302153689237e-20
5.206,1.491984146883369,-3.103453307141934e-19,1.001082336597293,0.006671171785057967,2.742670053227702e-18,-0.0010583672115820964,0.9999998890438714,-2.9537836760300873e-19,-0.0004710756248421377,2.1341489951104867e-20
5.208,1.4919974694424905,-3.0484860406405206e-19,1.0010802218634631,0.006651405558455247,2.7539591384140615e-18,-0.001056366601235577,0.9999998903523969,-2.8596140388001453e-19,-0.00046828964731779847,2.3605816445101053e-20
5.21,1.492010752582283,-2.9933060473092826e-19,1.0010781111273843,0.006631752374091382,2.7639071690754793e-18,-0.001054369460565899,0.9999998916473319,-2.71107000626284e-19,-0.0004655161907861124,2.689531848322148e-20
5.212,1.492023996528317,-2.9379239521426583e-19,1.0010760043821216,0.006612211718085821,2.7743490796038445e-18,-0.0010523757853149543,0.9999998929287841,-2.7825240851435577e-19,-0.0004627552482743449,2.811164336258104e-20
5.214,1.4920372015051357,-2.8823367050893966e-19,1.0010739016207486,0.006592783076942723,2.7842069800563613e-18,-0.0010503855712198802,0.9999998941968604,-2.5246765756616767e-19,-0.0004600068124031046,2.762619797304646e-20
5.216,1.4920503677362555,-2.8265624224893925e-19,1.001071802836347,0.00657346593756677,2.7930534337934462e-18,-0.001048398814013084,0.9999998954516676,-2.268051419969916e-19,-0.00045727087538984933,2.7141470548319185e-20
5.218,1.4920634954441674,-2.7706212833577625e-19,1.0010697080220072,0.00655425978727884,2.8008934289806106e-18,-0.0010464155094222808,0.9999998966933118,-2.0126475614756676e-19,-0.00045454742905237915,2.768544371042871e-20
5.22,1.4920765848503372,-2.714533367180613e-19,1.0010676171708286,0.006535164113831537,2.80773193031617e-18,-0.0010444356531705188,0.9999998979218991,-1.7584529688515059e-19,-0.0004518364648123179,2.788625199065333e-20
5.222,1.4920896361752067,-2.6583186543867014e-19,1.0010655302759186,0.00651617840542458,2.813573878866736e-18,-0.001042459240976225,0.999999899137535,-1.5054603534840165e-19,-0.00044913797369858135,2.7401235334323785e-20
5.224,1.4921026496381946,-2.601997026820487e-19,1.0010634473303934,0.006497302150720064,2.818424191971349e-18,-0.0010404862685532228,0.9999999003403246,-1.2536639803635792e-19,-0.0004464519463508335,2.623161342552919e-20
5.226,1.4921156254576975,-2.5455882682159554e-19,1.0010613683273777,0.006478534838857567,2.822287763356801e-18,-0.001038516731610773,0.9999999015303727,-1.003061220176508e-19,-0.00044377837302293023,2.5063925839569383e-20
5.228,1.4921285638510904,-2.4891120646663374e-19,1.0010592932600049,0.0064598759594691295,2.825169463443784e-18,-0.0010365506258536135,0.9999999027077836,-7.536433753034417e-20,-0.00044111724358635073,2.3213251455866536e-20
5.23,1.4921414650347284,-2.432585853530885e-19,1.001057222121417,0.006441325002694094,2.8275044511443326e-18,-0.001034587946981989,0.9999999038726615,-7.795475608288338e-20,-0.00043846854753361585,2.375347569086355e-20
5.232,1.4921543292239476,-2.3760079793753527e-19,1.0010551549047642,0.006422881459193809,2.8303715444604537e-18,-0.0010326286906916845,0.9999999050251096,-8.601533432242275e-20,-0.0004358322739816943,2.3947763344557004e-20
5.234,1.4921671566330654,-2.319373919936072e-19,1.0010530916032059,0.006404544820166191,2.833122814595035e-18,-0.0010306728526740677,0.9999999061652313,-9.40506917686771e-20,-0.0004332084116753968,2.4141187541871932e-20
5.236,1.4921799474753825,-2.2626766634198663e-19,1.0010510322099098,0.0063863145773601585,2.8367268622602626e-18,-0.001028720428616123,0.9999999072931292,-1.0753039365052414e-19,-0.0004305969489907561,2.398953170374187e-20
5.238,1.4921927019631835,-2.205906360660277e-19,1.0010489767180524,0.006368190223089924,2.8404271059144795e-18,-0.0010267714142004924,0.9999999084089054,-1.1547615573489082e-19,-0.0004279978739383955,2.2813433008946976e-20
5.24,1.4922054203077384,-2.1490564299862784e-19,1.0010469251208187,0.006350171250249157,2.8445459700621867e-18,-0.0010248258051055166,0.9999999095126619,-1.1241878749510583e-19,-0.00042541117416688474,2.0959907276606894e-20
5.242,1.4922181027193033,-2.0921300006466504e-19,1.0010448774114022,0.006332257152325008,2.8480052635364656e-18,-0.0010228835970052664,0.9999999106045002,-1.0388017143671077e-19,-0.00042283683696608254,1.8771261430530397e-20
5.244,1.492230749407122,-2.0351330690067537e-19,1.0010428335830055,0.006314447423411998,2.8517757611399644e-18,-0.0010209447855695978,0.9999999116845212,-1.173133745799444e-19,-0.0004202748492704667,1.897715240314178e-20
5.246,1.4922433605794276,-1.978055471662465e-19,1.0010407936288395,0.006296741558225784,2.856071417468394e-18,-0.0010190093664641635,0.9999999127528253,-1.3068303951924379e-19,-0.0004177251976624516,1.9524824734069718e-20
5.248,1.4922559364434425,-1.9208867314411447e-19,1.0010387575421238,0.006279139052116778,2.860889634304579e-18,-0.0010170773353504817,0.9999999138095128,-1.4398932604220542e-19,-0.00041518786837569266,2.0072025170249067e-20
5.25,1.4922684772053805,-1.8636164230109889e-19,1.0010367253160868,0.006261639401083647,2.8662278257898174e-18,-0.0010151486878859598,0.9999999148546831,-1.5723253424496419e-19,-0.0004126628472983779,2.0617942538772522e-20
5.252,1.4922809830704487,-1.8062341726342503e-19,1.0010346969439656,0.006244242101786667,2.8720834183901884e-18,-0.001013223419723964,0.9999999158884355,-1.7041310626523913e-19,-0.0004101501199765069,2.1505241222790276e-20
5.2540000000000004,1.4922934542428477,-1.7487296579202023e-19,1.001032672419006,0.006226946651560966,2.8784538508381378e-18,-0.001011301526513817,0.9999999169108686,-1.8353091514953443e-19,-0.00040764967161715696,2.1705127773312322e-20
5.256,1.4923058909257736,-1.6910926075847233e-19,1.0010306517344623,0.006209752548429615,2.885336573771246e-18,-0.0010093830039008794,0.9999999179220808,-1.9658639487066458e-19,-0.00040516148709173594,2.156189295864756e-20
5.258,1.4923182933214192,-1.6333128012104456e-19,1.0010286348835977,0.006192659291116601,2.8927290498954273e-18,-0.0010074678475265777,0.9999999189221697,-2.095801218173147e-19,-0.0004026855509392224,2.1762078966115897e-20
5.26,1.4923306616309753,-1.5753800690047258e-19,1.0010266218596842,0.006175666379059671,2.900628753984536e-18,-0.0010055560530284496,0.9999999199112327,-2.2251183443098604e-19,-0.000400221847369393,2.0933819996297572e-20
5.2620000000000005,1.4923429960546326,-1.5172842915623666e-19,1.0010246126560023,0.006158773312423039,2.9090331725112826e-18,-0.0010036476160401857,0.9999999208893665,-2.3538237229016534e-19,-0.0003977703602660364,2.044938716141594e-20
5.264,1.4923552967915827,-1.4590153996288203e-19,1.0010226072658415,0.006141979592109976,2.917939804006004e-18,-0.0010017425321916823,0.9999999218566676,-2.4819230303378566e-19,-0.00039533107319015474,2.0994506568702293e-20
5.266,1.49236756404002,-1.4005644496328573e-19,1.0010206056824997,0.006125284719775262,2.9270234262799176e-18,-0.0009998407971090787,0.9999999228132318,-2.390105012748844e-19,-0.000392903969383152,1.983330405368081e-20
5.268,1.4923797979971425,-1.3419379596895184e-19,1.0010186078992838,0.006108688197837513,2.9356375201269114e-18,-0.0009979424064148006,0.9999999237591545,-2.408371086155183e-19,-0.000390489031770009,1.798521594701671e-20
5.2700000000000005,1.4923919988591543,-1.2831341757940219e-19,1.0010166139095094,0.006092189529491385,2.9447527647480214e-18,-0.0009960473557276183,0.9999999246945306,-2.426550511584225e-19,-0.00038808624296244546,1.6140293381713026e-20
5.272,1.4924041668212662,-1.2241520654336687e-19,1.001014623706501,0.006075788218719651,2.9533983066958185e-18,-0.0009941556406626824,0.9999999256194544,-2.3896864787203057e-19,-0.0003856955852620695,1.395921856324976e-20
5.274,1.4924163020776982,-1.1649952722840333e-19,1.0010126372835915,0.006059483770305147,2.962221072949918e-18,-0.0009922672568315805,0.9999999265340199,-2.298057264970582e-19,-0.00038331704066351296,1.589858666546231e-20
5.276,1.4924284048216805,-1.1056699452212213e-19,1.0010106546341229,0.006043275689842597,2.9701444047688675e-18,-0.0009903821998423674,0.9999999274383204,-2.1520407286670736e-19,-0.0003809505908575548,1.8862624438055257e-20
5.2780000000000005,1.4924404752454552,-1.0461875764515163e-19,1.001008675751446,0.006027163483750314,2.978140936635887e-18,-0.0009885004652996352,0.999999928332449,-2.226140631377446e-19,-0.00037859621723423085,1.9413041522474335e-20
5.28,1.4924525135402782,-9.865423897848852e-20,1.0010067006289203,0.006011146659281777,2.986425964730456e-18,-0.000986622048804539,0.9999999292164979,-2.2998905737236365e-19,-0.0003762539008859302,2.0304823407613898e-20
5.282,1.4924645198964206,-9.267286296356758e-20,1.001004729259914,0.005995224724537077,2.9949980562880895e-18,-0.00098474694595486,0.9999999300905592,-2.3732909472911335e-19,-0.0003739236226104786,2.1195311740669196e-20
5.284,1.492476494503171,-8.667405690042336e-20,1.0010027616378043,0.005979397188474255,3.0038557853899e-18,-0.0009828751523450556,0.9999999309547242,-2.4463408274116146e-19,-0.00037160536291420894,2.139837452525251e-20
5.2860000000000005,1.492488437548836,-8.065725093444831e-20,1.0010007977559772,0.005963663560920501,3.01299773260268e-18,-0.0009810066635662937,0.9999999318090838,-2.5190405643342817e-19,-0.0003692991020150186,2.0572979790609515e-20
5.288,1.4925003492207438,-7.462187804341529e-20,1.0009988376078274,0.005948023352583241,3.0224224849283436e-18,-0.0009791414752065009,0.9999999326537282,-2.5913930588725035e-19,-0.00036700481984541284,1.9064226745673326e-20
5.29,1.4925122297052438,-6.856737402474499e-20,1.0009968811867584,0.005932476075061099,3.0321286357390123e-18,-0.0009772795828504495,0.9999999334887476,-2.6633974052351114e-19,-0.00036472249605553605,1.618841237498724e-20
5.292,1.4925240791877101,-6.24932850602028e-20,1.0009949284861828,0.005917021240854742,3.041792052535678e-18,-0.0009754209820797555,0.9999999343142313,-2.515765711803626e-19,-0.0003624521100161885,1.5725238800450415e-20
5.2940000000000005,1.4925358978525427,-5.640080890048266e-20,1.0009929794995216,0.0059016583633775994,3.050659725237066e-18,-0.0009735656684729578,0.999999935130268,-2.423662236572815e-19,-0.0003601936408218315,1.594567547958575e-20
5.296,1.4925476858831692,-5.0290493109198214e-20,1.0009910342202049,0.0058863869569664665,3.059596025579356e-18,-0.0009717136376055672,0.999999935936946,-2.3866912464807086e-19,-0.00035794706729357756,1.616320713691957e-20
5.298,1.4925594434620468,-4.416284666672819e-20,1.0009890926416718,0.005871206536891985,3.0680622093101996e-18,-0.0009698648850501079,0.9999999367343533,-2.3498931060692456e-19,-0.0003557123679821687,1.5694492660464494e-20
5.3,1.4925711707706644,-3.801783921032485e-20,1.00098715475737,0.0058561166193690116,3.07692120946897e-18,-0.0009680194063761737,0.9999999375225769,-2.422789824850759e-19,-0.00035348952117094073,1.487992430560505e-20
5.3020000000000005,1.492582867989544,-3.185536837925991e-20,1.0009852205607563,0.005841116721566857,3.085417865595088e-18,-0.0009661771971504905,0.9999999383017038,-2.2213502886197797e-19,-0.0003512785048787744,1.6475609902112816e-20
5.304,1.4925945352982433,-2.5676695221634415e-20,1.0009832900452962,0.005826206361619422,3.093124160771317e-18,-0.0009643382529369394,0.99999993907182,-2.0208670178135616e-19,-0.0003490792968630335,1.840975310422275e-20
5.306,1.4926061728753566,-1.9483396558600213e-20,1.000981363204464,0.005811385058635204,3.1000439928221448e-18,-0.000962502569296629,0.9999999398330115,-1.8213354975141402e-19,-0.00034689187462248923,2.0681957812269516e-20
5.308,1.492617780898518,-1.3277041434054206e-20,1.000979440031743,0.005796652332707192,3.106181241098819e-18,-0.0009606701417879371,0.9999999405853632,-1.6227464360032326e-19,-0.0003447162154002318,2.1921589355758795e-20
5.3100000000000005,1.4926293595444025,-7.059191151944848e-21,1.0009775205206257,0.005782007704922647,3.1115397662278497e-18,-0.0009588409659665878,0.9999999413289601,-1.425095331076105e-19,-0.0003425522961865682,2.213028313224204e-20
5.312,1.4926409089887283,-8.313993136652937e-22,1.0009756046646128,0.005767450697372765,3.1161234101189233e-18,-0.0009570150373856535,0.999999942063886,-1.2283788745338336e-19,-0.00034040009372190706,2.1653956537626758e-20
5.314,1.4926524294062586,5.404788144769795e-21,1.0009736924572143,0.0057529808331622245,3.1199359963950424e-18,-0.0009551923515956585,0.9999999427902246,-1.032599681697531e-19,-0.00033825958449963005,2.2548577345383485e-20
5.316,1.4926639209708044,1.1647832916727538e-20,1.0009717838919492,0.005738597636418623,3.1229813307324393e-18,-0.0009533729041446076,0.9999999435080592,-8.377486573715321e-20,-0.0003361307447689496,2.3441062552797885e-20
5.3180000000000005,1.4926753838552256,1.789620428884867e-20,1.0009698789623451,0.005724300632301795,3.1252632008278158e-18,-0.0009515566905780229,0.9999999442174721,-6.438202695541602e-20,-0.000334013550537754,2.398834974063247e-20
5.32,1.4926868182314332,2.4148379105133495e-20,1.000967977661939,0.005710089347013019,3.1267853762247387e-18,-0.0009497437064390359,0.9999999449185454,-4.508066683857376e-20,-0.0003319079775754389,2.316449132763027e-20
5.322,1.4926982242703923,3.040284173038482e-20,1.0009660799842761,0.005695963307804113,3.127551608211015e-18,-0.0009479339472684029,0.9999999456113604,-2.587057626068677e-20,-0.0003298140014157249,2.165684194427328e-20
5.324,1.4927096021421231,3.665808401383462e-20,1.0009641859229113,0.005681922042986418,3.1275656299800183e-18,-0.0009461274086045817,0.9999999462959983,-6.751433765224601e-21,-0.0003277315973594628,1.9810089995318783e-20
5.3260000000000005,1.4927209520157034,4.291260525326706e-20,1.000962295471408,0.0056679650819396665,3.12683115692302e-18,-0.0009443240859837763,0.9999999469725394,1.2276965979649913e-20,-0.0003256607404774245,1.8310362136075154e-20
5.328,1.4927322740592712,4.9164912159634826e-20,1.0009604086233383,0.005654091955120742,3.1253518868539017e-18,-0.0009425239749399876,0.9999999476410635,3.121505269726471e-20,-0.00032360140561308123,1.71572419461057e-20
5.33,1.4927435684400265,5.541351882209114e-20,1.0009585253722837,0.005640302194072331,3.1231315001906193e-18,-0.0009407270710050744,0.9999999483016501,5.006302976767871e-20,-0.00032155356738536826,1.7034824574295723e-20
5.332,1.492754835324233,6.165694667343203e-20,1.0009566457118344,0.0056265953314314585,3.1201736602025675e-18,-0.0009389333697087924,0.9999999489543779,6.882132103695001e-20,-0.0003195172001914363,1.793985467345358e-20
5.3340000000000005,1.4927660748772213,6.789372445588812e-20,1.0009547696355896,0.00561297090093792,3.116482013044242e-18,-0.0009371428665788586,0.9999999495993253,8.749056894131635e-20,-0.0003174922782093892,1.9185386261491597e-20
5.336,1.4927772872633904,7.412238818682908e-20,1.0009528971371575,0.005599428437442601,3.112060187631239e-18,-0.0009353555571410082,0.9999999502365698,1.0607130600101765e-19,-0.0003154787754010089,2.0428763082128997e-20
5.338,1.49278847264621,8.034148112420004e-20,1.0009510282101552,0.005585967476915692,3.1069117957177805e-18,-0.0009335714369190418,0.9999999508661889,1.2456384127987765e-19,-0.0003134766655144668,2.2011839450174597e-20
5.34,1.4927996311882228,8.654955373239271e-20,1.0009491628482088,0.005572587556454789,3.101040431963906e-18,-0.000931790501434881,0.9999999514882589,1.4296880823924803e-19,-0.0003114859220870211,2.3248487362238684e-20
5.3420000000000005,1.4928107630510472,9.274516364796509e-20,1.000947301044953,0.005559288214292895,3.0944496738666025e-18,-0.0009300127462086142,0.9999999521028563,1.6128641021960595e-19,-0.00030950651844770195,2.4824850834081776e-20
5.344,1.492821868395379,9.892709079952291e-20,1.000945442794032,0.005546068989806309,3.0874658129906898e-18,-0.0009282381667585668,0.9999999527100566,1.575874734108178e-19,-0.0003075384277199826,2.433430106879766e-20
5.346,1.4928329473809936,1.0509526904764732e-19,1.000943588089099,0.005532929423522411,3.0807365996928604e-18,-0.000926466758601334,0.9999999533099347,1.5937577153533978e-19,-0.00030558162282443707,2.3503936440330385e-20
5.348,1.4928440001667493,1.112496325217612e-19,1.0009417369238154,0.005519869057127341,3.07350757348378e-18,-0.0009246985172518636,0.9999999539025654,1.7761549415981434e-19,-0.0003036360764813851,2.542185912372547e-20
5.3500000000000005,1.4928550269105885,1.1738882471736768e-19,1.0009398892918522,0.0055068874334735715,3.0655658868737286e-18,-0.0009229334382234696,0.9999999544880225,1.9576884229705459e-19,-0.0003017017612135234,2.6992559902277496e-20
5.352,1.4928660277695405,1.235114238449917e-19,1.0009380451868894,0.00549398409658738,3.0569150684723603e-18,-0.0009211715170279247,0.9999999550663795,2.1383622772129051e-19,-0.0002997786493485431,2.821686184664424e-20
5.354,1.4928770028997236,1.2961601515545447e-19,1.0009362046026158,0.005481158591676211,3.0475586300010683e-18,-0.0009194127491754995,0.9999999556377095,2.3181816097975633e-19,-0.00029786671302173485,2.875292466303579e-20
5.356,1.4928879524563483,1.357011909061644e-19,1.0009343675327291,0.005468410465135943,3.0375000663045e-18,-0.0009176571301749937,0.9999999562020848,2.4971505043010245e-19,-0.0002959659241785796,2.860197364038901e-20
5.3580000000000005,1.4928988765937186,1.41765550327384e-19,1.000932533970936,0.005455739264558041,3.026742855426717e-18,-0.0009159046555338274,0.9999999567595772,2.6752730025922215e-19,-0.0002940762545773272,2.776604339625837e-20
5.36,1.492909775465235,1.4780769958873933e-19,1.0009307039109525,0.005443144538736618,3.0152904587297388e-18,-0.0009141553207580834,0.9999999573102581,2.852551100008051e-19,-0.00029219767579156047,2.693208043202783e-20
5.362,1.4929206492233968,1.538262517661191e-19,1.0009288773465033,0.005430625837675391,3.0031463210514187e-18,-0.0009124091213525406,0.9999999578541984,3.0289928339025273e-19,-0.0002903301592127468,2.473024669025321e-20
5.364,1.4929314980198047,1.5982004196206068e-19,1.000927054271322,0.005418182712594532,2.9906366011861564e-18,-0.0009106660528207548,0.9999999583914682,2.930461088919755e-19,-0.0002884736760527764,2.526613824128769e-20
5.3660000000000005,1.492942322005163,1.657894173660556e-19,1.0009252346791515,0.005405814715937419,2.9788388854507025e-18,-0.0009089261106651035,0.9999999589221373,2.8870922649328096e-19,-0.00028662819734648646,2.5802342163114968e-20
5.368,1.4929531213292817,1.7173497431865247e-19,1.0009234185637437,0.005393521401377294,2.9666745795957093e-18,-0.0009071892903868281,0.9999999594462751,2.8987538876506243e-19,-0.0002847936939541736,2.6681508999916843e-20
5.37,1.4929638961410798,1.7765641108898975e-19,1.000921605918859,0.005381302323823816,2.9546828804571247e-18,-0.0009054555874861028,0.9999999599639501,2.9651869565717887e-19,-0.0002829701365640912,2.721830140991861e-20
5.372,1.4929746465885874,1.8355331884193923e-19,1.0009197967382675,0.0053691570394295085,2.942217486057327e-18,-0.0009037249974620712,0.9999999604752305,2.9764802605397935e-19,-0.00028115749569493473,2.740960219184954e-20
5.3740000000000006,1.492985372818948,1.8942568538199175e-19,1.0009179910157475,0.005357085105596123,2.9301417025945794e-18,-0.0009019975158129168,0.9999999609801841,2.9328941550823416e-19,-0.0002793557416983135,2.759890533520867e-20
5.376,1.4929960749784212,1.952737498791622e-19,1.0009161887450873,0.005345086080980894,2.918022799835886e-18,-0.0009002731380359178,0.9999999614788778,2.834815944501065e-19,-0.0002775648447612091,2.8814216995890755e-20
5.378,1.4930067532123852,2.0109835856550376e-19,1.0009143899200832,0.005333159525502695,2.906613869902284e-18,-0.0008985518596274857,0.9999999619713784,2.792024612226111e-19,-0.0002757847749084209,3.139922604784141e-20
5.38,1.493017407665339,2.068996728274563e-19,1.0009125945345412,0.005321305000348109,2.8945130894034742e-18,-0.0008968336760832181,0.9999999624577518,3.07839670995028e-19,-0.0002740155020049974,3.1931618338537944e-20
5.382,1.4930280384809058,2.1267566591249325e-19,1.000910802582276,0.00530952206797739,2.8812935809778e-18,-0.0008951185828979748,0.9999999629380636,3.363411174472423e-19,-0.0002722569957586556,3.2463540272449736e-20
5.384,1.4930386458018345,2.1842410590822006e-19,1.0009090140571113,0.0052978102921303356,2.8669608838861343e-18,-0.0008934065755659091,0.9999999634123788,3.6470753690872543e-19,-0.00027050922572218654,3.265233157099199e-20
5.386,1.4930492297700033,2.241427719544205e-19,1.00090722895288,0.0052861692378320625,2.8515205110501465e-18,-0.0008916976495805252,0.9999999638807622,3.929393845754797e-19,-0.0002687721612958474,3.318331619631935e-20
5.388,1.4930597905264211,2.298296693438537e-19,1.000905447263424,0.005274598471398688,2.8353006791547917e-18,-0.0008899918004347369,0.9999999643432774,3.9362521674215904e-19,-0.00026704577172974135,3.096476859786533e-20
5.39,1.4930703282112312,2.3548439119233626e-19,1.000903668982594,0.005263097560442914,2.8194884267732817e-18,-0.0008882890236209189,0.9999999647999881,3.9430771890958393e-19,-0.00026533002612618307,2.909332594972804e-20
5.392,1.493080842963713,2.4110706968134843e-19,1.00090189410425,0.005251666073879525,2.8031139052336035e-18,-0.0008865893146309508,0.9999999652509572,4.004696633214172e-19,-0.0002636248934420519,2.6884703465707775e-20
5.394,1.4930913349222856,2.4669708432444423e-19,1.0009001226222607,0.005240303581930783,2.786824686790065e-18,-0.0008848926689562789,0.9999999656962474,4.0661558557908097e-19,-0.0002619303424911315,2.399599036398193e-20
5.396,1.4931018042245094,2.522539952959198e-19,1.000898354530504,0.005229009656131736,2.770082141863741e-18,-0.0008831990820879707,0.9999999661359202,4.072486266383593e-19,-0.00026024634194643693,2.5568092693235202e-20
5.398,1.4931122510070896,2.5777793861631875e-19,1.0008965898228666,0.005217783869335435,2.7538570554595138e-18,-0.000881508549516757,0.9999999665700374,3.969132225484751e-19,-0.0002585728603425278,2.8161189991682276e-20
5.4,1.4931226754058777,2.632693014580136e-19,1.0008948284932446,0.005206625795718054,2.737393851191809e-18,-0.0008798210667330935,0.9999999669986598,4.1402734863582755e-19,-0.000256909866077809,2.835659939830294e-20
5.402,1.4931330775558758,2.6872707063845984e-19,1.0008930705355432,0.005195535010783924,2.7202639248924942e-18,-0.0008781366292272092,0.9999999674218478,4.3106034051983156e-19,-0.0002552573274168182,2.855112637586163e-20
5.404,1.4931434575912377,2.741499160260539e-19,1.000891315943676,0.0051845110913704764,2.7024705864904545e-18,-0.0008764552324891605,0.9999999678396615,4.4801275823628195e-19,-0.00025361521249249973,2.8059856309277565e-20
5.406,1.4931538156452724,2.795365140931775e-19,1.000889564711566,0.005173553615653091,2.684017130028724e-18,-0.0008747768720088772,0.9999999682521601,4.648849865177476e-19,-0.0002519834893084664,2.6884008682684655e-20
5.408,1.4931641518504466,2.8488554788446474e-19,1.0008878168331454,0.005162662163149862,2.6649068337728544e-18,-0.0008731015432762159,0.9999999686594025,4.816771458561297e-19,-0.0002503621257412475,2.6052784337741015e-20
5.41,1.4931744663383875,2.901957069855318e-19,1.0008860723023552,0.005151836314726269,2.645142960451207e-18,-0.0008714292417810217,0.9999999690614473,4.983897011841785e-19,-0.00024875108954252413,2.5223517214478707e-20
5.412,1.4931847592398853,2.9546568749196346e-19,1.0008843311131452,0.005141075652599765,2.6247287573121357e-18,-0.0008697599630131741,0.9999999694583522,5.150231150915287e-19,-0.0002471503483413514,2.4053541263426235e-20
5.414,1.4931950306848956,3.0069419197834214e-19,1.0008825932594747,0.00513037976034427,2.6036674560880946e-18,-0.0008680937024626227,0.9999999698501748,5.315777645700817e-19,-0.00024555986964636806,2.254366409736086e-20
5.416,1.4932052808025431,3.058799294672601e-19,1.0008808587353115,0.0051197482228945825,2.5819622731182404e-18,-0.0008664304556194705,0.999999970236972,5.480538532588479e-19,-0.00024397962084799212,2.138001424761143e-20
5.418,1.4932155097211237,3.110216153987775e-19,1.000879127534633,0.005109180626550703,2.559616409500375e-18,-0.0008647702179739862,0.9999999706188,5.644518379268045e-19,-0.00024240956922060489,2.021951573314339e-20
5.42,1.4932257175681067,3.1611797159991413e-19,1.000877399651425,0.0050986765589820715,2.536633051153602e-18,-0.0008631129850166904,0.999999970995715,5.807720047683105e-19,-0.00024084968192472143,1.9404416389202875e-20
5.422,1.4932359044701389,3.2116772625446387e-19,1.000875675079683,0.0050882356092317145,2.5130153688988254e-18,-0.0008614587522383809,0.9999999713677724,5.970150535490128e-19,-0.00023929992600914745,1.7563657944661566e-20
5.424,1.4932460705530457,3.261697214490114e-19,1.0008739538134108,0.005077857367720316,2.4890892475613493e-18,-0.000859807515130194,0.9999999717350271,5.912501988371604e-19,-0.00023776026841312484,1.8120225610210747e-20
5.426,1.4932562159418354,3.3112452595948275e-19,1.0008722358466218,0.005067541426250194,2.465716844713339e-18,-0.0008581592691836579,0.9999999720975336,5.855256639101251e-19,-0.00023623067596846285,1.8675476548452453e-20
5.428,1.493266340760701,3.3603224012235553e-19,1.000870521173338,0.0050572873780092,2.441927089919144e-18,-0.0008565140098907284,0.9999999724553459,5.907802758970666e-19,-0.0002347111154016573,1.9917320864989924e-20
5.43,1.4932764451330234,3.408924969721193e-19,1.0008688097875906,0.005047094817574531,2.418259609617127e-18,-0.0008548717327438572,0.9999999728085175,6.015052248120201e-19,-0.00023320155333599662,2.252815039100603e-20
5.432,1.4932865291813737,3.4570467961129604e-19,1.00086710168342,0.005036963340916459,2.3940683646378664e-18,-0.0008532324332360317,0.9999999731571014,5.902496334581421e-19,-0.00023170195629365538,2.2386375981126246e-20
5.434,1.4932965930275168,3.5046978783779817e-19,1.0008653968548755,0.005026892545401981,2.3711847629197257e-18,-0.0008515961068608244,0.9999999735011503,5.735776568651658e-19,-0.00023021229069777467,2.2928589452057782e-20
5.436,1.4933066367924137,3.551888168534258e-19,1.000863695296015,0.00501688202979838,2.3479887218446104e-18,-0.0008499627491124388,0.9999999738407161,5.624540642907254e-19,-0.00022873252287452972,2.4498360424921078e-20
5.438,1.4933166605962238,3.5986282811016387e-19,1.000861997000906,0.005006931394276712,2.3260947716510858e-18,-0.0008483323554857668,0.9999999741758506,5.404440261679e-19,-0.00022726261905518552,2.606109853417196e-20
5.44,1.493326664558309,3.644932708756978e-19,1.0008603019636249,0.0049970402404152054,2.3044193781871523e-18,-0.0008467049214764338,0.9999999745066048,5.350126926603834e-19,-0.00022580254537813842,2.4882593319178874e-20
5.442,1.493336648797235,3.690809753064626e-19,1.0008586101782566,0.004987208171202588,2.2832845508998835e-18,-0.0008450804425808449,0.9999999748330296,5.241243763689586e-19,-0.00022435226789094636,2.4390965972988452e-20
5.444,1.4933466134307756,3.736263740860178e-19,1.0008569216388956,0.004977434791041321,2.2620416719073044e-18,-0.000843458914296233,0.999999975155175,5.3521731348765845e-19,-0.0002229117525523454,2.698937932839351e-20
5.446,1.4933565585759143,3.7812885670749914e-19,1.000855236339645,0.00496771970575077,2.240368736904756e-18,-0.0008418403321207074,0.9999999754730907,5.462576529507246e-19,-0.00022148096523425412,2.9582436473804087e-20
5.448,1.4933664843488481,3.8258778035860165e-19,1.0008535542746173,0.004958062522570281,2.2186981963587462e-18,-0.0008402246915533164,0.9999999757868261,5.243506819320778e-19,-0.0002200598717237656,2.976301609682236e-20
5.45,1.4933763908649893,3.870044417731843e-19,1.0008518754379336,0.0049484628501621905,2.1979982448828556e-18,-0.0008386119880940679,0.99999997609643,5.299610106815139e-19,-0.00021864843772512614,2.754936000555673e-20
5.452,1.4933862782389695,3.913785534293937e-19,1.0008501998237243,0.004938920298614747,2.1761127531157235e-18,-0.0008370022172439924,0.9999999764019508,5.410271826317304e-19,-0.0002172466288617017,2.602746646152809e-20
5.454,1.4933961465846417,3.9570932714343395e-19,1.0008485274261285,0.0049294344794449645,2.1547681369627754e-18,-0.0008353953745051916,0.9999999767034364,5.4657116048456385e-19,-0.0002158544106779322,2.5193711986323177e-20
5.456,1.4934059960150834,3.999964797244526e-19,1.0008468582392946,0.004920005005601393,2.132348272069424e-18,-0.0008337914553808855,0.9999999770009342,5.521018538708291e-19,-0.00021447174864127252,2.4361930367642802e-20
5.458,1.4934158266425994,4.042394065730519e-19,1.00084519225738,0.004910631491466815,2.110470773571738e-18,-0.0008321904553754532,0.9999999772944913,5.521366699232808e-19,-0.00021309860814412157,2.3874008585719334e-20
5.46,1.4934256385787248,4.0843782687768898e-19,1.0008435294745508,0.004901313552860863,2.0878417291662415e-18,-0.0008305923699944837,0.9999999775841542,5.576539052848696e-19,-0.0002117349545057389,2.3388408231671587e-20
5.462,1.4934354319342276,4.12591424107891e-19,1.0008418698849824,0.004892050807042567,2.065647700178892e-18,-0.0008289971947448176,0.9999999778699691,5.631712700768668e-19,-0.00021038075297414834,2.153331251809131e-20
5.464,1.4934452068191117,4.1669973854423073e-19,1.000840213482859,0.00488284287271282,2.0427025410974833e-18,-0.0008274049251345933,0.9999999781519815,5.63180336134529e-19,-0.00020903596872802962,1.762548587429104e-20
5.466,1.4934549633426204,4.2076331628477436e-19,1.0008385602623735,0.0048736893700167755,2.02105443930178e-18,-0.0008258155566733072,0.9999999784302369,5.302935173851561e-19,-0.00020770056687859743,1.5432537259039243e-20
5.468,1.4934647016132379,4.2478420862119454e-19,1.0008369102177284,0.004864589920546169,1.9998369087317415e-18,-0.0008242290848718374,0.99999997870478,5.304445401023911e-19,-0.00020637451247146826,1.599292073128982e-20
5.47,1.4934744217386937,4.28762664221877e-19,1.0008352633431348,0.0048555441473415615,1.9786177082832752e-18,-0.0008226455052425002,0.9999999789756551,5.305947025377352e-19,-0.00020505777048851451,1.7236483145830057e-20
5.472,1.4934841238259644,4.3269867977568133e-19,1.0008336196328127,0.004846551674894517,1.9573968665648543e-18,-0.0008210648132991004,0.9999999792429061,5.307441492830255e-19,-0.00020375030584970704,1.8477094516612855e-20
5.474,1.4934938079812774,4.365922520285977e-19,1.0008319790809914,0.004837612129149705,1.9361744120807752e-18,-0.0008194870045569624,0.9999999795065766,5.308928135059967e-19,-0.00020245208341494435,2.0057423265734392e-20
5.476,1.4935034743101132,4.404433777835101e-19,1.0008303416819089,0.004828725137506926,1.914950373241054e-18,-0.0008179120745329895,0.9999999797667097,5.310407677290415e-19,-0.00020116306798587035,2.1634002723722375e-20
5.478,1.4935131229172087,4.442520539000212e-19,1.0008287074298123,0.004819890328823074,1.893724778310848e-18,-0.0008163400187456954,0.999999980023348,5.311880856158411e-19,-0.0001998832243076797,2.2864180364661253e-20
5.48,1.4935227539065599,4.480182772940129e-19,1.0008270763189575,0.004811107333414024,1.8724976553279336e-18,-0.0008147708327152581,0.9999999802765337,5.313348392371795e-19,-0.0001986125170709105,2.3406521993072812e-20
5.482,1.493532367381425,4.517420449372248e-19,1.0008254483436096,0.004802375783056446,1.8512690320925707e-18,-0.0008132045119635629,0.9999999805263087,5.314809640730008e-19,-0.00019735091091322552,2.3604913345669856e-20
5.484,1.4935419634443268,4.5542335385677625e-19,1.0008238234980424,0.004793695310989554,1.8300389362125686e-18,-0.0008116410520142295,0.9999999807727142,5.316263277594881e-19,-0.00019609837042118043,2.4144680326027423e-20
5.486,1.4935515421970564,4.590622011349036e-19,1.000822201776539,0.004785065551916782,1.8088073951921167e-18,-0.0008100804483926796,0.9999999810157915,5.317710680685303e-19,-0.00019485486013198062,2.4340097030487113e-20
5.488,1.493561103740676,4.626585839086538e-19,1.0008205831733907,0.004776486142007394,1.7875744363096775e-18,-0.0008085226966261627,0.9999999812555808,5.319153236255746e-19,-0.00019362034453522528,2.3507469097310655e-20
5.49,1.493570648175521,4.662124993693431e-19,1.0008189676828987,0.004767956718898021,1.7663400865624333e-18,-0.0008069677922438012,0.9999999814921224,5.320588982266367e-19,-0.00019239478807464021,2.267681152603322e-20
5.492,1.4935801756012044,4.697239447621181e-19,1.0008173552993727,0.004759476921694138,1.7451043728330145e-18,-0.0008054157307766537,0.9999999817254562,5.322015957829675e-19,-0.00019117815514979784,2.287529168190146e-20
5.494,1.4935896861166178,4.731929173858938e-19,1.0008157460171312,0.004751046390971462,1.7238673219935845e-18,-0.0008038665077577087,0.9999999819556215,5.323436817042388e-19,-0.00018997041011782552,2.2731448919506987e-20
5.496,1.4935991798199362,4.766194145932203e-19,1.0008141398305017,0.004742664768777293,1.7026289607824312e-18,-0.0008023201187219854,0.999999982182657,5.324850945157508e-19,-0.00018877151729510187,2.258794386536352e-20
5.498,1.49360865680862,4.800034337899625e-19,1.0008125367338208,0.004734331698631784,1.6813893157789663e-18,-0.0008007765592065383,0.9999999824066014,5.326259024968246e-19,-0.00018758144095894097,2.2102114305512706e-20
5.5,1.4936181171794178,4.83344972434946e-19,1.000810936721434,0.004726046825529143,1.660148413351813e-18,-0.0007992358247504988,0.9999999826274928,5.327663027043639e-19,-0.0001864001453492651,2.0246787419843386e-20
5.502,1.4936275610283702,4.866440280394114e-19,1.0008093397876954,0.004717809795938775,1.6389062795475683e-18,-0.0007976979108951369,0.999999982845369,5.329060431122847e-19,-0.00018522759467026477,1.83950428833383e-20
5.5040000000000004,1.4936369884508118,4.899005981665189e-19,1.0008077459269684,0.004709620257806354,1.6176629402556604e-18,-0.0007961628131838798,0.9999999830602673,5.330451261641526e-19,-0.0001840637530920478,1.65480905640342e-20
5.506,1.493646399541375,4.931146804310726e-19,1.0008061551336254,0.004701477860554832,1.5964184212385992e-18,-0.000794630527162366,0.9999999832722246,5.331835549964798e-19,-0.00018290858475227592,1.470551299330978e-20
5.508,1.4936557943939917,4.962862724992843e-19,1.0008045674020472,0.004693382255085384,1.5751727481391044e-18,-0.0007931010483784909,0.9999999834812777,5.3332133265605285e-19,-0.00018176205375778978,1.2867299809401377e-20
5.51,1.493665173101898,4.994153720885258e-19,1.0008029827266236,0.004685333093778288,1.5539259464589001e-18,-0.000791574372382424,0.9999999836874627,5.334586498039626e-19,-0.00018062412418622218,1.0005456410230606e-20
5.5120000000000005,1.4936745357576358,5.025019769668953e-19,1.0008014011017539,0.004677330030493744,1.5326780414058362e-18,-0.0007900504947266644,0.9999999838908153,5.335954491148493e-19,-0.0001794947600875995,6.464664491532486e-21
5.514,1.493683882453056,5.055460849526634e-19,1.0007998225218455,0.00466937272057263,1.5114290579724787e-18,-0.0007885294109660828,0.9999999840913711,5.337317324681792e-19,-0.0001783739254859318,2.246533420802985e-21
5.516,1.4936932132793221,5.085479090653565e-19,1.0007982469813153,0.004661460820837191,1.490609323933065e-18,-0.0007870111166579587,0.9999999842891651,5.009714552040028e-19,-0.0001772615843807904,4.3034773174459415e-22
5.518,1.4937025283269127,5.115095976314204e-19,1.0007966744745886,0.004653593989591673,1.471292495511182e-18,-0.0007854956073620097,0.999999984484232,4.902962708636655e-19,-0.00017615770074887446,1.7063181275551474e-21
5.5200000000000005,1.493711827685624,5.144324273298547e-19,1.0007951049961001,0.0046457718866228905,1.4515348038523126e-18,-0.0007839828786404343,0.9999999846766061,4.906633332540093e-19,-0.00017506223854556636,2.399104128085485e-22
5.522,1.4937211114445739,5.173161625524271e-19,1.0007935385402928,0.004637994173200738,1.4323056066721675e-18,-0.0007824729260579529,0.9999999848663214,4.855461992085211e-19,-0.0001739751617064741,-1.9097131187139595e-21
5.524,1.4937303796922037,5.20161140864075e-19,1.0007919751016192,0.0046302605120786345,1.412526724277292e-18,-0.000780965745181851,0.9999999850534113,5.078658824531801e-19,-0.00017289643414896357,-1.9935042393251847e-21
5.526,1.4937396325162822,5.229656908707918e-19,1.00079041467454,0.004622570567493914,1.3918779937921032e-18,-0.0007794613315820087,0.9999999852379092,5.300798736731654e-19,-0.00017182601977367868,-2.7624316587994673e-21
5.5280000000000005,1.4937488700039079,5.257282923475516e-19,1.0007888572535253,0.0046149240051681535,1.3707940344411676e-18,-0.0007779596808309397,0.9999999854198479,5.192926463654915e-19,-0.00017076388246604974,-1.1369769889586964e-21
5.53,1.4937580922415123,5.284495124571296e-19,1.0007873028330536,0.004607320492307442,1.350460518648431e-18,-0.0007764607885038282,0.9999999855992601,5.14026138518982e-19,-0.00016970998609779122,4.855601523566697e-22
5.532,1.493767299314863,5.311298446135173e-19,1.0007857514076126,0.004599759697602593,1.3299059179610296e-18,-0.0007749646501785639,0.9999999857761775,5.087848886961303e-19,-0.00016866429452838707,3.9175558734477504e-22
5.534,1.4937764913090659,5.337698159384354e-19,1.0007842029716987,0.004592241291229295,1.3100995246607438e-18,-0.0007734712614357951,0.9999999859506323,4.980859601927135e-19,-0.0001676267716065656,-4.581968153089232e-23
5.5360000000000005,1.4937856683085693,5.363700231300354e-19,1.000782657519817,0.004584764944848211,1.2901773964323735e-18,-0.000771980617858924,0.999999986122656,4.9290722680265195e-19,-0.0001665973811717621,2.038833850653042e-22
5.538,1.493794830397166,5.389311674597954e-19,1.000781115046482,0.00457733033160501,1.2710005587235657e-18,-0.0007704927150341926,0.9999999862922794,4.822834543688352e-19,-0.00016557608705557113,4.520826005617845e-22
5.54,1.4938039776579968,5.414539112679107e-19,1.0007795755462163,0.004569937126130356,1.2518124889022353e-18,-0.0007690075485506817,0.9999999864595334,4.71697052564665e-19,-0.00016456285308318646,6.996927903506501e-22
5.542,1.493813110173553,5.439391288808006e-19,1.0007780390135517,0.004562585004539825,1.2335816108216227e-18,-0.0007675251140003708,0.9999999866244483,4.501955568273803e-19,-0.00016355764307483087,1.6302359157671784e-21
5.5440000000000005,1.4938222280256797,5.463884431860832e-19,1.0007765054430287,0.004555273644433782,1.2157649955053709e-18,-0.0007660454069781602,0.9999999867870544,4.452573001399618e-19,-0.00016256042084717397,-8.65342824997612e-22
5.546,1.4938313312955787,5.488023213257217e-19,1.0007749748291965,0.004548002724897188,1.1981452919580165e-18,-0.0007645684230818947,0.9999999869473813,4.403427405690993e-19,-0.00016157115021473882,-5.068313817911683e-21
5.548,1.4938404200638116,5.511812637414213e-19,1.0007734471666134,0.004540771926499363,1.1809366946127999e-18,-0.000763094157912419,0.9999999871054586,4.1900324152988952e-19,-0.0001605897949912978,-6.179621340728892e-21
5.55,1.4938494944103025,5.535266649611577e-19,1.0007719224498464,0.004533580931293689,1.1644600852819366e-18,-0.0007616226070736106,0.999999987261315,4.141993838212863e-19,-0.0001596163189912574,-5.5723424887465976e-21
5.5520000000000005,1.493858554414341,5.558390167532962e-19,1.000770400673471,0.004526429422817259,1.1478512595795938e-18,-0.0007601537661723937,0.9999999874149796,4.0941830025545696e-19,-0.0001586506860310317,-4.966909705035316e-21
5.554,1.4938676001545854,5.581186292593322e-19,1.0007688818320721,0.004519317086090475,1.131756509472402e-18,-0.0007586876308187898,0.9999999875664807,4.101422984023007e-19,-0.0001576928599304046,-3.3352767501341832e-21
5.556,1.4938766317090653,5.60365703360372e-19,1.0007673659202427,0.0045122436076165924,1.1154204525154311e-18,-0.0007572241966259552,0.9999999877158463,3.9441549373005705e-19,-0.0001567428045138814,-4.108737550387344e-21
5.558,1.493885649155185,5.625813717922345e-19,1.000765852932585,0.0045052086753812086,1.100350352647664e-18,-0.0007557634592101973,0.9999999878631044,3.842457219407503e-19,-0.00015580048361202935,-4.19458519677588e-21
5.5600000000000005,1.4938946525697265,5.64766510907023e-19,1.0007643428637096,0.004498211978851701,1.0849266785689275e-18,-0.0007543054141910112,0.9999999880082823,3.741242161575381e-19,-0.0001548658610628072,-4.62207688511542e-21
5.562,1.4939036420288516,5.669218853436653e-19,1.0007628357082363,0.004491253208976618,1.0704419267466699e-18,-0.0007528500571911315,0.9999999881514071,3.6405058784621265e-19,-0.00015393890071288424,-4.364449087337734e-21
5.564,1.493912617608106,5.69048076480604e-19,1.0007613314607935,0.004484332058185008,1.055814698480296e-18,-0.0007513973838365365,0.9999999882925059,3.540376053462193e-19,-0.00015301956641894745,-3.422105416427023e-21
5.566,1.4939215793824212,5.711462345896419e-19,1.000759830116018,0.004477448220385708,1.0423367864542115e-18,-0.0007499473897564995,0.999999988431605,3.386025028236454e-19,-0.0001521078220489989,-2.481612335187914e-21
5.5680000000000005,1.4939305274261188,5.732172540715223e-19,1.000758331668556,0.004470601390966576,1.0288191966475202e-18,-0.0007485000705836116,0.9999999885687306,3.1773163107600494e-19,-0.00015120363148364202,8.544472342023137e-22
5.57,1.4939394618129118,5.752625630237835e-19,1.0007568361130617,0.004463791266793675,1.0164464874478062e-18,-0.0007470554219538159,0.9999999887039088,3.3531209467752885e-19,-0.0001503069586173569,2.1340597818981157e-21
5.572,1.4939483826159092,5.772813614793581e-19,1.0007553434441985,0.004457017546210404,1.0023091600945185e-18,-0.0007456134395064358,0.9999999888371651,3.363748215931268e-19,-0.0001494177673597649,1.0091247749459211e-21
5.574,1.4939572899076174,5.792733556853632e-19,1.0007538536566383,0.004450279929036587,9.895346104639539e-19,-0.0007441741188842083,0.9999999889685249,3.4292788591184085e-19,-0.00014853602163688307,1.258320940163881e-21
5.5760000000000005,1.4939661837599445,5.812379293863775e-19,1.000752366745062,0.004443578116567507,9.7488885834175e-19,-0.000742737455733304,0.9999999890980131,3.604147414020709e-19,-0.0001476616853923672,3.564519549896773e-21
5.578,1.4939750642442022,5.831740745079669e-19,1.000750882704159,0.004436911811572892,9.611782901795307e-19,-0.0007413034457033872,0.9999999892256545,3.613713490793119e-19,-0.0001467947225887447,3.1215234918679114e-21
5.58,1.4939839314311099,5.850815418459109e-19,1.0007494015286271,0.004430280718295857,9.462469627697922e-19,-0.0007398720844476109,0.9999999893514735,3.678062601252472e-19,-0.00014593509720863698,9.674790705721413e-22
5.582,1.493992785390796,5.869599757155671e-19,1.0007479232131735,0.0044236845424517925,9.322525966929161e-19,-0.0007384433676226642,0.9999999894754942,3.577625683458083e-19,-0.00014508277325597107,1.2147660327409718e-21
5.5840000000000005,1.4940016261928026,5.8881009778545545e-19,1.0007464477525134,0.004417122991227214,9.180063984541424e-19,-0.0007370172908888037,0.9999999895977406,3.3682716676410175e-19,-0.0001442377147571808,2.4882717133343404e-21
5.586,1.4940104539060874,5.906334491519427e-19,1.000744975141371,0.0044105957732785556,9.055530460245178e-19,-0.0007355938499098582,0.9999999897182362,3.0501289956743387e-19,-0.0001433998857623975,3.415737573755724e-21
5.588,1.4940192685990268,5.924321730873746e-19,1.0007435053744793,0.004404102598730924,8.930552551543786e-19,-0.0007341730403532988,0.9999999898370043,3.226926993051746e-19,-0.00014256925034663055,4.3480900377905275e-21
5.59,1.4940280703394189,5.942052112343881e-19,1.0007420384465795,0.004397643179176806,8.798678058354972e-19,-0.000732754857890225,0.9999999899540679,3.4028873037326893e-19,-0.00014174577261093693,4.935969525111155e-21
5.5920000000000005,1.4940368591944864,5.959511876982266e-19,1.0007405743524218,0.004391217227674725,8.659941175911405e-19,-0.0007313392981954239,0.9999999900694497,3.5780143978150794e-19,-0.00014092941668358115,4.837125001066759e-21
5.594,1.4940456352308797,5.976687334068305e-19,1.000739113086765,0.004384824458747859,8.514375936167867e-19,-0.0007299263569473806,0.9999999901831723,3.7523112646601807e-19,-0.00014012014672118423,4.738507082010154e-21
5.596,1.49405439851468,5.993564860783343e-19,1.000737654644377,0.004378464588382613,8.362016209325362e-19,-0.0007285160298283117,0.9999999902952578,3.9257818367882773e-19,-0.00013931792690986299,4.640521326533788e-21
5.598,1.4940631491114014,6.010130901888094e-19,1.0007361990200332,0.004372137334027142,8.20289570458465e-19,-0.0007271083125241882,0.999999990405728,4.0984305148323977e-19,-0.0001385227214663587,4.200098673875111e-21
5.6000000000000005,1.4940718870859946,6.02637196940109e-19,1.0007347462085185,0.0043658424145898355,8.037047970918197e-19,-0.0007257032007247817,0.9999999905146046,4.270260714593036e-19,-0.0001377344946391558,3.759899995041537e-21
5.602,1.4940806125028496,6.042274642279412e-19,1.0007332962046263,0.004359579550437759,7.864506397598782e-19,-0.0007243006901236583,0.9999999906219091,4.4412772750641075e-19,-0.0001369532107095902,2.635414125276742e-21
5.604,1.4940893254257988,6.057825566099056e-19,1.0007318490031583,0.004353348463395048,7.685304214794057e-19,-0.0007229007764182325,0.9999999907276627,4.611482639698153e-19,-0.00013617883399294752,1.8562473309929633e-21
5.606,1.4940980259181191,6.073011452738874e-19,1.0007304045989251,0.0043471488767412615,7.499474495259365e-19,-0.0007215034553097788,0.9999999908318861,4.780880178285283e-19,-0.00013541132883955156,1.7642424825573024e-21
5.6080000000000005,1.494106714042536,6.087819080066672e-19,1.000728962986746,0.004340980515209696,7.307050155394326e-19,-0.0007201087225034577,0.9999999909346,4.94947325164206e-19,-0.00013465065963584214,2.700432156624109e-21
5.61,1.4941153898612256,6.102237443130167e-19,1.0007275241614484,0.0043348431049856535,7.111291209844529e-19,-0.0007187165737083519,0.9999999910358248,4.84313976068107e-19,-0.00013389679080544347,2.2600579958414926e-21
5.612,1.494124053435818,6.1162713708794275e-19,1.0007260881178688,0.004328736373704672,6.9229701276852725e-19,-0.0007173270046374771,0.9999999911355806,4.792136678842383e-19,-0.00013314968681022254,1.4792074424470936e-21
5.614,1.4941327048273998,6.129926379285384e-19,1.000724654850852,0.00432266005045071,6.73237028481044e-19,-0.0007159400110078243,0.9999999912338872,4.741376308359102e-19,-0.00013240931215133714,1.488417910544133e-23
5.6160000000000005,1.4941413440965174,6.143206528261996e-19,1.000723224355251,0.004316613865754299,6.54918487498814e-19,-0.0007145555885403661,0.9999999913307642,4.636031242253998e-19,-0.00013167563137027417,-1.7897623304609196e-21
5.618,1.4941499713031798,6.156119441941299e-19,1.0007217966259283,0.004310597551590644,6.362621635625955e-19,-0.0007131737329600895,0.9999999914262311,4.805312940844284e-19,-0.00013094860904987854,-2.215468724232068e-21
5.62,1.4941585865068612,6.168652633974495e-19,1.0007203716577542,0.004304610841377694,6.169468477647869e-19,-0.0007117944399960276,0.9999999915203069,4.973793031070971e-19,-0.00013022820981537173,-3.3254964937575743e-21
5.622,1.4941671897665039,6.1807929572856755e-19,1.0007189494456077,0.004298653469974169,5.9697581374008e-19,-0.0007104177053812747,0.9999999916130106,5.141475315063808e-19,-0.0001295143983353607,-5.118223563034875e-21
5.6240000000000006,1.4941757811405219,6.192529481616015e-19,1.0007175299843762,0.004292725173677552,5.766750446253378e-19,-0.0007090435248530036,0.9999999917043606,5.034230884451159e-19,-0.0001288071393228371,-4.854290671849251e-21
5.626,1.4941843606868026,6.203867110238909e-19,1.0007161132689562,0.004286825690222032,5.571217688144959e-19,-0.0007076718941525031,0.9999999917943757,4.9823206830643835e-19,-0.00012810639753616708,-4.590276366324092e-21
5.628,1.494192928462711,6.214812149413216e-19,1.0007146992942517,0.00428095475877642,5.373441371409387e-19,-0.000706302809025202,0.9999999918830738,4.930787858607834e-19,-0.00012741213778007083,-5.3548713068230515e-21
5.63,1.494201484525091,6.225366571830265e-19,1.0007132880551763,0.004275112119942026,5.182033666144821e-19,-0.0007049362652206638,0.9999999919704728,4.824674827695705e-19,-0.00012672432490659305,-7.146337506360197e-21
5.632,1.49421002893027,6.235541649941236e-19,1.0007118795466514,0.00426929751575049,4.993734341233981e-19,-0.0007035722584926495,0.9999999920565908,4.664369465136215e-19,-0.0001260429238160636,-9.276504823351895e-21
5.634,1.4942185617340604,6.2453471728405e-19,1.0007104737636072,0.004263510689661584,4.81283291678011e-19,-0.0007022107845991047,0.9999999921414451,4.614344917869248e-19,-0.00012536789945804847,-1.071532311067561e-20
5.636,1.4942270829917632,6.254788936203578e-19,1.0007090707009823,0.004257751386560974,4.628538920682953e-19,-0.0007008518393022106,0.9999999922250529,4.619384249429516e-19,-0.00012469921683229185,-1.28345548415987e-20
5.638,1.4942355927581703,6.263867335825203e-19,1.0007076703537234,0.004252019352757948,4.451619980334256e-19,-0.0006994954183683858,0.9999999923074312,4.350397958387235e-19,-0.00012403684098964807,-1.2896213738586748e-20
5.64,1.4942440910875678,6.2726024719450245e-19,1.0007062727167864,0.004246314335983106,4.285267078386563e-19,-0.000698141517568309,0.9999999923885969,4.0826864381276453e-19,-0.0001233807370330043,-1.2615871427824272e-20
5.642,1.4942525780337388,6.281015424561769e-19,1.000704877785135,0.004240636085386012,4.1294281763340924e-19,-0.0006967901326769556,0.9999999924685669,3.8162444883632734e-19,-0.00012273087011819406,-1.2678443021697096e-20
5.644,1.4942610536499659,6.289127169844373e-19,1.0007034855537418,0.00423498435153282,3.9840514826480895e-19,-0.0006954412594736076,0.9999999925473572,3.551066091901827e-19,-0.00012208720545490125,-1.3083521750272308e-20
5.646,1.4942695179890344,6.296958580624496e-19,1.0007020960175876,0.004229358886403851,3.8490854513362803e-19,-0.000694094893741863,0.9999999926249843,3.287145264390084e-19,-0.00012144970830755495,-1.3830701808447333e-20
5.648,1.4942779711032348,6.304528275388766e-19,1.0007007091716615,0.004223759443391151,3.7201757856420205e-19,-0.0006927510312696801,0.999999992701464,3.353428094776853e-19,-0.00012081834399621493,-1.2516140997035552e-20
5.65,1.494286413044366,6.311832190603103e-19,1.0006993250109615,0.004218185777296,3.582232208156018e-19,-0.000691409667849374,0.9999999927768121,3.5838745641376404e-19,-0.00012019307789744771,-1.1545373858441625e-20
5.652,1.4942948438637378,6.31885516592596e-19,1.0006979435304935,0.004212637644326405,3.440676521200749e-19,-0.0006900707992776677,0.9999999928510441,3.5940576661099326e-19,-0.0001195738754451939,-1.2636331100692639e-20
5.654,1.4943032636121738,6.325594659272887e-19,1.000696564725272,0.004207114802094537,3.2987505477646776e-19,-0.0006887344213556721,0.9999999929241756,3.6041925087697183e-19,-0.00011896070213162603,-1.37247042980341e-20
5.656,1.4943116723400143,6.332049932035265e-19,1.0006951885903197,0.004201617009614158,3.156456250697992e-19,-0.000687400529888928,0.9999999929962218,3.6142797283157367e-19,-0.00011835352350799745,-1.5153160995057956e-20
5.658,1.4943200700971189,6.338220249520511e-19,1.0006938151206681,0.004196144027297998,3.013795583004905e-19,-0.0006860691206874312,0.9999999930671973,3.6243203726490133e-19,-0.00011775230518548208,-1.7606217912182345e-20
5.66,1.4943284569328696,6.344104880931889e-19,1.000692444311357,0.004190695616955109,2.870770487658018e-19,-0.0006847401895656403,0.9999999931371172,3.634314264072391e-19,-0.00011715701283600509,-2.0739191054098237e-20
5.662,1.4943368328961735,6.349703099348738e-19,1.0006910761574341,0.004185271541788186,2.7273828977572155e-19,-0.0006834137323424956,0.9999999932059959,3.6442612256670824e-19,-0.000116567612193065,-2.4207401219680823e-20
5.664,1.494345198035465,6.3550141817071205e-19,1.000689710653956,0.004179871566390853,2.58363473701425e-19,-0.0006820897448414353,0.9999999932738478,3.6541610787731512e-19,-0.00011598406905254614,-2.766739234240524e-20
5.666,1.4943535523987095,6.360039560276834e-19,1.0006883477959874,0.004174495456744921,2.4438309109965784e-19,-0.0006807682228904306,0.9999999933406872,3.335057089906788e-19,-0.00011540634927352271,-2.9408879892664036e-20
5.668,1.4943618960334057,6.364800023546351e-19,1.0006869875786013,0.004169142980217613,2.317633794646859e-19,-0.0006794491623219737,0.9999999934065281,3.2367660409693703e-19,-0.00011483441877905381,-2.84024099171101e-20
5.67,1.4943702289865886,6.369306214495782e-19,1.0006856299968792,0.0041638139055587605,2.1899141260271633e-19,-0.0006781325589731298,0.9999999934713842,3.138938185191223e-19,-0.00011426824355696997,-2.499969442132654e-20
5.672,1.4943785513048313,6.373567654537448e-19,1.0006842750459106,0.00415850800289797,2.0725212713055265e-19,-0.0006768184086855251,0.9999999935352692,3.041578373366863e-19,-0.00011370778966065026,-2.5373506788628035e-20
5.674,1.4943868630342496,6.377590241102104e-19,1.0006829227207938,0.004153225043741758,1.9503404653006702e-19,-0.000675506707305386,0.9999999935981967,2.99950557821891e-19,-0.00011315302320979106,-2.5402334711578205e-20
5.676,1.494395164220503,6.381377325057707e-19,1.000681573016635,0.004147964800970655,1.8362993430139244e-19,-0.0006741974506835301,0.9999999936601797,3.0125872239799945e-19,-0.00011260391039116628,-2.474474366596083e-20
5.678,1.4944034549087981,6.384926854559931e-19,1.0006802259285488,0.004142727048836287,1.7142215969226707e-19,-0.0006728906346754149,0.9999999937212314,2.970653784925598e-19,-0.00011206041745937847,-2.648796180446252e-20
5.68,1.4944117351438917,6.388245391118725e-19,1.000678881451658,0.004137511562958421,1.606737728422969e-19,-0.0006715862551411313,0.9999999937813647,2.709872292631207e-19,-0.00011152251073760185,-2.5145549815832925e-20
5.682,1.494420004970093,6.39134878124002e-19,1.0006775395810943,0.004132318120321987,1.4965569974905892e-19,-0.0006702843079454283,0.9999999938405926,2.7792854952760934e-19,-0.00011099015661831599,-2.6886192227646906e-20
5.684,1.494428264431267,6.3942337816299345e-19,1.0006762003119967,0.004127146499274069,1.3879907167204606e-19,-0.0006689847889577227,0.9999999938989274,2.8485011447655634e-19,-0.00011046332156403181,-2.999294982251191e-20
5.686,1.494436513570836,6.396896797708989e-19,1.0006748636395129,0.004121996479520869,1.2756505790409192e-19,-0.0006676876940521272,0.9999999939563815,2.6432561362877586e-19,-0.0001099419721080088,-3.001182768158615e-20
5.688,1.4944447524317834,6.399349671608352e-19,1.000673529558799,0.004116867842124647,1.1799945160097836e-19,-0.0006663930191074436,0.9999999940129671,2.4388534237748654e-19,-0.00010942607485496324,-2.934492901991033e-20
5.69,1.4944529810566562,6.401611355188834e-19,1.000672198065019,0.004111760369500625,1.0815852651898186e-19,-0.0006651007600072102,0.9999999940686964,2.454725666413727e-19,-0.00010891559648176865,-3.107624322088793e-20
5.692,1.4944611994875676,6.403679931358173e-19,1.0006708691533457,0.004106673845413879,9.868875966890408e-20,-0.000663810912639689,0.9999999941235813,2.4705238170618457e-19,-0.00010841050373814752,-3.383103315906762e-20
5.694,1.4944694077661995,6.405555274813615e-19,1.0006695428189594,0.004101608054976186,8.894287869293207e-20,-0.0006625234728978992,0.9999999941776335,2.3217670069644538e-19,-0.00010791076344735495,-3.41828539056681e-20
5.696,1.4944776059338054,6.407247658864404e-19,1.000668219057049,0.004096562784642864,8.03205565591681e-20,-0.0006612384366796068,0.9999999942308646,2.2834962905486356e-19,-0.00010741634250685385,-3.384773646647267e-20
5.698,1.494485794031213,6.408760843628368e-19,1.0006668978628117,0.004091537822209574,7.109437774609795e-20,-0.000659955799887368,0.9999999942832861,2.300493110020312e-19,-0.00010692720788898176,-3.385548305932167e-20
5.7,1.4944939720988273,6.410094251397922e-19,1.0006655792314527,0.004086532956809096,6.21277606651099e-20,-0.0006586755584285203,0.9999999943349092,2.4270606433470596e-19,-0.00010644332664160948,-3.3520190996995586e-20
5.702,1.4945021401766323,6.411234760247686e-19,1.0006642631581855,0.00408154797890809,5.1912367795086957e-20,-0.0006573977082152191,0.9999999943857448,2.607982469475116e-19,-0.0001059646658887918,-3.181446721390145e-20
5.704,1.494510298304195,6.412175022724247e-19,1.0006629496382313,0.004076582680303821,4.217523071311732e-20,-0.0006561222451644264,0.9999999944358041,2.404527141677576e-19,-0.0001054911928314098,-3.1487501897429e-20
5.706,1.4945184465206665,6.412923148651728e-19,1.0006616386668203,0.0040716368541208695,3.259059249315673e-20,-0.0006548491651979509,0.9999999944850979,2.476038065232901e-19,-0.00010502287474780526,-3.3556640902736313e-20
5.708,1.494526584864786,6.413476799261432e-19,1.0006603302391903,0.00406671029480781,2.272792063568912e-20,-0.0006535784642424286,0.9999999945336369,2.547210358937933e-19,-0.00010455967899440676,-3.5963539481094524e-20
5.71,1.4945347133748828,6.413830427717926e-19,1.0006590243505873,0.0040618027981338695,1.2588597825975325e-20,-0.0006523101382293683,0.9999999945814314,2.6180445521992663e-19,-0.00010410157300634766,-3.7679412747899393e-20
5.712,1.494542832088879,6.413978514774197e-19,1.0006577209962653,0.004056914161185562,2.1740002277220882e-21,-0.0006510441830951459,0.9999999946284919,2.6885422395840875e-19,-0.00010364852429807671,-3.870589869601917e-20
5.714,1.4945509410442923,6.413915568641454e-19,1.0006564201714867,0.004052044182363302,-8.514502498165748e-21,-0.0006497805947810133,0.9999999946748285,2.7587060830718546e-19,-0.00010320050046396012,-4.0072615711887735e-20
5.716,1.4945590402782385,6.413636124859042e-19,1.000655121871522,0.004047192661377989,-1.94755471978113e-20,-0.0006485193692331335,0.9999999947204514,2.8285369571885407e-19,-0.00010275746917887615,-4.1093434477251376e-20
5.718,1.494567129827434,6.413134746164708e-19,1.0006538260916498,0.0040423593992475765,-3.070777717815534e-20,-0.0006472605024025665,0.9999999947653706,2.8980364379211015e-19,-0.00010231939819880145,-4.1769174905296556e-20
5.72,1.4945752097281986,6.412406022365776e-19,1.0006525328271565,0.0040375441982936165,-4.220984216593515e-20,-0.0006460039902452938,0.9999999948095957,2.967206444486558e-19,-0.00010188625536138963,-4.244331639104797e-20
5.722,1.494583280016458,6.41144457021097e-19,1.0006512420733369,0.00403274686213778,-5.398039830106175e-20,-0.0006447498287222321,0.9999999948531364,3.036048541674586e-19,-0.00010145800858654261,-4.3115862730322386e-20
5.724,1.4945913407277467,6.410245033262205e-19,1.0006499538254938,0.004027967195698357,-6.60181081168432e-20,-0.0006434980137992445,0.9999999948960023,3.104565328326625e-19,-0.00010103462587697344,-4.481480198650281e-20
5.726,1.49459939189721,6.408802081766645e-19,1.000648668078938,0.0040232050051867375,-7.832164055665657e-20,-0.0006422485414471443,0.9999999949382028,3.1727576626859653e-19,-0.00010061607531876182,-4.685278449952928e-20
5.728,1.4946074335596073,6.407110412529035e-19,1.0006473848289883,0.004018460098103869,-9.088967090104196e-20,-0.0006410014076417036,0.9999999949797471,3.240626387751248e-19,-0.00010020232508190232,-4.854327764798815e-20
5.73,1.4946154657493138,6.405164748785709e-19,1.0006461040709718,0.004013732283236696,-1.0372088070927271e-19,-0.0006397566083636858,0.9999999950206444,3.308173037984285e-19,-9.97933434208441e-05,-4.988710511524162e-20
5.732,1.4946234885003238,6.402959840079337e-19,1.0006448258002232,0.004009021370654573,-1.1681395777677835e-19,-0.0006385141395988253,0.9999999950609036,3.3753991350434587e-19,-9.938909867502377e-05,-5.088508863205413e-20
5.734,1.494631501846253,6.400490462134561e-19,1.0006435500120858,0.004004327171705665,-1.3016759611344934e-19,-0.0006372739973378651,0.9999999951005337,3.4423065395574204e-19,-9.898955926939028e-05,-5.188070940677096e-20
5.736,1.4946395058203412,6.39775141673375e-19,1.0006422767019103,0.0039996494990133255,-1.4378049593213418e-19,-0.0006360361775765553,0.9999999951395434,3.508897101413572e-19,-9.859469371492278e-05,-5.32166344698686e-20
5.738,1.4946475004554545,6.394737531593095e-19,1.0006410058650559,0.003994988166472455,-1.576513636399491e-19,-0.0006348006763156606,0.9999999951779411,3.5751726651774874e-19,-9.820447060914063e-05,-5.523471860380549e-20
5.74,1.4946554857840881,6.391443660238774e-19,1.0006397374968896,0.003990342989245837,-1.717789118280019e-19,-0.0006335674895609834,0.9999999952157356,3.641134728949466e-19,-9.781885863660594e-05,-5.793415707719494e-20
5.742,1.494663461838369,6.387866833370117e-19,1.0006384715927863,0.003985713783760461,-1.857315619025736e-19,-0.0006323366133233508,0.999999995252935,3.3778267896044485e-19,-9.743782656941922e-05,-5.823259980008173e-20
5.744,1.494671428650058,6.384024894743877e-19,1.000637208148129,0.003981100367703823,-1.9854182576603926e-19,-0.0006311080436186503,0.999999995289548,3.389764630058432e-19,-9.706134326770702e-05,-5.68135411015567e-20
5.746,1.494679386250553,6.379916970239518e-19,1.0006359471583084,0.003976502560020208,-2.123658007752414e-19,-0.0006298817764678081,0.9999999953255823,3.511037600813006e-19,-9.668937768010289e-05,-5.539678583046925e-20
5.748,1.4946873346708904,6.375535748168879e-19,1.0006346886187236,0.003971920180906958,-2.2569191585419926e-19,-0.000628657807896837,0.999999995361046,3.357607489762767e-19,-9.632189884422076e-05,-5.50140276542499e-20
5.75,1.494695273941749,6.370889013195322e-19,1.0006334325247814,0.003967353051810719,-2.3906099918688635e-19,-0.0006274361339368111,0.9999999953959471,3.4790365361833733e-19,-9.595887588712102e-05,-5.737001316481719e-20
5.752,1.494703204093451,6.365971241527802e-19,1.0006321788718964,0.003962800995423668,-2.5258006020418015e-19,-0.0006262167506238929,0.9999999954302935,3.380584321901923e-19,-9.56002780257696e-05,-5.732389254859748e-20
5.7540000000000004,1.4947111251559655,6.360791281986734e-19,1.0006309276554912,0.00395826383567973,-2.652801768122356e-19,-0.0006249996539993304,0.9999999954640927,3.22790329171747e-19,-9.524607456748987e-05,-5.762106454242127e-20
5.756,1.4947190371589107,6.355360094393649e-19,1.0006296788709967,0.003953741397750774,-2.7781082808466415e-19,-0.0006237848401094815,0.9999999954973524,3.075816136021828e-19,-9.489623491040732e-05,-5.791753105674465e-20
5.758,1.4947269401315568,6.349687514238365e-19,1.0006284325138513,0.003949233508042791,-2.893122453619198e-19,-0.0006225723050058045,0.9999999955300799,2.924320347012474e-19,-9.455072854388723e-05,-5.855514291696666e-20
5.76,1.4947348341028275,6.343787271762531e-19,1.000627188579501,0.003944739994192059,-3.005416718075076e-19,-0.0006213620447448832,0.9999999955622828,2.773541797215479e-19,-9.420952504896561e-05,-5.816447509857346e-20
5.7620000000000005,1.4947427191013032,6.337671603914974e-19,1.0006259470634005,0.003940260685061288,-3.1096290926900095e-19,-0.0006201540553884136,0.9999999955939681,2.678433824212312e-19,-9.387259409877278e-05,-5.777299481371457e-20
5.764,1.4947505951552231,6.33134694529505e-19,1.0006247079610118,0.003935795410735758,-3.214410439313725e-19,-0.0006189483330032374,0.9999999956251432,2.5837760870254296e-19,-9.353990545895013e-05,-5.669671231927813e-20
5.766,1.494758462292488,6.324820766791416e-19,1.0006234712678046,0.003931344002519427,-3.311151911242314e-19,-0.0006177448736613251,0.9999999956558149,2.4895661160194033e-19,-9.321142898805982e-05,-5.459499552136013e-20
5.768,1.4947663205406625,6.318098351096759e-19,1.000622236979257,0.0039269062929310405,-3.4128020350431684e-19,-0.0006165436734398039,0.9999999956859902,2.7247602843254336e-19,-9.28871346379879e-05,-5.52364845071668e-20
5.7700000000000005,1.4947741699269772,6.311165592071673e-19,1.0006210050908548,0.003922482115700211,-3.5193364655716193e-19,-0.000615344728420948,0.999999995715676,2.6847090479488545e-19,-9.256699245434053e-05,-5.45079535130787e-20
5.772,1.4947820104783318,6.304025307586214e-19,1.0006197755980912,0.003918071305763494,-3.621045898291593e-19,-0.0006141480346922046,0.9999999957448791,2.6448479882039176e-19,-9.225097257683318e-05,-5.412381085744908e-20
5.774,1.4947898422212966,6.296679233420168e-19,1.0006185484964678,0.003913673699260443,-3.7244102209413476e-19,-0.0006129535883461655,0.9999999957736061,2.550348488606446e-19,-9.193904523967355e-05,-5.202818353621262e-20
5.776,1.4947976651821158,6.28913554263731e-19,1.0006173237814937,0.003909289133529655,-3.818665444924139e-19,-0.0006117613854806145,0.9999999958018635,2.346644670037859e-19,-9.163118077193722e-05,-4.925239545687861e-20
5.7780000000000005,1.4948054793867092,6.281405956614966e-19,1.0006161014486856,0.003904917447104797,-3.911386667653005e-19,-0.0006105714221985144,0.9999999958296577,2.41790698310614e-19,-9.132734959793685e-05,-4.78517245082849e-20
5.78,1.494813284860675,6.273488154584551e-19,1.0006148814935685,0.0039005584797106255,-4.0068792431274333e-19,-0.00060938369460801,0.9999999958569952,2.4888298764316713e-19,-9.102752223758505e-05,-4.474106887577103e-20
5.782,1.494821081629292,6.265376607633494e-19,1.0006136639116747,0.003896212072258986,-4.1051293888673446e-19,-0.0006081981988224503,0.9999999958838822,2.559416515604144e-19,-9.073166930675036e-05,-4.163697675751458e-20
5.784,1.4948288697175218,6.257065814348779e-19,1.0006124486985446,0.0038918780668448045,-4.206123387777145e-19,-0.0006070149309603742,0.9999999959103248,2.62966849586845e-19,-9.043976151760653e-05,-3.854024483579116e-20
5.7860000000000005,1.4948366491500118,6.248550300686346e-19,1.000611235849726,0.0038875563067420622,-4.3098475879737194e-19,-0.0006058338871455302,0.9999999959363293,2.699587714685182e-19,-9.01517696789755e-05,-3.579311097841669e-20
5.788,1.4948444199510968,6.239824619840857e-19,1.000610025360775,0.0038832466363997622,-4.4162884026044745e-19,-0.0006046550635068759,0.9999999959619014,2.7691760619251025e-19,-8.986766469666399e-05,-3.373781405696453e-20
5.79,1.4948521821448018,6.230883352115746e-19,1.000608817227255,0.0038789489014378798,-4.5254323096737815e-19,-0.0006034784561785884,0.9999999959870473,2.838435109861255e-19,-8.958741757379364e-05,-3.2372714166690104e-20
5.792,1.494859935754844,6.221721104793909e-19,1.000607611444737,0.0038746629486433033,-4.637265851681804e-19,-0.0006023040613000607,0.9999999960117727,2.9073658073139956e-19,-8.931099941112441e-05,-3.101085243786194e-20
5.7940000000000005,1.4948676808046355,6.212332512009167e-19,1.0006064080088004,0.003870388625965761,-4.751775635082134e-19,-0.0006011318750159244,0.9999999960360832,2.9759690975069625e-19,-8.903838140737196e-05,-2.8967304464715827e-20
5.796,1.4948754173172856,6.202712234618999e-19,1.0006052069150315,0.00386612578251374,-4.868948329685846e-19,-0.0005999618934760264,0.9999999960599847,3.0442462231397475e-19,-8.876953485951859e-05,-2.590061855727215e-20
5.798,1.4948831453156028,6.192854960078252e-19,1.0006040081590248,0.0038618742685503898,-4.988770668312593e-19,-0.0005987941128354633,0.9999999960834827,3.1121993362718197e-19,-8.850443116311795e-05,-2.249773055302457e-20
5.8,1.4948908648220973,6.182755402313172e-19,1.0006028117363825,0.003857633935489417,-5.111229446643125e-19,-0.0005976285292545728,0.9999999961065826,3.1798302732222526e-19,-8.824304181259371e-05,-1.9102098805405647e-20
5.8020000000000005,1.4948985758589832,6.172410453075953e-19,1.0006016176427142,0.0038534046358909696,-5.233084303242114e-19,-0.0005964651388989286,0.99999999612929,2.9730144535381753e-19,-8.798533840153136e-05,-1.914273937713281e-20
5.804,1.494906278448181,6.16183279871122e-19,1.000600425873637,0.00384918622345751,-5.343582406820557e-19,-0.0005953039379393628,0.9999999961516101,2.8220049281388297e-19,-8.773129262296445e-05,-1.9182797821194024e-20
5.806,1.4949139726113196,6.151035773619202e-19,1.0005992364247762,0.0038449785530296774,-5.45245971278518e-19,-0.0005941449225519695,0.9999999961735481,2.671710690567536e-19,-8.748087626965458e-05,-1.8537436173861063e-20
5.808,1.494921658369739,6.140031576816944e-19,1.0005980492917645,0.003840781480582141,-5.551116507109224e-19,-0.0005929880889180894,0.9999999961951093,2.5220002023328925e-19,-8.723406123436527e-05,-1.9264248800730452e-20
5.8100000000000005,1.4949293357444917,6.128829847467918e-19,1.000596864470242,0.003836594863219444,-5.65143122095086e-19,-0.0005918334332243321,0.9999999962162986,2.647126499742851e-19,-8.699081951012954e-05,-1.7589127182777452e-20
5.812,1.4949370047563464,6.117423681998705e-19,1.000595681955857,0.003832418559171834,-5.753397268535943e-19,-0.000590680951662577,0.9999999962371213,2.552358669141055e-19,-8.675112319051199e-05,-1.8661178735493217e-20
5.814,1.4949446654257887,6.105819834748367e-19,1.0005945017442646,0.0038282524277910915,-5.8505502598420855e-19,-0.0005895306404299678,0.9999999962575822,2.5128662470431813e-19,-8.651494446986453e-05,-2.0072873738763793e-20
5.816,1.4949523177730242,6.094021087465597e-19,1.0005933238311282,0.003824096329546341,-5.94722363627757e-19,-0.0005883824957289315,0.9999999962776861,2.364039056419307e-19,-8.628225564357613e-05,-2.1139508528697457e-20
5.8180000000000005,1.4949599618179805,6.082038440724378e-19,1.0005921482121185,0.00381995012601986,-6.034812062731246e-19,-0.0005872365137671705,0.999999996297438,2.270612409584327e-19,-8.605302910831663e-05,-2.1175156436781474e-20
5.82,1.4949675975803096,6.069878906190144e-19,1.0005909748829138,0.003815813679902875,-6.125190065161751e-19,-0.0005860926907576638,0.9999999963168424,2.2872794388037424e-19,-8.582723736227512e-05,-2.0180978498542786e-20
5.822,1.49497522507939,6.057541213869456e-19,1.0005898038391998,0.0038116868549913515,-6.211894443298622e-19,-0.0005849510229186774,0.9999999963359043,2.303997113504722e-19,-8.56048530053921e-05,-1.884649558480377e-20
5.824,1.4949828443343287,6.045026597941277e-19,1.0005886350766702,0.0038075695161817755,-6.3024717337952105e-19,-0.0005838115064737601,0.9999999963546281,2.265808223738177e-19,-8.538584873958593e-05,-1.5802745208954882e-20
5.8260000000000005,1.494990455363964,6.032337730609874e-19,1.0005874685910259,0.0038034615294669253,-6.385071291776459e-19,-0.000582674137651752,0.9999999963730185,2.0633266847143466e-19,-8.517019736897364e-05,-1.7221806345133812e-20
5.828,1.4949980581868667,6.019489816793823e-19,1.0005863043779752,0.003799362761931638,-6.461882226410408e-19,-0.0005815389126867954,0.9999999963910797,1.8068492853931433e-19,-8.495787180008586e-05,-1.8637968333192933e-20
5.83,1.4950056528213433,6.006501222451226e-19,1.0005851424332346,0.0037952730817485676,-6.527552668327073e-19,-0.0005804058278183193,0.9999999964088163,1.7160632261029444e-19,-8.474884504207644e-05,-1.7650741484424496e-20
5.832,1.4950132392854376,5.99337910727052e-19,1.0005839827525274,0.0037911923581739346,-6.59289497303959e-19,-0.0005792748792910597,0.9999999964262326,1.4611006943681887e-19,-8.45430902069256e-05,-1.735257126296051e-20
5.8340000000000005,1.4950208175969328,5.9801452957446e-19,1.0005828253315845,0.003787120461543271,-6.638538910198257e-19,-0.0005781460633550421,0.9999999964433328,1.0975646776979851e-19,-8.434058050963843e-05,-1.6371520618784224e-20
5.836,1.4950283877733541,5.966825111212243e-19,1.0005816701661447,0.0037830572632671575,-6.680712719080147e-19,-0.0005770193762656039,0.9999999964601213,1.0097518468229971e-19,-8.414128926843742e-05,-1.607661262257585e-20
5.838,1.4950359498319707,5.953429772930735e-19,1.000580517251954,0.003779002635826951,-6.714054811426889e-19,-0.0005758948142833817,0.9999999964766021,8.128324588985425e-20,-8.394518990494921e-05,-1.4411865781409692e-20
5.84,1.4950435037897976,5.93997080402117e-19,1.0005793665847658,0.0037749564527705115,-6.745066611458915e-19,-0.0005747723736743232,0.9999999964927794,8.361516412278854e-20,-8.37522559443865e-05,-1.480518891916082e-20
5.8420000000000005,1.4950510496635978,5.926449979822616e-19,1.000578218160341,0.003770918588707919,-6.77483363958263e-19,-0.0005736520507096836,0.9999999965086571,8.045361797848256e-20,-8.356246101572397e-05,-1.7252789806307878e-20
5.844,1.495058587469885,5.912871226577829e-19,1.0005770719744485,0.0037668889193071854,-6.803355217372301e-19,-0.0005725338416660272,0.9999999965242393,7.182410506075091e-20,-8.337577885186871e-05,-1.524044815890218e-20
5.846,1.4950661172249249,5.899238816853973e-19,1.0005759280228637,0.00376286732128996,-6.82849279424184e-19,-0.0005714177428252354,0.9999999965395299,6.323555848199358e-20,-8.319218328982563e-05,-1.3917791726121703e-20
5.848,1.4950736389447379,5.885559501947602e-19,1.00057478630137,0.00375885367242723,-6.850263062768622e-19,-0.000570303750474501,0.9999999965545326,5.468761305827758e-20,-8.301164827085752e-05,-1.1228435481243057e-20
5.8500000000000005,1.4950811526451009,5.871837848374744e-19,1.0005736468057584,0.0037548478515350174,-6.872985585919364e-19,-0.0005691918609063279,0.9999999965692515,7.907577186386434e-20,-8.283414784063946e-05,-9.570299919281127e-21
5.852,1.4950886583415497,5.8580590372913205e-19,1.000572509531827,0.0037508497384700665,-6.907413011320561e-19,-0.0005680820704185476,0.9999999965836902,9.238331694213465e-20,-8.26596561494082e-05,-9.972164358689865e-21
5.854,1.4950961560493805,5.84421263328027e-19,1.000571374475381,0.003746859214125532,-6.937346325520202e-19,-0.000566974375314304,0.9999999965978524,6.723672742744141e-20,-8.248814745210656e-05,-1.0718101660084455e-20
5.856,1.4951036457836526,5.830316221062414e-19,1.0005702416322337,0.003742876160426658,-6.957429015264633e-19,-0.0005658687719020527,0.9999999966117417,4.220926683724604e-20,-8.231959610852189e-05,-1.0434281789874331e-20
5.8580000000000005,1.4951111275591902,5.816387301732749e-19,1.0005691109982051,0.0037389004603264543,-6.97093693458632e-19,-0.0005647652564955791,0.9999999966253617,4.4713538230189684e-20,-8.215397658342028e-05,-1.2204841838337422e-20
5.86,1.4951186013905842,5.802428227309009e-19,1.000567982569123,0.0037349319978013684,-6.987584183000029e-19,-0.0005636638254139918,0.999999996638716,4.1736351691185604e-20,-8.199126344667494e-05,-1.397165495201904e-20
5.862,1.4951260672921944,5.788441340551195e-19,1.0005668563408223,0.003730970657846953,-6.997673605052045e-19,-0.0005625644749817118,0.999999996651808,1.6829727675784677e-20,-8.183143137338982e-05,-1.299438122400677e-20
5.864,1.4951335252781521,5.7744440353227475e-19,1.0005657323091457,0.0037270163264735297,-6.998010376266429e-19,-0.0005614672015284805,0.9999999966646413,-7.9587929790647e-21,-8.1674455144018e-05,-1.2362080633458576e-20
5.8660000000000005,1.4951409753623612,5.760455768711335e-19,1.0005646104699426,0.003723068890701851,-6.988642674067011e-19,-0.0005603720013893781,0.9999999966772192,-3.262976993742826e-20,-8.152030964447524e-05,-1.2073935437129354e-20
5.868,1.4951484175585006,5.746495901678644e-19,1.0005634908190701,0.0037191282385587547,-6.969618447156236e-19,-0.0005592788709047941,0.999999996689545,-5.718378835986754e-20,-8.13689698662486e-05,-1.1786468404764347e-20
5.87,1.4951558518800265,5.73258369951684e-19,1.0005623733523927,0.0037151942590728177,-6.940985416525525e-19,-0.0005581878064204438,0.9999999967016221,-8.162137483167583e-20,-8.122041090649954e-05,-1.1842339327614884e-20
5.872,1.4951632783401743,5.718738332302831e-19,1.0005612580657819,0.0037112668422700076,-6.902791076666368e-19,-0.0005570988042873764,0.9999999967134536,-1.0594302532942214e-19,-8.107460796816308e-05,-1.2925651076093753e-20
5.8740000000000006,1.49517069695196,5.704978875350049e-19,1.0005601449551167,0.0037073458791693297,-6.855082696669324e-19,-0.0005560118608619549,0.9999999967250429,-1.3014934489601315e-19,-8.093153636004136e-05,-1.4349863708373494e-20
5.876,1.495178107728183,5.69132215818605e-19,1.000559034016283,0.0037034312617784705,-6.802210265801787e-19,-0.00055492697250587,0.999999996736393,-1.2134557745301697e-19,-8.079117149689253e-05,-1.3712064636847742e-20
5.878,1.4951855106814274,5.677763053383317e-19,1.0005579252451748,0.003699522883089441,-6.758185612916906e-19,-0.0005538441355861344,0.9999999967475071,-1.0160541338748565e-19,-8.065348889951484e-05,-1.273223042149792e-20
5.88,1.4951929058240645,5.664288203505068e-19,1.0005568186376927,0.0036956206370742178,-6.716515755930211e-19,-0.0005527633464750841,0.9999999967583881,-1.0387594674205256e-19,-8.051846419482604e-05,-1.4496969198135472e-20
5.882000000000001,1.4952002931682544,5.650897574649561e-19,1.0005557141897445,0.0036917244186803772,-6.673965294281901e-19,-0.0005516846015503871,0.9999999967690393,-1.0613571536571416e-19,-8.038607311593803e-05,-1.6257930333778217e-20
5.884,1.495207672725948,5.63759292363192e-19,1.0005546118972457,0.0036878341238267345,-6.630538618845438e-19,-0.0005506078971950201,0.9999999967794635,-1.0838471506802912e-19,-8.025629150222667e-05,-1.8700039517504918e-20
5.886,1.4952150445088894,5.624375998506298e-19,1.0005535117561186,0.0036839496493989766,-6.58624009973888e-19,-0.0005495332297972993,0.9999999967896637,-1.1062307929230018e-19,-8.012909529939696e-05,-2.0793697896923238e-20
5.888,1.495222408528617,5.611248538607422e-19,1.000552413762293,0.0036800708932452947,-6.541074086251069e-19,-0.0005484605957508537,0.9999999967996428,-1.1285085862880764e-19,-8.000446055954402e-05,-2.2539731429079523e-20
5.89,1.4952297647964659,5.598212274592192e-19,1.0005513179117056,0.0036761977541720143,-6.495044906952416e-19,-0.0005473899914546284,0.9999999968094037,-1.1506802105288152e-19,-7.988236344120877e-05,-2.496694839202428e-20
5.892,1.4952371133235698,5.585268928480861e-19,1.0005502242003006,0.003672330131939226,-6.448156869976989e-19,-0.0005463214133129035,0.9999999968189491,-1.172745617918652e-19,-7.976278020942949e-05,-2.87590569809504e-20
5.894,1.4952444541208632,5.572420213697696e-19,1.0005491326240294,0.003668467927256415,-6.400414263087212e-19,-0.0005452548577352701,0.9999999968282819,-1.194709686351536e-19,-7.964568723578872e-05,-2.843023907678443e-20
5.896,1.4952517871990825,5.559667835112471e-19,1.0005480431788505,0.0036646110417780852,-6.351821353031161e-19,-0.0005441903211366454,0.9999999968374048,-1.1617446253331842e-19,-7.953106099845583e-05,-2.7074185091045693e-20
5.898,1.4952591125687686,5.547009904998304e-19,1.0005469558607294,0.003660759378099392,-6.306681926603423e-19,-0.0005431277999372485,0.9999999968463205,-1.0741072900428555e-19,-7.941887808222507e-05,-2.914752405172527e-20
5.9,1.4952664302402685,5.534438811153362e-19,1.0005458706656387,0.0036569128397517647,-6.264982366578412e-19,-0.0005420672905626383,0.9999999968550317,-9.868851409290742e-20,-7.930911517854882e-05,-3.1558611275790586e-20
5.902,1.4952737402237373,5.521949842280384e-19,1.0005447875895586,0.003653071331198533,-6.222402780554982e-19,-0.000541008789443683,0.999999996863541,-1.1742072529264279e-19,-7.920174908556704e-05,-3.191019029522927e-20
5.904,1.4952810425291396,5.509556599888631e-19,1.000543706628476,0.003649234757830555,-6.170336578393036e-19,-0.0005399522930165553,0.999999996871851,-1.3059459931946114e-19,-7.909675670813204e-05,-3.157517612318585e-20
5.906,1.4952883371662522,5.497267971783456e-19,1.000542627778385,0.0036454030259618427,-6.11850888516867e-19,-0.000538897797722753,0.9999999968799644,-1.3275376823309926e-19,-7.899411505782906e-05,-3.2267259077589876e-20
5.908,1.4952956241446649,5.48508635153605e-19,1.0005415510352873,0.0036415760428251866,-6.0636879683084815e-19,-0.0005378453000090722,0.9999999968878837,-1.294200368870032e-19,-7.889380125299233e-05,-3.3985252045093315e-20
5.91,1.4953029034737833,5.473008027441669e-19,1.0005404763951908,0.003637753716567784,-6.014494542217919e-19,-0.0005367947963276302,0.9999999968956111,-1.2610205495890064e-19,-7.879579251871699e-05,-3.638449594135378e-20
5.912,1.49531017516283,5.46103252537037e-19,1.0005394038541113,0.003633935956246865,-5.961224344662169e-19,-0.0005357462831358546,0.9999999969031494,-1.3375197189958962e-19,-7.870006618686708e-05,-3.877932220426308e-20
5.914,1.4953174392208468,5.449163317160717e-19,1.0005383334080713,0.003630122671825322,-5.908202202596429e-19,-0.0005346997568964767,0.9999999969105009,-1.413786983269792e-19,-7.860659969607893e-05,-4.0141299121278337e-20
5.916,1.4953246956566961,5.437405291640123e-19,1.0005372650531001,0.0036263137741673348,-5.850043170412563e-19,-0.0005336552140775346,0.999999996917668,-1.4349970804543527e-19,-7.851537059176068e-05,-4.115695457054174e-20
5.918,1.4953319444790631,5.425762242745801e-19,1.0005361987852348,0.0036225091750340037,-5.792151349880413e-19,-0.0005326126511523704,0.999999996924653,-1.5656277817440165e-19,-7.842635652608742e-05,-4.285638462488115e-20
5.92,1.4953391856964575,5.4142433214681575e-19,1.000535134600519,0.003618708787078978,-5.726995338160899e-19,-0.0005315720645996277,0.9999999969314584,-1.4763374930317939e-19,-7.833953525799243e-05,-4.2494501305311054e-20
5.922,1.4953464193172148,5.402843295035856e-19,1.0005340724950034,0.0036149125238440884,-5.675046625765663e-19,-0.0005305334509032516,0.9999999969380863,-1.222992755110197e-19,-7.825488465315458e-05,-4.2474850068557637e-20
5.924,1.4953536453494989,5.391544054550174e-19,1.0005330124647458,0.0036111202997549806,-5.6233329127562175e-19,-0.0005294968065524907,0.999999996944539,-1.3546290518797198e-19,-7.817238268398103e-05,-4.348623742476437e-20
5.926,1.4953608638013032,5.380351237185657e-19,1.0005319545058111,0.00360733203011675,-5.570779053569377e-19,-0.0005284621280418781,0.9999999969508189,-1.2115137590318117e-19,-7.809200742958673e-05,-4.243711322688018e-20
5.928,1.4953680746804525,5.369255032623837e-19,1.0005308986142711,0.0036035476311095786,-5.527074250328349e-19,-0.0005274294118712486,0.9999999969569281,-1.0690772125515928e-19,-7.801373707576937e-05,-4.1047410715628856e-20
5.93,1.4953752779946052,5.35824567685882e-19,1.0005298447862045,0.003599767019784375,-5.481415795378219e-19,-0.0005263986545457295,0.9999999969628689,-1.201443193384623e-19,-7.793754991498071e-05,-4.206177331318655e-20
5.932,1.4953824737512542,5.347332814965456e-19,1.0005287930176974,0.0035959901140584123,-5.430584482911085e-19,-0.0005253698525757288,0.9999999969686433,-1.3331811249319295e-19,-7.78634243462941e-05,-4.375864555971834e-20
5.934,1.4953896619577296,5.3365246155706385e-19,1.0005277433048423,0.0035922168327109736,-5.378908848214197e-19,-0.0005243430024769498,0.9999999969742536,-1.1901672435759148e-19,-7.779133887536772e-05,-4.305072846296243e-20
5.936,1.4953968426211994,5.325810200959026e-19,1.0005266956437389,0.0035884470953789966,-5.336078109796468e-19,-0.0005233181007703804,0.9999999969797018,-1.0478321576574953e-19,-7.772127211440457e-05,-4.1317725881908e-20
5.938,1.495404015748672,5.315182683193368e-19,1.000525650030494,0.003584680822552722,-5.290215550363241e-19,-0.0005222951439822814,0.9999999969849899,-1.234994730578586e-19,-7.765320278210821e-05,-4.233268066954472e-20
5.94,1.495411181346998,5.30465421438241e-19,1.0005246064612212,0.0035809179355713425,-5.237034958378867e-19,-0.0005212741286441994,0.99999999699012,-1.4212700117414597e-19,-7.758710970363477e-05,-4.334522596921752e-20
5.942,1.4954183394228706,5.294239394362402e-19,1.0005235649320412,0.003577158356618658,-5.176572535182712e-19,-0.0005202550512929694,0.9999999969950941,-1.6066622076269036e-19,-7.752297181054169e-05,-4.4355367480077505e-20
5.944,1.4954254899828292,5.283951675006157e-19,1.0005225254390813,0.0035734020087187326,-5.112091508643178e-19,-0.000519237908470687,0.9999999969999145,-1.517047692873847e-19,-7.746076814073218e-05,-4.3647272508900545e-20
5.946,1.4954326330332592,5.2737847245270735e-19,1.000521487978476,0.003569648815731551,-5.055441451785845e-19,-0.0005182226967247079,0.9999999970045829,-1.427987182352294e-19,-7.740047783839655e-05,-4.396843653099458e-20
5.948,1.4954397685803953,5.263731886622627e-19,1.0005204525463667,0.0035658987023486836,-4.99690043993097e-19,-0.0005172094126076778,0.9999999970091012,-1.449000008721917e-19,-7.734208015394905e-05,-4.497501222122045e-20
5.95,1.495446896630322,5.253794066049153e-19,1.0005194191389013,0.0035621515940889533,-4.941859932413066e-19,-0.000516198052677502,0.9999999970134715,-1.30530736566719e-19,-7.728555444396221e-05,-4.392236576889687e-20
5.952,1.4954540171889759,5.243960685606398e-19,1.000518387752235,0.0035584074172941033,-4.892455853759504e-19,-0.000515188613497345,0.9999999970176956,-1.1622956711392882e-19,-7.723088017109712e-05,-4.321487831309065e-20
5.954,1.4954611302621468,5.234220500254799e-19,1.0005173583825298,0.003554666099124472,-4.848660406940184e-19,-0.0005141810916356325,0.9999999970217753,-1.01996196052887e-19,-7.717803690402976e-05,-4.250907028490201e-20
5.956,1.4954682358554796,5.224562320416737e-19,1.0005163310259544,0.0035509275675546684,-4.810445926921618e-19,-0.000513175483666051,0.9999999970257126,-8.783032841443877e-20,-7.712700431737443e-05,-4.146268240603391e-20
5.958,1.4954753339744764,5.214975011713205e-19,1.0005153056786844,0.003547191751369256,-4.7777848800322375e-19,-0.0005121717861675374,0.9999999970295093,-7.373161784183166e-20,-7.707776219160322e-05,-4.041877729717761e-20
5.96,1.4954824246244975,5.205447494701689e-19,1.0005142823369024,0.003543458580158436,-4.750649863353587e-19,-0.00051116999572428,0.9999999970331672,-5.969974593794275e-20,-7.703029041296261e-05,-3.937734908403164e-20
5.962,1.495489507810763,5.195968744615285e-19,1.0005132609967977,0.0035397279843137363,-4.729013604085889e-19,-0.0005101701089257127,0.9999999970366882,-4.573442222755359e-20,-7.698456897338637e-05,-3.799654271395242e-20
5.964,1.4954965835383547,5.186527791103091e-19,1.0005122416545664,0.0035359998950237072,-4.712848958935368e-19,-0.0005091721223665076,0.9999999970400738,-3.183533130866802e-20,-7.694057797040467e-05,-3.627635041430594e-20
5.966,1.4955036518122176,5.177113717971819e-19,1.0005112243064114,0.0035322742442696186,-4.702128913484534e-19,-0.000508176032646593,0.999999997043326,-1.800215928647267e-20,-7.689829760705041e-05,-3.4217576664960735e-20
5.968,1.4955107126371612,5.167715662928627e-19,1.0005102089485423,0.0035285509648211627,-4.696826581612268e-19,-0.0005071818363711204,0.9999999970464465,-4.2344618867626224e-21,-7.685770819176201e-05,-3.3534331170147565e-20
5.97,1.4955177660178618,5.158322817325077e-19,1.0005091955771757,0.003524829990232162,-4.696915204950786e-19,-0.0005061895301504773,0.9999999970494369,9.468071661751428e-21,-7.681879013828275e-05,-3.4224165661624035e-20
5.972,1.495524811958863,5.148924425902203e-19,1.0005081841885348,0.0035211112548362822,-4.702368152293665e-19,-0.000505199110600288,0.9999999970522989,2.3105724199493657e-20,-7.678152396555737e-05,-3.5940351778717805e-20
5.974,1.4955318504645787,5.13950978653683e-19,1.0005071747788499,0.003517394693742749,-4.713158918952848e-19,-0.0005042105743414004,0.9999999970550343,3.667875085755989e-20,-7.674589029762471e-05,-3.799513384313986e-20
5.976,1.4955388815392927,5.130070401451832e-19,1.0005061673443576,0.0035136802428320712,-4.724958200798522e-19,-0.0005032239179998814,0.9999999970576446,1.729175071676483e-20,-7.671186986350773e-05,-3.764894244802481e-20
5.978,1.4955459051871622,5.120617177604818e-19,1.0005051618813015,0.0035099678387517682,-4.729155154630095e-19,-0.0005022391382070264,0.9999999970601315,3.0891945704166947e-20,-7.66794434971e-05,-3.455975326982564e-20
5.98,1.495552921412218,5.111141605787109e-19,1.0005041583859315,0.0035062574189121034,-4.746226223319929e-19,-0.0005012562315993422,0.9999999970624968,2.798012662491588e-20,-7.664859213704933e-05,-3.42196295128891e-20
5.982,1.4955599302183669,5.101646327287614e-19,1.000503156854505,0.0035025489214818234,-4.748147285128893e-19,-0.0005002751948185427,0.9999999970647417,8.66030212562864e-21,-7.661929682663814e-05,-3.319624733955099e-20
5.984,1.4955669316093922,5.092144353873995e-19,1.0005021572832857,0.0034988422853839017,-4.753285704734964e-19,-0.0004992960245115531,0.9999999970668683,1.1362188768444948e-20,-7.659153871366065e-05,-2.943231576759147e-20
5.986,1.4955739255889564,5.082638951678553e-19,1.0005011596685438,0.003495137450291289,-4.750858075228459e-19,-0.0004983187173305032,0.9999999970688777,-7.878855710521549e-21,-7.656529905029722e-05,-2.842068382045984e-20
5.988,1.4955809121606016,5.07313947819457e-19,1.0005001640065565,0.0034914343566226683,-4.749514420764731e-19,-0.0004973432699327247,0.9999999970707716,5.8670757628929754e-21,-7.654055919298549e-05,-3.08359480395532e-20
5.99,1.4955878913277516,5.063639457674522e-19,1.0004991702936075,0.0034877329455382192,-4.749249387856023e-19,-0.0004963696789807475,0.9999999970725516,-1.3347838671493496e-20,-7.651730060228869e-05,-3.0849783662663996e-20
5.992,1.4955948630937135,5.054152884382493e-19,1.0004981785259872,0.0034840331589353836,-4.736073150591574e-19,-0.0004953979411422871,0.9999999970742192,-4.343682586797623e-20,-7.649550484276052e-05,-3.0864828128468265e-20
5.994,1.4956018274616787,5.044699065072459e-19,1.000497188699993,0.00348033493944464,-4.717579615852706e-19,-0.0004944280530902509,0.9999999970757757,-4.598304088475829e-20,-7.647515358280807e-05,-3.36190268572078e-20
5.996,1.4956087844347248,5.03528322681221e-19,1.0004962008119282,0.0034766382304252854,-4.69809289036835e-19,-0.000493460011502735,0.9999999970772228,-4.851718440036757e-20,-7.645622859455079e-05,-3.636669658991076e-20
5.998,1.4956157340158167,5.025907351054644e-19,1.0004952148581037,0.0034729429759612204,-4.677617898989393e-19,-0.0004924938130630235,0.9999999970785619,-5.1039287437852584e-20,-7.643871175367732e-05,-3.945051422859224e-20
