t,px,py,pz,vx,vy,vz,qw,qx,qy,qz
0.0,0.0,0.0,1.0,0.0,0.0,0.0,1.0,0.0,0.0,0.0
0.002,0.0,0.0,0.9999979893262222,0.0,0.0,-0.002010673777777779,1.0,0.0,0.0,0.0
0.004,0.0,0.0,0.9999919577497661,0.0,0.0,-0.004020902678256196,1.0,0.0,0.0,0.0
0.006,0.0,0.0,0.9999819061579991,0.0,0.0,-0.006030689088769013,1.0,0.0,0.0,0.0
0.008,0.0,0.0,0.9999678354335237,0.0,0.0,-0.008040035386595154,1.0,0.0,0.0,0.0
0.01,0.0,0.0,0.9999497464541981,0.0,0.0,-0.010048943938997412,1.0,0.0,0.0,0.0
0.012,0.0,0.0,0.9999276400931558,0.0,0.0,-0.012057417103260998,1.0,0.0,0.0,0.0
0.014,0.0,0.0,0.9999015172188258,0.0,0.0,-0.014065457226731953,1.0,0.0,0.0,0.0
0.016,0.0,0.0,0.9998713786949522,0.0,0.0,-0.016073066646855413,1.0,0.0,0.0,0.0
0.018000000000000002,0.0,0.0,0.9998372253806141,0.0,0.0,-0.018080247691213757,1.0,0.0,0.0,0.0
0.02,0.0,0.0,0.9997990581302454,0.0,0.0,-0.02008700267756456,1.0,0.0,0.0,0.0
0.022,0.0,0.0,0.999756877793654,0.0,0.0,-0.022093333913878466,1.0,0.0,0.0,0.0
0.024,0.0,0.0,0.9997106852160417,0.0,0.0,-0.024099243698376887,1.0,0.0,0.0,0.0
0.026000000000000002,0.0,0.0,0.9996604812380238,0.0,0.0,-0.026104734319569573,1.0,0.0,0.0,0.0
0.028,0.0,0.0,0.9996062666956479,0.0,0.0,-0.02810980805629204,1.0,0.0,0.0,0.0
0.03,0.0,0.0,0.9995480424204138,0.0,0.0,-0.03011446717774286,1.0,0.0,0.0,0.0
0.032,0.0,0.0,0.9994858092392925,0.0,0.0,-0.032118713943520824,1.0,0.0,0.0,0.0
0.034,0.0,0.0,0.9994195679747454,0.0,0.0,-0.03412255060366194,1.0,0.0,0.0,0.0
0.036000000000000004,0.0,0.0,0.999349319444743,0.0,0.0,-0.03612597939867633,1.0,0.0,0.0,0.0
0.038,0.0,0.0,0.9992750644627848,0.0,0.0,-0.038129002559584964,1.0,0.0,0.0,0.0
0.04,0.0,0.0,0.9991968038379173,0.0,0.0,-0.04013162230795627,1.0,0.0,0.0,0.0
0.042,0.0,0.0,0.9991145383747534,0.0,0.0,-0.042133840855942614,1.0,0.0,0.0,0.0
0.044,0.0,0.0,0.9990282688734912,0.0,0.0,-0.04413566040631663,1.0,0.0,0.0,0.0
0.046,0.0,0.0,0.9989379961299324,0.0,0.0,-0.04613708315250743,1.0,0.0,0.0,0.0
0.048,0.0,0.0,0.9988437209355012,0.0,0.0,-0.04813811127863665,1.0,0.0,0.0,0.0
0.05,0.0,0.0,0.9987454440772631,0.0,0.0,-0.05013874695955443,1.0,0.0,0.0,0.0
0.052000000000000005,0.0,0.0,0.9986431663379426,0.0,0.0,-0.052138992360875165,1.0,0.0,0.0,0.0
0.054,0.0,0.0,0.9985368884959427,0.0,0.0,-0.054138849639013234,1.0,0.0,0.0,0.0
0.056,0.0,0.0,0.9984266113253625,0.0,0.0,-0.05613832094121849,1.0,0.0,0.0,0.0
0.058,0.0,0.0,0.9983123355960156,0.0,0.0,-0.058137408405611705,1.0,0.0,0.0,0.0
0.06,0.0,0.0,0.9981940620734487,0.0,0.0,-0.06013611416121982,1.0,0.0,0.0,0.0
0.062,0.0,0.0,0.9980717915189595,0.0,0.0,-0.06213444032801111,1.0,0.0,0.0,0.0
0.064,0.0,0.0,0.9979455246896146,0.0,0.0,-0.06413238901693019,1.0,0.0,0.0,0.0
0.066,0.0,0.0,0.9978152623382678,0.0,0.0,-0.06612996232993291,1.0,0.0,0.0,0.0
0.068,0.0,0.0,0.9976810052135778,0.0,0.0,-0.06812716236002113,1.0,0.0,0.0,0.0
0.07,0.0,0.0,0.9975427540600266,0.0,0.0,-0.07012399119127728,1.0,0.0,0.0,0.0
0.07200000000000001,0.0,0.0,0.9974005096179364,0.0,0.0,-0.07212045089889897,1.0,0.0,0.0,0.0
0.074,0.0,0.0,0.9972542726234882,0.0,0.0,-0.07411654354923328,1.0,0.0,0.0,0.0
0.076,0.0,0.0,0.9971040438087392,0.0,0.0,-0.07611227119981104,1.0,0.0,0.0,0.0
0.078,0.0,0.0,0.99694982390164,0.0,0.0,-0.07810763589938094,1.0,0.0,0.0,0.0
0.08,0.0,0.0,0.9967916136260526,0.0,0.0,-0.08010263968794352,1.0,0.0,0.0,0.0
0.082,0.0,0.0,0.9966294137017679,0.0,0.0,-0.08209728459678509,1.0,0.0,0.0,0.0
0.084,0.0,0.0,0.9964632248445227,0.0,0.0,-0.08409157264851139,1.0,0.0,0.0,0.0
0.08600000000000001,0.0,0.0,0.996293047766017,0.0,0.0,-0.08608550585708126,1.0,0.0,0.0,0.0
0.088,0.0,0.0,0.996118883173932,0.0,0.0,-0.08807908622784014,1.0,0.0,0.0,0.0
0.09,0.0,0.0,0.9959407317719466,0.0,0.0,-0.09007231575755341,1.0,0.0,0.0,0.0
0.092,0.0,0.0,0.9957585942597547,0.0,0.0,-0.09206519643443965,1.0,0.0,0.0,0.0
0.094,0.0,0.0,0.995572471333082,0.0,0.0,-0.09405773023820377,1.0,0.0,0.0,0.0
0.096,0.0,0.0,0.9953823636837037,0.0,0.0,-0.09604991914007,1.0,0.0,0.0,0.0
0.098,0.0,0.0,0.9951882719994608,0.0,0.0,-0.09804176510281477,1.0,0.0,0.0,0.0
0.1,0.0,0.0,0.9949901969642772,0.0,0.0,-0.1000332700807995,1.0,0.0,0.0,0.0
0.10200000000000001,0.0,0.0,0.9947881392581763,0.0,0.0,-0.10202443602000318,1.0,0.0,0.0,0.0
0.10400000000000001,0.0,0.0,0.9945820995572983,0.0,0.0,-0.1040152648580549,1.0,0.0,0.0,0.0
0.106,0.0,0.0,0.994372078533916,0.0,0.0,-0.10600575852426627,1.0,0.0,0.0,0.0
0.108,0.0,0.0,0.9941580768564521,0.0,0.0,-0.1079959189396637,1.0,0.0,0.0,0.0
0.11,0.0,0.0,0.9939400951894954,0.0,0.0,-0.1099857480170205,1.0,0.0,0.0,0.0
0.112,0.0,0.0,0.9937181341938175,0.0,0.0,-0.11197524766088897,1.0,0.0,0.0,0.0
0.114,0.0,0.0,0.9934921945263889,0.0,0.0,-0.11396441976763229,1.0,0.0,0.0,0.0
0.116,0.0,0.0,0.9932622768403958,0.0,0.0,-0.11595326622545633,1.0,0.0,0.0,0.0
0.11800000000000001,0.0,0.0,0.9930283817852559,0.0,0.0,-0.11794178891444132,1.0,0.0,0.0,0.0
0.12,0.0,0.0,0.9927905100066349,0.0,0.0,-0.11992998970657343,1.0,0.0,0.0,0.0
0.122,0.0,0.0,0.9925486621464625,0.0,0.0,-0.12191787046577619,1.0,0.0,0.0,0.0
0.124,0.0,0.0,0.9923028388429488,0.0,0.0,-0.12390543304794188,1.0,0.0,0.0,0.0
0.126,0.0,0.0,0.9920530407305999,0.0,0.0,-0.12589267930096265,1.0,0.0,0.0,0.0
0.128,0.0,0.0,0.9917992684402341,0.0,0.0,-0.12787961106476167,1.0,0.0,0.0,0.0
0.13,0.0,0.0,0.9915415225989981,0.0,0.0,-0.12986623017132415,1.0,0.0,0.0,0.0
0.132,0.0,0.0,0.9912798038303821,0.0,0.0,-0.13185253844472813,1.0,0.0,0.0,0.0
0.134,0.0,0.0,0.9910141127542361,0.0,0.0,-0.13383853770117532,1.0,0.0,0.0,0.0
0.136,0.0,0.0,0.9907444499867859,0.0,0.0,-0.13582422974902167,1.0,0.0,0.0,0.0
0.138,0.0,0.0,0.990470816140648,0.0,0.0,-0.13780961638880787,1.0,0.0,0.0,0.0
0.14,0.0,0.0,0.9901932118248459,0.0,0.0,-0.13979469941328987,1.0,0.0,0.0,0.0
0.14200000000000002,0.0,0.0,0.9899116376448251,0.0,0.0,-0.14177948060746912,1.0,0.0,0.0,0.0
0.14400000000000002,0.0,0.0,0.989626094202469,0.0,0.0,-0.14376396174862272,1.0,0.0,0.0,0.0
0.146,0.0,0.0,0.9893365820961141,0.0,0.0,-0.14574814460633356,1.0,0.0,0.0,0.0
0.148,0.0,0.0,0.9890431019205652,0.0,0.0,-0.14773203094252024,1.0,0.0,0.0,0.0
0.15,0.0,0.0,0.9887456542671113,0.0,0.0,-0.14971562251146697,1.0,0.0,0.0,0.0
0.152,0.0,0.0,0.9884442397235399,0.0,0.0,-0.15169892105985325,1.0,0.0,0.0,0.0
0.154,0.0,0.0,0.9881388588741533,0.0,0.0,-0.15368192832678354,1.0,0.0,0.0,0.0
0.156,0.0,0.0,0.9878295122997827,0.0,0.0,-0.15566464604381677,1.0,0.0,0.0,0.0
0.158,0.0,0.0,0.9875162005778039,0.0,0.0,-0.15764707593499577,1.0,0.0,0.0,0.0
0.16,0.0,0.0,0.987198924282152,0.0,0.0,-0.15962921971687655,1.0,0.0,0.0,0.0
0.162,0.0,0.0,0.9868776839833365,0.0,0.0,-0.1616110790985575,1.0,0.0,0.0,0.0
0.164,0.0,0.0,0.9865524802484562,0.0,0.0,-0.16359265578170845,1.0,0.0,0.0,0.0
0.166,0.0,0.0,0.9862233136412139,0.0,0.0,-0.16557395146059972,1.0,0.0,0.0,0.0
0.168,0.0,0.0,0.9858901847219311,0.0,0.0,-0.16755496782213095,1.0,0.0,0.0,0.0
0.17,0.0,0.0,0.9855530940475631,0.0,0.0,-0.1695357065458598,1.0,0.0,0.0,0.0
0.17200000000000001,0.0,0.0,0.9852120421717132,0.0,0.0,-0.1715161693040307,1.0,0.0,0.0,0.0
0.17400000000000002,0.0,0.0,0.9848670296446476,0.0,0.0,-0.17349635776160338,1.0,0.0,0.0,0.0
0.176,0.0,0.0,0.9845180570133096,0.0,0.0,-0.17547627357628126,1.0,0.0,0.0,0.0
0.178,0.0,0.0,0.9841651248213348,0.0,0.0,-0.17745591839853983,1.0,0.0,0.0,0.0
0.18,0.0,0.0,0.9838082336090646,0.0,0.0,-0.17943529387165488,1.0,0.0,0.0,0.0
0.182,0.0,0.0,0.9834473839135611,0.0,0.0,-0.18141440163173062,1.0,0.0,0.0,0.0
0.184,0.0,0.0,0.9830825762686216,0.0,0.0,-0.1833932433077277,1.0,0.0,0.0,0.0
0.186,0.0,0.0,0.9827138112047924,0.0,0.0,-0.18537182052149115,1.0,0.0,0.0,0.0
0.188,0.0,0.0,0.9823410892493831,0.0,0.0,-0.18735013488777816,1.0,0.0,0.0,0.0
0.19,0.0,0.0,0.981964410926481,0.0,0.0,-0.1893281880142858,1.0,0.0,0.0,0.0
0.192,0.0,0.0,0.9815837767569651,0.0,0.0,-0.19130598150167868,1.0,0.0,0.0,0.0
0.194,0.0,0.0,0.9811991872585197,0.0,0.0,-0.19328351694361637,1.0,0.0,0.0,0.0
0.196,0.0,0.0,0.9808106429456493,0.0,0.0,-0.19526079592678086,1.0,0.0,0.0,0.0
0.198,0.0,0.0,0.9804181443296917,0.0,0.0,-0.19723782003090387,1.0,0.0,0.0,0.0
0.2,0.0,0.0,0.9800216919188319,0.0,0.0,-0.199214590828794,1.0,0.0,0.0,0.0
0.202,0.0,0.0,0.9796212862181167,0.0,0.0,-0.20119110988636385,1.0,0.0,0.0,0.0
0.20400000000000001,0.0,0.0,0.9792169277294677,0.0,0.0,-0.20316737876265706,1.0,0.0,0.0,0.0
0.20600000000000002,0.0,0.0,0.9788086169516952,0.0,0.0,-0.20514339900987513,1.0,0.0,0.0,0.0
0.20800000000000002,0.0,0.0,0.9783963543805119,0.0,0.0,-0.20711917217340428,1.0,0.0,0.0,0.0
0.21,0.0,0.0,0.9779801405085466,0.0,0.0,-0.20909469979184214,1.0,0.0,0.0,0.0
0.212,0.0,0.0,0.9775599758253578,0.0,0.0,-0.21106998339702435,1.0,0.0,0.0,0.0
0.214,0.0,0.0,0.9771358608174467,0.0,0.0,-0.21304502451405097,1.0,0.0,0.0,0.0
0.216,0.0,0.0,0.9767077959682714,0.0,0.0,-0.21501982466131303,1.0,0.0,0.0,0.0
0.218,0.0,0.0,0.9762757817582596,0.0,0.0,-0.21699438535051874,1.0,0.0,0.0,0.0
0.22,0.0,0.0,0.9758398186648224,0.0,0.0,-0.21896870808671967,1.0,0.0,0.0,0.0
0.222,0.0,0.0,0.9753999071623674,0.0,0.0,-0.22094279436833697,1.0,0.0,0.0,0.0
0.224,0.0,0.0,0.9749560477223118,0.0,0.0,-0.22291664568718725,1.0,0.0,0.0,0.0
0.226,0.0,0.0,0.9745082408130962,0.0,0.0,-0.22489026352850858,1.0,0.0,0.0,0.0
0.228,0.0,0.0,0.9740564869001966,0.0,0.0,-0.2268636493709863,1.0,0.0,0.0,0.0
0.23,0.0,0.0,0.9736007864461389,0.0,0.0,-0.22883680468677864,1.0,0.0,0.0,0.0
0.232,0.0,0.0,0.9731411399105105,0.0,0.0,-0.23080973094154253,1.0,0.0,0.0,0.0
0.234,0.0,0.0,0.9726775477499745,0.0,0.0,-0.2327824295944589,1.0,0.0,0.0,0.0
0.23600000000000002,0.0,0.0,0.9722100104182818,0.0,0.0,-0.23475490209825836,1.0,0.0,0.0,0.0
0.23800000000000002,0.0,0.0,0.9717385283662843,0.0,0.0,-0.23672714989924634,1.0,0.0,0.0,0.0
0.24,0.0,0.0,0.9712631020419477,0.0,0.0,-0.2386991744373284,1.0,0.0,0.0,0.0
0.242,0.0,0.0,0.9707837318903643,0.0,0.0,-0.24067097714603544,1.0,0.0,0.0,0.0
0.244,0.0,0.0,0.9703004183537657,0.0,0.0,-0.24264255945254867,1.0,0.0,0.0,0.0
0.246,0.0,0.0,0.9698131618715354,0.0,0.0,-0.24461392277772462,1.0,0.0,0.0,0.0
0.248,0.0,0.0,0.9693219628802215,0.0,0.0,-0.24658506853612,1.0,0.0,0.0,0.0
0.25,0.0,0.0,0.9688268218135494,0.0,0.0,-0.24855599813601648,1.0,0.0,0.0,0.0
0.252,0.0,0.0,0.968327739102434,0.0,0.0,-0.25052671297944534,1.0,0.0,0.0,0.0
0.254,0.0,0.0,0.9678247151749924,0.0,0.0,-0.2524972144622122,1.0,0.0,0.0,0.0
0.256,0.0,0.0,0.9673177504565562,0.0,0.0,-0.25446750397392126,1.0,0.0,0.0,0.0
0.258,0.0,0.0,0.9668068453696843,0.0,0.0,-0.256437582898,1.0,0.0,0.0,0.0
0.26,0.0,0.0,0.9662920003341746,0.0,0.0,-0.25840745261172327,1.0,0.0,0.0,0.0
0.262,0.0,0.0,0.9657732157670766,0.0,0.0,-0.2603771144862377,1.0,0.0,0.0,0.0
0.264,0.0,0.0,0.9652504920827039,0.0,0.0,-0.26234656988658567,1.0,0.0,0.0,0.0
0.266,0.0,0.0,0.9647238296926456,0.0,0.0,-0.2643158201717295,1.0,0.0,0.0,0.0
0.268,0.0,0.0,0.9641932290057793,0.0,0.0,-0.26628486669457535,1.0,0.0,0.0,0.0
0.27,0.0,0.0,0.9636586904282828,0.0,0.0,-0.268253710801997,1.0,0.0,0.0,0.0
0.272,0.0,0.0,0.9631202143636459,0.0,0.0,-0.2702223538348598,1.0,0.0,0.0,0.0
0.274,0.0,0.0,0.962577801212683,0.0,0.0,-0.27219079712804434,1.0,0.0,0.0,0.0
0.276,0.0,0.0,0.9620314513735445,0.0,0.0,-0.2741590420104698,1.0,0.0,0.0,0.0
0.278,0.0,0.0,0.9614811652417289,0.0,0.0,-0.2761270898051178,1.0,0.0,0.0,0.0
0.28,0.0,0.0,0.9609269432100948,0.0,0.0,-0.27809494182905564,1.0,0.0,0.0,0.0
0.28200000000000003,0.0,0.0,0.9603687856688722,0.0,0.0,-0.2800625993934596,1.0,0.0,0.0,0.0
0.28400000000000003,0.0,0.0,0.9598066930056751,0.0,0.0,-0.2820300638036385,1.0,0.0,0.0,0.0
0.28600000000000003,0.0,0.0,0.9592406656055125,0.0,0.0,-0.28399733635905633,1.0,0.0,0.0,0.0
0.28800000000000003,0.0,0.0,0.9586707038508,0.0,0.0,-0.28596441835335584,1.0,0.0,0.0,0.0
0.29,0.0,0.0,0.9580968081213722,0.0,0.0,-0.28793131107438125,1.0,0.0,0.0,0.0
0.292,0.0,0.0,0.9575189787944937,0.0,0.0,-0.2898980158042012,1.0,0.0,0.0,0.0
0.294,0.0,0.0,0.9569372162448703,0.0,0.0,-0.29186453381913174,1.0,0.0,0.0,0.0
0.296,0.0,0.0,0.9563515208446614,0.0,0.0,-0.29383086638975875,1.0,0.0,0.0,0.0
0.298,0.0,0.0,0.9557618929634907,0.0,0.0,-0.2957970147809609,1.0,0.0,0.0,0.0
0.3,0.0,0.0,0.9551683329684578,0.0,0.0,-0.297762980251932,1.0,0.0,0.0,0.0
0.302,0.0,0.0,0.9545708412241497,0.0,0.0,-0.2997287640562036,1.0,0.0,0.0,0.0
0.304,0.0,0.0,0.9539694180926518,0.0,0.0,-0.30169436744166733,1.0,0.0,0.0,0.0
0.306,0.0,0.0,0.9533640639335595,0.0,0.0,-0.3036597916505973,1.0,0.0,0.0,0.0
0.308,0.0,0.0,0.9527547791039893,0.0,0.0,-0.3056250379196722,1.0,0.0,0.0,0.0
0.31,0.0,0.0,0.9521415639585896,0.0,0.0,-0.30759010747999754,1.0,0.0,0.0,0.0
0.312,0.0,0.0,0.9515244188495525,0.0,0.0,-0.3095550015571277,1.0,0.0,0.0,0.0
0.314,0.0,0.0,0.9509033441266244,0.0,0.0,-0.31151972137108774,1.0,0.0,0.0,0.0
0.316,0.0,0.0,0.9502783401371169,0.0,0.0,-0.31348426813639574,1.0,0.0,0.0,0.0
0.318,0.0,0.0,0.9496494072259184,0.0,0.0,-0.3154486430620841,1.0,0.0,0.0,0.0
0.32,0.0,0.0,0.9490165457355045,0.0,0.0,-0.3174128473517216,1.0,0.0,0.0,0.0
0.322,0.0,0.0,0.9483797560059494,0.0,0.0,-0.31937688220343496,1.0,0.0,0.0,0.0
0.324,0.0,0.0,0.947739038374936,0.0,0.0,-0.32134074880993047,1.0,0.0,0.0,0.0
0.326,0.0,0.0,0.9470943931777676,0.0,0.0,-0.3233044483585153,1.0,0.0,0.0,0.0
0.328,0.0,0.0,0.9464458207473779,0.0,0.0,-0.3252679820311191,1.0,0.0,0.0,0.0
0.33,0.0,0.0,0.9457933214143425,0.0,0.0,-0.3272313510043154,1.0,0.0,0.0,0.0
0.332,0.0,0.0,0.9451368955068888,0.0,0.0,-0.3291945564493425,1.0,0.0,0.0,0.0
0.334,0.0,0.0,0.9444765433509074,0.0,0.0,-0.33115759953212504,1.0,0.0,0.0,0.0
0.336,0.0,0.0,0.943812265269962,0.0,0.0,-0.3331204814132949,1.0,0.0,0.0,0.0
0.338,0.0,0.0,0.9431440615853005,0.0,0.0,-0.33508320324821234,1.0,0.0,0.0,0.0
0.34,0.0,0.0,0.9424719326158653,0.0,0.0,-0.3370457661869866,1.0,0.0,0.0,0.0
0.342,0.0,0.0,0.9417958786783037,0.0,0.0,-0.33900817137449724,1.0,0.0,0.0,0.0
0.34400000000000003,0.0,0.0,0.9411159000869788,0.0,0.0,-0.34097041995041455,1.0,0.0,0.0,0.0
0.34600000000000003,0.0,0.0,0.9404319971539792,0.0,0.0,-0.3429325130492204,1.0,0.0,0.0,0.0
0.34800000000000003,0.0,0.0,0.9397441701891297,0.0,0.0,-0.3448944518002289,1.0,0.0,0.0,0.0
0.35000000000000003,0.0,0.0,0.9390524195000018,0.0,0.0,-0.34685623732760673,1.0,0.0,0.0,0.0
0.352,0.0,0.0,0.9383567453919238,0.0,0.0,-0.348817870750394,1.0,0.0,0.0,0.0
0.354,0.0,0.0,0.937657148167991,0.0,0.0,-0.35077935318252423,1.0,0.0,0.0,0.0
0.356,0.0,0.0,0.9369536281290756,0.0,0.0,-0.3527406857328449,1.0,0.0,0.0,0.0
0.358,0.0,0.0,0.9362461855738375,0.0,0.0,-0.35470186950513766,1.0,0.0,0.0,0.0
0.36,0.0,0.0,0.9355348207987343,0.0,0.0,-0.3566629055981384,1.0,0.0,0.0,0.0
0.362,0.0,0.0,0.9348195340980306,0.0,0.0,-0.35862379510555753,1.0,0.0,0.0,0.0
0.364,0.0,0.0,0.934100325763809,0.0,0.0,-0.3605845391160998,1.0,0.0,0.0,0.0
0.366,0.0,0.0,0.9333771960859794,0.0,0.0,-0.36254513871348426,1.0,0.0,0.0,0.0
0.368,0.0,0.0,0.9326501453522894,0.0,0.0,-0.36450559497646423,1.0,0.0,0.0,0.0
0.37,0.0,0.0,0.9319191738483341,0.0,0.0,-0.36646590897884707,1.0,0.0,0.0,0.0
0.372,0.0,0.0,0.9311842818575657,0.0,0.0,-0.36842608178951375,1.0,0.0,0.0,0.0
0.374,0.0,0.0,0.9304454696613038,0.0,0.0,-0.3703861144724387,1.0,0.0,0.0,0.0
0.376,0.0,0.0,0.9297027375387447,0.0,0.0,-0.37234600808670915,1.0,0.0,0.0,0.0
0.378,0.0,0.0,0.9289560857669714,0.0,0.0,-0.3743057636865449,1.0,0.0,0.0,0.0
0.38,0.0,0.0,0.9282055146209636,0.0,0.0,-0.37626538232131745,1.0,0.0,0.0,0.0
0.382,0.0,0.0,0.9274510243736067,0.0,0.0,-0.37822486503556957,1.0,0.0,0.0,0.0
0.384,0.0,0.0,0.9266926152957021,0.0,0.0,-0.3801842128690345,1.0,0.0,0.0,0.0
0.386,0.0,0.0,0.9259302876559764,0.0,0.0,-0.382143426856655,1.0,0.0,0.0,0.0
0.388,0.0,0.0,0.9251640417210911,0.0,0.0,-0.38410250802860274,1.0,0.0,0.0,0.0
0.39,0.0,0.0,0.9243938777556522,0.0,0.0,-0.38606145741029724,1.0,0.0,0.0,0.0
0.392,0.0,0.0,0.9236197960222194,0.0,0.0,-0.3880202760224248,1.0,0.0,0.0,0.0
0.394,0.0,0.0,0.9228417967813161,0.0,0.0,-0.38997896488095746,1.0,0.0,0.0,0.0
0.396,0.0,0.0,0.9220598802914379,0.0,0.0,-0.39193752499717194,1.0,0.0,0.0,0.0
0.398,0.0,0.0,0.9212740468090631,0.0,0.0,-0.39389595737766825,1.0,0.0,0.0,0.0
0.4,0.0,0.0,0.920484296588661,0.0,0.0,-0.3958542630243885,1.0,0.0,0.0,0.0
0.402,0.0,0.0,0.919690629882702,0.0,0.0,-0.3978124429346354,1.0,0.0,0.0,0.0
0.404,0.0,0.0,0.9188930469416663,0.0,0.0,-0.39977049810109117,1.0,0.0,0.0,0.0
0.406,0.0,0.0,0.9180915480140533,0.0,0.0,-0.4017284295118355,1.0,0.0,0.0,0.0
0.40800000000000003,0.0,0.0,0.9172861333463912,0.0,0.0,-0.4036862381503644,1.0,0.0,0.0,0.0
0.41000000000000003,0.0,0.0,0.9164768031832452,0.0,0.0,-0.4056439249956085,1.0,0.0,0.0,0.0
0.41200000000000003,0.0,0.0,0.9156635577672276,0.0,0.0,-0.407601491021951,1.0,0.0,0.0,0.0
0.41400000000000003,0.0,0.0,0.9148463973390064,0.0,0.0,-0.40955893719924635,1.0,0.0,0.0,0.0
0.41600000000000004,0.0,0.0,0.9140253221373144,0.0,0.0,-0.4115162644928381,1.0,0.0,0.0,0.0
0.418,0.0,0.0,0.9132003323989579,0.0,0.0,-0.4134734738635771,1.0,0.0,0.0,0.0
0.42,0.0,0.0,0.9123714283588266,0.0,0.0,-0.41543056626783936,1.0,0.0,0.0,0.0
0.422,0.0,0.0,0.9115386102499011,0.0,0.0,-0.41738754265754424,1.0,0.0,0.0,0.0
0.424,0.0,0.0,0.9107018783032634,0.0,0.0,-0.41934440398017214,1.0,0.0,0.0,0.0
0.426,0.0,0.0,0.9098612327481045,0.0,0.0,-0.42130115117878236,1.0,0.0,0.0,0.0
0.428,0.0,0.0,0.9090166738117337,0.0,0.0,-0.42325778519203083,1.0,0.0,0.0,0.0
0.43,0.0,0.0,0.9081682017195875,0.0,0.0,-0.42521430695418777,1.0,0.0,0.0,0.0
0.432,0.0,0.0,0.9073158166952381,0.0,0.0,-0.42717071739515533,1.0,0.0,0.0,0.0
0.434,0.0,0.0,0.9064595189604024,0.0,0.0,-0.4291270174404852,1.0,0.0,0.0,0.0
0.436,0.0,0.0,0.9055993087349505,0.0,0.0,-0.43108320801139594,1.0,0.0,0.0,0.0
0.438,0.0,0.0,0.9047351862369144,0.0,0.0,-0.43303929002479047,1.0,0.0,0.0,0.0
0.44,0.0,0.0,0.9038671516824963,0.0,0.0,-0.43499526439327346,1.0,0.0,0.0,0.0
0.442,0.0,0.0,0.9029952052860779,0.0,0.0,-0.43695113202516844,1.0,0.0,0.0,0.0
0.444,0.0,0.0,0.9021193472602282,0.0,0.0,-0.43890689382453524,1.0,0.0,0.0,0.0
0.446,0.0,0.0,0.9012395778157125,0.0,0.0,-0.44086255069118696,1.0,0.0,0.0,0.0
0.448,0.0,0.0,0.9003558971615007,0.0,0.0,-0.44281810352070716,1.0,0.0,0.0,0.0
0.45,0.0,0.0,0.8994683055047755,0.0,0.0,-0.4447735532044668,1.0,0.0,0.0,0.0
0.452,0.0,0.0,0.8985768030509415,0.0,0.0,-0.4467289006296413,1.0,0.0,0.0,0.0
0.454,0.0,0.0,0.8976813900036326,0.0,0.0,-0.44868414667922735,1.0,0.0,0.0,0.0
0.456,0.0,0.0,0.8967820665647213,0.0,0.0,-0.4506392922320597,1.0,0.0,0.0,0.0
0.458,0.0,0.0,0.8958788329343264,0.0,0.0,-0.45259433816282796,1.0,0.0,0.0,0.0
0.46,0.0,0.0,0.8949716893108214,0.0,0.0,-0.4545492853420935,1.0,0.0,0.0,0.0
0.462,0.0,0.0,0.894060635890843,0.0,0.0,-0.45650413463630574,1.0,0.0,0.0,0.0
0.464,0.0,0.0,0.8931456728692988,0.0,0.0,-0.45845888690781894,1.0,0.0,0.0,0.0
0.466,0.0,0.0,0.8922268004393761,0.0,0.0,-0.4604135430149087,1.0,0.0,0.0,0.0
0.468,0.0,0.0,0.8913040187925494,0.0,0.0,-0.46236810381178844,1.0,0.0,0.0,0.0
0.47000000000000003,0.0,0.0,0.8903773281185889,0.0,0.0,-0.4643225701486256,1.0,0.0,0.0,0.0
0.47200000000000003,0.0,0.0,0.8894467286055687,0.0,0.0,-0.4662769428715582,1.0,0.0,0.0,0.0
0.47400000000000003,0.0,0.0,0.8885122204398744,0.0,0.0,-0.4682312228227109,1.0,0.0,0.0,0.0
0.47600000000000003,0.0,0.0,0.8875738038062115,0.0,0.0,-0.4701854108402115,1.0,0.0,0.0,0.0
0.47800000000000004,0.0,0.0,0.8866314788876131,0.0,0.0,-0.4721395077582066,1.0,0.0,0.0,0.0
0.48,0.0,0.0,0.885685245865448,0.0,0.0,-0.4740935144068783,1.0,0.0,0.0,0.0
0.482,0.0,0.0,0.8847351049194286,0.0,0.0,-0.4760474316124596,1.0,0.0,0.0,0.0
0.484,0.0,0.0,0.8837810562276189,0.0,0.0,-0.47800126019725087,1.0,0.0,0.0,0.0
0.486,0.0,0.0,0.882823099966442,0.0,0.0,-0.4799550009796354,1.0,0.0,0.0,0.0
0.488,0.0,0.0,0.8818612363106884,0.0,0.0,-0.48190865477409545,1.0,0.0,0.0,0.0
0.49,0.0,0.0,0.880895465433523,0.0,0.0,-0.4838622223912279,1.0,0.0,0.0,0.0
0.492,0.0,0.0,0.8799257875064941,0.0,0.0,-0.4858157046377601,1.0,0.0,0.0,0.0
0.494,0.0,0.0,0.8789522026995398,0.0,0.0,-0.48776910231656534,1.0,0.0,0.0,0.0
0.496,0.0,0.0,0.8779747111809966,0.0,0.0,-0.4897224162266787,1.0,0.0,0.0,0.0
0.498,0.0,0.0,0.8769933131176065,0.0,0.0,-0.4916756471633124,1.0,0.0,0.0,0.0
0.5,0.0,0.0,0.8760080086745253,0.0,0.0,-0.49362879591787134,1.0,0.0,0.0,0.0
0.502,0.0,0.0,0.8750187980153294,0.0,0.0,-0.49558186327796855,1.0,0.0,0.0,0.0
0.504,0.0,0.0,0.8740256813020241,0.0,0.0,-0.4975348500274405,1.0,0.0,0.0,0.0
0.506,0.0,0.0,0.8730286586950503,0.0,0.0,-0.49948775694636255,1.0,0.0,0.0,0.0
0.508,0.0,0.0,0.8720277303532928,0.0,0.0,-0.501440584811064,1.0,0.0,0.0,0.0
0.51,0.0,0.0,0.8710228964340876,0.0,0.0,-0.5033933343941434,1.0,0.0,0.0,0.0
0.512,0.0,0.0,0.8700141570932289,0.0,0.0,-0.5053460064644836,1.0,0.0,0.0,0.0
0.514,0.0,0.0,0.8690015124849771,0.0,0.0,-0.5072986017872672,1.0,0.0,0.0,0.0
0.516,0.0,0.0,0.8679849627620659,0.0,0.0,-0.5092511211239908,1.0,0.0,0.0,0.0
0.518,0.0,0.0,0.8669645080757095,0.0,0.0,-0.511203565232481,1.0,0.0,0.0,0.0
0.52,0.0,0.0,0.8659401485756101,0.0,0.0,-0.5131559348669082,1.0,0.0,0.0,0.0
0.522,0.0,0.0,0.8649118844099654,0.0,0.0,-0.5151082307778024,1.0,0.0,0.0,0.0
0.524,0.0,0.0,0.8638797157254755,0.0,0.0,-0.5170604537120673,1.0,0.0,0.0,0.0
0.526,0.0,0.0,0.8628436426673505,0.0,0.0,-0.5190126044129956,1.0,0.0,0.0,0.0
0.528,0.0,0.0,0.8618036653793172,0.0,0.0,-0.5209646836202831,1.0,0.0,0.0,0.0
0.53,0.0,0.0,0.8607597840036268,0.0,0.0,-0.522916692070044,1.0,0.0,0.0,0.0
0.532,0.0,0.0,0.859711998681062,0.0,0.0,-0.5248686304948249,1.0,0.0,0.0,0.0
0.534,0.0,0.0,0.8586603095509435,0.0,0.0,-0.5268204996236195,1.0,0.0,0.0,0.0
0.536,0.0,0.0,0.857604716751138,0.0,0.0,-0.5287723001818834,1.0,0.0,0.0,0.0
0.538,0.0,0.0,0.8565452204180646,0.0,0.0,-0.5307240328915477,1.0,0.0,0.0,0.0
0.54,0.0,0.0,0.855481820686702,0.0,0.0,-0.5326756984710342,1.0,0.0,0.0,0.0
0.542,0.0,0.0,0.8544145176905956,0.0,0.0,-0.5346272976352695,1.0,0.0,0.0,0.0
0.544,0.0,0.0,0.8533433115618646,0.0,0.0,-0.5365788310956987,1.0,0.0,0.0,0.0
0.546,0.0,0.0,0.8522682024312086,0.0,0.0,-0.5385302995603003,1.0,0.0,0.0,0.0
0.548,0.0,0.0,0.8511891904279147,0.0,0.0,-0.5404817037335998,1.0,0.0,0.0,0.0
0.55,0.0,0.0,0.8501062756798644,0.0,0.0,-0.5424330443166843,1.0,0.0,0.0,0.0
0.552,0.0,0.0,0.8490194583135405,0.0,0.0,-0.5443843220072159,1.0,0.0,0.0,0.0
0.554,0.0,0.0,0.8479287384540338,0.0,0.0,-0.5463355374994463,1.0,0.0,0.0,0.0
0.556,0.0,0.0,0.8468341162250501,0.0,0.0,-0.5482866914842304,1.0,0.0,0.0,0.0
0.558,0.0,0.0,0.8457355917489169,0.0,0.0,-0.55023778464904,1.0,0.0,0.0,0.0
0.56,0.0,0.0,0.8446331651465898,0.0,0.0,-0.5521888176779782,1.0,0.0,0.0,0.0
0.562,0.0,0.0,0.84352683653766,0.0,0.0,-0.5541397912517924,1.0,0.0,0.0,0.0
0.5640000000000001,0.0,0.0,0.8424166060403604,0.0,0.0,-0.5560907060478886,1.0,0.0,0.0,0.0
0.5660000000000001,0.0,0.0,0.8413024737715722,0.0,0.0,-0.5580415627403449,1.0,0.0,0.0,0.0
0.5680000000000001,0.0,0.0,0.8401844398468319,0.0,0.0,-0.559992361999925,1.0,0.0,0.0,0.0
0.5700000000000001,0.0,0.0,0.8390625043803379,0.0,0.0,-0.5619431044940919,1.0,0.0,0.0,0.0
0.5720000000000001,0.0,0.0,0.8379366674849568,0.0,0.0,-0.5638937908870214,1.0,0.0,0.0,0.0
0.5740000000000001,0.0,0.0,0.8368069292722301,0.0,0.0,-0.5658444218396153,1.0,0.0,0.0,0.0
0.5760000000000001,0.0,0.0,0.835673289852381,0.0,0.0,-0.567794998009515,1.0,0.0,0.0,0.0
0.578,0.0,0.0,0.8345357493343204,0.0,0.0,-0.5697455200511153,1.0,0.0,0.0,0.0
0.58,0.0,0.0,0.8333943078256537,0.0,0.0,-0.5716959886155768,1.0,0.0,0.0,0.0
0.582,0.0,0.0,0.8322489654326873,0.0,0.0,-0.5736464043508396,1.0,0.0,0.0,0.0
0.584,0.0,0.0,0.8310997222604348,0.0,0.0,-0.5755967679016367,1.0,0.0,0.0,0.0
0.586,0.0,0.0,0.8299465784126236,0.0,0.0,-0.577547079909507,1.0,0.0,0.0,0.0
0.588,0.0,0.0,0.8287895339917013,0.0,0.0,-0.5794973410128083,1.0,0.0,0.0,0.0
0.59,0.0,0.0,0.8276285890988417,0.0,0.0,-0.5814475518467301,1.0,0.0,0.0,0.0
0.592,0.0,0.0,0.8264637438339517,0.0,0.0,-0.5833977130433075,1.0,0.0,0.0,0.0
0.594,0.0,0.0,0.825294998295677,0.0,0.0,-0.585347825231433,1.0,0.0,0.0,0.0
0.596,0.0,0.0,0.8241223525814086,0.0,0.0,-0.5872978890368704,1.0,0.0,0.0,0.0
0.598,0.0,0.0,0.8229458067872895,0.0,0.0,-0.589247905082267,1.0,0.0,0.0,0.0
0.6,0.0,0.0,0.8217653610082201,0.0,0.0,-0.5911978739871666,1.0,0.0,0.0,0.0
0.602,0.0,0.0,0.8205810153378649,0.0,0.0,-0.5931477963680224,1.0,0.0,0.0,0.0
0.604,0.0,0.0,0.8193927698686586,0.0,0.0,-0.5950976728382096,1.0,0.0,0.0,0.0
0.606,0.0,0.0,0.8182006246918123,0.0,0.0,-0.5970475040080379,1.0,0.0,0.0,0.0
0.608,0.0,0.0,0.8170045798973196,0.0,0.0,-0.5989972904847642,1.0,0.0,0.0,0.0
0.61,0.0,0.0,0.8158046355739622,0.0,0.0,-0.6009470328726056,1.0,0.0,0.0,0.0
0.612,0.0,0.0,0.8146007918093169,0.0,0.0,-0.6028967317727513,1.0,0.0,0.0,0.0
0.614,0.0,0.0,0.8133930486897607,0.0,0.0,-0.6048463877833752,1.0,0.0,0.0,0.0
0.616,0.0,0.0,0.8121814063004776,0.0,0.0,-0.6067960014996485,1.0,0.0,0.0,0.0
0.618,0.0,0.0,0.8109658647254643,0.0,0.0,-0.6087455735137521,1.0,0.0,0.0,0.0
0.62,0.0,0.0,0.8097464240475356,0.0,0.0,-0.6106951044148888,1.0,0.0,0.0,0.0
0.622,0.0,0.0,0.8085230843483314,0.0,0.0,-0.6126445947892954,1.0,0.0,0.0,0.0
0.624,0.0,0.0,0.8072958457083219,0.0,0.0,-0.6145940452202554,1.0,0.0,0.0,0.0
0.626,0.0,0.0,0.8060647082068135,0.0,0.0,-0.6165434562881107,1.0,0.0,0.0,0.0
0.628,0.0,0.0,0.8048296719219551,0.0,0.0,-0.618492828570274,1.0,0.0,0.0,0.0
0.63,0.0,0.0,0.8035907369307436,0.0,0.0,-0.620442162641241,1.0,0.0,0.0,0.0
0.632,0.0,0.0,0.8023479033090297,0.0,0.0,-0.6223914590726021,1.0,0.0,0.0,0.0
0.634,0.0,0.0,0.801101171131524,0.0,0.0,-0.6243407184330547,1.0,0.0,0.0,0.0
0.636,0.0,0.0,0.7998505404718026,0.0,0.0,-0.626289941288415,1.0,0.0,0.0,0.0
0.638,0.0,0.0,0.7985960114023125,0.0,0.0,-0.62823912820163,1.0,0.0,0.0,0.0
0.64,0.0,0.0,0.797337583994378,0.0,0.0,-0.6301882797327891,1.0,0.0,0.0,0.0
0.642,0.0,0.0,0.7960752583182061,0.0,0.0,-0.6321373964391366,1.0,0.0,0.0,0.0
0.644,0.0,0.0,0.794809034442892,0.0,0.0,-0.6340864788750825,1.0,0.0,0.0,0.0
0.646,0.0,0.0,0.7935389124364247,0.0,0.0,-0.6360355275922152,1.0,0.0,0.0,0.0
0.648,0.0,0.0,0.7922648923656932,0.0,0.0,-0.6379845431393122,1.0,0.0,0.0,0.0
0.65,0.0,0.0,0.7909869742964916,0.0,0.0,-0.6399335260623527,1.0,0.0,0.0,0.0
0.652,0.0,0.0,0.7897051582935247,0.0,0.0,-0.6418824769045285,1.0,0.0,0.0,0.0
0.654,0.0,0.0,0.7884194444204139,0.0,0.0,-0.643831396206256,1.0,0.0,0.0,0.0
0.656,0.0,0.0,0.7871298327397025,0.0,0.0,-0.6457802845051872,1.0,0.0,0.0,0.0
0.658,0.0,0.0,0.7858363233128611,0.0,0.0,-0.6477291423362219,1.0,0.0,0.0,0.0
0.66,0.0,0.0,0.7845389162002934,0.0,0.0,-0.6496779702315183,1.0,0.0,0.0,0.0
0.662,0.0,0.0,0.7832376114613413,0.0,0.0,-0.651626768720505,1.0,0.0,0.0,0.0
0.664,0.0,0.0,0.7819324091542909,0.0,0.0,-0.6535755383298918,1.0,0.0,0.0,0.0
0.666,0.0,0.0,0.7806233093363772,0.0,0.0,-0.6555242795836816,1.0,0.0,0.0,0.0
0.668,0.0,0.0,0.7793103120637904,0.0,0.0,-0.6574729930031813,1.0,0.0,0.0,0.0
0.67,0.0,0.0,0.7779934173916803,0.0,0.0,-0.6594216791070128,1.0,0.0,0.0,0.0
0.672,0.0,0.0,0.7766726253741622,0.0,0.0,-0.6613703384111244,1.0,0.0,0.0,0.0
0.674,0.0,0.0,0.7753479360643222,0.0,0.0,-0.663318971428802,1.0,0.0,0.0,0.0
0.676,0.0,0.0,0.7740193495142227,0.0,0.0,-0.6652675786706802,1.0,0.0,0.0,0.0
0.678,0.0,0.0,0.7726868657749073,0.0,0.0,-0.667216160644753,1.0,0.0,0.0,0.0
0.68,0.0,0.0,0.7713504848964061,0.0,0.0,-0.669164717856385,1.0,0.0,0.0,0.0
0.682,0.0,0.0,0.7700102069277414,0.0,0.0,-0.6711132508083224,1.0,0.0,0.0,0.0
0.684,0.0,0.0,0.7686660319169323,0.0,0.0,-0.6730617600007038,1.0,0.0,0.0,0.0
0.686,0.0,0.0,0.7673179599110005,0.0,0.0,-0.6750102459310713,1.0,0.0,0.0,0.0
0.6880000000000001,0.0,0.0,0.7659659909559751,0.0,0.0,-0.6769587090943807,1.0,0.0,0.0,0.0
0.6900000000000001,0.0,0.0,0.7646101250968976,0.0,0.0,-0.678907149983013,1.0,0.0,0.0,0.0
0.6920000000000001,0.0,0.0,0.7632503623778278,0.0,0.0,-0.6808555690867849,1.0,0.0,0.0,0.0
0.6940000000000001,0.0,0.0,0.7618867028418481,0.0,0.0,-0.6828039668929592,1.0,0.0,0.0,0.0
0.6960000000000001,0.0,0.0,0.7605191465310689,0.0,0.0,-0.6847523438862558,1.0,0.0,0.0,0.0
0.6980000000000001,0.0,0.0,0.7591476934866338,0.0,0.0,-0.6867007005488623,1.0,0.0,0.0,0.0
0.7000000000000001,0.0,0.0,0.7577723437487245,0.0,0.0,-0.6886490373604445,1.0,0.0,0.0,0.0
0.7020000000000001,0.0,0.0,0.7563930973565659,0.0,0.0,-0.6905973547981565,1.0,0.0,0.0,0.0
0.704,0.0,0.0,0.7550099543484311,0.0,0.0,-0.6925456533366523,1.0,0.0,0.0,0.0
0.706,0.0,0.0,0.7536229147616463,0.0,0.0,-0.6944939334480951,1.0,0.0,0.0,0.0
0.708,0.0,0.0,0.7522359881631002,0.0,0.0,-0.6924326650980608,1.0,0.0,0.0,0.0
0.71,0.0,0.0,0.7508531832786786,0.0,0.0,-0.6903722193236564,1.0,0.0,0.0,0.0
0.712,0.0,0.0,0.7494744984673488,0.0,0.0,-0.6883125920060583,1.0,0.0,0.0,0.0
0.714,0.0,0.0,0.7480999320962993,0.0,0.0,-0.6862537790433986,1.0,0.0,0.0,0.0
0.716,0.0,0.0,0.7467294825409052,0.0,0.0,-0.684195776350701,1.0,0.0,0.0,0.0
0.718,0.0,0.0,0.7453631481846947,0.0,0.0,-0.6821385798598162,1.0,0.0,0.0,0.0
0.72,0.0,0.0,0.7440009274193156,0.0,0.0,-0.680082185519358,1.0,0.0,0.0,0.0
0.722,0.0,0.0,0.7426428186445015,0.0,0.0,-0.6780265892946391,1.0,0.0,0.0,0.0
0.724,0.0,0.0,0.7412888202680393,0.0,0.0,-0.675971787167608,1.0,0.0,0.0,0.0
0.726,0.0,0.0,0.7399389307057349,0.0,0.0,-0.6739177751367847,1.0,0.0,0.0,0.0
0.728,0.0,0.0,0.7385931483813809,0.0,0.0,-0.6718645492171985,1.0,0.0,0.0,0.0
0.73,0.0,0.0,0.7372514717267233,0.0,0.0,-0.6698121054403242,1.0,0.0,0.0,0.0
0.732,0.0,0.0,0.735913899181429,0.0,0.0,-0.6677604398540201,1.0,0.0,0.0,0.0
0.734,0.0,0.0,0.7345804291930526,0.0,0.0,-0.6657095485224649,1.0,0.0,0.0,0.0
0.736,0.0,0.0,0.733251060217004,0.0,0.0,-0.6636594275260959,1.0,0.0,0.0,0.0
0.738,0.0,0.0,0.7319257907165164,0.0,0.0,-0.6616100729615465,1.0,0.0,0.0,0.0
0.74,0.0,0.0,0.7306046191626133,0.0,0.0,-0.6595614809415851,1.0,0.0,0.0,0.0
0.742,0.0,0.0,0.7292875440340767,0.0,0.0,-0.6575136475950526,1.0,0.0,0.0,0.0
0.744,0.0,0.0,0.7279745638174149,0.0,0.0,-0.6554665690668019,1.0,0.0,0.0,0.0
0.746,0.0,0.0,0.7266656770068305,0.0,0.0,-0.6534202415176363,1.0,0.0,0.0,0.0
0.748,0.0,0.0,0.7253608821041886,0.0,0.0,-0.6513746611242487,1.0,0.0,0.0,0.0
0.75,0.0,0.0,0.7240601776189852,0.0,0.0,-0.6493298240791608,1.0,0.0,0.0,0.0
0.752,0.0,0.0,0.7227635620683154,0.0,0.0,-0.6472857265906631,1.0,0.0,0.0,0.0
0.754,0.0,0.0,0.721471033976842,0.0,0.0,-0.6452423648827539,1.0,0.0,0.0,0.0
0.756,0.0,0.0,0.7201825918767641,0.0,0.0,-0.6431997351950801,1.0,0.0,0.0,0.0
0.758,0.0,0.0,0.7188982343077862,0.0,0.0,-0.6411578337828769,1.0,0.0,0.0,0.0
0.76,0.0,0.0,0.7176179598170864,0.0,0.0,-0.6391166569169086,1.0,0.0,0.0,0.0
0.762,0.0,0.0,0.7163417669592861,0.0,0.0,-0.6370762008834084,1.0,0.0,0.0,0.0
0.764,0.0,0.0,0.7150696542964187,0.0,0.0,-0.6350364619840206,1.0,0.0,0.0,0.0
0.766,0.0,0.0,0.7138016203978989,0.0,0.0,-0.6329974365357406,1.0,0.0,0.0,0.0
0.768,0.0,0.0,0.7125376638404922,0.0,0.0,-0.6309591208708565,1.0,0.0,0.0,0.0
0.77,0.0,0.0,0.7112777832082845,0.0,0.0,-0.6289215113368908,1.0,0.0,0.0,0.0
0.772,0.0,0.0,0.710021977092651,0.0,0.0,-0.626884604296542,1.0,0.0,0.0,0.0
0.774,0.0,0.0,0.7087702440922269,0.0,0.0,-0.6248483961276268,1.0,0.0,0.0,0.0
0.776,0.0,0.0,0.7075225828128763,0.0,0.0,-0.6228128832230215,1.0,0.0,0.0,0.0
0.778,0.0,0.0,0.7062789918676626,0.0,0.0,-0.6207780619906054,1.0,0.0,0.0,0.0
0.78,0.0,0.0,0.7050394698768189,0.0,0.0,-0.6187439288532025,1.0,0.0,0.0,0.0
0.782,0.0,0.0,0.7038040154677171,0.0,0.0,-0.6167104802485249,1.0,0.0,0.0,0.0
0.784,0.0,0.0,0.7025726272748395,0.0,0.0,-0.6146777126291155,1.0,0.0,0.0,0.0
0.786,0.0,0.0,0.701345303939748,0.0,0.0,-0.6126456224622913,1.0,0.0,0.0,0.0
0.788,0.0,0.0,0.7001220441110556,0.0,0.0,-0.6106142062300867,1.0,0.0,0.0,0.0
0.79,0.0,0.0,0.6989028464443964,0.0,0.0,-0.6085834604291973,1.0,0.0,0.0,0.0
0.792,0.0,0.0,0.6976877096023962,0.0,0.0,-0.6065533815709239,1.0,0.0,0.0,0.0
0.794,0.0,0.0,0.6964766322546442,0.0,0.0,-0.6045239661811159,1.0,0.0,0.0,0.0
0.796,0.0,0.0,0.695269613077663,0.0,0.0,-0.6024952108001165,1.0,0.0,0.0,0.0
0.798,0.0,0.0,0.6940666507548802,0.0,0.0,-0.6004671119827062,1.0,0.0,0.0,0.0
0.8,0.0,0.0,0.6928677439765994,0.0,0.0,-0.5984396662980481,1.0,0.0,0.0,0.0
0.802,0.0,0.0,0.6916728914399718,0.0,0.0,-0.5964128703296325,1.0,0.0,0.0,0.0
0.804,0.0,0.0,0.6904820918489669,0.0,0.0,-0.5943867206752221,1.0,0.0,0.0,0.0
0.806,0.0,0.0,0.6892953439143449,0.0,0.0,-0.5923612139467973,1.0,0.0,0.0,0.0
0.808,0.0,0.0,0.6881126463536276,0.0,0.0,-0.5903363467705013,1.0,0.0,0.0,0.0
0.81,0.0,0.0,0.6869339978910705,0.0,0.0,-0.5883121157865862,1.0,0.0,0.0,0.0
0.812,0.0,0.0,0.6857593972576345,0.0,0.0,-0.5862885176493587,1.0,0.0,0.0,0.0
0.8140000000000001,0.0,0.0,0.684588843190958,0.0,0.0,-0.5842655490271265,1.0,0.0,0.0,0.0
0.8160000000000001,0.0,0.0,0.6834223344353287,0.0,0.0,-0.5822432066021437,1.0,0.0,0.0,0.0
0.8180000000000001,0.0,0.0,0.6822598697416561,0.0,0.0,-0.5802214870705582,1.0,0.0,0.0,0.0
0.8200000000000001,0.0,0.0,0.6811014478674432,0.0,0.0,-0.578200387142358,1.0,0.0,0.0,0.0
0.8220000000000001,0.0,0.0,0.6799470675767595,0.0,0.0,-0.5761799035413179,1.0,0.0,0.0,0.0
0.8240000000000001,0.0,0.0,0.6787967276402133,0.0,0.0,-0.5741600330049469,1.0,0.0,0.0,0.0
0.8260000000000001,0.0,0.0,0.6776504268349238,0.0,0.0,-0.5721407722844352,1.0,0.0,0.0,0.0
0.8280000000000001,0.0,0.0,0.6765081639444948,0.0,0.0,-0.5701221181446017,1.0,0.0,0.0,0.0
0.8300000000000001,0.0,0.0,0.6753699377589863,0.0,0.0,-0.5681040673638418,1.0,0.0,0.0,0.0
0.8320000000000001,0.0,0.0,0.6742357470748884,0.0,0.0,-0.5660866167340749,1.0,0.0,0.0,0.0
0.834,0.0,0.0,0.6731055906950937,0.0,0.0,-0.5640697630606928,1.0,0.0,0.0,0.0
0.836,0.0,0.0,0.6719794674288705,0.0,0.0,-0.5620535031625077,1.0,0.0,0.0,0.0
0.838,0.0,0.0,0.6708573760918363,0.0,0.0,-0.5600378338717006,1.0,0.0,0.0,0.0
0.84,0.0,0.0,0.6697393155059308,0.0,0.0,-0.55802275203377,1.0,0.0,0.0,0.0
0.842,0.0,0.0,0.6686252844993895,0.0,0.0,-0.5560082545074808,1.0,0.0,0.0,0.0
0.844,0.0,0.0,0.6675152819067173,0.0,0.0,-0.5539943381648129,1.0,0.0,0.0,0.0
0.846,0.0,0.0,0.6664093065686616,0.0,0.0,-0.5519809998909108,1.0,0.0,0.0,0.0
0.848,0.0,0.0,0.6653073573321866,0.0,0.0,-0.5499682365840324,1.0,0.0,0.0,0.0
0.85,0.0,0.0,0.6642094330504471,0.0,0.0,-0.5479560451554992,1.0,0.0,0.0,0.0
0.852,0.0,0.0,0.663115532582762,0.0,0.0,-0.5459444225296458,1.0,0.0,0.0,0.0
0.854,0.0,0.0,0.6620256547945886,0.0,0.0,-0.5439333656437694,1.0,0.0,0.0,0.0
0.856,0.0,0.0,0.6609397985574967,0.0,0.0,-0.5419228714480804,1.0,0.0,0.0,0.0
0.858,0.0,0.0,0.659857962749143,0.0,0.0,-0.5399129369056526,1.0,0.0,0.0,0.0
0.86,0.0,0.0,0.658780146253245,0.0,0.0,-0.5379035589923734,1.0,0.0,0.0,0.0
0.862,0.0,0.0,0.6577063479595557,0.0,0.0,-0.5358947346968947,1.0,0.0,0.0,0.0
0.864,0.0,0.0,0.6566365667638383,0.0,0.0,-0.5338864610205837,1.0,0.0,0.0,0.0
0.866,0.0,0.0,0.6555708015678402,0.0,0.0,-0.5318787349774736,1.0,0.0,0.0,0.0
0.868,0.0,0.0,0.6545090512792685,0.0,0.0,-0.5298715535942154,1.0,0.0,0.0,0.0
0.87,0.0,0.0,0.6534513148117642,0.0,0.0,-0.5278649139100288,1.0,0.0,0.0,0.0
0.872,0.0,0.0,0.6523975910848775,0.0,0.0,-0.5258588129766537,1.0,0.0,0.0,0.0
0.874,0.0,0.0,0.6513478790240426,0.0,0.0,-0.5238532478583023,1.0,0.0,0.0,0.0
0.876,0.0,0.0,0.6503021775605526,0.0,0.0,-0.5218482156316109,1.0,0.0,0.0,0.0
0.878,0.0,0.0,0.6492604856315355,0.0,0.0,-0.5198437133855917,1.0,0.0,0.0,0.0
0.88,0.0,0.0,0.6482228021799283,0.0,0.0,-0.5178397382215851,1.0,0.0,0.0,0.0
0.882,0.0,0.0,0.6471891261544536,0.0,0.0,-0.5158362872532128,1.0,0.0,0.0,0.0
0.884,0.0,0.0,0.646159456509594,0.0,0.0,-0.5138333576063296,1.0,0.0,0.0,0.0
0.886,0.0,0.0,0.6451337922055688,0.0,0.0,-0.5118309464189765,1.0,0.0,0.0,0.0
0.888,0.0,0.0,0.6441121322083084,0.0,0.0,-0.5098290508413338,1.0,0.0,0.0,0.0
0.89,0.0,0.0,0.6430944754894314,0.0,0.0,-0.507827668035674,1.0,0.0,0.0,0.0
0.892,0.0,0.0,0.6420808210262194,0.0,0.0,-0.5058267951763153,1.0,0.0,0.0,0.0
0.894,0.0,0.0,0.6410711678015936,0.0,0.0,-0.503826429449575,1.0,0.0,0.0,0.0
0.896,0.0,0.0,0.6400655148040902,0.0,0.0,-0.501826568053723,1.0,0.0,0.0,0.0
0.898,0.0,0.0,0.6390638610278376,0.0,0.0,-0.49982720819893606,1.0,0.0,0.0,0.0
0.9,0.0,0.0,0.6380662054725315,0.0,0.0,-0.4978283471072513,1.0,0.0,0.0,0.0
0.902,0.0,0.0,0.6370725471434117,0.0,0.0,-0.4958299820125208,1.0,0.0,0.0,0.0
0.904,0.0,0.0,0.6360828850512388,0.0,0.0,-0.4938321101603656,1.0,0.0,0.0,0.0
0.906,0.0,0.0,0.6350972182122703,0.0,0.0,-0.49183472880813034,1.0,0.0,0.0,0.0
0.908,0.0,0.0,0.6341155456482374,0.0,0.0,-0.489837835224838,1.0,0.0,0.0,0.0
0.91,0.0,0.0,0.6331378663863214,0.0,0.0,-0.4878414266911446,1.0,0.0,0.0,0.0
0.912,0.0,0.0,0.632164179459131,0.0,0.0,-0.4858455004992944,1.0,0.0,0.0,0.0
0.914,0.0,0.0,0.6311944839046786,0.0,0.0,-0.4838500539530749,1.0,0.0,0.0,0.0
0.916,0.0,0.0,0.6302287787663577,0.0,0.0,-0.48185508436777214,1.0,0.0,0.0,0.0
0.918,0.0,0.0,0.6292670630929198,0.0,0.0,-0.47986058907012646,1.0,0.0,0.0,0.0
0.92,0.0,0.0,0.6283093359384514,0.0,0.0,-0.477866565398288,1.0,0.0,0.0,0.0
0.922,0.0,0.0,0.6273555963623514,0.0,0.0,-0.4758730107017724,1.0,0.0,0.0,0.0
0.924,0.0,0.0,0.6264058434293082,0.0,0.0,-0.4738799223414172,1.0,0.0,0.0,0.0
0.926,0.0,0.0,0.6254600762092775,0.0,0.0,-0.47188729768933757,1.0,0.0,0.0,0.0
0.928,0.0,0.0,0.6245182937774593,0.0,0.0,-0.4698951341288829,1.0,0.0,0.0,0.0
0.93,0.0,0.0,0.6235804952142758,0.0,0.0,-0.46790342905459315,1.0,0.0,0.0,0.0
0.932,0.0,0.0,0.622646679605349,0.0,0.0,-0.46591217987215555,1.0,0.0,0.0,0.0
0.934,0.0,0.0,0.6217168460414785,0.0,0.0,-0.46392138399836147,1.0,0.0,0.0,0.0
0.936,0.0,0.0,0.620790993618619,0.0,0.0,-0.4619310388610633,1.0,0.0,0.0,0.0
0.9380000000000001,0.0,0.0,0.6198691214378588,0.0,0.0,-0.45994114189913154,1.0,0.0,0.0,0.0
0.9400000000000001,0.0,0.0,0.6189512286053972,0.0,0.0,-0.4579516905624122,1.0,0.0,0.0,0.0
0.9420000000000001,0.0,0.0,0.6180373142325231,0.0,0.0,-0.4559626823116842,1.0,0.0,0.0,0.0
0.9440000000000001,0.0,0.0,0.6171273774355928,0.0,0.0,-0.45397411461861686,1.0,0.0,0.0,0.0
0.9460000000000001,0.0,0.0,0.6162214173360084,0.0,0.0,-0.45198598496572784,1.0,0.0,0.0,0.0
0.9480000000000001,0.0,0.0,0.6153194330601963,0.0,0.0,-0.4499982908463409,1.0,0.0,0.0,0.0
0.9500000000000001,0.0,0.0,0.6144214237395854,0.0,0.0,-0.44801102976454416,1.0,0.0,0.0,0.0
0.9520000000000001,0.0,0.0,0.6135273885105857,0.0,0.0,-0.446024199235148,1.0,0.0,0.0,0.0
0.9540000000000001,0.0,0.0,0.6126373265145669,0.0,0.0,-0.4440377967836439,1.0,0.0,0.0,0.0
0.9560000000000001,0.0,0.0,0.6117512368978372,0.0,0.0,-0.44205181994616244,1.0,0.0,0.0,0.0
0.9580000000000001,0.0,0.0,0.6108691188116215,0.0,0.0,-0.44006626626943246,1.0,0.0,0.0,0.0
0.96,0.0,0.0,0.6099909714120414,0.0,0.0,-0.4380811333107396,1.0,0.0,0.0,0.0
0.962,0.0,0.0,0.6091167938600928,0.0,0.0,-0.43609641863788545,1.0,0.0,0.0,0.0
0.964,0.0,0.0,0.6082465853216258,0.0,0.0,-0.43411211982914655,1.0,0.0,0.0,0.0
0.966,0.0,0.0,0.6073803449673234,0.0,0.0,-0.4321282344732339,1.0,0.0,0.0,0.0
0.968,0.0,0.0,0.6065180719726809,0.0,0.0,-0.43014476016925224,1.0,0.0,0.0,0.0
0.97,0.0,0.0,0.6056597655179851,0.0,0.0,-0.42816169452665964,1.0,0.0,0.0,0.0
0.972,0.0,0.0,0.6048054247882931,0.0,0.0,-0.4261790351652273,1.0,0.0,0.0,0.0
0.974,0.0,0.0,0.6039550489734129,0.0,0.0,-0.4241967797149996,1.0,0.0,0.0,0.0
0.976,0.0,0.0,0.6031086372678817,0.0,0.0,-0.42221492581625375,1.0,0.0,0.0,0.0
0.978,0.0,0.0,0.602266188870946,0.0,0.0,-0.42023347111946036,1.0,0.0,0.0,0.0
0.98,0.0,0.0,0.6014277029865412,0.0,0.0,-0.4182524132852437,1.0,0.0,0.0,0.0
0.982,0.0,0.0,0.6005931788232717,0.0,0.0,-0.416271749984342,1.0,0.0,0.0,0.0
0.984,0.0,0.0,0.5997626155943898,0.0,0.0,-0.41429147889756834,1.0,0.0,0.0,0.0
0.986,0.0,0.0,0.5989360125177765,0.0,0.0,-0.41231159771577125,1.0,0.0,0.0,0.0
0.988,0.0,0.0,0.5981133688159209,0.0,0.0,-0.41033210413979565,1.0,0.0,0.0,0.0
0.99,0.0,0.0,0.5972946837159007,0.0,0.0,-0.40835299588044405,1.0,0.0,0.0,0.0
0.992,0.0,0.0,0.5964799564493618,0.0,0.0,-0.4063742706584377,1.0,0.0,0.0,0.0
0.994,0.0,0.0,0.595669186252499,0.0,0.0,-0.4043959262043778,1.0,0.0,0.0,0.0
0.996,0.0,0.0,0.5948623723660359,0.0,0.0,-0.40241796025870735,1.0,0.0,0.0,0.0
0.998,0.0,0.0,0.5940595140352055,0.0,0.0,-0.40044037057167237,1.0,0.0,0.0,0.0
1.0,0.0,0.0,0.5932606105097306,0.0,0.0,-0.398463154903284,1.0,0.0,0.0,0.0
1.002,0.0,0.0,0.592465661043804,0.0,0.0,-0.39648631102328036,1.0,0.0,0.0,0.0
1.004,0.0,0.0,0.5916746648960697,0.0,0.0,-0.3945098367110885,1.0,0.0,0.0,0.0
1.006,0.0,0.0,0.5908876213296028,0.0,0.0,-0.3925337297557869,1.0,0.0,0.0,0.0
1.008,0.0,0.0,0.590104529611891,0.0,0.0,-0.39055798795606733,1.0,0.0,0.0,0.0
1.01,0.0,0.0,0.5893253890148147,0.0,0.0,-0.38858260912019793,1.0,0.0,0.0,0.0
1.012,0.0,0.0,0.5885501988146284,0.0,0.0,-0.38660759106598536,1.0,0.0,0.0,0.0
1.014,0.0,0.0,0.5877789582919417,0.0,0.0,-0.38463293162073786,1.0,0.0,0.0,0.0
1.016,0.0,0.0,0.5870116667316998,0.0,0.0,-0.38265862862122807,1.0,0.0,0.0,0.0
1.018,0.0,0.0,0.5862483234231649,0.0,0.0,-0.38068467991365607,1.0,0.0,0.0,0.0
1.02,0.0,0.0,0.5854889276598977,0.0,0.0,-0.3787110833536125,1.0,0.0,0.0,0.0
1.022,0.0,0.0,0.584733478739738,0.0,0.0,-0.37673783680604195,1.0,0.0,0.0,0.0
1.024,0.0,0.0,0.5839819759647867,0.0,0.0,-0.3747649381452065,1.0,0.0,0.0,0.0
1.026,0.0,0.0,0.5832344186413869,0.0,0.0,-0.37279238525464914,1.0,0.0,0.0,0.0
1.028,0.0,0.0,0.5824908060801051,0.0,0.0,-0.37082017602715767,1.0,0.0,0.0,0.0
1.03,0.0,0.0,0.5817511375957132,0.0,0.0,-0.3688483083647284,1.0,0.0,0.0,0.0
1.032,0.0,0.0,0.5810154125071699,0.0,0.0,-0.3668767801785303,1.0,0.0,0.0,0.0
1.034,0.0,0.0,0.5802836301376025,0.0,0.0,-0.364905589388869,1.0,0.0,0.0,0.0
1.036,0.0,0.0,0.5795557898142886,0.0,0.0,-0.36293473392515113,1.0,0.0,0.0,0.0
1.038,0.0,0.0,0.5788318908686376,0.0,0.0,-0.3609642117258487,1.0,0.0,0.0,0.0
1.04,0.0,0.0,0.5781119326361733,0.0,0.0,-0.3589940207384636,1.0,0.0,0.0,0.0
1.042,0.0,0.0,0.5773959144565154,0.0,0.0,-0.35702415891949235,1.0,0.0,0.0,0.0
1.044,0.0,0.0,0.5766838356733615,0.0,0.0,-0.3550546242343909,1.0,0.0,0.0,0.0
1.046,0.0,0.0,0.5759756956344695,0.0,0.0,-0.3530854146575393,1.0,0.0,0.0,0.0
1.048,0.0,0.0,0.5752714936916398,0.0,0.0,-0.35111652817220707,1.0,0.0,0.0,0.0
1.05,0.0,0.0,0.574571229200697,0.0,0.0,-0.3491479627705183,1.0,0.0,0.0,0.0
1.052,0.0,0.0,0.5738749015214731,0.0,0.0,-0.34717971645341683,1.0,0.0,0.0,0.0
1.054,0.0,0.0,0.5731825100177891,0.0,0.0,-0.34521178723063184,1.0,0.0,0.0,0.0
1.056,0.0,0.0,0.5724940540574378,0.0,0.0,-0.34324417312064337,1.0,0.0,0.0,0.0
1.058,0.0,0.0,0.5718095330121665,0.0,0.0,-0.34127687215064806,1.0,0.0,0.0,0.0
1.06,0.0,0.0,0.5711289462576593,0.0,0.0,-0.3393098823565248,1.0,0.0,0.0,0.0
1.062,0.0,0.0,0.57045229317352,0.0,0.0,-0.337343201782801,1.0,0.0,0.0,0.0
1.064,0.0,0.0,0.5697795731432546,0.0,0.0,-0.33537682848261846,1.0,0.0,0.0,0.0
1.066,0.0,0.0,0.5691107855542542,0.0,0.0,-0.33341076051769947,1.0,0.0,0.0,0.0
1.068,0.0,0.0,0.5684459297977782,0.0,0.0,-0.3314449959583135,1.0,0.0,0.0,0.0
1.07,0.0,0.0,0.5677850052689366,0.0,0.0,-0.32947953288324333,1.0,0.0,0.0,0.0
1.072,0.0,0.0,0.5671280113666736,0.0,0.0,-0.32751436937975176,1.0,0.0,0.0,0.0
1.074,0.0,0.0,0.5664749474937503,0.0,0.0,-0.32554950354354834,1.0,0.0,0.0,0.0
1.076,0.0,0.0,0.565825813056728,0.0,0.0,-0.32358493347875616,1.0,0.0,0.0,0.0
1.078,0.0,0.0,0.5651806074659513,0.0,0.0,-0.32162065729787886,1.0,0.0,0.0,0.0
1.08,0.0,0.0,0.5645393301355317,0.0,0.0,-0.3196566731217676,1.0,0.0,0.0,0.0
1.082,0.0,0.0,0.5639019804833304,0.0,0.0,-0.31769297907958843,1.0,0.0,0.0,0.0
1.084,0.0,0.0,0.563268557930942,0.0,0.0,-0.3157295733087895,1.0,0.0,0.0,0.0
1.086,0.0,0.0,0.5626390619036782,0.0,0.0,-0.31376645395506847,1.0,0.0,0.0,0.0
1.088,0.0,0.0,0.5620134918305508,0.0,0.0,-0.3118036191723402,1.0,0.0,0.0,0.0
1.09,0.0,0.0,0.5613918471442558,0.0,0.0,-0.3098410671227043,1.0,0.0,0.0,0.0
1.092,0.0,0.0,0.5607741272811567,0.0,0.0,-0.30787879597641316,1.0,0.0,0.0,0.0
1.094,0.0,0.0,0.5601603316812684,0.0,0.0,-0.30591680391183956,1.0,0.0,0.0,0.0
1.096,0.0,0.0,0.5595504597882411,0.0,0.0,-0.303955089115445,1.0,0.0,0.0,0.0
1.098,0.0,0.0,0.558944511049344,0.0,0.0,-0.3019936497817477,1.0,0.0,0.0,0.0
1.1,0.0,0.0,0.5583424849154489,0.0,0.0,-0.300032484113291,1.0,0.0,0.0,0.0
1.102,0.0,0.0,0.557744380841015,0.0,0.0,-0.29807159032061165,1.0,0.0,0.0,0.0
1.104,0.0,0.0,0.5571501982840722,0.0,0.0,-0.2961109666222084,1.0,0.0,0.0,0.0
1.106,0.0,0.0,0.5565599367062055,0.0,0.0,-0.2941506112445108,1.0,0.0,0.0,0.0
1.108,0.0,0.0,0.5559735955725391,0.0,0.0,-0.29219052242184756,1.0,0.0,0.0,0.0
1.11,0.0,0.0,0.5553911743517208,0.0,0.0,-0.2902306983964158,1.0,0.0,0.0,0.0
1.112,0.0,0.0,0.5548126725159062,0.0,0.0,-0.28827113741824983,1.0,0.0,0.0,0.0
1.114,0.0,0.0,0.5542380895407427,0.0,0.0,-0.28631183774519037,1.0,0.0,0.0,0.0
1.116,0.0,0.0,0.5536674249053547,0.0,0.0,-0.28435279764285365,1.0,0.0,0.0,0.0
1.118,0.0,0.0,0.5531006780923272,0.0,0.0,-0.28239401538460096,1.0,0.0,0.0,0.0
1.12,0.0,0.0,0.5525378485876911,0.0,0.0,-0.2804354892515078,1.0,0.0,0.0,0.0
1.122,0.0,0.0,0.5519789358809072,0.0,0.0,-0.27847721753233373,1.0,0.0,0.0,0.0
1.124,0.0,0.0,0.5514239394648514,0.0,0.0,-0.2765191985234918,1.0,0.0,0.0,0.0
1.1260000000000001,0.0,0.0,0.5508728588357988,0.0,0.0,-0.27456143052901866,1.0,0.0,0.0,0.0
1.1280000000000001,0.0,0.0,0.5503256934934093,0.0,0.0,-0.272603911860544,1.0,0.0,0.0,0.0
1.1300000000000001,0.0,0.0,0.5497824429407115,0.0,0.0,-0.2706466408372611,1.0,0.0,0.0,0.0
1.1320000000000001,0.0,0.0,0.5492431066840884,0.0,0.0,-0.2686896157858965,1.0,0.0,0.0,0.0
1.1340000000000001,0.0,0.0,0.5487076842332618,0.0,0.0,-0.26673283504068057,1.0,0.0,0.0,0.0
1.1360000000000001,0.0,0.0,0.5481761751012778,0.0,0.0,-0.26477629694331767,1.0,0.0,0.0,0.0
1.1380000000000001,0.0,0.0,0.5476485788044916,0.0,0.0,-0.2628199998429567,1.0,0.0,0.0,0.0
1.1400000000000001,0.0,0.0,0.5471248948625524,0.0,0.0,-0.26086394209616154,1.0,0.0,0.0,0.0
1.1420000000000001,0.0,0.0,0.5466051227983894,0.0,0.0,-0.25890812206688196,1.0,0.0,0.0,0.0
1.1440000000000001,0.0,0.0,0.5460892621381961,0.0,0.0,-0.25695253812642427,1.0,0.0,0.0,0.0
1.1460000000000001,0.0,0.0,0.5455773124114163,0.0,0.0,-0.25499718865342214,1.0,0.0,0.0,0.0
1.1480000000000001,0.0,0.0,0.5450692731507291,0.0,0.0,-0.25304207203380785,1.0,0.0,0.0,0.0
1.1500000000000001,0.0,0.0,0.5445651438920345,0.0,0.0,-0.2510871866607832,1.0,0.0,0.0,0.0
1.1520000000000001,0.0,0.0,0.5440649241744389,0.0,0.0,-0.24913253093479082,1.0,0.0,0.0,0.0
1.154,0.0,0.0,0.5435686135402406,0.0,0.0,-0.24717810326348544,1.0,0.0,0.0,0.0
1.156,0.0,0.0,0.5430762115349154,0.0,0.0,-0.24522390206170547,1.0,0.0,0.0,0.0
1.158,0.0,0.0,0.5425877177071022,0.0,0.0,-0.2432699257514444,1.0,0.0,0.0,0.0
1.16,0.0,0.0,0.5421031316085889,0.0,0.0,-0.24131617276182254,1.0,0.0,0.0,0.0
1.162,0.0,0.0,0.541622452794298,0.0,0.0,-0.23936264152905873,1.0,0.0,0.0,0.0
1.164,0.0,0.0,0.5411456808222725,0.0,0.0,-0.23740933049644228,1.0,0.0,0.0,0.0
1.166,0.0,0.0,0.5406728152536618,0.0,0.0,-0.23545623811430488,1.0,0.0,0.0,0.0
1.168,0.0,0.0,0.5402038556527076,0.0,0.0,-0.23350336283999268,1.0,0.0,0.0,0.0
1.17,0.0,0.0,0.5397388015867297,0.0,0.0,-0.2315507031378385,1.0,0.0,0.0,0.0
1.172,0.0,0.0,0.5392776526261127,0.0,0.0,-0.22959825747913404,1.0,0.0,0.0,0.0
1.174,0.0,0.0,0.5388204083442915,0.0,0.0,-0.22764602434210246,1.0,0.0,0.0,0.0
1.176,0.0,0.0,0.5383670683177375,0.0,0.0,-0.22569400221187064,1.0,0.0,0.0,0.0
1.178,0.0,0.0,0.5379176321259452,0.0,0.0,-0.22374218958044187,1.0,0.0,0.0,0.0
1.18,0.0,0.0,0.5374720993514182,0.0,0.0,-0.22179058494666862,1.0,0.0,0.0,0.0
1.182,0.0,0.0,0.5370304695796553,0.0,0.0,-0.21983918681622525,1.0,0.0,0.0,0.0
1.184,0.0,0.0,0.5365927423991375,0.0,0.0,-0.21788799370158096,1.0,0.0,0.0,0.0
1.186,0.0,0.0,0.5361589174013139,0.0,0.0,-0.21593700412197273,1.0,0.0,0.0,0.0
1.188,0.0,0.0,0.5357289941805886,0.0,0.0,-0.2139862166033785,1.0,0.0,0.0,0.0
1.19,0.0,0.0,0.5353029723343068,0.0,0.0,-0.21203562967849032,1.0,0.0,0.0,0.0
1.192,0.0,0.0,0.5348808514627417,0.0,0.0,-0.21008524188668776,1.0,0.0,0.0,0.0
1.194,0.0,0.0,0.534462631169081,0.0,0.0,-0.20813505177401115,1.0,0.0,0.0,0.0
1.196,0.0,0.0,0.5340483110594139,0.0,0.0,-0.2061850578931352,1.0,0.0,0.0,0.0
1.198,0.0,0.0,0.5336378907427174,0.0,0.0,-0.20423525880334262,1.0,0.0,0.0,0.0
1.2,0.0,0.0,0.5332313698308435,0.0,0.0,-0.20228565307049773,1.0,0.0,0.0,0.0
1.202,0.0,0.0,0.532828747938506,0.0,0.0,-0.20033623926702032,1.0,0.0,0.0,0.0
1.204,0.0,0.0,0.5324300246832671,0.0,0.0,-0.19838701597185962,1.0,0.0,0.0,0.0
1.206,0.0,0.0,0.5320351996855247,0.0,0.0,-0.19643798177046817,1.0,0.0,0.0,0.0
1.208,0.0,0.0,0.5316442725684994,0.0,0.0,-0.19448913525477599,1.0,0.0,0.0,0.0
1.21,0.0,0.0,0.5312572429582215,0.0,0.0,-0.19254047502316476,1.0,0.0,0.0,0.0
1.212,0.0,0.0,0.530874110483518,0.0,0.0,-0.1905919996804421,1.0,0.0,0.0,0.0
1.214,0.0,0.0,0.5304948747759997,0.0,0.0,-0.188643707837816,1.0,0.0,0.0,0.0
1.216,0.0,0.0,0.530119535470049,0.0,0.0,-0.18669559811286923,1.0,0.0,0.0,0.0
1.218,0.0,0.0,0.5297480922028066,0.0,0.0,-0.184747669129534,1.0,0.0,0.0,0.0
1.22,0.0,0.0,0.529380544614159,0.0,0.0,-0.18279991951806657,1.0,0.0,0.0,0.0
1.222,0.0,0.0,0.5290168923467259,0.0,0.0,-0.18085234791502205,1.0,0.0,0.0,0.0
1.224,0.0,0.0,0.5286571350458477,0.0,0.0,-0.17890495296322928,1.0,0.0,0.0,0.0
1.226,0.0,0.0,0.5283012723595727,0.0,0.0,-0.17695773331176573,1.0,0.0,0.0,0.0
1.228,0.0,0.0,0.527949303938645,0.0,0.0,-0.17501068761593264,1.0,0.0,0.0,0.0
1.23,0.0,0.0,0.5276012294364919,0.0,0.0,-0.17306381453723005,1.0,0.0,0.0,0.0
1.232,0.0,0.0,0.5272570485092113,0.0,0.0,-0.17111711274333216,1.0,0.0,0.0,0.0
1.234,0.0,0.0,0.5269167608155599,0.0,0.0,-0.1691705809080626,1.0,0.0,0.0,0.0
1.236,0.0,0.0,0.5265803660169405,0.0,0.0,-0.1672242177113699,1.0,0.0,0.0,0.0
1.238,0.0,0.0,0.5262478637773897,0.0,0.0,-0.16527802183930287,1.0,0.0,0.0,0.0
1.24,0.0,0.0,0.5259192537635664,0.0,0.0,-0.16333199198398646,1.0,0.0,0.0,0.0
1.242,0.0,0.0,0.5255945356447388,0.0,0.0,-0.16138612684359718,1.0,0.0,0.0,0.0
1.244,0.0,0.0,0.5252737090927728,0.0,0.0,-0.15944042512233908,1.0,0.0,0.0,0.0
1.246,0.0,0.0,0.52495677378212,0.0,0.0,-0.15749488553041963,1.0,0.0,0.0,0.0
1.248,0.0,0.0,0.5246437293898055,0.0,0.0,-0.15554950678402557,1.0,0.0,0.0,0.0
1.25,0.0,0.0,0.5243345755954162,0.0,0.0,-0.1536042876052991,1.0,0.0,0.0,0.0
1.252,0.0,0.0,0.5240293120810886,0.0,0.0,-0.15165922672231394,1.0,0.0,0.0,0.0
1.254,0.0,0.0,0.5237279385314972,0.0,0.0,-0.14971432286905167,1.0,0.0,0.0,0.0
1.256,0.0,0.0,0.5234304546338429,0.0,0.0,-0.14776957478537803,1.0,0.0,0.0,0.0
1.258,0.0,0.0,0.5231368600778404,0.0,0.0,-0.14582498121701926,1.0,0.0,0.0,0.0
1.26,0.0,0.0,0.5228471545557078,0.0,0.0,-0.1438805409155387,1.0,0.0,0.0,0.0
1.262,0.0,0.0,0.522561337762154,0.0,0.0,-0.14193625263831341,1.0,0.0,0.0,0.0
1.264,0.0,0.0,0.5222794093943671,0.0,0.0,-0.1399921151485108,1.0,0.0,0.0,0.0
1.266,0.0,0.0,0.5220013691520036,0.0,0.0,-0.13804812721506537,1.0,0.0,0.0,0.0
1.268,0.0,0.0,0.5217272167371758,0.0,0.0,-0.13610428761265572,1.0,0.0,0.0,0.0
1.27,0.0,0.0,0.5214569518544415,0.0,0.0,-0.13416059512168133,1.0,0.0,0.0,0.0
1.272,0.0,0.0,0.5211905742107916,0.0,0.0,-0.1322170485282397,1.0,0.0,0.0,0.0
1.274,0.0,0.0,0.5209280835156392,0.0,0.0,-0.13027364662410346,1.0,0.0,0.0,0.0
1.276,0.0,0.0,0.5206694794808084,0.0,0.0,-0.12833038820669757,1.0,0.0,0.0,0.0
1.278,0.0,0.0,0.5204147618205227,0.0,0.0,-0.12638727207907655,1.0,0.0,0.0,0.0
1.28,0.0,0.0,0.5201639302513937,0.0,0.0,-0.12444429704990202,1.0,0.0,0.0,0.0
1.282,0.0,0.0,0.5199169844924104,0.0,0.0,-0.12250146193342001,1.0,0.0,0.0,0.0
1.284,0.0,0.0,0.5196739242649275,0.0,0.0,-0.12055876554943858,1.0,0.0,0.0,0.0
1.286,0.0,0.0,0.5194347492926548,0.0,0.0,-0.11861620672330545,1.0,0.0,0.0,0.0
1.288,0.0,0.0,0.5191994593016456,0.0,0.0,-0.1166737842858857,1.0,0.0,0.0,0.0
1.29,0.0,0.0,0.5189680540202861,0.0,0.0,-0.11473149707353965,1.0,0.0,0.0,0.0
1.292,0.0,0.0,0.5187405331792845,0.0,0.0,-0.11278934392810061,1.0,0.0,0.0,0.0
1.294,0.0,0.0,0.5185168965116596,0.0,0.0,-0.11084732369685298,1.0,0.0,0.0,0.0
1.296,0.0,0.0,0.5182971437527302,0.0,0.0,-0.10890543523251024,1.0,0.0,0.0,0.0
1.298,0.0,0.0,0.5180812746401044,0.0,0.0,-0.10696367739319311,1.0,0.0,0.0,0.0
1.3,0.0,0.0,0.5178692889136689,0.0,0.0,-0.10502204904240774,1.0,0.0,0.0,0.0
1.302,0.0,0.0,0.5176611863155774,0.0,0.0,-0.10308054904902403,1.0,0.0,0.0,0.0
1.304,0.0,0.0,0.5174569665902412,0.0,0.0,-0.10113917628725404,1.0,0.0,0.0,0.0
1.306,0.0,0.0,0.5172566294843173,0.0,0.0,-0.0991979296366304,1.0,0.0,0.0,0.0
1.308,0.0,0.0,0.5170601747466986,0.0,0.0,-0.09725680798198494,1.0,0.0,0.0,0.0
1.31,0.0,0.0,0.5168676021285032,0.0,0.0,-0.09531581021342718,1.0,0.0,0.0,0.0
1.312,0.0,0.0,0.5166789113830635,0.0,0.0,-0.09337493522632317,1.0,0.0,0.0,0.0
1.314,0.0,0.0,0.516494102265916,0.0,0.0,-0.09143418192127424,1.0,0.0,0.0,0.0
1.316,0.0,0.0,0.5163131745347906,0.0,0.0,-0.08949354920409582,1.0,0.0,0.0,0.0
1.318,0.0,0.0,0.5161361279496007,0.0,0.0,-0.08755303598579643,1.0,0.0,0.0,0.0
1.32,0.0,0.0,0.5159629622724323,0.0,0.0,-0.08561264118255672,1.0,0.0,0.0,0.0
1.322,0.0,0.0,0.5157936772675341,0.0,0.0,-0.08367236371570855,1.0,0.0,0.0,0.0
1.324,0.0,0.0,0.5156282727013067,0.0,0.0,-0.08173220251171417,1.0,0.0,0.0,0.0
1.326,0.0,0.0,0.5154667483422929,0.0,0.0,-0.07979215650214552,1.0,0.0,0.0,0.0
1.328,0.0,0.0,0.5153091039611671,0.0,0.0,-0.07785222462366354,1.0,0.0,0.0,0.0
1.33,0.0,0.0,0.5151553393307254,0.0,0.0,-0.07591240581799757,1.0,0.0,0.0,0.0
1.332,0.0,0.0,0.5150054542258755,0.0,0.0,-0.07397269903192494,1.0,0.0,0.0,0.0
1.334,0.0,0.0,0.5148594484236263,0.0,0.0,-0.07203310321725043,1.0,0.0,0.0,0.0
1.336,0.0,0.0,0.5147173217030783,0.0,0.0,-0.07009361733078599,1.0,0.0,0.0,0.0
1.338,0.0,0.0,0.5145790738454131,0.0,0.0,-0.06815424033433047,1.0,0.0,0.0,0.0
1.34,0.0,0.0,0.5144447046338841,0.0,0.0,-0.0662149711946494,1.0,0.0,0.0,0.0
1.342,0.0,0.0,0.514314213853806,0.0,0.0,-0.0642758088834549,1.0,0.0,0.0,0.0
1.344,0.0,0.0,0.5141876012925453,0.0,0.0,-0.062336752377385604,1.0,0.0,0.0,0.0
1.346,0.0,0.0,0.5140648667395099,0.0,0.0,-0.06039780065798673,1.0,0.0,0.0,0.0
1.348,0.0,0.0,0.5139460099861403,0.0,0.0,-0.05845895271169017,1.0,0.0,0.0,0.0
1.35,0.0,0.0,0.5138310308258988,0.0,0.0,-0.056520207529794676,1.0,0.0,0.0,0.0
1.352,0.0,0.0,0.5137199290542606,0.0,0.0,-0.05458156410844613,1.0,0.0,0.0,0.0
1.354,0.0,0.0,0.5136127044687036,0.0,0.0,-0.05264302144861788,1.0,0.0,0.0,0.0
1.356,0.0,0.0,0.5135093568686988,0.0,0.0,-0.050704578556091125,1.0,0.0,0.0,0.0
1.358,0.0,0.0,0.5134098860557013,0.0,0.0,-0.048766234441435435,1.0,0.0,0.0,0.0
1.36,0.0,0.0,0.5133142918331398,0.0,0.0,-0.046827988119989276,1.0,0.0,0.0,0.0
1.362,0.0,0.0,0.513222574006408,0.0,0.0,-0.04488983861184067,1.0,0.0,0.0,0.0
1.364,0.0,0.0,0.5131347323828543,0.0,0.0,-0.04295178494180787,1.0,0.0,0.0,0.0
1.366,0.0,0.0,0.5130507667717731,0.0,0.0,-0.04101382613942015,1.0,0.0,0.0,0.0
1.368,0.0,0.0,0.5129706769843948,0.0,0.0,-0.03907596123889868,1.0,0.0,0.0,0.0
1.37,0.0,0.0,0.5128944628338767,0.0,0.0,-0.0371381892791374,1.0,0.0,0.0,0.0
1.372,0.0,0.0,0.5128221241352939,0.0,0.0,-0.035200509303684055,1.0,0.0,0.0,0.0
1.374,0.0,0.0,0.5127536607056296,0.0,0.0,-0.033262920360721246,1.0,0.0,0.0,0.0
1.3760000000000001,0.0,0.0,0.5126890723637658,0.0,0.0,-0.03132542150304757,1.0,0.0,0.0,0.0
1.3780000000000001,0.0,0.0,0.5126283589304748,0.0,0.0,-0.029388011788058818,1.0,0.0,0.0,0.0
1.3800000000000001,0.0,0.0,0.512571520228409,0.0,0.0,-0.027450690277729294,1.0,0.0,0.0,0.0
1.3820000000000001,0.0,0.0,0.5125185560820927,0.0,0.0,-0.02551345603859312,1.0,0.0,0.0,0.0
1.3840000000000001,0.0,0.0,0.5124694663179125,0.0,0.0,-0.023576308141725698,1.0,0.0,0.0,0.0
1.3860000000000001,0.0,0.0,0.512424250764108,0.0,0.0,-0.021639245662725175,1.0,0.0,0.0,0.0
1.3880000000000001,0.0,0.0,0.5123829092507636,0.0,0.0,-0.019702267681694027,1.0,0.0,0.0,0.0
1.3900000000000001,0.0,0.0,0.5123454416097987,0.0,0.0,-0.017765373283220677,1.0,0.0,0.0,0.0
1.3920000000000001,0.0,0.0,0.5123118476749591,0.0,0.0,-0.015828561556361212,1.0,0.0,0.0,0.0
1.3940000000000001,0.0,0.0,0.5122821272818081,0.0,0.0,-0.01389183159462115,1.0,0.0,0.0,0.0
1.3960000000000001,0.0,0.0,0.5122562802677175,0.0,0.0,-0.011955182495937277,1.0,0.0,0.0,0.0
1.3980000000000001,0.0,0.0,0.512234306471859,0.0,0.0,-0.010018613362659566,1.0,0.0,0.0,0.0
1.4000000000000001,0.0,0.0,0.5122162057351948,0.0,0.0,-0.008082123301533146,1.0,0.0,0.0,0.0
1.4020000000000001,0.0,0.0,0.5122019779004695,0.0,0.0,-0.0061457114236803615,1.0,0.0,0.0,0.0
1.4040000000000001,0.0,0.0,0.5121916228122012,0.0,0.0,-0.004209376844582882,1.0,0.0,0.0,0.0
1.4060000000000001,0.0,0.0,0.5121851403166726,0.0,0.0,-0.002273118684063886,1.0,0.0,0.0,0.0
1.408,0.0,0.0,0.5121825302619223,0.0,0.0,-0.00033693606627031316,1.0,0.0,0.0,0.0
1.41,0.0,0.0,0.5121837924977364,0.0,0.0,0.0015991718803448176,1.0,0.0,0.0,0.0
1.412,0.0,0.0,0.5121889268756398,0.0,0.0,0.0035352060230400195,1.0,0.0,0.0,0.0
1.414,0.0,0.0,0.5121979332488876,0.0,0.0,0.0054711672248028845,1.0,0.0,0.0,0.0
1.416,0.0,0.0,0.5122088019391159,0.0,0.0,0.005397523003496265,1.0,0.0,0.0,0.0
1.418,0.0,0.0,0.5122195237097553,0.0,0.0,0.005324247635982287,1.0,0.0,0.0,0.0
1.42,0.0,0.0,0.5122300992969949,0.0,0.0,0.005251339603650721,1.0,0.0,0.0,0.0
1.422,0.0,0.0,0.5122405294339922,0.0,0.0,0.005178797393676761,1.0,0.0,0.0,0.0
1.424,0.0,0.0,0.5122508148508849,0.0,0.0,0.005106619498999778,1.0,0.0,0.0,0.0
1.426,0.0,0.0,0.5122609562748022,0.0,0.0,0.005034804418302167,1.0,0.0,0.0,0.0
1.428,0.0,0.0,0.5122709544298765,0.0,0.0,0.0049633506559882655,1.0,0.0,0.0,0.0
1.43,0.0,0.0,0.5122808100372547,0.0,0.0,0.004892256722163347,1.0,0.0,0.0,0.0
1.432,0.0,0.0,0.5122905238151094,0.0,0.0,0.004821521132612692,1.0,0.0,0.0,0.0
1.434,0.0,0.0,0.5123000964786508,0.0,0.0,0.004751142408780738,1.0,0.0,0.0,0.0
1.436,0.0,0.0,0.5123095287401374,0.0,0.0,0.004681119077750283,1.0,0.0,0.0,0.0
1.438,0.0,0.0,0.5123188213088873,0.0,0.0,0.0046114496722218,1.0,0.0,0.0,0.0
1.44,0.0,0.0,0.51232797489129,0.0,0.0,0.004542132730492797,1.0,0.0,0.0,0.0
1.442,0.0,0.0,0.5123369901908169,0.0,0.0,0.004473166796437263,1.0,0.0,0.0,0.0
1.444,0.0,0.0,0.5123458679080328,0.0,0.0,0.004404550419485185,1.0,0.0,0.0,0.0
1.446,0.0,0.0,0.5123546087406069,0.0,0.0,0.00433628215460214,1.0,0.0,0.0,0.0
1.448,0.0,0.0,0.5123632133833238,0.0,0.0,0.004268360562268961,1.0,0.0,0.0,0.0
1.45,0.0,0.0,0.5123716825280945,0.0,0.0,0.004200784208461479,1.0,0.0,0.0,0.0
1.452,0.0,0.0,0.5123800168639676,0.0,0.0,0.004133551664630322,1.0,0.0,0.0,0.0
1.454,0.0,0.0,0.5123882170771399,0.0,0.0,0.004066661507680818,1.0,0.0,0.0,0.0
1.456,0.0,0.0,0.5123962838509675,0.0,0.0,0.004000112319952931,1.0,0.0,0.0,0.0
1.458,0.0,0.0,0.5124042178659767,0.0,0.0,0.003933902689201305,1.0,0.0,0.0,0.0
1.46,0.0,0.0,0.5124120197998745,0.0,0.0,0.0038680312085753645,1.0,0.0,0.0,0.0
1.462,0.0,0.0,0.5124196903275596,0.0,0.0,0.00380249647659947,1.0,0.0,0.0,0.0
1.464,0.0,0.0,0.5124272301211333,0.0,0.0,0.0037372970971531823,1.0,0.0,0.0,0.0
1.466,0.0,0.0,0.5124346398499099,0.0,0.0,0.0036724316794515747,1.0,0.0,0.0,0.0
1.468,0.0,0.0,0.5124419201804273,0.0,0.0,0.0036078988380255955,1.0,0.0,0.0,0.0
1.47,0.0,0.0,0.512449071776458,0.0,0.0,0.0035436971927025537,1.0,0.0,0.0,0.0
1.472,0.0,0.0,0.5124560952990194,0.0,0.0,0.0034798253685866397,1.0,0.0,0.0,0.0
1.474,0.0,0.0,0.512462991406384,0.0,0.0,0.0034162819960395024,1.0,0.0,0.0,0.0
1.476,0.0,0.0,0.5124697607540907,0.0,0.0,0.003353065710660944,1.0,0.0,0.0,0.0
1.478,0.0,0.0,0.5124764039949546,0.0,0.0,0.0032901751532696307,1.0,0.0,0.0,0.0
1.48,0.0,0.0,0.5124829217790778,0.0,0.0,0.003227608969883922,1.0,0.0,0.0,0.0
1.482,0.0,0.0,0.5124893147538594,0.0,0.0,0.0031653658117027327,1.0,0.0,0.0,0.0
1.484,0.0,0.0,0.5124955835640062,0.0,0.0,0.003103444335086477,1.0,0.0,0.0,0.0
1.486,0.0,0.0,0.5125017288515428,0.0,0.0,0.0030418432015380872,1.0,0.0,0.0,0.0
1.488,0.0,0.0,0.512507751255822,0.0,0.0,0.0029805610776840914,1.0,0.0,0.0,0.0
1.49,0.0,0.0,0.512513651413535,0.0,0.0,0.0029195966352557625,1.0,0.0,0.0,0.0
1.492,0.0,0.0,0.5125194299587214,0.0,0.0,0.0028589485510703318,1.0,0.0,0.0,0.0
1.494,0.0,0.0,0.5125250875227795,0.0,0.0,0.0027986155070122876,1.0,0.0,0.0,0.0
1.496,0.0,0.0,0.5125306247344765,0.0,0.0,0.002738596190014712,1.0,0.0,0.0,0.0
1.498,0.0,0.0,0.5125360422199586,0.0,0.0,0.0026788892920407126,1.0,0.0,0.0,0.0
1.5,0.0,0.0,0.5125413406027607,0.0,0.0,0.0026194935100649,1.0,0.0,0.0,0.0
1.502,0.0,0.0,0.5125465205038168,0.0,0.0,0.0025604075460549476,1.0,0.0,0.0,0.0
1.504,0.0,0.0,0.5125515825414698,0.0,0.0,0.002501630106953205,1.0,0.0,0.0,0.0
1.506,0.0,0.0,0.5125565273314814,0.0,0.0,0.0024431599046583915,1.0,0.0,0.0,0.0
1.508,0.0,0.0,0.5125613554870421,0.0,0.0,0.002384995656007349,1.0,0.0,0.0,0.0
1.51,0.0,0.0,0.5125660676187809,0.0,0.0,0.002327136082756849,1.0,0.0,0.0,0.0
1.512,0.0,0.0,0.5125706643347752,0.0,0.0,0.002269579911565484,1.0,0.0,0.0,0.0
1.514,0.0,0.0,0.5125751462405607,0.0,0.0,0.00221232587397562,1.0,0.0,0.0,0.0
1.516,0.0,0.0,0.512579513939141,0.0,0.0,0.0021553727063954053,1.0,0.0,0.0,0.0
1.518,0.0,0.0,0.5125837680309975,0.0,0.0,0.002098719150080851,1.0,0.0,0.0,0.0
1.52,0.0,0.0,0.5125879091140987,0.0,0.0,0.0020423639511179675,1.0,0.0,0.0,0.0
1.522,0.0,0.0,0.5125919377839102,0.0,0.0,0.001986305860404987,1.0,0.0,0.0,0.0
1.524,0.0,0.0,0.5125958546334043,0.0,0.0,0.001930543633634618,1.0,0.0,0.0,0.0
1.526,0.0,0.0,0.5125996602530692,0.0,0.0,0.0018750760312764047,1.0,0.0,0.0,0.0
1.528,0.0,0.0,0.512603355230919,0.0,0.0,0.0018199018185590969,1.0,0.0,0.0,0.0
1.53,0.0,0.0,0.5126069401525031,0.0,0.0,0.0017650197654531337,1.0,0.0,0.0,0.0
1.532,0.0,0.0,0.5126104156009151,0.0,0.0,0.0017104286466531715,1.0,0.0,0.0,0.0
1.534,0.0,0.0,0.5126137821568033,0.0,0.0,0.001656127241560662,1.0,0.0,0.0,0.0
1.536,0.0,0.0,0.5126170403983792,0.0,0.0,0.0016021143342665038,1.0,0.0,0.0,0.0
1.538,0.0,0.0,0.512620190901427,0.0,0.0,0.0015483887135337691,1.0,0.0,0.0,0.0
1.54,0.0,0.0,0.5126232342393133,0.0,0.0,0.0014949491727804772,1.0,0.0,0.0,0.0
1.542,0.0,0.0,0.5126261709829961,0.0,0.0,0.0014417945100624232,1.0,0.0,0.0,0.0
1.544,0.0,0.0,0.5126290017010342,0.0,0.0,0.001388923528056094,1.0,0.0,0.0,0.0
1.546,0.0,0.0,0.5126317269595964,0.0,0.0,0.0013363350340416184,1.0,0.0,0.0,0.0
1.548,0.0,0.0,0.5126343473224703,0.0,0.0,0.001284027839885799,1.0,0.0,0.0,0.0
1.55,0.0,0.0,0.5126368633510722,0.0,0.0,0.001232000762025202,1.0,0.0,0.0,0.0
1.552,0.0,0.0,0.5126392756044557,0.0,0.0,0.001180252621449292,1.0,0.0,0.0,0.0
1.554,0.0,0.0,0.5126415846393207,0.0,0.0,0.0011287822436836527,1.0,0.0,0.0,0.0
1.556,0.0,0.0,0.5126437910100232,0.0,0.0,0.0010775884587732427,1.0,0.0,0.0,0.0
1.558,0.0,0.0,0.5126458952685833,0.0,0.0,0.0010266701012657264,1.0,0.0,0.0,0.0
1.56,0.0,0.0,0.5126478979646948,0.0,0.0,0.0009760260101948688,1.0,0.0,0.0,0.0
1.562,0.0,0.0,0.5126497996457341,0.0,0.0,0.0009256550290639864,1.0,0.0,0.0,0.0
1.564,0.0,0.0,0.512651600856769,0.0,0.0,0.0008755560058294421,1.0,0.0,0.0,0.0
1.566,0.0,0.0,0.5126533021405677,0.0,0.0,0.0008257277928842307,1.0,0.0,0.0,0.0
1.568,0.0,0.0,0.5126549040376076,0.0,0.0,0.0007761692470415873,1.0,0.0,0.0,0.0
1.57,0.0,0.0,0.5126564070860842,0.0,0.0,0.0007268792295186842,1.0,0.0,0.0,0.0
1.572,0.0,0.0,0.5126578118219196,0.0,0.0,0.0006778566059203832,1.0,0.0,0.0,0.0
1.574,0.0,0.0,0.5126591187787718,0.0,0.0,0.0006291002462230188,1.0,0.0,0.0,0.0
1.576,0.0,0.0,0.5126603284880428,0.0,0.0,0.0005806090247582858,1.0,0.0,0.0,0.0
1.578,0.0,0.0,0.5126614414788877,0.0,0.0,0.0005323818201971384,1.0,0.0,0.0,0.0
1.58,0.0,0.0,0.5126624582782234,0.0,0.0,0.0004844175155337821,1.0,0.0,0.0,0.0
1.582,0.0,0.0,0.512663379410737,0.0,0.0,0.0004367149980697006,1.0,0.0,0.0,0.0
1.584,0.0,0.0,0.5126642053988945,0.0,0.0,0.00038927315939776065,1.0,0.0,0.0,0.0
1.586,0.0,0.0,0.5126649367629492,0.0,0.0,0.00034209089538635656,1.0,0.0,0.0,0.0
1.588,0.0,0.0,0.5126655740209508,0.0,0.0,0.00029516710616362177,1.0,0.0,0.0,0.0
1.59,0.0,0.0,0.512666117688753,0.0,0.0,0.0002485006961016906,1.0,0.0,0.0,0.0
1.592,0.0,0.0,0.5126665682800229,0.0,0.0,0.00020209057380102691,1.0,0.0,0.0,0.0
1.594,0.0,0.0,0.5126669263062488,0.0,0.0,0.0001559356520748031,1.0,0.0,0.0,0.0
1.596,0.0,0.0,0.5126671922767487,0.0,0.0,0.0001100348479333283,1.0,0.0,0.0,0.0
1.598,0.0,0.0,0.5126673666986792,0.0,0.0,6.438708256854454e-05,1.0,0.0,0.0,0.0
1.6,0.0,0.0,0.5126674500770431,0.0,0.0,1.899128133858298e-05,1.0,0.0,0.0,0.0
1.602,0.0,0.0,0.5126674429146981,0.0,0.0,-2.6153626247640596e-05,1.0,0.0,0.0,0.0
1.604,0.0,0.0,0.5126673457123654,0.0,0.0,-7.104870654577354e-05,1.0,0.0,0.0,0.0
1.606,0.0,0.0,0.512667158968637,0.0,0.0,-0.00011569502179129586,1.0,0.0,0.0,0.0
1.608,0.0,0.0,0.5126668831799851,0.0,0.0,-0.00016009363011475783,1.0,0.0,0.0,0.0
1.61,0.0,0.0,0.5126665188407694,0.0,0.0,-0.00020424558555695723,1.0,0.0,0.0,0.0
1.612,0.0,0.0,0.5126660664432457,0.0,0.0,-0.00024815193808405255,1.0,0.0,0.0,0.0
1.614,0.0,0.0,0.512665526477574,0.0,0.0,-0.00029181373360263706,1.0,0.0,0.0,0.0
1.616,0.0,0.0,0.5126648994318265,0.0,0.0,-0.00033523201397474213,1.0,0.0,0.0,0.0
1.618,0.0,0.0,0.5126641857919955,0.0,0.0,-0.00037840781703279747,1.0,0.0,0.0,0.0
1.62,0.0,0.0,0.5126633860420018,0.0,0.0,-0.000421342176594535,1.0,0.0,0.0,0.0
1.622,0.0,0.0,0.5126625006637027,0.0,0.0,-0.00046403612247782836,1.0,0.0,0.0,0.0
1.624,0.0,0.0,0.5126615301368996,0.0,0.0,-0.0005064906805155077,1.0,0.0,0.0,0.0
1.6260000000000001,0.0,0.0,0.5126604749393465,0.0,0.0,-0.0005487068725700788,1.0,0.0,0.0,0.0
1.6280000000000001,0.0,0.0,0.5126593355467574,0.0,0.0,-0.0005906857165484206,1.0,0.0,0.0,0.0
1.6300000000000001,0.0,0.0,0.5126581124328143,0.0,0.0,-0.0006324282264164326,1.0,0.0,0.0,0.0
1.6320000000000001,0.0,0.0,0.5126568060691757,0.0,0.0,-0.0006739354122136015,1.0,0.0,0.0,0.0
1.6340000000000001,0.0,0.0,0.5126554169254834,0.0,0.0,-0.0007152082800675353,1.0,0.0,0.0,0.0
1.6360000000000001,0.0,0.0,0.5126539454693712,0.0,0.0,-0.0007562478322084368,1.0,0.0,0.0,0.0
1.6380000000000001,0.0,0.0,0.512652392166472,0.0,0.0,-0.0007970550669835348,1.0,0.0,0.0,0.0
1.6400000000000001,0.0,0.0,0.5126507574804261,0.0,0.0,-0.0008376309788714622,1.0,0.0,0.0,0.0
1.6420000000000001,0.0,0.0,0.5126490418728887,0.0,0.0,-0.0008779765584965554,1.0,0.0,0.0,0.0
1.6440000000000001,0.0,0.0,0.5126472458035376,0.0,0.0,-0.0009180927926431467,1.0,0.0,0.0,0.0
1.6460000000000001,0.0,0.0,0.5126453697300807,0.0,0.0,-0.0009579806642697684,1.0,0.0,0.0,0.0
1.6480000000000001,0.0,0.0,0.5126434141082639,0.0,0.0,-0.0009976411525233176,1.0,0.0,0.0,0.0
1.6500000000000001,0.0,0.0,0.5126413793918786,0.0,0.0,-0.0010370752327531847,1.0,0.0,0.0,0.0
1.6520000000000001,0.0,0.0,0.5126392660327693,0.0,0.0,-0.001076283876525298,1.0,0.0,0.0,0.0
1.6540000000000001,0.0,0.0,0.5126370744808412,0.0,0.0,-0.0011152680516361493,1.0,0.0,0.0,0.0
1.6560000000000001,0.0,0.0,0.5126348051840675,0.0,0.0,-0.0011540287221267528,1.0,0.0,0.0,0.0
1.6580000000000001,0.0,0.0,0.512632458588497,0.0,0.0,-0.001192566848296557,1.0,0.0,0.0,0.0
1.6600000000000001,0.0,0.0,0.512630035138262,0.0,0.0,-0.001230883386717305,1.0,0.0,0.0,0.0
1.6620000000000001,0.0,0.0,0.512627535275585,0.0,0.0,-0.0012689792902468462,1.0,0.0,0.0,0.0
1.6640000000000001,0.0,0.0,0.5126249594407868,0.0,0.0,-0.0013068555080428931,1.0,0.0,0.0,0.0
1.666,0.0,0.0,0.5126223080722931,0.0,0.0,-0.0013445129855767415,1.0,0.0,0.0,0.0
1.668,0.0,0.0,0.5126195816066429,0.0,0.0,-0.0013819526646469274,1.0,0.0,0.0,0.0
1.67,0.0,0.0,0.5126167804784949,0.0,0.0,-0.001419175483392834,1.0,0.0,0.0,0.0
1.672,0.0,0.0,0.5126139051206352,0.0,0.0,-0.001456182376308266,1.0,0.0,0.0,0.0
1.674,0.0,0.0,0.5126109559639846,0.0,0.0,-0.0014929742742549512,1.0,0.0,0.0,0.0
1.676,0.0,0.0,0.5126079334376059,0.0,0.0,-0.0015295521044760211,1.0,0.0,0.0,0.0
1.678,0.0,0.0,0.5126048379687108,0.0,0.0,-0.0015659167906094066,1.0,0.0,0.0,0.0
1.68,0.0,0.0,0.5126016699826675,0.0,0.0,-0.001602069252701227,1.0,0.0,0.0,0.0
1.682,0.0,0.0,0.5125984299030076,0.0,0.0,-0.0016380104072190949,1.0,0.0,0.0,0.0
1.684,0.0,0.0,0.5125951181514333,0.0,0.0,-0.0016737411670653972,1.0,0.0,0.0,0.0
1.686,0.0,0.0,0.5125917351478246,0.0,0.0,-0.0017092624415905103,1.0,0.0,0.0,0.0
1.688,0.0,0.0,0.5125882813102465,0.0,0.0,-0.0017445751366059734,1.0,0.0,0.0,0.0
1.69,0.0,0.0,0.5125847570549554,0.0,0.0,-0.001779680154397631,1.0,0.0,0.0,0.0
1.692,0.0,0.0,0.5125811627964073,0.0,0.0,-0.0018145783937386954,1.0,0.0,0.0,0.0
1.694,0.0,0.0,0.5125774989472637,0.0,0.0,-0.0018492707499027925,1.0,0.0,0.0,0.0
1.696,0.0,0.0,0.5125737659183991,0.0,0.0,-0.0018837581146769363,1.0,0.0,0.0,0.0
1.698,0.0,0.0,0.5125699641189081,0.0,0.0,-0.0019180413763744783,1.0,0.0,0.0,0.0
1.7,0.0,0.0,0.5125660939561119,0.0,0.0,-0.0019521214198479906,1.0,0.0,0.0,0.0
1.702,0.0,0.0,0.5125621558355655,0.0,0.0,-0.0019859991265021183,1.0,0.0,0.0,0.0
1.704,0.0,0.0,0.5125581501610648,0.0,0.0,-0.0020196753743063735,1.0,0.0,0.0,0.0
1.706,0.0,0.0,0.5125540773346526,0.0,0.0,-0.002053151037807886,1.0,0.0,0.0,0.0
1.708,0.0,0.0,0.5125499377566267,0.0,0.0,-0.0020864269881441153,1.0,0.0,0.0,0.0
1.71,0.0,0.0,0.5125457318255455,0.0,0.0,-0.0021195040930555038,1.0,0.0,0.0,0.0
1.712,0.0,0.0,0.5125414599382355,0.0,0.0,-0.002152383216898091,1.0,0.0,0.0,0.0
1.714,0.0,0.0,0.512537122489798,0.0,0.0,-0.0021850652206560923,1.0,0.0,0.0,0.0
1.716,0.0,0.0,0.5125327198736154,0.0,0.0,-0.0022175509619544124,1.0,0.0,0.0,0.0
1.718,0.0,0.0,0.5125282524813584,0.0,0.0,-0.0022498412950711214,1.0,0.0,0.0,0.0
1.72,0.0,0.0,0.5125237207029923,0.0,0.0,-0.0022819370709498904,1.0,0.0,0.0,0.0
1.722,0.0,0.0,0.5125191249267842,0.0,0.0,-0.002313839137212387,1.0,0.0,0.0,0.0
1.724,0.0,0.0,0.5125144655393088,0.0,0.0,-0.002345548338170598,1.0,0.0,0.0,0.0
1.726,0.0,0.0,0.5125097429254558,0.0,0.0,-0.0023770655148391525,1.0,0.0,0.0,0.0
1.728,0.0,0.0,0.512504957468436,0.0,0.0,-0.002408391504947552,1.0,0.0,0.0,0.0
1.73,0.0,0.0,0.5125001095497882,0.0,0.0,-0.002439527142952393,1.0,0.0,0.0,0.0
1.732,0.0,0.0,0.5124951995493852,0.0,0.0,-0.002470473260049523,1.0,0.0,0.0,0.0
1.734,0.0,0.0,0.512490227845441,0.0,0.0,-0.0025012306841861753,1.0,0.0,0.0,0.0
1.736,0.0,0.0,0.5124851948145167,0.0,0.0,-0.0025318002400730247,1.0,0.0,0.0,0.0
1.738,0.0,0.0,0.5124801008315274,0.0,0.0,-0.002562182749196235,1.0,0.0,0.0,0.0
1.74,0.0,0.0,0.5124749462697483,0.0,0.0,-0.002592379029829444,1.0,0.0,0.0,0.0
1.742,0.0,0.0,0.5124697315008214,0.0,0.0,-0.002622389897045717,1.0,0.0,0.0,0.0
1.744,0.0,0.0,0.5124644568947616,0.0,0.0,-0.00265221616272943,1.0,0.0,0.0,0.0
1.746,0.0,0.0,0.5124591228199633,0.0,0.0,-0.002681858635588148,1.0,0.0,0.0,0.0
1.748,0.0,0.0,0.5124537296432066,0.0,0.0,-0.0027113181211644304,1.0,0.0,0.0,0.0
1.75,0.0,0.0,0.5124482777296635,0.0,0.0,-0.0027405954218476104,1.0,0.0,0.0,0.0
1.752,0.0,0.0,0.5124427674429047,0.0,0.0,-0.0027696913368855207,1.0,0.0,0.0,0.0
1.754,0.0,0.0,0.5124371991449055,0.0,0.0,-0.0027986066623961947,1.0,0.0,0.0,0.0
1.756,0.0,0.0,0.5124315731960517,0.0,0.0,-0.0028273421913794883,1.0,0.0,0.0,0.0
1.758,0.0,0.0,0.5124258899551466,0.0,0.0,-0.002855898713728708,1.0,0.0,0.0,0.0
1.76,0.0,0.0,0.5124201497794166,0.0,0.0,-0.0028842770162421537,1.0,0.0,0.0,0.0
1.762,0.0,0.0,0.5124143530245178,0.0,0.0,-0.002912477882634649,1.0,0.0,0.0,0.0
1.764,0.0,0.0,0.5124085000445416,0.0,0.0,-0.0029405020935490233,1.0,0.0,0.0,0.0
1.766,0.0,0.0,0.5124025911920215,0.0,0.0,-0.0029683504265675346,1.0,0.0,0.0,0.0
1.768,0.0,0.0,0.5123966268179386,0.0,0.0,-0.002996023656223271,1.0,0.0,0.0,0.0
1.77,0.0,0.0,0.5123906072717284,0.0,0.0,-0.0030235225540115053,1.0,0.0,0.0,0.0
1.772,0.0,0.0,0.5123845329012859,0.0,0.0,-0.0030508478884010075,1.0,0.0,0.0,0.0
1.774,0.0,0.0,0.5123784040529727,0.0,0.0,-0.003078000424845316,1.0,0.0,0.0,0.0
1.776,0.0,0.0,0.5123722210716221,0.0,0.0,-0.003104980925793962,1.0,0.0,0.0,0.0
1.778,0.0,0.0,0.5123659843005456,0.0,0.0,-0.0031317901507036706,1.0,0.0,0.0,0.0
1.78,0.0,0.0,0.5123596940815388,0.0,0.0,-0.003158428856049495,1.0,0.0,0.0,0.0
1.782,0.0,0.0,0.5123533507548874,0.0,0.0,-0.003184897795335937,1.0,0.0,0.0,0.0
1.784,0.0,0.0,0.512346954659373,0.0,0.0,-0.003211197719108009,1.0,0.0,0.0,0.0
1.786,0.0,0.0,0.5123405061322789,0.0,0.0,-0.00323732937496227,1.0,0.0,0.0,0.0
1.788,0.0,0.0,0.5123340055093963,0.0,0.0,-0.0032632935075578066,1.0,0.0,0.0,0.0
1.79,0.0,0.0,0.5123274531250301,0.0,0.0,-0.0032890908586271747,1.0,0.0,0.0,0.0
1.792,0.0,0.0,0.5123208493120045,0.0,0.0,-0.003314722166987325,1.0,0.0,0.0,0.0
1.794,0.0,0.0,0.5123141944016689,0.0,0.0,-0.0033401881685504566,1.0,0.0,0.0,0.0
1.796,0.0,0.0,0.5123074887239041,0.0,0.0,-0.0033654895963348553,1.0,0.0,0.0,0.0
1.798,0.0,0.0,0.5123007326071273,0.0,0.0,-0.0033906271804756806,1.0,0.0,0.0,0.0
1.8,0.0,0.0,0.5122939263782985,0.0,0.0,-0.0034156016482357232,1.0,0.0,0.0,0.0
1.802,0.0,0.0,0.5122870703629263,0.0,0.0,-0.0034404137240161017,1.0,0.0,0.0,0.0
1.804,0.0,0.0,0.5122801648850729,0.0,0.0,-0.0034650641293669524,1.0,0.0,0.0,0.0
1.806,0.0,0.0,0.5122732102673605,0.0,0.0,-0.003489553582998047,1.0,0.0,0.0,0.0
1.808,0.0,0.0,0.5122662068309767,0.0,0.0,-0.003513882800789405,1.0,0.0,0.0,0.0
1.81,0.0,0.0,0.5122591548956801,0.0,0.0,-0.0035380524958018443,1.0,0.0,0.0,0.0
1.812,0.0,0.0,0.512252054779806,0.0,0.0,-0.003562063378287492,1.0,0.0,0.0,0.0
1.814,0.0,0.0,0.512244906800272,0.0,0.0,-0.0035859161557002766,1.0,0.0,0.0,0.0
1.816,0.0,0.0,0.5122377112725837,0.0,0.0,-0.0036096115327063686,1.0,0.0,0.0,0.0
1.818,0.0,0.0,0.5122304685108398,0.0,0.0,-0.0036331502111945765,1.0,0.0,0.0,0.0
1.82,0.0,0.0,0.5122231788277383,0.0,0.0,-0.003656532890286731,1.0,0.0,0.0,0.0
1.822,0.0,0.0,0.5122158425345816,0.0,0.0,-0.0036797602663479916,1.0,0.0,0.0,0.0
1.824,0.0,0.0,0.5122084599412823,0.0,0.0,-0.003702833032997156,1.0,0.0,0.0,0.0
1.826,0.0,0.0,0.5122010313563682,0.0,0.0,-0.003725751881116911,1.0,0.0,0.0,0.0
1.828,0.0,0.0,0.5121935570869882,0.0,0.0,-0.0037485174988640406,1.0,0.0,0.0,0.0
1.83,0.0,0.0,0.5121860374389177,0.0,0.0,-0.003771130571679618,1.0,0.0,0.0,0.0
1.832,0.0,0.0,0.5121784727165637,0.0,0.0,-0.0037935917822991432,1.0,0.0,0.0,0.0
1.834,0.0,0.0,0.5121708632229707,0.0,0.0,-0.0038159018107626476,1.0,0.0,0.0,0.0
1.836,0.0,0.0,0.5121632092598255,0.0,0.0,-0.003838061334424766,1.0,0.0,0.0,0.0
1.838,0.0,0.0,0.5121555111274632,0.0,0.0,-0.0038600710279647725,1.0,0.0,0.0,0.0
1.84,0.0,0.0,0.5121477691248718,0.0,0.0,-0.0038819315633965676,1.0,0.0,0.0,0.0
1.842,0.0,0.0,0.5121399835496984,0.0,0.0,-0.003903643610078651,1.0,0.0,0.0,0.0
1.844,0.0,0.0,0.5121321546982536,0.0,0.0,-0.003925207834724032,1.0,0.0,0.0,0.0
1.846,0.0,0.0,0.5121242828655175,0.0,0.0,-0.003946624901410126,1.0,0.0,0.0,0.0
1.848,0.0,0.0,0.5121163683451445,0.0,0.0,-0.00396789547158861,1.0,0.0,0.0,0.0
1.85,0.0,0.0,0.5121084114294688,0.0,0.0,-0.0039890202040952245,1.0,0.0,0.0,0.0
1.852,0.0,0.0,0.5121004124095095,0.0,0.0,-0.004009999755159564,1.0,0.0,0.0,0.0
1.854,0.0,0.0,0.512092371574976,0.0,0.0,-0.004030834778414827,1.0,0.0,0.0,0.0
1.856,0.0,0.0,0.5120842892142726,0.0,0.0,-0.004051525924907511,1.0,0.0,0.0,0.0
1.858,0.0,0.0,0.5120761656145046,0.0,0.0,-0.004072073843107105,1.0,0.0,0.0,0.0
1.86,0.0,0.0,0.5120680010614826,0.0,0.0,-0.004092479178915706,1.0,0.0,0.0,0.0
1.862,0.0,0.0,0.512059795839728,0.0,0.0,-0.004112742575677643,1.0,0.0,0.0,0.0
1.864,0.0,0.0,0.5120515502324782,0.0,0.0,-0.004132864674189036,1.0,0.0,0.0,0.0
1.866,0.0,0.0,0.5120432645216912,0.0,0.0,-0.0041528461127073365,1.0,0.0,0.0,0.0
1.868,0.0,0.0,0.5120349389880515,0.0,0.0,-0.004172687526960814,1.0,0.0,0.0,0.0
1.87,0.0,0.0,0.5120265739109744,0.0,0.0,-0.004192389550158037,1.0,0.0,0.0,0.0
1.872,0.0,0.0,0.5120181695686112,0.0,0.0,-0.0042119528129972925,1.0,0.0,0.0,0.0
1.874,0.0,0.0,0.5120097262378546,0.0,0.0,-0.00423137794367599,1.0,0.0,0.0,0.0
1.8760000000000001,0.0,0.0,0.512001244194343,0.0,0.0,-0.004250665567900021,1.0,0.0,0.0,0.0
1.8780000000000001,0.0,0.0,0.5119927237124662,0.0,0.0,-0.004269816308893083,1.0,0.0,0.0,0.0
1.8800000000000001,0.0,0.0,0.5119841650653699,0.0,0.0,-0.004288830787405977,1.0,0.0,0.0,0.0
1.8820000000000001,0.0,0.0,0.5119755685249608,0.0,0.0,-0.004307709621725869,1.0,0.0,0.0,0.0
1.8840000000000001,0.0,0.0,0.5119669343619114,0.0,0.0,-0.004326453427685514,1.0,0.0,0.0,0.0
1.8860000000000001,0.0,0.0,0.511958262845665,0.0,0.0,-0.004345062818672449,1.0,0.0,0.0,0.0
1.8880000000000001,0.0,0.0,0.5119495542444408,0.0,0.0,-0.004363538405638159,1.0,0.0,0.0,0.0
1.8900000000000001,0.0,0.0,0.5119408088252381,0.0,0.0,-0.004381880797107192,1.0,0.0,0.0,0.0
1.8920000000000001,0.0,0.0,0.5119320268538418,0.0,0.0,-0.004400090599186266,1.0,0.0,0.0,0.0
1.8940000000000001,0.0,0.0,0.511923208594827,0.0,0.0,-0.004418168415573318,1.0,0.0,0.0,0.0
1.8960000000000001,0.0,0.0,0.5119143543115638,0.0,0.0,-0.004436114847566531,1.0,0.0,0.0,0.0
1.8980000000000001,0.0,0.0,0.5119054642662222,0.0,0.0,-0.004453930494073335,1.0,0.0,0.0,0.0
1.9000000000000001,0.0,0.0,0.5118965387197765,0.0,0.0,-0.004471615951619365,1.0,0.0,0.0,0.0
1.9020000000000001,0.0,0.0,0.5118875779320105,0.0,0.0,-0.00448917181435739,1.0,0.0,0.0,0.0
1.9040000000000001,0.0,0.0,0.511878582161522,0.0,0.0,-0.004506598674076207,1.0,0.0,0.0,0.0
1.9060000000000001,0.0,0.0,0.5118695516657278,0.0,0.0,-0.004523897120209506,1.0,0.0,0.0,0.0
1.9080000000000001,0.0,0.0,0.5118604867008677,0.0,0.0,-0.004541067739844715,1.0,0.0,0.0,0.0
1.9100000000000001,0.0,0.0,0.5118513875220101,0.0,0.0,-0.0045581111177317715,1.0,0.0,0.0,0.0
1.9120000000000001,0.0,0.0,0.5118422543830561,0.0,0.0,-0.004575027836291911,1.0,0.0,0.0,0.0
1.9140000000000001,0.0,0.0,0.5118330875367442,0.0,0.0,-0.004591818475626406,1.0,0.0,0.0,0.0
1.9160000000000001,0.0,0.0,0.511823887234655,0.0,0.0,-0.004608483613525254,1.0,0.0,0.0,0.0
1.9180000000000001,0.0,0.0,0.511814653727216,0.0,0.0,-0.004625023825475852,1.0,0.0,0.0,0.0
1.92,0.0,0.0,0.5118053872637058,0.0,0.0,-0.004641439684671655,1.0,0.0,0.0,0.0
1.922,0.0,0.0,0.5117960880922592,0.0,0.0,-0.004657731762020762,1.0,0.0,0.0,0.0
1.924,0.0,0.0,0.511786756459871,0.0,0.0,-0.004673900626154501,1.0,0.0,0.0,0.0
1.926,0.0,0.0,0.5117773926124014,0.0,0.0,-0.004689946843435989,1.0,0.0,0.0,0.0
1.928,0.0,0.0,0.51176799679458,0.0,0.0,-0.0047058709779686245,1.0,0.0,0.0,0.0
1.93,0.0,0.0,0.5117585692500104,0.0,0.0,-0.004721673591604594,1.0,0.0,0.0,0.0
1.932,0.0,0.0,0.5117491102211749,0.0,0.0,-0.0047373552439533085,1.0,0.0,0.0,0.0
1.934,0.0,0.0,0.5117396199494385,0.0,0.0,-0.004752916492389835,1.0,0.0,0.0,0.0
1.936,0.0,0.0,0.511730098675054,0.0,0.0,-0.00476835789206328,1.0,0.0,0.0,0.0
1.938,0.0,0.0,0.511720546637166,0.0,0.0,-0.004783679995905169,1.0,0.0,0.0,0.0
1.94,0.0,0.0,0.5117109640738154,0.0,0.0,-0.00479888335463775,1.0,0.0,0.0,0.0
1.942,0.0,0.0,0.511701351221944,0.0,0.0,-0.004813968516782319,1.0,0.0,0.0,0.0
1.944,0.0,0.0,0.5116917083173986,0.0,0.0,-0.004828936028667483,1.0,0.0,0.0,0.0
1.946,0.0,0.0,0.5116820355949355,0.0,0.0,-0.0048437864344373855,1.0,0.0,0.0,0.0
1.948,0.0,0.0,0.511672333288225,0.0,0.0,-0.004858520276059936,1.0,0.0,0.0,0.0
1.95,0.0,0.0,0.5116626016298557,0.0,0.0,-0.004873138093334985,1.0,0.0,0.0,0.0
1.952,0.0,0.0,0.5116528408513384,0.0,0.0,-0.004887640423902462,1.0,0.0,0.0,0.0
1.954,0.0,0.0,0.5116430511831113,0.0,0.0,-0.004902027803250516,1.0,0.0,0.0,0.0
1.956,0.0,0.0,0.5116332328545433,0.0,0.0,-0.004916300764723592,1.0,0.0,0.0,0.0
1.958,0.0,0.0,0.5116233860939391,0.0,0.0,-0.004930459839530497,1.0,0.0,0.0,0.0
1.96,0.0,0.0,0.5116135111285428,0.0,0.0,-0.004944505556752433,1.0,0.0,0.0,0.0
1.962,0.0,0.0,0.5116036081845428,0.0,0.0,-0.004958438443350997,1.0,0.0,0.0,0.0
1.964,0.0,0.0,0.5115936774870752,0.0,0.0,-0.0049722590241761625,1.0,0.0,0.0,0.0
1.966,0.0,0.0,0.511583719260229,0.0,0.0,-0.004985967821974212,1.0,0.0,0.0,0.0
1.968,0.0,0.0,0.5115737337270497,0.0,0.0,-0.004999565357395658,1.0,0.0,0.0,0.0
1.97,0.0,0.0,0.5115637211095433,0.0,0.0,-0.005013052149003135,1.0,0.0,0.0,0.0
1.972,0.0,0.0,0.511553681628681,0.0,0.0,-0.005026428713279249,1.0,0.0,0.0,0.0
1.974,0.0,0.0,0.5115436155044031,0.0,0.0,-0.0050396955646344116,1.0,0.0,0.0,0.0
1.976,0.0,0.0,0.511533522955623,0.0,0.0,-0.005052853215414645,1.0,0.0,0.0,0.0
1.978,0.0,0.0,0.5115234042002317,0.0,0.0,-0.005065902175909345,1.0,0.0,0.0,0.0
1.98,0.0,0.0,0.5115132594551014,0.0,0.0,-0.005078842954359023,1.0,0.0,0.0,0.0
1.982,0.0,0.0,0.5115030889360901,0.0,0.0,-0.0050916760569630435,1.0,0.0,0.0,0.0
1.984,0.0,0.0,0.5114928928580452,0.0,0.0,-0.00510440198788728,1.0,0.0,0.0,0.0
1.986,0.0,0.0,0.5114826714348081,0.0,0.0,-0.005117021249271799,1.0,0.0,0.0,0.0
1.988,0.0,0.0,0.5114724248792175,0.0,0.0,-0.00512953434123848,1.0,0.0,0.0,0.0
1.99,0.0,0.0,0.5114621534031144,0.0,0.0,-0.005141941761898623,1.0,0.0,0.0,0.0
1.992,0.0,0.0,0.5114518572173451,0.0,0.0,-0.0051542440073605224,1.0,0.0,0.0,0.0
1.994,0.0,0.0,0.511441536531766,0.0,0.0,-0.005166441571737019,1.0,0.0,0.0,0.0
1.996,0.0,0.0,0.5114311915552472,0.0,0.0,-0.0051785349471530195,1.0,0.0,0.0,0.0
1.998,0.0,0.0,0.5114208224956763,0.0,0.0,-0.005190524623752986,1.0,0.0,0.0,0.0
2.0,0.0,0.0,0.5114104295599629,0.0,0.0,-0.005202411089708403,1.0,0.0,0.0,0.0
2.0020000000000002,0.0,0.0,0.5114000129540419,0.0,0.0,-0.005214194831225218,1.0,0.0,0.0,0.0
2.004,0.0,0.0,0.5113895728828781,0.0,0.0,-0.005225876332551252,1.0,0.0,0.0,0.0
2.0060000000000002,0.0,0.0,0.5113791095504696,0.0,0.0,-0.005237456075983587,1.0,0.0,0.0,0.0
2.008,0.0,0.0,0.5113686231598518,0.0,0.0,-0.0052489345418759254,1.0,0.0,0.0,0.0
2.0100000000000002,0.0,0.0,0.5113581139131013,0.0,0.0,-0.005260312208645907,1.0,0.0,0.0,0.0
2.012,0.0,0.0,0.5113475820113398,0.0,0.0,-0.005271589552782427,1.0,0.0,0.0,0.0
2.0140000000000002,0.0,0.0,0.5113370276547381,0.0,0.0,-0.005282767048852904,1.0,0.0,0.0,0.0
2.016,0.0,0.0,0.5113264510425197,0.0,0.0,-0.00529384516951054,1.0,0.0,0.0,0.0
2.0180000000000002,0.0,0.0,0.5113158523729647,0.0,0.0,-0.00530482438550154,1.0,0.0,0.0,0.0
2.02,0.0,0.0,0.5113052318434136,0.0,0.0,-0.005315705165672305,1.0,0.0,0.0,0.0
2.0220000000000002,0.0,0.0,0.511294589650271,0.0,0.0,-0.005326487976976611,1.0,0.0,0.0,0.0
2.024,0.0,0.0,0.5112839259890095,0.0,0.0,-0.005337173284482748,1.0,0.0,0.0,0.0
2.0260000000000002,0.0,0.0,0.5112732410541736,0.0,0.0,-0.0053477615513806455,1.0,0.0,0.0,0.0
2.028,0.0,0.0,0.5112625350393832,0.0,0.0,-0.005358253238988957,1.0,0.0,0.0,0.0
2.0300000000000002,0.0,0.0,0.5112518081373375,0.0,0.0,-0.005368648806762138,1.0,0.0,0.0,0.0
2.032,0.0,0.0,0.5112410605398184,0.0,0.0,-0.0053789487122974785,1.0,0.0,0.0,0.0
2.0340000000000003,0.0,0.0,0.5112302924376948,0.0,0.0,-0.005389153411342121,1.0,0.0,0.0,0.0
2.036,0.0,0.0,0.5112195040209256,0.0,0.0,-0.005399263357800051,1.0,0.0,0.0,0.0
2.0380000000000003,0.0,0.0,0.5112086954785641,0.0,0.0,-0.005409279003739072,1.0,0.0,0.0,0.0
2.04,0.0,0.0,0.5111978669987609,0.0,0.0,-0.005419200799397721,1.0,0.0,0.0,0.0
2.0420000000000003,0.0,0.0,0.5111870187687683,0.0,0.0,-0.005429029193192203,1.0,0.0,0.0,0.0
2.044,0.0,0.0,0.5111761509749434,0.0,0.0,-0.00543876463172327,1.0,0.0,0.0,0.0
2.0460000000000003,0.0,0.0,0.5111652638027518,0.0,0.0,-0.0054484075597830885,1.0,0.0,0.0,0.0
2.048,0.0,0.0,0.5111543574367717,0.0,0.0,-0.005457958420362071,1.0,0.0,0.0,0.0
2.05,0.0,0.0,0.5111434320606967,0.0,0.0,-0.005467417654655701,1.0,0.0,0.0,0.0
2.052,0.0,0.0,0.51113248785734,0.0,0.0,-0.005476785702071307,1.0,0.0,0.0,0.0
2.054,0.0,0.0,0.5111215250086377,0.0,0.0,-0.005486063000234832,1.0,0.0,0.0,0.0
2.056,0.0,0.0,0.5111105436956525,0.0,0.0,-0.005495249984997578,1.0,0.0,0.0,0.0
2.058,0.0,0.0,0.511099544098577,0.0,0.0,-0.005504347090442913,1.0,0.0,0.0,0.0
2.06,0.0,0.0,0.5110885263967377,0.0,0.0,-0.005513354748892959,1.0,0.0,0.0,0.0
2.062,0.0,0.0,0.511077490768598,0.0,0.0,-0.005522273390915264,1.0,0.0,0.0,0.0
2.064,0.0,0.0,0.5110664373917617,0.0,0.0,-0.005531103445329436,1.0,0.0,0.0,0.0
2.066,0.0,0.0,0.5110553664429772,0.0,0.0,-0.005539845339213764,1.0,0.0,0.0,0.0
2.068,0.0,0.0,0.5110442780981401,0.0,0.0,-0.00554849949791181,1.0,0.0,0.0,0.0
2.07,0.0,0.0,0.5110331725322972,0.0,0.0,-0.005557066345038973,1.0,0.0,0.0,0.0
2.072,0.0,0.0,0.5110220499196496,0.0,0.0,-0.005565546302489037,1.0,0.0,0.0,0.0
2.074,0.0,0.0,0.5110109104335567,0.0,0.0,-0.005573939790440683,1.0,0.0,0.0,0.0
2.076,0.0,0.0,0.5109997542465389,0.0,0.0,-0.005582247227364005,1.0,0.0,0.0,0.0
2.078,0.0,0.0,0.5109885815302815,0.0,0.0,-0.0055904690300269495,1.0,0.0,0.0,0.0
2.08,0.0,0.0,0.510977392455638,0.0,0.0,-0.0055986056135018,1.0,0.0,0.0,0.0
2.082,0.0,0.0,0.5109661871926333,0.0,0.0,-0.005606657391171578,1.0,0.0,0.0,0.0
2.084,0.0,0.0,0.5109549659104674,0.0,0.0,-0.005614624774736456,1.0,0.0,0.0,0.0
2.086,0.0,0.0,0.5109437287775185,0.0,0.0,-0.0056225081742201305,1.0,0.0,0.0,0.0
2.088,0.0,0.0,0.5109324759613463,0.0,0.0,-0.005630307997976179,1.0,0.0,0.0,0.0
2.09,0.0,0.0,0.5109212076286956,0.0,0.0,-0.005638024652694385,1.0,0.0,0.0,0.0
2.092,0.0,0.0,0.5109099239454995,0.0,0.0,-0.00564565854340706,1.0,0.0,0.0,0.0
2.094,0.0,0.0,0.5108986250768826,0.0,0.0,-0.005653210073495317,1.0,0.0,0.0,0.0
2.096,0.0,0.0,0.5108873111871644,0.0,0.0,-0.005660679644695336,1.0,0.0,0.0,0.0
2.098,0.0,0.0,0.5108759824398625,0.0,0.0,-0.005668067657104608,1.0,0.0,0.0,0.0
2.1,0.0,0.0,0.5108646389976963,0.0,0.0,-0.005675374509188139,1.0,0.0,0.0,0.0
2.102,0.0,0.0,0.5108532810225893,0.0,0.0,-0.005682600597784661,1.0,0.0,0.0,0.0
2.104,0.0,0.0,0.5108419086756734,0.0,0.0,-0.005689746318112793,1.0,0.0,0.0,0.0
2.106,0.0,0.0,0.5108305221172915,0.0,0.0,-0.005696812063777184,1.0,0.0,0.0,0.0
2.108,0.0,0.0,0.5108191215070009,0.0,0.0,-0.005703798226774655,1.0,0.0,0.0,0.0
2.11,0.0,0.0,0.5108077070035767,0.0,0.0,-0.005710705197500282,1.0,0.0,0.0,0.0
2.112,0.0,0.0,0.5107962787650144,0.0,0.0,-0.005717533364753496,1.0,0.0,0.0,0.0
2.114,0.0,0.0,0.5107848369485339,0.0,0.0,-0.005724283115744136,1.0,0.0,0.0,0.0
2.116,0.0,0.0,0.5107733817105821,0.0,0.0,-0.0057309548360984725,1.0,0.0,0.0,0.0
2.118,0.0,0.0,0.5107619132068361,0.0,0.0,-0.0057375489098652425,1.0,0.0,0.0,0.0
2.12,0.0,0.0,0.5107504315922067,0.0,0.0,-0.0057440657195216285,1.0,0.0,0.0,0.0
2.122,0.0,0.0,0.5107389370208412,0.0,0.0,-0.005750505645979235,1.0,0.0,0.0,0.0
2.124,0.0,0.0,0.5107274296461266,0.0,0.0,-0.005756869068590032,1.0,0.0,0.0,0.0
2.126,0.0,0.0,0.5107159096206929,0.0,0.0,-0.00576315636515228,1.0,0.0,0.0,0.0
2.128,0.0,0.0,0.5107043770964158,0.0,0.0,-0.005769367911916457,1.0,0.0,0.0,0.0
2.13,0.0,0.0,0.5106928322244203,0.0,0.0,-0.005775504083591112,1.0,0.0,0.0,0.0
2.132,0.0,0.0,0.5106812751550833,0.0,0.0,-0.005781565253348738,1.0,0.0,0.0,0.0
2.134,0.0,0.0,0.5106697060380372,0.0,0.0,-0.005787551792831617,1.0,0.0,0.0,0.0
2.136,0.0,0.0,0.5106581250221722,0.0,0.0,-0.005793464072157636,1.0,0.0,0.0,0.0
2.138,0.0,0.0,0.5106465322556402,0.0,0.0,-0.005799302459926089,1.0,0.0,0.0,0.0
2.14,0.0,0.0,0.510634927885857,0.0,0.0,-0.00580506732322344,1.0,0.0,0.0,0.0
2.142,0.0,0.0,0.5106233120595061,0.0,0.0,-0.005810759027629092,1.0,0.0,0.0,0.0
2.144,0.0,0.0,0.5106116849225412,0.0,0.0,-0.005816377937221119,1.0,0.0,0.0,0.0
2.146,0.0,0.0,0.5106000466201893,0.0,0.0,-0.005821924414581974,1.0,0.0,0.0,0.0
2.148,0.0,0.0,0.5105883972969539,0.0,0.0,-0.0058273988208041826,1.0,0.0,0.0,0.0
2.15,0.0,0.0,0.5105767370966177,0.0,0.0,-0.005832801515496014,1.0,0.0,0.0,0.0
2.152,0.0,0.0,0.5105650661622454,0.0,0.0,-0.005838132856787132,1.0,0.0,0.0,0.0
2.154,0.0,0.0,0.5105533846361873,0.0,0.0,-0.005843393201334225,1.0,0.0,0.0,0.0
2.156,0.0,0.0,0.5105416926600816,0.0,0.0,-0.005848582904326621,1.0,0.0,0.0,0.0
2.158,0.0,0.0,0.5105299903748578,0.0,0.0,-0.005853702319491861,1.0,0.0,0.0,0.0
2.16,0.0,0.0,0.5105182779207392,0.0,0.0,-0.005858751799101279,1.0,0.0,0.0,0.0
2.162,0.0,0.0,0.5105065554372461,0.0,0.0,-0.005863731693975547,1.0,0.0,0.0,0.0
2.164,0.0,0.0,0.5104948230631986,0.0,0.0,-0.0058686423534902,1.0,0.0,0.0,0.0
2.166,0.0,0.0,0.5104830809367196,0.0,0.0,-0.005873484125581152,1.0,0.0,0.0,0.0
2.168,0.0,0.0,0.5104713291952372,0.0,0.0,-0.00587825735675016,1.0,0.0,0.0,0.0
2.17,0.0,0.0,0.5104595679754884,0.0,0.0,-0.005882962392070321,1.0,0.0,0.0,0.0
2.172,0.0,0.0,0.5104477974135212,0.0,0.0,-0.005887599575191489,1.0,0.0,0.0,0.0
2.174,0.0,0.0,0.5104360176446977,0.0,0.0,-0.005892169248345726,1.0,0.0,0.0,0.0
2.176,0.0,0.0,0.510424228803697,0.0,0.0,-0.005896671752352694,1.0,0.0,0.0,0.0
2.178,0.0,0.0,0.510412431024518,0.0,0.0,-0.005901107426625041,1.0,0.0,0.0,0.0
2.18,0.0,0.0,0.5104006244404823,0.0,0.0,-0.00590547660917378,1.0,0.0,0.0,0.0
2.182,0.0,0.0,0.5103888091842365,0.0,0.0,-0.005909779636613619,1.0,0.0,0.0,0.0
2.184,0.0,0.0,0.5103769853877557,0.0,0.0,-0.00591401684416831,1.0,0.0,0.0,0.0
2.186,0.0,0.0,0.5103651531823459,0.0,0.0,-0.005918188565675931,1.0,0.0,0.0,0.0
2.188,0.0,0.0,0.5103533126986466,0.0,0.0,-0.005922295133594198,1.0,0.0,0.0,0.0
2.19,0.0,0.0,0.5103414640666339,0.0,0.0,-0.005926336879005722,1.0,0.0,0.0,0.0
2.192,0.0,0.0,0.5103296074156233,0.0,0.0,-0.005930314131623254,1.0,0.0,0.0,0.0
2.194,0.0,0.0,0.5103177428742719,0.0,0.0,-0.0059342272197949325,1.0,0.0,0.0,0.0
2.196,0.0,0.0,0.5103058705705816,0.0,0.0,-0.005938076470509477,1.0,0.0,0.0,0.0
2.198,0.0,0.0,0.5102939906319017,0.0,0.0,-0.005941862209401391,1.0,0.0,0.0,0.0
2.2,0.0,0.0,0.5102821031849316,0.0,0.0,-0.005945584760756132,1.0,0.0,0.0,0.0
2.202,0.0,0.0,0.5102702083557233,0.0,0.0,-0.00594924444751526,1.0,0.0,0.0,0.0
2.204,0.0,0.0,0.5102583062696845,0.0,0.0,-0.005952841591281581,1.0,0.0,0.0,0.0
2.206,0.0,0.0,0.5102463970515809,0.0,0.0,-0.005956376512324256,1.0,0.0,0.0,0.0
2.208,0.0,0.0,0.510234480825539,0.0,0.0,-0.005959849529583907,1.0,0.0,0.0,0.0
2.21,0.0,0.0,0.5102225577150488,0.0,0.0,-0.00596326096067768,1.0,0.0,0.0,0.0
2.212,0.0,0.0,0.5102106278429662,0.0,0.0,-0.005966611121904326,1.0,0.0,0.0,0.0
2.214,0.0,0.0,0.5101986913315161,0.0,0.0,-0.005969900328249225,1.0,0.0,0.0,0.0
2.216,0.0,0.0,0.5101867483022945,0.0,0.0,-0.005973128893389412,1.0,0.0,0.0,0.0
2.218,0.0,0.0,0.5101747988762714,0.0,0.0,-0.005976297129698595,1.0,0.0,0.0,0.0
2.22,0.0,0.0,0.5101628431737935,0.0,0.0,-0.0059794053482521165,1.0,0.0,0.0,0.0
2.222,0.0,0.0,0.5101508813145864,0.0,0.0,-0.00598245385883194,1.0,0.0,0.0,0.0
2.224,0.0,0.0,0.5101389134177576,0.0,0.0,-0.005985442969931603,1.0,0.0,0.0,0.0
2.226,0.0,0.0,0.5101269396017989,0.0,0.0,-0.0059883729887611195,1.0,0.0,0.0,0.0
2.228,0.0,0.0,0.5101149599845889,0.0,0.0,-0.005991244221251927,1.0,0.0,0.0,0.0
2.23,0.0,0.0,0.5101029746833956,0.0,0.0,-0.005994056972061761,1.0,0.0,0.0,0.0
2.232,0.0,0.0,0.5100909838148789,0.0,0.0,-0.005996811544579535,1.0,0.0,0.0,0.0
2.234,0.0,0.0,0.5100789874950934,0.0,0.0,-0.005999508240930206,1.0,0.0,0.0,0.0
2.236,0.0,0.0,0.5100669858394905,0.0,0.0,-0.006002147361979615,1.0,0.0,0.0,0.0
2.238,0.0,0.0,0.5100549789629212,0.0,0.0,-0.006004729207339297,1.0,0.0,0.0,0.0
2.24,0.0,0.0,0.5100429669796385,0.0,0.0,-0.006007254075371294,1.0,0.0,0.0,0.0
2.242,0.0,0.0,0.5100309500032999,0.0,0.0,-0.006009722263192953,1.0,0.0,0.0,0.0
2.244,0.0,0.0,0.51001892814697,0.0,0.0,-0.006012134066681683,1.0,0.0,0.0,0.0
2.246,0.0,0.0,0.5100069015231229,0.0,0.0,-0.006014489780479715,1.0,0.0,0.0,0.0
2.248,0.0,0.0,0.5099948702436444,0.0,0.0,-0.006016789697998832,1.0,0.0,0.0,0.0
2.25,0.0,0.0,0.509982834419835,0.0,0.0,-0.0060190341114250865,1.0,0.0,0.0,0.0
2.2520000000000002,0.0,0.0,0.5099707941624119,0.0,0.0,-0.006021223311723504,1.0,0.0,0.0,0.0
2.254,0.0,0.0,0.5099587495815116,0.0,0.0,-0.006023357588642765,1.0,0.0,0.0,0.0
2.2560000000000002,0.0,0.0,0.5099467007866922,0.0,0.0,-0.006025437230719871,1.0,0.0,0.0,0.0
2.258,0.0,0.0,0.5099346478869362,0.0,0.0,-0.00602746252528479,1.0,0.0,0.0,0.0
2.2600000000000002,0.0,0.0,0.5099225909906525,0.0,0.0,-0.006029433758465097,1.0,0.0,0.0,0.0
2.262,0.0,0.0,0.5099105302056789,0.0,0.0,-0.00603135121519058,1.0,0.0,0.0,0.0
2.2640000000000002,0.0,0.0,0.5098984656392845,0.0,0.0,-0.006033215179197829,1.0,0.0,0.0,0.0
2.266,0.0,0.0,0.5098863973981723,0.0,0.0,-0.0060350259330348354,1.0,0.0,0.0,0.0
2.2680000000000002,0.0,0.0,0.5098743255884812,0.0,0.0,-0.006036783758065544,1.0,0.0,0.0,0.0
2.27,0.0,0.0,0.5098622503157887,0.0,0.0,-0.006038488934474402,1.0,0.0,0.0,0.0
2.2720000000000002,0.0,0.0,0.5098501716851129,0.0,0.0,-0.006040141741270892,1.0,0.0,0.0,0.0
2.274,0.0,0.0,0.5098380898009154,0.0,0.0,-0.0060417424562940365,1.0,0.0,0.0,0.0
2.2760000000000002,0.0,0.0,0.5098260047671028,0.0,0.0,-0.00604329135621691,1.0,0.0,0.0,0.0
2.278,0.0,0.0,0.50981391668703,0.0,0.0,-0.0060447887165510986,1.0,0.0,0.0,0.0
2.2800000000000002,0.0,0.0,0.5098018256635019,0.0,0.0,-0.0060462348116511805,1.0,0.0,0.0,0.0
2.282,0.0,0.0,0.5097897317987755,0.0,0.0,-0.006047629914719162,1.0,0.0,0.0,0.0
2.2840000000000003,0.0,0.0,0.509777635194563,0.0,0.0,-0.006048974297808917,1.0,0.0,0.0,0.0
2.286,0.0,0.0,0.5097655359520333,0.0,0.0,-0.006050268231830598,1.0,0.0,0.0,0.0
2.2880000000000003,0.0,0.0,0.509753434171815,0.0,0.0,-0.006051511986555029,1.0,0.0,0.0,0.0
2.29,0.0,0.0,0.5097413299539978,0.0,0.0,-0.006052705830618101,1.0,0.0,0.0,0.0
2.2920000000000003,0.0,0.0,0.5097292233981356,0.0,0.0,-0.006053850031525118,1.0,0.0,0.0,0.0
2.294,0.0,0.0,0.5097171146032484,0.0,0.0,-0.006054944855655161,1.0,0.0,0.0,0.0
2.2960000000000003,0.0,0.0,0.5097050036678245,0.0,0.0,-0.006055990568265417,1.0,0.0,0.0,0.0
2.298,0.0,0.0,0.5096928906898227,0.0,0.0,-0.006056987433495503,1.0,0.0,0.0,0.0
2.3000000000000003,0.0,0.0,0.5096807757666748,0.0,0.0,-0.006057935714371755,1.0,0.0,0.0,0.0
2.302,0.0,0.0,0.5096686589952876,0.0,0.0,-0.006058835672811522,1.0,0.0,0.0,0.0
2.3040000000000003,0.0,0.0,0.5096565404720451,0.0,0.0,-0.006059687569627431,1.0,0.0,0.0,0.0
2.306,0.0,0.0,0.509644420292811,0.0,0.0,-0.006060491664531653,1.0,0.0,0.0,0.0
2.308,0.0,0.0,0.5096322985529304,0.0,0.0,-0.006061248216140128,1.0,0.0,0.0,0.0
2.31,0.0,0.0,0.5096201753472323,0.0,0.0,-0.006061957481976793,1.0,0.0,0.0,0.0
2.312,0.0,0.0,0.5096080507700318,0.0,0.0,-0.006062619718477794,1.0,0.0,0.0,0.0
2.314,0.0,0.0,0.5095959249151323,0.0,0.0,-0.006063235180995661,1.0,0.0,0.0,0.0
2.316,0.0,0.0,0.5095837978758275,0.0,0.0,-0.006063804123803514,1.0,0.0,0.0,0.0
2.318,0.0,0.0,0.5095716697449036,0.0,0.0,-0.006064326800099188,1.0,0.0,0.0,0.0
2.32,0.0,0.0,0.5095595406146415,0.0,0.0,-0.006064803462009408,1.0,0.0,0.0,0.0
2.322,0.0,0.0,0.5095474105768188,0.0,0.0,-0.006065234360593901,1.0,0.0,0.0,0.0
2.324,0.0,0.0,0.5095352797227124,0.0,0.0,-0.006065619745849524,1.0,0.0,0.0,0.0
2.326,0.0,0.0,0.5095231481430998,0.0,0.0,-0.006065959866714355,1.0,0.0,0.0,0.0
2.328,0.0,0.0,0.5095110159282621,0.0,0.0,-0.006066254971071782,1.0,0.0,0.0,0.0
2.33,0.0,0.0,0.5094988831679853,0.0,0.0,-0.00606650530575456,1.0,0.0,0.0,0.0
2.332,0.0,0.0,0.509486749951563,0.0,0.0,-0.006066711116548891,1.0,0.0,0.0,0.0
2.334,0.0,0.0,0.5094746163677982,0.0,0.0,-0.006066872648198433,1.0,0.0,0.0,0.0
2.336,0.0,0.0,0.5094624825050056,0.0,0.0,-0.00606699014440835,1.0,0.0,0.0,0.0
2.338,0.0,0.0,0.5094503484510133,0.0,0.0,-0.006067063847849311,1.0,0.0,0.0,0.0
2.34,0.0,0.0,0.5094382142931653,0.0,0.0,-0.006067094000161481,1.0,0.0,0.0,0.0
2.342,0.0,0.0,0.5094260801183231,0.0,0.0,-0.00606708084195851,1.0,0.0,0.0,0.0
2.344,0.0,0.0,0.5094139460128684,0.0,0.0,-0.006067024612831491,1.0,0.0,0.0,0.0
2.346,0.0,0.0,0.5094018120627042,0.0,0.0,-0.006066925551352912,1.0,0.0,0.0,0.0
2.348,0.0,0.0,0.5093896783532578,0.0,0.0,-0.0060667838950805965,1.0,0.0,0.0,0.0
2.35,0.0,0.0,0.5093775449694822,0.0,0.0,-0.006066599880561625,1.0,0.0,0.0,0.0
2.352,0.0,0.0,0.5093654119958583,0.0,0.0,-0.006066373743336232,1.0,0.0,0.0,0.0
2.354,0.0,0.0,0.509353279516397,0.0,0.0,-0.00606610571794171,1.0,0.0,0.0,0.0
2.356,0.0,0.0,0.5093411476146411,0.0,0.0,-0.006065796037916289,1.0,0.0,0.0,0.0
2.358,0.0,0.0,0.5093290163736673,0.0,0.0,-0.006065444935802986,1.0,0.0,0.0,0.0
2.36,0.0,0.0,0.5093168858760884,0.0,0.0,-0.006065052643153471,1.0,0.0,0.0,0.0
2.362,0.0,0.0,0.5093047562040547,0.0,0.0,-0.006064619390531891,1.0,0.0,0.0,0.0
2.364,0.0,0.0,0.5092926274392566,0.0,0.0,-0.006064145407518697,1.0,0.0,0.0,0.0
2.366,0.0,0.0,0.5092804996629264,0.0,0.0,-0.006063630922714451,1.0,0.0,0.0,0.0
2.368,0.0,0.0,0.5092683729558399,0.0,0.0,-0.006063076163743612,1.0,0.0,0.0,0.0
2.37,0.0,0.0,0.509256247398319,0.0,0.0,-0.006062481357258327,1.0,0.0,0.0,0.0
2.372,0.0,0.0,0.5092441230702328,0.0,0.0,-0.0060618467289421845,1.0,0.0,0.0,0.0
2.374,0.0,0.0,0.5092320000510003,0.0,0.0,-0.006061172503513975,1.0,0.0,0.0,0.0
2.376,0.0,0.0,0.509219878419592,0.0,0.0,-0.006060458904731422,1.0,0.0,0.0,0.0
2.378,0.0,0.0,0.5092077582545319,0.0,0.0,-0.006059706155394902,1.0,0.0,0.0,0.0
2.38,0.0,0.0,0.5091956396338991,0.0,0.0,-0.0060589144773511615,1.0,0.0,0.0,0.0
2.382,0.0,0.0,0.5091835226353303,0.0,0.0,-0.006058084091497014,1.0,0.0,0.0,0.0
2.384,0.0,0.0,0.509171407336021,0.0,0.0,-0.006057215217783016,1.0,0.0,0.0,0.0
2.386,0.0,0.0,0.509159293812728,0.0,0.0,-0.006056308075217137,1.0,0.0,0.0,0.0
2.388,0.0,0.0,0.5091471821417709,0.0,0.0,-0.006055362881868413,1.0,0.0,0.0,0.0
2.39,0.0,0.0,0.5091350723990342,0.0,0.0,-0.0060543798548705905,1.0,0.0,0.0,0.0
2.392,0.0,0.0,0.5091229646599689,0.0,0.0,-0.006053359210425762,1.0,0.0,0.0,0.0
2.394,0.0,0.0,0.5091108589995946,0.0,0.0,-0.006052301163807962,1.0,0.0,0.0,0.0
2.396,0.0,0.0,0.5090987554925015,0.0,0.0,-0.006051205929366782,1.0,0.0,0.0,0.0
2.398,0.0,0.0,0.5090866542128516,0.0,0.0,-0.006050073720530958,1.0,0.0,0.0,0.0
2.4,0.0,0.0,0.5090745552343813,0.0,0.0,-0.006048904749811936,1.0,0.0,0.0,0.0
2.402,0.0,0.0,0.5090624586304027,0.0,0.0,-0.006047699228807443,1.0,0.0,0.0,0.0
2.404,0.0,0.0,0.5090503644738057,0.0,0.0,-0.00604645736820503,1.0,0.0,0.0,0.0
2.406,0.0,0.0,0.5090382728370597,0.0,0.0,-0.006045179377785605,1.0,0.0,0.0,0.0
2.408,0.0,0.0,0.5090261837922155,0.0,0.0,-0.0060438654664269585,1.0,0.0,0.0,0.0
2.41,0.0,0.0,0.509014097410907,0.0,0.0,-0.006042515842107272,1.0,0.0,0.0,0.0
2.412,0.0,0.0,0.509002013764353,0.0,0.0,-0.006041130711908616,1.0,0.0,0.0,0.0
2.414,0.0,0.0,0.508989932923359,0.0,0.0,-0.00603971028202042,1.0,0.0,0.0,0.0
2.416,0.0,0.0,0.5089778549583193,0.0,0.0,-0.006038254757742963,1.0,0.0,0.0,0.0
2.418,0.0,0.0,0.508965779939218,0.0,0.0,-0.00603676434349081,1.0,0.0,0.0,0.0
2.42,0.0,0.0,0.5089537079356317,0.0,0.0,-0.00603523924279627,1.0,0.0,0.0,0.0
2.422,0.0,0.0,0.5089416390167305,0.0,0.0,-0.006033679658312821,1.0,0.0,0.0,0.0
2.424,0.0,0.0,0.5089295732512804,0.0,0.0,-0.006032085791818531,1.0,0.0,0.0,0.0
2.426,0.0,0.0,0.5089175107076443,0.0,0.0,-0.006030457844219466,1.0,0.0,0.0,0.0
2.428,0.0,0.0,0.5089054514537846,0.0,0.0,-0.006028796015553077,1.0,0.0,0.0,0.0
2.43,0.0,0.0,0.5088933955572641,0.0,0.0,-0.006027100504991584,1.0,0.0,0.0,0.0
2.432,0.0,0.0,0.5088813430852482,0.0,0.0,-0.006025371510845347,1.0,0.0,0.0,0.0
2.434,0.0,0.0,0.5088692941045069,0.0,0.0,-0.006023609230566216,1.0,0.0,0.0,0.0
2.436,0.0,0.0,0.5088572486814156,0.0,0.0,-0.006021813860750883,1.0,0.0,0.0,0.0
2.438,0.0,0.0,0.5088452068819577,0.0,0.0,-0.006019985597144207,1.0,0.0,0.0,0.0
2.44,0.0,0.0,0.5088331687717259,0.0,0.0,-0.006018124634642526,1.0,0.0,0.0,0.0
2.442,0.0,0.0,0.5088211344159239,0.0,0.0,-0.006016231167296973,1.0,0.0,0.0,0.0
2.444,0.0,0.0,0.5088091038793683,0.0,0.0,-0.006014305388316771,1.0,0.0,0.0,0.0
2.446,0.0,0.0,0.5087970772264899,0.0,0.0,-0.006012347490072507,1.0,0.0,0.0,0.0
2.448,0.0,0.0,0.5087850545213357,0.0,0.0,-0.006010357664099402,1.0,0.0,0.0,0.0
2.45,0.0,0.0,0.5087730358275705,0.0,0.0,-0.006008336101100579,1.0,0.0,0.0,0.0
2.452,0.0,0.0,0.5087610212084784,0.0,0.0,-0.006006282990950297,1.0,0.0,0.0,0.0
2.454,0.0,0.0,0.5087490107269648,0.0,0.0,-0.006004198522697184,1.0,0.0,0.0,0.0
2.456,0.0,0.0,0.5087370044455575,0.0,0.0,-0.006002082884567468,1.0,0.0,0.0,0.0
2.458,0.0,0.0,0.508725002426409,0.0,0.0,-0.005999936263968177,1.0,0.0,0.0,0.0
2.46,0.0,0.0,0.5087130047312974,0.0,0.0,-0.005997758847490342,1.0,0.0,0.0,0.0
2.462,0.0,0.0,0.508701011421629,0.0,0.0,-0.005995550820912176,1.0,0.0,0.0,0.0
2.464,0.0,0.0,0.508689022558439,0.0,0.0,-0.0059933123692022545,1.0,0.0,0.0,0.0
2.466,0.0,0.0,0.5086770382023932,0.0,0.0,-0.005991043676522676,1.0,0.0,0.0,0.0
2.468,0.0,0.0,0.5086650584137904,0.0,0.0,-0.0059887449262322045,1.0,0.0,0.0,0.0
2.47,0.0,0.0,0.5086530832525633,0.0,0.0,-0.005986416300889421,1.0,0.0,0.0,0.0
2.472,0.0,0.0,0.5086411127782802,0.0,0.0,-0.005984057982255834,1.0,0.0,0.0,0.0
2.474,0.0,0.0,0.5086291470501466,0.0,0.0,-0.005981670151299014,1.0,0.0,0.0,0.0
2.476,0.0,0.0,0.5086171861270071,0.0,0.0,-0.005979252988195679,1.0,0.0,0.0,0.0
2.478,0.0,0.0,0.5086052300673466,0.0,0.0,-0.005976806672334799,1.0,0.0,0.0,0.0
2.48,0.0,0.0,0.508593278929292,0.0,0.0,-0.005974331382320667,1.0,0.0,0.0,0.0
2.482,0.0,0.0,0.5085813327706137,0.0,0.0,-0.005971827295975974,1.0,0.0,0.0,0.0
2.484,0.0,0.0,0.5085693916487274,0.0,0.0,-0.005969294590344866,1.0,0.0,0.0,0.0
2.486,0.0,0.0,0.5085574556206953,0.0,0.0,-0.00596673344169599,1.0,0.0,0.0,0.0
2.488,0.0,0.0,0.5085455247432281,0.0,0.0,-0.00596414402552552,1.0,0.0,0.0,0.0
2.49,0.0,0.0,0.508533599072686,0.0,0.0,-0.005961526516560202,1.0,0.0,0.0,0.0
2.492,0.0,0.0,0.5085216786650807,0.0,0.0,-0.005958881088760339,1.0,0.0,0.0,0.0
2.494,0.0,0.0,0.5085097635760766,0.0,0.0,-0.005956207915322821,1.0,0.0,0.0,0.0
2.496,0.0,0.0,0.5084978538609926,0.0,0.0,-0.0059535071686840834,1.0,0.0,0.0,0.0
2.498,0.0,0.0,0.5084859495748033,0.0,0.0,-0.005950779020523118,1.0,0.0,0.0,0.0
2.5,0.0,0.0,0.508474050772141,0.0,0.0,-0.005948023641764414,1.0,0.0,0.0,0.0
2.5020000000000002,0.0,0.0,0.5084621575072967,0.0,0.0,-0.00594524120258093,1.0,0.0,0.0,0.0
2.504,0.0,0.0,0.5084502698342217,0.0,0.0,-0.005942431872397036,1.0,0.0,0.0,0.0
2.5060000000000002,0.0,0.0,0.5084383878065294,0.0,0.0,-0.005939595819891447,1.0,0.0,0.0,0.0
2.508,0.0,0.0,0.5084265114774965,0.0,0.0,-0.005936733213000152,1.0,0.0,0.0,0.0
2.5100000000000002,0.0,0.0,0.5084146409000646,0.0,0.0,-0.005933844218919317,1.0,0.0,0.0,0.0
2.512,0.0,0.0,0.5084027761268416,0.0,0.0,-0.005930929004108192,1.0,0.0,0.0,0.0
2.5140000000000002,0.0,0.0,0.5083909172101032,0.0,0.0,-0.005927987734292008,1.0,0.0,0.0,0.0
2.516,0.0,0.0,0.5083790642017945,0.0,0.0,-0.00592502057446485,1.0,0.0,0.0,0.0
2.5180000000000002,0.0,0.0,0.5083672171535311,0.0,0.0,-0.0059220276888925245,1.0,0.0,0.0,0.0
2.52,0.0,0.0,0.5083553761166011,0.0,0.0,-0.00591900924111543,1.0,0.0,0.0,0.0
2.5220000000000002,0.0,0.0,0.508343541141966,0.0,0.0,-0.005915965393951394,1.0,0.0,0.0,0.0
2.524,0.0,0.0,0.5083317122802625,0.0,0.0,-0.005912896309498519,1.0,0.0,0.0,0.0
2.5260000000000002,0.0,0.0,0.5083198895818039,0.0,0.0,-0.005909802149138004,1.0,0.0,0.0,0.0
2.528,0.0,0.0,0.5083080730965812,0.0,0.0,-0.0059066830735369615,1.0,0.0,0.0,0.0
2.5300000000000002,0.0,0.0,0.508296262874265,0.0,0.0,-0.005903539242651235,1.0,0.0,0.0,0.0
2.532,0.0,0.0,0.5082844589642066,0.0,0.0,-0.0059003708157281745,1.0,0.0,0.0,0.0
2.5340000000000003,0.0,0.0,0.5082726614154396,0.0,0.0,-0.005897177951309435,1.0,0.0,0.0,0.0
2.536,0.0,0.0,0.5082608702766811,0.0,0.0,-0.0058939608072337505,1.0,0.0,0.0,0.0
2.5380000000000003,0.0,0.0,0.5082490855963332,0.0,0.0,-0.005890719540639701,1.0,0.0,0.0,0.0
2.54,0.0,0.0,0.5082373074224846,0.0,0.0,-0.005887454307968458,1.0,0.0,0.0,0.0
2.5420000000000003,0.0,0.0,0.5082255358029117,0.0,0.0,-0.005884165264966534,1.0,0.0,0.0,0.0
2.544,0.0,0.0,0.5082137707850801,0.0,0.0,-0.0058808525666885145,1.0,0.0,0.0,0.0
2.5460000000000003,0.0,0.0,0.5082020124161459,0.0,0.0,-0.005877516367499791,1.0,0.0,0.0,0.0
2.548,0.0,0.0,0.5081902607429574,0.0,0.0,-0.005874156821079254,1.0,0.0,0.0,0.0
2.5500000000000003,0.0,0.0,0.5081785158120559,0.0,0.0,-0.005870774080422017,1.0,0.0,0.0,0.0
2.552,0.0,0.0,0.5081667776696775,0.0,0.0,-0.005867368297842102,1.0,0.0,0.0,0.0
2.5540000000000003,0.0,0.0,0.5081550463617547,0.0,0.0,-0.005863939624975117,1.0,0.0,0.0,0.0
2.556,0.0,0.0,0.5081433219339169,0.0,0.0,-0.005860488212780936,1.0,0.0,0.0,0.0
2.5580000000000003,0.0,0.0,0.5081316044314925,0.0,0.0,-0.0058570142115463636,1.0,0.0,0.0,0.0
2.56,0.0,0.0,0.5081198938995101,0.0,0.0,-0.00585351777088778,1.0,0.0,0.0,0.0
2.562,0.0,0.0,0.5081081903826994,0.0,0.0,-0.005849999039753793,1.0,0.0,0.0,0.0
2.564,0.0,0.0,0.5080964939254932,0.0,0.0,-0.005846458166427865,1.0,0.0,0.0,0.0
2.566,0.0,0.0,0.5080848045720282,0.0,0.0,-0.00584289529853094,1.0,0.0,0.0,0.0
2.568,0.0,0.0,0.5080731223661467,0.0,0.0,-0.005839310583024058,1.0,0.0,0.0,0.0
2.57,0.0,0.0,0.5080614473513975,0.0,0.0,-0.005835704166210955,1.0,0.0,0.0,0.0
2.572,0.0,0.0,0.5080497795710375,0.0,0.0,-0.005832076193740668,1.0,0.0,0.0,0.0
2.574,0.0,0.0,0.5080381190680331,0.0,0.0,-0.005828426810610103,1.0,0.0,0.0,0.0
2.576,0.0,0.0,0.5080264658850613,0.0,0.0,-0.005824756161166625,1.0,0.0,0.0,0.0
2.578,0.0,0.0,0.508014820064511,0.0,0.0,-0.005821064389110609,1.0,0.0,0.0,0.0
2.58,0.0,0.0,0.5080031816484845,0.0,0.0,-0.005817351637498016,1.0,0.0,0.0,0.0
2.582,0.0,0.0,0.5079915506787982,0.0,0.0,-0.00581361804874292,1.0,0.0,0.0,0.0
2.584,0.0,0.0,0.5079799271969848,0.0,0.0,-0.005809863764620046,1.0,0.0,0.0,0.0
2.586,0.0,0.0,0.507968311244294,0.0,0.0,-0.005806088926267317,1.0,0.0,0.0,0.0
2.588,0.0,0.0,0.5079567028616935,0.0,0.0,-0.005802293674188351,1.0,0.0,0.0,0.0
2.59,0.0,0.0,0.507945102089871,0.0,0.0,-0.005798478148254974,1.0,0.0,0.0,0.0
2.592,0.0,0.0,0.5079335089692351,0.0,0.0,-0.0057946424877097285,1.0,0.0,0.0,0.0
2.594,0.0,0.0,0.5079219235399162,0.0,0.0,-0.0057907868311683494,1.0,0.0,0.0,0.0
2.596,0.0,0.0,0.5079103458417684,0.0,0.0,-0.005786911316622254,1.0,0.0,0.0,0.0
2.598,0.0,0.0,0.5078987759143704,0.0,0.0,-0.005783016081441007,1.0,0.0,0.0,0.0
2.6,0.0,0.0,0.5078872137970266,0.0,0.0,-0.005779101262374796,1.0,0.0,0.0,0.0
2.602,0.0,0.0,0.5078756595287687,0.0,0.0,-0.005775166995556861,1.0,0.0,0.0,0.0
2.604,0.0,0.0,0.5078641131483567,0.0,0.0,-0.005771213416505956,1.0,0.0,0.0,0.0
2.606,0.0,0.0,0.50785257469428,0.0,0.0,-0.00576724066012878,1.0,0.0,0.0,0.0
2.608,0.0,0.0,0.5078410442047592,0.0,0.0,-0.005763248860722394,1.0,0.0,0.0,0.0
2.61,0.0,0.0,0.5078295217177464,0.0,0.0,-0.005759238151976652,1.0,0.0,0.0,0.0
2.612,0.0,0.0,0.5078180072709275,0.0,0.0,-0.005755208666976591,1.0,0.0,0.0,0.0
2.614,0.0,0.0,0.5078065009017223,0.0,0.0,-0.005751160538204841,1.0,0.0,0.0,0.0
2.616,0.0,0.0,0.5077950026472866,0.0,0.0,-0.00574709389754401,1.0,0.0,0.0,0.0
2.618,0.0,0.0,0.5077835125445128,0.0,0.0,-0.005743008876279064,1.0,0.0,0.0,0.0
2.62,0.0,0.0,0.5077720306300314,0.0,0.0,-0.0057389056050997,1.0,0.0,0.0,0.0
2.622,0.0,0.0,0.5077605569402122,0.0,0.0,-0.005734784214102704,1.0,0.0,0.0,0.0
2.624,0.0,0.0,0.5077490915111653,0.0,0.0,-0.005730644832794313,1.0,0.0,0.0,0.0
2.626,0.0,0.0,0.5077376343787424,0.0,0.0,-0.0057264875900925475,1.0,0.0,0.0,0.0
2.628,0.0,0.0,0.507726185578538,0.0,0.0,-0.005722312614329565,1.0,0.0,0.0,0.0
2.63,0.0,0.0,0.5077147451458904,0.0,0.0,-0.005718120033253965,1.0,0.0,0.0,0.0
2.632,0.0,0.0,0.5077033131158831,0.0,0.0,-0.005713909974033126,1.0,0.0,0.0,0.0
2.634,0.0,0.0,0.5076918895233459,0.0,0.0,-0.005709682563255503,1.0,0.0,0.0,0.0
2.636,0.0,0.0,0.5076804744028557,0.0,0.0,-0.005705437926932938,1.0,0.0,0.0,0.0
2.638,0.0,0.0,0.5076690677887382,0.0,0.0,-0.00570117619050295,1.0,0.0,0.0,0.0
2.64,0.0,0.0,0.5076576697150689,0.0,0.0,-0.005696897478831013,1.0,0.0,0.0,0.0
2.642,0.0,0.0,0.5076462802156738,0.0,0.0,-0.0056926019162128385,1.0,0.0,0.0,0.0
2.644,0.0,0.0,0.5076348993241312,0.0,0.0,-0.005688289626376635,1.0,0.0,0.0,0.0
2.646,0.0,0.0,0.5076235270737723,0.0,0.0,-0.005683960732485372,1.0,0.0,0.0,0.0
2.648,0.0,0.0,0.5076121634976827,0.0,0.0,-0.005679615357139033,1.0,0.0,0.0,0.0
2.65,0.0,0.0,0.5076008086287032,0.0,0.0,-0.005675253622376848,1.0,0.0,0.0,0.0
2.652,0.0,0.0,0.5075894624994312,0.0,0.0,-0.005670875649679531,1.0,0.0,0.0,0.0
2.654,0.0,0.0,0.5075781251422214,0.0,0.0,-0.0056664815599715024,1.0,0.0,0.0,0.0
2.656,0.0,0.0,0.5075667965891879,0.0,0.0,-0.005662071473623112,1.0,0.0,0.0,0.0
2.658,0.0,0.0,0.5075554768722038,0.0,0.0,-0.005657645510452846,1.0,0.0,0.0,0.0
2.66,0.0,0.0,0.5075441660229036,0.0,0.0,-0.005653203789729511,1.0,0.0,0.0,0.0
2.662,0.0,0.0,0.5075328640726837,0.0,0.0,-0.005648746430174442,1.0,0.0,0.0,0.0
2.664,0.0,0.0,0.5075215710527036,0.0,0.0,-0.005644273549963682,1.0,0.0,0.0,0.0
2.666,0.0,0.0,0.5075102869938869,0.0,0.0,-0.005639785266730162,1.0,0.0,0.0,0.0
2.668,0.0,0.0,0.5074990119269226,0.0,0.0,-0.005635281697565852,1.0,0.0,0.0,0.0
2.67,0.0,0.0,0.507487745882266,0.0,0.0,-0.005630762959023934,1.0,0.0,0.0,0.0
2.672,0.0,0.0,0.5074764888901399,0.0,0.0,-0.005626229167120948,1.0,0.0,0.0,0.0
2.674,0.0,0.0,0.5074652409805354,0.0,0.0,-0.005621680437338932,1.0,0.0,0.0,0.0
2.676,0.0,0.0,0.5074540021832133,0.0,0.0,-0.005617116884627561,1.0,0.0,0.0,0.0
2.678,0.0,0.0,0.5074427725277053,0.0,0.0,-0.005612538623406271,1.0,0.0,0.0,0.0
2.68,0.0,0.0,0.5074315520433144,0.0,0.0,-0.0056079457675663755,1.0,0.0,0.0,0.0
2.682,0.0,0.0,0.5074203407591164,0.0,0.0,-0.005603338430473182,1.0,0.0,0.0,0.0
2.684,0.0,0.0,0.5074091387039609,0.0,0.0,-0.005598716724968087,1.0,0.0,0.0,0.0
2.686,0.0,0.0,0.5073979459064726,0.0,0.0,-0.005594080763370679,1.0,0.0,0.0,0.0
2.688,0.0,0.0,0.5073867623950518,0.0,0.0,-0.00558943065748082,1.0,0.0,0.0,0.0
2.69,0.0,0.0,0.5073755881978756,0.0,0.0,-0.00558476651858072,1.0,0.0,0.0,0.0
2.692,0.0,0.0,0.5073644233428997,0.0,0.0,-0.005580088457437019,1.0,0.0,0.0,0.0
2.694,0.0,0.0,0.507353267857858,0.0,0.0,-0.0055753965843028455,1.0,0.0,0.0,0.0
2.696,0.0,0.0,0.5073421217702647,0.0,0.0,-0.005570691008919864,1.0,0.0,0.0,0.0
2.698,0.0,0.0,0.5073309851074153,0.0,0.0,-0.005565971840520335,1.0,0.0,0.0,0.0
2.7,0.0,0.0,0.5073198578963869,0.0,0.0,-0.005561239187829153,1.0,0.0,0.0,0.0
2.702,0.0,0.0,0.50730874016404,0.0,0.0,-0.005556493159065874,1.0,0.0,0.0,0.0
2.704,0.0,0.0,0.507297631937019,0.0,0.0,-0.005551733861946741,1.0,0.0,0.0,0.0
2.706,0.0,0.0,0.5072865332417534,0.0,0.0,-0.0055469614036867025,1.0,0.0,0.0,0.0
2.708,0.0,0.0,0.5072754441044588,0.0,0.0,-0.005542175891001425,1.0,0.0,0.0,0.0
2.71,0.0,0.0,0.5072643645511377,0.0,0.0,-0.005537377430109292,1.0,0.0,0.0,0.0
2.712,0.0,0.0,0.5072532946075808,0.0,0.0,-0.005532566126733397,1.0,0.0,0.0,0.0
2.714,0.0,0.0,0.507242234299368,0.0,0.0,-0.005527742086103541,1.0,0.0,0.0,0.0
2.716,0.0,0.0,0.5072311836518689,0.0,0.0,-0.005522905412958186,1.0,0.0,0.0,0.0
2.718,0.0,0.0,0.5072201426902444,0.0,0.0,-0.0055180562115464595,1.0,0.0,0.0,0.0
2.72,0.0,0.0,0.5072091114394472,0.0,0.0,-0.005513194585630104,1.0,0.0,0.0,0.0
2.722,0.0,0.0,0.5071980899242231,0.0,0.0,-0.005508320638485431,1.0,0.0,0.0,0.0
2.724,0.0,0.0,0.5071870781691117,0.0,0.0,-0.005503434472905271,1.0,0.0,0.0,0.0
2.726,0.0,0.0,0.5071760761984476,0.0,0.0,-0.005498536191200925,1.0,0.0,0.0,0.0
2.728,0.0,0.0,0.5071650840363612,0.0,0.0,-0.005493625895204095,1.0,0.0,0.0,0.0
2.73,0.0,0.0,0.5071541017067797,0.0,0.0,-0.005488703686268804,1.0,0.0,0.0,0.0
2.732,0.0,0.0,0.5071431292334281,0.0,0.0,-0.005483769665273333,1.0,0.0,0.0,0.0
2.734,0.0,0.0,0.5071321666398302,0.0,0.0,-0.005478823932622122,1.0,0.0,0.0,0.0
2.736,0.0,0.0,0.5071212139493093,0.0,0.0,-0.005473866588247675,1.0,0.0,0.0,0.0
2.738,0.0,0.0,0.5071102711849894,0.0,0.0,-0.00546889773161247,1.0,0.0,0.0,0.0
2.74,0.0,0.0,0.507099338369796,0.0,0.0,-0.005463917461710844,1.0,0.0,0.0,0.0
2.742,0.0,0.0,0.5070884155264572,0.0,0.0,-0.005458925877070873,1.0,0.0,0.0,0.0
2.744,0.0,0.0,0.5070775026775044,0.0,0.0,-0.005453923075756263,1.0,0.0,0.0,0.0
2.746,0.0,0.0,0.5070665998452732,0.0,0.0,-0.005448909155368204,1.0,0.0,0.0,0.0
2.748,0.0,0.0,0.5070557070519048,0.0,0.0,-0.0054438842130472495,1.0,0.0,0.0,0.0
2.75,0.0,0.0,0.5070448243193463,0.0,0.0,-0.005438848345475159,1.0,0.0,0.0,0.0
2.7520000000000002,0.0,0.0,0.507033951669352,0.0,0.0,-0.005433801648876761,1.0,0.0,0.0,0.0
2.754,0.0,0.0,0.507023089123484,0.0,0.0,-0.005428744219021782,1.0,0.0,0.0,0.0
2.7560000000000002,0.0,0.0,0.5070122367031138,0.0,0.0,-0.005423676151226695,1.0,0.0,0.0,0.0
2.758,0.0,0.0,0.5070013944294222,0.0,0.0,-0.0054185975403565345,1.0,0.0,0.0,0.0
2.7600000000000002,0.0,0.0,0.506990562323401,0.0,0.0,-0.005413508480826729,1.0,0.0,0.0,0.0
2.762,0.0,0.0,0.5069797404058536,0.0,0.0,-0.005408409066604912,1.0,0.0,0.0,0.0
2.7640000000000002,0.0,0.0,0.5069689286973957,0.0,0.0,-0.005403299391212732,1.0,0.0,0.0,0.0
2.766,0.0,0.0,0.5069581272184568,0.0,0.0,-0.005398179547727652,1.0,0.0,0.0,0.0
2.7680000000000002,0.0,0.0,0.5069473359892803,0.0,0.0,-0.005393049628784739,1.0,0.0,0.0,0.0
2.77,0.0,0.0,0.506936555029925,0.0,0.0,-0.005387909726578462,1.0,0.0,0.0,0.0
2.7720000000000002,0.0,0.0,0.5069257843602655,0.0,0.0,-0.0053827599328644575,1.0,0.0,0.0,0.0
2.774,0.0,0.0,0.5069150239999937,0.0,0.0,-0.005377600338961331,1.0,0.0,0.0,0.0
2.7760000000000002,0.0,0.0,0.5069042739686189,0.0,0.0,-0.005372431035752387,1.0,0.0,0.0,0.0
2.778,0.0,0.0,0.5068935342854695,0.0,0.0,-0.005367252113687423,1.0,0.0,0.0,0.0
2.7800000000000002,0.0,0.0,0.506882804969693,0.0,0.0,-0.0053620636627844664,1.0,0.0,0.0,0.0
2.782,0.0,0.0,0.5068720860402576,0.0,0.0,-0.00535686577263152,1.0,0.0,0.0,0.0
2.7840000000000003,0.0,0.0,0.5068613775159525,0.0,0.0,-0.005351658532388319,1.0,0.0,0.0,0.0
2.786,0.0,0.0,0.5068506794153893,0.0,0.0,-0.005346442030788046,1.0,0.0,0.0,0.0
2.7880000000000003,0.0,0.0,0.5068399917570023,0.0,0.0,-0.00534121635613907,1.0,0.0,0.0,0.0
2.79,0.0,0.0,0.5068293145590499,0.0,0.0,-0.0053359815963266635,1.0,0.0,0.0,0.0
2.7920000000000003,0.0,0.0,0.5068186478396147,0.0,0.0,-0.005330737838814722,1.0,0.0,0.0,0.0
2.794,0.0,0.0,0.5068079916166053,0.0,0.0,-0.005325485170647466,1.0,0.0,0.0,0.0
2.7960000000000003,0.0,0.0,0.5067973459077562,0.0,0.0,-0.0053202236784511475,1.0,0.0,0.0,0.0
2.798,0.0,0.0,0.5067867107306293,0.0,0.0,-0.005314953448435739,1.0,0.0,0.0,0.0
2.8000000000000003,0.0,0.0,0.5067760861026145,0.0,0.0,-0.005309674566396631,1.0,0.0,0.0,0.0
2.802,0.0,0.0,0.5067654720409304,0.0,0.0,-0.005304387117716307,1.0,0.0,0.0,0.0
2.8040000000000003,0.0,0.0,0.5067548685626253,0.0,0.0,-0.005299091187366028,1.0,0.0,0.0,0.0
2.806,0.0,0.0,0.506744275684578,0.0,0.0,-0.005293786859907492,1.0,0.0,0.0,0.0
2.8080000000000003,0.0,0.0,0.5067336934234986,0.0,0.0,-0.005288474219494504,1.0,0.0,0.0,0.0
2.81,0.0,0.0,0.5067231217959293,0.0,0.0,-0.0052831533498746315,1.0,0.0,0.0,0.0
2.8120000000000003,0.0,0.0,0.506712560818245,0.0,0.0,-0.0052778243343908505,1.0,0.0,0.0,0.0
2.814,0.0,0.0,0.5067020105066546,0.0,0.0,-0.005272487255983204,1.0,0.0,0.0,0.0
2.816,0.0,0.0,0.5066914708772015,0.0,0.0,-0.0052671421971904235,1.0,0.0,0.0,0.0
2.818,0.0,0.0,0.5066809419457641,0.0,0.0,-0.005261789240151575,1.0,0.0,0.0,0.0
2.82,0.0,0.0,0.5066704237280573,0.0,0.0,-0.005256428466607673,1.0,0.0,0.0,0.0
2.822,0.0,0.0,0.5066599162396328,0.0,0.0,-0.0052510599579033155,1.0,0.0,0.0,0.0
2.824,0.0,0.0,0.5066494194958799,0.0,0.0,-0.005245683794988281,1.0,0.0,0.0,0.0
2.826,0.0,0.0,0.5066389335120265,0.0,0.0,-0.005240300058419141,1.0,0.0,0.0,0.0
2.828,0.0,0.0,0.5066284583031397,0.0,0.0,-0.005234908828360872,1.0,0.0,0.0,0.0
2.83,0.0,0.0,0.5066179938841268,0.0,0.0,-0.005229510184588438,1.0,0.0,0.0,0.0
2.832,0.0,0.0,0.5066075402697356,0.0,0.0,-0.005224104206488387,1.0,0.0,0.0,0.0
2.834,0.0,0.0,0.5065970974745561,0.0,0.0,-0.005218690973060436,1.0,0.0,0.0,0.0
2.836,0.0,0.0,0.5065866655130201,0.0,0.0,-0.005213270562919035,1.0,0.0,0.0,0.0
2.838,0.0,0.0,0.5065762443994029,0.0,0.0,-0.005207843054294954,1.0,0.0,0.0,0.0
2.84,0.0,0.0,0.5065658341478235,0.0,0.0,-0.005202408525036843,1.0,0.0,0.0,0.0
2.842,0.0,0.0,0.5065554347722458,0.0,0.0,-0.00519696705261279,1.0,0.0,0.0,0.0
2.844,0.0,0.0,0.5065450462864791,0.0,0.0,-0.005191518714111875,1.0,0.0,0.0,0.0
2.846,0.0,0.0,0.5065346687041787,0.0,0.0,-0.005186063586245711,1.0,0.0,0.0,0.0
2.848,0.0,0.0,0.5065243020388471,0.0,0.0,-0.005180601745350009,1.0,0.0,0.0,0.0
2.85,0.0,0.0,0.5065139463038344,0.0,0.0,-0.005175133267386082,1.0,0.0,0.0,0.0
2.852,0.0,0.0,0.5065036015123391,0.0,0.0,-0.005169658227942402,1.0,0.0,0.0,0.0
2.854,0.0,0.0,0.5064932676774089,0.0,0.0,-0.005164176702236104,1.0,0.0,0.0,0.0
2.856,0.0,0.0,0.5064829448119416,0.0,0.0,-0.0051586887651145176,1.0,0.0,0.0,0.0
2.858,0.0,0.0,0.5064726329286854,0.0,0.0,-0.005153194491056676,1.0,0.0,0.0,0.0
2.86,0.0,0.0,0.5064623320402402,0.0,0.0,-0.005147693954174822,1.0,0.0,0.0,0.0
2.862,0.0,0.0,0.5064520421590578,0.0,0.0,-0.005142187228215908,1.0,0.0,0.0,0.0
2.864,0.0,0.0,0.5064417632974431,0.0,0.0,-0.005136674386563096,1.0,0.0,0.0,0.0
2.866,0.0,0.0,0.5064314954675543,0.0,0.0,-0.005131155502237244,1.0,0.0,0.0,0.0
2.868,0.0,0.0,0.5064212386814041,0.0,0.0,-0.005125630647898393,1.0,0.0,0.0,0.0
2.87,0.0,0.0,0.5064109929508603,0.0,0.0,-0.005120099895847235,1.0,0.0,0.0,0.0
2.872,0.0,0.0,0.5064007582876464,0.0,0.0,-0.005114563318026608,1.0,0.0,0.0,0.0
2.874,0.0,0.0,0.5063905347033424,0.0,0.0,-0.005109020986022937,1.0,0.0,0.0,0.0
2.876,0.0,0.0,0.5063803222093853,0.0,0.0,-0.005103472971067716,1.0,0.0,0.0,0.0
2.878,0.0,0.0,0.5063701208170702,0.0,0.0,-0.0050979193440389555,1.0,0.0,0.0,0.0
2.88,0.0,0.0,0.5063599305375507,0.0,0.0,-0.005092360175462636,1.0,0.0,0.0,0.0
2.882,0.0,0.0,0.5063497513818397,0.0,0.0,-0.005086795535514144,1.0,0.0,0.0,0.0
2.884,0.0,0.0,0.5063395833608102,0.0,0.0,-0.005081225494019729,1.0,0.0,0.0,0.0
2.886,0.0,0.0,0.5063294264851957,0.0,0.0,-0.005075650120457925,1.0,0.0,0.0,0.0
2.888,0.0,0.0,0.5063192807655913,0.0,0.0,-0.005070069483960977,1.0,0.0,0.0,0.0
2.89,0.0,0.0,0.506309146212454,0.0,0.0,-0.0050644836533162724,1.0,0.0,0.0,0.0
2.892,0.0,0.0,0.5062990228361037,0.0,0.0,-0.005058892696967759,1.0,0.0,0.0,0.0
2.894,0.0,0.0,0.5062889106467238,0.0,0.0,-0.00505329668301735,1.0,0.0,0.0,0.0
2.896,0.0,0.0,0.5062788096543616,0.0,0.0,-0.005047695679226339,1.0,0.0,0.0,0.0
2.898,0.0,0.0,0.5062687198689293,0.0,0.0,-0.005042089753016792,1.0,0.0,0.0,0.0
2.9,0.0,0.0,0.5062586413002048,0.0,0.0,-0.005036478971472959,1.0,0.0,0.0,0.0
2.902,0.0,0.0,0.506248573957832,0.0,0.0,-0.005030863401342646,1.0,0.0,0.0,0.0
2.904,0.0,0.0,0.5062385178513216,0.0,0.0,-0.005025243109038619,1.0,0.0,0.0,0.0
2.906,0.0,0.0,0.5062284729900519,0.0,0.0,-0.005019618160639971,1.0,0.0,0.0,0.0
2.908,0.0,0.0,0.5062184393832694,0.0,0.0,-0.0050139886218935024,1.0,0.0,0.0,0.0
2.91,0.0,0.0,0.5062084170400892,0.0,0.0,-0.005008354558215095,1.0,0.0,0.0,0.0
2.912,0.0,0.0,0.5061984059694963,0.0,0.0,-0.0050027160346910685,1.0,0.0,0.0,0.0
2.914,0.0,0.0,0.5061884061803456,0.0,0.0,-0.004997073116079544,1.0,0.0,0.0,0.0
2.916,0.0,0.0,0.5061784176813626,0.0,0.0,-0.004991425866811798,1.0,0.0,0.0,0.0
2.918,0.0,0.0,0.5061684404811448,0.0,0.0,-0.004985774350993619,1.0,0.0,0.0,0.0
2.92,0.0,0.0,0.5061584745881614,0.0,0.0,-0.004980118632406636,1.0,0.0,0.0,0.0
2.922,0.0,0.0,0.5061485200107545,0.0,0.0,-0.004974458774509671,1.0,0.0,0.0,0.0
2.924,0.0,0.0,0.5061385767571396,0.0,0.0,-0.004968794840440065,1.0,0.0,0.0,0.0
2.926,0.0,0.0,0.5061286448354061,0.0,0.0,-0.004963126893015012,1.0,0.0,0.0,0.0
2.928,0.0,0.0,0.5061187242535183,0.0,0.0,-0.004957454994732881,1.0,0.0,0.0,0.0
2.93,0.0,0.0,0.5061088150193158,0.0,0.0,-0.004951779207774535,1.0,0.0,0.0,0.0
2.932,0.0,0.0,0.506098917140514,0.0,0.0,-0.0049460995940046396,1.0,0.0,0.0,0.0
2.934,0.0,0.0,0.506089030624705,0.0,0.0,-0.004940416214972977,1.0,0.0,0.0,0.0
2.936,0.0,0.0,0.5060791554793581,0.0,0.0,-0.004934729131915745,1.0,0.0,0.0,0.0
2.938,0.0,0.0,0.5060692917118205,0.0,0.0,-0.004929038405756863,1.0,0.0,0.0,0.0
2.94,0.0,0.0,0.5060594393293176,0.0,0.0,-0.004923344097109261,1.0,0.0,0.0,0.0
2.942,0.0,0.0,0.5060495983389542,0.0,0.0,-0.004917646266276165,1.0,0.0,0.0,0.0
2.944,0.0,0.0,0.5060397687477147,0.0,0.0,-0.004911944973252385,1.0,0.0,0.0,0.0
2.946,0.0,0.0,0.5060299505624637,0.0,0.0,-0.004906240277725597,1.0,0.0,0.0,0.0
2.948,0.0,0.0,0.5060201437899469,0.0,0.0,-0.004900532239077608,1.0,0.0,0.0,0.0
2.95,0.0,0.0,0.5060103484367914,0.0,0.0,-0.0048948209163856326,1.0,0.0,0.0,0.0
2.952,0.0,0.0,0.5060005645095066,0.0,0.0,-0.004889106368423557,1.0,0.0,0.0,0.0
2.954,0.0,0.0,0.5059907920144845,0.0,0.0,-0.004883388653663192,1.0,0.0,0.0,0.0
2.956,0.0,0.0,0.5059810309580005,0.0,0.0,-0.004877667830275534,1.0,0.0,0.0,0.0
2.958,0.0,0.0,0.505971281346214,0.0,0.0,-0.0048719439561320105,1.0,0.0,0.0,0.0
2.96,0.0,0.0,0.5059615431851691,0.0,0.0,-0.004866217088805729,1.0,0.0,0.0,0.0
2.962,0.0,0.0,0.5059518164807947,0.0,0.0,-0.004860487285572716,1.0,0.0,0.0,0.0
2.964,0.0,0.0,0.5059421012389057,0.0,0.0,-0.004854754603413148,1.0,0.0,0.0,0.0
2.966,0.0,0.0,0.5059323974652032,0.0,0.0,-0.004849019099012593,1.0,0.0,0.0,0.0
2.968,0.0,0.0,0.5059227051652755,0.0,0.0,-0.004843280828763222,1.0,0.0,0.0,0.0
2.97,0.0,0.0,0.505913024344598,0.0,0.0,-0.004837539848765046,1.0,0.0,0.0,0.0
2.972,0.0,0.0,0.5059033550085343,0.0,0.0,-0.004831796214827114,1.0,0.0,0.0,0.0
2.974,0.0,0.0,0.505893697162337,0.0,0.0,-0.004826049982468748,1.0,0.0,0.0,0.0
2.976,0.0,0.0,0.5058840508111476,0.0,0.0,-0.0048203012069207305,1.0,0.0,0.0,0.0
2.978,0.0,0.0,0.5058744159599976,0.0,0.0,-0.004814549943126517,1.0,0.0,0.0,0.0
2.98,0.0,0.0,0.5058647926138087,0.0,0.0,-0.004808796245743429,1.0,0.0,0.0,0.0
2.982,0.0,0.0,0.5058551807773938,0.0,0.0,-0.0048030401691438575,1.0,0.0,0.0,0.0
2.984,0.0,0.0,0.5058455804554572,0.0,0.0,-0.004797281767416438,1.0,0.0,0.0,0.0
2.986,0.0,0.0,0.5058359916525954,0.0,0.0,-0.004791521094367247,1.0,0.0,0.0,0.0
2.988,0.0,0.0,0.5058264143732976,0.0,0.0,-0.004785758203520976,1.0,0.0,0.0,0.0
2.99,0.0,0.0,0.5058168486219459,0.0,0.0,-0.004779993148122105,1.0,0.0,0.0,0.0
2.992,0.0,0.0,0.5058072944028166,0.0,0.0,-0.0047742259811360795,1.0,0.0,0.0,0.0
2.994,0.0,0.0,0.5057977517200802,0.0,0.0,-0.004768456755250475,1.0,0.0,0.0,0.0
2.996,0.0,0.0,0.5057882205778022,0.0,0.0,-0.004762685522876153,1.0,0.0,0.0,0.0
2.998,0.0,0.0,0.5057787009799432,0.0,0.0,-0.004756912336148424,1.0,0.0,0.0,0.0
3.0,0.0,0.0,0.50576919293036,0.0,0.0,-0.004751137246928202,1.0,0.0,0.0,0.0
3.0020000000000002,0.0,0.0,0.5057596964328063,0.0,0.0,-0.004745360306803146,1.0,0.0,0.0,0.0
3.004,0.0,0.0,0.5057502114909324,0.0,0.0,-0.004739581567088812,1.0,0.0,0.0,0.0
3.0060000000000002,0.0,0.0,0.5057407381082865,0.0,0.0,-0.004733801078829792,1.0,0.0,0.0,0.0
3.008,0.0,0.0,0.5057312762883148,0.0,0.0,-0.004728018892800843,1.0,0.0,0.0,0.0
3.0100000000000002,0.0,0.0,0.5057218260343626,0.0,0.0,-0.004722235059508019,1.0,0.0,0.0,0.0
3.012,0.0,0.0,0.5057123873496738,0.0,0.0,-0.00471644962918981,1.0,0.0,0.0,0.0
3.0140000000000002,0.0,0.0,0.5057029602373928,0.0,0.0,-0.004710662651818243,1.0,0.0,0.0,0.0
3.016,0.0,0.0,0.5056935447005639,0.0,0.0,-0.004704874177100023,1.0,0.0,0.0,0.0
3.0180000000000002,0.0,0.0,0.5056841407421323,0.0,0.0,-0.004699084254477633,1.0,0.0,0.0,0.0
3.02,0.0,0.0,0.5056747483649447,0.0,0.0,-0.00469329293313044,1.0,0.0,0.0,0.0
3.0220000000000002,0.0,0.0,0.5056653675717496,0.0,0.0,-0.00468750026197581,1.0,0.0,0.0,0.0
3.024,0.0,0.0,0.5056559983651979,0.0,0.0,-0.00468170628967021,1.0,0.0,0.0,0.0
3.0260000000000002,0.0,0.0,0.5056466407478436,0.0,0.0,-0.004675911064610293,1.0,0.0,0.0,0.0
3.028,0.0,0.0,0.505637294722144,0.0,0.0,-0.004670114634934006,1.0,0.0,0.0,0.0
3.0300000000000002,0.0,0.0,0.5056279602904605,0.0,0.0,-0.00466431704852166,1.0,0.0,0.0,0.0
3.032,0.0,0.0,0.505618637455059,0.0,0.0,-0.004658518352997031,1.0,0.0,0.0,0.0
3.0340000000000003,0.0,0.0,0.5056093262181103,0.0,0.0,-0.004652718595728437,1.0,0.0,0.0,0.0
3.036,0.0,0.0,0.5056000265816907,0.0,0.0,-0.004646917823829799,1.0,0.0,0.0,0.0
3.0380000000000003,0.0,0.0,0.5055907385477827,0.0,0.0,-0.00464111608416173,1.0,0.0,0.0,0.0
3.04,0.0,0.0,0.5055814621182751,0.0,0.0,-0.0046353134233325976,1.0,0.0,0.0,0.0
3.0420000000000003,0.0,0.0,0.5055721972949642,0.0,0.0,-0.00462950988769958,1.0,0.0,0.0,0.0
3.044,0.0,0.0,0.505562944079553,0.0,0.0,-0.0046237055233697396,1.0,0.0,0.0,0.0
3.0460000000000003,0.0,0.0,0.5055537024736535,0.0,0.0,-0.00461790037620106,1.0,0.0,0.0,0.0
3.048,0.0,0.0,0.5055444724787855,0.0,0.0,-0.004612094491803514,1.0,0.0,0.0,0.0
3.0500000000000003,0.0,0.0,0.5055352540963782,0.0,0.0,-0.004606287915540104,1.0,0.0,0.0,0.0
3.052,0.0,0.0,0.5055260473277702,0.0,0.0,-0.004600480692527903,1.0,0.0,0.0,0.0
3.0540000000000003,0.0,0.0,0.50551685217421,0.0,0.0,-0.004594672867639101,1.0,0.0,0.0,0.0
3.056,0.0,0.0,0.5055076686368569,0.0,0.0,-0.0045888644855020255,1.0,0.0,0.0,0.0
3.0580000000000003,0.0,0.0,0.5054984967167809,0.0,0.0,-0.004583055590502184,1.0,0.0,0.0,0.0
3.06,0.0,0.0,0.5054893364149636,0.0,0.0,-0.004577246226783292,1.0,0.0,0.0,0.0
3.0620000000000003,0.0,0.0,0.5054801877322986,0.0,0.0,-0.004571436438248292,1.0,0.0,0.0,0.0
3.064,0.0,0.0,0.5054710506695919,0.0,0.0,-0.004565626268560379,1.0,0.0,0.0,0.0
3.0660000000000003,0.0,0.0,0.5054619252275622,0.0,0.0,-0.0045598157611440055,1.0,0.0,0.0,0.0
3.068,0.0,0.0,0.5054528114068418,0.0,0.0,-0.004554004959185896,1.0,0.0,0.0,0.0
3.0700000000000003,0.0,0.0,0.505443709207977,0.0,0.0,-0.004548193905636062,1.0,0.0,0.0,0.0
3.072,0.0,0.0,0.5054346186314281,0.0,0.0,-0.004542382643208793,1.0,0.0,0.0,0.0
3.074,0.0,0.0,0.5054255396775705,0.0,0.0,-0.00453657121438367,1.0,0.0,0.0,0.0
3.076,0.0,0.0,0.5054164723466947,0.0,0.0,-0.0045307596614065524,1.0,0.0,0.0,0.0
3.078,0.0,0.0,0.505407416639007,0.0,0.0,-0.004524948026290574,1.0,0.0,0.0,0.0
3.08,0.0,0.0,0.5053983725546299,0.0,0.0,-0.0045191363508171245,1.0,0.0,0.0,0.0
3.082,0.0,0.0,0.5053893400936026,0.0,0.0,-0.004513324676536844,1.0,0.0,0.0,0.0
3.084,0.0,0.0,0.5053803192558813,0.0,0.0,-0.004507513044770595,1.0,0.0,0.0,0.0
3.086,0.0,0.0,0.50537131004134,0.0,0.0,-0.0045017014966104415,1.0,0.0,0.0,0.0
3.088,0.0,0.0,0.5053623124497704,0.0,0.0,-0.004495890072920628,1.0,0.0,0.0,0.0
3.09,0.0,0.0,0.5053533264808832,0.0,0.0,-0.004490078814338539,1.0,0.0,0.0,0.0
3.092,0.0,0.0,0.5053443521343075,0.0,0.0,-0.004484267761275672,1.0,0.0,0.0,0.0
3.094,0.0,0.0,0.5053353894095923,0.0,0.0,-0.0044784569539185965,1.0,0.0,0.0,0.0
3.096,0.0,0.0,0.5053264383062062,0.0,0.0,-0.004472646432229909,1.0,0.0,0.0,0.0
3.098,0.0,0.0,0.5053174988235379,0.0,0.0,-0.0044668362359491925,1.0,0.0,0.0,0.0
3.1,0.0,0.0,0.5053085709608974,0.0,0.0,-0.004461026404593963,1.0,0.0,0.0,0.0
3.102,0.0,0.0,0.5052996547175154,0.0,0.0,-0.004455216977460623,1.0,0.0,0.0,0.0
3.104,0.0,0.0,0.5052907500925443,0.0,0.0,-0.004449407993625397,1.0,0.0,0.0,0.0
3.106,0.0,0.0,0.5052818570850588,0.0,0.0,-0.004443599491945272,1.0,0.0,0.0,0.0
3.108,0.0,0.0,0.5052729756940558,0.0,0.0,-0.004437791511058941,1.0,0.0,0.0,0.0
3.11,0.0,0.0,0.5052641059184554,0.0,0.0,-0.004431984089387726,1.0,0.0,0.0,0.0
3.112,0.0,0.0,0.5052552477571008,0.0,0.0,-0.004426177265136513,1.0,0.0,0.0,0.0
3.114,0.0,0.0,0.5052464012087594,0.0,0.0,-0.004420371076294672,1.0,0.0,0.0,0.0
3.116,0.0,0.0,0.5052375662721225,0.0,0.0,-0.004414565560636984,1.0,0.0,0.0,0.0
3.118,0.0,0.0,0.5052287429458061,0.0,0.0,-0.004408760755724562,1.0,0.0,0.0,0.0
3.12,0.0,0.0,0.5052199312283515,0.0,0.0,-0.004402956698905751,1.0,0.0,0.0,0.0
3.122,0.0,0.0,0.5052111311182252,0.0,0.0,-0.004397153427317055,1.0,0.0,0.0,0.0
3.124,0.0,0.0,0.50520234261382,0.0,0.0,-0.0043913509778840355,1.0,0.0,0.0,0.0
3.126,0.0,0.0,0.5051935657134549,0.0,0.0,-0.004385549387322212,1.0,0.0,0.0,0.0
3.128,0.0,0.0,0.5051848004153754,0.0,0.0,-0.004379748692137982,1.0,0.0,0.0,0.0
3.13,0.0,0.0,0.5051760467177546,0.0,0.0,-0.004373948928629487,1.0,0.0,0.0,0.0
3.132,0.0,0.0,0.5051673046186931,0.0,0.0,-0.00436815013288753,1.0,0.0,0.0,0.0
3.134,0.0,0.0,0.5051585741162194,0.0,0.0,-0.004362352340796461,1.0,0.0,0.0,0.0
3.136,0.0,0.0,0.5051498552082906,0.0,0.0,-0.004356555588035056,1.0,0.0,0.0,0.0
3.138,0.0,0.0,0.5051411478927925,0.0,0.0,-0.004350759910077406,1.0,0.0,0.0,0.0
3.14,0.0,0.0,0.5051324521675402,0.0,0.0,-0.004344965342193794,1.0,0.0,0.0,0.0
3.142,0.0,0.0,0.5051237680302786,0.0,0.0,-0.004339171919451576,1.0,0.0,0.0,0.0
3.144,0.0,0.0,0.5051150954786824,0.0,0.0,-0.004333379676716045,1.0,0.0,0.0,0.0
3.146,0.0,0.0,0.505106434510357,0.0,0.0,-0.00432758864865131,1.0,0.0,0.0,0.0
3.148,0.0,0.0,0.5050977851228386,0.0,0.0,-0.004321798869721156,1.0,0.0,0.0,0.0
3.15,0.0,0.0,0.5050891473135948,0.0,0.0,-0.0043160103741899,1.0,0.0,0.0,0.0
3.152,0.0,0.0,0.5050805210800244,0.0,0.0,-0.004310223196123274,1.0,0.0,0.0,0.0
3.154,0.0,0.0,0.5050719064194589,0.0,0.0,-0.004304437369389258,1.0,0.0,0.0,0.0
3.156,0.0,0.0,0.5050633033291618,0.0,0.0,-0.004298652927658938,1.0,0.0,0.0,0.0
3.158,0.0,0.0,0.5050547118063298,0.0,0.0,-0.0042928699044073575,1.0,0.0,0.0,0.0
3.16,0.0,0.0,0.5050461318480924,0.0,0.0,-0.004287088332914365,1.0,0.0,0.0,0.0
3.162,0.0,0.0,0.5050375634515133,0.0,0.0,-0.004281308246265457,1.0,0.0,0.0,0.0
3.164,0.0,0.0,0.5050290066135896,0.0,0.0,-0.004275529677352612,1.0,0.0,0.0,0.0
3.166,0.0,0.0,0.5050204613312534,0.0,0.0,-0.004269752658875134,1.0,0.0,0.0,0.0
3.168,0.0,0.0,0.5050119276013713,0.0,0.0,-0.004263977223340482,1.0,0.0,0.0,0.0
3.17,0.0,0.0,0.5050034054207448,0.0,0.0,-0.0042582034030650955,1.0,0.0,0.0,0.0
3.172,0.0,0.0,0.5049948947861116,0.0,0.0,-0.004252431230175229,1.0,0.0,0.0,0.0
3.174,0.0,0.0,0.5049863956941448,0.0,0.0,-0.004246660736607768,1.0,0.0,0.0,0.0
3.176,0.0,0.0,0.5049779081414542,0.0,0.0,-0.0042408919541110516,1.0,0.0,0.0,0.0
3.178,0.0,0.0,0.5049694321245858,0.0,0.0,-0.004235124914245697,1.0,0.0,0.0,0.0
3.18,0.0,0.0,0.5049609676400232,0.0,0.0,-0.004229359648385396,1.0,0.0,0.0,0.0
3.182,0.0,0.0,0.5049525146841871,0.0,0.0,-0.004223596187717745,1.0,0.0,0.0,0.0
3.184,0.0,0.0,0.5049440732534362,0.0,0.0,-0.004217834563245037,1.0,0.0,0.0,0.0
3.186,0.0,0.0,0.5049356433440672,0.0,0.0,-0.004212074805785074,1.0,0.0,0.0,0.0
3.188,0.0,0.0,0.5049272249523153,0.0,0.0,-0.004206316945971968,1.0,0.0,0.0,0.0
3.19,0.0,0.0,0.5049188180743551,0.0,0.0,-0.004200561014256932,1.0,0.0,0.0,0.0
3.192,0.0,0.0,0.5049104227062999,0.0,0.0,-0.004194807040909084,1.0,0.0,0.0,0.0
3.194,0.0,0.0,0.504902038844203,0.0,0.0,-0.00418905505601623,1.0,0.0,0.0,0.0
3.196,0.0,0.0,0.5048936664840575,0.0,0.0,-0.0041833050894856645,1.0,0.0,0.0,0.0
3.198,0.0,0.0,0.504885305621797,0.0,0.0,-0.004177557171044939,1.0,0.0,0.0,0.0
3.2,0.0,0.0,0.5048769562532958,0.0,0.0,-0.004171811330242659,1.0,0.0,0.0,0.0
3.202,0.0,0.0,0.504868618374369,0.0,0.0,-0.004166067596449257,1.0,0.0,0.0,0.0
3.204,0.0,0.0,0.5048602919807738,0.0,0.0,-0.004160325998857773,1.0,0.0,0.0,0.0
3.206,0.0,0.0,0.5048519770682084,0.0,0.0,-0.004154586566484622,1.0,0.0,0.0,0.0
3.208,0.0,0.0,0.5048436736323137,0.0,0.0,-0.004148849328170369,1.0,0.0,0.0,0.0
3.21,0.0,0.0,0.504835381668673,0.0,0.0,-0.004143114312580495,1.0,0.0,0.0,0.0
3.212,0.0,0.0,0.5048271011728123,0.0,0.0,-0.004137381548206163,1.0,0.0,0.0,0.0
3.214,0.0,0.0,0.5048188321402007,0.0,0.0,-0.004131651063364975,1.0,0.0,0.0,0.0
3.216,0.0,0.0,0.5048105745662511,0.0,0.0,-0.004125922886201737,1.0,0.0,0.0,0.0
3.218,0.0,0.0,0.5048023284463202,0.0,0.0,-0.004120197044689201,1.0,0.0,0.0,0.0
3.22,0.0,0.0,0.5047940937757089,0.0,0.0,-0.004114473566628841,1.0,0.0,0.0,0.0
3.222,0.0,0.0,0.5047858705496626,0.0,0.0,-0.00410875247965157,1.0,0.0,0.0,0.0
3.224,0.0,0.0,0.5047776587633718,0.0,0.0,-0.004103033811218518,1.0,0.0,0.0,0.0
3.226,0.0,0.0,0.504769458411972,0.0,0.0,-0.0040973175886217655,1.0,0.0,0.0,0.0
3.228,0.0,0.0,0.5047612694905443,0.0,0.0,-0.004091603838985068,1.0,0.0,0.0,0.0
3.23,0.0,0.0,0.5047530919941161,0.0,0.0,-0.004085892589264616,1.0,0.0,0.0,0.0
3.232,0.0,0.0,0.5047449259176606,0.0,0.0,-0.004080183866249764,1.0,0.0,0.0,0.0
3.234,0.0,0.0,0.5047367712560978,0.0,0.0,-0.004074477696563753,1.0,0.0,0.0,0.0
3.236,0.0,0.0,0.5047286280042946,0.0,0.0,-0.004068774106664448,1.0,0.0,0.0,0.0
3.238,0.0,0.0,0.5047204961570652,0.0,0.0,-0.0040630731228450635,1.0,0.0,0.0,0.0
3.24,0.0,0.0,0.504712375709171,0.0,0.0,-0.004057374771234886,1.0,0.0,0.0,0.0
3.242,0.0,0.0,0.504704266655322,0.0,0.0,-0.004051679077799995,1.0,0.0,0.0,0.0
3.244,0.0,0.0,0.5046961689901759,0.0,0.0,-0.004045986068343978,1.0,0.0,0.0,0.0
3.246,0.0,0.0,0.504688082708339,0.0,0.0,-0.004040295768508655,1.0,0.0,0.0,0.0
3.248,0.0,0.0,0.5046800078043667,0.0,0.0,-0.0040346082037747795,1.0,0.0,0.0,0.0
3.25,0.0,0.0,0.5046719442727635,0.0,0.0,-0.00402892339946275,1.0,0.0,0.0,0.0
3.2520000000000002,0.0,0.0,0.5046638921079833,0.0,0.0,-0.004023241380733327,1.0,0.0,0.0,0.0
3.254,0.0,0.0,0.50465585130443,0.0,0.0,-0.004017562172588319,1.0,0.0,0.0,0.0
3.2560000000000002,0.0,0.0,0.5046478218564575,0.0,0.0,-0.0040118857998713035,1.0,0.0,0.0,0.0
3.258,0.0,0.0,0.5046398037583704,0.0,0.0,-0.0040062122872683075,1.0,0.0,0.0,0.0
3.2600000000000002,0.0,0.0,0.5046317970044237,0.0,0.0,-0.00400054165930852,1.0,0.0,0.0,0.0
3.262,0.0,0.0,0.504623801588824,0.0,0.0,-0.003994873940364964,1.0,0.0,0.0,0.0
3.2640000000000002,0.0,0.0,0.504615817505729,0.0,0.0,-0.003989209154655209,1.0,0.0,0.0,0.0
3.266,0.0,0.0,0.5046078447492481,0.0,0.0,-0.003983547326242042,1.0,0.0,0.0,0.0
3.2680000000000002,0.0,0.0,0.5045998833134429,0.0,0.0,-0.003977888479034162,1.0,0.0,0.0,0.0
3.27,0.0,0.0,0.504591933192327,0.0,0.0,-0.003972232636786858,1.0,0.0,0.0,0.0
3.2720000000000002,0.0,0.0,0.5045839943798671,0.0,0.0,-0.003966579823102689,1.0,0.0,0.0,0.0
3.274,0.0,0.0,0.5045760668699826,0.0,0.0,-0.003960930061432159,1.0,0.0,0.0,0.0
3.2760000000000002,0.0,0.0,0.504568150656546,0.0,0.0,-0.0039552833750743956,1.0,0.0,0.0,0.0
3.278,0.0,0.0,0.5045602457333838,0.0,0.0,-0.003949639787177814,1.0,0.0,0.0,0.0
3.2800000000000002,0.0,0.0,0.5045523520942758,0.0,0.0,-0.003943999320740795,1.0,0.0,0.0,0.0
3.282,0.0,0.0,0.5045444697329565,0.0,0.0,-0.003938361998612345,1.0,0.0,0.0,0.0
3.2840000000000003,0.0,0.0,0.5045365986431144,0.0,0.0,-0.003932727843492754,1.0,0.0,0.0,0.0
3.286,0.0,0.0,0.504528738818393,0.0,0.0,-0.0039270968779342805,1.0,0.0,0.0,0.0
3.2880000000000003,0.0,0.0,0.5045208902523908,0.0,0.0,-0.003921469124341778,1.0,0.0,0.0,0.0
3.29,0.0,0.0,0.5045130529386614,0.0,0.0,-0.003915844604973364,1.0,0.0,0.0,0.0
3.2920000000000003,0.0,0.0,0.5045052268707145,0.0,0.0,-0.003910223341941086,1.0,0.0,0.0,0.0
3.294,0.0,0.0,0.5044974120420154,0.0,0.0,-0.003904605357211553,1.0,0.0,0.0,0.0
3.2960000000000003,0.0,0.0,0.5044896084459856,0.0,0.0,-0.0038989906726065926,1.0,0.0,0.0,0.0
3.298,0.0,0.0,0.5044818160760032,0.0,0.0,-0.0038933793098038963,1.0,0.0,0.0,0.0
3.3000000000000003,0.0,0.0,0.504474034925403,0.0,0.0,-0.0038877712903376592,1.0,0.0,0.0,0.0
3.302,0.0,0.0,0.504466264987477,0.0,0.0,-0.0038821666355992215,1.0,0.0,0.0,0.0
3.3040000000000003,0.0,0.0,0.5044585062554746,0.0,0.0,-0.003876565366837716,1.0,0.0,0.0,0.0
3.306,0.0,0.0,0.5044507587226026,0.0,0.0,-0.003870967505160677,1.0,0.0,0.0,0.0
3.3080000000000003,0.0,0.0,0.5044430223820259,0.0,0.0,-0.003865373071534708,1.0,0.0,0.0,0.0
3.31,0.0,0.0,0.5044352972268675,0.0,0.0,-0.003859782086786086,1.0,0.0,0.0,0.0
3.3120000000000003,0.0,0.0,0.5044275832502091,0.0,0.0,-0.0038541945716014,1.0,0.0,0.0,0.0
3.314,0.0,0.0,0.504419880445091,0.0,0.0,-0.0038486105465281705,1.0,0.0,0.0,0.0
3.3160000000000003,0.0,0.0,0.5044121888045126,0.0,0.0,-0.0038430300319754838,1.0,0.0,0.0,0.0
3.318,0.0,0.0,0.5044045083214324,0.0,0.0,-0.003837453048214598,1.0,0.0,0.0,0.0
3.3200000000000003,0.0,0.0,0.5043968389887687,0.0,0.0,-0.0038318796153795696,1.0,0.0,0.0,0.0
3.322,0.0,0.0,0.5043891807993999,0.0,0.0,-0.003826309753467871,1.0,0.0,0.0,0.0
3.3240000000000003,0.0,0.0,0.504381533746164,0.0,0.0,-0.0038207434823409937,1.0,0.0,0.0,0.0
3.326,0.0,0.0,0.5043738978218599,0.0,0.0,-0.003815180821725068,1.0,0.0,0.0,0.0
3.3280000000000003,0.0,0.0,0.504366273019247,0.0,0.0,-0.003809621791211469,1.0,0.0,0.0,0.0
3.33,0.0,0.0,0.5043586593310455,0.0,0.0,-0.0038040664102574192,1.0,0.0,0.0,0.0
3.332,0.0,0.0,0.5043510567499371,0.0,0.0,-0.0037985146981866003,1.0,0.0,0.0,0.0
3.334,0.0,0.0,0.5043434652685647,0.0,0.0,-0.003792966674189745,1.0,0.0,0.0,0.0
3.336,0.0,0.0,0.5043358848795332,0.0,0.0,-0.0037874223573252366,1.0,0.0,0.0,0.0
3.338,0.0,0.0,0.5043283155754094,0.0,0.0,-0.003781881766519713,1.0,0.0,0.0,0.0
3.34,0.0,0.0,0.5043207573487223,0.0,0.0,-0.0037763449205686465,1.0,0.0,0.0,0.0
3.342,0.0,0.0,0.5043132101919636,0.0,0.0,-0.0037708118381369568,1.0,0.0,0.0,0.0
3.344,0.0,0.0,0.5043056740975878,0.0,0.0,-0.0037652825377595812,1.0,0.0,0.0,0.0
3.346,0.0,0.0,0.5042981490580122,0.0,0.0,-0.003759757037842067,1.0,0.0,0.0,0.0
3.348,0.0,0.0,0.5042906350656177,0.0,0.0,-0.003754235356661162,1.0,0.0,0.0,0.0
3.35,0.0,0.0,0.5042831321127487,0.0,0.0,-0.003748717512365388,1.0,0.0,0.0,0.0
3.352,0.0,0.0,0.5042756401917133,0.0,0.0,-0.003743203522975626,1.0,0.0,0.0,0.0
3.354,0.0,0.0,0.504268159294784,0.0,0.0,-0.0037376934063856945,1.0,0.0,0.0,0.0
3.356,0.0,0.0,0.5042606894141972,0.0,0.0,-0.003732187180362924,1.0,0.0,0.0,0.0
3.358,0.0,0.0,0.5042532305421543,0.0,0.0,-0.0037266848625487296,1.0,0.0,0.0,0.0
3.36,0.0,0.0,0.5042457826708213,0.0,0.0,-0.003721186470459173,1.0,0.0,0.0,0.0
3.362,0.0,0.0,0.5042383457923294,0.0,0.0,-0.0037156920214855517,1.0,0.0,0.0,0.0
3.364,0.0,0.0,0.504230919898775,0.0,0.0,-0.003710201532894949,1.0,0.0,0.0,0.0
3.366,0.0,0.0,0.5042235049822202,0.0,0.0,-0.0037047150218307966,1.0,0.0,0.0,0.0
3.368,0.0,0.0,0.504216101034693,0.0,0.0,-0.0036992325053134497,1.0,0.0,0.0,0.0
3.37,0.0,0.0,0.5042087080481875,0.0,0.0,-0.003693754000240737,1.0,0.0,0.0,0.0
3.372,0.0,0.0,0.5042013260146638,0.0,0.0,-0.0036882795233885157,1.0,0.0,0.0,0.0
3.374,0.0,0.0,0.504193954926049,0.0,0.0,-0.003682809091411236,1.0,0.0,0.0,0.0
3.376,0.0,0.0,0.5041865947742368,0.0,0.0,-0.0036773427208424887,1.0,0.0,0.0,0.0
3.378,0.0,0.0,0.5041792455510878,0.0,0.0,-0.0036718804280955583,1.0,0.0,0.0,0.0
3.38,0.0,0.0,0.5041719072484303,0.0,0.0,-0.0036664222294639608,1.0,0.0,0.0,0.0
3.382,0.0,0.0,0.5041645798580597,0.0,0.0,-0.0036609681411220118,1.0,0.0,0.0,0.0
3.384,0.0,0.0,0.5041572633717395,0.0,0.0,-0.0036555181791253512,1.0,0.0,0.0,0.0
3.386,0.0,0.0,0.504149957781201,0.0,0.0,-0.0036500723594114883,1.0,0.0,0.0,0.0
3.388,0.0,0.0,0.5041426630781438,0.0,0.0,-0.003644630697800348,1.0,0.0,0.0,0.0
3.39,0.0,0.0,0.504135379254236,0.0,0.0,-0.0036391932099948112,1.0,0.0,0.0,0.0
3.392,0.0,0.0,0.5041281063011145,0.0,0.0,-0.003633759911581233,1.0,0.0,0.0,0.0
3.394,0.0,0.0,0.5041208442103848,0.0,0.0,-0.0036283308180300013,1.0,0.0,0.0,0.0
3.396,0.0,0.0,0.5041135929736221,0.0,0.0,-0.003622905944696047,1.0,0.0,0.0,0.0
3.398,0.0,0.0,0.5041063525823706,0.0,0.0,-0.003617485306819383,1.0,0.0,0.0,0.0
3.4,0.0,0.0,0.5040991230281442,0.0,0.0,-0.0036120689195256336,1.0,0.0,0.0,0.0
3.402,0.0,0.0,0.5040919043024268,0.0,0.0,-0.0036066567978265494,1.0,0.0,0.0,0.0
3.404,0.0,0.0,0.5040846963966723,0.0,0.0,-0.003601248956620538,1.0,0.0,0.0,0.0
3.406,0.0,0.0,0.5040774993023049,0.0,0.0,-0.0035958454106931837,1.0,0.0,0.0,0.0
3.408,0.0,0.0,0.5040703130107196,0.0,0.0,-0.003590446174717766,1.0,0.0,0.0,0.0
3.41,0.0,0.0,0.5040631375132816,0.0,0.0,-0.003585051263255775,1.0,0.0,0.0,0.0
3.412,0.0,0.0,0.5040559728013275,0.0,0.0,-0.0035796606907574293,1.0,0.0,0.0,0.0
3.414,0.0,0.0,0.5040488188661651,0.0,0.0,-0.0035742744715621774,1.0,0.0,0.0,0.0
3.416,0.0,0.0,0.5040416756990737,0.0,0.0,-0.003568892619899231,1.0,0.0,0.0,0.0
3.418,0.0,0.0,0.5040345432913038,0.0,0.0,-0.0035635151498880514,1.0,0.0,0.0,0.0
3.42,0.0,0.0,0.5040274216340784,0.0,0.0,-0.003558142075538861,1.0,0.0,0.0,0.0
3.422,0.0,0.0,0.5040203107185921,0.0,0.0,-0.0035527734107531584,1.0,0.0,0.0,0.0
3.424,0.0,0.0,0.504013210536012,0.0,0.0,-0.0035474091693242084,1.0,0.0,0.0,0.0
3.426,0.0,0.0,0.5040061210774778,0.0,0.0,-0.003542049364937544,1.0,0.0,0.0,0.0
3.428,0.0,0.0,0.5039990423341016,0.0,0.0,-0.003536694011171477,1.0,0.0,0.0,0.0
3.43,0.0,0.0,0.503991974296969,0.0,0.0,-0.0035313431214975817,1.0,0.0,0.0,0.0
3.432,0.0,0.0,0.5039849169571382,0.0,0.0,-0.0035259967092811846,1.0,0.0,0.0,0.0
3.434,0.0,0.0,0.5039778703056411,0.0,0.0,-0.003520654787781876,1.0,0.0,0.0,0.0
3.436,0.0,0.0,0.5039708343334832,0.0,0.0,-0.0035153173701539873,1.0,0.0,0.0,0.0
3.438,0.0,0.0,0.5039638090316436,0.0,0.0,-0.0035099844694470765,1.0,0.0,0.0,0.0
3.44,0.0,0.0,0.5039567943910755,0.0,0.0,-0.0035046560986064256,1.0,0.0,0.0,0.0
3.442,0.0,0.0,0.5039497904027065,0.0,0.0,-0.003499332270473517,1.0,0.0,0.0,0.0
3.444,0.0,0.0,0.5039427970574383,0.0,0.0,-0.0034940129977865204,1.0,0.0,0.0,0.0
3.446,0.0,0.0,0.5039358143461473,0.0,0.0,-0.0034886982931807684,1.0,0.0,0.0,0.0
3.448,0.0,0.0,0.5039288422596849,0.0,0.0,-0.0034833881691892477,1.0,0.0,0.0,0.0
3.45,0.0,0.0,0.5039218807888775,0.0,0.0,-0.0034780826382430595,1.0,0.0,0.0,0.0
3.452,0.0,0.0,0.5039149299245266,0.0,0.0,-0.0034727817126719036,1.0,0.0,0.0,0.0
3.454,0.0,0.0,0.5039079896574092,0.0,0.0,-0.0034674854047045474,1.0,0.0,0.0,0.0
3.456,0.0,0.0,0.503901059978278,0.0,0.0,-0.003462193726469302,1.0,0.0,0.0,0.0
3.458,0.0,0.0,0.5038941408778616,0.0,0.0,-0.003456906689994494,1.0,0.0,0.0,0.0
3.46,0.0,0.0,0.5038872323468644,0.0,0.0,-0.003451624307208924,1.0,0.0,0.0,0.0
3.462,0.0,0.0,0.5038803343759672,0.0,0.0,-0.00344634658994233,1.0,0.0,0.0,0.0
3.464,0.0,0.0,0.5038734469558274,0.0,0.0,-0.003441073549925868,1.0,0.0,0.0,0.0
3.466,0.0,0.0,0.5038665700770787,0.0,0.0,-0.0034358051987925546,1.0,0.0,0.0,0.0
3.468,0.0,0.0,0.5038597037303318,0.0,0.0,-0.003430541548077738,1.0,0.0,0.0,0.0
3.47,0.0,0.0,0.5038528479061746,0.0,0.0,-0.0034252826092195546,1.0,0.0,0.0,0.0
3.472,0.0,0.0,0.5038460025951718,0.0,0.0,-0.003420028393559385,1.0,0.0,0.0,0.0
3.474,0.0,0.0,0.5038391677878659,0.0,0.0,-0.0034147789123423,1.0,0.0,0.0,0.0
3.476,0.0,0.0,0.5038323434747768,0.0,0.0,-0.0034095341767175287,1.0,0.0,0.0,0.0
3.478,0.0,0.0,0.5038255296464024,0.0,0.0,-0.0034042941977388995,1.0,0.0,0.0,0.0
3.48,0.0,0.0,0.5038187262932182,0.0,0.0,-0.0033990589863652867,1.0,0.0,0.0,0.0
3.482,0.0,0.0,0.5038119334056784,0.0,0.0,-0.003393828553461063,1.0,0.0,0.0,0.0
3.484,0.0,0.0,0.5038051509742152,0.0,0.0,-0.003388602909796547,1.0,0.0,0.0,0.0
3.486,0.0,0.0,0.5037983789892393,0.0,0.0,-0.0033833820660484374,1.0,0.0,0.0,0.0
3.488,0.0,0.0,0.5037916174411404,0.0,0.0,-0.0033781660328002627,1.0,0.0,0.0,0.0
3.49,0.0,0.0,0.5037848663202871,0.0,0.0,-0.0033729548205428234,1.0,0.0,0.0,0.0
3.492,0.0,0.0,0.5037781256170268,0.0,0.0,-0.0033677484396746177,1.0,0.0,0.0,0.0
3.494,0.0,0.0,0.5037713953216867,0.0,0.0,-0.0033625469005022918,1.0,0.0,0.0,0.0
3.496,0.0,0.0,0.5037646754245729,0.0,0.0,-0.003357350213241066,1.0,0.0,0.0,0.0
3.498,0.0,0.0,0.5037579659159717,0.0,0.0,-0.0033521583880151695,1.0,0.0,0.0,0.0
3.5,0.0,0.0,0.5037512667861488,0.0,0.0,-0.0033469714348582755,1.0,0.0,0.0,0.0
3.5020000000000002,0.0,0.0,0.5037445780253502,0.0,0.0,-0.0033417893637139214,1.0,0.0,0.0,0.0
3.504,0.0,0.0,0.5037378996238021,0.0,0.0,-0.0033366121844359497,1.0,0.0,0.0,0.0
3.5060000000000002,0.0,0.0,0.5037312315717108,0.0,0.0,-0.0033314399067889224,1.0,0.0,0.0,0.0
3.508,0.0,0.0,0.5037245738592636,0.0,0.0,-0.0033262725404485526,1.0,0.0,0.0,0.0
3.5100000000000002,0.0,0.0,0.5037179264766282,0.0,0.0,-0.0033211100950021185,1.0,0.0,0.0,0.0
3.512,0.0,0.0,0.5037112894139533,0.0,0.0,-0.003315952579948895,1.0,0.0,0.0,0.0
3.5140000000000002,0.0,0.0,0.5037046626613686,0.0,0.0,-0.0033108000047005672,1.0,0.0,0.0,0.0
3.516,0.0,0.0,0.5036980462089853,0.0,0.0,-0.003305652378581648,1.0,0.0,0.0,0.0
3.5180000000000002,0.0,0.0,0.5036914400468959,0.0,0.0,-0.003300509710829889,1.0,0.0,0.0,0.0
3.52,0.0,0.0,0.5036848441651745,0.0,0.0,-0.003295372010596704,1.0,0.0,0.0,0.0
3.5220000000000002,0.0,0.0,0.5036782585538769,0.0,0.0,-0.003290239286947578,1.0,0.0,0.0,0.0
3.524,0.0,0.0,0.5036716832030411,0.0,0.0,-0.003285111548862474,1.0,0.0,0.0,0.0
3.5260000000000002,0.0,0.0,0.503665118102687,0.0,0.0,-0.0032799888052362468,1.0,0.0,0.0,0.0
3.528,0.0,0.0,0.5036585632428169,0.0,0.0,-0.0032748710648790504,1.0,0.0,0.0,0.0
3.5300000000000002,0.0,0.0,0.5036520186134155,0.0,0.0,-0.0032697583365167374,1.0,0.0,0.0,0.0
3.532,0.0,0.0,0.5036454842044502,0.0,0.0,-0.0032646506287912656,1.0,0.0,0.0,0.0
3.5340000000000003,0.0,0.0,0.5036389600058712,0.0,0.0,-0.0032595479502611118,1.0,0.0,0.0,0.0
3.536,0.0,0.0,0.5036324460076115,0.0,0.0,-0.0032544503094016548,1.0,0.0,0.0,0.0
3.5380000000000003,0.0,0.0,0.5036259421995875,0.0,0.0,-0.0032493577146055835,1.0,0.0,0.0,0.0
3.54,0.0,0.0,0.5036194485716987,0.0,0.0,-0.0032442701741832993,1.0,0.0,0.0,0.0
3.5420000000000003,0.0,0.0,0.5036129651138281,0.0,0.0,-0.0032391876963633027,1.0,0.0,0.0,0.0
3.544,0.0,0.0,0.5036064918158425,0.0,0.0,-0.0032341102892925913,1.0,0.0,0.0,0.0
3.5460000000000003,0.0,0.0,0.5036000286675921,0.0,0.0,-0.0032290379610370548,1.0,0.0,0.0,0.0
3.548,0.0,0.0,0.5035935756589115,0.0,0.0,-0.0032239707195818677,1.0,0.0,0.0,0.0
3.5500000000000003,0.0,0.0,0.5035871327796191,0.0,0.0,-0.0032189085728318682,1.0,0.0,0.0,0.0
3.552,0.0,0.0,0.5035807000195176,0.0,0.0,-0.003213851528611958,1.0,0.0,0.0,0.0
3.5540000000000003,0.0,0.0,0.5035742773683943,0.0,0.0,-0.0032087995946674754,1.0,0.0,0.0,0.0
3.556,0.0,0.0,0.503567864816021,0.0,0.0,-0.003203752778664605,1.0,0.0,0.0,0.0
3.5580000000000003,0.0,0.0,0.5035614623521542,0.0,0.0,-0.003198711088190738,1.0,0.0,0.0,0.0
3.56,0.0,0.0,0.5035550699665352,0.0,0.0,-0.0031936745307548516,1.0,0.0,0.0,0.0
3.5620000000000003,0.0,0.0,0.5035486876488907,0.0,0.0,-0.003188643113787912,1.0,0.0,0.0,0.0
3.564,0.0,0.0,0.5035423153889322,0.0,0.0,-0.003183616844643233,1.0,0.0,0.0,0.0
3.5660000000000003,0.0,0.0,0.503535953176357,0.0,0.0,-0.003178595730596858,1.0,0.0,0.0,0.0
3.568,0.0,0.0,0.5035296010008475,0.0,0.0,-0.003173579778847938,1.0,0.0,0.0,0.0
3.5700000000000003,0.0,0.0,0.5035232588520722,0.0,0.0,-0.003168568996519103,1.0,0.0,0.0,0.0
3.572,0.0,0.0,0.503516926719685,0.0,0.0,-0.0031635633906568444,1.0,0.0,0.0,0.0
3.5740000000000003,0.0,0.0,0.5035106045933261,0.0,0.0,-0.003158562968231867,1.0,0.0,0.0,0.0
3.576,0.0,0.0,0.5035042924626217,0.0,0.0,-0.0031535677361394796,1.0,0.0,0.0,0.0
3.5780000000000003,0.0,0.0,0.5034979903171845,0.0,0.0,-0.003148577701199941,1.0,0.0,0.0,0.0
3.58,0.0,0.0,0.5034916981466131,0.0,0.0,-0.003143592870158849,1.0,0.0,0.0,0.0
3.5820000000000003,0.0,0.0,0.5034854159404932,0.0,0.0,-0.0031386132496874853,1.0,0.0,0.0,0.0
3.584,0.0,0.0,0.5034791436883972,0.0,0.0,-0.00313363884638319,1.0,0.0,0.0,0.0
3.586,0.0,0.0,0.503472881379884,0.0,0.0,-0.0031286696667697255,1.0,0.0,0.0,0.0
3.588,0.0,0.0,0.5034666290044999,0.0,0.0,-0.0031237057172976298,1.0,0.0,0.0,0.0
3.59,0.0,0.0,0.5034603865517783,0.0,0.0,-0.0031187470043445853,1.0,0.0,0.0,0.0
3.592,0.0,0.0,0.5034541540112397,0.0,0.0,-0.0031137935342157564,1.0,0.0,0.0,0.0
3.594,0.0,0.0,0.5034479313723924,0.0,0.0,-0.0031088453131441697,1.0,0.0,0.0,0.0
3.596,0.0,0.0,0.503441718624732,0.0,0.0,-0.0031039023472910553,1.0,0.0,0.0,0.0
3.598,0.0,0.0,0.5034355157577419,0.0,0.0,-0.0030989646427462044,1.0,0.0,0.0,0.0
3.6,0.0,0.0,0.5034293227608937,0.0,0.0,-0.0030940322055283123,1.0,0.0,0.0,0.0
3.602,0.0,0.0,0.5034231396236466,0.0,0.0,-0.0030891050415853424,1.0,0.0,0.0,0.0
3.604,0.0,0.0,0.5034169663354482,0.0,0.0,-0.003084183156794869,1.0,0.0,0.0,0.0
3.606,0.0,0.0,0.5034108028857345,0.0,0.0,-0.003079266556964421,1.0,0.0,0.0,0.0
3.608,0.0,0.0,0.5034046492639297,0.0,0.0,-0.0030743552478318297,1.0,0.0,0.0,0.0
3.61,0.0,0.0,0.5033985054594468,0.0,0.0,-0.0030694492350655774,1.0,0.0,0.0,0.0
3.612,0.0,0.0,0.5033923714616875,0.0,0.0,-0.0030645485242651355,1.0,0.0,0.0,0.0
3.614,0.0,0.0,0.5033862472600422,0.0,0.0,-0.003059653120961312,1.0,0.0,0.0,0.0
3.616,0.0,0.0,0.5033801328438906,0.0,0.0,-0.0030547630306165885,1.0,0.0,0.0,0.0
3.618,0.0,0.0,0.5033740282026014,0.0,0.0,-0.0030498782586254555,1.0,0.0,0.0,0.0
3.62,0.0,0.0,0.5033679333255324,0.0,0.0,-0.003044998810314756,1.0,0.0,0.0,0.0
3.622,0.0,0.0,0.5033618482020311,0.0,0.0,-0.0030401246909440194,1.0,0.0,0.0,0.0
3.624,0.0,0.0,0.5033557728214345,0.0,0.0,-0.0030352559057057965,1.0,0.0,0.0,0.0
3.626,0.0,0.0,0.503349707173069,0.0,0.0,-0.003030392459725992,1.0,0.0,0.0,0.0
3.628,0.0,0.0,0.5033436512462512,0.0,0.0,-0.0030255343580641997,1.0,0.0,0.0,0.0
3.63,0.0,0.0,0.5033376050302875,0.0,0.0,-0.003020681605714025,1.0,0.0,0.0,0.0
3.632,0.0,0.0,0.5033315685144741,0.0,0.0,-0.00301583420760343,1.0,0.0,0.0,0.0
3.634,0.0,0.0,0.503325541688098,0.0,0.0,-0.003010992168595042,1.0,0.0,0.0,0.0
3.636,0.0,0.0,0.5033195245404358,0.0,0.0,-0.0030061554934864994,1.0,0.0,0.0,0.0
3.638,0.0,0.0,0.5033135170607553,0.0,0.0,-0.003001324187010756,1.0,0.0,0.0,0.0
3.64,0.0,0.0,0.5033075192383145,0.0,0.0,-0.0029964982538364248,1.0,0.0,0.0,0.0
3.642,0.0,0.0,0.5033015310623621,0.0,0.0,-0.0029916776985680934,1.0,0.0,0.0,0.0
3.644,0.0,0.0,0.5032955525221378,0.0,0.0,-0.002986862525746638,1.0,0.0,0.0,0.0
3.646,0.0,0.0,0.5032895836068721,0.0,0.0,-0.002982052739849554,1.0,0.0,0.0,0.0
3.648,0.0,0.0,0.503283624305787,0.0,0.0,-0.0029772483452912657,1.0,0.0,0.0,0.0
3.65,0.0,0.0,0.5032776746080952,0.0,0.0,-0.0029724493464234497,1.0,0.0,0.0,0.0
3.652,0.0,0.0,0.5032717345030013,0.0,0.0,-0.002967655747535354,1.0,0.0,0.0,0.0
3.654,0.0,0.0,0.503265803979701,0.0,0.0,-0.0029628675528541072,1.0,0.0,0.0,0.0
3.656,0.0,0.0,0.5032598830273816,0.0,0.0,-0.0029580847665450286,1.0,0.0,0.0,0.0
3.658,0.0,0.0,0.5032539716352223,0.0,0.0,-0.0029533073927119494,1.0,0.0,0.0,0.0
3.66,0.0,0.0,0.5032480697923942,0.0,0.0,-0.00294853543539751,1.0,0.0,0.0,0.0
3.662,0.0,0.0,0.5032421774880602,0.0,0.0,-0.002943768898583489,1.0,0.0,0.0,0.0
3.664,0.0,0.0,0.5032362947113754,0.0,0.0,-0.0029390077861910983,1.0,0.0,0.0,0.0
3.666,0.0,0.0,0.5032304214514871,0.0,0.0,-0.0029342521020812883,1.0,0.0,0.0,0.0
3.668,0.0,0.0,0.5032245576975349,0.0,0.0,-0.0029295018500550612,1.0,0.0,0.0,0.0
3.67,0.0,0.0,0.503218703438651,0.0,0.0,-0.0029247570338537692,1.0,0.0,0.0,0.0
3.672,0.0,0.0,0.50321285866396,0.0,0.0,-0.002920017657159427,1.0,0.0,0.0,0.0
3.674,0.0,0.0,0.5032070233625793,0.0,0.0,-0.002915283723595003,1.0,0.0,0.0,0.0
3.676,0.0,0.0,0.5032011975236189,0.0,0.0,-0.0029105552367247258,1.0,0.0,0.0,0.0
3.678,0.0,0.0,0.5031953811361821,0.0,0.0,-0.002905832200054384,1.0,0.0,0.0,0.0
3.68,0.0,0.0,0.503189574189365,0.0,0.0,-0.0029011146170316205,1.0,0.0,0.0,0.0
3.682,0.0,0.0,0.503183776672257,0.0,0.0,-0.0028964024910462316,1.0,0.0,0.0,0.0
3.684,0.0,0.0,0.5031779885739405,0.0,0.0,-0.0028916958254304676,1.0,0.0,0.0,0.0
3.686,0.0,0.0,0.5031722098834915,0.0,0.0,-0.0028869946234593197,1.0,0.0,0.0,0.0
3.688,0.0,0.0,0.5031664405899797,0.0,0.0,-0.0028822988883508175,1.0,0.0,0.0,0.0
3.69,0.0,0.0,0.5031606806824681,0.0,0.0,-0.0028776086232663155,1.0,0.0,0.0,0.0
3.692,0.0,0.0,0.5031549301500136,0.0,0.0,-0.0028729238313107966,1.0,0.0,0.0,0.0
3.694,0.0,0.0,0.5031491889816667,0.0,0.0,-0.002868244515533146,1.0,0.0,0.0,0.0
3.696,0.0,0.0,0.5031434571664722,0.0,0.0,-0.0028635706789264543,1.0,0.0,0.0,0.0
3.698,0.0,0.0,0.5031377346934689,0.0,0.0,-0.0028589023244282967,1.0,0.0,0.0,0.0
3.7,0.0,0.0,0.5031320215516896,0.0,0.0,-0.0028542394549210186,1.0,0.0,0.0,0.0
3.702,0.0,0.0,0.5031263177301614,0.0,0.0,-0.0028495820732320183,1.0,0.0,0.0,0.0
3.704,0.0,0.0,0.503120623217906,0.0,0.0,-0.00284493018213404,1.0,0.0,0.0,0.0
3.706,0.0,0.0,0.5031149380039395,0.0,0.0,-0.0028402837843454526,1.0,0.0,0.0,0.0
3.708,0.0,0.0,0.5031092620772726,0.0,0.0,-0.002835642882530526,1.0,0.0,0.0,0.0
3.71,0.0,0.0,0.5031035954269107,0.0,0.0,-0.002831007479299715,1.0,0.0,0.0,0.0
3.712,0.0,0.0,0.5030979380418542,0.0,0.0,-0.0028263775772099367,1.0,0.0,0.0,0.0
3.714,0.0,0.0,0.5030922899110982,0.0,0.0,-0.0028217531787648555,1.0,0.0,0.0,0.0
3.716,0.0,0.0,0.503086651023633,0.0,0.0,-0.0028171342864151514,1.0,0.0,0.0,0.0
3.718,0.0,0.0,0.503081021368444,0.0,0.0,-0.0028125209025587922,1.0,0.0,0.0,0.0
3.72,0.0,0.0,0.5030754009345119,0.0,0.0,-0.0028079130295413225,1.0,0.0,0.0,0.0
3.722,0.0,0.0,0.5030697897108126,0.0,0.0,-0.002803310669656125,1.0,0.0,0.0,0.0
3.724,0.0,0.0,0.5030641876863178,0.0,0.0,-0.002798713825144696,1.0,0.0,0.0,0.0
3.726,0.0,0.0,0.5030585948499945,0.0,0.0,-0.0027941224981969173,1.0,0.0,0.0,0.0
3.728,0.0,0.0,0.5030530111908054,0.0,0.0,-0.00278953669095132,1.0,0.0,0.0,0.0
3.73,0.0,0.0,0.5030474366977089,0.0,0.0,-0.002784956405495362,1.0,0.0,0.0,0.0
3.732,0.0,0.0,0.5030418713596595,0.0,0.0,-0.0027803816438656996,1.0,0.0,0.0,0.0
3.734,0.0,0.0,0.5030363151656075,0.0,0.0,-0.0027758124080484317,1.0,0.0,0.0,0.0
3.736,0.0,0.0,0.5030307681044995,0.0,0.0,-0.002771248699979389,1.0,0.0,0.0,0.0
3.738,0.0,0.0,0.503025230165278,0.0,0.0,-0.0027666905215443915,1.0,0.0,0.0,0.0
3.74,0.0,0.0,0.5030197013368819,0.0,0.0,-0.0027621378745795026,1.0,0.0,0.0,0.0
3.742,0.0,0.0,0.5030141816082464,0.0,0.0,-0.0027575907608712964,1.0,0.0,0.0,0.0
3.744,0.0,0.0,0.5030086709683034,0.0,0.0,-0.0027530491821571284,1.0,0.0,0.0,0.0
3.746,0.0,0.0,0.5030031694059811,0.0,0.0,-0.0027485131401253833,1.0,0.0,0.0,0.0
3.748,0.0,0.0,0.5029976769102046,0.0,0.0,-0.002743982636415734,1.0,0.0,0.0,0.0
3.75,0.0,0.0,0.5029921934698955,0.0,0.0,-0.002739457672619406,1.0,0.0,0.0,0.0
3.7520000000000002,0.0,0.0,0.5029867190739726,0.0,0.0,-0.0027349382502794314,1.0,0.0,0.0,0.0
3.754,0.0,0.0,0.5029812537113515,0.0,0.0,-0.002730424370890902,1.0,0.0,0.0,0.0
3.7560000000000002,0.0,0.0,0.5029757973709447,0.0,0.0,-0.002725916035901222,1.0,0.0,0.0,0.0
3.758,0.0,0.0,0.502970350041662,0.0,0.0,-0.002721413246710374,1.0,0.0,0.0,0.0
3.7600000000000002,0.0,0.0,0.5029649117124106,0.0,0.0,-0.002716916004671153,1.0,0.0,0.0,0.0
3.762,0.0,0.0,0.5029594823720949,0.0,0.0,-0.002712424311089433,1.0,0.0,0.0,0.0
3.7640000000000002,0.0,0.0,0.5029540620096166,0.0,0.0,-0.0027079381672244066,1.0,0.0,0.0,0.0
3.766,0.0,0.0,0.5029486506138751,0.0,0.0,-0.0027034575742888455,1.0,0.0,0.0,0.0
3.7680000000000002,0.0,0.0,0.5029432481737673,0.0,0.0,-0.0026989825334493367,1.0,0.0,0.0,0.0
3.77,0.0,0.0,0.5029378546781881,0.0,0.0,-0.002694513045826534,1.0,0.0,0.0,0.0
3.7720000000000002,0.0,0.0,0.5029324701160297,0.0,0.0,-0.0026900491124954066,1.0,0.0,0.0,0.0
3.774,0.0,0.0,0.5029270944761828,0.0,0.0,-0.0026855907344854814,1.0,0.0,0.0,0.0
3.7760000000000002,0.0,0.0,0.5029217277475355,0.0,0.0,-0.0026811379127810874,1.0,0.0,0.0,0.0
3.778,0.0,0.0,0.5029163699189744,0.0,0.0,-0.002676690648321601,1.0,0.0,0.0,0.0
3.7800000000000002,0.0,0.0,0.502911020979384,0.0,0.0,-0.002672248942001685,1.0,0.0,0.0,0.0
3.782,0.0,0.0,0.5029056809176473,0.0,0.0,-0.0026678127946715316,1.0,0.0,0.0,0.0
3.7840000000000003,0.0,0.0,0.5029003497226455,0.0,0.0,-0.0026633822071370954,1.0,0.0,0.0,0.0
3.786,0.0,0.0,0.5028950273832582,0.0,0.0,-0.0026589571801603445,1.0,0.0,0.0,0.0
3.7880000000000003,0.0,0.0,0.5028897138883636,0.0,0.0,-0.002654537714459485,1.0,0.0,0.0,0.0
3.79,0.0,0.0,0.5028844092268384,0.0,0.0,-0.0026501238107092123,1.0,0.0,0.0,0.0
3.7920000000000003,0.0,0.0,0.5028791133875582,0.0,0.0,-0.002645715469540937,1.0,0.0,0.0,0.0
3.794,0.0,0.0,0.5028738263593971,0.0,0.0,-0.0026413126915430193,1.0,0.0,0.0,0.0
3.7960000000000003,0.0,0.0,0.5028685481312284,0.0,0.0,-0.0026369154772610042,1.0,0.0,0.0,0.0
3.798,0.0,0.0,0.5028632786919239,0.0,0.0,-0.0026325238271978596,1.0,0.0,0.0,0.0
3.8000000000000003,0.0,0.0,0.5028580180303549,0.0,0.0,-0.0026281377418142056,1.0,0.0,0.0,0.0
3.802,0.0,0.0,0.5028527661353915,0.0,0.0,-0.002623757221528541,1.0,0.0,0.0,0.0
3.8040000000000003,0.0,0.0,0.5028475229959033,0.0,0.0,-0.002619382266717475,1.0,0.0,0.0,0.0
3.806,0.0,0.0,0.5028422886007589,0.0,0.0,-0.0026150128777159606,1.0,0.0,0.0,0.0
3.8080000000000003,0.0,0.0,0.5028370629388264,0.0,0.0,-0.0026106490548175165,1.0,0.0,0.0,0.0
3.81,0.0,0.0,0.5028318459989732,0.0,0.0,-0.0026062907982744633,1.0,0.0,0.0,0.0
3.8120000000000003,0.0,0.0,0.5028266377700666,0.0,0.0,-0.0026019381082981376,1.0,0.0,0.0,0.0
3.814,0.0,0.0,0.5028214382409733,0.0,0.0,-0.0025975909850591266,1.0,0.0,0.0,0.0
3.8160000000000003,0.0,0.0,0.5028162474005595,0.0,0.0,-0.0025932494286874806,1.0,0.0,0.0,0.0
3.818,0.0,0.0,0.5028110652376916,0.0,0.0,-0.002588913439272956,1.0,0.0,0.0,0.0
3.8200000000000003,0.0,0.0,0.5028058917412355,0.0,0.0,-0.002584583016865216,1.0,0.0,0.0,0.0
3.822,0.0,0.0,0.5028007269000572,0.0,0.0,-0.0025802581614740657,1.0,0.0,0.0,0.0
3.8240000000000003,0.0,0.0,0.5027955707030226,0.0,0.0,-0.002575938873069666,1.0,0.0,0.0,0.0
3.826,0.0,0.0,0.5027904231389979,0.0,0.0,-0.0025716251515827604,1.0,0.0,0.0,0.0
3.8280000000000003,0.0,0.0,0.5027852841968494,0.0,0.0,-0.0025673169969048846,1.0,0.0,0.0,0.0
3.83,0.0,0.0,0.5027801538654436,0.0,0.0,-0.002563014408888587,1.0,0.0,0.0,0.0
3.8320000000000003,0.0,0.0,0.5027750321336474,0.0,0.0,-0.0025587173873476477,1.0,0.0,0.0,0.0
3.834,0.0,0.0,0.502769918990328,0.0,0.0,-0.002554425932057291,1.0,0.0,0.0,0.0
3.8360000000000003,0.0,0.0,0.5027648144243532,0.0,0.0,-0.002550140042754406,1.0,0.0,0.0,0.0
3.838,0.0,0.0,0.5027597184245913,0.0,0.0,-0.0025458597191377512,1.0,0.0,0.0,0.0
3.84,0.0,0.0,0.5027546309799114,0.0,0.0,-0.0025415849608681775,1.0,0.0,0.0,0.0
3.842,0.0,0.0,0.5027495520791829,0.0,0.0,-0.002537315767568834,1.0,0.0,0.0,0.0
3.844,0.0,0.0,0.5027444817112765,0.0,0.0,-0.0025330521388253822,1.0,0.0,0.0,0.0
3.846,0.0,0.0,0.5027394198650635,0.0,0.0,-0.0025287940741861976,1.0,0.0,0.0,0.0
3.848,0.0,0.0,0.5027343665294162,0.0,0.0,-0.00252454157316259,1.0,0.0,0.0,0.0
3.85,0.0,0.0,0.5027293216932077,0.0,0.0,-0.0025202946352290137,1.0,0.0,0.0,0.0
3.852,0.0,0.0,0.5027242853453127,0.0,0.0,-0.002516053259823262,1.0,0.0,0.0,0.0
3.854,0.0,0.0,0.5027192574746064,0.0,0.0,-0.0025118174463466857,1.0,0.0,0.0,0.0
3.856,0.0,0.0,0.502714238069966,0.0,0.0,-0.0025075871941643933,1.0,0.0,0.0,0.0
3.858,0.0,0.0,0.5027092271202692,0.0,0.0,-0.0025033625026054545,1.0,0.0,0.0,0.0
3.86,0.0,0.0,0.5027042246143957,0.0,0.0,-0.0024991433709631067,1.0,0.0,0.0,0.0
3.862,0.0,0.0,0.5026992305412262,0.0,0.0,-0.002494929798494961,1.0,0.0,0.0,0.0
3.864,0.0,0.0,0.5026942448896433,0.0,0.0,-0.002490721784423204,1.0,0.0,0.0,0.0
3.866,0.0,0.0,0.502689267648531,0.0,0.0,-0.002486519327934793,1.0,0.0,0.0,0.0
3.868,0.0,0.0,0.5026842988067748,0.0,0.0,-0.0024823224281816637,1.0,0.0,0.0,0.0
3.87,0.0,0.0,0.5026793383532623,0.0,0.0,-0.002478131084280924,1.0,0.0,0.0,0.0
3.872,0.0,0.0,0.5026743862768827,0.0,0.0,-0.0024739452953150575,1.0,0.0,0.0,0.0
3.874,0.0,0.0,0.502669442566527,0.0,0.0,-0.0024697650603321213,1.0,0.0,0.0,0.0
3.876,0.0,0.0,0.5026645072110884,0.0,0.0,-0.002465590378345932,1.0,0.0,0.0,0.0
3.878,0.0,0.0,0.5026595801994617,0.0,0.0,-0.0024614212483362852,1.0,0.0,0.0,0.0
3.88,0.0,0.0,0.502654661520544,0.0,0.0,-0.0024572576692491336,1.0,0.0,0.0,0.0
3.882,0.0,0.0,0.5026497511632348,0.0,0.0,-0.002453099639996778,1.0,0.0,0.0,0.0
3.884,0.0,0.0,0.5026448491164354,0.0,0.0,-0.002448947159458078,1.0,0.0,0.0,0.0
3.886,0.0,0.0,0.5026399553690495,0.0,0.0,-0.002444800226478626,1.0,0.0,0.0,0.0
3.888,0.0,0.0,0.5026350699099832,0.0,0.0,-0.002440658839870955,1.0,0.0,0.0,0.0
3.89,0.0,0.0,0.5026301927281449,0.0,0.0,-0.0024365229984147224,1.0,0.0,0.0,0.0
3.892,0.0,0.0,0.5026253238124456,0.0,0.0,-0.002432392700856897,1.0,0.0,0.0,0.0
3.894,0.0,0.0,0.5026204631517989,0.0,0.0,-0.002428267945911961,1.0,0.0,0.0,0.0
3.896,0.0,0.0,0.5026156107351207,0.0,0.0,-0.002424148732262089,1.0,0.0,0.0,0.0
3.898,0.0,0.0,0.50261076655133,0.0,0.0,-0.002420035058557335,1.0,0.0,0.0,0.0
3.9,0.0,0.0,0.502605930589348,0.0,0.0,-0.002415926923415824,1.0,0.0,0.0,0.0
3.902,0.0,0.0,0.5026011028380991,0.0,0.0,-0.0024118243254239355,1.0,0.0,0.0,0.0
3.904,0.0,0.0,0.5025962832865105,0.0,0.0,-0.0024077272631364967,1.0,0.0,0.0,0.0
3.906,0.0,0.0,0.5025914719235123,0.0,0.0,-0.0024036357350769567,1.0,0.0,0.0,0.0
3.908,0.0,0.0,0.5025866687380375,0.0,0.0,-0.0023995497397375763,1.0,0.0,0.0,0.0
3.91,0.0,0.0,0.5025818737190222,0.0,0.0,-0.0023954692755796037,1.0,0.0,0.0,0.0
3.912,0.0,0.0,0.5025770868554056,0.0,0.0,-0.002391394341033475,1.0,0.0,0.0,0.0
3.914,0.0,0.0,0.5025723081361301,0.0,0.0,-0.0023873249344989736,1.0,0.0,0.0,0.0
3.916,0.0,0.0,0.5025675375501413,0.0,0.0,-0.0023832610543454286,1.0,0.0,0.0,0.0
3.918,0.0,0.0,0.502562775086388,0.0,0.0,-0.0023792026989118893,1.0,0.0,0.0,0.0
3.92,0.0,0.0,0.5025580207338226,0.0,0.0,-0.002375149866507289,1.0,0.0,0.0,0.0
3.922,0.0,0.0,0.5025532744814006,0.0,0.0,-0.002371102555410651,1.0,0.0,0.0,0.0
3.924,0.0,0.0,0.5025485363180814,0.0,0.0,-0.0023670607638712473,1.0,0.0,0.0,0.0
3.926,0.0,0.0,0.5025438062328274,0.0,0.0,-0.0023630244901087813,1.0,0.0,0.0,0.0
3.928,0.0,0.0,0.5025390842146049,0.0,0.0,-0.002358993732313564,1.0,0.0,0.0,0.0
3.93,0.0,0.0,0.5025343702523839,0.0,0.0,-0.0023549684886466906,1.0,0.0,0.0,0.0
3.932,0.0,0.0,0.502529664335138,0.0,0.0,-0.002350948757240211,1.0,0.0,0.0,0.0
3.934,0.0,0.0,0.5025249664518445,0.0,0.0,-0.0023469345361973063,1.0,0.0,0.0,0.0
3.936,0.0,0.0,0.5025202765914847,0.0,0.0,-0.0023429258235924595,1.0,0.0,0.0,0.0
3.938,0.0,0.0,0.5025155947430436,0.0,0.0,-0.0023389226174716387,1.0,0.0,0.0,0.0
3.94,0.0,0.0,0.5025109208955103,0.0,0.0,-0.002334924915852451,1.0,0.0,0.0,0.0
3.942,0.0,0.0,0.5025062550378777,0.0,0.0,-0.002330932716724327,1.0,0.0,0.0,0.0
3.944,0.0,0.0,0.5025015971591429,0.0,0.0,-0.002326946018048684,1.0,0.0,0.0,0.0
3.946,0.0,0.0,0.5024969472483071,0.0,0.0,-0.0023229648177591003,1.0,0.0,0.0,0.0
3.948,0.0,0.0,0.5024923052943755,0.0,0.0,-0.0023189891137614786,1.0,0.0,0.0,0.0
3.95,0.0,0.0,0.5024876712863579,0.0,0.0,-0.0023150189039342203,1.0,0.0,0.0,0.0
3.952,0.0,0.0,0.5024830452132678,0.0,0.0,-0.0023110541861283912,1.0,0.0,0.0,0.0
3.954,0.0,0.0,0.5024784270641235,0.0,0.0,-0.0023070949581678766,1.0,0.0,0.0,0.0
3.956,0.0,0.0,0.5024738168279475,0.0,0.0,-0.002303141217849564,1.0,0.0,0.0,0.0
3.958,0.0,0.0,0.5024692144937667,0.0,0.0,-0.0022991929629435004,1.0,0.0,0.0,0.0
3.96,0.0,0.0,0.5024646200506125,0.0,0.0,-0.002295250191193048,1.0,0.0,0.0,0.0
3.962,0.0,0.0,0.502460033487521,0.0,0.0,-0.0022913129003150697,1.0,0.0,0.0,0.0
3.964,0.0,0.0,0.5024554547935327,0.0,0.0,-0.002287381088000067,1.0,0.0,0.0,0.0
3.966,0.0,0.0,0.5024508839576928,0.0,0.0,-0.0022834547519123586,1.0,0.0,0.0,0.0
3.968,0.0,0.0,0.5024463209690512,0.0,0.0,-0.0022795338896902384,1.0,0.0,0.0,0.0
3.97,0.0,0.0,0.5024417658166626,0.0,0.0,-0.002275618498946137,1.0,0.0,0.0,0.0
3.972,0.0,0.0,0.5024372184895863,0.0,0.0,-0.0022717085772667677,1.0,0.0,0.0,0.0
3.974,0.0,0.0,0.5024326789768868,0.0,0.0,-0.0022678041222133094,1.0,0.0,0.0,0.0
3.976,0.0,0.0,0.5024281472676333,0.0,0.0,-0.00226390513132155,1.0,0.0,0.0,0.0
3.978,0.0,0.0,0.5024236233508999,0.0,0.0,-0.002260011602102043,1.0,0.0,0.0,0.0
3.98,0.0,0.0,0.5024191072157657,0.0,0.0,-0.0022561235320402804,1.0,0.0,0.0,0.0
3.982,0.0,0.0,0.502414598851315,0.0,0.0,-0.0022522409185968253,1.0,0.0,0.0,0.0
3.984,0.0,0.0,0.5024100982466372,0.0,0.0,-0.0022483637592074853,1.0,0.0,0.0,0.0
3.986,0.0,0.0,0.5024056053908267,0.0,0.0,-0.0022444920512834686,1.0,0.0,0.0,0.0
3.988,0.0,0.0,0.5024011202729832,0.0,0.0,-0.002240625792211531,1.0,0.0,0.0,0.0
3.99,0.0,0.0,0.5023966428822116,0.0,0.0,-0.0022367649793541234,1.0,0.0,0.0,0.0
3.992,0.0,0.0,0.5023921732076222,0.0,0.0,-0.00223290961004956,1.0,0.0,0.0,0.0
3.994,0.0,0.0,0.5023877112383305,0.0,0.0,-0.0022290596816121663,1.0,0.0,0.0,0.0
3.996,0.0,0.0,0.5023832569634575,0.0,0.0,-0.0022252151913324195,1.0,0.0,0.0,0.0
3.998,0.0,0.0,0.5023788103721297,0.0,0.0,-0.0022213761364771175,1.0,0.0,0.0,0.0
4.0,0.0,0.0,0.502374371453479,0.0,0.0,-0.002217542514289518,1.0,0.0,0.0,0.0
4.002,0.0,0.0,0.5023699401966427,0.0,0.0,-0.002213714321989484,1.0,0.0,0.0,0.0
4.0040000000000004,0.0,0.0,0.502365516590764,0.0,0.0,-0.0022098915567736505,1.0,0.0,0.0,0.0
4.006,0.0,0.0,0.5023611006249914,0.0,0.0,-0.0022060742158155535,1.0,0.0,0.0,0.0
4.008,0.0,0.0,0.5023566922884793,0.0,0.0,-0.0022022622962657883,1.0,0.0,0.0,0.0
4.01,0.0,0.0,0.5023522915703879,0.0,0.0,-0.002198455795252157,1.0,0.0,0.0,0.0
4.0120000000000005,0.0,0.0,0.5023478984598827,0.0,0.0,-0.002194654709879805,1.0,0.0,0.0,0.0
4.014,0.0,0.0,0.5023435129461356,0.0,0.0,-0.0021908590372313862,1.0,0.0,0.0,0.0
4.016,0.0,0.0,0.502339135018324,0.0,0.0,-0.0021870687743671896,1.0,0.0,0.0,0.0
4.018,0.0,0.0,0.5023347646656312,0.0,0.0,-0.002183283918325286,1.0,0.0,0.0,0.0
4.0200000000000005,0.0,0.0,0.5023304018772468,0.0,0.0,-0.0021795044661216834,1.0,0.0,0.0,0.0
4.022,0.0,0.0,0.5023260466423659,0.0,0.0,-0.002175730414750467,1.0,0.0,0.0,0.0
4.024,0.0,0.0,0.50232169895019,0.0,0.0,-0.0021719617611839284,1.0,0.0,0.0,0.0
4.026,0.0,0.0,0.5023173587899264,0.0,0.0,-0.0021681985023727203,1.0,0.0,0.0,0.0
4.0280000000000005,0.0,0.0,0.5023130261507889,0.0,0.0,-0.002164440635245998,1.0,0.0,0.0,0.0
4.03,0.0,0.0,0.5023087010219969,0.0,0.0,-0.0021606881567115535,1.0,0.0,0.0,0.0
4.032,0.0,0.0,0.5023043833927765,0.0,0.0,-0.0021569410636559593,1.0,0.0,0.0,0.0
4.034,0.0,0.0,0.5023000732523599,0.0,0.0,-0.002153199352944713,1.0,0.0,0.0,0.0
4.0360000000000005,0.0,0.0,0.5022957705899855,0.0,0.0,-0.002149463021422366,1.0,0.0,0.0,0.0
4.038,0.0,0.0,0.5022914753948982,0.0,0.0,-0.002145732065912667,1.0,0.0,0.0,0.0
4.04,0.0,0.0,0.502287187656349,0.0,0.0,-0.0021420064832187,1.0,0.0,0.0,0.0
4.042,0.0,0.0,0.5022829073635957,0.0,0.0,-0.0021382862701230174,1.0,0.0,0.0,0.0
4.0440000000000005,0.0,0.0,0.5022786345059022,0.0,0.0,-0.002134571423387786,1.0,0.0,0.0,0.0
4.046,0.0,0.0,0.502274369072539,0.0,0.0,-0.0021308619397549145,1.0,0.0,0.0,0.0
4.048,0.0,0.0,0.5022701110527833,0.0,0.0,-0.0021271578159461867,1.0,0.0,0.0,0.0
4.05,0.0,0.0,0.5022658604359187,0.0,0.0,-0.0021234590486634017,1.0,0.0,0.0,0.0
4.0520000000000005,0.0,0.0,0.5022616172112354,0.0,0.0,-0.0021197656345885063,1.0,0.0,0.0,0.0
4.054,0.0,0.0,0.5022573813680304,0.0,0.0,-0.0021160775703837295,1.0,0.0,0.0,0.0
4.056,0.0,0.0,0.5022531528956073,0.0,0.0,-0.0021123948526917138,1.0,0.0,0.0,0.0
4.058,0.0,0.0,0.5022489317832766,0.0,0.0,-0.0021087174781356443,1.0,0.0,0.0,0.0
4.0600000000000005,0.0,0.0,0.5022447180203551,0.0,0.0,-0.0021050454433193862,1.0,0.0,0.0,0.0
4.062,0.0,0.0,0.5022405115961669,0.0,0.0,-0.0021013787448276124,1.0,0.0,0.0,0.0
4.064,0.0,0.0,0.5022363125000429,0.0,0.0,-0.002097717379225936,1.0,0.0,0.0,0.0
4.066,0.0,0.0,0.5022321207213206,0.0,0.0,-0.002094061343061038,1.0,0.0,0.0,0.0
4.0680000000000005,0.0,0.0,0.5022279362493447,0.0,0.0,-0.002090410632860794,1.0,0.0,0.0,0.0
4.07,0.0,0.0,0.5022237590734667,0.0,0.0,-0.002086765245134411,1.0,0.0,0.0,0.0
4.072,0.0,0.0,0.5022195891830452,0.0,0.0,-0.00208312517637255,1.0,0.0,0.0,0.0
4.074,0.0,0.0,0.5022154265674458,0.0,0.0,-0.0020794904230474484,1.0,0.0,0.0,0.0
4.0760000000000005,0.0,0.0,0.5022112712160411,0.0,0.0,-0.0020758609816130605,1.0,0.0,0.0,0.0
4.078,0.0,0.0,0.502207123118211,0.0,0.0,-0.002072236848505169,1.0,0.0,0.0,0.0
4.08,0.0,0.0,0.5022029822633424,0.0,0.0,-0.0020686180201415273,1.0,0.0,0.0,0.0
4.082,0.0,0.0,0.5021988486408293,0.0,0.0,-0.0020650044929219603,1.0,0.0,0.0,0.0
4.0840000000000005,0.0,0.0,0.5021947222400731,0.0,0.0,-0.002061396263228516,1.0,0.0,0.0,0.0
4.086,0.0,0.0,0.5021906030504825,0.0,0.0,-0.0020577933274255776,1.0,0.0,0.0,0.0
4.088,0.0,0.0,0.5021864910614732,0.0,0.0,-0.002054195681859983,1.0,0.0,0.0,0.0
4.09,0.0,0.0,0.5021823862624685,0.0,0.0,-0.002050603322861153,1.0,0.0,0.0,0.0
4.0920000000000005,0.0,0.0,0.5021782886428988,0.0,0.0,-0.0020470162467412074,1.0,0.0,0.0,0.0
4.094,0.0,0.0,0.5021741981922023,0.0,0.0,-0.0020434344497950994,1.0,0.0,0.0,0.0
4.096,0.0,0.0,0.5021701148998242,0.0,0.0,-0.002039857928300729,1.0,0.0,0.0,0.0
4.098,0.0,0.0,0.5021660387552174,0.0,0.0,-0.0020362866785190647,1.0,0.0,0.0,0.0
4.1,0.0,0.0,0.5021619697478421,0.0,0.0,-0.002032720696694255,1.0,0.0,0.0,0.0
4.102,0.0,0.0,0.5021579078671664,0.0,0.0,-0.002029159979053765,1.0,0.0,0.0,0.0
4.104,0.0,0.0,0.5021538531026656,0.0,0.0,-0.0020256045218084813,1.0,0.0,0.0,0.0
4.106,0.0,0.0,0.5021498054438226,0.0,0.0,-0.0020220543211528427,1.0,0.0,0.0,0.0
4.108,0.0,0.0,0.5021457648801282,0.0,0.0,-0.002018509373264943,1.0,0.0,0.0,0.0
4.11,0.0,0.0,0.5021417314010806,0.0,0.0,-0.0020149696743066653,1.0,0.0,0.0,0.0
4.112,0.0,0.0,0.5021377049961859,0.0,0.0,-0.002011435220423787,1.0,0.0,0.0,0.0
4.114,0.0,0.0,0.5021336856549578,0.0,0.0,-0.002007906007746103,1.0,0.0,0.0,0.0
4.116,0.0,0.0,0.5021296733669176,0.0,0.0,-0.0020043820323875344,1.0,0.0,0.0,0.0
4.118,0.0,0.0,0.5021256681215948,0.0,0.0,-0.002000863290446253,1.0,0.0,0.0,0.0
4.12,0.0,0.0,0.5021216699085264,0.0,0.0,-0.0019973497780047876,1.0,0.0,0.0,0.0
4.122,0.0,0.0,0.5021176787172572,0.0,0.0,-0.001993841491130146,1.0,0.0,0.0,0.0
4.124,0.0,0.0,0.5021136945373402,0.0,0.0,-0.001990338425873917,1.0,0.0,0.0,0.0
4.126,0.0,0.0,0.5021097173583361,0.0,0.0,-0.001986840578272402,1.0,0.0,0.0,0.0
4.128,0.0,0.0,0.5021057471698135,0.0,0.0,-0.0019833479443467136,1.0,0.0,0.0,0.0
4.13,0.0,0.0,0.5021017839613491,0.0,0.0,-0.001979860520102888,1.0,0.0,0.0,0.0
4.132,0.0,0.0,0.5020978277225274,0.0,0.0,-0.0019763783015320038,1.0,0.0,0.0,0.0
4.134,0.0,0.0,0.5020938784429413,0.0,0.0,-0.0019729012846102898,1.0,0.0,0.0,0.0
4.136,0.0,0.0,0.5020899361121913,0.0,0.0,-0.0019694294652992375,1.0,0.0,0.0,0.0
4.138,0.0,0.0,0.5020860007198865,0.0,0.0,-0.0019659628395457054,1.0,0.0,0.0,0.0
4.14,0.0,0.0,0.5020820722556437,0.0,0.0,-0.0019625014032820386,1.0,0.0,0.0,0.0
4.142,0.0,0.0,0.502078150709088,0.0,0.0,-0.001959045152426166,1.0,0.0,0.0,0.0
4.144,0.0,0.0,0.5020742360698527,0.0,0.0,-0.001955594082881719,1.0,0.0,0.0,0.0
4.146,0.0,0.0,0.5020703283275793,0.0,0.0,-0.0019521481905381377,1.0,0.0,0.0,0.0
4.148,0.0,0.0,0.5020664274719174,0.0,0.0,-0.0019487074712707779,1.0,0.0,0.0,0.0
4.15,0.0,0.0,0.5020625334925252,0.0,0.0,-0.001945271920941009,1.0,0.0,0.0,0.0
4.152,0.0,0.0,0.5020586463790688,0.0,0.0,-0.0019418415353963337,1.0,0.0,0.0,0.0
4.154,0.0,0.0,0.502054766121223,0.0,0.0,-0.0019384163104704992,1.0,0.0,0.0,0.0
4.156,0.0,0.0,0.5020508927086705,0.0,0.0,-0.001934996241983578,1.0,0.0,0.0,0.0
4.158,0.0,0.0,0.5020470261311029,0.0,0.0,-0.001931581325742096,1.0,0.0,0.0,0.0
4.16,0.0,0.0,0.5020431663782196,0.0,0.0,-0.001928171557539132,1.0,0.0,0.0,0.0
4.162,0.0,0.0,0.5020393134397289,0.0,0.0,-0.0019247669331544212,1.0,0.0,0.0,0.0
4.164,0.0,0.0,0.5020354673053473,0.0,0.0,-0.0019213674483544469,1.0,0.0,0.0,0.0
4.166,0.0,0.0,0.5020316279648,0.0,0.0,-0.001917973098892565,1.0,0.0,0.0,0.0
4.168,0.0,0.0,0.5020277954078206,0.0,0.0,-0.0019145838805090935,1.0,0.0,0.0,0.0
4.17,0.0,0.0,0.5020239696241512,0.0,0.0,-0.0019111997889314177,1.0,0.0,0.0,0.0
4.172,0.0,0.0,0.5020201506035424,0.0,0.0,-0.0019078208198740913,1.0,0.0,0.0,0.0
4.174,0.0,0.0,0.5020163383357535,0.0,0.0,-0.0019044469690389415,1.0,0.0,0.0,0.0
4.176,0.0,0.0,0.5020125328105524,0.0,0.0,-0.0019010782321151627,1.0,0.0,0.0,0.0
4.178,0.0,0.0,0.5020087340177155,0.0,0.0,-0.0018977146047794216,1.0,0.0,0.0,0.0
4.18,0.0,0.0,0.502004941947028,0.0,0.0,-0.001894356082695962,1.0,0.0,0.0,0.0
4.182,0.0,0.0,0.5020011565882838,0.0,0.0,-0.0018910026615166994,1.0,0.0,0.0,0.0
4.184,0.0,0.0,0.5019973779312854,0.0,0.0,-0.001887654336881317,1.0,0.0,0.0,0.0
4.186,0.0,0.0,0.5019936059658441,0.0,0.0,-0.0018843111044173657,1.0,0.0,0.0,0.0
4.188,0.0,0.0,0.5019898406817799,0.0,0.0,-0.0018809729597403706,1.0,0.0,0.0,0.0
4.19,0.0,0.0,0.5019860820689217,0.0,0.0,-0.001877639898453916,1.0,0.0,0.0,0.0
4.192,0.0,0.0,0.5019823301171071,0.0,0.0,-0.0018743119161497485,1.0,0.0,0.0,0.0
4.194,0.0,0.0,0.5019785848161826,0.0,0.0,-0.0018709890084078803,1.0,0.0,0.0,0.0
4.196,0.0,0.0,0.5019748461560034,0.0,0.0,-0.0018676711707966706,1.0,0.0,0.0,0.0
4.198,0.0,0.0,0.5019711141264337,0.0,0.0,-0.0018643583988729392,1.0,0.0,0.0,0.0
4.2,0.0,0.0,0.5019673887173466,0.0,0.0,-0.0018610506881820486,1.0,0.0,0.0,0.0
4.202,0.0,0.0,0.5019636699186242,0.0,0.0,-0.0018577480342580068,1.0,0.0,0.0,0.0
4.204,0.0,0.0,0.5019599577201573,0.0,0.0,-0.0018544504326235562,1.0,0.0,0.0,0.0
4.206,0.0,0.0,0.5019562521118459,0.0,0.0,-0.0018511578787902658,1.0,0.0,0.0,0.0
4.208,0.0,0.0,0.5019525530835989,0.0,0.0,-0.0018478703682586342,1.0,0.0,0.0,0.0
4.21,0.0,0.0,0.5019488606253341,0.0,0.0,-0.0018445878965181756,1.0,0.0,0.0,0.0
4.212,0.0,0.0,0.5019451747269785,0.0,0.0,-0.001841310459047518,1.0,0.0,0.0,0.0
4.214,0.0,0.0,0.5019414953784682,0.0,0.0,-0.001838038051314493,1.0,0.0,0.0,0.0
4.216,0.0,0.0,0.5019378225697482,0.0,0.0,-0.0018347706687762207,1.0,0.0,0.0,0.0
4.218,0.0,0.0,0.5019341562907725,0.0,0.0,-0.0018315083068792058,1.0,0.0,0.0,0.0
4.22,0.0,0.0,0.5019304965315046,0.0,0.0,-0.001828250961059444,1.0,0.0,0.0,0.0
4.222,0.0,0.0,0.5019268432819167,0.0,0.0,-0.0018249986267424862,1.0,0.0,0.0,0.0
4.224,0.0,0.0,0.5019231965319907,0.0,0.0,-0.0018217512993435481,1.0,0.0,0.0,0.0
4.226,0.0,0.0,0.501919556271717,0.0,0.0,-0.0018185089742675925,1.0,0.0,0.0,0.0
4.228,0.0,0.0,0.5019159224910958,0.0,0.0,-0.0018152716469094178,1.0,0.0,0.0,0.0
4.23,0.0,0.0,0.5019122951801362,0.0,0.0,-0.0018120393126537504,1.0,0.0,0.0,0.0
4.232,0.0,0.0,0.5019086743288567,0.0,0.0,-0.001808811966875327,1.0,0.0,0.0,0.0
4.234,0.0,0.0,0.5019050599272848,0.0,0.0,-0.0018055896049389963,1.0,0.0,0.0,0.0
4.236,0.0,0.0,0.5019014519654577,0.0,0.0,-0.0018023722221997913,1.0,0.0,0.0,0.0
4.238,0.0,0.0,0.5018978504334215,0.0,0.0,-0.0017991598140030213,1.0,0.0,0.0,0.0
4.24,0.0,0.0,0.5018942553212318,0.0,0.0,-0.0017959523756843707,1.0,0.0,0.0,0.0
4.242,0.0,0.0,0.5018906666189535,0.0,0.0,-0.0017927499025699645,1.0,0.0,0.0,0.0
4.244,0.0,0.0,0.501887084316661,0.0,0.0,-0.001789552389976466,1.0,0.0,0.0,0.0
4.246,0.0,0.0,0.5018835084044377,0.0,0.0,-0.0017863598332111706,1.0,0.0,0.0,0.0
4.248,0.0,0.0,0.5018799388723769,0.0,0.0,-0.0017831722275720686,1.0,0.0,0.0,0.0
4.25,0.0,0.0,0.501876375710581,0.0,0.0,-0.0017799895683479562,1.0,0.0,0.0,0.0
4.252,0.0,0.0,0.5018728189091618,0.0,0.0,-0.0017768118508184954,1.0,0.0,0.0,0.0
4.2540000000000004,0.0,0.0,0.5018692684582408,0.0,0.0,-0.0017736390702543176,1.0,0.0,0.0,0.0
4.256,0.0,0.0,0.5018657243479486,0.0,0.0,-0.0017704712219170971,1.0,0.0,0.0,0.0
4.258,0.0,0.0,0.5018621865684256,0.0,0.0,-0.0017673083010596414,1.0,0.0,0.0,0.0
4.26,0.0,0.0,0.5018586551098216,0.0,0.0,-0.0017641503029259575,1.0,0.0,0.0,0.0
4.2620000000000005,0.0,0.0,0.501855129962296,0.0,0.0,-0.0017609972227513552,1.0,0.0,0.0,0.0
4.264,0.0,0.0,0.5018516111160175,0.0,0.0,-0.0017578490557625186,1.0,0.0,0.0,0.0
4.266,0.0,0.0,0.5018480985611645,0.0,0.0,-0.0017547057971775842,1.0,0.0,0.0,0.0
4.268,0.0,0.0,0.5018445922879251,0.0,0.0,-0.0017515674422062325,1.0,0.0,0.0,0.0
4.2700000000000005,0.0,0.0,0.5018410922864969,0.0,0.0,-0.0017484339860497598,1.0,0.0,0.0,0.0
4.272,0.0,0.0,0.5018375985470869,0.0,0.0,-0.00174530542390116,1.0,0.0,0.0,0.0
4.274,0.0,0.0,0.501834111059912,0.0,0.0,-0.0017421817509452161,1.0,0.0,0.0,0.0
4.276,0.0,0.0,0.5018306298151988,0.0,0.0,-0.0017390629623585618,1.0,0.0,0.0,0.0
4.2780000000000005,0.0,0.0,0.5018271548031831,0.0,0.0,-0.0017359490533097727,1.0,0.0,0.0,0.0
4.28,0.0,0.0,0.5018236860141108,0.0,0.0,-0.0017328400189594454,1.0,0.0,0.0,0.0
4.282,0.0,0.0,0.5018202234382373,0.0,0.0,-0.0017297358544602645,1.0,0.0,0.0,0.0
4.284,0.0,0.0,0.5018167670658279,0.0,0.0,-0.001726636554957095,1.0,0.0,0.0,0.0
4.2860000000000005,0.0,0.0,0.5018133168871574,0.0,0.0,-0.0017235421155870534,1.0,0.0,0.0,0.0
4.288,0.0,0.0,0.5018098728925103,0.0,0.0,-0.001720452531479586,1.0,0.0,0.0,0.0
4.29,0.0,0.0,0.5018064350721811,0.0,0.0,-0.0017173677977565468,1.0,0.0,0.0,0.0
4.292,0.0,0.0,0.5018030034164739,0.0,0.0,-0.0017142879095322727,1.0,0.0,0.0,0.0
4.2940000000000005,0.0,0.0,0.5017995779157024,0.0,0.0,-0.0017112128619136571,1.0,0.0,0.0,0.0
4.296,0.0,0.0,0.5017961585601904,0.0,0.0,-0.0017081426500002324,1.0,0.0,0.0,0.0
4.298,0.0,0.0,0.5017927453402715,0.0,0.0,-0.0017050772688842445,1.0,0.0,0.0,0.0
4.3,0.0,0.0,0.501789338246289,0.0,0.0,-0.0017020167136507164,1.0,0.0,0.0,0.0
4.3020000000000005,0.0,0.0,0.501785937268596,0.0,0.0,-0.0016989609793775446,1.0,0.0,0.0,0.0
4.304,0.0,0.0,0.5017825423975555,0.0,0.0,-0.0016959100611355518,1.0,0.0,0.0,0.0
4.306,0.0,0.0,0.5017791536235403,0.0,0.0,-0.0016928639539885767,1.0,0.0,0.0,0.0
4.308,0.0,0.0,0.5017757709369334,0.0,0.0,-0.0016898226529935365,1.0,0.0,0.0,0.0
4.3100000000000005,0.0,0.0,0.5017723943281271,0.0,0.0,-0.0016867861532005137,1.0,0.0,0.0,0.0
4.312,0.0,0.0,0.5017690237875243,0.0,0.0,-0.001683754449652812,1.0,0.0,0.0,0.0
4.314,0.0,0.0,0.5017656593055373,0.0,0.0,-0.0016807275373870447,1.0,0.0,0.0,0.0
4.316,0.0,0.0,0.5017623008725884,0.0,0.0,-0.0016777054114331896,1.0,0.0,0.0,0.0
4.3180000000000005,0.0,0.0,0.5017589484791102,0.0,0.0,-0.0016746880668146837,1.0,0.0,0.0,0.0
4.32,0.0,0.0,0.5017556021155448,0.0,0.0,-0.00167167549854848,1.0,0.0,0.0,0.0
4.322,0.0,0.0,0.5017522617723447,0.0,0.0,-0.001668667701645115,1.0,0.0,0.0,0.0
4.324,0.0,0.0,0.5017489274399719,0.0,0.0,-0.0016656646711087917,1.0,0.0,0.0,0.0
4.3260000000000005,0.0,0.0,0.5017455991088988,0.0,0.0,-0.0016626664019374453,1.0,0.0,0.0,0.0
4.328,0.0,0.0,0.5017422767696078,0.0,0.0,-0.0016596728891228082,1.0,0.0,0.0,0.0
4.33,0.0,0.0,0.501738960412591,0.0,0.0,-0.0016566841276504881,1.0,0.0,0.0,0.0
4.332,0.0,0.0,0.5017356500283509,0.0,0.0,-0.001653700112500035,1.0,0.0,0.0,0.0
4.3340000000000005,0.0,0.0,0.5017323456073997,0.0,0.0,-0.001650720838645006,1.0,0.0,0.0,0.0
4.336,0.0,0.0,0.50172904714026,0.0,0.0,-0.001647746301053035,1.0,0.0,0.0,0.0
4.338,0.0,0.0,0.5017257546174643,0.0,0.0,-0.001644776494685909,1.0,0.0,0.0,0.0
4.34,0.0,0.0,0.5017224680295551,0.0,0.0,-0.0016418114144996303,1.0,0.0,0.0,0.0
4.3420000000000005,0.0,0.0,0.5017191873670852,0.0,0.0,-0.001638851055444482,1.0,0.0,0.0,0.0
4.344,0.0,0.0,0.5017159126206173,0.0,0.0,-0.001635895412465102,1.0,0.0,0.0,0.0
4.346,0.0,0.0,0.5017126437807243,0.0,0.0,-0.0016329444805005466,1.0,0.0,0.0,0.0
4.348,0.0,0.0,0.5017093808379893,0.0,0.0,-0.0016299982544843508,1.0,0.0,0.0,0.0
4.3500000000000005,0.0,0.0,0.5017061237830055,0.0,0.0,-0.0016270567293446112,1.0,0.0,0.0,0.0
4.352,0.0,0.0,0.5017028726063761,0.0,0.0,-0.0016241199000040344,1.0,0.0,0.0,0.0
4.354,0.0,0.0,0.5016996272987148,0.0,0.0,-0.001621187761380016,1.0,0.0,0.0,0.0
4.356,0.0,0.0,0.501696387850645,0.0,0.0,-0.0016182603083846967,1.0,0.0,0.0,0.0
4.358,0.0,0.0,0.5016931542528007,0.0,0.0,-0.001615337535925038,1.0,0.0,0.0,0.0
4.36,0.0,0.0,0.5016899264958259,0.0,0.0,-0.0016124194389028777,1.0,0.0,0.0,0.0
4.362,0.0,0.0,0.5016867045703748,0.0,0.0,-0.001609506012214995,1.0,0.0,0.0,0.0
4.364,0.0,0.0,0.5016834884671119,0.0,0.0,-0.0016065972507531808,1.0,0.0,0.0,0.0
4.366,0.0,0.0,0.5016802781767117,0.0,0.0,-0.0016036931494042986,1.0,0.0,0.0,0.0
4.368,0.0,0.0,0.5016770736898593,0.0,0.0,-0.001600793703050348,1.0,0.0,0.0,0.0
4.37,0.0,0.0,0.5016738749972496,0.0,0.0,-0.001597898906568526,1.0,0.0,0.0,0.0
4.372,0.0,0.0,0.5016706820895882,0.0,0.0,-0.0015950087548312927,1.0,0.0,0.0,0.0
4.374,0.0,0.0,0.5016674949575907,0.0,0.0,-0.0015921232427064265,1.0,0.0,0.0,0.0
4.376,0.0,0.0,0.5016643135919829,0.0,0.0,-0.0015892423650571087,1.0,0.0,0.0,0.0
4.378,0.0,0.0,0.5016611379835011,0.0,0.0,-0.001586366116741955,1.0,0.0,0.0,0.0
4.38,0.0,0.0,0.5016579681228918,0.0,0.0,-0.0015834944926150973,1.0,0.0,0.0,0.0
4.382,0.0,0.0,0.5016548040009117,0.0,0.0,-0.0015806274875262416,1.0,0.0,0.0,0.0
4.384,0.0,0.0,0.5016516456083279,0.0,0.0,-0.001577765096320727,1.0,0.0,0.0,0.0
4.386,0.0,0.0,0.5016484929359177,0.0,0.0,-0.001574907313839587,1.0,0.0,0.0,0.0
4.388,0.0,0.0,0.501645345974469,0.0,0.0,-0.0015720541349196024,1.0,0.0,0.0,0.0
4.39,0.0,0.0,0.5016422047147796,0.0,0.0,-0.0015692055543933797,1.0,0.0,0.0,0.0
4.392,0.0,0.0,0.5016390691476581,0.0,0.0,-0.0015663615670894002,1.0,0.0,0.0,0.0
4.394,0.0,0.0,0.5016359392639231,0.0,0.0,-0.0015635221678320674,1.0,0.0,0.0,0.0
4.396,0.0,0.0,0.5016328150544038,0.0,0.0,-0.001560687351441791,1.0,0.0,0.0,0.0
4.398,0.0,0.0,0.5016296965099396,0.0,0.0,-0.001557857112735027,1.0,0.0,0.0,0.0
4.4,0.0,0.0,0.5016265836213804,0.0,0.0,-0.0015550314465243443,1.0,0.0,0.0,0.0
4.402,0.0,0.0,0.5016234763795862,0.0,0.0,-0.0015522103476184857,1.0,0.0,0.0,0.0
4.404,0.0,0.0,0.5016203747754278,0.0,0.0,-0.001549393810822414,1.0,0.0,0.0,0.0
4.406,0.0,0.0,0.501617278799786,0.0,0.0,-0.0015465818309373864,1.0,0.0,0.0,0.0
4.408,0.0,0.0,0.5016141884435523,0.0,0.0,-0.0015437744027609935,1.0,0.0,0.0,0.0
4.41,0.0,0.0,0.5016111036976285,0.0,0.0,-0.0015409715210872347,1.0,0.0,0.0,0.0
4.412,0.0,0.0,0.5016080245529267,0.0,0.0,-0.001538173180706563,1.0,0.0,0.0,0.0
4.414,0.0,0.0,0.5016049510003696,0.0,0.0,-0.0015353793764059508,1.0,0.0,0.0,0.0
4.416,0.0,0.0,0.5016018830308903,0.0,0.0,-0.0015325901029689304,1.0,0.0,0.0,0.0
4.418,0.0,0.0,0.5015988206354322,0.0,0.0,-0.0015298053551756664,1.0,0.0,0.0,0.0
4.42,0.0,0.0,0.5015957638049492,0.0,0.0,-0.0015270251278030093,1.0,0.0,0.0,0.0
4.422,0.0,0.0,0.5015927125304057,0.0,0.0,-0.0015242494156245405,1.0,0.0,0.0,0.0
4.424,0.0,0.0,0.5015896668027767,0.0,0.0,-0.001521478213410637,1.0,0.0,0.0,0.0
4.426,0.0,0.0,0.5015866266130474,0.0,0.0,-0.0015187115159285283,1.0,0.0,0.0,0.0
4.428,0.0,0.0,0.5015835919522136,0.0,0.0,-0.0015159493179423384,1.0,0.0,0.0,0.0
4.43,0.0,0.0,0.5015805628112814,0.0,0.0,-0.0015131916142131507,1.0,0.0,0.0,0.0
4.432,0.0,0.0,0.5015775391812677,0.0,0.0,-0.0015104383994990604,1.0,0.0,0.0,0.0
4.434,0.0,0.0,0.5015745210531997,0.0,0.0,-0.0015076896685552283,1.0,0.0,0.0,0.0
4.436,0.0,0.0,0.5015715084181149,0.0,0.0,-0.0015049454161339304,1.0,0.0,0.0,0.0
4.438,0.0,0.0,0.5015685012670618,0.0,0.0,-0.0015022056369846217,1.0,0.0,0.0,0.0
4.44,0.0,0.0,0.501565499591099,0.0,0.0,-0.001499470325853972,1.0,0.0,0.0,0.0
4.442,0.0,0.0,0.5015625033812956,0.0,0.0,-0.0014967394774859299,1.0,0.0,0.0,0.0
4.444,0.0,0.0,0.5015595126287314,0.0,0.0,-0.0014940130866217826,1.0,0.0,0.0,0.0
4.446,0.0,0.0,0.5015565273244968,0.0,0.0,-0.0014912911480001888,1.0,0.0,0.0,0.0
4.448,0.0,0.0,0.5015535474596925,0.0,0.0,-0.001488573656357245,1.0,0.0,0.0,0.0
4.45,0.0,0.0,0.5015505730254297,0.0,0.0,-0.0014858606064265295,1.0,0.0,0.0,0.0
4.452,0.0,0.0,0.5015476040128304,0.0,0.0,-0.0014831519929391617,1.0,0.0,0.0,0.0
4.454,0.0,0.0,0.5015446404130268,0.0,0.0,-0.0014804478106238525,1.0,0.0,0.0,0.0
4.456,0.0,0.0,0.501541682217162,0.0,0.0,-0.0014777480542069433,1.0,0.0,0.0,0.0
4.458,0.0,0.0,0.5015387294163893,0.0,0.0,-0.0014750527184124655,1.0,0.0,0.0,0.0
4.46,0.0,0.0,0.501535782001873,0.0,0.0,-0.001472361797962192,1.0,0.0,0.0,0.0
4.462,0.0,0.0,0.5015328399647875,0.0,0.0,-0.001469675287575685,1.0,0.0,0.0,0.0
4.464,0.0,0.0,0.501529903296318,0.0,0.0,-0.0014669931819703435,1.0,0.0,0.0,0.0
4.466,0.0,0.0,0.5015269719876602,0.0,0.0,-0.00146431547586146,1.0,0.0,0.0,0.0
4.468,0.0,0.0,0.5015240460300203,0.0,0.0,-0.0014616421639622621,1.0,0.0,0.0,0.0
4.47,0.0,0.0,0.5015211254146154,0.0,0.0,-0.0014589732409839675,1.0,0.0,0.0,0.0
4.472,0.0,0.0,0.5015182101326727,0.0,0.0,-0.001456308701635825,1.0,0.0,0.0,0.0
4.474,0.0,0.0,0.5015153001754304,0.0,0.0,-0.0014536485406251656,1.0,0.0,0.0,0.0
4.476,0.0,0.0,0.5015123955341372,0.0,0.0,-0.0014509927526574577,1.0,0.0,0.0,0.0
4.478,0.0,0.0,0.501509496200052,0.0,0.0,-0.0014483413324363516,1.0,0.0,0.0,0.0
4.48,0.0,0.0,0.501506602164445,0.0,0.0,-0.0014456942746637245,1.0,0.0,0.0,0.0
4.482,0.0,0.0,0.5015037134185962,0.0,0.0,-0.0014430515740397232,1.0,0.0,0.0,0.0
4.484,0.0,0.0,0.501500829953797,0.0,0.0,-0.001440413225262825,1.0,0.0,0.0,0.0
4.486,0.0,0.0,0.5014979517613487,0.0,0.0,-0.0014377792230298695,1.0,0.0,0.0,0.0
4.488,0.0,0.0,0.5014950788325636,0.0,0.0,-0.001435149562036122,1.0,0.0,0.0,0.0
4.49,0.0,0.0,0.5014922111587646,0.0,0.0,-0.0014325242369753028,1.0,0.0,0.0,0.0
4.492,0.0,0.0,0.5014893487312851,0.0,0.0,-0.001429903242539647,1.0,0.0,0.0,0.0
4.494,0.0,0.0,0.5014864915414692,0.0,0.0,-0.0014272865734199435,1.0,0.0,0.0,0.0
4.496,0.0,0.0,0.5014836395806714,0.0,0.0,-0.0014246742243055749,1.0,0.0,0.0,0.0
4.498,0.0,0.0,0.5014807928402573,0.0,0.0,-0.001422066189884584,1.0,0.0,0.0,0.0
4.5,0.0,0.0,0.5014779513116026,0.0,0.0,-0.0014194624648436922,1.0,0.0,0.0,0.0
4.502,0.0,0.0,0.5014751149860939,0.0,0.0,-0.0014168630438683664,1.0,0.0,0.0,0.0
4.5040000000000004,0.0,0.0,0.5014722838551283,0.0,0.0,-0.001414267921642852,1.0,0.0,0.0,0.0
4.506,0.0,0.0,0.5014694579101139,0.0,0.0,-0.0014116770928502178,1.0,0.0,0.0,0.0
4.508,0.0,0.0,0.5014666371424689,0.0,0.0,-0.001409090552172407,1.0,0.0,0.0,0.0
4.51,0.0,0.0,0.5014638215436223,0.0,0.0,-0.001406508294290275,1.0,0.0,0.0,0.0
4.5120000000000005,0.0,0.0,0.5014610111050142,0.0,0.0,-0.0014039303138836368,1.0,0.0,0.0,0.0
4.514,0.0,0.0,0.5014582058180946,0.0,0.0,-0.001401356605631309,1.0,0.0,0.0,0.0
4.516,0.0,0.0,0.5014554056743248,0.0,0.0,-0.0013987871642111523,1.0,0.0,0.0,0.0
4.518,0.0,0.0,0.5014526106651763,0.0,0.0,-0.0013962219843001145,1.0,0.0,0.0,0.0
4.5200000000000005,0.0,0.0,0.5014498207821314,0.0,0.0,-0.0013936610605742802,1.0,0.0,0.0,0.0
4.522,0.0,0.0,0.5014470360166832,0.0,0.0,-0.0013911043877089023,1.0,0.0,0.0,0.0
4.524,0.0,0.0,0.5014442563603351,0.0,0.0,-0.001388551960378456,1.0,0.0,0.0,0.0
4.526,0.0,0.0,0.5014414818046015,0.0,0.0,-0.0013860037732566634,1.0,0.0,0.0,0.0
4.5280000000000005,0.0,0.0,0.5014387123410072,0.0,0.0,-0.001383459821016557,1.0,0.0,0.0,0.0
4.53,0.0,0.0,0.5014359479610879,0.0,0.0,-0.001380920098330512,1.0,0.0,0.0,0.0
4.532,0.0,0.0,0.5014331886563898,0.0,0.0,-0.0013783845998702861,1.0,0.0,0.0,0.0
4.534,0.0,0.0,0.5014304344184696,0.0,0.0,-0.0013758533203070574,1.0,0.0,0.0,0.0
4.5360000000000005,0.0,0.0,0.5014276852388949,0.0,0.0,-0.0013733262543114745,1.0,0.0,0.0,0.0
4.538,0.0,0.0,0.5014249411092441,0.0,0.0,-0.0013708033965536888,1.0,0.0,0.0,0.0
4.54,0.0,0.0,0.5014222020211058,0.0,0.0,-0.0013682847417034044,1.0,0.0,0.0,0.0
4.542,0.0,0.0,0.5014194679660796,0.0,0.0,-0.0013657702844299092,1.0,0.0,0.0,0.0
4.5440000000000005,0.0,0.0,0.5014167389357758,0.0,0.0,-0.0013632600194021256,1.0,0.0,0.0,0.0
4.546,0.0,0.0,0.501414014921815,0.0,0.0,-0.0013607539412886379,1.0,0.0,0.0,0.0
4.548,0.0,0.0,0.501411295915829,0.0,0.0,-0.0013582520447577363,1.0,0.0,0.0,0.0
4.55,0.0,0.0,0.5014085819094598,0.0,0.0,-0.0013557543244774688,1.0,0.0,0.0,0.0
4.5520000000000005,0.0,0.0,0.5014058728943602,0.0,0.0,-0.00135326077511566,1.0,0.0,0.0,0.0
4.554,0.0,0.0,0.5014031688621938,0.0,0.0,-0.0013507713913399673,1.0,0.0,0.0,0.0
4.556,0.0,0.0,0.5014004698046347,0.0,0.0,-0.0013482861678179095,1.0,0.0,0.0,0.0
4.558,0.0,0.0,0.5013977757133676,0.0,0.0,-0.001345805099216906,1.0,0.0,0.0,0.0
4.5600000000000005,0.0,0.0,0.5013950865800882,0.0,0.0,-0.001343328180204323,1.0,0.0,0.0,0.0
4.562,0.0,0.0,0.5013924023965026,0.0,0.0,-0.0013408554054475052,1.0,0.0,0.0,0.0
4.564,0.0,0.0,0.5013897231543276,0.0,0.0,-0.0013383867696138152,1.0,0.0,0.0,0.0
4.566,0.0,0.0,0.5013870488452906,0.0,0.0,-0.0013359222673706723,1.0,0.0,0.0,0.0
4.5680000000000005,0.0,0.0,0.5013843794611299,0.0,0.0,-0.0013334618933855884,1.0,0.0,0.0,0.0
4.57,0.0,0.0,0.5013817149935942,0.0,0.0,-0.0013310056423262067,1.0,0.0,0.0,0.0
4.572,0.0,0.0,0.5013790554344429,0.0,0.0,-0.0013285535088603372,1.0,0.0,0.0,0.0
4.574,0.0,0.0,0.5013764007754464,0.0,0.0,-0.0013261054876559965,1.0,0.0,0.0,0.0
4.5760000000000005,0.0,0.0,0.5013737510083854,0.0,0.0,-0.0013236615733814422,1.0,0.0,0.0,0.0
4.578,0.0,0.0,0.5013711061250513,0.0,0.0,-0.001321221760705213,1.0,0.0,0.0,0.0
4.58,0.0,0.0,0.5013684661172463,0.0,0.0,-0.0013187860442961598,1.0,0.0,0.0,0.0
4.582,0.0,0.0,0.5013658309767831,0.0,0.0,-0.0013163544188234857,1.0,0.0,0.0,0.0
4.5840000000000005,0.0,0.0,0.5013632006954853,0.0,0.0,-0.0013139268789567806,1.0,0.0,0.0,0.0
4.586,0.0,0.0,0.5013605752651871,0.0,0.0,-0.001311503419366054,1.0,0.0,0.0,0.0
4.588,0.0,0.0,0.501357954677733,0.0,0.0,-0.001309084034721784,1.0,0.0,0.0,0.0
4.59,0.0,0.0,0.5013553389249786,0.0,0.0,-0.0013066687196949286,1.0,0.0,0.0,0.0
4.5920000000000005,0.0,0.0,0.5013527279987899,0.0,0.0,-0.0013042574689569857,1.0,0.0,0.0,0.0
4.594,0.0,0.0,0.5013501218910438,0.0,0.0,-0.0013018502771800112,1.0,0.0,0.0,0.0
4.596,0.0,0.0,0.5013475205936275,0.0,0.0,-0.0012994471390366609,1.0,0.0,0.0,0.0
4.598,0.0,0.0,0.5013449240984393,0.0,0.0,-0.0012970480492002234,1.0,0.0,0.0,0.0
4.6000000000000005,0.0,0.0,0.5013423323973878,0.0,0.0,-0.001294653002344655,1.0,0.0,0.0,0.0
4.602,0.0,0.0,0.5013397454823924,0.0,0.0,-0.0012922619931446159,1.0,0.0,0.0,0.0
4.604,0.0,0.0,0.5013371633453829,0.0,0.0,-0.001289875016275501,1.0,0.0,0.0,0.0
4.606,0.0,0.0,0.5013345859783003,0.0,0.0,-0.001287492066413473,1.0,0.0,0.0,0.0
4.6080000000000005,0.0,0.0,0.5013320133730956,0.0,0.0,-0.0012851131382354973,1.0,0.0,0.0,0.0
4.61,0.0,0.0,0.501329445521731,0.0,0.0,-0.001282738226419378,1.0,0.0,0.0,0.0
4.612,0.0,0.0,0.501326882416179,0.0,0.0,-0.0012803673256437898,1.0,0.0,0.0,0.0
4.614,0.0,0.0,0.5013243240484228,0.0,0.0,-0.0012780004305883092,1.0,0.0,0.0,0.0
4.616,0.0,0.0,0.5013217704104562,0.0,0.0,-0.0012756375359334472,1.0,0.0,0.0,0.0
4.618,0.0,0.0,0.501319221494284,0.0,0.0,-0.0012732786363606815,1.0,0.0,0.0,0.0
4.62,0.0,0.0,0.5013166772919211,0.0,0.0,-0.001270923726552495,1.0,0.0,0.0,0.0
4.622,0.0,0.0,0.5013141377953934,0.0,0.0,-0.0012685728011924044,1.0,0.0,0.0,0.0
4.624,0.0,0.0,0.5013116029967372,0.0,0.0,-0.0012662258549649853,1.0,0.0,0.0,0.0
4.626,0.0,0.0,0.5013090728879996,0.0,0.0,-0.0012638828825559105,1.0,0.0,0.0,0.0
4.628,0.0,0.0,0.5013065474612385,0.0,0.0,-0.0012615438786519905,1.0,0.0,0.0,0.0
4.63,0.0,0.0,0.5013040267085219,0.0,0.0,-0.0012592088379411864,1.0,0.0,0.0,0.0
4.632,0.0,0.0,0.5013015106219288,0.0,0.0,-0.0012568777551126569,1.0,0.0,0.0,0.0
4.634,0.0,0.0,0.5012989991935489,0.0,0.0,-0.0012545506248567786,1.0,0.0,0.0,0.0
4.636,0.0,0.0,0.5012964924154822,0.0,0.0,-0.00125222744186519,1.0,0.0,0.0,0.0
4.638,0.0,0.0,0.5012939902798396,0.0,0.0,-0.0012499082008308046,1.0,0.0,0.0,0.0
4.64,0.0,0.0,0.5012914927787423,0.0,0.0,-0.0012475928964478578,1.0,0.0,0.0,0.0
4.642,0.0,0.0,0.5012889999043224,0.0,0.0,-0.0012452815234119316,1.0,0.0,0.0,0.0
4.644,0.0,0.0,0.5012865116487226,0.0,0.0,-0.0012429740764199752,1.0,0.0,0.0,0.0
4.646,0.0,0.0,0.501284028004096,0.0,0.0,-0.0012406705501703558,1.0,0.0,0.0,0.0
4.648,0.0,0.0,0.5012815489626065,0.0,0.0,-0.0012383709393628652,1.0,0.0,0.0,0.0
4.65,0.0,0.0,0.5012790745164284,0.0,0.0,-0.0012360752386987694,1.0,0.0,0.0,0.0
4.652,0.0,0.0,0.5012766046577468,0.0,0.0,-0.0012337834428808266,1.0,0.0,0.0,0.0
4.654,0.0,0.0,0.5012741393787573,0.0,0.0,-0.0012314955466133195,1.0,0.0,0.0,0.0
4.656,0.0,0.0,0.5012716786716661,0.0,0.0,-0.001229211544602086,1.0,0.0,0.0,0.0
4.658,0.0,0.0,0.50126922252869,0.0,0.0,-0.0012269314315545461,1.0,0.0,0.0,0.0
4.66,0.0,0.0,0.5012667709420563,0.0,0.0,-0.0012246552021797318,1.0,0.0,0.0,0.0
4.662,0.0,0.0,0.5012643239040029,0.0,0.0,-0.0012223828511883166,1.0,0.0,0.0,0.0
4.664,0.0,0.0,0.5012618814067784,0.0,0.0,-0.0012201143732926407,1.0,0.0,0.0,0.0
4.666,0.0,0.0,0.501259443442642,0.0,0.0,-0.0012178497632067459,1.0,0.0,0.0,0.0
4.668,0.0,0.0,0.5012570100038631,0.0,0.0,-0.0012155890156463965,1.0,0.0,0.0,0.0
4.67,0.0,0.0,0.5012545810827221,0.0,0.0,-0.001213332125329109,1.0,0.0,0.0,0.0
4.672,0.0,0.0,0.5012521566715098,0.0,0.0,-0.00121107908697419,1.0,0.0,0.0,0.0
4.674,0.0,0.0,0.5012497367625275,0.0,0.0,-0.001208829895302748,1.0,0.0,0.0,0.0
4.676,0.0,0.0,0.5012473213480871,0.0,0.0,-0.001206584545037727,1.0,0.0,0.0,0.0
4.678,0.0,0.0,0.5012449104205112,0.0,0.0,-0.0012043430309039377,1.0,0.0,0.0,0.0
4.68,0.0,0.0,0.5012425039721327,0.0,0.0,-0.0012021053476280867,1.0,0.0,0.0,0.0
4.682,0.0,0.0,0.5012401019952951,0.0,0.0,-0.001199871489938796,1.0,0.0,0.0,0.0
4.684,0.0,0.0,0.5012377044823526,0.0,0.0,-0.0011976414525666276,1.0,0.0,0.0,0.0
4.686,0.0,0.0,0.5012353114256698,0.0,0.0,-0.001195415230244122,1.0,0.0,0.0,0.0
4.688,0.0,0.0,0.5012329228176219,0.0,0.0,-0.0011931928177058165,1.0,0.0,0.0,0.0
4.69,0.0,0.0,0.5012305386505945,0.0,0.0,-0.001190974209688277,1.0,0.0,0.0,0.0
4.692,0.0,0.0,0.5012281589169839,0.0,0.0,-0.0011887594009301157,1.0,0.0,0.0,0.0
4.694,0.0,0.0,0.5012257836091968,0.0,0.0,-0.0011865483861720231,1.0,0.0,0.0,0.0
4.696,0.0,0.0,0.5012234127196504,0.0,0.0,-0.0011843411601567932,1.0,0.0,0.0,0.0
4.698,0.0,0.0,0.5012210462407727,0.0,0.0,-0.0011821377176293476,1.0,0.0,0.0,0.0
4.7,0.0,0.0,0.5012186841650017,0.0,0.0,-0.0011799380533367683,1.0,0.0,0.0,0.0
4.702,0.0,0.0,0.5012163264847863,0.0,0.0,-0.001177742162028308,1.0,0.0,0.0,0.0
4.704,0.0,0.0,0.5012139731925859,0.0,0.0,-0.0011755500384554361,1.0,0.0,0.0,0.0
4.706,0.0,0.0,0.5012116242808701,0.0,0.0,-0.001173361677371846,1.0,0.0,0.0,0.0
4.708,0.0,0.0,0.5012092797421192,0.0,0.0,-0.0011711770735334838,1.0,0.0,0.0,0.0
4.71,0.0,0.0,0.5012069395688239,0.0,0.0,-0.0011689962216985797,1.0,0.0,0.0,0.0
4.712,0.0,0.0,0.5012046037534855,0.0,0.0,-0.0011668191166276662,1.0,0.0,0.0,0.0
4.714,0.0,0.0,0.5012022722886158,0.0,0.0,-0.0011646457530836065,1.0,0.0,0.0,0.0
4.716,0.0,0.0,0.5011999451667369,0.0,0.0,-0.0011624761258316224,1.0,0.0,0.0,0.0
4.718,0.0,0.0,0.5011976223803815,0.0,0.0,-0.0011603102296393094,1.0,0.0,0.0,0.0
4.72,0.0,0.0,0.5011953039220925,0.0,0.0,-0.0011581480592766607,1.0,0.0,0.0,0.0
4.722,0.0,0.0,0.5011929897844237,0.0,0.0,-0.0011559896095161034,1.0,0.0,0.0,0.0
4.724,0.0,0.0,0.501190679959939,0.0,0.0,-0.001153834875132512,1.0,0.0,0.0,0.0
4.726,0.0,0.0,0.501188374441213,0.0,0.0,-0.0011516838509032308,1.0,0.0,0.0,0.0
4.728,0.0,0.0,0.5011860732208305,0.0,0.0,-0.0011495365316081011,1.0,0.0,0.0,0.0
4.73,0.0,0.0,0.5011837762913869,0.0,0.0,-0.0011473929120294902,1.0,0.0,0.0,0.0
4.732,0.0,0.0,0.5011814836454879,0.0,0.0,-0.0011452529869523025,1.0,0.0,0.0,0.0
4.734,0.0,0.0,0.5011791952757497,0.0,0.0,-0.0011431167511640138,1.0,0.0,0.0,0.0
4.736,0.0,0.0,0.5011769111747991,0.0,0.0,-0.0011409841994546835,1.0,0.0,0.0,0.0
4.738,0.0,0.0,0.5011746313352731,0.0,0.0,-0.0011388553266169854,1.0,0.0,0.0,0.0
4.74,0.0,0.0,0.501172355749819,0.0,0.0,-0.0011367301274462331,1.0,0.0,0.0,0.0
4.742,0.0,0.0,0.5011700844110948,0.0,0.0,-0.001134608596740387,1.0,0.0,0.0,0.0
4.744,0.0,0.0,0.5011678173117687,0.0,0.0,-0.001132490729300093,1.0,0.0,0.0,0.0
4.746,0.0,0.0,0.5011655544445195,0.0,0.0,-0.0011303765199286975,1.0,0.0,0.0,0.0
4.748,0.0,0.0,0.5011632958020361,0.0,0.0,-0.0011282659634322717,1.0,0.0,0.0,0.0
4.75,0.0,0.0,0.5011610413770181,0.0,0.0,-0.0011261590546196294,1.0,0.0,0.0,0.0
4.752,0.0,0.0,0.5011587911621752,0.0,0.0,-0.0011240557883023554,1.0,0.0,0.0,0.0
4.7540000000000004,0.0,0.0,0.5011565451502276,0.0,0.0,-0.0011219561592948166,1.0,0.0,0.0,0.0
4.756,0.0,0.0,0.5011543033339059,0.0,0.0,-0.0011198601624141935,1.0,0.0,0.0,0.0
4.758,0.0,0.0,0.5011520657059509,0.0,0.0,-0.0011177677924805016,1.0,0.0,0.0,0.0
4.76,0.0,0.0,0.5011498322591141,0.0,0.0,-0.001115679044316602,1.0,0.0,0.0,0.0
4.7620000000000005,0.0,0.0,0.5011476029861571,0.0,0.0,-0.0011135939127482342,1.0,0.0,0.0,0.0
4.764,0.0,0.0,0.5011453778798518,0.0,0.0,-0.0011115123926040322,1.0,0.0,0.0,0.0
4.766,0.0,0.0,0.5011431569329805,0.0,0.0,-0.0011094344787155404,1.0,0.0,0.0,0.0
4.768,0.0,0.0,0.5011409401383359,0.0,0.0,-0.0011073601659172443,1.0,0.0,0.0,0.0
4.7700000000000005,0.0,0.0,0.5011387274887209,0.0,0.0,-0.0011052894490465857,1.0,0.0,0.0,0.0
4.772,0.0,0.0,0.5011365189769489,0.0,0.0,-0.0011032223229439798,1.0,0.0,0.0,0.0
4.774,0.0,0.0,0.5011343145958435,0.0,0.0,-0.0011011587824528437,1.0,0.0,0.0,0.0
4.776,0.0,0.0,0.5011321143382386,0.0,0.0,-0.0010990988224196042,1.0,0.0,0.0,0.0
4.7780000000000005,0.0,0.0,0.5011299181969785,0.0,0.0,-0.0010970424376937286,1.0,0.0,0.0,0.0
4.78,0.0,0.0,0.5011277261649176,0.0,0.0,-0.0010949896231277469,1.0,0.0,0.0,0.0
4.782,0.0,0.0,0.5011255382349209,0.0,0.0,-0.0010929403735772587,1.0,0.0,0.0,0.0
4.784,0.0,0.0,0.5011233543998634,0.0,0.0,-0.0010908946839009615,1.0,0.0,0.0,0.0
4.7860000000000005,0.0,0.0,0.5011211746526306,0.0,0.0,-0.0010888525489606686,1.0,0.0,0.0,0.0
4.788,0.0,0.0,0.501118998986118,0.0,0.0,-0.00108681396362133,1.0,0.0,0.0,0.0
4.79,0.0,0.0,0.5011168273932316,0.0,0.0,-0.001084778922751044,1.0,0.0,0.0,0.0
4.792,0.0,0.0,0.5011146598668876,0.0,0.0,-0.0010827474212210882,1.0,0.0,0.0,0.0
4.7940000000000005,0.0,0.0,0.5011124964000125,0.0,0.0,-0.001080719453905934,1.0,0.0,0.0,0.0
4.796,0.0,0.0,0.501110336985543,0.0,0.0,-0.0010786950156832541,1.0,0.0,0.0,0.0
4.798,0.0,0.0,0.5011081816164259,0.0,0.0,-0.001076674101433961,1.0,0.0,0.0,0.0
4.8,0.0,0.0,0.5011060302856184,0.0,0.0,-0.0010746567060422076,1.0,0.0,0.0,0.0
4.8020000000000005,0.0,0.0,0.501103882986088,0.0,0.0,-0.0010726428243954184,1.0,0.0,0.0,0.0
4.804,0.0,0.0,0.5011017397108122,0.0,0.0,-0.0010706324513842975,1.0,0.0,0.0,0.0
4.806,0.0,0.0,0.5010996004527789,0.0,0.0,-0.0010686255819028598,1.0,0.0,0.0,0.0
4.808,0.0,0.0,0.5010974652049861,0.0,0.0,-0.0010666222108484315,1.0,0.0,0.0,0.0
4.8100000000000005,0.0,0.0,0.5010953339604421,0.0,0.0,-0.0010646223331216855,1.0,0.0,0.0,0.0
4.812,0.0,0.0,0.5010932067121654,0.0,0.0,-0.0010626259436266518,1.0,0.0,0.0,0.0
4.814,0.0,0.0,0.5010910834531845,0.0,0.0,-0.0010606330372707287,1.0,0.0,0.0,0.0
4.816,0.0,0.0,0.5010889641765383,0.0,0.0,-0.001058643608964707,1.0,0.0,0.0,0.0
4.8180000000000005,0.0,0.0,0.5010868488752757,0.0,0.0,-0.0010566576536227917,1.0,0.0,0.0,0.0
4.82,0.0,0.0,0.5010847375424559,0.0,0.0,-0.001054675166162613,1.0,0.0,0.0,0.0
4.822,0.0,0.0,0.5010826301711482,0.0,0.0,-0.001052696141505243,1.0,0.0,0.0,0.0
4.824,0.0,0.0,0.5010805267544322,0.0,0.0,-0.0010507205745752183,1.0,0.0,0.0,0.0
4.8260000000000005,0.0,0.0,0.5010784272853973,0.0,0.0,-0.00104874846030055,1.0,0.0,0.0,0.0
4.828,0.0,0.0,0.5010763317571434,0.0,0.0,-0.0010467797936127413,1.0,0.0,0.0,0.0
4.83,0.0,0.0,0.5010742401627803,0.0,0.0,-0.0010448145694468161,1.0,0.0,0.0,0.0
4.832,0.0,0.0,0.5010721524954281,0.0,0.0,-0.0010428527827413192,1.0,0.0,0.0,0.0
4.8340000000000005,0.0,0.0,0.5010700687482169,0.0,0.0,-0.001040894428438341,1.0,0.0,0.0,0.0
4.836,0.0,0.0,0.5010679889142869,0.0,0.0,-0.0010389395014835279,1.0,0.0,0.0,0.0
4.838,0.0,0.0,0.5010659129867886,0.0,0.0,-0.0010369879968261152,1.0,0.0,0.0,0.0
4.84,0.0,0.0,0.5010638409588823,0.0,0.0,-0.0010350399094189258,1.0,0.0,0.0,0.0
4.8420000000000005,0.0,0.0,0.5010617728237388,0.0,0.0,-0.0010330952342183885,1.0,0.0,0.0,0.0
4.844,0.0,0.0,0.5010597085745384,0.0,0.0,-0.0010311539661845637,1.0,0.0,0.0,0.0
4.846,0.0,0.0,0.501057648204472,0.0,0.0,-0.0010292161002811455,1.0,0.0,0.0,0.0
4.848,0.0,0.0,0.5010555917067402,0.0,0.0,-0.0010272816314754914,1.0,0.0,0.0,0.0
4.8500000000000005,0.0,0.0,0.501053539074554,0.0,0.0,-0.0010253505547386248,1.0,0.0,0.0,0.0
4.852,0.0,0.0,0.5010514903011342,0.0,0.0,-0.0010234228650452643,1.0,0.0,0.0,0.0
4.854,0.0,0.0,0.5010494453797117,0.0,0.0,-0.0010214985573738233,1.0,0.0,0.0,0.0
4.856,0.0,0.0,0.5010474043035277,0.0,0.0,-0.0010195776267064418,1.0,0.0,0.0,0.0
4.8580000000000005,0.0,0.0,0.5010453670658329,0.0,0.0,-0.0010176600680289866,1.0,0.0,0.0,0.0
4.86,0.0,0.0,0.5010433336598885,0.0,0.0,-0.0010157458763310765,1.0,0.0,0.0,0.0
4.862,0.0,0.0,0.5010413040789655,0.0,0.0,-0.001013835046606092,1.0,0.0,0.0,0.0
4.864,0.0,0.0,0.5010392783163451,0.0,0.0,-0.0010119275738511946,1.0,0.0,0.0,0.0
4.866,0.0,0.0,0.5010372563653182,0.0,0.0,-0.001010023453067332,1.0,0.0,0.0,0.0
4.868,0.0,0.0,0.5010352382191858,0.0,0.0,-0.0010081226792592682,1.0,0.0,0.0,0.0
4.87,0.0,0.0,0.5010332238712591,0.0,0.0,-0.0010062252474355824,1.0,0.0,0.0,0.0
4.872,0.0,0.0,0.5010312133148591,0.0,0.0,-0.0010043311526086911,1.0,0.0,0.0,0.0
4.874,0.0,0.0,0.5010292065433167,0.0,0.0,-0.0010024403897948653,1.0,0.0,0.0,0.0
4.876,0.0,0.0,0.5010272035499729,0.0,0.0,-0.0010005529540142377,1.0,0.0,0.0,0.0
4.878,0.0,0.0,0.5010252043281785,0.0,0.0,-0.0009986688402908173,1.0,0.0,0.0,0.0
4.88,0.0,0.0,0.5010232088712946,0.0,0.0,-0.0009967880436525065,1.0,0.0,0.0,0.0
4.882,0.0,0.0,0.5010212171726918,0.0,0.0,-0.0009949105591311196,1.0,0.0,0.0,0.0
4.884,0.0,0.0,0.5010192292257509,0.0,0.0,-0.0009930363817623857,1.0,0.0,0.0,0.0
4.886,0.0,0.0,0.5010172450238626,0.0,0.0,-0.0009911655065859705,1.0,0.0,0.0,0.0
4.888,0.0,0.0,0.5010152645604273,0.0,0.0,-0.000989297928645483,1.0,0.0,0.0,0.0
4.89,0.0,0.0,0.5010132878288557,0.0,0.0,-0.0009874336429884975,1.0,0.0,0.0,0.0
4.892,0.0,0.0,0.501011314822568,0.0,0.0,-0.0009855726446665598,1.0,0.0,0.0,0.0
4.894,0.0,0.0,0.5010093455349945,0.0,0.0,-0.000983714928735202,1.0,0.0,0.0,0.0
4.896,0.0,0.0,0.5010073799595756,0.0,0.0,-0.0009818604902539598,1.0,0.0,0.0,0.0
4.898,0.0,0.0,0.5010054180897611,0.0,0.0,-0.0009800093242863803,1.0,0.0,0.0,0.0
4.9,0.0,0.0,0.5010034599190109,0.0,0.0,-0.0009781614259000357,1.0,0.0,0.0,0.0
4.902,0.0,0.0,0.5010015054407948,0.0,0.0,-0.0009763167901665376,1.0,0.0,0.0,0.0
4.904,0.0,0.0,0.5009995546485925,0.0,0.0,-0.0009744754121615515,1.0,0.0,0.0,0.0
4.906,0.0,0.0,0.5009976075358934,0.0,0.0,-0.0009726372869648067,1.0,0.0,0.0,0.0
4.908,0.0,0.0,0.5009956640961968,0.0,0.0,-0.0009708024096601115,1.0,0.0,0.0,0.0
4.91,0.0,0.0,0.5009937243230118,0.0,0.0,-0.0009689707753353595,1.0,0.0,0.0,0.0
4.912,0.0,0.0,0.5009917882098573,0.0,0.0,-0.0009671423790825478,1.0,0.0,0.0,0.0
4.914,0.0,0.0,0.5009898557502622,0.0,0.0,-0.0009653172159977842,1.0,0.0,0.0,0.0
4.916,0.0,0.0,0.5009879269377651,0.0,0.0,-0.0009634952811813078,1.0,0.0,0.0,0.0
4.918,0.0,0.0,0.5009860017659141,0.0,0.0,-0.0009616765697374937,1.0,0.0,0.0,0.0
4.92,0.0,0.0,0.5009840802282676,0.0,0.0,-0.0009598610767748624,1.0,0.0,0.0,0.0
4.922,0.0,0.0,0.5009821623183934,0.0,0.0,-0.0009580487974061056,1.0,0.0,0.0,0.0
4.924,0.0,0.0,0.5009802480298693,0.0,0.0,-0.0009562397267480789,1.0,0.0,0.0,0.0
4.926,0.0,0.0,0.5009783373562826,0.0,0.0,-0.0009544338599218299,1.0,0.0,0.0,0.0
4.928,0.0,0.0,0.5009764302912306,0.0,0.0,-0.0009526311920525983,1.0,0.0,0.0,0.0
4.93,0.0,0.0,0.5009745268283203,0.0,0.0,-0.0009508317182698412,1.0,0.0,0.0,0.0
4.932,0.0,0.0,0.5009726269611684,0.0,0.0,-0.0009490354337072219,1.0,0.0,0.0,0.0
4.934,0.0,0.0,0.5009707306834011,0.0,0.0,-0.000947242333502642,1.0,0.0,0.0,0.0
4.936,0.0,0.0,0.5009688379886549,0.0,0.0,-0.0009454524127982452,1.0,0.0,0.0,0.0
4.938,0.0,0.0,0.5009669488705754,0.0,0.0,-0.0009436656667404207,1.0,0.0,0.0,0.0
4.94,0.0,0.0,0.5009650633228181,0.0,0.0,-0.0009418820904798351,1.0,0.0,0.0,0.0
4.942,0.0,0.0,0.5009631813390485,0.0,0.0,-0.0009401016791714218,1.0,0.0,0.0,0.0
4.944,0.0,0.0,0.5009613029129414,0.0,0.0,-0.0009383244279744025,1.0,0.0,0.0,0.0
4.946,0.0,0.0,0.5009594280381814,0.0,0.0,-0.0009365503320522938,1.0,0.0,0.0,0.0
4.948,0.0,0.0,0.5009575567084628,0.0,0.0,-0.000934779386572915,1.0,0.0,0.0,0.0
4.95,0.0,0.0,0.5009556889174894,0.0,0.0,-0.0009330115867084123,1.0,0.0,0.0,0.0
4.952,0.0,0.0,0.5009538246589751,0.0,0.0,-0.0009312469276352557,1.0,0.0,0.0,0.0
4.954,0.0,0.0,0.5009519639266429,0.0,0.0,-0.0009294854045342495,1.0,0.0,0.0,0.0
4.956,0.0,0.0,0.5009501067142258,0.0,0.0,-0.0009277270125905572,1.0,0.0,0.0,0.0
4.958,0.0,0.0,0.5009482530154662,0.0,0.0,-0.0009259717469936908,1.0,0.0,0.0,0.0
4.96,0.0,0.0,0.5009464028241163,0.0,0.0,-0.0009242196029375392,1.0,0.0,0.0,0.0
4.962,0.0,0.0,0.5009445561339377,0.0,0.0,-0.0009224705756203682,1.0,0.0,0.0,0.0
4.964,0.0,0.0,0.5009427129387019,0.0,0.0,-0.0009207246602448242,1.0,0.0,0.0,0.0
4.966,0.0,0.0,0.5009408732321896,0.0,0.0,-0.0009189818520179662,1.0,0.0,0.0,0.0
4.968,0.0,0.0,0.5009390370081914,0.0,0.0,-0.0009172421461512512,1.0,0.0,0.0,0.0
4.97,0.0,0.0,0.5009372042605074,0.0,0.0,-0.000915505537860563,1.0,0.0,0.0,0.0
4.972,0.0,0.0,0.5009353749829472,0.0,0.0,-0.0009137720223662049,1.0,0.0,0.0,0.0
4.974,0.0,0.0,0.5009335491693299,0.0,0.0,-0.0009120415948929248,1.0,0.0,0.0,0.0
4.976,0.0,0.0,0.5009317268134843,0.0,0.0,-0.0009103142506699149,1.0,0.0,0.0,0.0
4.978,0.0,0.0,0.5009299079092487,0.0,0.0,-0.000908589984930819,1.0,0.0,0.0,0.0
4.98,0.0,0.0,0.5009280924504709,0.0,0.0,-0.0009068687929137502,1.0,0.0,0.0,0.0
4.982,0.0,0.0,0.5009262804310081,0.0,0.0,-0.0009051506698613016,1.0,0.0,0.0,0.0
4.984,0.0,0.0,0.5009244718447272,0.0,0.0,-0.0009034356110205427,1.0,0.0,0.0,0.0
4.986,0.0,0.0,0.5009226666855046,0.0,0.0,-0.0009017236116430373,1.0,0.0,0.0,0.0
4.988,0.0,0.0,0.500920864947226,0.0,0.0,-0.0009000146669848538,1.0,0.0,0.0,0.0
4.99,0.0,0.0,0.5009190666237867,0.0,0.0,-0.0008983087723065621,1.0,0.0,0.0,0.0
4.992,0.0,0.0,0.5009172717090915,0.0,0.0,-0.0008966059228732617,1.0,0.0,0.0,0.0
4.994,0.0,0.0,0.5009154801970547,0.0,0.0,-0.0008949061139545782,1.0,0.0,0.0,0.0
4.996,0.0,0.0,0.5009136920815999,0.0,0.0,-0.000893209340824667,1.0,0.0,0.0,0.0
4.998,0.0,0.0,0.5009119073566602,0.0,0.0,-0.0008915155987622383,1.0,0.0,0.0,0.0
5.0,0.0,0.0,0.5009101260161785,0.0,0.0,-0.0008898248830505458,1.0,0.0,0.0,0.0
5.002,0.0,0.0,0.5009083480541064,0.0,0.0,-0.0008881371889774122,1.0,0.0,0.0,0.0
5.0040000000000004,0.0,0.0,0.5009065734644056,0.0,0.0,-0.0008864525118352254,1.0,0.0,0.0,0.0
5.006,0.0,0.0,0.5009048022410468,0.0,0.0,-0.0008847708469209563,1.0,0.0,0.0,0.0
5.008,0.0,0.0,0.5009030343780104,0.0,0.0,-0.0008830921895361625,1.0,0.0,0.0,0.0
5.01,0.0,0.0,0.5009012698692858,0.0,0.0,-0.000881416534986988,1.0,0.0,0.0,0.0
5.0120000000000005,0.0,0.0,0.5008995087088722,0.0,0.0,-0.0008797438785841847,1.0,0.0,0.0,0.0
5.014,0.0,0.0,0.500897750890778,0.0,0.0,-0.0008780742156431194,1.0,0.0,0.0,0.0
5.016,0.0,0.0,0.5008959964090209,0.0,0.0,-0.0008764075414837704,1.0,0.0,0.0,0.0
5.018,0.0,0.0,0.500894245257628,0.0,0.0,-0.0008747438514307453,1.0,0.0,0.0,0.0
5.0200000000000005,0.0,0.0,0.5008924974306358,0.0,0.0,-0.0008730831408132843,1.0,0.0,0.0,0.0
5.022,0.0,0.0,0.5008907529220901,0.0,0.0,-0.0008714254049652673,1.0,0.0,0.0,0.0
5.024,0.0,0.0,0.5008890117260458,0.0,0.0,-0.0008697706392252214,1.0,0.0,0.0,0.0
5.026,0.0,0.0,0.5008872738365676,0.0,0.0,-0.0008681188389363384,1.0,0.0,0.0,0.0
5.0280000000000005,0.0,0.0,0.5008855392477293,0.0,0.0,-0.0008664699994464641,1.0,0.0,0.0,0.0
5.03,0.0,0.0,0.5008838079536138,0.0,0.0,-0.0008648241161081195,1.0,0.0,0.0,0.0
5.032,0.0,0.0,0.5008820799483134,0.0,0.0,-0.0008631811842785048,1.0,0.0,0.0,0.0
5.034,0.0,0.0,0.5008803552259298,0.0,0.0,-0.0008615411993195025,1.0,0.0,0.0,0.0
5.0360000000000005,0.0,0.0,0.5008786337805738,0.0,0.0,-0.0008599041565976848,1.0,0.0,0.0,0.0
5.038,0.0,0.0,0.5008769156063657,0.0,0.0,-0.0008582700514843311,1.0,0.0,0.0,0.0
5.04,0.0,0.0,0.5008752006974349,0.0,0.0,-0.0008566388793554175,1.0,0.0,0.0,0.0
5.042,0.0,0.0,0.50087348904792,0.0,0.0,-0.0008550106355916419,1.0,0.0,0.0,0.0
5.0440000000000005,0.0,0.0,0.5008717806519688,0.0,0.0,-0.0008533853155784165,1.0,0.0,0.0,0.0
5.046,0.0,0.0,0.5008700755037385,0.0,0.0,-0.0008517629147058819,1.0,0.0,0.0,0.0
5.048,0.0,0.0,0.5008683735973954,0.0,0.0,-0.0008501434283689115,1.0,0.0,0.0,0.0
5.05,0.0,0.0,0.5008666749271151,0.0,0.0,-0.0008485268519671208,1.0,0.0,0.0,0.0
5.0520000000000005,0.0,0.0,0.5008649794870822,0.0,0.0,-0.000846913180904869,1.0,0.0,0.0,0.0
5.054,0.0,0.0,0.5008632872714907,0.0,0.0,-0.0008453024105912647,1.0,0.0,0.0,0.0
5.056,0.0,0.0,0.5008615982745436,0.0,0.0,-0.0008436945364401808,1.0,0.0,0.0,0.0
5.058,0.0,0.0,0.5008599124904533,0.0,0.0,-0.0008420895538702545,1.0,0.0,0.0,0.0
5.0600000000000005,0.0,0.0,0.5008582299134411,0.0,0.0,-0.0008404874583048944,1.0,0.0,0.0,0.0
5.062,0.0,0.0,0.5008565505377376,0.0,0.0,-0.0008388882451722871,1.0,0.0,0.0,0.0
5.064,0.0,0.0,0.5008548743575825,0.0,0.0,-0.000837291909905398,1.0,0.0,0.0,0.0
5.066,0.0,0.0,0.5008532013672247,0.0,0.0,-0.000835698447941992,1.0,0.0,0.0,0.0
5.0680000000000005,0.0,0.0,0.500851531560922,0.0,0.0,-0.0008341078547246233,1.0,0.0,0.0,0.0
5.07,0.0,0.0,0.5008498649329416,0.0,0.0,-0.0008325201257006454,1.0,0.0,0.0,0.0
5.072,0.0,0.0,0.5008482014775596,0.0,0.0,-0.0008309352563222261,1.0,0.0,0.0,0.0
5.074,0.0,0.0,0.5008465411890612,0.0,0.0,-0.0008293532420463435,1.0,0.0,0.0,0.0
5.0760000000000005,0.0,0.0,0.5008448840617409,0.0,0.0,-0.000827774078334793,1.0,0.0,0.0,0.0
5.078,0.0,0.0,0.5008432300899018,0.0,0.0,-0.0008261977606541982,1.0,0.0,0.0,0.0
5.08,0.0,0.0,0.5008415792678567,0.0,0.0,-0.0008246242844760076,1.0,0.0,0.0,0.0
5.082,0.0,0.0,0.5008399315899269,0.0,0.0,-0.0008230536452765079,1.0,0.0,0.0,0.0
5.0840000000000005,0.0,0.0,0.5008382870504431,0.0,0.0,-0.0008214858385368288,1.0,0.0,0.0,0.0
5.086,0.0,0.0,0.5008366456437449,0.0,0.0,-0.0008199208597429454,1.0,0.0,0.0,0.0
5.088,0.0,0.0,0.5008350073641807,0.0,0.0,-0.0008183587043856825,1.0,0.0,0.0,0.0
5.09,0.0,0.0,0.5008333722061084,0.0,0.0,-0.0008167993679607215,1.0,0.0,0.0,0.0
5.0920000000000005,0.0,0.0,0.5008317401638944,0.0,0.0,-0.0008152428459686107,1.0,0.0,0.0,0.0
5.094,0.0,0.0,0.5008301112319146,0.0,0.0,-0.0008136891339147625,1.0,0.0,0.0,0.0
5.096,0.0,0.0,0.5008284854045534,0.0,0.0,-0.0008121382273094633,1.0,0.0,0.0,0.0
5.098,0.0,0.0,0.5008268626762044,0.0,0.0,-0.0008105901216678739,1.0,0.0,0.0,0.0
5.1000000000000005,0.0,0.0,0.5008252430412702,0.0,0.0,-0.0008090448125100367,1.0,0.0,0.0,0.0
5.102,0.0,0.0,0.5008236264941623,0.0,0.0,-0.0008075022953608859,1.0,0.0,0.0,0.0
5.104,0.0,0.0,0.5008220130293012,0.0,0.0,-0.0008059625657502445,1.0,0.0,0.0,0.0
5.106,0.0,0.0,0.5008204026411163,0.0,0.0,-0.000804425619212831,1.0,0.0,0.0,0.0
5.1080000000000005,0.0,0.0,0.5008187953240457,0.0,0.0,-0.0008028914512882665,1.0,0.0,0.0,0.0
5.11,0.0,0.0,0.5008171910725369,0.0,0.0,-0.0008013600575210753,1.0,0.0,0.0,0.0
5.112,0.0,0.0,0.5008155898810459,0.0,0.0,-0.0007998314334606982,1.0,0.0,0.0,0.0
5.114,0.0,0.0,0.5008139917440377,0.0,0.0,-0.0007983055746614895,1.0,0.0,0.0,0.0
5.1160000000000005,0.0,0.0,0.5008123966559864,0.0,0.0,-0.0007967824766827208,1.0,0.0,0.0,0.0
5.118,0.0,0.0,0.5008108046113746,0.0,0.0,-0.0007952621350885836,1.0,0.0,0.0,0.0
5.12,0.0,0.0,0.500809215604694,0.0,0.0,-0.000793744545448201,1.0,0.0,0.0,0.0
5.122,0.0,0.0,0.5008076296304452,0.0,0.0,-0.0007922297033356309,1.0,0.0,0.0,0.0
5.124,0.0,0.0,0.5008060466831376,0.0,0.0,-0.0007907176043298692,1.0,0.0,0.0,0.0
5.126,0.0,0.0,0.5008044667572892,0.0,0.0,-0.000789208244014843,1.0,0.0,0.0,0.0
5.128,0.0,0.0,0.5008028898474272,0.0,0.0,-0.0007877016179794319,1.0,0.0,0.0,0.0
5.13,0.0,0.0,0.5008013159480874,0.0,0.0,-0.0007861977218174645,1.0,0.0,0.0,0.0
5.132,0.0,0.0,0.5007997450538144,0.0,0.0,-0.0007846965511277184,1.0,0.0,0.0,0.0
5.134,0.0,0.0,0.5007981771591618,0.0,0.0,-0.0007831981015139271,1.0,0.0,0.0,0.0
5.136,0.0,0.0,0.5007966122586917,0.0,0.0,-0.0007817023685847907,1.0,0.0,0.0,0.0
5.138,0.0,0.0,0.5007950503469751,0.0,0.0,-0.0007802093479539728,1.0,0.0,0.0,0.0
5.14,0.0,0.0,0.500793491418592,0.0,0.0,-0.0007787190352400963,1.0,0.0,0.0,0.0
5.142,0.0,0.0,0.5007919354681307,0.0,0.0,-0.0007772314260667614,1.0,0.0,0.0,0.0
5.144,0.0,0.0,0.5007903824901886,0.0,0.0,-0.0007757465160625458,1.0,0.0,0.0,0.0
5.146,0.0,0.0,0.5007888324793717,0.0,0.0,-0.0007742643008610045,1.0,0.0,0.0,0.0
5.148,0.0,0.0,0.5007872854302947,0.0,0.0,-0.0007727847761006699,1.0,0.0,0.0,0.0
5.15,0.0,0.0,0.5007857413375811,0.0,0.0,-0.0007713079374250732,1.0,0.0,0.0,0.0
5.152,0.0,0.0,0.5007842001958632,0.0,0.0,-0.000769833780482719,1.0,0.0,0.0,0.0
5.154,0.0,0.0,0.5007826619997818,0.0,0.0,-0.0007683623009271179,1.0,0.0,0.0,0.0
5.156,0.0,0.0,0.5007811267439864,0.0,0.0,-0.0007668934944167652,1.0,0.0,0.0,0.0
5.158,0.0,0.0,0.5007795944231355,0.0,0.0,-0.0007654273566151651,1.0,0.0,0.0,0.0
5.16,0.0,0.0,0.5007780650318957,0.0,0.0,-0.0007639638831908207,1.0,0.0,0.0,0.0
5.162,0.0,0.0,0.5007765385649426,0.0,0.0,-0.0007625030698172373,1.0,0.0,0.0,0.0
5.164,0.0,0.0,0.5007750150169606,0.0,0.0,-0.000761044912172933,1.0,0.0,0.0,0.0
5.166,0.0,0.0,0.5007734943826425,0.0,0.0,-0.0007595894059414354,1.0,0.0,0.0,0.0
5.168,0.0,0.0,0.5007719766566897,0.0,0.0,-0.0007581365468112884,1.0,0.0,0.0,0.0
5.17,0.0,0.0,0.5007704618338125,0.0,0.0,-0.0007566863304760522,1.0,0.0,0.0,0.0
5.172,0.0,0.0,0.5007689499087293,0.0,0.0,-0.0007552387526343038,1.0,0.0,0.0,0.0
5.174,0.0,0.0,0.5007674408761678,0.0,0.0,-0.000753793808989654,1.0,0.0,0.0,0.0
5.176,0.0,0.0,0.5007659347308635,0.0,0.0,-0.0007523514952507304,1.0,0.0,0.0,0.0
5.178,0.0,0.0,0.5007644314675611,0.0,0.0,-0.0007509118071311908,1.0,0.0,0.0,0.0
5.18,0.0,0.0,0.5007629310810137,0.0,0.0,-0.0007494747403497277,1.0,0.0,0.0,0.0
5.182,0.0,0.0,0.5007614335659827,0.0,0.0,-0.0007480402906300638,1.0,0.0,0.0,0.0
5.184,0.0,0.0,0.5007599389172384,0.0,0.0,-0.0007466084537009598,1.0,0.0,0.0,0.0
5.186,0.0,0.0,0.5007584471295594,0.0,0.0,-0.0007451792252962177,1.0,0.0,0.0,0.0
5.188,0.0,0.0,0.5007569581977329,0.0,0.0,-0.0007437526011546806,1.0,0.0,0.0,0.0
5.19,0.0,0.0,0.5007554721165547,0.0,0.0,-0.0007423285770202297,1.0,0.0,0.0,0.0
5.192,0.0,0.0,0.500753988880829,0.0,0.0,-0.0007409071486418013,1.0,0.0,0.0,0.0
5.194,0.0,0.0,0.5007525084853686,0.0,0.0,-0.0007394883117733732,1.0,0.0,0.0,0.0
5.196,0.0,0.0,0.5007510309249946,0.0,0.0,-0.0007380720621739824,1.0,0.0,0.0,0.0
5.198,0.0,0.0,0.5007495561945369,0.0,0.0,-0.0007366583956077142,1.0,0.0,0.0,0.0
5.2,0.0,0.0,0.5007480842888334,0.0,0.0,-0.0007352473078437057,1.0,0.0,0.0,0.0
5.202,0.0,0.0,0.5007466152027309,0.0,0.0,-0.0007338387946561567,1.0,0.0,0.0,0.0
5.204,0.0,0.0,0.5007451489310845,0.0,0.0,-0.0007324328518243262,1.0,0.0,0.0,0.0
5.206,0.0,0.0,0.5007436854687575,0.0,0.0,-0.0007310294751325322,1.0,0.0,0.0,0.0
5.208,0.0,0.0,0.5007422248106219,0.0,0.0,-0.0007296286603701588,1.0,0.0,0.0,0.0
5.21,0.0,0.0,0.5007407669515582,0.0,0.0,-0.0007282304033316563,1.0,0.0,0.0,0.0
5.212,0.0,0.0,0.500739311886455,0.0,0.0,-0.0007268346998165377,1.0,0.0,0.0,0.0
5.214,0.0,0.0,0.5007378596102096,0.0,0.0,-0.0007254415456293926,1.0,0.0,0.0,0.0
5.216,0.0,0.0,0.5007364101177273,0.0,0.0,-0.0007240509365798772,1.0,0.0,0.0,0.0
5.218,0.0,0.0,0.5007349634039222,0.0,0.0,-0.0007226628684827204,1.0,0.0,0.0,0.0
5.22,0.0,0.0,0.5007335194637166,0.0,0.0,-0.0007212773371577285,1.0,0.0,0.0,0.0
5.222,0.0,0.0,0.500732078292041,0.0,0.0,-0.0007198943384297806,1.0,0.0,0.0,0.0
5.224,0.0,0.0,0.5007306398838345,0.0,0.0,-0.0007185138681288364,1.0,0.0,0.0,0.0
5.226,0.0,0.0,0.5007292042340442,0.0,0.0,-0.0007171359220899326,1.0,0.0,0.0,0.0
5.228,0.0,0.0,0.5007277713376259,0.0,0.0,-0.0007157604961531895,1.0,0.0,0.0,0.0
5.23,0.0,0.0,0.5007263411895436,0.0,0.0,-0.0007143875861638114,1.0,0.0,0.0,0.0
5.232,0.0,0.0,0.5007249137847695,0.0,0.0,-0.0007130171879720798,1.0,0.0,0.0,0.0
5.234,0.0,0.0,0.500723489118284,0.0,0.0,-0.0007116492974333702,1.0,0.0,0.0,0.0
5.236,0.0,0.0,0.5007220671850762,0.0,0.0,-0.000710283910408139,1.0,0.0,0.0,0.0
5.238,0.0,0.0,0.500720647980143,0.0,0.0,-0.0007089210227619297,1.0,0.0,0.0,0.0
5.24,0.0,0.0,0.50071923149849,0.0,0.0,-0.0007075606303653806,1.0,0.0,0.0,0.0
5.242,0.0,0.0,0.5007178177351305,0.0,0.0,-0.0007062027290942104,1.0,0.0,0.0,0.0
5.244,0.0,0.0,0.5007164066850865,0.0,0.0,-0.000704847314829243,1.0,0.0,0.0,0.0
5.246,0.0,0.0,0.5007149983433883,0.0,0.0,-0.0007034943834563861,1.0,0.0,0.0,0.0
5.248,0.0,0.0,0.500713592705074,0.0,0.0,-0.0007021439308666422,1.0,0.0,0.0,0.0
5.25,0.0,0.0,0.5007121897651902,0.0,0.0,-0.0007007959529561084,1.0,0.0,0.0,0.0
5.252,0.0,0.0,0.5007107895187916,0.0,0.0,-0.0006994504456259832,1.0,0.0,0.0,0.0
5.2540000000000004,0.0,0.0,0.5007093919609411,0.0,0.0,-0.0006981074047825529,1.0,0.0,0.0,0.0
5.256,0.0,0.0,0.50070799708671,0.0,0.0,-0.0006967668263372124,1.0,0.0,0.0,0.0
5.258,0.0,0.0,0.5007066048911775,0.0,0.0,-0.0006954287062064479,1.0,0.0,0.0,0.0
5.26,0.0,0.0,0.5007052153694309,0.0,0.0,-0.0006940930403118471,1.0,0.0,0.0,0.0
5.2620000000000005,0.0,0.0,0.500703828516566,0.0,0.0,-0.0006927598245800992,1.0,0.0,0.0,0.0
5.264,0.0,0.0,0.5007024443276865,0.0,0.0,-0.000691429054942992,1.0,0.0,0.0,0.0
5.266,0.0,0.0,0.5007010627979043,0.0,0.0,-0.0006901007273374183,1.0,0.0,0.0,0.0
5.268,0.0,0.0,0.5006996839223392,0.0,0.0,-0.0006887748377053653,1.0,0.0,0.0,0.0
5.2700000000000005,0.0,0.0,0.5006983076961196,0.0,0.0,-0.0006874513819939365,1.0,0.0,0.0,0.0
5.272,0.0,0.0,0.5006969341143814,0.0,0.0,-0.0006861303561553298,1.0,0.0,0.0,0.0
5.274,0.0,0.0,0.5006955631722692,0.0,0.0,-0.0006848117561468483,1.0,0.0,0.0,0.0
5.276,0.0,0.0,0.500694194864935,0.0,0.0,-0.0006834955779309004,1.0,0.0,0.0,0.0
5.2780000000000005,0.0,0.0,0.5006928291875397,0.0,0.0,-0.0006821818174750069,1.0,0.0,0.0,0.0
5.28,0.0,0.0,0.5006914661352514,0.0,0.0,-0.0006808704707517867,1.0,0.0,0.0,0.0
5.282,0.0,0.0,0.5006901057032469,0.0,0.0,-0.0006795615337389639,1.0,0.0,0.0,0.0
5.284,0.0,0.0,0.5006887478867107,0.0,0.0,-0.0006782550024193751,1.0,0.0,0.0,0.0
5.2860000000000005,0.0,0.0,0.5006873926808355,0.0,0.0,-0.0006769508727809585,1.0,0.0,0.0,0.0
5.288,0.0,0.0,0.500686040080822,0.0,0.0,-0.0006756491408167646,1.0,0.0,0.0,0.0
5.29,0.0,0.0,0.5006846900818787,0.0,0.0,-0.0006743498025249457,1.0,0.0,0.0,0.0
5.292,0.0,0.0,0.5006833426792222,0.0,0.0,-0.0006730528539087663,1.0,0.0,0.0,0.0
5.2940000000000005,0.0,0.0,0.5006819978680773,0.0,0.0,-0.0006717582909765929,1.0,0.0,0.0,0.0
5.296,0.0,0.0,0.5006806556436766,0.0,0.0,-0.0006704661097419076,1.0,0.0,0.0,0.0
5.298,0.0,0.0,0.5006793160012606,0.0,0.0,-0.0006691763062232979,1.0,0.0,0.0,0.0
5.3,0.0,0.0,0.5006779789360779,0.0,0.0,-0.0006678888764444565,1.0,0.0,0.0,0.0
5.3020000000000005,0.0,0.0,0.500676644443385,0.0,0.0,-0.0006666038164341848,1.0,0.0,0.0,0.0
5.304,0.0,0.0,0.5006753125184463,0.0,0.0,-0.0006653211222263968,1.0,0.0,0.0,0.0
5.306,0.0,0.0,0.5006739831565342,0.0,0.0,-0.0006640407898601082,1.0,0.0,0.0,0.0
5.308,0.0,0.0,0.500672656352929,0.0,0.0,-0.0006627628153794503,1.0,0.0,0.0,0.0
5.3100000000000005,0.0,0.0,0.5006713321029188,0.0,0.0,-0.0006614871948336527,1.0,0.0,0.0,0.0
5.312,0.0,0.0,0.5006700104017997,0.0,0.0,-0.000660213924277061,1.0,0.0,0.0,0.0
5.314,0.0,0.0,0.5006686912448757,0.0,0.0,-0.000658942999769126,1.0,0.0,0.0,0.0
5.316,0.0,0.0,0.5006673746274586,0.0,0.0,-0.0006576744173744037,1.0,0.0,0.0,0.0
5.3180000000000005,0.0,0.0,0.5006660605448681,0.0,0.0,-0.0006564081731625626,1.0,0.0,0.0,0.0
5.32,0.0,0.0,0.5006647489924317,0.0,0.0,-0.000655144263208369,1.0,0.0,0.0,0.0
5.322,0.0,0.0,0.5006634399654849,0.0,0.0,-0.0006538826835917055,1.0,0.0,0.0,0.0
5.324,0.0,0.0,0.5006621334593709,0.0,0.0,-0.0006526234303975562,1.0,0.0,0.0,0.0
5.3260000000000005,0.0,0.0,0.5006608294694408,0.0,0.0,-0.0006513664997160104,1.0,0.0,0.0,0.0
5.328,0.0,0.0,0.5006595279910534,0.0,0.0,-0.0006501118876422594,1.0,0.0,0.0,0.0
5.33,0.0,0.0,0.5006582290195755,0.0,0.0,-0.0006488595902766064,1.0,0.0,0.0,0.0
5.332,0.0,0.0,0.5006569325503815,0.0,0.0,-0.0006476096037244565,1.0,0.0,0.0,0.0
5.3340000000000005,0.0,0.0,0.5006556385788536,0.0,0.0,-0.0006463619240963167,1.0,0.0,0.0,0.0
5.336,0.0,0.0,0.500654347100382,0.0,0.0,-0.0006451165475077991,1.0,0.0,0.0,0.0
5.338,0.0,0.0,0.5006530581103644,0.0,0.0,-0.0006438734700796138,1.0,0.0,0.0,0.0
5.34,0.0,0.0,0.5006517716042064,0.0,0.0,-0.0006426326879375798,1.0,0.0,0.0,0.0
5.3420000000000005,0.0,0.0,0.5006504875773212,0.0,0.0,-0.0006413941972126144,1.0,0.0,0.0,0.0
5.344,0.0,0.0,0.50064920602513,0.0,0.0,-0.0006401579940407328,1.0,0.0,0.0,0.0
5.346,0.0,0.0,0.5006479269430614,0.0,0.0,-0.0006389240745630592,1.0,0.0,0.0,0.0
5.348,0.0,0.0,0.5006466503265519,0.0,0.0,-0.0006376924349258051,1.0,0.0,0.0,0.0
5.3500000000000005,0.0,0.0,0.5006453761710457,0.0,0.0,-0.0006364630712802875,1.0,0.0,0.0,0.0
5.352,0.0,0.0,0.5006441044719946,0.0,0.0,-0.0006352359797829213,1.0,0.0,0.0,0.0
5.354,0.0,0.0,0.5006428352248582,0.0,0.0,-0.000634011156595216,1.0,0.0,0.0,0.0
5.356,0.0,0.0,0.5006415684251038,0.0,0.0,-0.000632788597883776,1.0,0.0,0.0,0.0
5.3580000000000005,0.0,0.0,0.500640304068206,0.0,0.0,-0.0006315682998202999,1.0,0.0,0.0,0.0
5.36,0.0,0.0,0.5006390421496476,0.0,0.0,-0.0006303502585815811,1.0,0.0,0.0,0.0
5.362,0.0,0.0,0.5006377826649187,0.0,0.0,-0.0006291344703495074,1.0,0.0,0.0,0.0
5.364,0.0,0.0,0.500636525609517,0.0,0.0,-0.0006279209313110616,1.0,0.0,0.0,0.0
5.3660000000000005,0.0,0.0,0.500635270978948,0.0,0.0,-0.0006267096376583137,1.0,0.0,0.0,0.0
5.368,0.0,0.0,0.5006340187687247,0.0,0.0,-0.0006255005855884175,1.0,0.0,0.0,0.0
5.37,0.0,0.0,0.5006327689743678,0.0,0.0,-0.0006242937713036288,1.0,0.0,0.0,0.0
5.372,0.0,0.0,0.5006315215914054,0.0,0.0,-0.0006230891910112764,1.0,0.0,0.0,0.0
5.3740000000000006,0.0,0.0,0.5006302766153735,0.0,0.0,-0.0006218868409237875,1.0,0.0,0.0,0.0
5.376,0.0,0.0,0.5006290340418154,0.0,0.0,-0.0006206867172586695,1.0,0.0,0.0,0.0
5.378,0.0,0.0,0.5006277938662819,0.0,0.0,-0.0006194888162385138,1.0,0.0,0.0,0.0
5.38,0.0,0.0,0.5006265560843315,0.0,0.0,-0.0006182931340909957,1.0,0.0,0.0,0.0
5.382,0.0,0.0,0.5006253206915303,0.0,0.0,-0.000617099667048871,1.0,0.0,0.0,0.0
5.384,0.0,0.0,0.5006240876834519,0.0,0.0,-0.0006159084113499756,1.0,0.0,0.0,0.0
5.386,0.0,0.0,0.5006228570556773,0.0,0.0,-0.0006147193632372226,1.0,0.0,0.0,0.0
5.388,0.0,0.0,0.5006216288037951,0.0,0.0,-0.0006135325189586088,1.0,0.0,0.0,0.0
5.39,0.0,0.0,0.5006204029234014,0.0,0.0,-0.0006123478747671972,1.0,0.0,0.0,0.0
5.392,0.0,0.0,0.5006191794100997,0.0,0.0,-0.0006111654269211347,1.0,0.0,0.0,0.0
5.394,0.0,0.0,0.5006179582595011,0.0,0.0,-0.0006099851716836345,1.0,0.0,0.0,0.0
5.396,0.0,0.0,0.5006167394672241,0.0,0.0,-0.0006088071053229865,1.0,0.0,0.0,0.0
5.398,0.0,0.0,0.5006155230288947,0.0,0.0,-0.0006076312241125539,1.0,0.0,0.0,0.0
5.4,0.0,0.0,0.5006143089401462,0.0,0.0,-0.0006064575243307555,1.0,0.0,0.0,0.0
5.402,0.0,0.0,0.5006130971966196,0.0,0.0,-0.0006052860022610904,1.0,0.0,0.0,0.0
5.404,0.0,0.0,0.5006118877939632,0.0,0.0,-0.0006041166541921168,1.0,0.0,0.0,0.0
5.406,0.0,0.0,0.5006106807278325,0.0,0.0,-0.0006029494764174555,1.0,0.0,0.0,0.0
5.408,0.0,0.0,0.5006094759938909,0.0,0.0,-0.0006017844652357969,1.0,0.0,0.0,0.0
5.41,0.0,0.0,0.5006082735878088,0.0,0.0,-0.0006006216169508836,1.0,0.0,0.0,0.0
5.412,0.0,0.0,0.500607073505264,0.0,0.0,-0.000599460927871517,1.0,0.0,0.0,0.0
5.414,0.0,0.0,0.5006058757419418,0.0,0.0,-0.0005983023943115686,1.0,0.0,0.0,0.0
5.416,0.0,0.0,0.5006046802935349,0.0,0.0,-0.0005971460125899473,1.0,0.0,0.0,0.0
5.418,0.0,0.0,0.5006034871557433,0.0,0.0,-0.0005959917790306318,1.0,0.0,0.0,0.0
5.42,0.0,0.0,0.5006022963242743,0.0,0.0,-0.0005948396899626386,1.0,0.0,0.0,0.0
5.422,0.0,0.0,0.5006011077948427,0.0,0.0,-0.0005936897417200431,1.0,0.0,0.0,0.0
5.424,0.0,0.0,0.5005999215631703,0.0,0.0,-0.000592541930641966,1.0,0.0,0.0,0.0
5.426,0.0,0.0,0.5005987376249866,0.0,0.0,-0.0005913962530725723,1.0,0.0,0.0,0.0
5.428,0.0,0.0,0.5005975559760282,0.0,0.0,-0.0005902527053610794,1.0,0.0,0.0,0.0
5.43,0.0,0.0,0.5005963766120389,0.0,0.0,-0.0005891112838617386,1.0,0.0,0.0,0.0
5.432,0.0,0.0,0.5005951995287702,0.0,0.0,-0.0005879719849338426,1.0,0.0,0.0,0.0
5.434,0.0,0.0,0.5005940247219803,0.0,0.0,-0.0005868348049417254,1.0,0.0,0.0,0.0
5.436,0.0,0.0,0.5005928521874351,0.0,0.0,-0.0005856997402547554,1.0,0.0,0.0,0.0
5.438,0.0,0.0,0.5005916819209076,0.0,0.0,-0.0005845667872473347,1.0,0.0,0.0,0.0
5.44,0.0,0.0,0.5005905139181781,0.0,0.0,-0.0005834359422989036,1.0,0.0,0.0,0.0
5.442,0.0,0.0,0.500589348175034,0.0,0.0,-0.0005823072017939293,1.0,0.0,0.0,0.0
5.444,0.0,0.0,0.5005881846872701,0.0,0.0,-0.0005811805621218991,1.0,0.0,0.0,0.0
5.446,0.0,0.0,0.5005870234506883,0.0,0.0,-0.0005800560196773379,1.0,0.0,0.0,0.0
5.448,0.0,0.0,0.5005858644610978,0.0,0.0,-0.0005789335708597907,1.0,0.0,0.0,0.0
5.45,0.0,0.0,0.5005847077143148,0.0,0.0,-0.0005778132120738259,1.0,0.0,0.0,0.0
5.452,0.0,0.0,0.500583553206163,0.0,0.0,-0.0005766949397290285,1.0,0.0,0.0,0.0
5.454,0.0,0.0,0.500582400932473,0.0,0.0,-0.0005755787502399964,1.0,0.0,0.0,0.0
5.456,0.0,0.0,0.5005812508890827,0.0,0.0,-0.0005744646400263508,1.0,0.0,0.0,0.0
5.458,0.0,0.0,0.5005801030718371,0.0,0.0,-0.0005733526055127189,1.0,0.0,0.0,0.0
5.46,0.0,0.0,0.5005789574765884,0.0,0.0,-0.0005722426431287477,1.0,0.0,0.0,0.0
5.462,0.0,0.0,0.500577814099196,0.0,0.0,-0.0005711347493090829,1.0,0.0,0.0,0.0
5.464,0.0,0.0,0.5005766729355262,0.0,0.0,-0.0005700289204933799,1.0,0.0,0.0,0.0
5.466,0.0,0.0,0.5005755339814526,0.0,0.0,-0.0005689251531262993,1.0,0.0,0.0,0.0
5.468,0.0,0.0,0.5005743972328558,0.0,0.0,-0.0005678234436575007,1.0,0.0,0.0,0.0
5.47,0.0,0.0,0.5005732626856236,0.0,0.0,-0.0005667237885416387,1.0,0.0,0.0,0.0
5.472,0.0,0.0,0.5005721303356508,0.0,0.0,-0.0005656261842383702,1.0,0.0,0.0,0.0
5.474,0.0,0.0,0.5005710001788394,0.0,0.0,-0.0005645306272123437,1.0,0.0,0.0,0.0
5.476,0.0,0.0,0.5005698722110983,0.0,0.0,-0.0005634371139331992,1.0,0.0,0.0,0.0
5.478,0.0,0.0,0.5005687464283435,0.0,0.0,-0.0005623456408755647,1.0,0.0,0.0,0.0
5.48,0.0,0.0,0.5005676228264981,0.0,0.0,-0.0005612562045190525,1.0,0.0,0.0,0.0
5.482,0.0,0.0,0.5005665014014923,0.0,0.0,-0.0005601688013482632,1.0,0.0,0.0,0.0
5.484,0.0,0.0,0.500565382149263,0.0,0.0,-0.0005590834278527747,1.0,0.0,0.0,0.0
5.486,0.0,0.0,0.5005642650657547,0.0,0.0,-0.0005580000805271456,1.0,0.0,0.0,0.0
5.488,0.0,0.0,0.5005631501469183,0.0,0.0,-0.0005569187558709121,1.0,0.0,0.0,0.0
5.49,0.0,0.0,0.5005620373887121,0.0,0.0,-0.0005558394503885804,1.0,0.0,0.0,0.0
5.492,0.0,0.0,0.5005609267871011,0.0,0.0,-0.0005547621605896271,1.0,0.0,0.0,0.0
5.494,0.0,0.0,0.5005598183380575,0.0,0.0,-0.0005536868829885026,1.0,0.0,0.0,0.0
5.496,0.0,0.0,0.5005587120375604,0.0,0.0,-0.0005526136141046134,1.0,0.0,0.0,0.0
5.498,0.0,0.0,0.5005576078815959,0.0,0.0,-0.0005515423504623395,1.0,0.0,0.0,0.0
5.5,0.0,0.0,0.5005565058661569,0.0,0.0,-0.0005504730885910103,1.0,0.0,0.0,0.0
5.502,0.0,0.0,0.5005554059872432,0.0,0.0,-0.0005494058250249214,1.0,0.0,0.0,0.0
5.5040000000000004,0.0,0.0,0.5005543082408619,0.0,0.0,-0.0005483405563033141,1.0,0.0,0.0,0.0
5.506,0.0,0.0,0.5005532126230267,0.0,0.0,-0.0005472772789703892,1.0,0.0,0.0,0.0
5.508,0.0,0.0,0.500552119129758,0.0,0.0,-0.0005462159895752929,1.0,0.0,0.0,0.0
5.51,0.0,0.0,0.5005510277570838,0.0,0.0,-0.0005451566846721167,1.0,0.0,0.0,0.0
5.5120000000000005,0.0,0.0,0.5005499385010383,0.0,0.0,-0.0005440993608198977,1.0,0.0,0.0,0.0
5.514,0.0,0.0,0.5005488513576629,0.0,0.0,-0.0005430440145826073,1.0,0.0,0.0,0.0
5.516,0.0,0.0,0.5005477663230058,0.0,0.0,-0.0005419906425291626,1.0,0.0,0.0,0.0
5.518,0.0,0.0,0.500546683393122,0.0,0.0,-0.0005409392412334083,1.0,0.0,0.0,0.0
5.5200000000000005,0.0,0.0,0.5005456025640735,0.0,0.0,-0.0005398898072741273,1.0,0.0,0.0,0.0
5.522,0.0,0.0,0.500544523831929,0.0,0.0,-0.0005388423372350266,1.0,0.0,0.0,0.0
5.524,0.0,0.0,0.5005434471927641,0.0,0.0,-0.0005377968277047407,1.0,0.0,0.0,0.0
5.526,0.0,0.0,0.5005423726426611,0.0,0.0,-0.0005367532752768247,1.0,0.0,0.0,0.0
5.5280000000000005,0.0,0.0,0.5005413001777093,0.0,0.0,-0.0005357116765497543,1.0,0.0,0.0,0.0
5.53,0.0,0.0,0.5005402297940046,0.0,0.0,-0.0005346720281269219,1.0,0.0,0.0,0.0
5.532,0.0,0.0,0.5005391614876499,0.0,0.0,-0.0005336343266166372,1.0,0.0,0.0,0.0
5.534,0.0,0.0,0.5005380952547547,0.0,0.0,-0.0005325985686321159,1.0,0.0,0.0,0.0
5.5360000000000005,0.0,0.0,0.5005370310914352,0.0,0.0,-0.0005315647507914802,1.0,0.0,0.0,0.0
5.538,0.0,0.0,0.5005359689938147,0.0,0.0,-0.0005305328697177584,1.0,0.0,0.0,0.0
5.54,0.0,0.0,0.5005349089580229,0.0,0.0,-0.0005295029220388818,1.0,0.0,0.0,0.0
5.542,0.0,0.0,0.5005338509801964,0.0,0.0,-0.0005284749043876807,1.0,0.0,0.0,0.0
5.5440000000000005,0.0,0.0,0.5005327950564786,0.0,0.0,-0.0005274488134018773,1.0,0.0,0.0,0.0
5.546,0.0,0.0,0.5005317411830195,0.0,0.0,-0.0005264246457240865,1.0,0.0,0.0,0.0
5.548,0.0,0.0,0.5005306893559758,0.0,0.0,-0.0005254023980018146,1.0,0.0,0.0,0.0
5.55,0.0,0.0,0.5005296395715109,0.0,0.0,-0.0005243820668874533,1.0,0.0,0.0,0.0
5.5520000000000005,0.0,0.0,0.5005285918257949,0.0,0.0,-0.0005233636490382684,1.0,0.0,0.0,0.0
5.554,0.0,0.0,0.5005275461150047,0.0,0.0,-0.0005223471411164146,1.0,0.0,0.0,0.0
5.556,0.0,0.0,0.5005265024353238,0.0,0.0,-0.0005213325397889205,1.0,0.0,0.0,0.0
5.558,0.0,0.0,0.5005254607829424,0.0,0.0,-0.0005203198417276857,1.0,0.0,0.0,0.0
5.5600000000000005,0.0,0.0,0.500524421154057,0.0,0.0,-0.0005193090436094768,1.0,0.0,0.0,0.0
5.562,0.0,0.0,0.5005233835448714,0.0,0.0,-0.0005183001421159316,1.0,0.0,0.0,0.0
5.564,0.0,0.0,0.5005223479515953,0.0,0.0,-0.000517293133933544,1.0,0.0,0.0,0.0
5.566,0.0,0.0,0.5005213143704457,0.0,0.0,-0.0005162880157536753,1.0,0.0,0.0,0.0
5.5680000000000005,0.0,0.0,0.5005202827976456,0.0,0.0,-0.0005152847842725327,1.0,0.0,0.0,0.0
5.57,0.0,0.0,0.5005192532294251,0.0,0.0,-0.0005142834361911872,1.0,0.0,0.0,0.0
5.572,0.0,0.0,0.5005182256620208,0.0,0.0,-0.0005132839682155518,1.0,0.0,0.0,0.0
5.574,0.0,0.0,0.5005172000916754,0.0,0.0,-0.0005122863770563894,1.0,0.0,0.0,0.0
5.5760000000000005,0.0,0.0,0.500516176514639,0.0,0.0,-0.0005112906594293014,1.0,0.0,0.0,0.0
5.578,0.0,0.0,0.5005151549271675,0.0,0.0,-0.0005102968120547315,1.0,0.0,0.0,0.0
5.58,0.0,0.0,0.5005141353255238,0.0,0.0,-0.0005093048316579554,1.0,0.0,0.0,0.0
5.582,0.0,0.0,0.5005131177059772,0.0,0.0,-0.0005083147149690872,1.0,0.0,0.0,0.0
5.5840000000000005,0.0,0.0,0.5005121020648035,0.0,0.0,-0.0005073264587230659,1.0,0.0,0.0,0.0
5.586,0.0,0.0,0.5005110883982851,0.0,0.0,-0.000506340059659655,1.0,0.0,0.0,0.0
5.588,0.0,0.0,0.5005100767027109,0.0,0.0,-0.0005053555145234425,1.0,0.0,0.0,0.0
5.59,0.0,0.0,0.5005090669743762,0.0,0.0,-0.0005043728200638304,1.0,0.0,0.0,0.0
5.5920000000000005,0.0,0.0,0.5005080592095832,0.0,0.0,-0.0005033919730350382,1.0,0.0,0.0,0.0
5.594,0.0,0.0,0.50050705340464,0.0,0.0,-0.0005024129701960958,1.0,0.0,0.0,0.0
5.596,0.0,0.0,0.5005060495558614,0.0,0.0,-0.0005014358083108432,1.0,0.0,0.0,0.0
5.598,0.0,0.0,0.5005050476595689,0.0,0.0,-0.0005004604841479205,1.0,0.0,0.0,0.0
5.6000000000000005,0.0,0.0,0.5005040477120903,0.0,0.0,-0.0004994869944807709,1.0,0.0,0.0,0.0
5.602,0.0,0.0,0.5005030497097598,0.0,0.0,-0.0004985153360876302,1.0,0.0,0.0,0.0
5.604,0.0,0.0,0.500502053648918,0.0,0.0,-0.0004975455057515374,1.0,0.0,0.0,0.0
5.606,0.0,0.0,0.500501059525912,0.0,0.0,-0.0004965775002603101,1.0,0.0,0.0,0.0
5.6080000000000005,0.0,0.0,0.5005000673370953,0.0,0.0,-0.0004956113164065583,1.0,0.0,0.0,0.0
5.61,0.0,0.0,0.5004990770788279,0.0,0.0,-0.0004946469509876669,1.0,0.0,0.0,0.0
5.612,0.0,0.0,0.5004980887474761,0.0,0.0,-0.0004936844008058101,1.0,0.0,0.0,0.0
5.614,0.0,0.0,0.5004971023394127,0.0,0.0,-0.0004927236626679329,1.0,0.0,0.0,0.0
5.6160000000000005,0.0,0.0,0.5004961178510167,0.0,0.0,-0.0004917647333857486,1.0,0.0,0.0,0.0
5.618,0.0,0.0,0.5004951352786735,0.0,0.0,-0.0004908076097757414,1.0,0.0,0.0,0.0
5.62,0.0,0.0,0.5004941546187751,0.0,0.0,-0.0004898522886591563,1.0,0.0,0.0,0.0
5.622,0.0,0.0,0.5004931758677196,0.0,0.0,-0.0004888987668619988,1.0,0.0,0.0,0.0
5.6240000000000006,0.0,0.0,0.5004921990219114,0.0,0.0,-0.0004879470412150317,1.0,0.0,0.0,0.0
5.626,0.0,0.0,0.5004912240777617,0.0,0.0,-0.00048699710855377114,1.0,0.0,0.0,0.0
5.628,0.0,0.0,0.5004902510316874,0.0,0.0,-0.00048604896571847984,1.0,0.0,0.0,0.0
5.63,0.0,0.0,0.5004892798801122,0.0,0.0,-0.00048510260955417033,1.0,0.0,0.0,0.0
5.632,0.0,0.0,0.5004883106194657,0.0,0.0,-0.00048415803691059106,1.0,0.0,0.0,0.0
5.634,0.0,0.0,0.5004873432461842,0.0,0.0,-0.0004832152446422297,1.0,0.0,0.0,0.0
5.636,0.0,0.0,0.5004863777567099,0.0,0.0,-0.0004822742296083097,1.0,0.0,0.0,0.0
5.638,0.0,0.0,0.5004854141474916,0.0,0.0,-0.00048133498867277975,1.0,0.0,0.0,0.0
5.64,0.0,0.0,0.5004844524149842,0.0,0.0,-0.000480397518704317,1.0,0.0,0.0,0.0
5.642,0.0,0.0,0.500483492555649,0.0,0.0,-0.0004794618165763202,1.0,0.0,0.0,0.0
5.644,0.0,0.0,0.5004825345659532,0.0,0.0,-0.0004785278791669063,1.0,0.0,0.0,0.0
5.646,0.0,0.0,0.5004815784423706,0.0,0.0,-0.00047759570335890284,1.0,0.0,0.0,0.0
5.648,0.0,0.0,0.5004806241813812,0.0,0.0,-0.0004766652860398556,1.0,0.0,0.0,0.0
5.65,0.0,0.0,0.5004796717794711,0.0,0.0,-0.00047573662410201414,1.0,0.0,0.0,0.0
5.652,0.0,0.0,0.5004787212331325,0.0,0.0,-0.0004748097144423246,1.0,0.0,0.0,0.0
5.654,0.0,0.0,0.5004777725388642,0.0,0.0,-0.00047388455396243695,1.0,0.0,0.0,0.0
5.656,0.0,0.0,0.5004768256931706,0.0,0.0,-0.00047296113956869426,1.0,0.0,0.0,0.0
5.658,0.0,0.0,0.5004758806925629,0.0,0.0,-0.00047203946817213284,1.0,0.0,0.0,0.0
5.66,0.0,0.0,0.500474937533558,0.0,0.0,-0.00047111953668847143,1.0,0.0,0.0,0.0
5.662,0.0,0.0,0.5004739962126793,0.0,0.0,-0.00047020134203811474,1.0,0.0,0.0,0.0
5.664,0.0,0.0,0.5004730567264561,0.0,0.0,-0.00046928488114613933,1.0,0.0,0.0,0.0
5.666,0.0,0.0,0.5004721190714241,0.0,0.0,-0.0004683701509423078,1.0,0.0,0.0,0.0
5.668,0.0,0.0,0.5004711832441248,0.0,0.0,-0.000467457148361044,1.0,0.0,0.0,0.0
5.67,0.0,0.0,0.5004702492411061,0.0,0.0,-0.00046654587034144346,1.0,0.0,0.0,0.0
5.672,0.0,0.0,0.5004693170589218,0.0,0.0,-0.0004656363138272629,1.0,0.0,0.0,0.0
5.674,0.0,0.0,0.5004683866941323,0.0,0.0,-0.00046472847576692025,1.0,0.0,0.0,0.0
5.676,0.0,0.0,0.5004674581433034,0.0,0.0,-0.0004638223531134803,1.0,0.0,0.0,0.0
5.678,0.0,0.0,0.5004665314030075,0.0,0.0,-0.0004629179428246656,1.0,0.0,0.0,0.0
5.68,0.0,0.0,0.5004656064698227,0.0,0.0,-0.00046201524186284196,1.0,0.0,0.0,0.0
5.682,0.0,0.0,0.5004646833403337,0.0,0.0,-0.00046111424719501504,1.0,0.0,0.0,0.0
5.684,0.0,0.0,0.5004637620111306,0.0,0.0,-0.000460214955792834,1.0,0.0,0.0,0.0
5.686,0.0,0.0,0.5004628424788102,0.0,0.0,-0.0004593173646325771,1.0,0.0,0.0,0.0
5.688,0.0,0.0,0.5004619247399749,0.0,0.0,-0.00045842147069515536,1.0,0.0,0.0,0.0
5.69,0.0,0.0,0.5004610087912332,0.0,0.0,-0.00045752727096610545,1.0,0.0,0.0,0.0
5.692,0.0,0.0,0.5004600946291998,0.0,0.0,-0.00045663476243558963,1.0,0.0,0.0,0.0
5.694,0.0,0.0,0.5004591822504952,0.0,0.0,-0.0004557439420983816,1.0,0.0,0.0,0.0
5.696,0.0,0.0,0.5004582716517462,0.0,0.0,-0.00045485480695386303,1.0,0.0,0.0,0.0
5.698,0.0,0.0,0.5004573628295852,0.0,0.0,-0.0004539673540060375,1.0,0.0,0.0,0.0
5.7,0.0,0.0,0.5004564557806509,0.0,0.0,-0.0004530815802635094,1.0,0.0,0.0,0.0
5.702,0.0,0.0,0.5004555505015879,0.0,0.0,-0.00045219748273947333,1.0,0.0,0.0,0.0
5.704,0.0,0.0,0.5004546469890466,0.0,0.0,-0.00045131505845173524,1.0,0.0,0.0,0.0
5.706,0.0,0.0,0.5004537452396838,0.0,0.0,-0.00045043430442269115,1.0,0.0,0.0,0.0
5.708,0.0,0.0,0.5004528452501616,0.0,0.0,-0.0004495552176793166,1.0,0.0,0.0,0.0
5.71,0.0,0.0,0.5004519470171487,0.0,0.0,-0.0004486777952531772,1.0,0.0,0.0,0.0
5.712,0.0,0.0,0.5004510505373192,0.0,0.0,-0.00044780203418041443,1.0,0.0,0.0,0.0
5.714,0.0,0.0,0.5004501558073535,0.0,0.0,-0.0004469279315017528,1.0,0.0,0.0,0.0
5.716,0.0,0.0,0.5004492628239378,0.0,0.0,-0.00044605548426247853,1.0,0.0,0.0,0.0
5.718,0.0,0.0,0.500448371583764,0.0,0.0,-0.00044518468951245017,1.0,0.0,0.0,0.0
5.72,0.0,0.0,0.5004474820835302,0.0,0.0,-0.0004443155443060879,1.0,0.0,0.0,0.0
5.722,0.0,0.0,0.5004465943199402,0.0,0.0,-0.0004434480457023701,1.0,0.0,0.0,0.0
5.724,0.0,0.0,0.5004457082897037,0.0,0.0,-0.0004425821907648261,1.0,0.0,0.0,0.0
5.726,0.0,0.0,0.5004448239895364,0.0,0.0,-0.0004417179765615399,1.0,0.0,0.0,0.0
5.728,0.0,0.0,0.5004439414161597,0.0,0.0,-0.0004408554001651394,1.0,0.0,0.0,0.0
5.73,0.0,0.0,0.5004430605663008,0.0,0.0,-0.0004399944586527928,1.0,0.0,0.0,0.0
5.732,0.0,0.0,0.5004421814366931,0.0,0.0,-0.0004391351491062087,1.0,0.0,0.0,0.0
5.734,0.0,0.0,0.5004413040240754,0.0,0.0,-0.00043827746861161836,1.0,0.0,0.0,0.0
5.736,0.0,0.0,0.5004404283251925,0.0,0.0,-0.0004374214142597898,1.0,0.0,0.0,0.0
5.738,0.0,0.0,0.5004395543367951,0.0,0.0,-0.0004365669831460172,1.0,0.0,0.0,0.0
5.74,0.0,0.0,0.5004386820556396,0.0,0.0,-0.00043571417237010313,1.0,0.0,0.0,0.0
5.742,0.0,0.0,0.5004378114784882,0.0,0.0,-0.00043486297903637286,1.0,0.0,0.0,0.0
5.744,0.0,0.0,0.5004369426021089,0.0,0.0,-0.00043401340025366346,1.0,0.0,0.0,0.0
5.746,0.0,0.0,0.5004360754232755,0.0,0.0,-0.0004331654331353133,1.0,0.0,0.0,0.0
5.748,0.0,0.0,0.5004352099387676,0.0,0.0,-0.0004323190747991658,1.0,0.0,0.0,0.0
5.75,0.0,0.0,0.5004343461453704,0.0,0.0,-0.00043147432236756184,1.0,0.0,0.0,0.0
5.752,0.0,0.0,0.5004334840398751,0.0,0.0,-0.00043063117296733306,1.0,0.0,0.0,0.0
5.7540000000000004,0.0,0.0,0.5004326236190784,0.0,0.0,-0.0004297896237298053,1.0,0.0,0.0,0.0
5.756,0.0,0.0,0.5004317648797828,0.0,0.0,-0.0004289496717907772,1.0,0.0,0.0,0.0
5.758,0.0,0.0,0.5004309078187967,0.0,0.0,-0.0004281113142905417,1.0,0.0,0.0,0.0
5.76,0.0,0.0,0.500430052432934,0.0,0.0,-0.00042727454837385376,1.0,0.0,0.0,0.0
5.7620000000000005,0.0,0.0,0.5004291987190145,0.0,0.0,-0.0004264393711899485,1.0,0.0,0.0,0.0
5.764,0.0,0.0,0.5004283466738634,0.0,0.0,-0.0004256057798925267,1.0,0.0,0.0,0.0
5.766,0.0,0.0,0.5004274962943118,0.0,0.0,-0.0004247737716397443,1.0,0.0,0.0,0.0
5.768,0.0,0.0,0.5004266475771966,0.0,0.0,-0.000423943343594223,1.0,0.0,0.0,0.0
5.7700000000000005,0.0,0.0,0.50042580051936,0.0,0.0,-0.00042311449292303235,1.0,0.0,0.0,0.0
5.772,0.0,0.0,0.5004249551176503,0.0,0.0,-0.0004222872167976936,1.0,0.0,0.0,0.0
5.774,0.0,0.0,0.5004241113689211,0.0,0.0,-0.0004214615123941689,1.0,0.0,0.0,0.0
5.776,0.0,0.0,0.5004232692700318,0.0,0.0,-0.0004206373768928648,1.0,0.0,0.0,0.0
5.7780000000000005,0.0,0.0,0.5004224288178474,0.0,0.0,-0.00041981480747861453,1.0,0.0,0.0,0.0
5.78,0.0,0.0,0.5004215900092386,0.0,0.0,-0.0004189938013406886,1.0,0.0,0.0,0.0
5.782,0.0,0.0,0.5004207528410816,0.0,0.0,-0.00041817435567278435,1.0,0.0,0.0,0.0
5.784,0.0,0.0,0.5004199173102583,0.0,0.0,-0.00041735646767301855,1.0,0.0,0.0,0.0
5.7860000000000005,0.0,0.0,0.500419083413656,0.0,0.0,-0.0004165401345439241,1.0,0.0,0.0,0.0
5.788,0.0,0.0,0.500418251148168,0.0,0.0,-0.0004157253534924463,1.0,0.0,0.0,0.0
5.79,0.0,0.0,0.5004174205106927,0.0,0.0,-0.00041491212172994294,1.0,0.0,0.0,0.0
5.792,0.0,0.0,0.5004165914981346,0.0,0.0,-0.0004141004364721665,1.0,0.0,0.0,0.0
5.7940000000000005,0.0,0.0,0.5004157641074032,0.0,0.0,-0.0004132902949392784,1.0,0.0,0.0,0.0
5.796,0.0,0.0,0.5004149383354138,0.0,0.0,-0.0004124816943558242,1.0,0.0,0.0,0.0
5.798,0.0,0.0,0.5004141141790875,0.0,0.0,-0.0004116746319507511,1.0,0.0,0.0,0.0
5.8,0.0,0.0,0.5004132916353506,0.0,0.0,-0.00041086910495737977,1.0,0.0,0.0,0.0
5.8020000000000005,0.0,0.0,0.500412470701135,0.0,0.0,-0.0004100651106134185,1.0,0.0,0.0,0.0
5.804,0.0,0.0,0.5004116513733783,0.0,0.0,-0.0004092626461609489,1.0,0.0,0.0,0.0
5.806,0.0,0.0,0.5004108336490233,0.0,0.0,-0.0004084617088464261,1.0,0.0,0.0,0.0
5.808,0.0,0.0,0.5004100175250185,0.0,0.0,-0.00040766229592066784,1.0,0.0,0.0,0.0
5.8100000000000005,0.0,0.0,0.5004092029983179,0.0,0.0,-0.00040686440463886175,1.0,0.0,0.0,0.0
5.812,0.0,0.0,0.500408390065881,0.0,0.0,-0.0004060680322605475,1.0,0.0,0.0,0.0
5.814,0.0,0.0,0.5004075787246727,0.0,0.0,-0.0004052731760496134,1.0,0.0,0.0,0.0
5.816,0.0,0.0,0.5004067689716634,0.0,0.0,-0.0004044798332743068,1.0,0.0,0.0,0.0
5.8180000000000005,0.0,0.0,0.5004059608038289,0.0,0.0,-0.00040368800120721643,1.0,0.0,0.0,0.0
5.82,0.0,0.0,0.5004051542181506,0.0,0.0,-0.000402897677125262,1.0,0.0,0.0,0.0
5.822,0.0,0.0,0.5004043492116151,0.0,0.0,-0.0004021088583097044,1.0,0.0,0.0,0.0
5.824,0.0,0.0,0.5004035457812148,0.0,0.0,-0.00040132154204613183,1.0,0.0,0.0,0.0
5.8260000000000005,0.0,0.0,0.5004027439239471,0.0,0.0,-0.0004005357256244633,1.0,0.0,0.0,0.0
5.828,0.0,0.0,0.5004019436368151,0.0,0.0,-0.0003997514063389307,1.0,0.0,0.0,0.0
5.83,0.0,0.0,0.5004011449168273,0.0,0.0,-0.0003989685814880861,1.0,0.0,0.0,0.0
5.832,0.0,0.0,0.5004003477609974,0.0,0.0,-0.00039818724837479105,1.0,0.0,0.0,0.0
5.8340000000000005,0.0,0.0,0.5003995521663447,0.0,0.0,-0.0003974074043062164,1.0,0.0,0.0,0.0
5.836,0.0,0.0,0.5003987581298938,0.0,0.0,-0.00039662904659383894,1.0,0.0,0.0,0.0
5.838,0.0,0.0,0.5003979656486747,0.0,0.0,-0.0003958521725534166,1.0,0.0,0.0,0.0
5.84,0.0,0.0,0.5003971747197226,0.0,0.0,-0.0003950767795050201,1.0,0.0,0.0,0.0
5.8420000000000005,0.0,0.0,0.5003963853400782,0.0,0.0,-0.0003943028647729943,1.0,0.0,0.0,0.0
5.844,0.0,0.0,0.5003955975067877,0.0,0.0,-0.000393530425685972,1.0,0.0,0.0,0.0
5.846,0.0,0.0,0.5003948112169024,0.0,0.0,-0.00039275945957686713,1.0,0.0,0.0,0.0
5.848,0.0,0.0,0.5003940264674791,0.0,0.0,-0.00039198996378286393,1.0,0.0,0.0,0.0
5.8500000000000005,0.0,0.0,0.5003932432555797,0.0,0.0,-0.00039122193564541344,1.0,0.0,0.0,0.0
5.852,0.0,0.0,0.5003924615782716,0.0,0.0,-0.0003904553725102371,1.0,0.0,0.0,0.0
5.854,0.0,0.0,0.5003916814326274,0.0,0.0,-0.00038969027172731257,1.0,0.0,0.0,0.0
5.856,0.0,0.0,0.500390902815725,0.0,0.0,-0.0003889266306508735,1.0,0.0,0.0,0.0
5.8580000000000005,0.0,0.0,0.5003901257246477,0.0,0.0,-0.00038816444663940616,1.0,0.0,0.0,0.0
5.86,0.0,0.0,0.500389350156484,0.0,0.0,-0.00038740371705563533,1.0,0.0,0.0,0.0
5.862,0.0,0.0,0.5003885761083277,0.0,0.0,-0.0003866444392665383,1.0,0.0,0.0,0.0
5.864,0.0,0.0,0.5003878035772777,0.0,0.0,-0.00038588661064331656,1.0,0.0,0.0,0.0
5.8660000000000005,0.0,0.0,0.5003870325604386,0.0,0.0,-0.00038513022856141,1.0,0.0,0.0,0.0
5.868,0.0,0.0,0.5003862630549196,0.0,0.0,-0.0003843752904004862,1.0,0.0,0.0,0.0
5.87,0.0,0.0,0.5003854950578357,0.0,0.0,-0.00038362179354442636,1.0,0.0,0.0,0.0
5.872,0.0,0.0,0.5003847285663068,0.0,0.0,-0.00038286973538133925,1.0,0.0,0.0,0.0
5.8740000000000006,0.0,0.0,0.5003839635774581,0.0,0.0,-0.00038211911330354015,1.0,0.0,0.0,0.0
5.876,0.0,0.0,0.5003832000884201,0.0,0.0,-0.00038136992470755434,1.0,0.0,0.0,0.0
5.878,0.0,0.0,0.5003824380963284,0.0,0.0,-0.00038062216699410984,1.0,0.0,0.0,0.0
5.88,0.0,0.0,0.5003816775983239,0.0,0.0,-0.0003798758375681341,1.0,0.0,0.0,0.0
5.882000000000001,0.0,0.0,0.5003809185915524,0.0,0.0,-0.00037913093383874313,1.0,0.0,0.0,0.0
5.884,0.0,0.0,0.5003801610731654,0.0,0.0,-0.00037838745321924164,1.0,0.0,0.0,0.0
5.886,0.0,0.0,0.5003794050403191,0.0,0.0,-0.0003776453931271301,1.0,0.0,0.0,0.0
5.888,0.0,0.0,0.5003786504901749,0.0,0.0,-0.00037690475098407273,1.0,0.0,0.0,0.0
5.89,0.0,0.0,0.5003778974198997,0.0,0.0,-0.00037616552421591533,1.0,0.0,0.0,0.0
5.892,0.0,0.0,0.5003771458266653,0.0,0.0,-0.00037542771025267455,1.0,0.0,0.0,0.0
5.894,0.0,0.0,0.5003763957076485,0.0,0.0,-0.0003746913065285308,1.0,0.0,0.0,0.0
5.896,0.0,0.0,0.5003756470600315,0.0,0.0,-0.00037395631048182124,1.0,0.0,0.0,0.0
5.898,0.0,0.0,0.5003748998810014,0.0,0.0,-0.0003732227195550432,1.0,0.0,0.0,0.0
5.9,0.0,0.0,0.5003741541677507,0.0,0.0,-0.0003724905311948436,1.0,0.0,0.0,0.0
5.902,0.0,0.0,0.5003734099174766,0.0,0.0,-0.00037175974285201177,1.0,0.0,0.0,0.0
5.904,0.0,0.0,0.5003726671273817,0.0,0.0,-0.0003710303519814832,1.0,0.0,0.0,0.0
5.906,0.0,0.0,0.5003719257946737,0.0,0.0,-0.0003703023560423179,1.0,0.0,0.0,0.0
5.908,0.0,0.0,0.5003711859165652,0.0,0.0,-0.00036957575249772204,1.0,0.0,0.0,0.0
5.91,0.0,0.0,0.5003704474902738,0.0,0.0,-0.00036885053881502287,1.0,0.0,0.0,0.0
5.912,0.0,0.0,0.5003697105130226,0.0,0.0,-0.0003681267124656617,1.0,0.0,0.0,0.0
5.914,0.0,0.0,0.5003689749820392,0.0,0.0,-0.00036740427092520804,1.0,0.0,0.0,0.0
5.916,0.0,0.0,0.5003682408945567,0.0,0.0,-0.00036668321167334197,1.0,0.0,0.0,0.0
5.918,0.0,0.0,0.5003675082478128,0.0,0.0,-0.00036596353219383985,1.0,0.0,0.0,0.0
5.92,0.0,0.0,0.5003667770390506,0.0,0.0,-0.000365245229974592,1.0,0.0,0.0,0.0
5.922,0.0,0.0,0.5003660472655181,0.0,0.0,-0.0003645283025075815,1.0,0.0,0.0,0.0
5.924,0.0,0.0,0.5003653189244683,0.0,0.0,-0.0003638127472888807,1.0,0.0,0.0,0.0
5.926,0.0,0.0,0.5003645920131592,0.0,0.0,-0.00036309856181865807,1.0,0.0,0.0,0.0
5.928,0.0,0.0,0.5003638665288538,0.0,0.0,-0.0003623857436011607,1.0,0.0,0.0,0.0
5.93,0.0,0.0,0.5003631424688201,0.0,0.0,-0.00036167429014471417,1.0,0.0,0.0,0.0
5.932,0.0,0.0,0.5003624198303309,0.0,0.0,-0.00036096419896171903,1.0,0.0,0.0,0.0
5.934,0.0,0.0,0.5003616986106644,0.0,0.0,-0.00036025546756864014,1.0,0.0,0.0,0.0
5.936,0.0,0.0,0.5003609788071033,0.0,0.0,-0.0003595480934860101,1.0,0.0,0.0,0.0
5.938,0.0,0.0,0.5003602604169356,0.0,0.0,-0.0003588420742384225,1.0,0.0,0.0,0.0
5.94,0.0,0.0,0.500359543437454,0.0,0.0,-0.00035813740735451727,1.0,0.0,0.0,0.0
5.942,0.0,0.0,0.5003588278659563,0.0,0.0,-0.00035743409036699157,1.0,0.0,0.0,0.0
5.944,0.0,0.0,0.5003581136997451,0.0,0.0,-0.00035673212081258564,1.0,0.0,0.0,0.0
5.946,0.0,0.0,0.5003574009361281,0.0,0.0,-0.00035603149623207196,1.0,0.0,0.0,0.0
5.948,0.0,0.0,0.5003566895724177,0.0,0.0,-0.00035533221417026603,1.0,0.0,0.0,0.0
5.95,0.0,0.0,0.5003559796059314,0.0,0.0,-0.0003546342721760086,1.0,0.0,0.0,0.0
5.952,0.0,0.0,0.5003552710339914,0.0,0.0,-0.00035393766780216916,1.0,0.0,0.0,0.0
5.954,0.0,0.0,0.500354563853925,0.0,0.0,-0.00035324239860563535,1.0,0.0,0.0,0.0
5.956,0.0,0.0,0.5003538580630642,0.0,0.0,-0.0003525484621473057,1.0,0.0,0.0,0.0
5.958,0.0,0.0,0.5003531536587461,0.0,0.0,-0.0003518558559920971,1.0,0.0,0.0,0.0
5.96,0.0,0.0,0.5003524506383125,0.0,0.0,-0.0003511645777089266,1.0,0.0,0.0,0.0
5.962,0.0,0.0,0.5003517489991098,0.0,0.0,-0.0003504746248707152,1.0,0.0,0.0,0.0
5.964,0.0,0.0,0.5003510487384899,0.0,0.0,-0.00034978599505437367,1.0,0.0,0.0,0.0
5.966,0.0,0.0,0.500350349853809,0.0,0.0,-0.0003490986858408166,1.0,0.0,0.0,0.0
5.968,0.0,0.0,0.5003496523424283,0.0,0.0,-0.0003484126948149305,1.0,0.0,0.0,0.0
5.97,0.0,0.0,0.5003489562017139,0.0,0.0,-0.00034772801956558814,1.0,0.0,0.0,0.0
5.972,0.0,0.0,0.5003482614290367,0.0,0.0,-0.00034704465768564126,1.0,0.0,0.0,0.0
5.974,0.0,0.0,0.5003475680217722,0.0,0.0,-0.00034636260677190997,1.0,0.0,0.0,0.0
5.976,0.0,0.0,0.500346875977301,0.0,0.0,-0.0003456818644251828,1.0,0.0,0.0,0.0
5.978,0.0,0.0,0.5003461852930083,0.0,0.0,-0.00034500242825020945,1.0,0.0,0.0,0.0
5.98,0.0,0.0,0.5003454959662842,0.0,0.0,-0.000344324295855701,1.0,0.0,0.0,0.0
5.982,0.0,0.0,0.5003448079945235,0.0,0.0,-0.0003436474648543121,1.0,0.0,0.0,0.0
5.984,0.0,0.0,0.5003441213751258,0.0,0.0,-0.0003429719328626478,1.0,0.0,0.0,0.0
5.986,0.0,0.0,0.5003434361054955,0.0,0.0,-0.0003422976975012569,1.0,0.0,0.0,0.0
5.988,0.0,0.0,0.5003427521830416,0.0,0.0,-0.0003416247563946245,1.0,0.0,0.0,0.0
5.99,0.0,0.0,0.500342069605178,0.0,0.0,-0.00034095310717116497,1.0,0.0,0.0,0.0
5.992,0.0,0.0,0.5003413883693234,0.0,0.0,-0.00034028274746322913,1.0,0.0,0.0,0.0
5.994,0.0,0.0,0.500340708472901,0.0,0.0,-0.0003396136749070829,1.0,0.0,0.0,0.0
5.996,0.0,0.0,0.5003400299133389,0.0,0.0,-0.00033894588714291084,1.0,0.0,0.0,0.0
5.998,0.0,0.0,0.50033935268807,0.0,0.0,-0.00033827938181481255,1.0,0.0,0.0,0.0
