t,px,py,pz,vx,vy,vz,qw,qx,qy,qz
0.0,0.0,0.0,1.0,0.0,0.0,0.0,1.0,0.0,0.0,0.0
0.002,0.0,0.0,1.0000020106737777,0.0,0.0,0.002010673777777779,1.0,0.0,0.0,0.0
0.004,0.0,0.0,1.0000080422502338,0.0,0.0,0.004020902678256196,1.0,0.0,0.0,0.0
0.006,0.0,0.0,1.0000180938420007,0.0,0.0,0.006030689088769013,1.0,0.0,0.0,0.0
0.008,0.0,0.0,1.000032164566476,0.0,0.0,0.008040035386595154,1.0,0.0,0.0,0.0
0.01,0.0,0.0,1.0000502535458016,0.0,0.0,0.010048943938997416,1.0,0.0,0.0,0.0
0.012,0.0,0.0,1.0000723599068437,0.0,0.0,0.012057417103261005,1.0,0.0,0.0,0.0
0.014,0.0,0.0,1.0000984827811736,0.0,0.0,0.01406545722673196,1.0,0.0,0.0,0.0
0.016,0.0,0.0,1.0001286213050473,0.0,0.0,0.016073066646855424,1.0,0.0,0.0,0.0
0.018000000000000002,0.0,0.0,1.0001627746193853,0.0,0.0,0.018080247691213767,1.0,0.0,0.0,0.0
0.02,0.0,0.0,1.0002009418697542,0.0,0.0,0.020087002677564574,1.0,0.0,0.0,0.0
0.022,0.0,0.0,1.0002431222063457,0.0,0.0,0.02209333391387848,1.0,0.0,0.0,0.0
0.024,0.0,0.0,1.000289314783958,0.0,0.0,0.0240992436983769,1.0,0.0,0.0,0.0
0.026000000000000002,0.0,0.0,1.000339518761976,0.0,0.0,0.026104734319569587,1.0,0.0,0.0,0.0
0.028,0.0,0.0,1.0003937333043518,0.0,0.0,0.028109808056292054,1.0,0.0,0.0,0.0
0.03,0.0,0.0,1.0004519575795858,0.0,0.0,0.030114467177742875,1.0,0.0,0.0,0.0
0.032,0.0,0.0,1.0005141907607071,0.0,0.0,0.03211871394352084,1.0,0.0,0.0,0.0
0.034,0.0,0.0,1.0005804320252543,0.0,0.0,0.034122550603661955,1.0,0.0,0.0,0.0
0.036000000000000004,0.0,0.0,1.0006506805552566,0.0,0.0,0.036125979398676344,1.0,0.0,0.0,0.0
0.038,0.0,0.0,1.000724935537215,0.0,0.0,0.03812900255958498,1.0,0.0,0.0,0.0
0.04,0.0,0.0,1.0008031961620825,0.0,0.0,0.040131622307956284,1.0,0.0,0.0,0.0
0.042,0.0,0.0,1.0008854616252463,0.0,0.0,0.042133840855942635,1.0,0.0,0.0,0.0
0.044,0.0,0.0,1.0009717311265085,0.0,0.0,0.04413566040631666,1.0,0.0,0.0,0.0
0.046,0.0,0.0,1.0010620038700673,0.0,0.0,0.04613708315250746,1.0,0.0,0.0,0.0
0.048,0.0,0.0,1.0011562790644983,0.0,0.0,0.04813811127863668,1.0,0.0,0.0,0.0
0.05,0.0,0.0,1.0012545559227366,0.0,0.0,0.050138746959554455,1.0,0.0,0.0,0.0
0.052000000000000005,0.0,0.0,1.001356833662057,0.0,0.0,0.05213899236087519,1.0,0.0,0.0,0.0
0.054,0.0,0.0,1.0014631115040569,0.0,0.0,0.05413884963901326,1.0,0.0,0.0,0.0
0.056,0.0,0.0,1.0015733886746372,0.0,0.0,0.05613832094121852,1.0,0.0,0.0,0.0
0.058,0.0,0.0,1.001687664403984,0.0,0.0,0.05813740840561173,1.0,0.0,0.0,0.0
0.06,0.0,0.0,1.001805937926551,0.0,0.0,0.06013611416121985,1.0,0.0,0.0,0.0
0.062,0.0,0.0,1.0019282084810401,0.0,0.0,0.06213444032801114,1.0,0.0,0.0,0.0
0.064,0.0,0.0,1.002054475310385,0.0,0.0,0.06413238901693022,1.0,0.0,0.0,0.0
0.066,0.0,0.0,1.0021847376617319,0.0,0.0,0.06612996232993294,1.0,0.0,0.0,0.0
0.068,0.0,0.0,1.002318994786422,0.0,0.0,0.06812716236002116,1.0,0.0,0.0,0.0
0.07,0.0,0.0,1.0024572459399732,0.0,0.0,0.07012399119127731,1.0,0.0,0.0,0.0
0.07200000000000001,0.0,0.0,1.0025994903820634,0.0,0.0,0.072120450898899,1.0,0.0,0.0,0.0
0.074,0.0,0.0,1.0027457273765115,0.0,0.0,0.0741165435492333,1.0,0.0,0.0,0.0
0.076,0.0,0.0,1.0028959561912605,0.0,0.0,0.07611227119981107,1.0,0.0,0.0,0.0
0.078,0.0,0.0,1.0030501760983597,0.0,0.0,0.07810763589938097,1.0,0.0,0.0,0.0
0.08,0.0,0.0,1.003208386373947,0.0,0.0,0.08010263968794355,1.0,0.0,0.0,0.0
0.082,0.0,0.0,1.0033705862982316,0.0,0.0,0.08209728459678511,1.0,0.0,0.0,0.0
0.084,0.0,0.0,1.003536775155477,0.0,0.0,0.08409157264851141,1.0,0.0,0.0,0.0
0.08600000000000001,0.0,0.0,1.0037069522339825,0.0,0.0,0.08608550585708129,1.0,0.0,0.0,0.0
0.088,0.0,0.0,1.0038811168260675,0.0,0.0,0.08807908622784016,1.0,0.0,0.0,0.0
0.09,0.0,0.0,1.004059268228053,0.0,0.0,0.09007231575755344,1.0,0.0,0.0,0.0
0.092,0.0,0.0,1.004241405740245,0.0,0.0,0.09206519643443968,1.0,0.0,0.0,0.0
0.094,0.0,0.0,1.0044275286669175,0.0,0.0,0.0940577302382038,1.0,0.0,0.0,0.0
0.096,0.0,0.0,1.0046176363162957,0.0,0.0,0.09604991914007002,1.0,0.0,0.0,0.0
0.098,0.0,0.0,1.0048117280005386,0.0,0.0,0.0980417651028148,1.0,0.0,0.0,0.0
0.1,0.0,0.0,1.0050098030357222,0.0,0.0,0.10003327008079953,1.0,0.0,0.0,0.0
0.10200000000000001,0.0,0.0,1.005211860741823,0.0,0.0,0.1020244360200032,1.0,0.0,0.0,0.0
0.10400000000000001,0.0,0.0,1.005417900442701,0.0,0.0,0.10401526485805493,1.0,0.0,0.0,0.0
0.106,0.0,0.0,1.0056279214660835,0.0,0.0,0.1060057585242663,1.0,0.0,0.0,0.0
0.108,0.0,0.0,1.0058419231435474,0.0,0.0,0.10799591893966373,1.0,0.0,0.0,0.0
0.11,0.0,0.0,1.0060599048105041,0.0,0.0,0.10998574801702053,1.0,0.0,0.0,0.0
0.112,0.0,0.0,1.006281865806182,0.0,0.0,0.11197524766088901,1.0,0.0,0.0,0.0
0.114,0.0,0.0,1.0065078054736105,0.0,0.0,0.11396441976763233,1.0,0.0,0.0,0.0
0.116,0.0,0.0,1.0067377231596035,0.0,0.0,0.11595326622545638,1.0,0.0,0.0,0.0
0.11800000000000001,0.0,0.0,1.0069716182147435,0.0,0.0,0.11794178891444138,1.0,0.0,0.0,0.0
0.12,0.0,0.0,1.0072094899933646,0.0,0.0,0.1199299897065735,1.0,0.0,0.0,0.0
0.122,0.0,0.0,1.007451337853537,0.0,0.0,0.12191787046577628,1.0,0.0,0.0,0.0
0.124,0.0,0.0,1.0076971611570507,0.0,0.0,0.12390543304794197,1.0,0.0,0.0,0.0
0.126,0.0,0.0,1.0079469592693995,0.0,0.0,0.12589267930096273,1.0,0.0,0.0,0.0
0.128,0.0,0.0,1.0082007315597652,0.0,0.0,0.12787961106476176,1.0,0.0,0.0,0.0
0.13,0.0,0.0,1.0084584774010013,0.0,0.0,0.12986623017132423,1.0,0.0,0.0,0.0
0.132,0.0,0.0,1.0087201961696173,0.0,0.0,0.13185253844472825,1.0,0.0,0.0,0.0
0.134,0.0,0.0,1.008985887245763,0.0,0.0,0.13383853770117543,1.0,0.0,0.0,0.0
0.136,0.0,0.0,1.0092555500132132,0.0,0.0,0.13582422974902178,1.0,0.0,0.0,0.0
0.138,0.0,0.0,1.009529183859351,0.0,0.0,0.13780961638880798,1.0,0.0,0.0,0.0
0.14,0.0,0.0,1.0098067881751531,0.0,0.0,0.13979469941329,1.0,0.0,0.0,0.0
0.14200000000000002,0.0,0.0,1.010088362355174,0.0,0.0,0.14177948060746925,1.0,0.0,0.0,0.0
0.14400000000000002,0.0,0.0,1.01037390579753,0.0,0.0,0.14376396174862285,1.0,0.0,0.0,0.0
0.146,0.0,0.0,1.010663417903885,0.0,0.0,0.1457481446063337,1.0,0.0,0.0,0.0
0.148,0.0,0.0,1.0109568980794337,0.0,0.0,0.1477320309425204,1.0,0.0,0.0,0.0
0.15,0.0,0.0,1.0112543457328877,0.0,0.0,0.14971562251146714,1.0,0.0,0.0,0.0
0.152,0.0,0.0,1.011555760276459,0.0,0.0,0.15169892105985341,1.0,0.0,0.0,0.0
0.154,0.0,0.0,1.0118611411258458,0.0,0.0,0.1536819283267837,1.0,0.0,0.0,0.0
0.156,0.0,0.0,1.0121704877002164,0.0,0.0,0.15566464604381694,1.0,0.0,0.0,0.0
0.158,0.0,0.0,1.0124837994221954,0.0,0.0,0.15764707593499594,1.0,0.0,0.0,0.0
0.16,0.0,0.0,1.0128010757178472,0.0,0.0,0.1596292197168767,1.0,0.0,0.0,0.0
0.162,0.0,0.0,1.0131223160166627,0.0,0.0,0.16161107909855765,1.0,0.0,0.0,0.0
0.164,0.0,0.0,1.013447519751543,0.0,0.0,0.16359265578170862,1.0,0.0,0.0,0.0
0.166,0.0,0.0,1.0137766863587852,0.0,0.0,0.1655739514605999,1.0,0.0,0.0,0.0
0.168,0.0,0.0,1.0141098152780679,0.0,0.0,0.1675549678221311,1.0,0.0,0.0,0.0
0.17,0.0,0.0,1.014446905952436,0.0,0.0,0.16953570654585998,1.0,0.0,0.0,0.0
0.17200000000000001,0.0,0.0,1.014787957828286,0.0,0.0,0.17151616930403088,1.0,0.0,0.0,0.0
0.17400000000000002,0.0,0.0,1.0151329703553515,0.0,0.0,0.17349635776160355,1.0,0.0,0.0,0.0
0.176,0.0,0.0,1.0154819429866895,0.0,0.0,0.17547627357628143,1.0,0.0,0.0,0.0
0.178,0.0,0.0,1.0158348751786643,0.0,0.0,0.17745591839854,1.0,0.0,0.0,0.0
0.18,0.0,0.0,1.0161917663909346,0.0,0.0,0.17943529387165505,1.0,0.0,0.0,0.0
0.182,0.0,0.0,1.016552616086438,0.0,0.0,0.18141440163173078,1.0,0.0,0.0,0.0
0.184,0.0,0.0,1.0169174237313774,0.0,0.0,0.18339324330772788,1.0,0.0,0.0,0.0
0.186,0.0,0.0,1.0172861887952067,0.0,0.0,0.18537182052149134,1.0,0.0,0.0,0.0
0.188,0.0,0.0,1.017658910750616,0.0,0.0,0.18735013488777835,1.0,0.0,0.0,0.0
0.19,0.0,0.0,1.018035589073518,0.0,0.0,0.18932818801428603,1.0,0.0,0.0,0.0
0.192,0.0,0.0,1.018416223243034,0.0,0.0,0.1913059815016789,1.0,0.0,0.0,0.0
0.194,0.0,0.0,1.0188008127414794,0.0,0.0,0.19328351694361662,1.0,0.0,0.0,0.0
0.196,0.0,0.0,1.0191893570543498,0.0,0.0,0.1952607959267811,1.0,0.0,0.0,0.0
0.198,0.0,0.0,1.0195818556703073,0.0,0.0,0.19723782003090412,1.0,0.0,0.0,0.0
0.2,0.0,0.0,1.019978308081167,0.0,0.0,0.19921459082879425,1.0,0.0,0.0,0.0
0.202,0.0,0.0,1.0203787137818823,0.0,0.0,0.2011911098863641,1.0,0.0,0.0,0.0
0.20400000000000001,0.0,0.0,1.0207830722705313,0.0,0.0,0.2031673787626573,1.0,0.0,0.0,0.0
0.20600000000000002,0.0,0.0,1.021191383048304,0.0,0.0,0.20514339900987538,1.0,0.0,0.0,0.0
0.20800000000000002,0.0,0.0,1.0216036456194872,0.0,0.0,0.20711917217340456,1.0,0.0,0.0,0.0
0.21,0.0,0.0,1.0220198594914525,0.0,0.0,0.20909469979184242,1.0,0.0,0.0,0.0
0.212,0.0,0.0,1.0224400241746414,0.0,0.0,0.21106998339702462,1.0,0.0,0.0,0.0
0.214,0.0,0.0,1.0228641391825526,0.0,0.0,0.21304502451405125,1.0,0.0,0.0,0.0
0.216,0.0,0.0,1.023292204031728,0.0,0.0,0.2150198246613133,1.0,0.0,0.0,0.0
0.218,0.0,0.0,1.0237242182417399,0.0,0.0,0.21699438535051901,1.0,0.0,0.0,0.0
0.22,0.0,0.0,1.024160181335177,0.0,0.0,0.21896870808671995,1.0,0.0,0.0,0.0
0.222,0.0,0.0,1.0246000928376322,0.0,0.0,0.22094279436833725,1.0,0.0,0.0,0.0
0.224,0.0,0.0,1.0250439522776877,0.0,0.0,0.22291664568718753,1.0,0.0,0.0,0.0
0.226,0.0,0.0,1.0254917591869035,0.0,0.0,0.22489026352850885,1.0,0.0,0.0,0.0
0.228,0.0,0.0,1.025943513099803,0.0,0.0,0.22686364937098658,1.0,0.0,0.0,0.0
0.23,0.0,0.0,1.0263992135538607,0.0,0.0,0.22883680468677892,1.0,0.0,0.0,0.0
0.232,0.0,0.0,1.026858860089489,0.0,0.0,0.2308097309415428,1.0,0.0,0.0,0.0
0.234,0.0,0.0,1.027322452250025,0.0,0.0,0.2327824295944592,1.0,0.0,0.0,0.0
0.23600000000000002,0.0,0.0,1.0277899895817177,0.0,0.0,0.23475490209825864,1.0,0.0,0.0,0.0
0.23800000000000002,0.0,0.0,1.0282614716337153,0.0,0.0,0.23672714989924662,1.0,0.0,0.0,0.0
0.24,0.0,0.0,1.0287368979580518,0.0,0.0,0.2386991744373287,1.0,0.0,0.0,0.0
0.242,0.0,0.0,1.029216268109635,0.0,0.0,0.24067097714603572,1.0,0.0,0.0,0.0
0.244,0.0,0.0,1.0296995816462338,0.0,0.0,0.24264255945254895,1.0,0.0,0.0,0.0
0.246,0.0,0.0,1.030186838128464,0.0,0.0,0.2446139227777249,1.0,0.0,0.0,0.0
0.248,0.0,0.0,1.030678037119778,0.0,0.0,0.24658506853612028,1.0,0.0,0.0,0.0
0.25,0.0,0.0,1.03117317818645,0.0,0.0,0.24855599813601675,1.0,0.0,0.0,0.0
0.252,0.0,0.0,1.0316722608975655,0.0,0.0,0.2505267129794456,1.0,0.0,0.0,0.0
0.254,0.0,0.0,1.0321752848250072,0.0,0.0,0.25249721446221246,1.0,0.0,0.0,0.0
0.256,0.0,0.0,1.0326822495434433,0.0,0.0,0.25446750397392154,1.0,0.0,0.0,0.0
0.258,0.0,0.0,1.0331931546303152,0.0,0.0,0.2564375828980003,1.0,0.0,0.0,0.0
0.26,0.0,0.0,1.033707999665825,0.0,0.0,0.25840745261172354,1.0,0.0,0.0,0.0
0.262,0.0,0.0,1.034226784232923,0.0,0.0,0.26037711448623796,1.0,0.0,0.0,0.0
0.264,0.0,0.0,1.0347495079172957,0.0,0.0,0.26234656988658595,1.0,0.0,0.0,0.0
0.266,0.0,0.0,1.035276170307354,0.0,0.0,0.2643158201717298,1.0,0.0,0.0,0.0
0.268,0.0,0.0,1.0358067709942205,0.0,0.0,0.26628486669457563,1.0,0.0,0.0,0.0
0.27,0.0,0.0,1.036341309571717,0.0,0.0,0.2682537108019973,1.0,0.0,0.0,0.0
0.272,0.0,0.0,1.0368797856363539,0.0,0.0,0.2702223538348601,1.0,0.0,0.0,0.0
0.274,0.0,0.0,1.0374221987873167,0.0,0.0,0.2721907971280446,1.0,0.0,0.0,0.0
0.276,0.0,0.0,1.0379685486264552,0.0,0.0,0.2741590420104701,1.0,0.0,0.0,0.0
0.278,0.0,0.0,1.0385188347582708,0.0,0.0,0.2761270898051181,1.0,0.0,0.0,0.0
0.28,0.0,0.0,1.039073056789905,0.0,0.0,0.2780949418290559,1.0,0.0,0.0,0.0
0.28200000000000003,0.0,0.0,1.0396312143311275,0.0,0.0,0.2800625993934599,1.0,0.0,0.0,0.0
0.28400000000000003,0.0,0.0,1.0401933069943246,0.0,0.0,0.28203006380363876,1.0,0.0,0.0,0.0
0.28600000000000003,0.0,0.0,1.0407593343944872,0.0,0.0,0.2839973363590566,1.0,0.0,0.0,0.0
0.28800000000000003,0.0,0.0,1.0413292961491996,0.0,0.0,0.2859644183533561,1.0,0.0,0.0,0.0
0.29,0.0,0.0,1.0419031918786272,0.0,0.0,0.2879313110743815,1.0,0.0,0.0,0.0
0.292,0.0,0.0,1.0424810212055058,0.0,0.0,0.2898980158042015,1.0,0.0,0.0,0.0
0.294,0.0,0.0,1.0430627837551292,0.0,0.0,0.291864533819132,1.0,0.0,0.0,0.0
0.296,0.0,0.0,1.043648479155338,0.0,0.0,0.293830866389759,1.0,0.0,0.0,0.0
0.298,0.0,0.0,1.0442381070365088,0.0,0.0,0.29579701478096115,1.0,0.0,0.0,0.0
0.3,0.0,0.0,1.0448316670315416,0.0,0.0,0.29776298025193226,1.0,0.0,0.0,0.0
0.302,0.0,0.0,1.0454291587758497,0.0,0.0,0.29972876405620386,1.0,0.0,0.0,0.0
0.304,0.0,0.0,1.0460305819073477,0.0,0.0,0.3016943674416676,1.0,0.0,0.0,0.0
0.306,0.0,0.0,1.04663593606644,0.0,0.0,0.3036597916505976,1.0,0.0,0.0,0.0
0.308,0.0,0.0,1.0472452208960101,0.0,0.0,0.3056250379196725,1.0,0.0,0.0,0.0
0.31,0.0,0.0,1.0478584360414098,0.0,0.0,0.3075901074799978,1.0,0.0,0.0,0.0
0.312,0.0,0.0,1.048475581150447,0.0,0.0,0.30955500155712795,1.0,0.0,0.0,0.0
0.314,0.0,0.0,1.0490966558733752,0.0,0.0,0.311519721371088,1.0,0.0,0.0,0.0
0.316,0.0,0.0,1.0497216598628827,0.0,0.0,0.313484268136396,1.0,0.0,0.0,0.0
0.318,0.0,0.0,1.0503505927740813,0.0,0.0,0.31544864306208437,1.0,0.0,0.0,0.0
0.32,0.0,0.0,1.0509834542644951,0.0,0.0,0.31741284735172187,1.0,0.0,0.0,0.0
0.322,0.0,0.0,1.0516202439940503,0.0,0.0,0.31937688220343524,1.0,0.0,0.0,0.0
0.324,0.0,0.0,1.0522609616250638,0.0,0.0,0.32134074880993074,1.0,0.0,0.0,0.0
0.326,0.0,0.0,1.0529056068222322,0.0,0.0,0.3233044483585156,1.0,0.0,0.0,0.0
0.328,0.0,0.0,1.053554179252622,0.0,0.0,0.3252679820311194,1.0,0.0,0.0,0.0
0.33,0.0,0.0,1.0542066785856574,0.0,0.0,0.32723135100431566,1.0,0.0,0.0,0.0
0.332,0.0,0.0,1.0548631044931112,0.0,0.0,0.32919455644934276,1.0,0.0,0.0,0.0
0.334,0.0,0.0,1.0555234566490925,0.0,0.0,0.3311575995321253,1.0,0.0,0.0,0.0
0.336,0.0,0.0,1.056187734730038,0.0,0.0,0.3331204814132952,1.0,0.0,0.0,0.0
0.338,0.0,0.0,1.0568559384146994,0.0,0.0,0.3350832032482126,1.0,0.0,0.0,0.0
0.34,0.0,0.0,1.0575280673841345,0.0,0.0,0.3370457661869869,1.0,0.0,0.0,0.0
0.342,0.0,0.0,1.058204121321696,0.0,0.0,0.3390081713744975,1.0,0.0,0.0,0.0
0.34400000000000003,0.0,0.0,1.058884099913021,0.0,0.0,0.3409704199504148,1.0,0.0,0.0,0.0
0.34600000000000003,0.0,0.0,1.0595680028460206,0.0,0.0,0.3429325130492207,1.0,0.0,0.0,0.0
0.34800000000000003,0.0,0.0,1.06025582981087,0.0,0.0,0.34489445180022915,1.0,0.0,0.0,0.0
0.35000000000000003,0.0,0.0,1.0609475804999977,0.0,0.0,0.346856237327607,1.0,0.0,0.0,0.0
0.352,0.0,0.0,1.0616432546080756,0.0,0.0,0.3488178707503943,1.0,0.0,0.0,0.0
0.354,0.0,0.0,1.0623428518320086,0.0,0.0,0.3507793531825245,1.0,0.0,0.0,0.0
0.356,0.0,0.0,1.063046371870924,0.0,0.0,0.35274068573284517,1.0,0.0,0.0,0.0
0.358,0.0,0.0,1.063753814426162,0.0,0.0,0.35470186950513793,1.0,0.0,0.0,0.0
0.36,0.0,0.0,1.0644651792012654,0.0,0.0,0.35666290559813874,1.0,0.0,0.0,0.0
0.362,0.0,0.0,1.065180465901969,0.0,0.0,0.35862379510555786,1.0,0.0,0.0,0.0
0.364,0.0,0.0,1.0658996742361906,0.0,0.0,0.3605845391161001,1.0,0.0,0.0,0.0
0.366,0.0,0.0,1.0666228039140202,0.0,0.0,0.3625451387134846,1.0,0.0,0.0,0.0
0.368,0.0,0.0,1.0673498546477103,0.0,0.0,0.36450559497646456,1.0,0.0,0.0,0.0
0.37,0.0,0.0,1.0680808261516657,0.0,0.0,0.3664659089788474,1.0,0.0,0.0,0.0
0.372,0.0,0.0,1.068815718142434,0.0,0.0,0.3684260817895141,1.0,0.0,0.0,0.0
0.374,0.0,0.0,1.069554530338696,0.0,0.0,0.370386114472439,1.0,0.0,0.0,0.0
0.376,0.0,0.0,1.070297262461255,0.0,0.0,0.3723460080867095,1.0,0.0,0.0,0.0
0.378,0.0,0.0,1.0710439142330284,0.0,0.0,0.3743057636865452,1.0,0.0,0.0,0.0
0.38,0.0,0.0,1.0717944853790362,0.0,0.0,0.3762653823213178,1.0,0.0,0.0,0.0
0.382,0.0,0.0,1.072548975626393,0.0,0.0,0.3782248650355699,1.0,0.0,0.0,0.0
0.384,0.0,0.0,1.0733073847042978,0.0,0.0,0.3801842128690348,1.0,0.0,0.0,0.0
0.386,0.0,0.0,1.0740697123440235,0.0,0.0,0.3821434268566553,1.0,0.0,0.0,0.0
0.388,0.0,0.0,1.0748359582789087,0.0,0.0,0.3841025080286031,1.0,0.0,0.0,0.0
0.39,0.0,0.0,1.0756061222443476,0.0,0.0,0.38606145741029757,1.0,0.0,0.0,0.0
0.392,0.0,0.0,1.0763802039777803,0.0,0.0,0.3880202760224251,1.0,0.0,0.0,0.0
0.394,0.0,0.0,1.0771582032186837,0.0,0.0,0.3899789648809578,1.0,0.0,0.0,0.0
0.396,0.0,0.0,1.0779401197085619,0.0,0.0,0.39193752499717227,1.0,0.0,0.0,0.0
0.398,0.0,0.0,1.0787259531909368,0.0,0.0,0.3938959573776686,1.0,0.0,0.0,0.0
0.4,0.0,0.0,1.0795157034113387,0.0,0.0,0.3958542630243888,1.0,0.0,0.0,0.0
0.402,0.0,0.0,1.0803093701172977,0.0,0.0,0.39781244293463575,1.0,0.0,0.0,0.0
0.404,0.0,0.0,1.0811069530583335,0.0,0.0,0.3997704981010915,1.0,0.0,0.0,0.0
0.406,0.0,0.0,1.0819084519859463,0.0,0.0,0.40172842951183585,1.0,0.0,0.0,0.0
0.40800000000000003,0.0,0.0,1.0827138666536085,0.0,0.0,0.40368623815036475,1.0,0.0,0.0,0.0
0.41000000000000003,0.0,0.0,1.0835231968167545,0.0,0.0,0.4056439249956088,1.0,0.0,0.0,0.0
0.41200000000000003,0.0,0.0,1.084336442232772,0.0,0.0,0.4076014910219513,1.0,0.0,0.0,0.0
0.41400000000000003,0.0,0.0,1.0851536026609931,0.0,0.0,0.4095589371992467,1.0,0.0,0.0,0.0
0.41600000000000004,0.0,0.0,1.0859746778626853,0.0,0.0,0.41151626449283846,1.0,0.0,0.0,0.0
0.418,0.0,0.0,1.0867996676010416,0.0,0.0,0.4134734738635774,1.0,0.0,0.0,0.0
0.42,0.0,0.0,1.087628571641173,0.0,0.0,0.4154305662678397,1.0,0.0,0.0,0.0
0.422,0.0,0.0,1.0884613897500985,0.0,0.0,0.4173875426575446,1.0,0.0,0.0,0.0
0.424,0.0,0.0,1.0892981216967363,0.0,0.0,0.4193444039801725,1.0,0.0,0.0,0.0
0.426,0.0,0.0,1.0901387672518954,0.0,0.0,0.4213011511787827,1.0,0.0,0.0,0.0
0.428,0.0,0.0,1.0909833261882662,0.0,0.0,0.42325778519203117,1.0,0.0,0.0,0.0
0.43,0.0,0.0,1.0918317982804124,0.0,0.0,0.4252143069541881,1.0,0.0,0.0,0.0
0.432,0.0,0.0,1.0926841833047618,0.0,0.0,0.42717071739515566,1.0,0.0,0.0,0.0
0.434,0.0,0.0,1.0935404810395974,0.0,0.0,0.42912701744048554,1.0,0.0,0.0,0.0
0.436,0.0,0.0,1.0944006912650492,0.0,0.0,0.43108320801139627,1.0,0.0,0.0,0.0
0.438,0.0,0.0,1.0952648137630854,0.0,0.0,0.4330392900247908,1.0,0.0,0.0,0.0
0.44,0.0,0.0,1.0961328483175035,0.0,0.0,0.4349952643932738,1.0,0.0,0.0,0.0
0.442,0.0,0.0,1.0970047947139219,0.0,0.0,0.4369511320251688,1.0,0.0,0.0,0.0
0.444,0.0,0.0,1.0978806527397715,0.0,0.0,0.43890689382453557,1.0,0.0,0.0,0.0
0.446,0.0,0.0,1.0987604221842873,0.0,0.0,0.4408625506911873,1.0,0.0,0.0,0.0
0.448,0.0,0.0,1.0996441028384991,0.0,0.0,0.4428181035207075,1.0,0.0,0.0,0.0
0.45,0.0,0.0,1.1005316944952244,0.0,0.0,0.44477355320446715,1.0,0.0,0.0,0.0
0.452,0.0,0.0,1.1014231969490584,0.0,0.0,0.44672890062964166,1.0,0.0,0.0,0.0
0.454,0.0,0.0,1.1023186099963673,0.0,0.0,0.4486841466792277,1.0,0.0,0.0,0.0
0.456,0.0,0.0,1.1032179334352785,0.0,0.0,0.45063929223206,1.0,0.0,0.0,0.0
0.458,0.0,0.0,1.1041211670656734,0.0,0.0,0.4525943381628283,1.0,0.0,0.0,0.0
0.46,0.0,0.0,1.1050283106891783,0.0,0.0,0.4545492853420938,1.0,0.0,0.0,0.0
0.462,0.0,0.0,1.1059393641091566,0.0,0.0,0.45650413463630607,1.0,0.0,0.0,0.0
0.464,0.0,0.0,1.1068543271307008,0.0,0.0,0.4584588869078193,1.0,0.0,0.0,0.0
0.466,0.0,0.0,1.1077731995606235,0.0,0.0,0.46041354301490905,1.0,0.0,0.0,0.0
0.468,0.0,0.0,1.1086959812074502,0.0,0.0,0.4623681038117888,1.0,0.0,0.0,0.0
0.47000000000000003,0.0,0.0,1.1096226718814106,0.0,0.0,0.46432257014862593,1.0,0.0,0.0,0.0
0.47200000000000003,0.0,0.0,1.1105532713944308,0.0,0.0,0.4662769428715585,1.0,0.0,0.0,0.0
0.47400000000000003,0.0,0.0,1.111487779560125,0.0,0.0,0.46823122282271123,1.0,0.0,0.0,0.0
0.47600000000000003,0.0,0.0,1.112426196193788,0.0,0.0,0.4701854108402118,1.0,0.0,0.0,0.0
0.47800000000000004,0.0,0.0,1.1133685211123865,0.0,0.0,0.47213950775820696,1.0,0.0,0.0,0.0
0.48,0.0,0.0,1.1143147541345515,0.0,0.0,0.47409351440687864,1.0,0.0,0.0,0.0
0.482,0.0,0.0,1.1152648950805708,0.0,0.0,0.47604743161245994,1.0,0.0,0.0,0.0
0.484,0.0,0.0,1.1162189437723806,0.0,0.0,0.4780012601972512,1.0,0.0,0.0,0.0
0.486,0.0,0.0,1.1171769000335574,0.0,0.0,0.4799550009796357,1.0,0.0,0.0,0.0
0.488,0.0,0.0,1.1181387636893112,0.0,0.0,0.4819086547740958,1.0,0.0,0.0,0.0
0.49,0.0,0.0,1.1191045345664765,0.0,0.0,0.4838622223912282,1.0,0.0,0.0,0.0
0.492,0.0,0.0,1.1200742124935055,0.0,0.0,0.4858157046377604,1.0,0.0,0.0,0.0
0.494,0.0,0.0,1.1210477973004598,0.0,0.0,0.4877691023165657,1.0,0.0,0.0,0.0
0.496,0.0,0.0,1.122025288819003,0.0,0.0,0.48972241622667906,1.0,0.0,0.0,0.0
0.498,0.0,0.0,1.123006686882393,0.0,0.0,0.49167564716331275,1.0,0.0,0.0,0.0
0.5,0.0,0.0,1.1239919913254741,0.0,0.0,0.4936287959178717,1.0,0.0,0.0,0.0
0.502,0.0,0.0,1.1249812019846699,0.0,0.0,0.4955818632779689,1.0,0.0,0.0,0.0
0.504,0.0,0.0,1.1259743186979754,0.0,0.0,0.49753485002744086,1.0,0.0,0.0,0.0
0.506,0.0,0.0,1.1269713413049491,0.0,0.0,0.4994877569463629,1.0,0.0,0.0,0.0
0.508,0.0,0.0,1.1279722696467065,0.0,0.0,0.5014405848110643,1.0,0.0,0.0,0.0
0.51,0.0,0.0,1.1289771035659117,0.0,0.0,0.5033933343941437,1.0,0.0,0.0,0.0
0.512,0.0,0.0,1.1299858429067704,0.0,0.0,0.5053460064644839,1.0,0.0,0.0,0.0
0.514,0.0,0.0,1.130998487515022,0.0,0.0,0.5072986017872675,1.0,0.0,0.0,0.0
0.516,0.0,0.0,1.1320150372379334,0.0,0.0,0.5092511211239912,1.0,0.0,0.0,0.0
0.518,0.0,0.0,1.1330354919242898,0.0,0.0,0.5112035652324813,1.0,0.0,0.0,0.0
0.52,0.0,0.0,1.1340598514243891,0.0,0.0,0.5131559348669086,1.0,0.0,0.0,0.0
0.522,0.0,0.0,1.1350881155900339,0.0,0.0,0.5151082307778028,1.0,0.0,0.0,0.0
0.524,0.0,0.0,1.1361202842745237,0.0,0.0,0.5170604537120677,1.0,0.0,0.0,0.0
0.526,0.0,0.0,1.1371563573326489,0.0,0.0,0.5190126044129959,1.0,0.0,0.0,0.0
0.528,0.0,0.0,1.138196334620682,0.0,0.0,0.5209646836202835,1.0,0.0,0.0,0.0
0.53,0.0,0.0,1.1392402159963724,0.0,0.0,0.5229166920700443,1.0,0.0,0.0,0.0
0.532,0.0,0.0,1.1402880013189371,0.0,0.0,0.5248686304948252,1.0,0.0,0.0,0.0
0.534,0.0,0.0,1.1413396904490556,0.0,0.0,0.5268204996236199,1.0,0.0,0.0,0.0
0.536,0.0,0.0,1.142395283248861,0.0,0.0,0.5287723001818837,1.0,0.0,0.0,0.0
0.538,0.0,0.0,1.1434547795819345,0.0,0.0,0.530724032891548,1.0,0.0,0.0,0.0
0.54,0.0,0.0,1.144518179313297,0.0,0.0,0.5326756984710346,1.0,0.0,0.0,0.0
0.542,0.0,0.0,1.1455854823094034,0.0,0.0,0.5346272976352698,1.0,0.0,0.0,0.0
0.544,0.0,0.0,1.1466566884381344,0.0,0.0,0.536578831095699,1.0,0.0,0.0,0.0
0.546,0.0,0.0,1.1477317975687904,0.0,0.0,0.5385302995603006,1.0,0.0,0.0,0.0
0.548,0.0,0.0,1.1488108095720844,0.0,0.0,0.5404817037336002,1.0,0.0,0.0,0.0
0.55,0.0,0.0,1.1498937243201346,0.0,0.0,0.5424330443166846,1.0,0.0,0.0,0.0
0.552,0.0,0.0,1.1509805416864585,0.0,0.0,0.5443843220072162,1.0,0.0,0.0,0.0
0.554,0.0,0.0,1.1520712615459652,0.0,0.0,0.5463355374994466,1.0,0.0,0.0,0.0
0.556,0.0,0.0,1.1531658837749488,0.0,0.0,0.5482866914842307,1.0,0.0,0.0,0.0
0.558,0.0,0.0,1.154264408251082,0.0,0.0,0.5502377846490404,1.0,0.0,0.0,0.0
0.56,0.0,0.0,1.155366834853409,0.0,0.0,0.5521888176779786,1.0,0.0,0.0,0.0
0.562,0.0,0.0,1.1564731634623386,0.0,0.0,0.5541397912517927,1.0,0.0,0.0,0.0
0.5640000000000001,0.0,0.0,1.1575833939596383,0.0,0.0,0.5560907060478889,1.0,0.0,0.0,0.0
0.5660000000000001,0.0,0.0,1.1586975262284265,0.0,0.0,0.5580415627403452,1.0,0.0,0.0,0.0
0.5680000000000001,0.0,0.0,1.1598155601531668,0.0,0.0,0.5599923619999253,1.0,0.0,0.0,0.0
0.5700000000000001,0.0,0.0,1.1609374956196608,0.0,0.0,0.5619431044940922,1.0,0.0,0.0,0.0
0.5720000000000001,0.0,0.0,1.1620633325150418,0.0,0.0,0.5638937908870217,1.0,0.0,0.0,0.0
0.5740000000000001,0.0,0.0,1.1631930707277685,0.0,0.0,0.5658444218396156,1.0,0.0,0.0,0.0
0.5760000000000001,0.0,0.0,1.1643267101476176,0.0,0.0,0.5677949980095154,1.0,0.0,0.0,0.0
0.578,0.0,0.0,1.1654642506656783,0.0,0.0,0.5697455200511157,1.0,0.0,0.0,0.0
0.58,0.0,0.0,1.166605692174345,0.0,0.0,0.5716959886155771,1.0,0.0,0.0,0.0
0.582,0.0,0.0,1.1677510345673114,0.0,0.0,0.5736464043508399,1.0,0.0,0.0,0.0
0.584,0.0,0.0,1.1689002777395638,0.0,0.0,0.575596767901637,1.0,0.0,0.0,0.0
0.586,0.0,0.0,1.170053421587375,0.0,0.0,0.5775470799095074,1.0,0.0,0.0,0.0
0.588,0.0,0.0,1.1712104660082974,0.0,0.0,0.5794973410128086,1.0,0.0,0.0,0.0
0.59,0.0,0.0,1.172371410901157,0.0,0.0,0.5814475518467305,1.0,0.0,0.0,0.0
0.592,0.0,0.0,1.173536256166047,0.0,0.0,0.5833977130433078,1.0,0.0,0.0,0.0
0.594,0.0,0.0,1.1747050017043217,0.0,0.0,0.5853478252314334,1.0,0.0,0.0,0.0
0.596,0.0,0.0,1.17587764741859,0.0,0.0,0.5872978890368707,1.0,0.0,0.0,0.0
0.598,0.0,0.0,1.177054193212709,0.0,0.0,0.5892479050822673,1.0,0.0,0.0,0.0
0.6,0.0,0.0,1.1782346389917784,0.0,0.0,0.5911978739871669,1.0,0.0,0.0,0.0
0.602,0.0,0.0,1.1794189846621335,0.0,0.0,0.5931477963680227,1.0,0.0,0.0,0.0
0.604,0.0,0.0,1.1806072301313397,0.0,0.0,0.5950976728382099,1.0,0.0,0.0,0.0
0.606,0.0,0.0,1.181799375308186,0.0,0.0,0.5970475040080382,1.0,0.0,0.0,0.0
0.608,0.0,0.0,1.1829954201026787,0.0,0.0,0.5989972904847646,1.0,0.0,0.0,0.0
0.61,0.0,0.0,1.1841953644260361,0.0,0.0,0.600947032872606,1.0,0.0,0.0,0.0
0.612,0.0,0.0,1.1853992081906815,0.0,0.0,0.6028967317727516,1.0,0.0,0.0,0.0
0.614,0.0,0.0,1.1866069513102375,0.0,0.0,0.6048463877833755,1.0,0.0,0.0,0.0
0.616,0.0,0.0,1.1878185936995205,0.0,0.0,0.6067960014996489,1.0,0.0,0.0,0.0
0.618,0.0,0.0,1.189034135274534,0.0,0.0,0.6087455735137525,1.0,0.0,0.0,0.0
0.62,0.0,0.0,1.1902535759524626,0.0,0.0,0.6106951044148892,1.0,0.0,0.0,0.0
0.622,0.0,0.0,1.191476915651667,0.0,0.0,0.6126445947892958,1.0,0.0,0.0,0.0
0.624,0.0,0.0,1.1927041542916765,0.0,0.0,0.6145940452202557,1.0,0.0,0.0,0.0
0.626,0.0,0.0,1.193935291793185,0.0,0.0,0.616543456288111,1.0,0.0,0.0,0.0
0.628,0.0,0.0,1.1951703280780432,0.0,0.0,0.6184928285702743,1.0,0.0,0.0,0.0
0.63,0.0,0.0,1.1964092630692547,0.0,0.0,0.6204421626412413,1.0,0.0,0.0,0.0
0.632,0.0,0.0,1.1976520966909685,0.0,0.0,0.6223914590726024,1.0,0.0,0.0,0.0
0.634,0.0,0.0,1.198898828868474,0.0,0.0,0.624340718433055,1.0,0.0,0.0,0.0
0.636,0.0,0.0,1.2001494595281956,0.0,0.0,0.6262899412884153,1.0,0.0,0.0,0.0
0.638,0.0,0.0,1.2014039885976857,0.0,0.0,0.6282391282016303,1.0,0.0,0.0,0.0
0.64,0.0,0.0,1.20266241600562,0.0,0.0,0.6301882797327896,1.0,0.0,0.0,0.0
0.642,0.0,0.0,1.203924741681792,0.0,0.0,0.632137396439137,1.0,0.0,0.0,0.0
0.644,0.0,0.0,1.2051909655571063,0.0,0.0,0.634086478875083,1.0,0.0,0.0,0.0
0.646,0.0,0.0,1.2064610875635735,0.0,0.0,0.6360355275922156,1.0,0.0,0.0,0.0
0.648,0.0,0.0,1.207735107634305,0.0,0.0,0.6379845431393126,1.0,0.0,0.0,0.0
0.65,0.0,0.0,1.2090130257035068,0.0,0.0,0.6399335260623531,1.0,0.0,0.0,0.0
0.652,0.0,0.0,1.2102948417064736,0.0,0.0,0.6418824769045289,1.0,0.0,0.0,0.0
0.654,0.0,0.0,1.2115805555795844,0.0,0.0,0.6438313962062564,1.0,0.0,0.0,0.0
0.656,0.0,0.0,1.212870167260296,0.0,0.0,0.6457802845051878,1.0,0.0,0.0,0.0
0.658,0.0,0.0,1.2141636766871373,0.0,0.0,0.6477291423362225,1.0,0.0,0.0,0.0
0.66,0.0,0.0,1.215461083799705,0.0,0.0,0.6496779702315189,1.0,0.0,0.0,0.0
0.662,0.0,0.0,1.2167623885386571,0.0,0.0,0.6516267687205055,1.0,0.0,0.0,0.0
0.664,0.0,0.0,1.2180675908457075,0.0,0.0,0.6535755383298923,1.0,0.0,0.0,0.0
0.666,0.0,0.0,1.219376690663621,0.0,0.0,0.6555242795836822,1.0,0.0,0.0,0.0
0.668,0.0,0.0,1.220689687936208,0.0,0.0,0.6574729930031818,1.0,0.0,0.0,0.0
0.67,0.0,0.0,1.2220065826083182,0.0,0.0,0.6594216791070133,1.0,0.0,0.0,0.0
0.672,0.0,0.0,1.2233273746258364,0.0,0.0,0.6613703384111249,1.0,0.0,0.0,0.0
0.674,0.0,0.0,1.2246520639356764,0.0,0.0,0.6633189714288026,1.0,0.0,0.0,0.0
0.676,0.0,0.0,1.2259806504857758,0.0,0.0,0.6652675786706808,1.0,0.0,0.0,0.0
0.678,0.0,0.0,1.2273131342250911,0.0,0.0,0.6672161606447535,1.0,0.0,0.0,0.0
0.68,0.0,0.0,1.2286495151035923,0.0,0.0,0.6691647178563855,1.0,0.0,0.0,0.0
0.682,0.0,0.0,1.229989793072257,0.0,0.0,0.671113250808323,1.0,0.0,0.0,0.0
0.684,0.0,0.0,1.231333968083066,0.0,0.0,0.6730617600007044,1.0,0.0,0.0,0.0
0.686,0.0,0.0,1.2326820400889977,0.0,0.0,0.6750102459310718,1.0,0.0,0.0,0.0
0.6880000000000001,0.0,0.0,1.2340340090440232,0.0,0.0,0.6769587090943813,1.0,0.0,0.0,0.0
0.6900000000000001,0.0,0.0,1.2353898749031005,0.0,0.0,0.6789071499830136,1.0,0.0,0.0,0.0
0.6920000000000001,0.0,0.0,1.2367496376221703,0.0,0.0,0.6808555690867855,1.0,0.0,0.0,0.0
0.6940000000000001,0.0,0.0,1.23811329715815,0.0,0.0,0.6828039668929597,1.0,0.0,0.0,0.0
0.6960000000000001,0.0,0.0,1.2394808534689292,0.0,0.0,0.6847523438862564,1.0,0.0,0.0,0.0
0.6980000000000001,0.0,0.0,1.2408523065133643,0.0,0.0,0.6867007005488629,1.0,0.0,0.0,0.0
0.7000000000000001,0.0,0.0,1.2422276562512735,0.0,0.0,0.688649037360445,1.0,0.0,0.0,0.0
0.7020000000000001,0.0,0.0,1.2436069026434322,0.0,0.0,0.6905973547981572,1.0,0.0,0.0,0.0
0.704,0.0,0.0,1.244990045651567,0.0,0.0,0.692545653336653,1.0,0.0,0.0,0.0
0.706,0.0,0.0,1.2463770852383518,0.0,0.0,0.6944939334480957,1.0,0.0,0.0,0.0
0.708,0.0,0.0,1.247764011836898,0.0,0.0,0.6924326650980615,1.0,0.0,0.0,0.0
0.71,0.0,0.0,1.2491468167213198,0.0,0.0,0.6903722193236571,1.0,0.0,0.0,0.0
0.712,0.0,0.0,1.2505255015326495,0.0,0.0,0.688312592006059,1.0,0.0,0.0,0.0
0.714,0.0,0.0,1.251900067903699,0.0,0.0,0.6862537790433992,1.0,0.0,0.0,0.0
0.716,0.0,0.0,1.253270517459093,0.0,0.0,0.6841957763507016,1.0,0.0,0.0,0.0
0.718,0.0,0.0,1.2546368518153035,0.0,0.0,0.6821385798598169,1.0,0.0,0.0,0.0
0.72,0.0,0.0,1.2559990725806827,0.0,0.0,0.6800821855193586,1.0,0.0,0.0,0.0
0.722,0.0,0.0,1.2573571813554967,0.0,0.0,0.6780265892946398,1.0,0.0,0.0,0.0
0.724,0.0,0.0,1.258711179731959,0.0,0.0,0.6759717871676086,1.0,0.0,0.0,0.0
0.726,0.0,0.0,1.2600610692942633,0.0,0.0,0.6739177751367854,1.0,0.0,0.0,0.0
0.728,0.0,0.0,1.2614068516186172,0.0,0.0,0.6718645492171992,1.0,0.0,0.0,0.0
0.73,0.0,0.0,1.2627485282732747,0.0,0.0,0.669812105440325,1.0,0.0,0.0,0.0
0.732,0.0,0.0,1.264086100818569,0.0,0.0,0.6677604398540209,1.0,0.0,0.0,0.0
0.734,0.0,0.0,1.2654195708069456,0.0,0.0,0.6657095485224657,1.0,0.0,0.0,0.0
0.736,0.0,0.0,1.266748939782994,0.0,0.0,0.6636594275260966,1.0,0.0,0.0,0.0
0.738,0.0,0.0,1.2680742092834818,0.0,0.0,0.6616100729615473,1.0,0.0,0.0,0.0
0.74,0.0,0.0,1.269395380837385,0.0,0.0,0.6595614809415858,1.0,0.0,0.0,0.0
0.742,0.0,0.0,1.2707124559659217,0.0,0.0,0.6575136475950534,1.0,0.0,0.0,0.0
0.744,0.0,0.0,1.2720254361825836,0.0,0.0,0.6554665690668027,1.0,0.0,0.0,0.0
0.746,0.0,0.0,1.273334322993168,0.0,0.0,0.6534202415176371,1.0,0.0,0.0,0.0
0.748,0.0,0.0,1.2746391178958099,0.0,0.0,0.6513746611242495,1.0,0.0,0.0,0.0
0.75,0.0,0.0,1.2759398223810132,0.0,0.0,0.6493298240791616,1.0,0.0,0.0,0.0
0.752,0.0,0.0,1.277236437931683,0.0,0.0,0.6472857265906639,1.0,0.0,0.0,0.0
0.754,0.0,0.0,1.2785289660231565,0.0,0.0,0.6452423648827547,1.0,0.0,0.0,0.0
0.756,0.0,0.0,1.2798174081232343,0.0,0.0,0.6431997351950809,1.0,0.0,0.0,0.0
0.758,0.0,0.0,1.2811017656922123,0.0,0.0,0.6411578337828777,1.0,0.0,0.0,0.0
0.76,0.0,0.0,1.2823820401829122,0.0,0.0,0.6391166569169093,1.0,0.0,0.0,0.0
0.762,0.0,0.0,1.2836582330407125,0.0,0.0,0.6370762008834092,1.0,0.0,0.0,0.0
0.764,0.0,0.0,1.28493034570358,0.0,0.0,0.6350364619840214,1.0,0.0,0.0,0.0
0.766,0.0,0.0,1.2861983796020997,0.0,0.0,0.6329974365357414,1.0,0.0,0.0,0.0
0.768,0.0,0.0,1.2874623361595063,0.0,0.0,0.6309591208708573,1.0,0.0,0.0,0.0
0.77,0.0,0.0,1.288722216791714,0.0,0.0,0.6289215113368916,1.0,0.0,0.0,0.0
0.772,0.0,0.0,1.2899780229073474,0.0,0.0,0.6268846042965428,1.0,0.0,0.0,0.0
0.774,0.0,0.0,1.2912297559077717,0.0,0.0,0.6248483961276275,1.0,0.0,0.0,0.0
0.776,0.0,0.0,1.2924774171871223,0.0,0.0,0.6228128832230223,1.0,0.0,0.0,0.0
0.778,0.0,0.0,1.2937210081323358,0.0,0.0,0.6207780619906061,1.0,0.0,0.0,0.0
0.78,0.0,0.0,1.2949605301231797,0.0,0.0,0.6187439288532033,1.0,0.0,0.0,0.0
0.782,0.0,0.0,1.2961959845322815,0.0,0.0,0.6167104802485257,1.0,0.0,0.0,0.0
0.784,0.0,0.0,1.297427372725159,0.0,0.0,0.6146777126291163,1.0,0.0,0.0,0.0
0.786,0.0,0.0,1.2986546960602505,0.0,0.0,0.612645622462292,1.0,0.0,0.0,0.0
0.788,0.0,0.0,1.2998779558889428,0.0,0.0,0.6106142062300874,1.0,0.0,0.0,0.0
0.79,0.0,0.0,1.3010971535556022,0.0,0.0,0.6085834604291981,1.0,0.0,0.0,0.0
0.792,0.0,0.0,1.3023122903976023,0.0,0.0,0.6065533815709246,1.0,0.0,0.0,0.0
0.794,0.0,0.0,1.3035233677453544,0.0,0.0,0.6045239661811167,1.0,0.0,0.0,0.0
0.796,0.0,0.0,1.3047303869223357,0.0,0.0,0.6024952108001173,1.0,0.0,0.0,0.0
0.798,0.0,0.0,1.3059333492451184,0.0,0.0,0.600467111982707,1.0,0.0,0.0,0.0
0.8,0.0,0.0,1.307132256023399,0.0,0.0,0.5984396662980489,1.0,0.0,0.0,0.0
0.802,0.0,0.0,1.3083271085600268,0.0,0.0,0.5964128703296333,1.0,0.0,0.0,0.0
0.804,0.0,0.0,1.3095179081510315,0.0,0.0,0.5943867206752229,1.0,0.0,0.0,0.0
0.806,0.0,0.0,1.3107046560856535,0.0,0.0,0.5923612139467981,1.0,0.0,0.0,0.0
0.808,0.0,0.0,1.3118873536463707,0.0,0.0,0.5903363467705021,1.0,0.0,0.0,0.0
0.81,0.0,0.0,1.3130660021089278,0.0,0.0,0.588312115786587,1.0,0.0,0.0,0.0
0.812,0.0,0.0,1.3142406027423637,0.0,0.0,0.5862885176493596,1.0,0.0,0.0,0.0
0.8140000000000001,0.0,0.0,1.31541115680904,0.0,0.0,0.5842655490271274,1.0,0.0,0.0,0.0
0.8160000000000001,0.0,0.0,1.3165776655646693,0.0,0.0,0.5822432066021446,1.0,0.0,0.0,0.0
0.8180000000000001,0.0,0.0,1.317740130258342,0.0,0.0,0.5802214870705591,1.0,0.0,0.0,0.0
0.8200000000000001,0.0,0.0,1.318898552132555,0.0,0.0,0.5782003871423589,1.0,0.0,0.0,0.0
0.8220000000000001,0.0,0.0,1.3200529324232386,0.0,0.0,0.5761799035413188,1.0,0.0,0.0,0.0
0.8240000000000001,0.0,0.0,1.3212032723597849,0.0,0.0,0.5741600330049478,1.0,0.0,0.0,0.0
0.8260000000000001,0.0,0.0,1.3223495731650743,0.0,0.0,0.572140772284436,1.0,0.0,0.0,0.0
0.8280000000000001,0.0,0.0,1.3234918360555032,0.0,0.0,0.5701221181446026,1.0,0.0,0.0,0.0
0.8300000000000001,0.0,0.0,1.3246300622410117,0.0,0.0,0.5681040673638427,1.0,0.0,0.0,0.0
0.8320000000000001,0.0,0.0,1.3257642529251095,0.0,0.0,0.5660866167340758,1.0,0.0,0.0,0.0
0.834,0.0,0.0,1.3268944093049042,0.0,0.0,0.5640697630606937,1.0,0.0,0.0,0.0
0.836,0.0,0.0,1.3280205325711274,0.0,0.0,0.5620535031625086,1.0,0.0,0.0,0.0
0.838,0.0,0.0,1.3291426239081616,0.0,0.0,0.5600378338717015,1.0,0.0,0.0,0.0
0.84,0.0,0.0,1.3302606844940672,0.0,0.0,0.5580227520337709,1.0,0.0,0.0,0.0
0.842,0.0,0.0,1.3313747155006084,0.0,0.0,0.5560082545074817,1.0,0.0,0.0,0.0
0.844,0.0,0.0,1.3324847180932806,0.0,0.0,0.5539943381648138,1.0,0.0,0.0,0.0
0.846,0.0,0.0,1.3335906934313364,0.0,0.0,0.5519809998909116,1.0,0.0,0.0,0.0
0.848,0.0,0.0,1.3346926426678114,0.0,0.0,0.5499682365840333,1.0,0.0,0.0,0.0
0.85,0.0,0.0,1.335790566949551,0.0,0.0,0.5479560451555001,1.0,0.0,0.0,0.0
0.852,0.0,0.0,1.336884467417236,0.0,0.0,0.5459444225296467,1.0,0.0,0.0,0.0
0.854,0.0,0.0,1.3379743452054094,0.0,0.0,0.5439333656437703,1.0,0.0,0.0,0.0
0.856,0.0,0.0,1.3390602014425013,0.0,0.0,0.5419228714480813,1.0,0.0,0.0,0.0
0.858,0.0,0.0,1.340142037250855,0.0,0.0,0.5399129369056535,1.0,0.0,0.0,0.0
0.86,0.0,0.0,1.341219853746753,0.0,0.0,0.5379035589923743,1.0,0.0,0.0,0.0
0.862,0.0,0.0,1.3422936520404423,0.0,0.0,0.5358947346968956,1.0,0.0,0.0,0.0
0.864,0.0,0.0,1.3433634332361597,0.0,0.0,0.5338864610205846,1.0,0.0,0.0,0.0
0.866,0.0,0.0,1.3444291984321577,0.0,0.0,0.5318787349774745,1.0,0.0,0.0,0.0
0.868,0.0,0.0,1.3454909487207294,0.0,0.0,0.5298715535942163,1.0,0.0,0.0,0.0
0.87,0.0,0.0,1.3465486851882336,0.0,0.0,0.5278649139100297,1.0,0.0,0.0,0.0
0.872,0.0,0.0,1.3476024089151202,0.0,0.0,0.5258588129766546,1.0,0.0,0.0,0.0
0.874,0.0,0.0,1.3486521209759552,0.0,0.0,0.5238532478583032,1.0,0.0,0.0,0.0
0.876,0.0,0.0,1.3496978224394451,0.0,0.0,0.5218482156316118,1.0,0.0,0.0,0.0
0.878,0.0,0.0,1.3507395143684624,0.0,0.0,0.5198437133855925,1.0,0.0,0.0,0.0
0.88,0.0,0.0,1.3517771978200697,0.0,0.0,0.517839738221586,1.0,0.0,0.0,0.0
0.882,0.0,0.0,1.3528108738455444,0.0,0.0,0.5158362872532137,1.0,0.0,0.0,0.0
0.884,0.0,0.0,1.353840543490404,0.0,0.0,0.5138333576063305,1.0,0.0,0.0,0.0
0.886,0.0,0.0,1.3548662077944293,0.0,0.0,0.5118309464189774,1.0,0.0,0.0,0.0
0.888,0.0,0.0,1.3558878677916897,0.0,0.0,0.5098290508413347,1.0,0.0,0.0,0.0
0.89,0.0,0.0,1.3569055245105668,0.0,0.0,0.5078276680356749,1.0,0.0,0.0,0.0
0.892,0.0,0.0,1.3579191789737788,0.0,0.0,0.5058267951763162,1.0,0.0,0.0,0.0
0.894,0.0,0.0,1.3589288321984048,0.0,0.0,0.5038264294495759,1.0,0.0,0.0,0.0
0.896,0.0,0.0,1.359934485195908,0.0,0.0,0.5018265680537239,1.0,0.0,0.0,0.0
0.898,0.0,0.0,1.3609361389721608,0.0,0.0,0.499827208198937,1.0,0.0,0.0,0.0
0.9,0.0,0.0,1.361933794527467,0.0,0.0,0.49782834710725227,1.0,0.0,0.0,0.0
0.902,0.0,0.0,1.3629274528565867,0.0,0.0,0.49582998201252176,1.0,0.0,0.0,0.0
0.904,0.0,0.0,1.3639171149487597,0.0,0.0,0.49383211016036654,1.0,0.0,0.0,0.0
0.906,0.0,0.0,1.3649027817877282,0.0,0.0,0.4918347288081313,1.0,0.0,0.0,0.0
0.908,0.0,0.0,1.3658844543517612,0.0,0.0,0.4898378352248389,1.0,0.0,0.0,0.0
0.91,0.0,0.0,1.3668621336136773,0.0,0.0,0.48784142669114555,1.0,0.0,0.0,0.0
0.912,0.0,0.0,1.3678358205408676,0.0,0.0,0.48584550049929537,1.0,0.0,0.0,0.0
0.914,0.0,0.0,1.36880551609532,0.0,0.0,0.48385005395307584,1.0,0.0,0.0,0.0
0.916,0.0,0.0,1.369771221233641,0.0,0.0,0.4818550843677731,1.0,0.0,0.0,0.0
0.918,0.0,0.0,1.3707329369070789,0.0,0.0,0.4798605890701274,1.0,0.0,0.0,0.0
0.92,0.0,0.0,1.3716906640615474,0.0,0.0,0.4778665653982889,1.0,0.0,0.0,0.0
0.922,0.0,0.0,1.3726444036376475,0.0,0.0,0.47587301070177335,1.0,0.0,0.0,0.0
0.924,0.0,0.0,1.3735941565706906,0.0,0.0,0.4738799223414181,1.0,0.0,0.0,0.0
0.926,0.0,0.0,1.3745399237907214,0.0,0.0,0.4718872976893385,1.0,0.0,0.0,0.0
0.928,0.0,0.0,1.3754817062225397,0.0,0.0,0.46989513412888384,1.0,0.0,0.0,0.0
0.93,0.0,0.0,1.3764195047857233,0.0,0.0,0.4679034290545941,1.0,0.0,0.0,0.0
0.932,0.0,0.0,1.37735332039465,0.0,0.0,0.4659121798721565,1.0,0.0,0.0,0.0
0.934,0.0,0.0,1.3782831539585205,0.0,0.0,0.4639213839983624,1.0,0.0,0.0,0.0
0.936,0.0,0.0,1.37920900638138,0.0,0.0,0.46193103886106424,1.0,0.0,0.0,0.0
0.9380000000000001,0.0,0.0,1.3801308785621402,0.0,0.0,0.4599411418991325,1.0,0.0,0.0,0.0
0.9400000000000001,0.0,0.0,1.3810487713946018,0.0,0.0,0.45795169056241314,1.0,0.0,0.0,0.0
0.9420000000000001,0.0,0.0,1.3819626857674758,0.0,0.0,0.45596268231168513,1.0,0.0,0.0,0.0
0.9440000000000001,0.0,0.0,1.3828726225644061,0.0,0.0,0.4539741146186178,1.0,0.0,0.0,0.0
0.9460000000000001,0.0,0.0,1.3837785826639906,0.0,0.0,0.4519859849657288,1.0,0.0,0.0,0.0
0.9480000000000001,0.0,0.0,1.3846805669398026,0.0,0.0,0.44999829084634185,1.0,0.0,0.0,0.0
0.9500000000000001,0.0,0.0,1.3855785762604134,0.0,0.0,0.4480110297645451,1.0,0.0,0.0,0.0
0.9520000000000001,0.0,0.0,1.386472611489413,0.0,0.0,0.44602419923514897,1.0,0.0,0.0,0.0
0.9540000000000001,0.0,0.0,1.3873626734854319,0.0,0.0,0.4440377967836448,1.0,0.0,0.0,0.0
0.9560000000000001,0.0,0.0,1.3882487631021616,0.0,0.0,0.4420518199461633,1.0,0.0,0.0,0.0
0.9580000000000001,0.0,0.0,1.3891308811883771,0.0,0.0,0.44006626626943335,1.0,0.0,0.0,0.0
0.96,0.0,0.0,1.3900090285879574,0.0,0.0,0.4380811333107405,1.0,0.0,0.0,0.0
0.962,0.0,0.0,1.390883206139906,0.0,0.0,0.43609641863788634,1.0,0.0,0.0,0.0
0.964,0.0,0.0,1.391753414678373,0.0,0.0,0.43411211982914744,1.0,0.0,0.0,0.0
0.966,0.0,0.0,1.3926196550326753,0.0,0.0,0.4321282344732348,1.0,0.0,0.0,0.0
0.968,0.0,0.0,1.3934819280273179,0.0,0.0,0.4301447601692531,1.0,0.0,0.0,0.0
0.97,0.0,0.0,1.3943402344820137,0.0,0.0,0.42816169452666053,1.0,0.0,0.0,0.0
0.972,0.0,0.0,1.3951945752117056,0.0,0.0,0.4261790351652282,1.0,0.0,0.0,0.0
0.974,0.0,0.0,1.3960449510265858,0.0,0.0,0.42419677971500047,1.0,0.0,0.0,0.0
0.976,0.0,0.0,1.3968913627321171,0.0,0.0,0.42221492581625464,1.0,0.0,0.0,0.0
0.978,0.0,0.0,1.397733811129053,0.0,0.0,0.42023347111946124,1.0,0.0,0.0,0.0
0.98,0.0,0.0,1.3985722970134575,0.0,0.0,0.4182524132852446,1.0,0.0,0.0,0.0
0.982,0.0,0.0,1.3994068211767272,0.0,0.0,0.4162717499843429,1.0,0.0,0.0,0.0
0.984,0.0,0.0,1.400237384405609,0.0,0.0,0.41429147889756923,1.0,0.0,0.0,0.0
0.986,0.0,0.0,1.4010639874822224,0.0,0.0,0.41231159771577214,1.0,0.0,0.0,0.0
0.988,0.0,0.0,1.4018866311840779,0.0,0.0,0.41033210413979654,1.0,0.0,0.0,0.0
0.99,0.0,0.0,1.4027053162840981,0.0,0.0,0.40835299588044494,1.0,0.0,0.0,0.0
0.992,0.0,0.0,1.403520043550637,0.0,0.0,0.40637427065843856,1.0,0.0,0.0,0.0
0.994,0.0,0.0,1.4043308137474997,0.0,0.0,0.4043959262043787,1.0,0.0,0.0,0.0
0.996,0.0,0.0,1.4051376276339627,0.0,0.0,0.40241796025870824,1.0,0.0,0.0,0.0
0.998,0.0,0.0,1.405940485964793,0.0,0.0,0.40044037057167325,1.0,0.0,0.0,0.0
1.0,0.0,0.0,1.406739389490268,0.0,0.0,0.39846315490328493,1.0,0.0,0.0,0.0
1.002,0.0,0.0,1.4075343389561945,0.0,0.0,0.3964863110232813,1.0,0.0,0.0,0.0
1.004,0.0,0.0,1.4083253351039289,0.0,0.0,0.39450983671108947,1.0,0.0,0.0,0.0
1.006,0.0,0.0,1.4091123786703958,0.0,0.0,0.3925337297557878,1.0,0.0,0.0,0.0
1.008,0.0,0.0,1.4098954703881077,0.0,0.0,0.3905579879560683,1.0,0.0,0.0,0.0
1.01,0.0,0.0,1.410674610985184,0.0,0.0,0.3885826091201989,1.0,0.0,0.0,0.0
1.012,0.0,0.0,1.4114498011853702,0.0,0.0,0.3866075910659863,1.0,0.0,0.0,0.0
1.014,0.0,0.0,1.412221041708057,0.0,0.0,0.3846329316207388,1.0,0.0,0.0,0.0
1.016,0.0,0.0,1.4129883332682989,0.0,0.0,0.382658628621229,1.0,0.0,0.0,0.0
1.018,0.0,0.0,1.4137516765768336,0.0,0.0,0.380684679913657,1.0,0.0,0.0,0.0
1.02,0.0,0.0,1.4145110723401009,0.0,0.0,0.3787110833536134,1.0,0.0,0.0,0.0
1.022,0.0,0.0,1.4152665212602604,0.0,0.0,0.3767378368060429,1.0,0.0,0.0,0.0
1.024,0.0,0.0,1.4160180240352116,0.0,0.0,0.37476493814520745,1.0,0.0,0.0,0.0
1.026,0.0,0.0,1.4167655813586115,0.0,0.0,0.3727923852546501,1.0,0.0,0.0,0.0
1.028,0.0,0.0,1.4175091939198934,0.0,0.0,0.3708201760271586,1.0,0.0,0.0,0.0
1.03,0.0,0.0,1.4182488624042853,0.0,0.0,0.36884830836472937,1.0,0.0,0.0,0.0
1.032,0.0,0.0,1.4189845874928286,0.0,0.0,0.36687678017853126,1.0,0.0,0.0,0.0
1.034,0.0,0.0,1.419716369862396,0.0,0.0,0.3649055893888699,1.0,0.0,0.0,0.0
1.036,0.0,0.0,1.42044421018571,0.0,0.0,0.362934733925152,1.0,0.0,0.0,0.0
1.038,0.0,0.0,1.421168109131361,0.0,0.0,0.3609642117258496,1.0,0.0,0.0,0.0
1.04,0.0,0.0,1.4218880673638254,0.0,0.0,0.3589940207384645,1.0,0.0,0.0,0.0
1.042,0.0,0.0,1.4226040855434834,0.0,0.0,0.35702415891949324,1.0,0.0,0.0,0.0
1.044,0.0,0.0,1.4233161643266372,0.0,0.0,0.35505462423439177,1.0,0.0,0.0,0.0
1.046,0.0,0.0,1.4240243043655292,0.0,0.0,0.3530854146575402,1.0,0.0,0.0,0.0
1.048,0.0,0.0,1.424728506308359,0.0,0.0,0.35111652817220795,1.0,0.0,0.0,0.0
1.05,0.0,0.0,1.4254287707993016,0.0,0.0,0.3491479627705192,1.0,0.0,0.0,0.0
1.052,0.0,0.0,1.4261250984785256,0.0,0.0,0.3471797164534177,1.0,0.0,0.0,0.0
1.054,0.0,0.0,1.4268174899822097,0.0,0.0,0.3452117872306327,1.0,0.0,0.0,0.0
1.056,0.0,0.0,1.427505945942561,0.0,0.0,0.34324417312064426,1.0,0.0,0.0,0.0
1.058,0.0,0.0,1.4281904669878323,0.0,0.0,0.34127687215064895,1.0,0.0,0.0,0.0
1.06,0.0,0.0,1.4288710537423395,0.0,0.0,0.3393098823565257,1.0,0.0,0.0,0.0
1.062,0.0,0.0,1.4295477068264788,0.0,0.0,0.3373432017828019,1.0,0.0,0.0,0.0
1.064,0.0,0.0,1.4302204268567442,0.0,0.0,0.33537682848261935,1.0,0.0,0.0,0.0
1.066,0.0,0.0,1.4308892144457446,0.0,0.0,0.33341076051770036,1.0,0.0,0.0,0.0
1.068,0.0,0.0,1.4315540702022207,0.0,0.0,0.3314449959583144,1.0,0.0,0.0,0.0
1.07,0.0,0.0,1.4322149947310623,0.0,0.0,0.3294795328832442,1.0,0.0,0.0,0.0
1.072,0.0,0.0,1.4328719886333252,0.0,0.0,0.32751436937975265,1.0,0.0,0.0,0.0
1.074,0.0,0.0,1.4335250525062486,0.0,0.0,0.3255495035435492,1.0,0.0,0.0,0.0
1.076,0.0,0.0,1.434174186943271,0.0,0.0,0.32358493347875705,1.0,0.0,0.0,0.0
1.078,0.0,0.0,1.4348193925340476,0.0,0.0,0.32162065729787975,1.0,0.0,0.0,0.0
1.08,0.0,0.0,1.4354606698644672,0.0,0.0,0.3196566731217685,1.0,0.0,0.0,0.0
1.082,0.0,0.0,1.4360980195166686,0.0,0.0,0.3176929790795893,1.0,0.0,0.0,0.0
1.084,0.0,0.0,1.436731442069057,0.0,0.0,0.31572957330879037,1.0,0.0,0.0,0.0
1.086,0.0,0.0,1.4373609380963208,0.0,0.0,0.31376645395506936,1.0,0.0,0.0,0.0
1.088,0.0,0.0,1.4379865081694483,0.0,0.0,0.31180361917234106,1.0,0.0,0.0,0.0
1.09,0.0,0.0,1.4386081528557433,0.0,0.0,0.3098410671227052,1.0,0.0,0.0,0.0
1.092,0.0,0.0,1.4392258727188425,0.0,0.0,0.30787879597641404,1.0,0.0,0.0,0.0
1.094,0.0,0.0,1.4398396683187307,0.0,0.0,0.30591680391184045,1.0,0.0,0.0,0.0
1.096,0.0,0.0,1.4404495402117579,0.0,0.0,0.3039550891154459,1.0,0.0,0.0,0.0
1.098,0.0,0.0,1.441055488950655,0.0,0.0,0.3019936497817486,1.0,0.0,0.0,0.0
1.1,0.0,0.0,1.44165751508455,0.0,0.0,0.30003248411329186,1.0,0.0,0.0,0.0
1.102,0.0,0.0,1.442255619158984,0.0,0.0,0.29807159032061253,1.0,0.0,0.0,0.0
1.104,0.0,0.0,1.4428498017159268,0.0,0.0,0.2961109666222093,1.0,0.0,0.0,0.0
1.106,0.0,0.0,1.4434400632937936,0.0,0.0,0.2941506112445117,1.0,0.0,0.0,0.0
1.108,0.0,0.0,1.44402640442746,0.0,0.0,0.29219052242184845,1.0,0.0,0.0,0.0
1.11,0.0,0.0,1.4446088256482783,0.0,0.0,0.2902306983964167,1.0,0.0,0.0,0.0
1.112,0.0,0.0,1.445187327484093,0.0,0.0,0.2882711374182507,1.0,0.0,0.0,0.0
1.114,0.0,0.0,1.4457619104592565,0.0,0.0,0.28631183774519126,1.0,0.0,0.0,0.0
1.116,0.0,0.0,1.4463325750946445,0.0,0.0,0.28435279764285454,1.0,0.0,0.0,0.0
1.118,0.0,0.0,1.446899321907672,0.0,0.0,0.28239401538460185,1.0,0.0,0.0,0.0
1.12,0.0,0.0,1.447462151412308,0.0,0.0,0.2804354892515087,1.0,0.0,0.0,0.0
1.122,0.0,0.0,1.4480210641190918,0.0,0.0,0.27847721753233456,1.0,0.0,0.0,0.0
1.124,0.0,0.0,1.4485760605351476,0.0,0.0,0.27651919852349266,1.0,0.0,0.0,0.0
1.1260000000000001,0.0,0.0,1.4491271411642002,0.0,0.0,0.2745614305290195,1.0,0.0,0.0,0.0
1.1280000000000001,0.0,0.0,1.4496743065065898,0.0,0.0,0.27260391186054483,1.0,0.0,0.0,0.0
1.1300000000000001,0.0,0.0,1.4502175570592877,0.0,0.0,0.2706466408372619,1.0,0.0,0.0,0.0
1.1320000000000001,0.0,0.0,1.4507568933159107,0.0,0.0,0.26868961578589734,1.0,0.0,0.0,0.0
1.1340000000000001,0.0,0.0,1.4512923157667372,0.0,0.0,0.2667328350406814,1.0,0.0,0.0,0.0
1.1360000000000001,0.0,0.0,1.4518238248987212,0.0,0.0,0.2647762969433185,1.0,0.0,0.0,0.0
1.1380000000000001,0.0,0.0,1.4523514211955075,0.0,0.0,0.2628199998429575,1.0,0.0,0.0,0.0
1.1400000000000001,0.0,0.0,1.4528751051374467,0.0,0.0,0.26086394209616237,1.0,0.0,0.0,0.0
1.1420000000000001,0.0,0.0,1.4533948772016096,0.0,0.0,0.2589081220668828,1.0,0.0,0.0,0.0
1.1440000000000001,0.0,0.0,1.453910737861803,0.0,0.0,0.2569525381264251,1.0,0.0,0.0,0.0
1.1460000000000001,0.0,0.0,1.4544226875885828,0.0,0.0,0.25499718865342297,1.0,0.0,0.0,0.0
1.1480000000000001,0.0,0.0,1.4549307268492702,0.0,0.0,0.2530420720338087,1.0,0.0,0.0,0.0
1.1500000000000001,0.0,0.0,1.4554348561079649,0.0,0.0,0.25108718666078406,1.0,0.0,0.0,0.0
1.1520000000000001,0.0,0.0,1.4559350758255605,0.0,0.0,0.24913253093479165,1.0,0.0,0.0,0.0
1.154,0.0,0.0,1.4564313864597587,0.0,0.0,0.24717810326348627,1.0,0.0,0.0,0.0
1.156,0.0,0.0,1.4569237884650839,0.0,0.0,0.2452239020617063,1.0,0.0,0.0,0.0
1.158,0.0,0.0,1.457412282292897,0.0,0.0,0.2432699257514452,1.0,0.0,0.0,0.0
1.16,0.0,0.0,1.4578968683914102,0.0,0.0,0.24131617276182335,1.0,0.0,0.0,0.0
1.162,0.0,0.0,1.458377547205701,0.0,0.0,0.23936264152905953,1.0,0.0,0.0,0.0
1.164,0.0,0.0,1.4588543191777266,0.0,0.0,0.23740933049644308,1.0,0.0,0.0,0.0
1.166,0.0,0.0,1.4593271847463374,0.0,0.0,0.23545623811430566,1.0,0.0,0.0,0.0
1.168,0.0,0.0,1.4597961443472918,0.0,0.0,0.23350336283999346,1.0,0.0,0.0,0.0
1.17,0.0,0.0,1.4602611984132696,0.0,0.0,0.23155070313783926,1.0,0.0,0.0,0.0
1.172,0.0,0.0,1.4607223473738866,0.0,0.0,0.22959825747913482,1.0,0.0,0.0,0.0
1.174,0.0,0.0,1.4611795916557078,0.0,0.0,0.22764602434210324,1.0,0.0,0.0,0.0
1.176,0.0,0.0,1.4616329316822618,0.0,0.0,0.22569400221187141,1.0,0.0,0.0,0.0
1.178,0.0,0.0,1.4620823678740542,0.0,0.0,0.22374218958044265,1.0,0.0,0.0,0.0
1.18,0.0,0.0,1.4625279006485814,0.0,0.0,0.2217905849466694,1.0,0.0,0.0,0.0
1.182,0.0,0.0,1.4629695304203443,0.0,0.0,0.21983918681622602,1.0,0.0,0.0,0.0
1.184,0.0,0.0,1.463407257600862,0.0,0.0,0.2178879937015817,1.0,0.0,0.0,0.0
1.186,0.0,0.0,1.4638410825986856,0.0,0.0,0.21593700412197347,1.0,0.0,0.0,0.0
1.188,0.0,0.0,1.464271005819411,0.0,0.0,0.21398621660337924,1.0,0.0,0.0,0.0
1.19,0.0,0.0,1.464697027665693,0.0,0.0,0.21203562967849107,1.0,0.0,0.0,0.0
1.192,0.0,0.0,1.465119148537258,0.0,0.0,0.2100852418866885,1.0,0.0,0.0,0.0
1.194,0.0,0.0,1.4655373688309188,0.0,0.0,0.20813505177401187,1.0,0.0,0.0,0.0
1.196,0.0,0.0,1.465951688940586,0.0,0.0,0.20618505789313593,1.0,0.0,0.0,0.0
1.198,0.0,0.0,1.4663621092572825,0.0,0.0,0.20423525880334334,1.0,0.0,0.0,0.0
1.2,0.0,0.0,1.4667686301691563,0.0,0.0,0.20228565307049842,1.0,0.0,0.0,0.0
1.202,0.0,0.0,1.4671712520614937,0.0,0.0,0.20033623926702102,1.0,0.0,0.0,0.0
1.204,0.0,0.0,1.4675699753167326,0.0,0.0,0.19838701597186031,1.0,0.0,0.0,0.0
1.206,0.0,0.0,1.467964800314475,0.0,0.0,0.19643798177046887,1.0,0.0,0.0,0.0
1.208,0.0,0.0,1.4683557274315002,0.0,0.0,0.19448913525477668,1.0,0.0,0.0,0.0
1.21,0.0,0.0,1.4687427570417781,0.0,0.0,0.19254047502316546,1.0,0.0,0.0,0.0
1.212,0.0,0.0,1.4691258895164818,0.0,0.0,0.1905919996804428,1.0,0.0,0.0,0.0
1.214,0.0,0.0,1.4695051252240001,0.0,0.0,0.1886437078378167,1.0,0.0,0.0,0.0
1.216,0.0,0.0,1.4698804645299508,0.0,0.0,0.18669559811286993,1.0,0.0,0.0,0.0
1.218,0.0,0.0,1.4702519077971932,0.0,0.0,0.1847476691295347,1.0,0.0,0.0,0.0
1.22,0.0,0.0,1.4706194553858407,0.0,0.0,0.18279991951806726,1.0,0.0,0.0,0.0
1.222,0.0,0.0,1.4709831076532738,0.0,0.0,0.18085234791502275,1.0,0.0,0.0,0.0
1.224,0.0,0.0,1.471342864954152,0.0,0.0,0.17890495296322997,1.0,0.0,0.0,0.0
1.226,0.0,0.0,1.471698727640427,0.0,0.0,0.17695773331176642,1.0,0.0,0.0,0.0
1.228,0.0,0.0,1.4720506960613546,0.0,0.0,0.17501068761593333,1.0,0.0,0.0,0.0
1.23,0.0,0.0,1.4723987705635078,0.0,0.0,0.17306381453723074,1.0,0.0,0.0,0.0
1.232,0.0,0.0,1.4727429514907884,0.0,0.0,0.17111711274333286,1.0,0.0,0.0,0.0
1.234,0.0,0.0,1.4730832391844397,0.0,0.0,0.1691705809080633,1.0,0.0,0.0,0.0
1.236,0.0,0.0,1.4734196339830592,0.0,0.0,0.16722421771137058,1.0,0.0,0.0,0.0
1.238,0.0,0.0,1.4737521362226098,0.0,0.0,0.16527802183930357,1.0,0.0,0.0,0.0
1.24,0.0,0.0,1.4740807462364331,0.0,0.0,0.16333199198398712,1.0,0.0,0.0,0.0
1.242,0.0,0.0,1.4744054643552607,0.0,0.0,0.16138612684359782,1.0,0.0,0.0,0.0
1.244,0.0,0.0,1.4747262909072265,0.0,0.0,0.15944042512233972,1.0,0.0,0.0,0.0
1.246,0.0,0.0,1.4750432262178792,0.0,0.0,0.15749488553042026,1.0,0.0,0.0,0.0
1.248,0.0,0.0,1.4753562706101937,0.0,0.0,0.1555495067840262,1.0,0.0,0.0,0.0
1.25,0.0,0.0,1.475665424404583,0.0,0.0,0.15360428760529973,1.0,0.0,0.0,0.0
1.252,0.0,0.0,1.4759706879189107,0.0,0.0,0.15165922672231458,1.0,0.0,0.0,0.0
1.254,0.0,0.0,1.476272061468502,0.0,0.0,0.1497143228690523,1.0,0.0,0.0,0.0
1.256,0.0,0.0,1.4765695453661565,0.0,0.0,0.14776957478537867,1.0,0.0,0.0,0.0
1.258,0.0,0.0,1.4768631399221588,0.0,0.0,0.1458249812170199,1.0,0.0,0.0,0.0
1.26,0.0,0.0,1.4771528454442913,0.0,0.0,0.14388054091553934,1.0,0.0,0.0,0.0
1.262,0.0,0.0,1.477438662237845,0.0,0.0,0.14193625263831405,1.0,0.0,0.0,0.0
1.264,0.0,0.0,1.4777205906056319,0.0,0.0,0.13999211514851143,1.0,0.0,0.0,0.0
1.266,0.0,0.0,1.4779986308479955,0.0,0.0,0.138048127215066,1.0,0.0,0.0,0.0
1.268,0.0,0.0,1.4782727832628233,0.0,0.0,0.13610428761265636,1.0,0.0,0.0,0.0
1.27,0.0,0.0,1.4785430481455577,0.0,0.0,0.13416059512168196,1.0,0.0,0.0,0.0
1.272,0.0,0.0,1.4788094257892077,0.0,0.0,0.13221704852824034,1.0,0.0,0.0,0.0
1.274,0.0,0.0,1.47907191648436,0.0,0.0,0.1302736466241041,1.0,0.0,0.0,0.0
1.276,0.0,0.0,1.479330520519191,0.0,0.0,0.1283303882066982,1.0,0.0,0.0,0.0
1.278,0.0,0.0,1.4795852381794767,0.0,0.0,0.12638727207907718,1.0,0.0,0.0,0.0
1.28,0.0,0.0,1.4798360697486057,0.0,0.0,0.12444429704990265,1.0,0.0,0.0,0.0
1.282,0.0,0.0,1.480083015507589,0.0,0.0,0.12250146193342064,1.0,0.0,0.0,0.0
1.284,0.0,0.0,1.4803260757350718,0.0,0.0,0.1205587655494392,1.0,0.0,0.0,0.0
1.286,0.0,0.0,1.4805652507073446,0.0,0.0,0.11861620672330607,1.0,0.0,0.0,0.0
1.288,0.0,0.0,1.4808005406983538,0.0,0.0,0.11667378428588633,1.0,0.0,0.0,0.0
1.29,0.0,0.0,1.4810319459797132,0.0,0.0,0.11473149707354027,1.0,0.0,0.0,0.0
1.292,0.0,0.0,1.4812594668207149,0.0,0.0,0.11278934392810123,1.0,0.0,0.0,0.0
1.294,0.0,0.0,1.4814831034883398,0.0,0.0,0.1108473236968536,1.0,0.0,0.0,0.0
1.296,0.0,0.0,1.4817028562472692,0.0,0.0,0.10890543523251087,1.0,0.0,0.0,0.0
1.298,0.0,0.0,1.4819187253598949,0.0,0.0,0.10696367739319373,1.0,0.0,0.0,0.0
1.3,0.0,0.0,1.4821307110863304,0.0,0.0,0.10502204904240836,1.0,0.0,0.0,0.0
1.302,0.0,0.0,1.4823388136844218,0.0,0.0,0.10308054904902465,1.0,0.0,0.0,0.0
1.304,0.0,0.0,1.482543033409758,0.0,0.0,0.10113917628725466,1.0,0.0,0.0,0.0
1.306,0.0,0.0,1.4827433705156818,0.0,0.0,0.09919792963663103,1.0,0.0,0.0,0.0
1.308,0.0,0.0,1.4829398252533004,0.0,0.0,0.09725680798198556,1.0,0.0,0.0,0.0
1.31,0.0,0.0,1.4831323978714959,0.0,0.0,0.0953158102134278,1.0,0.0,0.0,0.0
1.312,0.0,0.0,1.4833210886169357,0.0,0.0,0.0933749352263238,1.0,0.0,0.0,0.0
1.314,0.0,0.0,1.4835058977340834,0.0,0.0,0.09143418192127487,1.0,0.0,0.0,0.0
1.316,0.0,0.0,1.4836868254652087,0.0,0.0,0.08949354920409644,1.0,0.0,0.0,0.0
1.318,0.0,0.0,1.4838638720503985,0.0,0.0,0.08755303598579706,1.0,0.0,0.0,0.0
1.32,0.0,0.0,1.484037037727567,0.0,0.0,0.08561264118255735,1.0,0.0,0.0,0.0
1.322,0.0,0.0,1.484206322732465,0.0,0.0,0.08367236371570917,1.0,0.0,0.0,0.0
1.324,0.0,0.0,1.4843717272986925,0.0,0.0,0.0817322025117148,1.0,0.0,0.0,0.0
1.326,0.0,0.0,1.4845332516577063,0.0,0.0,0.07979215650214615,1.0,0.0,0.0,0.0
1.328,0.0,0.0,1.484690896038832,0.0,0.0,0.07785222462366416,1.0,0.0,0.0,0.0
1.33,0.0,0.0,1.4848446606692738,0.0,0.0,0.0759124058179982,1.0,0.0,0.0,0.0
1.332,0.0,0.0,1.4849945457741238,0.0,0.0,0.07397269903192556,1.0,0.0,0.0,0.0
1.334,0.0,0.0,1.485140551576373,0.0,0.0,0.07203310321725105,1.0,0.0,0.0,0.0
1.336,0.0,0.0,1.485282678296921,0.0,0.0,0.07009361733078662,1.0,0.0,0.0,0.0
1.338,0.0,0.0,1.485420926154586,0.0,0.0,0.0681542403343311,1.0,0.0,0.0,0.0
1.34,0.0,0.0,1.485555295366115,0.0,0.0,0.06621497119465003,1.0,0.0,0.0,0.0
1.342,0.0,0.0,1.4856857861461932,0.0,0.0,0.06427580888345552,1.0,0.0,0.0,0.0
1.344,0.0,0.0,1.485812398707454,0.0,0.0,0.06233675237738622,1.0,0.0,0.0,0.0
1.346,0.0,0.0,1.4859351332604895,0.0,0.0,0.06039780065798734,1.0,0.0,0.0,0.0
1.348,0.0,0.0,1.4860539900138592,0.0,0.0,0.05845895271169078,1.0,0.0,0.0,0.0
1.35,0.0,0.0,1.4861689691741007,0.0,0.0,0.05652020752979528,1.0,0.0,0.0,0.0
1.352,0.0,0.0,1.4862800709457389,0.0,0.0,0.05458156410844673,1.0,0.0,0.0,0.0
1.354,0.0,0.0,1.486387295531296,0.0,0.0,0.052643021448618474,1.0,0.0,0.0,0.0
1.356,0.0,0.0,1.4864906431313007,0.0,0.0,0.050704578556091714,1.0,0.0,0.0,0.0
1.358,0.0,0.0,1.4865901139442983,0.0,0.0,0.04876623444143602,1.0,0.0,0.0,0.0
1.36,0.0,0.0,1.4866857081668596,0.0,0.0,0.04682798811998986,1.0,0.0,0.0,0.0
1.362,0.0,0.0,1.4867774259935915,0.0,0.0,0.044889838611841246,1.0,0.0,0.0,0.0
1.364,0.0,0.0,1.4868652676171452,0.0,0.0,0.04295178494180844,1.0,0.0,0.0,0.0
1.366,0.0,0.0,1.4869492332282264,0.0,0.0,0.04101382613942072,1.0,0.0,0.0,0.0
1.368,0.0,0.0,1.4870293230156046,0.0,0.0,0.03907596123889925,1.0,0.0,0.0,0.0
1.37,0.0,0.0,1.4871055371661226,0.0,0.0,0.037138189279137965,1.0,0.0,0.0,0.0
1.372,0.0,0.0,1.4871778758647054,0.0,0.0,0.03520050930368462,1.0,0.0,0.0,0.0
1.374,0.0,0.0,1.4872463392943698,0.0,0.0,0.03326292036072181,1.0,0.0,0.0,0.0
1.3760000000000001,0.0,0.0,1.4873109276362335,0.0,0.0,0.03132542150304812,1.0,0.0,0.0,0.0
1.3780000000000001,0.0,0.0,1.4873716410695246,0.0,0.0,0.029388011788059373,1.0,0.0,0.0,0.0
1.3800000000000001,0.0,0.0,1.4874284797715904,0.0,0.0,0.02745069027772985,1.0,0.0,0.0,0.0
1.3820000000000001,0.0,0.0,1.4874814439179067,0.0,0.0,0.025513456038593674,1.0,0.0,0.0,0.0
1.3840000000000001,0.0,0.0,1.487530533682087,0.0,0.0,0.023576308141726253,1.0,0.0,0.0,0.0
1.3860000000000001,0.0,0.0,1.4875757492358914,0.0,0.0,0.02163924566272573,1.0,0.0,0.0,0.0
1.3880000000000001,0.0,0.0,1.4876170907492359,0.0,0.0,0.01970226768169458,1.0,0.0,0.0,0.0
1.3900000000000001,0.0,0.0,1.4876545583902008,0.0,0.0,0.017765373283221232,1.0,0.0,0.0,0.0
1.3920000000000001,0.0,0.0,1.4876881523250403,0.0,0.0,0.015828561556361767,1.0,0.0,0.0,0.0
1.3940000000000001,0.0,0.0,1.4877178727181912,0.0,0.0,0.013891831594621705,1.0,0.0,0.0,0.0
1.3960000000000001,0.0,0.0,1.4877437197322818,0.0,0.0,0.011955182495937832,1.0,0.0,0.0,0.0
1.3980000000000001,0.0,0.0,1.4877656935281405,0.0,0.0,0.010018613362660118,1.0,0.0,0.0,0.0
1.4000000000000001,0.0,0.0,1.4877837942648047,0.0,0.0,0.008082123301533694,1.0,0.0,0.0,0.0
1.4020000000000001,0.0,0.0,1.48779802209953,0.0,0.0,0.00614571142368091,1.0,0.0,0.0,0.0
1.4040000000000001,0.0,0.0,1.4878083771877981,0.0,0.0,0.00420937684458343,1.0,0.0,0.0,0.0
1.4060000000000001,0.0,0.0,1.4878148596833267,0.0,0.0,0.0022731186840644303,1.0,0.0,0.0,0.0
1.408,0.0,0.0,1.487817469738077,0.0,0.0,0.00033693606627085374,1.0,0.0,0.0,0.0
1.41,0.0,0.0,1.487816207502263,0.0,0.0,-0.001599171880344277,1.0,0.0,0.0,0.0
1.412,0.0,0.0,1.4878110731243597,0.0,0.0,-0.003535206023039479,1.0,0.0,0.0,0.0
1.414,0.0,0.0,1.4878020667511118,0.0,0.0,-0.005471167224802351,1.0,0.0,0.0,0.0
1.416,0.0,0.0,1.4877911980608836,0.0,0.0,-0.005397523003495732,1.0,0.0,0.0,0.0
1.418,0.0,0.0,1.487780476290244,0.0,0.0,-0.005324247635981753,1.0,0.0,0.0,0.0
1.42,0.0,0.0,1.4877699007030043,0.0,0.0,-0.005251339603650188,1.0,0.0,0.0,0.0
1.422,0.0,0.0,1.4877594705660069,0.0,0.0,-0.005178797393676228,1.0,0.0,0.0,0.0
1.424,0.0,0.0,1.4877491851491143,0.0,0.0,-0.0051066194989992444,1.0,0.0,0.0,0.0
1.426,0.0,0.0,1.487739043725197,0.0,0.0,-0.005034804418301633,1.0,0.0,0.0,0.0
1.428,0.0,0.0,1.4877290455701226,0.0,0.0,-0.004963350655987729,1.0,0.0,0.0,0.0
1.43,0.0,0.0,1.4877191899627444,0.0,0.0,-0.00489225672216281,1.0,0.0,0.0,0.0
1.432,0.0,0.0,1.4877094761848897,0.0,0.0,-0.004821521132612155,1.0,0.0,0.0,0.0
1.434,0.0,0.0,1.4876999035213483,0.0,0.0,-0.004751142408780201,1.0,0.0,0.0,0.0
1.436,0.0,0.0,1.4876904712598618,0.0,0.0,-0.004681119077749746,1.0,0.0,0.0,0.0
1.438,0.0,0.0,1.4876811786911117,0.0,0.0,-0.00461144967222126,1.0,0.0,0.0,0.0
1.44,0.0,0.0,1.487672025108709,0.0,0.0,-0.004542132730492257,1.0,0.0,0.0,0.0
1.442,0.0,0.0,1.487663009809182,0.0,0.0,-0.004473166796436723,1.0,0.0,0.0,0.0
1.444,0.0,0.0,1.487654132091966,0.0,0.0,-0.004404550419484644,1.0,0.0,0.0,0.0
1.446,0.0,0.0,1.4876453912593919,0.0,0.0,-0.004336282154601599,1.0,0.0,0.0,0.0
1.448,0.0,0.0,1.487636786616675,0.0,0.0,-0.004268360562268421,1.0,0.0,0.0,0.0
1.45,0.0,0.0,1.4876283174719043,0.0,0.0,-0.0042007842084609386,1.0,0.0,0.0,0.0
1.452,0.0,0.0,1.4876199831360313,0.0,0.0,-0.004133551664629778,1.0,0.0,0.0,0.0
1.454,0.0,0.0,1.487611782922859,0.0,0.0,-0.00406666150768027,1.0,0.0,0.0,0.0
1.456,0.0,0.0,1.4876037161490314,0.0,0.0,-0.004000112319952383,1.0,0.0,0.0,0.0
1.458,0.0,0.0,1.4875957821340222,0.0,0.0,-0.003933902689200758,1.0,0.0,0.0,0.0
1.46,0.0,0.0,1.4875879802001244,0.0,0.0,-0.0038680312085748137,1.0,0.0,0.0,0.0
1.462,0.0,0.0,1.4875803096724391,0.0,0.0,-0.003802496476598919,1.0,0.0,0.0,0.0
1.464,0.0,0.0,1.4875727698788654,0.0,0.0,-0.0037372970971526315,1.0,0.0,0.0,0.0
1.466,0.0,0.0,1.4875653601500889,0.0,0.0,-0.00367243167945102,1.0,0.0,0.0,0.0
1.468,0.0,0.0,1.4875580798195713,0.0,0.0,-0.003607898838025041,1.0,0.0,0.0,0.0
1.47,0.0,0.0,1.4875509282235406,0.0,0.0,-0.003543697192701999,1.0,0.0,0.0,0.0
1.472,0.0,0.0,1.4875439047009793,0.0,0.0,-0.0034798253685860816,1.0,0.0,0.0,0.0
1.474,0.0,0.0,1.4875370085936146,0.0,0.0,-0.003416281996038944,1.0,0.0,0.0,0.0
1.476,0.0,0.0,1.487530239245908,0.0,0.0,-0.003353065710660382,1.0,0.0,0.0,0.0
1.478,0.0,0.0,1.4875235960050441,0.0,0.0,-0.0032901751532690687,1.0,0.0,0.0,0.0
1.48,0.0,0.0,1.487517078220921,0.0,0.0,-0.00322760896988336,1.0,0.0,0.0,0.0
1.482,0.0,0.0,1.4875106852461395,0.0,0.0,-0.003165365811702167,1.0,0.0,0.0,0.0
1.484,0.0,0.0,1.4875044164359927,0.0,0.0,-0.0031034443350859116,1.0,0.0,0.0,0.0
1.486,0.0,0.0,1.4874982711484561,0.0,0.0,-0.0030418432015375217,1.0,0.0,0.0,0.0
1.488,0.0,0.0,1.4874922487441768,0.0,0.0,-0.002980561077683526,1.0,0.0,0.0,0.0
1.49,0.0,0.0,1.487486348586464,0.0,0.0,-0.0029195966352551935,1.0,0.0,0.0,0.0
1.492,0.0,0.0,1.4874805700412776,0.0,0.0,-0.002858948551069763,1.0,0.0,0.0,0.0
1.494,0.0,0.0,1.4874749124772195,0.0,0.0,-0.0027986155070117186,1.0,0.0,0.0,0.0
1.496,0.0,0.0,1.4874693752655226,0.0,0.0,-0.002738596190014143,1.0,0.0,0.0,0.0
1.498,0.0,0.0,1.4874639577800406,0.0,0.0,-0.0026788892920401436,1.0,0.0,0.0,0.0
1.5,0.0,0.0,1.4874586593972385,0.0,0.0,-0.0026194935100643346,1.0,0.0,0.0,0.0
1.502,0.0,0.0,1.4874534794961825,0.0,0.0,-0.002560407546054382,1.0,0.0,0.0,0.0
1.504,0.0,0.0,1.4874484174585294,0.0,0.0,-0.002501630106952643,1.0,0.0,0.0,0.0
1.506,0.0,0.0,1.4874434726685177,0.0,0.0,-0.0024431599046578294,1.0,0.0,0.0,0.0
1.508,0.0,0.0,1.487438644512957,0.0,0.0,-0.002384995656006783,1.0,0.0,0.0,0.0
1.51,0.0,0.0,1.4874339323812182,0.0,0.0,-0.002327136082756283,1.0,0.0,0.0,0.0
1.512,0.0,0.0,1.487429335665224,0.0,0.0,-0.002269579911564918,1.0,0.0,0.0,0.0
1.514,0.0,0.0,1.4874248537594383,0.0,0.0,-0.002212325873975054,1.0,0.0,0.0,0.0
1.516,0.0,0.0,1.487420486060858,0.0,0.0,-0.0021553727063948393,1.0,0.0,0.0,0.0
1.518,0.0,0.0,1.4874162319690014,0.0,0.0,-0.0020987191500802817,1.0,0.0,0.0,0.0
1.52,0.0,0.0,1.4874120908859003,0.0,0.0,-0.002042363951117398,1.0,0.0,0.0,0.0
1.522,0.0,0.0,1.4874080622160888,0.0,0.0,-0.0019863058604044177,1.0,0.0,0.0,0.0
1.524,0.0,0.0,1.4874041453665947,0.0,0.0,-0.0019305436336340485,1.0,0.0,0.0,0.0
1.526,0.0,0.0,1.4874003397469298,0.0,0.0,-0.0018750760312758318,1.0,0.0,0.0,0.0
1.528,0.0,0.0,1.4873966447690798,0.0,0.0,-0.0018199018185585205,1.0,0.0,0.0,0.0
1.53,0.0,0.0,1.4873930598474958,0.0,0.0,-0.0017650197654525573,1.0,0.0,0.0,0.0
1.532,0.0,0.0,1.4873895843990836,0.0,0.0,-0.0017104286466525951,1.0,0.0,0.0,0.0
1.534,0.0,0.0,1.4873862178431954,0.0,0.0,-0.0016561272415600821,1.0,0.0,0.0,0.0
1.536,0.0,0.0,1.4873829596016195,0.0,0.0,-0.0016021143342659205,1.0,0.0,0.0,0.0
1.538,0.0,0.0,1.4873798090985717,0.0,0.0,-0.0015483887135331858,1.0,0.0,0.0,0.0
1.54,0.0,0.0,1.4873767657606853,0.0,0.0,-0.0014949491727798904,1.0,0.0,0.0,0.0
1.542,0.0,0.0,1.4873738290170024,0.0,0.0,-0.0014417945100618364,1.0,0.0,0.0,0.0
1.544,0.0,0.0,1.4873709982989642,0.0,0.0,-0.0013889235280555039,1.0,0.0,0.0,0.0
1.546,0.0,0.0,1.487368273040402,0.0,0.0,-0.0013363350340410282,1.0,0.0,0.0,0.0
1.548,0.0,0.0,1.487365652677528,0.0,0.0,-0.0012840278398852088,1.0,0.0,0.0,0.0
1.55,0.0,0.0,1.4873631366489262,0.0,0.0,-0.0012320007620246084,1.0,0.0,0.0,0.0
1.552,0.0,0.0,1.4873607243955427,0.0,0.0,-0.0011802526214486984,1.0,0.0,0.0,0.0
1.554,0.0,0.0,1.4873584153606776,0.0,0.0,-0.0011287822436830556,1.0,0.0,0.0,0.0
1.556,0.0,0.0,1.4873562089899752,0.0,0.0,-0.001077588458772642,1.0,0.0,0.0,0.0
1.558,0.0,0.0,1.4873541047314152,0.0,0.0,-0.0010266701012651258,1.0,0.0,0.0,0.0
1.56,0.0,0.0,1.4873521020353038,0.0,0.0,-0.0009760260101942681,1.0,0.0,0.0,0.0
1.562,0.0,0.0,1.4873502003542645,0.0,0.0,-0.0009256550290633823,1.0,0.0,0.0,0.0
1.564,0.0,0.0,1.4873483991432295,0.0,0.0,-0.0008755560058288379,1.0,0.0,0.0,0.0
1.566,0.0,0.0,1.4873466978594307,0.0,0.0,-0.000825727792883623,1.0,0.0,0.0,0.0
1.568,0.0,0.0,1.4873450959623908,0.0,0.0,-0.0007761692470409762,1.0,0.0,0.0,0.0
1.57,0.0,0.0,1.4873435929139143,0.0,0.0,-0.000726879229518073,1.0,0.0,0.0,0.0
1.572,0.0,0.0,1.4873421881780788,0.0,0.0,-0.0006778566059197686,1.0,0.0,0.0,0.0
1.574,0.0,0.0,1.4873408812212268,0.0,0.0,-0.0006291002462224042,1.0,0.0,0.0,0.0
1.576,0.0,0.0,1.4873396715119558,0.0,0.0,-0.0005806090247576675,1.0,0.0,0.0,0.0
1.578,0.0,0.0,1.4873385585211107,0.0,0.0,-0.0005323818201965201,1.0,0.0,0.0,0.0
1.58,0.0,0.0,1.487337541721775,0.0,0.0,-0.0004844175155331604,1.0,0.0,0.0,0.0
1.582,0.0,0.0,1.4873366205892613,0.0,0.0,-0.00043671499806907535,1.0,0.0,0.0,0.0
1.584,0.0,0.0,1.4873357946011039,0.0,0.0,-0.0003892731593971354,1.0,0.0,0.0,0.0
1.586,0.0,0.0,1.487335063237049,0.0,0.0,-0.0003420908953857313,1.0,0.0,0.0,0.0
1.588,0.0,0.0,1.4873344259790475,0.0,0.0,-0.000295167106162993,1.0,0.0,0.0,0.0
1.59,0.0,0.0,1.4873338823112452,0.0,0.0,-0.0002485006961010583,1.0,0.0,0.0,0.0
1.592,0.0,0.0,1.4873334317199753,0.0,0.0,-0.00020209057380039106,1.0,0.0,0.0,0.0
1.594,0.0,0.0,1.4873330736937496,0.0,0.0,-0.00015593565207416368,1.0,0.0,0.0,0.0
1.596,0.0,0.0,1.4873328077232495,0.0,0.0,-0.00011003484793268534,1.0,0.0,0.0,0.0
1.598,0.0,0.0,1.487332633301319,0.0,0.0,-6.438708256790158e-05,1.0,0.0,0.0,0.0
1.6,0.0,0.0,1.487332549922955,0.0,0.0,-1.899128133794002e-05,1.0,0.0,0.0,0.0
1.602,0.0,0.0,1.4873325570853,0.0,0.0,2.6153626248287113e-05,1.0,0.0,0.0,0.0
1.604,0.0,0.0,1.4873326542876328,0.0,0.0,7.10487065464236e-05,1.0,0.0,0.0,0.0
1.606,0.0,0.0,1.487332841031361,0.0,0.0,0.00011569502179194947,1.0,0.0,0.0,0.0
1.608,0.0,0.0,1.487333116820013,0.0,0.0,0.00016009363011541502,1.0,0.0,0.0,0.0
1.61,0.0,0.0,1.4873334811592287,0.0,0.0,0.00020424558555761797,1.0,0.0,0.0,0.0
1.612,0.0,0.0,1.4873339335567524,0.0,0.0,0.00024815193808471684,1.0,0.0,0.0,0.0
1.614,0.0,0.0,1.487334473522424,0.0,0.0,0.0002918137336033049,1.0,0.0,0.0,0.0
1.616,0.0,0.0,1.4873351005681716,0.0,0.0,0.0003352320139754135,1.0,0.0,0.0,0.0
1.618,0.0,0.0,1.4873358142080026,0.0,0.0,0.00037840781703347244,1.0,0.0,0.0,0.0
1.62,0.0,0.0,1.4873366139579962,0.0,0.0,0.0004213421765952135,1.0,0.0,0.0,0.0
1.622,0.0,0.0,1.4873374993362953,0.0,0.0,0.0004640361224785104,1.0,0.0,0.0,0.0
1.624,0.0,0.0,1.4873384698630983,0.0,0.0,0.0005064906805161898,1.0,0.0,0.0,0.0
1.6260000000000001,0.0,0.0,1.4873395250606514,0.0,0.0,0.0005487068725707645,1.0,0.0,0.0,0.0
1.6280000000000001,0.0,0.0,1.4873406644532405,0.0,0.0,0.0005906857165491097,1.0,0.0,0.0,0.0
1.6300000000000001,0.0,0.0,1.4873418875671836,0.0,0.0,0.0006324282264171253,1.0,0.0,0.0,0.0
1.6320000000000001,0.0,0.0,1.4873431939308221,0.0,0.0,0.0006739354122142977,1.0,0.0,0.0,0.0
1.6340000000000001,0.0,0.0,1.4873445830745144,0.0,0.0,0.0007152082800682315,1.0,0.0,0.0,0.0
1.6360000000000001,0.0,0.0,1.4873460545306267,0.0,0.0,0.0007562478322091365,1.0,0.0,0.0,0.0
1.6380000000000001,0.0,0.0,1.487347607833526,0.0,0.0,0.0007970550669842381,1.0,0.0,0.0,0.0
1.6400000000000001,0.0,0.0,1.4873492425195718,0.0,0.0,0.0008376309788721691,1.0,0.0,0.0,0.0
1.6420000000000001,0.0,0.0,1.4873509581271092,0.0,0.0,0.0008779765584972657,1.0,0.0,0.0,0.0
1.6440000000000001,0.0,0.0,1.4873527541964604,0.0,0.0,0.0009180927926438605,1.0,0.0,0.0,0.0
1.6460000000000001,0.0,0.0,1.4873546302699172,0.0,0.0,0.0009579806642704822,1.0,0.0,0.0,0.0
1.6480000000000001,0.0,0.0,1.487356585891734,0.0,0.0,0.000997641152524035,1.0,0.0,0.0,0.0
1.6500000000000001,0.0,0.0,1.4873586206081193,0.0,0.0,0.0010370752327539057,1.0,0.0,0.0,0.0
1.6520000000000001,0.0,0.0,1.4873607339672286,0.0,0.0,0.0010762838765260225,1.0,0.0,0.0,0.0
1.6540000000000001,0.0,0.0,1.4873629255191567,0.0,0.0,0.0011152680516368773,1.0,0.0,0.0,0.0
1.6560000000000001,0.0,0.0,1.4873651948159305,0.0,0.0,0.0011540287221274842,1.0,0.0,0.0,0.0
1.6580000000000001,0.0,0.0,1.487367541411501,0.0,0.0,0.0011925668482972922,1.0,0.0,0.0,0.0
1.6600000000000001,0.0,0.0,1.487369964861736,0.0,0.0,0.0012308833867180438,1.0,0.0,0.0,0.0
1.6620000000000001,0.0,0.0,1.4873724647244129,0.0,0.0,0.0012689792902475885,1.0,0.0,0.0,0.0
1.6640000000000001,0.0,0.0,1.4873750405592112,0.0,0.0,0.0013068555080436388,1.0,0.0,0.0,0.0
1.666,0.0,0.0,1.4873776919277049,0.0,0.0,0.0013445129855774907,1.0,0.0,0.0,0.0
1.668,0.0,0.0,1.487380418393355,0.0,0.0,0.0013819526646476766,1.0,0.0,0.0,0.0
1.67,0.0,0.0,1.487383219521503,0.0,0.0,0.0014191754833935866,1.0,0.0,0.0,0.0
1.672,0.0,0.0,1.487386094879363,0.0,0.0,0.0014561823763090222,1.0,0.0,0.0,0.0
1.674,0.0,0.0,1.4873890440360136,0.0,0.0,0.0014929742742557108,1.0,0.0,0.0,0.0
1.676,0.0,0.0,1.4873920665623923,0.0,0.0,0.0015295521044767807,1.0,0.0,0.0,0.0
1.678,0.0,0.0,1.4873951620312873,0.0,0.0,0.0015659167906101699,1.0,0.0,0.0,0.0
1.68,0.0,0.0,1.4873983300173306,0.0,0.0,0.0016020692527019937,1.0,0.0,0.0,0.0
1.682,0.0,0.0,1.4874015700969905,0.0,0.0,0.0016380104072198653,1.0,0.0,0.0,0.0
1.684,0.0,0.0,1.4874048818485648,0.0,0.0,0.0016737411670661713,1.0,0.0,0.0,0.0
1.686,0.0,0.0,1.4874082648521734,0.0,0.0,0.0017092624415912844,1.0,0.0,0.0,0.0
1.688,0.0,0.0,1.4874117186897515,0.0,0.0,0.001744575136606751,1.0,0.0,0.0,0.0
1.69,0.0,0.0,1.4874152429450425,0.0,0.0,0.0017796801543984123,1.0,0.0,0.0,0.0
1.692,0.0,0.0,1.4874188372035906,0.0,0.0,0.0018145783937394803,1.0,0.0,0.0,0.0
1.694,0.0,0.0,1.4874225010527342,0.0,0.0,0.001849270749903581,1.0,0.0,0.0,0.0
1.696,0.0,0.0,1.4874262340815987,0.0,0.0,0.0018837581146777282,1.0,0.0,0.0,0.0
1.698,0.0,0.0,1.4874300358810897,0.0,0.0,0.001918041376375274,1.0,0.0,0.0,0.0
1.7,0.0,0.0,1.487433906043886,0.0,0.0,0.0019521214198487897,1.0,0.0,0.0,0.0
1.702,0.0,0.0,1.4874378441644323,0.0,0.0,0.001985999126502921,1.0,0.0,0.0,0.0
1.704,0.0,0.0,1.487441849838933,0.0,0.0,0.0020196753743071797,1.0,0.0,0.0,0.0
1.706,0.0,0.0,1.4874459226653451,0.0,0.0,0.002053151037808696,1.0,0.0,0.0,0.0
1.708,0.0,0.0,1.487450062243371,0.0,0.0,0.0020864269881449285,1.0,0.0,0.0,0.0
1.71,0.0,0.0,1.4874542681744523,0.0,0.0,0.0021195040930563204,1.0,0.0,0.0,0.0
1.712,0.0,0.0,1.4874585400617621,0.0,0.0,0.002152383216898911,1.0,0.0,0.0,0.0
1.714,0.0,0.0,1.4874628775101997,0.0,0.0,0.002185065220656916,1.0,0.0,0.0,0.0
1.716,0.0,0.0,1.4874672801263822,0.0,0.0,0.0022175509619552394,1.0,0.0,0.0,0.0
1.718,0.0,0.0,1.4874717475186392,0.0,0.0,0.002249841295071952,1.0,0.0,0.0,0.0
1.72,0.0,0.0,1.4874762792970053,0.0,0.0,0.002281937070950725,1.0,0.0,0.0,0.0
1.722,0.0,0.0,1.4874808750732136,0.0,0.0,0.002313839137213225,1.0,0.0,0.0,0.0
1.724,0.0,0.0,1.487485534460689,0.0,0.0,0.00234554833817144,1.0,0.0,0.0,0.0
1.726,0.0,0.0,1.487490257074542,0.0,0.0,0.0023770655148399977,1.0,0.0,0.0,0.0
1.728,0.0,0.0,1.4874950425315618,0.0,0.0,0.002408391504948401,1.0,0.0,0.0,0.0
1.73,0.0,0.0,1.4874998904502097,0.0,0.0,0.0024395271429532455,1.0,0.0,0.0,0.0
1.732,0.0,0.0,1.4875048004506126,0.0,0.0,0.0024704732600503796,1.0,0.0,0.0,0.0
1.734,0.0,0.0,1.487509772154557,0.0,0.0,0.0025012306841870357,1.0,0.0,0.0,0.0
1.736,0.0,0.0,1.4875148051854812,0.0,0.0,0.0025318002400738886,1.0,0.0,0.0,0.0
1.738,0.0,0.0,1.4875198991684704,0.0,0.0,0.002562182749197103,1.0,0.0,0.0,0.0
1.74,0.0,0.0,1.4875250537302493,0.0,0.0,0.002592379029830316,1.0,0.0,0.0,0.0
1.742,0.0,0.0,1.4875302684991762,0.0,0.0,0.002622389897046592,1.0,0.0,0.0,0.0
1.744,0.0,0.0,1.487535543105236,0.0,0.0,0.0026522161627303086,1.0,0.0,0.0,0.0
1.746,0.0,0.0,1.4875408771800342,0.0,0.0,0.0026818586355890307,1.0,0.0,0.0,0.0
1.748,0.0,0.0,1.487546270356791,0.0,0.0,0.002711318121165317,1.0,0.0,0.0,0.0
1.75,0.0,0.0,1.487551722270334,0.0,0.0,0.0027405954218485003,1.0,0.0,0.0,0.0
1.752,0.0,0.0,1.4875572325570927,0.0,0.0,0.0027696913368864175,1.0,0.0,0.0,0.0
1.754,0.0,0.0,1.487562800855092,0.0,0.0,0.002798606662397095,1.0,0.0,0.0,0.0
1.756,0.0,0.0,1.4875684268039457,0.0,0.0,0.0028273421913803925,1.0,0.0,0.0,0.0
1.758,0.0,0.0,1.487574110044851,0.0,0.0,0.002855898713729616,1.0,0.0,0.0,0.0
1.76,0.0,0.0,1.487579850220581,0.0,0.0,0.0028842770162430652,1.0,0.0,0.0,0.0
1.762,0.0,0.0,1.48758564697548,0.0,0.0,0.002912477882635564,1.0,0.0,0.0,0.0
1.764,0.0,0.0,1.4875914999554563,0.0,0.0,0.002940502093549942,1.0,0.0,0.0,0.0
1.766,0.0,0.0,1.4875974088079764,0.0,0.0,0.002968350426568453,1.0,0.0,0.0,0.0
1.768,0.0,0.0,1.4876033731820593,0.0,0.0,0.002996023656224193,1.0,0.0,0.0,0.0
1.77,0.0,0.0,1.4876093927282694,0.0,0.0,0.003023522554012431,1.0,0.0,0.0,0.0
1.772,0.0,0.0,1.4876154670987118,0.0,0.0,0.0030508478884019364,1.0,0.0,0.0,0.0
1.774,0.0,0.0,1.4876215959470251,0.0,0.0,0.0030780004248462485,1.0,0.0,0.0,0.0
1.776,0.0,0.0,1.4876277789283758,0.0,0.0,0.003104980925794898,1.0,0.0,0.0,0.0
1.778,0.0,0.0,1.4876340156994523,0.0,0.0,0.0031317901507046065,1.0,0.0,0.0,0.0
1.78,0.0,0.0,1.487640305918459,0.0,0.0,0.0031584288560504345,1.0,0.0,0.0,0.0
1.782,0.0,0.0,1.4876466492451104,0.0,0.0,0.0031848977953368766,1.0,0.0,0.0,0.0
1.784,0.0,0.0,1.4876530453406247,0.0,0.0,0.003211197719108952,1.0,0.0,0.0,0.0
1.786,0.0,0.0,1.4876594938677188,0.0,0.0,0.0032373293749632165,1.0,0.0,0.0,0.0
1.788,0.0,0.0,1.4876659944906012,0.0,0.0,0.0032632935075587563,1.0,0.0,0.0,0.0
1.79,0.0,0.0,1.4876725468749674,0.0,0.0,0.003289090858628128,1.0,0.0,0.0,0.0
1.792,0.0,0.0,1.487679150687993,0.0,0.0,0.003314722166988282,1.0,0.0,0.0,0.0
1.794,0.0,0.0,1.4876858055983284,0.0,0.0,0.003340188168551417,1.0,0.0,0.0,0.0
1.796,0.0,0.0,1.4876925112760933,0.0,0.0,0.0033654895963358233,1.0,0.0,0.0,0.0
1.798,0.0,0.0,1.4876992673928702,0.0,0.0,0.003390627180476656,1.0,0.0,0.0,0.0
1.8,0.0,0.0,1.487706073621699,0.0,0.0,0.003415601648236702,1.0,0.0,0.0,0.0
1.802,0.0,0.0,1.4877129296370712,0.0,0.0,0.003440413724017084,1.0,0.0,0.0,0.0
1.804,0.0,0.0,1.4877198351149246,0.0,0.0,0.0034650641293679347,1.0,0.0,0.0,0.0
1.806,0.0,0.0,1.487726789732637,0.0,0.0,0.0034895535829990326,1.0,0.0,0.0,0.0
1.808,0.0,0.0,1.4877337931690207,0.0,0.0,0.0035138828007903944,1.0,0.0,0.0,0.0
1.81,0.0,0.0,1.4877408451043173,0.0,0.0,0.003538052495802837,1.0,0.0,0.0,0.0
1.812,0.0,0.0,1.4877479452201914,0.0,0.0,0.003562063378288492,1.0,0.0,0.0,0.0
1.814,0.0,0.0,1.4877550931997254,0.0,0.0,0.0035859161557012837,1.0,0.0,0.0,0.0
1.816,0.0,0.0,1.4877622887274138,0.0,0.0,0.003609611532707383,1.0,0.0,0.0,0.0
1.818,0.0,0.0,1.4877695314891577,0.0,0.0,0.003633150211195595,1.0,0.0,0.0,0.0
1.82,0.0,0.0,1.487776821172259,0.0,0.0,0.0036565328902877494,1.0,0.0,0.0,0.0
1.822,0.0,0.0,1.4877841574654158,0.0,0.0,0.003679760266349014,1.0,0.0,0.0,0.0
1.824,0.0,0.0,1.4877915400587152,0.0,0.0,0.003702833032998182,1.0,0.0,0.0,0.0
1.826,0.0,0.0,1.4877989686436293,0.0,0.0,0.00372575188111794,1.0,0.0,0.0,0.0
1.828,0.0,0.0,1.4878064429130093,0.0,0.0,0.003748517498865073,1.0,0.0,0.0,0.0
1.83,0.0,0.0,1.4878139625610798,0.0,0.0,0.0037711305716806504,1.0,0.0,0.0,0.0
1.832,0.0,0.0,1.4878215272834339,0.0,0.0,0.0037935917823001793,1.0,0.0,0.0,0.0
1.834,0.0,0.0,1.4878291367770269,0.0,0.0,0.0038159018107636836,1.0,0.0,0.0,0.0
1.836,0.0,0.0,1.4878367907401722,0.0,0.0,0.0038380613344258054,1.0,0.0,0.0,0.0
1.838,0.0,0.0,1.4878444888725346,0.0,0.0,0.0038600710279658155,1.0,0.0,0.0,0.0
1.84,0.0,0.0,1.487852230875126,0.0,0.0,0.003881931563397614,1.0,0.0,0.0,0.0
1.842,0.0,0.0,1.4878600164502995,0.0,0.0,0.0039036436100796973,1.0,0.0,0.0,0.0
1.844,0.0,0.0,1.4878678453017444,0.0,0.0,0.003925207834725078,1.0,0.0,0.0,0.0
1.846,0.0,0.0,1.4878757171344805,0.0,0.0,0.003946624901411172,1.0,0.0,0.0,0.0
1.848,0.0,0.0,1.4878836316548536,0.0,0.0,0.003967895471589656,1.0,0.0,0.0,0.0
1.85,0.0,0.0,1.4878915885705293,0.0,0.0,0.0039890202040962705,1.0,0.0,0.0,0.0
1.852,0.0,0.0,1.4878995875904886,0.0,0.0,0.004009999755160614,1.0,0.0,0.0,0.0
1.854,0.0,0.0,1.487907628425022,0.0,0.0,0.0040308347784158765,1.0,0.0,0.0,0.0
1.856,0.0,0.0,1.4879157107857255,0.0,0.0,0.004051525924908564,1.0,0.0,0.0,0.0
1.858,0.0,0.0,1.4879238343854935,0.0,0.0,0.004072073843108158,1.0,0.0,0.0,0.0
1.86,0.0,0.0,1.4879319989385156,0.0,0.0,0.004092479178916759,1.0,0.0,0.0,0.0
1.862,0.0,0.0,1.48794020416027,0.0,0.0,0.004112742575678696,1.0,0.0,0.0,0.0
1.864,0.0,0.0,1.48794844976752,0.0,0.0,0.004132864674190093,1.0,0.0,0.0,0.0
1.866,0.0,0.0,1.4879567354783068,0.0,0.0,0.004152846112708393,1.0,0.0,0.0,0.0
1.868,0.0,0.0,1.4879650610119464,0.0,0.0,0.00417268752696187,1.0,0.0,0.0,0.0
1.87,0.0,0.0,1.4879734260890234,0.0,0.0,0.004192389550159097,1.0,0.0,0.0,0.0
1.872,0.0,0.0,1.4879818304313865,0.0,0.0,0.004211952812998352,1.0,0.0,0.0,0.0
1.874,0.0,0.0,1.4879902737621433,0.0,0.0,0.004231377943677054,1.0,0.0,0.0,0.0
1.8760000000000001,0.0,0.0,1.4879987558056549,0.0,0.0,0.004250665567901088,1.0,0.0,0.0,0.0
1.8780000000000001,0.0,0.0,1.4880072762875316,0.0,0.0,0.00426981630889415,1.0,0.0,0.0,0.0
1.8800000000000001,0.0,0.0,1.488015834934628,0.0,0.0,0.004288830787407047,1.0,0.0,0.0,0.0
1.8820000000000001,0.0,0.0,1.488024431475037,0.0,0.0,0.00430770962172694,1.0,0.0,0.0,0.0
1.8840000000000001,0.0,0.0,1.4880330656380865,0.0,0.0,0.004326453427686588,1.0,0.0,0.0,0.0
1.8860000000000001,0.0,0.0,1.4880417371543329,0.0,0.0,0.004345062818673522,1.0,0.0,0.0,0.0
1.8880000000000001,0.0,0.0,1.4880504457555572,0.0,0.0,0.004363538405639236,1.0,0.0,0.0,0.0
1.8900000000000001,0.0,0.0,1.48805919117476,0.0,0.0,0.004381880797108273,1.0,0.0,0.0,0.0
1.8920000000000001,0.0,0.0,1.4880679731461564,0.0,0.0,0.0044000905991873505,1.0,0.0,0.0,0.0
1.8940000000000001,0.0,0.0,1.4880767914051711,0.0,0.0,0.004418168415574402,1.0,0.0,0.0,0.0
1.8960000000000001,0.0,0.0,1.4880856456884344,0.0,0.0,0.004436114847567616,1.0,0.0,0.0,0.0
1.8980000000000001,0.0,0.0,1.488094535733776,0.0,0.0,0.0044539304940744194,1.0,0.0,0.0,0.0
1.9000000000000001,0.0,0.0,1.4881034612802218,0.0,0.0,0.004471615951620449,1.0,0.0,0.0,0.0
1.9020000000000001,0.0,0.0,1.4881124220679878,0.0,0.0,0.004489171814358474,1.0,0.0,0.0,0.0
1.9040000000000001,0.0,0.0,1.4881214178384763,0.0,0.0,0.004506598674077291,1.0,0.0,0.0,0.0
1.9060000000000001,0.0,0.0,1.4881304483342706,0.0,0.0,0.00452389712021059,1.0,0.0,0.0,0.0
1.9080000000000001,0.0,0.0,1.4881395132991306,0.0,0.0,0.004541067739845796,1.0,0.0,0.0,0.0
1.9100000000000001,0.0,0.0,1.4881486124779881,0.0,0.0,0.004558111117732852,1.0,0.0,0.0,0.0
1.9120000000000001,0.0,0.0,1.4881577456169421,0.0,0.0,0.0045750278362929955,1.0,0.0,0.0,0.0
1.9140000000000001,0.0,0.0,1.4881669124632542,0.0,0.0,0.004591818475627491,1.0,0.0,0.0,0.0
1.9160000000000001,0.0,0.0,1.4881761127653432,0.0,0.0,0.004608483613526338,1.0,0.0,0.0,0.0
1.9180000000000001,0.0,0.0,1.4881853462727823,0.0,0.0,0.004625023825476937,1.0,0.0,0.0,0.0
1.92,0.0,0.0,1.4881946127362924,0.0,0.0,0.004641439684672739,1.0,0.0,0.0,0.0
1.922,0.0,0.0,1.488203911907739,0.0,0.0,0.004657731762021846,1.0,0.0,0.0,0.0
1.924,0.0,0.0,1.4882132435401272,0.0,0.0,0.004673900626155585,1.0,0.0,0.0,0.0
1.926,0.0,0.0,1.4882226073875968,0.0,0.0,0.004689946843437073,1.0,0.0,0.0,0.0
1.928,0.0,0.0,1.4882320032054182,0.0,0.0,0.004705870977969712,1.0,0.0,0.0,0.0
1.93,0.0,0.0,1.4882414307499878,0.0,0.0,0.0047216735916056855,1.0,0.0,0.0,0.0
1.932,0.0,0.0,1.4882508897788234,0.0,0.0,0.004737355243954396,1.0,0.0,0.0,0.0
1.934,0.0,0.0,1.4882603800505596,0.0,0.0,0.0047529164923909226,1.0,0.0,0.0,0.0
1.936,0.0,0.0,1.488269901324944,0.0,0.0,0.004768357892064368,1.0,0.0,0.0,0.0
1.938,0.0,0.0,1.488279453362832,0.0,0.0,0.004783679995906257,1.0,0.0,0.0,0.0
1.94,0.0,0.0,1.4882890359261827,0.0,0.0,0.004798883354638838,1.0,0.0,0.0,0.0
1.942,0.0,0.0,1.488298648778054,0.0,0.0,0.004813968516783407,1.0,0.0,0.0,0.0
1.944,0.0,0.0,1.4883082916825996,0.0,0.0,0.004828936028668571,1.0,0.0,0.0,0.0
1.946,0.0,0.0,1.4883179644050628,0.0,0.0,0.004843786434438473,1.0,0.0,0.0,0.0
1.948,0.0,0.0,1.4883276667117733,0.0,0.0,0.004858520276061024,1.0,0.0,0.0,0.0
1.95,0.0,0.0,1.4883373983701427,0.0,0.0,0.004873138093336069,1.0,0.0,0.0,0.0
1.952,0.0,0.0,1.48834715914866,0.0,0.0,0.004887640423903546,1.0,0.0,0.0,0.0
1.954,0.0,0.0,1.488356948816887,0.0,0.0,0.0049020278032516,1.0,0.0,0.0,0.0
1.956,0.0,0.0,1.488366767145455,0.0,0.0,0.004916300764724676,1.0,0.0,0.0,0.0
1.958,0.0,0.0,1.4883766139060592,0.0,0.0,0.004930459839531581,1.0,0.0,0.0,0.0
1.96,0.0,0.0,1.4883864888714555,0.0,0.0,0.0049445055567535175,1.0,0.0,0.0,0.0
1.962,0.0,0.0,1.4883963918154557,0.0,0.0,0.0049584384433520815,1.0,0.0,0.0,0.0
1.964,0.0,0.0,1.4884063225129232,0.0,0.0,0.004972259024177247,1.0,0.0,0.0,0.0
1.966,0.0,0.0,1.4884162807397694,0.0,0.0,0.004985967821975296,1.0,0.0,0.0,0.0
1.968,0.0,0.0,1.4884262662729488,0.0,0.0,0.0049995653573967425,1.0,0.0,0.0,0.0
1.97,0.0,0.0,1.4884362788904553,0.0,0.0,0.005013052149004219,1.0,0.0,0.0,0.0
1.972,0.0,0.0,1.4884463183713175,0.0,0.0,0.0050264287132803336,1.0,0.0,0.0,0.0
1.974,0.0,0.0,1.4884563844955954,0.0,0.0,0.005039695564635496,1.0,0.0,0.0,0.0
1.976,0.0,0.0,1.4884664770443754,0.0,0.0,0.005052853215415729,1.0,0.0,0.0,0.0
1.978,0.0,0.0,1.4884765957997668,0.0,0.0,0.005065902175910429,1.0,0.0,0.0,0.0
1.98,0.0,0.0,1.488486740544897,0.0,0.0,0.0050788429543601075,1.0,0.0,0.0,0.0
1.982,0.0,0.0,1.4884969110639084,0.0,0.0,0.005091676056964128,1.0,0.0,0.0,0.0
1.984,0.0,0.0,1.4885071071419531,0.0,0.0,0.005104401987888365,1.0,0.0,0.0,0.0
1.986,0.0,0.0,1.4885173285651903,0.0,0.0,0.0051170212492728795,1.0,0.0,0.0,0.0
1.988,0.0,0.0,1.4885275751207807,0.0,0.0,0.005129534341239561,1.0,0.0,0.0,0.0
1.99,0.0,0.0,1.488537846596884,0.0,0.0,0.005141941761899704,1.0,0.0,0.0,0.0
1.992,0.0,0.0,1.4885481427826532,0.0,0.0,0.005154244007361603,1.0,0.0,0.0,0.0
1.994,0.0,0.0,1.4885584634682323,0.0,0.0,0.0051664415717380995,1.0,0.0,0.0,0.0
1.996,0.0,0.0,1.4885688084447513,0.0,0.0,0.005178534947154104,1.0,0.0,0.0,0.0
1.998,0.0,0.0,1.4885791775043222,0.0,0.0,0.00519052462375407,1.0,0.0,0.0,0.0
2.0,0.0,0.0,1.4885895704400356,0.0,0.0,0.005202411089709487,1.0,0.0,0.0,0.0
2.0020000000000002,0.0,0.0,1.4885999870459565,0.0,0.0,0.005214194831226302,1.0,0.0,0.0,0.0
2.004,0.0,0.0,1.4886104271171203,0.0,0.0,0.005225876332552336,1.0,0.0,0.0,0.0
2.0060000000000002,0.0,0.0,1.4886208904495288,0.0,0.0,0.005237456075984671,1.0,0.0,0.0,0.0
2.008,0.0,0.0,1.4886313768401467,0.0,0.0,0.00524893454187701,1.0,0.0,0.0,0.0
2.0100000000000002,0.0,0.0,1.4886418860868973,0.0,0.0,0.005260312208646991,1.0,0.0,0.0,0.0
2.012,0.0,0.0,1.4886524179886587,0.0,0.0,0.005271589552783511,1.0,0.0,0.0,0.0
2.0140000000000002,0.0,0.0,1.4886629723452602,0.0,0.0,0.005282767048853988,1.0,0.0,0.0,0.0
2.016,0.0,0.0,1.4886735489574785,0.0,0.0,0.0052938451695116245,1.0,0.0,0.0,0.0
2.0180000000000002,0.0,0.0,1.4886841476270336,0.0,0.0,0.005304824385502624,1.0,0.0,0.0,0.0
2.02,0.0,0.0,1.4886947681565847,0.0,0.0,0.0053157051656733895,1.0,0.0,0.0,0.0
2.0220000000000002,0.0,0.0,1.4887054103497275,0.0,0.0,0.005326487976977695,1.0,0.0,0.0,0.0
2.024,0.0,0.0,1.488716074010989,0.0,0.0,0.005337173284483832,1.0,0.0,0.0,0.0
2.0260000000000002,0.0,0.0,1.4887267589458248,0.0,0.0,0.005347761551381726,1.0,0.0,0.0,0.0
2.028,0.0,0.0,1.4887374649606153,0.0,0.0,0.005358253238990038,1.0,0.0,0.0,0.0
2.0300000000000002,0.0,0.0,1.488748191862661,0.0,0.0,0.005368648806763215,1.0,0.0,0.0,0.0
2.032,0.0,0.0,1.4887589394601801,0.0,0.0,0.005378948712298552,1.0,0.0,0.0,0.0
2.0340000000000003,0.0,0.0,1.4887697075623039,0.0,0.0,0.005389153411343195,1.0,0.0,0.0,0.0
2.036,0.0,0.0,1.488780495979073,0.0,0.0,0.005399263357801125,1.0,0.0,0.0,0.0
2.0380000000000003,0.0,0.0,1.4887913045214345,0.0,0.0,0.005409279003740146,1.0,0.0,0.0,0.0
2.04,0.0,0.0,1.4888021330012375,0.0,0.0,0.0054192007993987944,1.0,0.0,0.0,0.0
2.0420000000000003,0.0,0.0,1.48881298123123,0.0,0.0,0.005429029193193277,1.0,0.0,0.0,0.0
2.044,0.0,0.0,1.488823849025055,0.0,0.0,0.005438764631724347,1.0,0.0,0.0,0.0
2.0460000000000003,0.0,0.0,1.4888347361972465,0.0,0.0,0.005448407559784166,1.0,0.0,0.0,0.0
2.048,0.0,0.0,1.4888456425632266,0.0,0.0,0.0054579584203631485,1.0,0.0,0.0,0.0
2.05,0.0,0.0,1.4888565679393015,0.0,0.0,0.005467417654656778,1.0,0.0,0.0,0.0
2.052,0.0,0.0,1.4888675121426582,0.0,0.0,0.005476785702072384,1.0,0.0,0.0,0.0
2.054,0.0,0.0,1.4888784749913606,0.0,0.0,0.00548606300023591,1.0,0.0,0.0,0.0
2.056,0.0,0.0,1.4888894563043458,0.0,0.0,0.005495249984998655,1.0,0.0,0.0,0.0
2.058,0.0,0.0,1.4889004559014212,0.0,0.0,0.0055043470904439906,1.0,0.0,0.0,0.0
2.06,0.0,0.0,1.4889114736032605,0.0,0.0,0.005513354748894036,1.0,0.0,0.0,0.0
2.062,0.0,0.0,1.4889225092314002,0.0,0.0,0.005522273390916338,1.0,0.0,0.0,0.0
2.064,0.0,0.0,1.4889335626082365,0.0,0.0,0.00553110344533051,1.0,0.0,0.0,0.0
2.066,0.0,0.0,1.4889446335570211,0.0,0.0,0.005539845339214841,1.0,0.0,0.0,0.0
2.068,0.0,0.0,1.4889557219018583,0.0,0.0,0.005548499497912887,1.0,0.0,0.0,0.0
2.07,0.0,0.0,1.4889668274677013,0.0,0.0,0.005557066345040051,1.0,0.0,0.0,0.0
2.072,0.0,0.0,1.4889779500803488,0.0,0.0,0.005565546302490114,1.0,0.0,0.0,0.0
2.074,0.0,0.0,1.4889890895664417,0.0,0.0,0.005573939790441761,1.0,0.0,0.0,0.0
2.076,0.0,0.0,1.4890002457534595,0.0,0.0,0.005582247227365082,1.0,0.0,0.0,0.0
2.078,0.0,0.0,1.489011418469717,0.0,0.0,0.00559046903002803,1.0,0.0,0.0,0.0
2.08,0.0,0.0,1.4890226075443604,0.0,0.0,0.005598605613502881,1.0,0.0,0.0,0.0
2.082,0.0,0.0,1.489033812807365,0.0,0.0,0.005606657391172659,1.0,0.0,0.0,0.0
2.084,0.0,0.0,1.489045034089531,0.0,0.0,0.005614624774737537,1.0,0.0,0.0,0.0
2.086,0.0,0.0,1.48905627122248,0.0,0.0,0.005622508174221211,1.0,0.0,0.0,0.0
2.088,0.0,0.0,1.4890675240386522,0.0,0.0,0.005630307997977257,1.0,0.0,0.0,0.0
2.09,0.0,0.0,1.489078792371303,0.0,0.0,0.005638024652695462,1.0,0.0,0.0,0.0
2.092,0.0,0.0,1.489090076054499,0.0,0.0,0.0056456585434081375,1.0,0.0,0.0,0.0
2.094,0.0,0.0,1.489101374923116,0.0,0.0,0.005653210073496394,1.0,0.0,0.0,0.0
2.096,0.0,0.0,1.489112688812834,0.0,0.0,0.0056606796446964135,1.0,0.0,0.0,0.0
2.098,0.0,0.0,1.489124017560136,0.0,0.0,0.0056680676571056856,1.0,0.0,0.0,0.0
2.1,0.0,0.0,1.4891353610023021,0.0,0.0,0.005675374509189216,1.0,0.0,0.0,0.0
2.102,0.0,0.0,1.489146718977409,0.0,0.0,0.005682600597785738,1.0,0.0,0.0,0.0
2.104,0.0,0.0,1.489158091324325,0.0,0.0,0.005689746318113867,1.0,0.0,0.0,0.0
2.106,0.0,0.0,1.489169477882707,0.0,0.0,0.005696812063778258,1.0,0.0,0.0,0.0
2.108,0.0,0.0,1.4891808784929974,0.0,0.0,0.005703798226775729,1.0,0.0,0.0,0.0
2.11,0.0,0.0,1.4891922929964216,0.0,0.0,0.0057107051975013555,1.0,0.0,0.0,0.0
2.112,0.0,0.0,1.4892037212349838,0.0,0.0,0.00571753336475457,1.0,0.0,0.0,0.0
2.114,0.0,0.0,1.4892151630514643,0.0,0.0,0.00572428311574521,1.0,0.0,0.0,0.0
2.116,0.0,0.0,1.489226618289416,0.0,0.0,0.005730954836099546,1.0,0.0,0.0,0.0
2.118,0.0,0.0,1.489238086793162,0.0,0.0,0.005737548909866316,1.0,0.0,0.0,0.0
2.12,0.0,0.0,1.4892495684077915,0.0,0.0,0.005744065719522702,1.0,0.0,0.0,0.0
2.122,0.0,0.0,1.489261062979157,0.0,0.0,0.005750505645980309,1.0,0.0,0.0,0.0
2.124,0.0,0.0,1.4892725703538716,0.0,0.0,0.005756869068591105,1.0,0.0,0.0,0.0
2.126,0.0,0.0,1.4892840903793054,0.0,0.0,0.005763156365153358,1.0,0.0,0.0,0.0
2.128,0.0,0.0,1.4892956229035825,0.0,0.0,0.0057693679119175355,1.0,0.0,0.0,0.0
2.13,0.0,0.0,1.489307167775578,0.0,0.0,0.00577550408359219,1.0,0.0,0.0,0.0
2.132,0.0,0.0,1.489318724844915,0.0,0.0,0.005781565253349816,1.0,0.0,0.0,0.0
2.134,0.0,0.0,1.489330293961961,0.0,0.0,0.005787551792832692,1.0,0.0,0.0,0.0
2.136,0.0,0.0,1.489341874977826,0.0,0.0,0.00579346407215871,1.0,0.0,0.0,0.0
2.138,0.0,0.0,1.489353467744358,0.0,0.0,0.005799302459927163,1.0,0.0,0.0,0.0
2.14,0.0,0.0,1.4893650721141412,0.0,0.0,0.005805067323224518,1.0,0.0,0.0,0.0
2.142,0.0,0.0,1.489376687940492,0.0,0.0,0.005810759027630174,1.0,0.0,0.0,0.0
2.144,0.0,0.0,1.4893883150774567,0.0,0.0,0.005816377937222204,1.0,0.0,0.0,0.0
2.146,0.0,0.0,1.4893999533798086,0.0,0.0,0.005821924414583063,1.0,0.0,0.0,0.0
2.148,0.0,0.0,1.489411602703044,0.0,0.0,0.005827398820805272,1.0,0.0,0.0,0.0
2.15,0.0,0.0,1.4894232629033803,0.0,0.0,0.005832801515497104,1.0,0.0,0.0,0.0
2.152,0.0,0.0,1.4894349338377526,0.0,0.0,0.005838132856788225,1.0,0.0,0.0,0.0
2.154,0.0,0.0,1.4894466153638106,0.0,0.0,0.005843393201335318,1.0,0.0,0.0,0.0
2.156,0.0,0.0,1.4894583073399164,0.0,0.0,0.005848582904327714,1.0,0.0,0.0,0.0
2.158,0.0,0.0,1.48947000962514,0.0,0.0,0.0058537023194929535,1.0,0.0,0.0,0.0
2.16,0.0,0.0,1.4894817220792587,0.0,0.0,0.005858751799102372,1.0,0.0,0.0,0.0
2.162,0.0,0.0,1.4894934445627517,0.0,0.0,0.005863731693976643,1.0,0.0,0.0,0.0
2.164,0.0,0.0,1.489505176936799,0.0,0.0,0.0058686423534913,1.0,0.0,0.0,0.0
2.166,0.0,0.0,1.4895169190632782,0.0,0.0,0.005873484125582252,1.0,0.0,0.0,0.0
2.168,0.0,0.0,1.4895286708047606,0.0,0.0,0.0058782573567512635,1.0,0.0,0.0,0.0
2.17,0.0,0.0,1.4895404320245094,0.0,0.0,0.005882962392071424,1.0,0.0,0.0,0.0
2.172,0.0,0.0,1.4895522025864767,0.0,0.0,0.005887599575192593,1.0,0.0,0.0,0.0
2.174,0.0,0.0,1.4895639823553002,0.0,0.0,0.005892169248346833,1.0,0.0,0.0,0.0
2.176,0.0,0.0,1.489575771196301,0.0,0.0,0.005896671752353801,1.0,0.0,0.0,0.0
2.178,0.0,0.0,1.4895875689754798,0.0,0.0,0.005901107426626152,1.0,0.0,0.0,0.0
2.18,0.0,0.0,1.4895993755595156,0.0,0.0,0.005905476609174895,1.0,0.0,0.0,0.0
2.182,0.0,0.0,1.4896111908157614,0.0,0.0,0.005909779636614738,1.0,0.0,0.0,0.0
2.184,0.0,0.0,1.4896230146122422,0.0,0.0,0.005914016844169429,1.0,0.0,0.0,0.0
2.186,0.0,0.0,1.4896348468176521,0.0,0.0,0.00591818856567705,1.0,0.0,0.0,0.0
2.188,0.0,0.0,1.4896466873013514,0.0,0.0,0.005922295133595317,1.0,0.0,0.0,0.0
2.19,0.0,0.0,1.489658535933364,0.0,0.0,0.005926336879006841,1.0,0.0,0.0,0.0
2.192,0.0,0.0,1.4896703925843746,0.0,0.0,0.005930314131624373,1.0,0.0,0.0,0.0
2.194,0.0,0.0,1.489682257125726,0.0,0.0,0.005934227219796051,1.0,0.0,0.0,0.0
2.196,0.0,0.0,1.4896941294294164,0.0,0.0,0.005938076470510596,1.0,0.0,0.0,0.0
2.198,0.0,0.0,1.4897060093680963,0.0,0.0,0.00594186220940251,1.0,0.0,0.0,0.0
2.2,0.0,0.0,1.4897178968150664,0.0,0.0,0.005945584760757251,1.0,0.0,0.0,0.0
2.202,0.0,0.0,1.4897297916442747,0.0,0.0,0.005949244447516379,1.0,0.0,0.0,0.0
2.204,0.0,0.0,1.4897416937303134,0.0,0.0,0.0059528415912827,1.0,0.0,0.0,0.0
2.206,0.0,0.0,1.489753602948417,0.0,0.0,0.005956376512325375,1.0,0.0,0.0,0.0
2.208,0.0,0.0,1.489765519174459,0.0,0.0,0.005959849529585026,1.0,0.0,0.0,0.0
2.21,0.0,0.0,1.4897774422849492,0.0,0.0,0.005963260960678799,1.0,0.0,0.0,0.0
2.212,0.0,0.0,1.4897893721570319,0.0,0.0,0.0059666111219054485,1.0,0.0,0.0,0.0
2.214,0.0,0.0,1.489801308668482,0.0,0.0,0.005969900328250347,1.0,0.0,0.0,0.0
2.216,0.0,0.0,1.4898132516977036,0.0,0.0,0.005973128893390538,1.0,0.0,0.0,0.0
2.218,0.0,0.0,1.4898252011237267,0.0,0.0,0.005976297129699721,1.0,0.0,0.0,0.0
2.22,0.0,0.0,1.4898371568262048,0.0,0.0,0.005979405348253242,1.0,0.0,0.0,0.0
2.222,0.0,0.0,1.489849118685412,0.0,0.0,0.005982453858833066,1.0,0.0,0.0,0.0
2.224,0.0,0.0,1.4898610865822406,0.0,0.0,0.005985442969932725,1.0,0.0,0.0,0.0
2.226,0.0,0.0,1.4898730603981993,0.0,0.0,0.005988372988762242,1.0,0.0,0.0,0.0
2.228,0.0,0.0,1.4898850400154093,0.0,0.0,0.0059912442212530495,1.0,0.0,0.0,0.0
2.23,0.0,0.0,1.4898970253166026,0.0,0.0,0.0059940569720628835,1.0,0.0,0.0,0.0
2.232,0.0,0.0,1.4899090161851192,0.0,0.0,0.00599681154458066,1.0,0.0,0.0,0.0
2.234,0.0,0.0,1.4899210125049047,0.0,0.0,0.005999508240931335,1.0,0.0,0.0,0.0
2.236,0.0,0.0,1.4899330141605076,0.0,0.0,0.006002147361980744,1.0,0.0,0.0,0.0
2.238,0.0,0.0,1.4899450210370768,0.0,0.0,0.006004729207340426,1.0,0.0,0.0,0.0
2.24,0.0,0.0,1.4899570330203595,0.0,0.0,0.006007254075372424,1.0,0.0,0.0,0.0
2.242,0.0,0.0,1.489969049996698,0.0,0.0,0.006009722263194087,1.0,0.0,0.0,0.0
2.244,0.0,0.0,1.489981071853028,0.0,0.0,0.00601213406668282,1.0,0.0,0.0,0.0
2.246,0.0,0.0,1.4899930984768752,0.0,0.0,0.006014489780480856,1.0,0.0,0.0,0.0
2.248,0.0,0.0,1.4900051297563537,0.0,0.0,0.006016789697999973,1.0,0.0,0.0,0.0
2.25,0.0,0.0,1.490017165580163,0.0,0.0,0.006019034111426227,1.0,0.0,0.0,0.0
2.2520000000000002,0.0,0.0,1.4900292058375861,0.0,0.0,0.006021223311724644,1.0,0.0,0.0,0.0
2.254,0.0,0.0,1.4900412504184866,0.0,0.0,0.006023357588643909,1.0,0.0,0.0,0.0
2.2560000000000002,0.0,0.0,1.490053299213306,0.0,0.0,0.006025437230721015,1.0,0.0,0.0,0.0
2.258,0.0,0.0,1.490065352113062,0.0,0.0,0.006027462525285938,1.0,0.0,0.0,0.0
2.2600000000000002,0.0,0.0,1.4900774090093458,0.0,0.0,0.0060294337584662445,1.0,0.0,0.0,0.0
2.262,0.0,0.0,1.4900894697943194,0.0,0.0,0.006031351215191724,1.0,0.0,0.0,0.0
2.2640000000000002,0.0,0.0,1.4901015343607138,0.0,0.0,0.006033215179198973,1.0,0.0,0.0,0.0
2.266,0.0,0.0,1.490113602601826,0.0,0.0,0.0060350259330359795,1.0,0.0,0.0,0.0
2.2680000000000002,0.0,0.0,1.4901256744115172,0.0,0.0,0.006036783758066688,1.0,0.0,0.0,0.0
2.27,0.0,0.0,1.4901377496842099,0.0,0.0,0.006038488934475546,1.0,0.0,0.0,0.0
2.2720000000000002,0.0,0.0,1.4901498283148855,0.0,0.0,0.006040141741272036,1.0,0.0,0.0,0.0
2.274,0.0,0.0,1.490161910199083,0.0,0.0,0.006041742456295181,1.0,0.0,0.0,0.0
2.2760000000000002,0.0,0.0,1.4901739952328956,0.0,0.0,0.006043291356218054,1.0,0.0,0.0,0.0
2.278,0.0,0.0,1.4901860833129683,0.0,0.0,0.006044788716552243,1.0,0.0,0.0,0.0
2.2800000000000002,0.0,0.0,1.4901981743364965,0.0,0.0,0.0060462348116523245,1.0,0.0,0.0,0.0
2.282,0.0,0.0,1.4902102682012228,0.0,0.0,0.006047629914720306,1.0,0.0,0.0,0.0
2.2840000000000003,0.0,0.0,1.4902223648054354,0.0,0.0,0.006048974297810061,1.0,0.0,0.0,0.0
2.286,0.0,0.0,1.490234464047965,0.0,0.0,0.006050268231831742,1.0,0.0,0.0,0.0
2.2880000000000003,0.0,0.0,1.4902465658281834,0.0,0.0,0.006051511986556173,1.0,0.0,0.0,0.0
2.29,0.0,0.0,1.4902586700460005,0.0,0.0,0.006052705830619245,1.0,0.0,0.0,0.0
2.2920000000000003,0.0,0.0,1.4902707766018626,0.0,0.0,0.006053850031526262,1.0,0.0,0.0,0.0
2.294,0.0,0.0,1.4902828853967498,0.0,0.0,0.006054944855656305,1.0,0.0,0.0,0.0
2.2960000000000003,0.0,0.0,1.4902949963321737,0.0,0.0,0.006055990568266561,1.0,0.0,0.0,0.0
2.298,0.0,0.0,1.4903071093101754,0.0,0.0,0.006056987433496643,1.0,0.0,0.0,0.0
2.3000000000000003,0.0,0.0,1.4903192242333232,0.0,0.0,0.006057935714372895,1.0,0.0,0.0,0.0
2.302,0.0,0.0,1.4903313410047103,0.0,0.0,0.006058835672812658,1.0,0.0,0.0,0.0
2.3040000000000003,0.0,0.0,1.4903434595279528,0.0,0.0,0.006059687569628568,1.0,0.0,0.0,0.0
2.306,0.0,0.0,1.490355579707187,0.0,0.0,0.006060491664532789,1.0,0.0,0.0,0.0
2.308,0.0,0.0,1.4903677014470678,0.0,0.0,0.006061248216141265,1.0,0.0,0.0,0.0
2.31,0.0,0.0,1.490379824652766,0.0,0.0,0.0060619574819779296,1.0,0.0,0.0,0.0
2.312,0.0,0.0,1.4903919492299664,0.0,0.0,0.00606261971847893,1.0,0.0,0.0,0.0
2.314,0.0,0.0,1.490404075084866,0.0,0.0,0.0060632351809967976,1.0,0.0,0.0,0.0
2.316,0.0,0.0,1.4904162021241707,0.0,0.0,0.0060638041238046505,1.0,0.0,0.0,0.0
2.318,0.0,0.0,1.4904283302550947,0.0,0.0,0.006064326800100325,1.0,0.0,0.0,0.0
2.32,0.0,0.0,1.4904404593853569,0.0,0.0,0.006064803462010544,1.0,0.0,0.0,0.0
2.322,0.0,0.0,1.4904525894231795,0.0,0.0,0.006065234360595037,1.0,0.0,0.0,0.0
2.324,0.0,0.0,1.4904647202772858,0.0,0.0,0.00606561974585066,1.0,0.0,0.0,0.0
2.326,0.0,0.0,1.4904768518568985,0.0,0.0,0.006065959866715491,1.0,0.0,0.0,0.0
2.328,0.0,0.0,1.4904889840717364,0.0,0.0,0.006066254971072915,1.0,0.0,0.0,0.0
2.33,0.0,0.0,1.4905011168320133,0.0,0.0,0.006066505305755693,1.0,0.0,0.0,0.0
2.332,0.0,0.0,1.4905132500484355,0.0,0.0,0.00606671111655002,1.0,0.0,0.0,0.0
2.334,0.0,0.0,1.4905253836322003,0.0,0.0,0.006066872648199563,1.0,0.0,0.0,0.0
2.336,0.0,0.0,1.4905375174949929,0.0,0.0,0.00606699014440948,1.0,0.0,0.0,0.0
2.338,0.0,0.0,1.490549651548985,0.0,0.0,0.00606706384785044,1.0,0.0,0.0,0.0
2.34,0.0,0.0,1.4905617857068332,0.0,0.0,0.006067094000162611,1.0,0.0,0.0,0.0
2.342,0.0,0.0,1.4905739198816752,0.0,0.0,0.006067080841959639,1.0,0.0,0.0,0.0
2.344,0.0,0.0,1.49058605398713,0.0,0.0,0.0060670246128326204,1.0,0.0,0.0,0.0
2.346,0.0,0.0,1.4905981879372943,0.0,0.0,0.006066925551354041,1.0,0.0,0.0,0.0
2.348,0.0,0.0,1.4906103216467408,0.0,0.0,0.006066783895081722,1.0,0.0,0.0,0.0
2.35,0.0,0.0,1.4906224550305165,0.0,0.0,0.006066599880562747,1.0,0.0,0.0,0.0
2.352,0.0,0.0,1.4906345880041403,0.0,0.0,0.00606637374333735,1.0,0.0,0.0,0.0
2.354,0.0,0.0,1.4906467204836016,0.0,0.0,0.006066105717942828,1.0,0.0,0.0,0.0
2.356,0.0,0.0,1.4906588523853574,0.0,0.0,0.006065796037917407,1.0,0.0,0.0,0.0
2.358,0.0,0.0,1.4906709836263312,0.0,0.0,0.006065444935804104,1.0,0.0,0.0,0.0
2.36,0.0,0.0,1.49068311412391,0.0,0.0,0.006065052643154589,1.0,0.0,0.0,0.0
2.362,0.0,0.0,1.4906952437959438,0.0,0.0,0.006064619390533009,1.0,0.0,0.0,0.0
2.364,0.0,0.0,1.4907073725607418,0.0,0.0,0.006064145407519815,1.0,0.0,0.0,0.0
2.366,0.0,0.0,1.4907195003370721,0.0,0.0,0.006063630922715569,1.0,0.0,0.0,0.0
2.368,0.0,0.0,1.4907316270441586,0.0,0.0,0.00606307616374473,1.0,0.0,0.0,0.0
2.37,0.0,0.0,1.4907437526016796,0.0,0.0,0.006062481357259445,1.0,0.0,0.0,0.0
2.372,0.0,0.0,1.4907558769297657,0.0,0.0,0.0060618467289433025,1.0,0.0,0.0,0.0
2.374,0.0,0.0,1.4907679999489982,0.0,0.0,0.006061172503515093,1.0,0.0,0.0,0.0
2.376,0.0,0.0,1.4907801215804064,0.0,0.0,0.00606045890473254,1.0,0.0,0.0,0.0
2.378,0.0,0.0,1.4907922417454664,0.0,0.0,0.00605970615539602,1.0,0.0,0.0,0.0
2.38,0.0,0.0,1.4908043603660992,0.0,0.0,0.0060589144773522795,1.0,0.0,0.0,0.0
2.382,0.0,0.0,1.4908164773646682,0.0,0.0,0.006058084091498132,1.0,0.0,0.0,0.0
2.384,0.0,0.0,1.4908285926639775,0.0,0.0,0.006057215217784134,1.0,0.0,0.0,0.0
2.386,0.0,0.0,1.4908407061872706,0.0,0.0,0.006056308075218255,1.0,0.0,0.0,0.0
2.388,0.0,0.0,1.4908528178582277,0.0,0.0,0.006055362881869528,1.0,0.0,0.0,0.0
2.39,0.0,0.0,1.4908649276009645,0.0,0.0,0.006054379854871705,1.0,0.0,0.0,0.0
2.392,0.0,0.0,1.4908770353400298,0.0,0.0,0.006053359210426877,1.0,0.0,0.0,0.0
2.394,0.0,0.0,1.490889141000404,0.0,0.0,0.006052301163809077,1.0,0.0,0.0,0.0
2.396,0.0,0.0,1.4909012445074972,0.0,0.0,0.0060512059293678965,1.0,0.0,0.0,0.0
2.398,0.0,0.0,1.490913345787147,0.0,0.0,0.006050073720532069,1.0,0.0,0.0,0.0
2.4,0.0,0.0,1.4909254447656175,0.0,0.0,0.0060489047498130475,1.0,0.0,0.0,0.0
2.402,0.0,0.0,1.4909375413695962,0.0,0.0,0.00604769922880855,1.0,0.0,0.0,0.0
2.404,0.0,0.0,1.4909496355261933,0.0,0.0,0.006046457368206134,1.0,0.0,0.0,0.0
2.406,0.0,0.0,1.4909617271629394,0.0,0.0,0.006045179377786706,1.0,0.0,0.0,0.0
2.408,0.0,0.0,1.4909738162077837,0.0,0.0,0.006043865466428056,1.0,0.0,0.0,0.0
2.41,0.0,0.0,1.4909859025890921,0.0,0.0,0.006042515842108369,1.0,0.0,0.0,0.0
2.412,0.0,0.0,1.4909979862356462,0.0,0.0,0.00604113071190971,1.0,0.0,0.0,0.0
2.414,0.0,0.0,1.4910100670766402,0.0,0.0,0.006039710282021514,1.0,0.0,0.0,0.0
2.416,0.0,0.0,1.4910221450416798,0.0,0.0,0.006038254757744053,1.0,0.0,0.0,0.0
2.418,0.0,0.0,1.4910342200607811,0.0,0.0,0.006036764343491896,1.0,0.0,0.0,0.0
2.42,0.0,0.0,1.4910462920643675,0.0,0.0,0.006035239242797353,1.0,0.0,0.0,0.0
2.422,0.0,0.0,1.4910583609832686,0.0,0.0,0.006033679658313901,1.0,0.0,0.0,0.0
2.424,0.0,0.0,1.4910704267487187,0.0,0.0,0.006032085791819608,1.0,0.0,0.0,0.0
2.426,0.0,0.0,1.4910824892923547,0.0,0.0,0.006030457844220539,1.0,0.0,0.0,0.0
2.428,0.0,0.0,1.4910945485462144,0.0,0.0,0.006028796015554147,1.0,0.0,0.0,0.0
2.43,0.0,0.0,1.491106604442735,0.0,0.0,0.006027100504992653,1.0,0.0,0.0,0.0
2.432,0.0,0.0,1.4911186569147508,0.0,0.0,0.006025371510846416,1.0,0.0,0.0,0.0
2.434,0.0,0.0,1.4911307058954921,0.0,0.0,0.006023609230567286,1.0,0.0,0.0,0.0
2.436,0.0,0.0,1.4911427513185835,0.0,0.0,0.006021813860751952,1.0,0.0,0.0,0.0
2.438,0.0,0.0,1.4911547931180413,0.0,0.0,0.006019985597145273,1.0,0.0,0.0,0.0
2.44,0.0,0.0,1.491166831228273,0.0,0.0,0.006018124634643588,1.0,0.0,0.0,0.0
2.442,0.0,0.0,1.491178865584075,0.0,0.0,0.006016231167298032,1.0,0.0,0.0,0.0
2.444,0.0,0.0,1.4911908961206306,0.0,0.0,0.006014305388317827,1.0,0.0,0.0,0.0
2.446,0.0,0.0,1.491202922773509,0.0,0.0,0.006012347490073556,1.0,0.0,0.0,0.0
2.448,0.0,0.0,1.4912149454786632,0.0,0.0,0.006010357664100451,1.0,0.0,0.0,0.0
2.45,0.0,0.0,1.4912269641724283,0.0,0.0,0.0060083361011016275,1.0,0.0,0.0,0.0
2.452,0.0,0.0,1.4912389787915203,0.0,0.0,0.006006282990951345,1.0,0.0,0.0,0.0
2.454,0.0,0.0,1.491250989273034,0.0,0.0,0.0060041985226982324,1.0,0.0,0.0,0.0
2.456,0.0,0.0,1.4912629955544412,0.0,0.0,0.006002082884568513,1.0,0.0,0.0,0.0
2.458,0.0,0.0,1.4912749975735897,0.0,0.0,0.005999936263969218,1.0,0.0,0.0,0.0
2.46,0.0,0.0,1.4912869952687011,0.0,0.0,0.005997758847491383,1.0,0.0,0.0,0.0
2.462,0.0,0.0,1.4912989885783696,0.0,0.0,0.005995550820913216,1.0,0.0,0.0,0.0
2.464,0.0,0.0,1.4913109774415598,0.0,0.0,0.005993312369203292,1.0,0.0,0.0,0.0
2.466,0.0,0.0,1.4913229617976056,0.0,0.0,0.00599104367652371,1.0,0.0,0.0,0.0
2.468,0.0,0.0,1.4913349415862083,0.0,0.0,0.005988744926233238,1.0,0.0,0.0,0.0
2.47,0.0,0.0,1.4913469167474354,0.0,0.0,0.005986416300890451,1.0,0.0,0.0,0.0
2.472,0.0,0.0,1.4913588872217185,0.0,0.0,0.0059840579822568645,1.0,0.0,0.0,0.0
2.474,0.0,0.0,1.4913708529498522,0.0,0.0,0.005981670151300044,1.0,0.0,0.0,0.0
2.476,0.0,0.0,1.4913828138729917,0.0,0.0,0.005979252988196709,1.0,0.0,0.0,0.0
2.478,0.0,0.0,1.4913947699326522,0.0,0.0,0.00597680667233583,1.0,0.0,0.0,0.0
2.48,0.0,0.0,1.491406721070707,0.0,0.0,0.005974331382321697,1.0,0.0,0.0,0.0
2.482,0.0,0.0,1.4914186672293852,0.0,0.0,0.005971827295977004,1.0,0.0,0.0,0.0
2.484,0.0,0.0,1.4914306083512716,0.0,0.0,0.005969294590345896,1.0,0.0,0.0,0.0
2.486,0.0,0.0,1.4914425443793036,0.0,0.0,0.005966733441697017,1.0,0.0,0.0,0.0
2.488,0.0,0.0,1.4914544752567709,0.0,0.0,0.005964144025526547,1.0,0.0,0.0,0.0
2.49,0.0,0.0,1.4914664009273129,0.0,0.0,0.005961526516561225,1.0,0.0,0.0,0.0
2.492,0.0,0.0,1.491478321334918,0.0,0.0,0.005958881088761363,1.0,0.0,0.0,0.0
2.494,0.0,0.0,1.4914902364239222,0.0,0.0,0.005956207915323841,1.0,0.0,0.0,0.0
2.496,0.0,0.0,1.4915021461390061,0.0,0.0,0.0059535071686851035,1.0,0.0,0.0,0.0
2.498,0.0,0.0,1.4915140504251954,0.0,0.0,0.005950779020524138,1.0,0.0,0.0,0.0
2.5,0.0,0.0,1.4915259492278576,0.0,0.0,0.005948023641765434,1.0,0.0,0.0,0.0
2.5020000000000002,0.0,0.0,1.491537842492702,0.0,0.0,0.00594524120258195,1.0,0.0,0.0,0.0
2.504,0.0,0.0,1.491549730165777,0.0,0.0,0.005942431872398056,1.0,0.0,0.0,0.0
2.5060000000000002,0.0,0.0,1.4915616121934692,0.0,0.0,0.005939595819892467,1.0,0.0,0.0,0.0
2.508,0.0,0.0,1.491573488522502,0.0,0.0,0.005936733213001172,1.0,0.0,0.0,0.0
2.5100000000000002,0.0,0.0,1.491585359099934,0.0,0.0,0.005933844218920337,1.0,0.0,0.0,0.0
2.512,0.0,0.0,1.491597223873157,0.0,0.0,0.005930929004109212,1.0,0.0,0.0,0.0
2.5140000000000002,0.0,0.0,1.4916090827898953,0.0,0.0,0.005927987734293028,1.0,0.0,0.0,0.0
2.516,0.0,0.0,1.4916209357982042,0.0,0.0,0.005925020574465867,1.0,0.0,0.0,0.0
2.5180000000000002,0.0,0.0,1.4916327828464675,0.0,0.0,0.0059220276888935375,1.0,0.0,0.0,0.0
2.52,0.0,0.0,1.4916446238833976,0.0,0.0,0.005919009241116443,1.0,0.0,0.0,0.0
2.5220000000000002,0.0,0.0,1.4916564588580326,0.0,0.0,0.005915965393952407,1.0,0.0,0.0,0.0
2.524,0.0,0.0,1.491668287719736,0.0,0.0,0.005912896309499532,1.0,0.0,0.0,0.0
2.5260000000000002,0.0,0.0,1.4916801104181947,0.0,0.0,0.005909802149139017,1.0,0.0,0.0,0.0
2.528,0.0,0.0,1.4916919269034175,0.0,0.0,0.005906683073537975,1.0,0.0,0.0,0.0
2.5300000000000002,0.0,0.0,1.4917037371257336,0.0,0.0,0.005903539242652248,1.0,0.0,0.0,0.0
2.532,0.0,0.0,1.4917155410357918,0.0,0.0,0.005900370815729188,1.0,0.0,0.0,0.0
2.5340000000000003,0.0,0.0,1.4917273385845589,0.0,0.0,0.005897177951310448,1.0,0.0,0.0,0.0
2.536,0.0,0.0,1.4917391297233173,0.0,0.0,0.005893960807234764,1.0,0.0,0.0,0.0
2.5380000000000003,0.0,0.0,1.4917509144036651,0.0,0.0,0.0058907195406407145,1.0,0.0,0.0,0.0
2.54,0.0,0.0,1.4917626925775138,0.0,0.0,0.005887454307969471,1.0,0.0,0.0,0.0
2.5420000000000003,0.0,0.0,1.4917744641970867,0.0,0.0,0.005884165264967547,1.0,0.0,0.0,0.0
2.544,0.0,0.0,1.4917862292149184,0.0,0.0,0.0058808525666895275,1.0,0.0,0.0,0.0
2.5460000000000003,0.0,0.0,1.4917979875838527,0.0,0.0,0.005877516367500801,1.0,0.0,0.0,0.0
2.548,0.0,0.0,1.4918097392570413,0.0,0.0,0.005874156821080264,1.0,0.0,0.0,0.0
2.5500000000000003,0.0,0.0,1.491821484187943,0.0,0.0,0.005870774080423026,1.0,0.0,0.0,0.0
2.552,0.0,0.0,1.4918332223303212,0.0,0.0,0.005867368297843112,1.0,0.0,0.0,0.0
2.5540000000000003,0.0,0.0,1.491844953638244,0.0,0.0,0.005863939624976127,1.0,0.0,0.0,0.0
2.556,0.0,0.0,1.4918566780660818,0.0,0.0,0.005860488212781945,1.0,0.0,0.0,0.0
2.5580000000000003,0.0,0.0,1.4918683955685061,0.0,0.0,0.005857014211547373,1.0,0.0,0.0,0.0
2.56,0.0,0.0,1.4918801061004885,0.0,0.0,0.005853517770888789,1.0,0.0,0.0,0.0
2.562,0.0,0.0,1.491891809617299,0.0,0.0,0.005849999039754803,1.0,0.0,0.0,0.0
2.564,0.0,0.0,1.4919035060745052,0.0,0.0,0.005846458166428875,1.0,0.0,0.0,0.0
2.566,0.0,0.0,1.4919151954279701,0.0,0.0,0.00584289529853195,1.0,0.0,0.0,0.0
2.568,0.0,0.0,1.4919268776338517,0.0,0.0,0.005839310583025071,1.0,0.0,0.0,0.0
2.57,0.0,0.0,1.4919385526486009,0.0,0.0,0.005835704166211968,1.0,0.0,0.0,0.0
2.572,0.0,0.0,1.4919502204289607,0.0,0.0,0.005832076193741681,1.0,0.0,0.0,0.0
2.574,0.0,0.0,1.491961880931965,0.0,0.0,0.005828426810611116,1.0,0.0,0.0,0.0
2.576,0.0,0.0,1.4919735341149367,0.0,0.0,0.005824756161167638,1.0,0.0,0.0,0.0
2.578,0.0,0.0,1.491985179935487,0.0,0.0,0.005821064389111622,1.0,0.0,0.0,0.0
2.58,0.0,0.0,1.4919968183515138,0.0,0.0,0.005817351637499029,1.0,0.0,0.0,0.0
2.582,0.0,0.0,1.4920084493212,0.0,0.0,0.0058136180487439295,1.0,0.0,0.0,0.0
2.584,0.0,0.0,1.4920200728030133,0.0,0.0,0.005809863764621056,1.0,0.0,0.0,0.0
2.586,0.0,0.0,1.4920316887557041,0.0,0.0,0.005806088926268327,1.0,0.0,0.0,0.0
2.588,0.0,0.0,1.4920432971383046,0.0,0.0,0.005802293674189361,1.0,0.0,0.0,0.0
2.59,0.0,0.0,1.4920548979101271,0.0,0.0,0.005798478148255984,1.0,0.0,0.0,0.0
2.592,0.0,0.0,1.492066491030763,0.0,0.0,0.005794642487710735,1.0,0.0,0.0,0.0
2.594,0.0,0.0,1.4920780764600818,0.0,0.0,0.005790786831169356,1.0,0.0,0.0,0.0
2.596,0.0,0.0,1.4920896541582296,0.0,0.0,0.00578691131662326,1.0,0.0,0.0,0.0
2.598,0.0,0.0,1.4921012240856277,0.0,0.0,0.0057830160814420165,1.0,0.0,0.0,0.0
2.6,0.0,0.0,1.4921127862029715,0.0,0.0,0.005779101262375806,1.0,0.0,0.0,0.0
2.602,0.0,0.0,1.4921243404712294,0.0,0.0,0.005775166995557874,1.0,0.0,0.0,0.0
2.604,0.0,0.0,1.4921358868516414,0.0,0.0,0.005771213416506969,1.0,0.0,0.0,0.0
2.606,0.0,0.0,1.492147425305718,0.0,0.0,0.005767240660129793,1.0,0.0,0.0,0.0
2.608,0.0,0.0,1.492158955795239,0.0,0.0,0.00576324886072341,1.0,0.0,0.0,0.0
2.61,0.0,0.0,1.4921704782822518,0.0,0.0,0.005759238151977668,1.0,0.0,0.0,0.0
2.612,0.0,0.0,1.4921819927290707,0.0,0.0,0.005755208666977607,1.0,0.0,0.0,0.0
2.614,0.0,0.0,1.492193499098276,0.0,0.0,0.005751160538205861,1.0,0.0,0.0,0.0
2.616,0.0,0.0,1.4922049973527116,0.0,0.0,0.00574709389754503,1.0,0.0,0.0,0.0
2.618,0.0,0.0,1.4922164874554855,0.0,0.0,0.005743008876280084,1.0,0.0,0.0,0.0
2.62,0.0,0.0,1.492227969369967,0.0,0.0,0.00573890560510072,1.0,0.0,0.0,0.0
2.622,0.0,0.0,1.492239443059786,0.0,0.0,0.005734784214103724,1.0,0.0,0.0,0.0
2.624,0.0,0.0,1.492250908488833,0.0,0.0,0.005730644832795333,1.0,0.0,0.0,0.0
2.626,0.0,0.0,1.4922623656212557,0.0,0.0,0.005726487590093571,1.0,0.0,0.0,0.0
2.628,0.0,0.0,1.49227381442146,0.0,0.0,0.005722312614330588,1.0,0.0,0.0,0.0
2.63,0.0,0.0,1.4922852548541077,0.0,0.0,0.005718120033254988,1.0,0.0,0.0,0.0
2.632,0.0,0.0,1.492296686884115,0.0,0.0,0.00571390997403415,1.0,0.0,0.0,0.0
2.634,0.0,0.0,1.4923081104766522,0.0,0.0,0.00570968256325653,1.0,0.0,0.0,0.0
2.636,0.0,0.0,1.4923195255971424,0.0,0.0,0.005705437926933969,1.0,0.0,0.0,0.0
2.638,0.0,0.0,1.49233093221126,0.0,0.0,0.00570117619050398,1.0,0.0,0.0,0.0
2.64,0.0,0.0,1.4923423302849292,0.0,0.0,0.005696897478832047,1.0,0.0,0.0,0.0
2.642,0.0,0.0,1.4923537197843242,0.0,0.0,0.005692601916213876,1.0,0.0,0.0,0.0
2.644,0.0,0.0,1.4923651006758667,0.0,0.0,0.005688289626377672,1.0,0.0,0.0,0.0
2.646,0.0,0.0,1.4923764729262257,0.0,0.0,0.005683960732486409,1.0,0.0,0.0,0.0
2.648,0.0,0.0,1.4923878365023153,0.0,0.0,0.005679615357140073,1.0,0.0,0.0,0.0
2.65,0.0,0.0,1.4923991913712948,0.0,0.0,0.005675253622377889,1.0,0.0,0.0,0.0
2.652,0.0,0.0,1.492410537500567,0.0,0.0,0.005670875649680572,1.0,0.0,0.0,0.0
2.654,0.0,0.0,1.4924218748577767,0.0,0.0,0.005666481559972543,1.0,0.0,0.0,0.0
2.656,0.0,0.0,1.4924332034108103,0.0,0.0,0.005662071473624157,1.0,0.0,0.0,0.0
2.658,0.0,0.0,1.4924445231277943,0.0,0.0,0.00565764551045389,1.0,0.0,0.0,0.0
2.66,0.0,0.0,1.4924558339770946,0.0,0.0,0.005653203789730555,1.0,0.0,0.0,0.0
2.662,0.0,0.0,1.4924671359273145,0.0,0.0,0.005648746430175486,1.0,0.0,0.0,0.0
2.664,0.0,0.0,1.4924784289472945,0.0,0.0,0.00564427354996473,1.0,0.0,0.0,0.0
2.666,0.0,0.0,1.4924897130061112,0.0,0.0,0.00563978526673121,1.0,0.0,0.0,0.0
2.668,0.0,0.0,1.4925009880730755,0.0,0.0,0.005635281697566903,1.0,0.0,0.0,0.0
2.67,0.0,0.0,1.492512254117732,0.0,0.0,0.005630762959024989,1.0,0.0,0.0,0.0
2.672,0.0,0.0,1.4925235111098583,0.0,0.0,0.005626229167122003,1.0,0.0,0.0,0.0
2.674,0.0,0.0,1.4925347590194626,0.0,0.0,0.005621680437339987,1.0,0.0,0.0,0.0
2.676,0.0,0.0,1.4925459978167845,0.0,0.0,0.005617116884628616,1.0,0.0,0.0,0.0
2.678,0.0,0.0,1.4925572274722925,0.0,0.0,0.005612538623407326,1.0,0.0,0.0,0.0
2.68,0.0,0.0,1.4925684479566834,0.0,0.0,0.005607945767567434,1.0,0.0,0.0,0.0
2.682,0.0,0.0,1.4925796592408815,0.0,0.0,0.005603338430474243,1.0,0.0,0.0,0.0
2.684,0.0,0.0,1.492590861296037,0.0,0.0,0.0055987167249691525,1.0,0.0,0.0,0.0
2.686,0.0,0.0,1.4926020540935254,0.0,0.0,0.005594080763371748,1.0,0.0,0.0,0.0
2.688,0.0,0.0,1.4926132376049464,0.0,0.0,0.0055894306574818895,1.0,0.0,0.0,0.0
2.69,0.0,0.0,1.4926244118021224,0.0,0.0,0.005584766518581793,1.0,0.0,0.0,0.0
2.692,0.0,0.0,1.4926355766570985,0.0,0.0,0.0055800884574380965,1.0,0.0,0.0,0.0
2.694,0.0,0.0,1.4926467321421402,0.0,0.0,0.005575396584303923,1.0,0.0,0.0,0.0
2.696,0.0,0.0,1.4926578782297333,0.0,0.0,0.005570691008920941,1.0,0.0,0.0,0.0
2.698,0.0,0.0,1.4926690148925827,0.0,0.0,0.005565971840521416,1.0,0.0,0.0,0.0
2.7,0.0,0.0,1.492680142103611,0.0,0.0,0.005561239187830234,1.0,0.0,0.0,0.0
2.702,0.0,0.0,1.492691259835958,0.0,0.0,0.005556493159066958,1.0,0.0,0.0,0.0
2.704,0.0,0.0,1.4927023680629792,0.0,0.0,0.005551733861947825,1.0,0.0,0.0,0.0
2.706,0.0,0.0,1.492713466758245,0.0,0.0,0.00554696140368779,1.0,0.0,0.0,0.0
2.708,0.0,0.0,1.4927245558955395,0.0,0.0,0.005542175891002513,1.0,0.0,0.0,0.0
2.71,0.0,0.0,1.4927356354488606,0.0,0.0,0.00553737743011038,1.0,0.0,0.0,0.0
2.712,0.0,0.0,1.4927467053924175,0.0,0.0,0.005532566126734485,1.0,0.0,0.0,0.0
2.714,0.0,0.0,1.4927577657006303,0.0,0.0,0.005527742086104626,1.0,0.0,0.0,0.0
2.716,0.0,0.0,1.4927688163481294,0.0,0.0,0.00552290541295927,1.0,0.0,0.0,0.0
2.718,0.0,0.0,1.492779857309754,0.0,0.0,0.005518056211547544,1.0,0.0,0.0,0.0
2.72,0.0,0.0,1.4927908885605512,0.0,0.0,0.005513194585631188,1.0,0.0,0.0,0.0
2.722,0.0,0.0,1.4928019100757752,0.0,0.0,0.005508320638486515,1.0,0.0,0.0,0.0
2.724,0.0,0.0,1.4928129218308865,0.0,0.0,0.005503434472906355,1.0,0.0,0.0,0.0
2.726,0.0,0.0,1.4928239238015506,0.0,0.0,0.005498536191202009,1.0,0.0,0.0,0.0
2.728,0.0,0.0,1.492834915963637,0.0,0.0,0.005493625895205179,1.0,0.0,0.0,0.0
2.73,0.0,0.0,1.4928458982932185,0.0,0.0,0.005488703686269892,1.0,0.0,0.0,0.0
2.732,0.0,0.0,1.49285687076657,0.0,0.0,0.005483769665274421,1.0,0.0,0.0,0.0
2.734,0.0,0.0,1.492867833360168,0.0,0.0,0.005478823932623209,1.0,0.0,0.0,0.0
2.736,0.0,0.0,1.492878786050689,0.0,0.0,0.0054738665882487665,1.0,0.0,0.0,0.0
2.738,0.0,0.0,1.4928897288150087,0.0,0.0,0.005468897731613561,1.0,0.0,0.0,0.0
2.74,0.0,0.0,1.492900661630202,0.0,0.0,0.005463917461711935,1.0,0.0,0.0,0.0
2.742,0.0,0.0,1.4929115844735408,0.0,0.0,0.005458925877071964,1.0,0.0,0.0,0.0
2.744,0.0,0.0,1.4929224973224937,0.0,0.0,0.005453923075757354,1.0,0.0,0.0,0.0
2.746,0.0,0.0,1.4929334001547248,0.0,0.0,0.005448909155369298,1.0,0.0,0.0,0.0
2.748,0.0,0.0,1.4929442929480932,0.0,0.0,0.005443884213048344,1.0,0.0,0.0,0.0
2.75,0.0,0.0,1.4929551756806516,0.0,0.0,0.005438848345476254,1.0,0.0,0.0,0.0
2.7520000000000002,0.0,0.0,1.492966048330646,0.0,0.0,0.005433801648877859,1.0,0.0,0.0,0.0
2.754,0.0,0.0,1.4929769108765139,0.0,0.0,0.00542874421902288,1.0,0.0,0.0,0.0
2.7560000000000002,0.0,0.0,1.4929877632968842,0.0,0.0,0.0054236761512277895,1.0,0.0,0.0,0.0
2.758,0.0,0.0,1.4929986055705757,0.0,0.0,0.005418597540357629,1.0,0.0,0.0,0.0
2.7600000000000002,0.0,0.0,1.493009437676597,0.0,0.0,0.005413508480827828,1.0,0.0,0.0,0.0
2.762,0.0,0.0,1.4930202595941444,0.0,0.0,0.005408409066606014,1.0,0.0,0.0,0.0
2.7640000000000002,0.0,0.0,1.4930310713026023,0.0,0.0,0.005403299391213838,1.0,0.0,0.0,0.0
2.766,0.0,0.0,1.493041872781541,0.0,0.0,0.005398179547728754,1.0,0.0,0.0,0.0
2.7680000000000002,0.0,0.0,1.4930526640107176,0.0,0.0,0.005393049628785845,1.0,0.0,0.0,0.0
2.77,0.0,0.0,1.493063444970073,0.0,0.0,0.005387909726579568,1.0,0.0,0.0,0.0
2.7720000000000002,0.0,0.0,1.4930742156397325,0.0,0.0,0.005382759932865568,1.0,0.0,0.0,0.0
2.774,0.0,0.0,1.4930849760000044,0.0,0.0,0.005377600338962441,1.0,0.0,0.0,0.0
2.7760000000000002,0.0,0.0,1.493095726031379,0.0,0.0,0.0053724310357535,1.0,0.0,0.0,0.0
2.778,0.0,0.0,1.4931064657145285,0.0,0.0,0.005367252113688536,1.0,0.0,0.0,0.0
2.7800000000000002,0.0,0.0,1.493117195030305,0.0,0.0,0.00536206366278558,1.0,0.0,0.0,0.0
2.782,0.0,0.0,1.4931279139597404,0.0,0.0,0.005356865772632638,1.0,0.0,0.0,0.0
2.7840000000000003,0.0,0.0,1.4931386224840455,0.0,0.0,0.005351658532389437,1.0,0.0,0.0,0.0
2.786,0.0,0.0,1.4931493205846087,0.0,0.0,0.005346442030789164,1.0,0.0,0.0,0.0
2.7880000000000003,0.0,0.0,1.4931600082429957,0.0,0.0,0.005341216356140188,1.0,0.0,0.0,0.0
2.79,0.0,0.0,1.493170685440948,0.0,0.0,0.005335981596327785,1.0,0.0,0.0,0.0
2.7920000000000003,0.0,0.0,1.4931813521603832,0.0,0.0,0.0053307378388158435,1.0,0.0,0.0,0.0
2.794,0.0,0.0,1.4931920083833927,0.0,0.0,0.005325485170648588,1.0,0.0,0.0,0.0
2.7960000000000003,0.0,0.0,1.4932026540922418,0.0,0.0,0.005320223678452269,1.0,0.0,0.0,0.0
2.798,0.0,0.0,1.4932132892693688,0.0,0.0,0.00531495344843686,1.0,0.0,0.0,0.0
2.8000000000000003,0.0,0.0,1.4932239138973837,0.0,0.0,0.005309674566397757,1.0,0.0,0.0,0.0
2.802,0.0,0.0,1.4932345279590677,0.0,0.0,0.005304387117717433,1.0,0.0,0.0,0.0
2.8040000000000003,0.0,0.0,1.493245131437373,0.0,0.0,0.005299091187367154,1.0,0.0,0.0,0.0
2.806,0.0,0.0,1.49325572431542,0.0,0.0,0.005293786859908618,1.0,0.0,0.0,0.0
2.8080000000000003,0.0,0.0,1.4932663065764995,0.0,0.0,0.00528847421949563,1.0,0.0,0.0,0.0
2.81,0.0,0.0,1.4932768782040688,0.0,0.0,0.005283153349875757,1.0,0.0,0.0,0.0
2.8120000000000003,0.0,0.0,1.4932874391817532,0.0,0.0,0.005277824334391976,1.0,0.0,0.0,0.0
2.814,0.0,0.0,1.4932979894933436,0.0,0.0,0.00527248725598433,1.0,0.0,0.0,0.0
2.816,0.0,0.0,1.4933085291227968,0.0,0.0,0.005267142197191549,1.0,0.0,0.0,0.0
2.818,0.0,0.0,1.4933190580542341,0.0,0.0,0.005261789240152701,1.0,0.0,0.0,0.0
2.82,0.0,0.0,1.493329576271941,0.0,0.0,0.005256428466608799,1.0,0.0,0.0,0.0
2.822,0.0,0.0,1.4933400837603654,0.0,0.0,0.005251059957904441,1.0,0.0,0.0,0.0
2.824,0.0,0.0,1.4933505805041183,0.0,0.0,0.005245683794989407,1.0,0.0,0.0,0.0
2.826,0.0,0.0,1.4933610664879717,0.0,0.0,0.005240300058420267,1.0,0.0,0.0,0.0
2.828,0.0,0.0,1.4933715416968585,0.0,0.0,0.005234908828361998,1.0,0.0,0.0,0.0
2.83,0.0,0.0,1.4933820061158714,0.0,0.0,0.005229510184589564,1.0,0.0,0.0,0.0
2.832,0.0,0.0,1.4933924597302624,0.0,0.0,0.005224104206489513,1.0,0.0,0.0,0.0
2.834,0.0,0.0,1.4934029025254418,0.0,0.0,0.005218690973061562,1.0,0.0,0.0,0.0
2.836,0.0,0.0,1.4934133344869778,0.0,0.0,0.005213270562920161,1.0,0.0,0.0,0.0
2.838,0.0,0.0,1.493423755600595,0.0,0.0,0.00520784305429608,1.0,0.0,0.0,0.0
2.84,0.0,0.0,1.4934341658521744,0.0,0.0,0.005202408525037969,1.0,0.0,0.0,0.0
2.842,0.0,0.0,1.493444565227752,0.0,0.0,0.005196967052613916,1.0,0.0,0.0,0.0
2.844,0.0,0.0,1.4934549537135187,0.0,0.0,0.0051915187141130005,1.0,0.0,0.0,0.0
2.846,0.0,0.0,1.493465331295819,0.0,0.0,0.0051860635862468404,1.0,0.0,0.0,0.0
2.848,0.0,0.0,1.4934756979611505,0.0,0.0,0.005180601745351138,1.0,0.0,0.0,0.0
2.85,0.0,0.0,1.4934860536961634,0.0,0.0,0.005175133267387215,1.0,0.0,0.0,0.0
2.852,0.0,0.0,1.4934963984876588,0.0,0.0,0.005169658227943538,1.0,0.0,0.0,0.0
2.854,0.0,0.0,1.493506732322589,0.0,0.0,0.0051641767022372435,1.0,0.0,0.0,0.0
2.856,0.0,0.0,1.4935170551880563,0.0,0.0,0.005158688765115661,1.0,0.0,0.0,0.0
2.858,0.0,0.0,1.4935273670713125,0.0,0.0,0.005153194491057819,1.0,0.0,0.0,0.0
2.86,0.0,0.0,1.4935376679597578,0.0,0.0,0.005147693954175965,1.0,0.0,0.0,0.0
2.862,0.0,0.0,1.4935479578409403,0.0,0.0,0.0051421872282170515,1.0,0.0,0.0,0.0
2.864,0.0,0.0,1.493558236702555,0.0,0.0,0.005136674386564239,1.0,0.0,0.0,0.0
2.866,0.0,0.0,1.4935685045324438,0.0,0.0,0.005131155502238387,1.0,0.0,0.0,0.0
2.868,0.0,0.0,1.493578761318594,0.0,0.0,0.005125630647899536,1.0,0.0,0.0,0.0
2.87,0.0,0.0,1.4935890070491378,0.0,0.0,0.0051200998958483785,1.0,0.0,0.0,0.0
2.872,0.0,0.0,1.4935992417123516,0.0,0.0,0.005114563318027751,1.0,0.0,0.0,0.0
2.874,0.0,0.0,1.4936094652966556,0.0,0.0,0.005109020986024083,1.0,0.0,0.0,0.0
2.876,0.0,0.0,1.4936196777906128,0.0,0.0,0.005103472971068863,1.0,0.0,0.0,0.0
2.878,0.0,0.0,1.4936298791829279,0.0,0.0,0.005097919344040102,1.0,0.0,0.0,0.0
2.88,0.0,0.0,1.4936400694624474,0.0,0.0,0.005092360175463783,1.0,0.0,0.0,0.0
2.882,0.0,0.0,1.4936502486181584,0.0,0.0,0.005086795535515294,1.0,0.0,0.0,0.0
2.884,0.0,0.0,1.493660416639188,0.0,0.0,0.005081225494020879,1.0,0.0,0.0,0.0
2.886,0.0,0.0,1.4936705735148026,0.0,0.0,0.005075650120459075,1.0,0.0,0.0,0.0
2.888,0.0,0.0,1.493680719234407,0.0,0.0,0.005070069483962124,1.0,0.0,0.0,0.0
2.89,0.0,0.0,1.4936908537875444,0.0,0.0,0.005064483653317419,1.0,0.0,0.0,0.0
2.892,0.0,0.0,1.4937009771638947,0.0,0.0,0.0050588926969689025,1.0,0.0,0.0,0.0
2.894,0.0,0.0,1.4937110893532748,0.0,0.0,0.005053296683018493,1.0,0.0,0.0,0.0
2.896,0.0,0.0,1.493721190345637,0.0,0.0,0.0050476956792274786,1.0,0.0,0.0,0.0
2.898,0.0,0.0,1.4937312801310694,0.0,0.0,0.0050420897530179315,1.0,0.0,0.0,0.0
2.9,0.0,0.0,1.4937413586997939,0.0,0.0,0.005036478971474095,1.0,0.0,0.0,0.0
2.902,0.0,0.0,1.4937514260421667,0.0,0.0,0.005030863401343782,1.0,0.0,0.0,0.0
2.904,0.0,0.0,1.493761482148677,0.0,0.0,0.005025243109039752,1.0,0.0,0.0,0.0
2.906,0.0,0.0,1.4937715270099468,0.0,0.0,0.005019618160641104,1.0,0.0,0.0,0.0
2.908,0.0,0.0,1.4937815606167293,0.0,0.0,0.005013988621894632,1.0,0.0,0.0,0.0
2.91,0.0,0.0,1.4937915829599093,0.0,0.0,0.005008354558216221,1.0,0.0,0.0,0.0
2.912,0.0,0.0,1.4938015940305023,0.0,0.0,0.005002716034692191,1.0,0.0,0.0,0.0
2.914,0.0,0.0,1.493811593819653,0.0,0.0,0.004997073116080663,1.0,0.0,0.0,0.0
2.916,0.0,0.0,1.4938215823186358,0.0,0.0,0.004991425866812917,1.0,0.0,0.0,0.0
2.918,0.0,0.0,1.4938315595188536,0.0,0.0,0.004985774350994734,1.0,0.0,0.0,0.0
2.92,0.0,0.0,1.493841525411837,0.0,0.0,0.0049801186324077516,1.0,0.0,0.0,0.0
2.922,0.0,0.0,1.4938514799892437,0.0,0.0,0.004974458774510786,1.0,0.0,0.0,0.0
2.924,0.0,0.0,1.4938614232428586,0.0,0.0,0.0049687948404411805,1.0,0.0,0.0,0.0
2.926,0.0,0.0,1.4938713551645921,0.0,0.0,0.0049631268930161315,1.0,0.0,0.0,0.0
2.928,0.0,0.0,1.4938812757464799,0.0,0.0,0.004957454994734004,1.0,0.0,0.0,0.0
2.93,0.0,0.0,1.4938911849806824,0.0,0.0,0.0049517792077756586,1.0,0.0,0.0,0.0
2.932,0.0,0.0,1.493901082859484,0.0,0.0,0.004946099594005763,1.0,0.0,0.0,0.0
2.934,0.0,0.0,1.493910969375293,0.0,0.0,0.004940416214974101,1.0,0.0,0.0,0.0
2.936,0.0,0.0,1.4939208445206398,0.0,0.0,0.004934729131916869,1.0,0.0,0.0,0.0
2.938,0.0,0.0,1.4939307082881774,0.0,0.0,0.004929038405757986,1.0,0.0,0.0,0.0
2.94,0.0,0.0,1.4939405606706804,0.0,0.0,0.0049233440971103845,1.0,0.0,0.0,0.0
2.942,0.0,0.0,1.4939504016610439,0.0,0.0,0.004917646266277284,1.0,0.0,0.0,0.0
2.944,0.0,0.0,1.4939602312522835,0.0,0.0,0.004911944973253504,1.0,0.0,0.0,0.0
2.946,0.0,0.0,1.4939700494375345,0.0,0.0,0.004906240277726717,1.0,0.0,0.0,0.0
2.948,0.0,0.0,1.4939798562100512,0.0,0.0,0.004900532239078728,1.0,0.0,0.0,0.0
2.95,0.0,0.0,1.4939896515632067,0.0,0.0,0.004894820916386756,1.0,0.0,0.0,0.0
2.952,0.0,0.0,1.4939994354904915,0.0,0.0,0.00488910636842468,1.0,0.0,0.0,0.0
2.954,0.0,0.0,1.4940092079855136,0.0,0.0,0.004883388653664315,1.0,0.0,0.0,0.0
2.956,0.0,0.0,1.4940189690419976,0.0,0.0,0.004877667830276657,1.0,0.0,0.0,0.0
2.958,0.0,0.0,1.494028718653784,0.0,0.0,0.004871943956133134,1.0,0.0,0.0,0.0
2.96,0.0,0.0,1.4940384568148288,0.0,0.0,0.0048662170888068524,1.0,0.0,0.0,0.0
2.962,0.0,0.0,1.4940481835192032,0.0,0.0,0.0048604872855738425,1.0,0.0,0.0,0.0
2.964,0.0,0.0,1.4940578987610922,0.0,0.0,0.004854754603414278,1.0,0.0,0.0,0.0
2.966,0.0,0.0,1.4940676025347945,0.0,0.0,0.0048490190990137265,1.0,0.0,0.0,0.0
2.968,0.0,0.0,1.4940772948347223,0.0,0.0,0.004843280828764359,1.0,0.0,0.0,0.0
2.97,0.0,0.0,1.4940869756553998,0.0,0.0,0.004837539848766183,1.0,0.0,0.0,0.0
2.972,0.0,0.0,1.4940966449914634,0.0,0.0,0.004831796214828254,1.0,0.0,0.0,0.0
2.974,0.0,0.0,1.4941063028376607,0.0,0.0,0.004826049982469888,1.0,0.0,0.0,0.0
2.976,0.0,0.0,1.49411594918885,0.0,0.0,0.0048203012069218745,1.0,0.0,0.0,0.0
2.978,0.0,0.0,1.49412558404,0.0,0.0,0.004814549943127665,1.0,0.0,0.0,0.0
2.98,0.0,0.0,1.4941352073861889,0.0,0.0,0.00480879624574458,1.0,0.0,0.0,0.0
2.982,0.0,0.0,1.4941448192226037,0.0,0.0,0.004803040169145012,1.0,0.0,0.0,0.0
2.984,0.0,0.0,1.4941544195445402,0.0,0.0,0.004797281767417596,1.0,0.0,0.0,0.0
2.986,0.0,0.0,1.494164008347402,0.0,0.0,0.004791521094368408,1.0,0.0,0.0,0.0
2.988,0.0,0.0,1.4941735856266998,0.0,0.0,0.004785758203522141,1.0,0.0,0.0,0.0
2.99,0.0,0.0,1.4941831513780515,0.0,0.0,0.004779993148123273,1.0,0.0,0.0,0.0
2.992,0.0,0.0,1.4941927055971806,0.0,0.0,0.004774225981137251,1.0,0.0,0.0,0.0
2.994,0.0,0.0,1.494202248279917,0.0,0.0,0.00476845675525165,1.0,0.0,0.0,0.0
2.996,0.0,0.0,1.4942117794221952,0.0,0.0,0.004762685522877332,1.0,0.0,0.0,0.0
2.998,0.0,0.0,1.4942212990200543,0.0,0.0,0.004756912336149606,1.0,0.0,0.0,0.0
3.0,0.0,0.0,1.4942308070696373,0.0,0.0,0.004751137246929387,1.0,0.0,0.0,0.0
3.0020000000000002,0.0,0.0,1.494240303567191,0.0,0.0,0.004745360306804335,1.0,0.0,0.0,0.0
3.004,0.0,0.0,1.4942497885090649,0.0,0.0,0.004739581567090005,1.0,0.0,0.0,0.0
3.0060000000000002,0.0,0.0,1.4942592618917108,0.0,0.0,0.004733801078830988,1.0,0.0,0.0,0.0
3.008,0.0,0.0,1.4942687237116823,0.0,0.0,0.004728018892802043,1.0,0.0,0.0,0.0
3.0100000000000002,0.0,0.0,1.4942781739656346,0.0,0.0,0.004722235059509222,1.0,0.0,0.0,0.0
3.012,0.0,0.0,1.4942876126503233,0.0,0.0,0.004716449629191013,1.0,0.0,0.0,0.0
3.0140000000000002,0.0,0.0,1.4942970397626043,0.0,0.0,0.004710662651819449,1.0,0.0,0.0,0.0
3.016,0.0,0.0,1.4943064552994332,0.0,0.0,0.00470487417710123,1.0,0.0,0.0,0.0
3.0180000000000002,0.0,0.0,1.4943158592578647,0.0,0.0,0.004699084254478843,1.0,0.0,0.0,0.0
3.02,0.0,0.0,1.4943252516350523,0.0,0.0,0.0046932929331316535,1.0,0.0,0.0,0.0
3.0220000000000002,0.0,0.0,1.4943346324282474,0.0,0.0,0.004687500261977027,1.0,0.0,0.0,0.0
3.024,0.0,0.0,1.494344001634799,0.0,0.0,0.00468170628967143,1.0,0.0,0.0,0.0
3.0260000000000002,0.0,0.0,1.4943533592521534,0.0,0.0,0.004675911064611521,1.0,0.0,0.0,0.0
3.028,0.0,0.0,1.494362705277853,0.0,0.0,0.004670114634935233,1.0,0.0,0.0,0.0
3.0300000000000002,0.0,0.0,1.4943720397095364,0.0,0.0,0.004664317048522891,1.0,0.0,0.0,0.0
3.032,0.0,0.0,1.4943813625449378,0.0,0.0,0.0046585183529982655,1.0,0.0,0.0,0.0
3.0340000000000003,0.0,0.0,1.4943906737818866,0.0,0.0,0.004652718595729675,1.0,0.0,0.0,0.0
3.036,0.0,0.0,1.4943999734183062,0.0,0.0,0.00464691782383104,1.0,0.0,0.0,0.0
3.0380000000000003,0.0,0.0,1.4944092614522142,0.0,0.0,0.004641116084162975,1.0,0.0,0.0,0.0
3.04,0.0,0.0,1.4944185378817216,0.0,0.0,0.004635313423333846,1.0,0.0,0.0,0.0
3.0420000000000003,0.0,0.0,1.4944278027050326,0.0,0.0,0.004629509887700832,1.0,0.0,0.0,0.0
3.044,0.0,0.0,1.4944370559204436,0.0,0.0,0.004623705523370995,1.0,0.0,0.0,0.0
3.0460000000000003,0.0,0.0,1.4944462975263433,0.0,0.0,0.004617900376202319,1.0,0.0,0.0,0.0
3.048,0.0,0.0,1.4944555275212112,0.0,0.0,0.004612094491804776,1.0,0.0,0.0,0.0
3.0500000000000003,0.0,0.0,1.4944647459036187,0.0,0.0,0.00460628791554137,1.0,0.0,0.0,0.0
3.052,0.0,0.0,1.4944739526722268,0.0,0.0,0.004600480692529175,1.0,0.0,0.0,0.0
3.0540000000000003,0.0,0.0,1.494483147825787,0.0,0.0,0.004594672867640377,1.0,0.0,0.0,0.0
3.056,0.0,0.0,1.4944923313631402,0.0,0.0,0.004588864485503305,1.0,0.0,0.0,0.0
3.0580000000000003,0.0,0.0,1.4945015032832163,0.0,0.0,0.004583055590503467,1.0,0.0,0.0,0.0
3.06,0.0,0.0,1.4945106635850336,0.0,0.0,0.004577246226784578,1.0,0.0,0.0,0.0
3.0620000000000003,0.0,0.0,1.4945198122676986,0.0,0.0,0.0045714364382495815,1.0,0.0,0.0,0.0
3.064,0.0,0.0,1.4945289493304055,0.0,0.0,0.004565626268561673,1.0,0.0,0.0,0.0
3.0660000000000003,0.0,0.0,1.4945380747724353,0.0,0.0,0.004559815761145299,1.0,0.0,0.0,0.0
3.068,0.0,0.0,1.4945471885931556,0.0,0.0,0.004554004959187189,1.0,0.0,0.0,0.0
3.0700000000000003,0.0,0.0,1.4945562907920205,0.0,0.0,0.004548193905637358,1.0,0.0,0.0,0.0
3.072,0.0,0.0,1.4945653813685693,0.0,0.0,0.004542382643210093,1.0,0.0,0.0,0.0
3.074,0.0,0.0,1.494574460322427,0.0,0.0,0.00453657121438497,1.0,0.0,0.0,0.0
3.076,0.0,0.0,1.4945835276533026,0.0,0.0,0.004530759661407856,1.0,0.0,0.0,0.0
3.078,0.0,0.0,1.4945925833609903,0.0,0.0,0.004524948026291881,1.0,0.0,0.0,0.0
3.08,0.0,0.0,1.4946016274453675,0.0,0.0,0.004519136350818435,1.0,0.0,0.0,0.0
3.082,0.0,0.0,1.4946106599063949,0.0,0.0,0.0045133246765381545,1.0,0.0,0.0,0.0
3.084,0.0,0.0,1.494619680744116,0.0,0.0,0.004507513044771909,1.0,0.0,0.0,0.0
3.086,0.0,0.0,1.4946286899586574,0.0,0.0,0.004501701496611759,1.0,0.0,0.0,0.0
3.088,0.0,0.0,1.494637687550227,0.0,0.0,0.004495890072921949,1.0,0.0,0.0,0.0
3.09,0.0,0.0,1.4946466735191142,0.0,0.0,0.0044900788143398635,1.0,0.0,0.0,0.0
3.092,0.0,0.0,1.4946556478656898,0.0,0.0,0.004484267761277,1.0,0.0,0.0,0.0
3.094,0.0,0.0,1.4946646105904051,0.0,0.0,0.004478456953919924,1.0,0.0,0.0,0.0
3.096,0.0,0.0,1.4946735616937912,0.0,0.0,0.004472646432231237,1.0,0.0,0.0,0.0
3.098,0.0,0.0,1.4946825011764593,0.0,0.0,0.004466836235950524,1.0,0.0,0.0,0.0
3.1,0.0,0.0,1.4946914290390998,0.0,0.0,0.004461026404595298,1.0,0.0,0.0,0.0
3.102,0.0,0.0,1.4947003452824819,0.0,0.0,0.004455216977461958,1.0,0.0,0.0,0.0
3.104,0.0,0.0,1.494709249907453,0.0,0.0,0.004449407993626735,1.0,0.0,0.0,0.0
3.106,0.0,0.0,1.4947181429149385,0.0,0.0,0.004443599491946614,1.0,0.0,0.0,0.0
3.108,0.0,0.0,1.4947270243059416,0.0,0.0,0.004437791511060286,1.0,0.0,0.0,0.0
3.11,0.0,0.0,1.494735894081542,0.0,0.0,0.004431984089389072,1.0,0.0,0.0,0.0
3.112,0.0,0.0,1.4947447522428965,0.0,0.0,0.004426177265137855,1.0,0.0,0.0,0.0
3.114,0.0,0.0,1.494753598791238,0.0,0.0,0.0044203710762960174,1.0,0.0,0.0,0.0
3.116,0.0,0.0,1.4947624337278749,0.0,0.0,0.004414565560638333,1.0,0.0,0.0,0.0
3.118,0.0,0.0,1.4947712570541913,0.0,0.0,0.004408760755725911,1.0,0.0,0.0,0.0
3.12,0.0,0.0,1.494780068771646,0.0,0.0,0.0044029566989071045,1.0,0.0,0.0,0.0
3.122,0.0,0.0,1.494788868881772,0.0,0.0,0.004397153427318408,1.0,0.0,0.0,0.0
3.124,0.0,0.0,1.4947976573861772,0.0,0.0,0.004391350977885389,1.0,0.0,0.0,0.0
3.126,0.0,0.0,1.4948064342865424,0.0,0.0,0.004385549387323569,1.0,0.0,0.0,0.0
3.128,0.0,0.0,1.4948151995846217,0.0,0.0,0.004379748692139338,1.0,0.0,0.0,0.0
3.13,0.0,0.0,1.4948239532822425,0.0,0.0,0.004373948928630843,1.0,0.0,0.0,0.0
3.132,0.0,0.0,1.494832695381304,0.0,0.0,0.00436815013288889,1.0,0.0,0.0,0.0
3.134,0.0,0.0,1.4948414258837777,0.0,0.0,0.004362352340797825,1.0,0.0,0.0,0.0
3.136,0.0,0.0,1.4948501447917064,0.0,0.0,0.004356555588036423,1.0,0.0,0.0,0.0
3.138,0.0,0.0,1.4948588521072046,0.0,0.0,0.004350759910078777,1.0,0.0,0.0,0.0
3.14,0.0,0.0,1.494867547832457,0.0,0.0,0.004344965342195169,1.0,0.0,0.0,0.0
3.142,0.0,0.0,1.4948762319697186,0.0,0.0,0.004339171919452951,1.0,0.0,0.0,0.0
3.144,0.0,0.0,1.4948849045213148,0.0,0.0,0.0043333796767174235,1.0,0.0,0.0,0.0
3.146,0.0,0.0,1.4948935654896403,0.0,0.0,0.004327588648652693,1.0,0.0,0.0,0.0
3.148,0.0,0.0,1.4949022148771587,0.0,0.0,0.004321798869722535,1.0,0.0,0.0,0.0
3.15,0.0,0.0,1.4949108526864026,0.0,0.0,0.0043160103741912825,1.0,0.0,0.0,0.0
3.152,0.0,0.0,1.494919478919973,0.0,0.0,0.00431022319612466,1.0,0.0,0.0,0.0
3.154,0.0,0.0,1.4949280935805385,0.0,0.0,0.004304437369390644,1.0,0.0,0.0,0.0
3.156,0.0,0.0,1.4949366966708355,0.0,0.0,0.0042986529276603245,1.0,0.0,0.0,0.0
3.158,0.0,0.0,1.4949452881936676,0.0,0.0,0.004292869904408744,1.0,0.0,0.0,0.0
3.16,0.0,0.0,1.4949538681519048,0.0,0.0,0.004287088332915751,1.0,0.0,0.0,0.0
3.162,0.0,0.0,1.494962436548484,0.0,0.0,0.004281308246266843,1.0,0.0,0.0,0.0
3.164,0.0,0.0,1.4949709933864075,0.0,0.0,0.004275529677354001,1.0,0.0,0.0,0.0
3.166,0.0,0.0,1.4949795386687437,0.0,0.0,0.004269752658876527,1.0,0.0,0.0,0.0
3.168,0.0,0.0,1.494988072398626,0.0,0.0,0.004263977223341875,1.0,0.0,0.0,0.0
3.17,0.0,0.0,1.4949965945792523,0.0,0.0,0.004258203403066492,1.0,0.0,0.0,0.0
3.172,0.0,0.0,1.4950051052138855,0.0,0.0,0.00425243123017663,1.0,0.0,0.0,0.0
3.174,0.0,0.0,1.4950136043058524,0.0,0.0,0.004246660736609169,1.0,0.0,0.0,0.0
3.176,0.0,0.0,1.495022091858543,0.0,0.0,0.004240891954112457,1.0,0.0,0.0,0.0
3.178,0.0,0.0,1.4950305678754114,0.0,0.0,0.004235124914247106,1.0,0.0,0.0,0.0
3.18,0.0,0.0,1.495039032359974,0.0,0.0,0.004229359648386808,1.0,0.0,0.0,0.0
3.182,0.0,0.0,1.4950474853158102,0.0,0.0,0.00422359618771916,1.0,0.0,0.0,0.0
3.184,0.0,0.0,1.4950559267465613,0.0,0.0,0.004217834563246456,1.0,0.0,0.0,0.0
3.186,0.0,0.0,1.4950643566559303,0.0,0.0,0.004212074805786497,1.0,0.0,0.0,0.0
3.188,0.0,0.0,1.495072775047682,0.0,0.0,0.004206316945973396,1.0,0.0,0.0,0.0
3.19,0.0,0.0,1.4950811819256422,0.0,0.0,0.004200561014258363,1.0,0.0,0.0,0.0
3.192,0.0,0.0,1.4950895772936974,0.0,0.0,0.0041948070409105155,1.0,0.0,0.0,0.0
3.194,0.0,0.0,1.4950979611557944,0.0,0.0,0.004189055056017666,1.0,0.0,0.0,0.0
3.196,0.0,0.0,1.49510633351594,0.0,0.0,0.0041833050894871,1.0,0.0,0.0,0.0
3.198,0.0,0.0,1.4951146943782005,0.0,0.0,0.004177557171046374,1.0,0.0,0.0,0.0
3.2,0.0,0.0,1.4951230437467018,0.0,0.0,0.00417181133024409,1.0,0.0,0.0,0.0
3.202,0.0,0.0,1.4951313816256284,0.0,0.0,0.004166067596450688,1.0,0.0,0.0,0.0
3.204,0.0,0.0,1.4951397080192237,0.0,0.0,0.004160325998859204,1.0,0.0,0.0,0.0
3.206,0.0,0.0,1.495148022931789,0.0,0.0,0.004154586566486053,1.0,0.0,0.0,0.0
3.208,0.0,0.0,1.4951563263676837,0.0,0.0,0.0041488493281718036,1.0,0.0,0.0,0.0
3.21,0.0,0.0,1.4951646183313245,0.0,0.0,0.004143114312581933,1.0,0.0,0.0,0.0
3.212,0.0,0.0,1.4951728988271853,0.0,0.0,0.004137381548207604,1.0,0.0,0.0,0.0
3.214,0.0,0.0,1.4951811678597968,0.0,0.0,0.004131651063366421,1.0,0.0,0.0,0.0
3.216,0.0,0.0,1.4951894254337463,0.0,0.0,0.004125922886203179,1.0,0.0,0.0,0.0
3.218,0.0,0.0,1.4951976715536772,0.0,0.0,0.004120197044690647,1.0,0.0,0.0,0.0
3.22,0.0,0.0,1.4952059062242886,0.0,0.0,0.004114473566630282,1.0,0.0,0.0,0.0
3.222,0.0,0.0,1.495214129450335,0.0,0.0,0.004108752479653011,1.0,0.0,0.0,0.0
3.224,0.0,0.0,1.495222341236626,0.0,0.0,0.0041030338112199635,1.0,0.0,0.0,0.0
3.226,0.0,0.0,1.4952305415880258,0.0,0.0,0.0040973175886232106,1.0,0.0,0.0,0.0
3.228,0.0,0.0,1.4952387305094534,0.0,0.0,0.004091603838986513,1.0,0.0,0.0,0.0
3.23,0.0,0.0,1.4952469080058817,0.0,0.0,0.004085892589266065,1.0,0.0,0.0,0.0
3.232,0.0,0.0,1.4952550740823372,0.0,0.0,0.0040801838662512125,1.0,0.0,0.0,0.0
3.234,0.0,0.0,1.4952632287439,0.0,0.0,0.004074477696565201,1.0,0.0,0.0,0.0
3.236,0.0,0.0,1.4952713719957034,0.0,0.0,0.004068774106665896,1.0,0.0,0.0,0.0
3.238,0.0,0.0,1.495279503842933,0.0,0.0,0.004063073122846512,1.0,0.0,0.0,0.0
3.24,0.0,0.0,1.495287624290827,0.0,0.0,0.004057374771236334,1.0,0.0,0.0,0.0
3.242,0.0,0.0,1.4952957333446761,0.0,0.0,0.004051679077801443,1.0,0.0,0.0,0.0
3.244,0.0,0.0,1.4953038310098223,0.0,0.0,0.004045986068345426,1.0,0.0,0.0,0.0
3.246,0.0,0.0,1.4953119172916591,0.0,0.0,0.0040402957685101,1.0,0.0,0.0,0.0
3.248,0.0,0.0,1.4953199921956315,0.0,0.0,0.0040346082037762245,1.0,0.0,0.0,0.0
3.25,0.0,0.0,1.4953280557272348,0.0,0.0,0.0040289233994641955,1.0,0.0,0.0,0.0
3.2520000000000002,0.0,0.0,1.495336107892015,0.0,0.0,0.004023241380734769,1.0,0.0,0.0,0.0
3.254,0.0,0.0,1.4953441486955685,0.0,0.0,0.004017562172589761,1.0,0.0,0.0,0.0
3.2560000000000002,0.0,0.0,1.495352178143541,0.0,0.0,0.004011885799872742,1.0,0.0,0.0,0.0
3.258,0.0,0.0,1.495360196241628,0.0,0.0,0.004006212287269746,1.0,0.0,0.0,0.0
3.2600000000000002,0.0,0.0,1.4953682029955746,0.0,0.0,0.0040005416593099545,1.0,0.0,0.0,0.0
3.262,0.0,0.0,1.4953761984111742,0.0,0.0,0.0039948739403663945,1.0,0.0,0.0,0.0
3.2640000000000002,0.0,0.0,1.4953841824942693,0.0,0.0,0.003989209154656636,1.0,0.0,0.0,0.0
3.266,0.0,0.0,1.49539215525075,0.0,0.0,0.0039835473262434685,1.0,0.0,0.0,0.0
3.2680000000000002,0.0,0.0,1.4954001166865554,0.0,0.0,0.003977888479035589,1.0,0.0,0.0,0.0
3.27,0.0,0.0,1.4954080668076712,0.0,0.0,0.0039722326367882844,1.0,0.0,0.0,0.0
3.2720000000000002,0.0,0.0,1.495416005620131,0.0,0.0,0.003966579823104112,1.0,0.0,0.0,0.0
3.274,0.0,0.0,1.4954239331300156,0.0,0.0,0.003960930061433579,1.0,0.0,0.0,0.0
3.2760000000000002,0.0,0.0,1.4954318493434522,0.0,0.0,0.003955283375075812,1.0,0.0,0.0,0.0
3.278,0.0,0.0,1.4954397542666145,0.0,0.0,0.00394963978717923,1.0,0.0,0.0,0.0
3.2800000000000002,0.0,0.0,1.4954476479057224,0.0,0.0,0.0039439993207422116,1.0,0.0,0.0,0.0
3.282,0.0,0.0,1.4954555302670418,0.0,0.0,0.003938361998613758,1.0,0.0,0.0,0.0
3.2840000000000003,0.0,0.0,1.495463401356884,0.0,0.0,0.003932727843494167,1.0,0.0,0.0,0.0
3.286,0.0,0.0,1.4954712611816054,0.0,0.0,0.00392709687793569,1.0,0.0,0.0,0.0
3.2880000000000003,0.0,0.0,1.4954791097476077,0.0,0.0,0.003921469124343184,1.0,0.0,0.0,0.0
3.29,0.0,0.0,1.495486947061337,0.0,0.0,0.00391584460497477,1.0,0.0,0.0,0.0
3.2920000000000003,0.0,0.0,1.495494773129284,0.0,0.0,0.003910223341942488,1.0,0.0,0.0,0.0
3.294,0.0,0.0,1.495502587957983,0.0,0.0,0.003904605357212952,1.0,0.0,0.0,0.0
3.2960000000000003,0.0,0.0,1.4955103915540129,0.0,0.0,0.0038989906726079916,1.0,0.0,0.0,0.0
3.298,0.0,0.0,1.4955181839239953,0.0,0.0,0.0038933793098052953,1.0,0.0,0.0,0.0
3.3000000000000003,0.0,0.0,1.4955259650745953,0.0,0.0,0.003887771290339055,1.0,0.0,0.0,0.0
3.302,0.0,0.0,1.4955337350125213,0.0,0.0,0.003882166635600617,1.0,0.0,0.0,0.0
3.3040000000000003,0.0,0.0,1.4955414937445237,0.0,0.0,0.003876565366839104,1.0,0.0,0.0,0.0
3.306,0.0,0.0,1.4955492412773956,0.0,0.0,0.0038709675051620653,1.0,0.0,0.0,0.0
3.3080000000000003,0.0,0.0,1.4955569776179722,0.0,0.0,0.0038653730715360927,1.0,0.0,0.0,0.0
3.31,0.0,0.0,1.4955647027731305,0.0,0.0,0.003859782086787467,1.0,0.0,0.0,0.0
3.3120000000000003,0.0,0.0,1.4955724167497888,0.0,0.0,0.0038541945716027808,1.0,0.0,0.0,0.0
3.314,0.0,0.0,1.495580119554907,0.0,0.0,0.0038486105465295514,1.0,0.0,0.0,0.0
3.3160000000000003,0.0,0.0,1.4955878111954855,0.0,0.0,0.003843030031976861,1.0,0.0,0.0,0.0
3.318,0.0,0.0,1.4955954916785656,0.0,0.0,0.003837453048215972,1.0,0.0,0.0,0.0
3.3200000000000003,0.0,0.0,1.4956031610112293,0.0,0.0,0.0038318796153809435,1.0,0.0,0.0,0.0
3.322,0.0,0.0,1.4956108192005981,0.0,0.0,0.003826309753469245,1.0,0.0,0.0,0.0
3.3240000000000003,0.0,0.0,1.4956184662538339,0.0,0.0,0.0038207434823423676,1.0,0.0,0.0,0.0
3.326,0.0,0.0,1.4956261021781379,0.0,0.0,0.0038151808217264417,1.0,0.0,0.0,0.0
3.3280000000000003,0.0,0.0,1.4956337269807507,0.0,0.0,0.003809621791212843,1.0,0.0,0.0,0.0
3.33,0.0,0.0,1.4956413406689522,0.0,0.0,0.003804066410258793,1.0,0.0,0.0,0.0
3.332,0.0,0.0,1.4956489432500606,0.0,0.0,0.0037985146981879742,1.0,0.0,0.0,0.0
3.334,0.0,0.0,1.495656534731433,0.0,0.0,0.0037929666741911153,1.0,0.0,0.0,0.0
3.336,0.0,0.0,1.4956641151204646,0.0,0.0,0.0037874223573266105,1.0,0.0,0.0,0.0
3.338,0.0,0.0,1.4956716844245885,0.0,0.0,0.003781881766521087,1.0,0.0,0.0,0.0
3.34,0.0,0.0,1.4956792426512757,0.0,0.0,0.0037763449205700204,1.0,0.0,0.0,0.0
3.342,0.0,0.0,1.4956867898080344,0.0,0.0,0.0037708118381383307,1.0,0.0,0.0,0.0
3.344,0.0,0.0,1.4956943259024102,0.0,0.0,0.003765282537760955,1.0,0.0,0.0,0.0
3.346,0.0,0.0,1.495701850941986,0.0,0.0,0.003759757037843441,1.0,0.0,0.0,0.0
3.348,0.0,0.0,1.4957093649343804,0.0,0.0,0.0037542353566625357,1.0,0.0,0.0,0.0
3.35,0.0,0.0,1.4957168678872494,0.0,0.0,0.0037487175123667583,1.0,0.0,0.0,0.0
3.352,0.0,0.0,1.4957243598082848,0.0,0.0,0.0037432035229769964,1.0,0.0,0.0,0.0
3.354,0.0,0.0,1.495731840705214,0.0,0.0,0.003737693406387065,1.0,0.0,0.0,0.0
3.356,0.0,0.0,1.4957393105858008,0.0,0.0,0.0037321871803642943,1.0,0.0,0.0,0.0
3.358,0.0,0.0,1.4957467694578437,0.0,0.0,0.0037266848625500965,1.0,0.0,0.0,0.0
3.36,0.0,0.0,1.4957542173291767,0.0,0.0,0.00372118647046054,1.0,0.0,0.0,0.0
3.362,0.0,0.0,1.4957616542076686,0.0,0.0,0.0037156920214869186,1.0,0.0,0.0,0.0
3.364,0.0,0.0,1.495769080101223,0.0,0.0,0.003710201532896316,1.0,0.0,0.0,0.0
3.366,0.0,0.0,1.4957764950177777,0.0,0.0,0.0037047150218321636,1.0,0.0,0.0,0.0
3.368,0.0,0.0,1.4957838989653047,0.0,0.0,0.0036992325053148167,1.0,0.0,0.0,0.0
3.37,0.0,0.0,1.4957912919518104,0.0,0.0,0.003693754000242104,1.0,0.0,0.0,0.0
3.372,0.0,0.0,1.495798673985334,0.0,0.0,0.0036882795233898827,1.0,0.0,0.0,0.0
3.374,0.0,0.0,1.4958060450739488,0.0,0.0,0.003682809091412603,1.0,0.0,0.0,0.0
3.376,0.0,0.0,1.495813405225761,0.0,0.0,0.003677342720843859,1.0,0.0,0.0,0.0
3.378,0.0,0.0,1.49582075444891,0.0,0.0,0.0036718804280969288,1.0,0.0,0.0,0.0
3.38,0.0,0.0,1.4958280927515675,0.0,0.0,0.003666422229465335,1.0,0.0,0.0,0.0
3.382,0.0,0.0,1.4958354201419382,0.0,0.0,0.003660968141123386,1.0,0.0,0.0,0.0
3.384,0.0,0.0,1.4958427366282585,0.0,0.0,0.0036555181791267256,1.0,0.0,0.0,0.0
3.386,0.0,0.0,1.495850042218797,0.0,0.0,0.003650072359412859,1.0,0.0,0.0,0.0
3.388,0.0,0.0,1.4958573369218542,0.0,0.0,0.003644630697801719,1.0,0.0,0.0,0.0
3.39,0.0,0.0,1.495864620745762,0.0,0.0,0.0036391932099961786,1.0,0.0,0.0,0.0
3.392,0.0,0.0,1.4958718936988835,0.0,0.0,0.0036337599115826005,1.0,0.0,0.0,0.0
3.394,0.0,0.0,1.4958791557896132,0.0,0.0,0.0036283308180313687,1.0,0.0,0.0,0.0
3.396,0.0,0.0,1.495886407026376,0.0,0.0,0.0036229059446974145,1.0,0.0,0.0,0.0
3.398,0.0,0.0,1.4958936474176274,0.0,0.0,0.0036174853068207504,1.0,0.0,0.0,0.0
3.4,0.0,0.0,1.4959008769718538,0.0,0.0,0.0036120689195269975,1.0,0.0,0.0,0.0
3.402,0.0,0.0,1.4959080956975712,0.0,0.0,0.0036066567978279133,1.0,0.0,0.0,0.0
3.404,0.0,0.0,1.4959153036033257,0.0,0.0,0.003601248956621902,1.0,0.0,0.0,0.0
3.406,0.0,0.0,1.495922500697693,0.0,0.0,0.0035958454106945477,1.0,0.0,0.0,0.0
3.408,0.0,0.0,1.4959296869892784,0.0,0.0,0.00359044617471913,1.0,0.0,0.0,0.0
3.41,0.0,0.0,1.4959368624867164,0.0,0.0,0.003585051263257139,1.0,0.0,0.0,0.0
3.412,0.0,0.0,1.4959440271986704,0.0,0.0,0.003579660690758793,1.0,0.0,0.0,0.0
3.414,0.0,0.0,1.4959511811338326,0.0,0.0,0.003574274471563545,1.0,0.0,0.0,0.0
3.416,0.0,0.0,1.495958324300924,0.0,0.0,0.0035688926199005985,1.0,0.0,0.0,0.0
3.418,0.0,0.0,1.4959654567086937,0.0,0.0,0.0035635151498894188,1.0,0.0,0.0,0.0
3.42,0.0,0.0,1.4959725783659192,0.0,0.0,0.0035581420755402284,1.0,0.0,0.0,0.0
3.422,0.0,0.0,1.4959796892814055,0.0,0.0,0.003552773410754526,1.0,0.0,0.0,0.0
3.424,0.0,0.0,1.4959867894639856,0.0,0.0,0.0035474091693255758,1.0,0.0,0.0,0.0
3.426,0.0,0.0,1.4959938789225198,0.0,0.0,0.003542049364938915,1.0,0.0,0.0,0.0
3.428,0.0,0.0,1.496000957665896,0.0,0.0,0.0035366940111728478,1.0,0.0,0.0,0.0
3.43,0.0,0.0,1.4960080257030286,0.0,0.0,0.0035313431214989486,1.0,0.0,0.0,0.0
3.432,0.0,0.0,1.4960150830428594,0.0,0.0,0.003525996709282555,1.0,0.0,0.0,0.0
3.434,0.0,0.0,1.4960221296943563,0.0,0.0,0.00352065478778325,1.0,0.0,0.0,0.0
3.436,0.0,0.0,1.4960291656665143,0.0,0.0,0.0035153173701553578,1.0,0.0,0.0,0.0
3.438,0.0,0.0,1.496036190968354,0.0,0.0,0.003509984469448447,1.0,0.0,0.0,0.0
3.44,0.0,0.0,1.496043205608922,0.0,0.0,0.003504656098607796,1.0,0.0,0.0,0.0
3.442,0.0,0.0,1.496050209597291,0.0,0.0,0.0034993322704748872,1.0,0.0,0.0,0.0
3.444,0.0,0.0,1.4960572029425592,0.0,0.0,0.003494012997787891,1.0,0.0,0.0,0.0
3.446,0.0,0.0,1.4960641856538501,0.0,0.0,0.0034886982931821428,1.0,0.0,0.0,0.0
3.448,0.0,0.0,1.4960711577403125,0.0,0.0,0.003483388169190622,1.0,0.0,0.0,0.0
3.45,0.0,0.0,1.4960781192111199,0.0,0.0,0.003478082638244434,1.0,0.0,0.0,0.0
3.452,0.0,0.0,1.4960850700754709,0.0,0.0,0.0034727817126732744,1.0,0.0,0.0,0.0
3.454,0.0,0.0,1.4960920103425883,0.0,0.0,0.0034674854047059183,1.0,0.0,0.0,0.0
3.456,0.0,0.0,1.4960989400217195,0.0,0.0,0.0034621937264706763,1.0,0.0,0.0,0.0
3.458,0.0,0.0,1.496105859122136,0.0,0.0,0.0034569066899958717,1.0,0.0,0.0,0.0
3.46,0.0,0.0,1.4961127676531332,0.0,0.0,0.003451624307210302,1.0,0.0,0.0,0.0
3.462,0.0,0.0,1.4961196656240303,0.0,0.0,0.0034463465899437114,1.0,0.0,0.0,0.0
3.464,0.0,0.0,1.49612655304417,0.0,0.0,0.0034410735499272494,1.0,0.0,0.0,0.0
3.466,0.0,0.0,1.4961334299229188,0.0,0.0,0.003435805198793936,1.0,0.0,0.0,0.0
3.468,0.0,0.0,1.4961402962696657,0.0,0.0,0.0034305415480791195,1.0,0.0,0.0,0.0
3.47,0.0,0.0,1.496147152093823,0.0,0.0,0.003425282609220936,1.0,0.0,0.0,0.0
3.472,0.0,0.0,1.4961539974048257,0.0,0.0,0.003420028393560763,1.0,0.0,0.0,0.0
3.474,0.0,0.0,1.4961608322121316,0.0,0.0,0.0034147789123436813,1.0,0.0,0.0,0.0
3.476,0.0,0.0,1.4961676565252207,0.0,0.0,0.00340953417671891,1.0,0.0,0.0,0.0
3.478,0.0,0.0,1.496174470353595,0.0,0.0,0.0034042941977402807,1.0,0.0,0.0,0.0
3.48,0.0,0.0,1.4961812737067792,0.0,0.0,0.003399058986366668,1.0,0.0,0.0,0.0
3.482,0.0,0.0,1.496188066594319,0.0,0.0,0.003393828553462448,1.0,0.0,0.0,0.0
3.484,0.0,0.0,1.4961948490257824,0.0,0.0,0.003388602909797935,1.0,0.0,0.0,0.0
3.486,0.0,0.0,1.4962016210107583,0.0,0.0,0.0033833820660498296,1.0,0.0,0.0,0.0
3.488,0.0,0.0,1.496208382558857,0.0,0.0,0.0033781660328016582,1.0,0.0,0.0,0.0
3.49,0.0,0.0,1.4962151336797103,0.0,0.0,0.003372954820544219,1.0,0.0,0.0,0.0
3.492,0.0,0.0,1.4962218743829705,0.0,0.0,0.0033677484396760133,1.0,0.0,0.0,0.0
3.494,0.0,0.0,1.4962286046783106,0.0,0.0,0.0033625469005036874,1.0,0.0,0.0,0.0
3.496,0.0,0.0,1.4962353245754243,0.0,0.0,0.0033573502132424617,1.0,0.0,0.0,0.0
3.498,0.0,0.0,1.4962420340840255,0.0,0.0,0.003352158388016569,1.0,0.0,0.0,0.0
3.5,0.0,0.0,1.4962487332138483,0.0,0.0,0.0033469714348596784,1.0,0.0,0.0,0.0
3.5020000000000002,0.0,0.0,1.496255421974647,0.0,0.0,0.003341789363715328,1.0,0.0,0.0,0.0
3.504,0.0,0.0,1.4962621003761951,0.0,0.0,0.0033366121844373565,1.0,0.0,0.0,0.0
3.5060000000000002,0.0,0.0,1.4962687684282863,0.0,0.0,0.0033314399067903328,1.0,0.0,0.0,0.0
3.508,0.0,0.0,1.4962754261407336,0.0,0.0,0.0033262725404499664,1.0,0.0,0.0,0.0
3.5100000000000002,0.0,0.0,1.496282073523369,0.0,0.0,0.0033211100950035362,1.0,0.0,0.0,0.0
3.512,0.0,0.0,1.496288710586044,0.0,0.0,0.003315952579950316,1.0,0.0,0.0,0.0
3.5140000000000002,0.0,0.0,1.4962953373386287,0.0,0.0,0.003310800004701992,1.0,0.0,0.0,0.0
3.516,0.0,0.0,1.496301953791012,0.0,0.0,0.0033056523785830725,1.0,0.0,0.0,0.0
3.5180000000000002,0.0,0.0,1.4963085599531014,0.0,0.0,0.0033005097108313136,1.0,0.0,0.0,0.0
3.52,0.0,0.0,1.4963151558348229,0.0,0.0,0.0032953720105981287,1.0,0.0,0.0,0.0
3.5220000000000002,0.0,0.0,1.4963217414461205,0.0,0.0,0.003290239286949006,1.0,0.0,0.0,0.0
3.524,0.0,0.0,1.4963283167969563,0.0,0.0,0.0032851115488639056,1.0,0.0,0.0,0.0
3.5260000000000002,0.0,0.0,1.4963348818973103,0.0,0.0,0.0032799888052376784,1.0,0.0,0.0,0.0
3.528,0.0,0.0,1.4963414367571806,0.0,0.0,0.003274871064880482,1.0,0.0,0.0,0.0
3.5300000000000002,0.0,0.0,1.4963479813865819,0.0,0.0,0.003269758336518165,1.0,0.0,0.0,0.0
3.532,0.0,0.0,1.4963545157955471,0.0,0.0,0.0032646506287926967,1.0,0.0,0.0,0.0
3.5340000000000003,0.0,0.0,1.4963610399941263,0.0,0.0,0.003259547950262543,1.0,0.0,0.0,0.0
3.536,0.0,0.0,1.496367553992386,0.0,0.0,0.003254450309403086,1.0,0.0,0.0,0.0
3.5380000000000003,0.0,0.0,1.4963740578004099,0.0,0.0,0.003249357714607018,1.0,0.0,0.0,0.0
3.54,0.0,0.0,1.4963805514282986,0.0,0.0,0.003244270174184734,1.0,0.0,0.0,0.0
3.5420000000000003,0.0,0.0,1.4963870348861692,0.0,0.0,0.0032391876963647408,1.0,0.0,0.0,0.0
3.544,0.0,0.0,1.4963935081841548,0.0,0.0,0.003234110289294033,1.0,0.0,0.0,0.0
3.5460000000000003,0.0,0.0,1.4963999713324052,0.0,0.0,0.0032290379610385,1.0,0.0,0.0,0.0
3.548,0.0,0.0,1.4964064243410857,0.0,0.0,0.0032239707195833127,1.0,0.0,0.0,0.0
3.5500000000000003,0.0,0.0,1.4964128672203783,0.0,0.0,0.0032189085728333133,1.0,0.0,0.0,0.0
3.552,0.0,0.0,1.4964192999804797,0.0,0.0,0.003213851528613403,1.0,0.0,0.0,0.0
3.5540000000000003,0.0,0.0,1.4964257226316031,0.0,0.0,0.003208799594668924,1.0,0.0,0.0,0.0
3.556,0.0,0.0,1.4964321351839764,0.0,0.0,0.0032037527786660533,1.0,0.0,0.0,0.0
3.5580000000000003,0.0,0.0,1.4964385376478433,0.0,0.0,0.0031987110881921865,1.0,0.0,0.0,0.0
3.56,0.0,0.0,1.4964449300334624,0.0,0.0,0.0031936745307563,1.0,0.0,0.0,0.0
3.5620000000000003,0.0,0.0,1.496451312351107,0.0,0.0,0.0031886431137893604,1.0,0.0,0.0,0.0
3.564,0.0,0.0,1.4964576846110653,0.0,0.0,0.0031836168446446817,1.0,0.0,0.0,0.0
3.5660000000000003,0.0,0.0,1.4964640468236405,0.0,0.0,0.0031785957305983065,1.0,0.0,0.0,0.0
3.568,0.0,0.0,1.49647039899915,0.0,0.0,0.003173579778849383,1.0,0.0,0.0,0.0
3.5700000000000003,0.0,0.0,1.4964767411479252,0.0,0.0,0.0031685689965205515,1.0,0.0,0.0,0.0
3.572,0.0,0.0,1.4964830732803123,0.0,0.0,0.003163563390658293,1.0,0.0,0.0,0.0
3.5740000000000003,0.0,0.0,1.4964893954066711,0.0,0.0,0.0031585629682333153,1.0,0.0,0.0,0.0
3.576,0.0,0.0,1.4964957075373755,0.0,0.0,0.0031535677361409246,1.0,0.0,0.0,0.0
3.5780000000000003,0.0,0.0,1.4965020096828128,0.0,0.0,0.0031485777012013895,1.0,0.0,0.0,0.0
3.58,0.0,0.0,1.4965083018533842,0.0,0.0,0.0031435928701602973,1.0,0.0,0.0,0.0
3.5820000000000003,0.0,0.0,1.496514584059504,0.0,0.0,0.0031386132496889338,1.0,0.0,0.0,0.0
3.584,0.0,0.0,1.4965208563116001,0.0,0.0,0.003133638846384642,1.0,0.0,0.0,0.0
3.586,0.0,0.0,1.4965271186201132,0.0,0.0,0.003128669666771181,1.0,0.0,0.0,0.0
3.588,0.0,0.0,1.4965333709954973,0.0,0.0,0.0031237057172990887,1.0,0.0,0.0,0.0
3.59,0.0,0.0,1.496539613448219,0.0,0.0,0.0031187470043460407,1.0,0.0,0.0,0.0
3.592,0.0,0.0,1.4965458459887575,0.0,0.0,0.0031137935342172157,1.0,0.0,0.0,0.0
3.594,0.0,0.0,1.4965520686276048,0.0,0.0,0.0031088453131456325,1.0,0.0,0.0,0.0
3.596,0.0,0.0,1.4965582813752651,0.0,0.0,0.0031039023472925215,1.0,0.0,0.0,0.0
3.598,0.0,0.0,1.4965644842422552,0.0,0.0,0.0030989646427476707,1.0,0.0,0.0,0.0
3.6,0.0,0.0,1.4965706772391034,0.0,0.0,0.003094032205529782,1.0,0.0,0.0,0.0
3.602,0.0,0.0,1.4965768603763505,0.0,0.0,0.003089105041586816,1.0,0.0,0.0,0.0
3.604,0.0,0.0,1.496583033664549,0.0,0.0,0.003084183156796346,1.0,0.0,0.0,0.0
3.606,0.0,0.0,1.4965891971142626,0.0,0.0,0.003079266556965898,1.0,0.0,0.0,0.0
3.608,0.0,0.0,1.4965953507360674,0.0,0.0,0.003074355247833307,1.0,0.0,0.0,0.0
3.61,0.0,0.0,1.4966014945405504,0.0,0.0,0.0030694492350670545,1.0,0.0,0.0,0.0
3.612,0.0,0.0,1.4966076285383096,0.0,0.0,0.0030645485242666165,1.0,0.0,0.0,0.0
3.614,0.0,0.0,1.4966137527399548,0.0,0.0,0.0030596531209627965,1.0,0.0,0.0,0.0
3.616,0.0,0.0,1.4966198671561064,0.0,0.0,0.003054763030618073,1.0,0.0,0.0,0.0
3.618,0.0,0.0,1.4966259717973955,0.0,0.0,0.00304987825862694,1.0,0.0,0.0,0.0
3.62,0.0,0.0,1.4966320666744646,0.0,0.0,0.003044998810316244,1.0,0.0,0.0,0.0
3.622,0.0,0.0,1.4966381517979659,0.0,0.0,0.0030401246909455074,1.0,0.0,0.0,0.0
3.624,0.0,0.0,1.4966442271785625,0.0,0.0,0.003035255905707288,1.0,0.0,0.0,0.0
3.626,0.0,0.0,1.4966502928269279,0.0,0.0,0.0030303924597274872,1.0,0.0,0.0,0.0
3.628,0.0,0.0,1.4966563487537456,0.0,0.0,0.0030255343580656985,1.0,0.0,0.0,0.0
3.63,0.0,0.0,1.4966623949697093,0.0,0.0,0.0030206816057155275,1.0,0.0,0.0,0.0
3.632,0.0,0.0,1.4966684314855225,0.0,0.0,0.003015834207604936,1.0,0.0,0.0,0.0
3.634,0.0,0.0,1.4966744583118987,0.0,0.0,0.003010992168596552,1.0,0.0,0.0,0.0
3.636,0.0,0.0,1.4966804754595608,0.0,0.0,0.0030061554934880134,1.0,0.0,0.0,0.0
3.638,0.0,0.0,1.4966864829392414,0.0,0.0,0.0030013241870122734,1.0,0.0,0.0,0.0
3.64,0.0,0.0,1.4966924807616824,0.0,0.0,0.002996498253837946,1.0,0.0,0.0,0.0
3.642,0.0,0.0,1.4966984689376348,0.0,0.0,0.002991677698569615,1.0,0.0,0.0,0.0
3.644,0.0,0.0,1.496704447477859,0.0,0.0,0.0029868625257481627,1.0,0.0,0.0,0.0
3.646,0.0,0.0,1.4967104163931246,0.0,0.0,0.0029820527398510786,1.0,0.0,0.0,0.0
3.648,0.0,0.0,1.4967163756942097,0.0,0.0,0.002977248345292794,1.0,0.0,0.0,0.0
3.65,0.0,0.0,1.4967223253919013,0.0,0.0,0.0029724493464249814,1.0,0.0,0.0,0.0
3.652,0.0,0.0,1.4967282654969953,0.0,0.0,0.002967655747536889,1.0,0.0,0.0,0.0
3.654,0.0,0.0,1.4967341960202958,0.0,0.0,0.002962867552855646,1.0,0.0,0.0,0.0
3.656,0.0,0.0,1.496740116972615,0.0,0.0,0.0029580847665465707,1.0,0.0,0.0,0.0
3.658,0.0,0.0,1.4967460283647744,0.0,0.0,0.0029533073927134955,1.0,0.0,0.0,0.0
3.66,0.0,0.0,1.4967519302076024,0.0,0.0,0.00294853543539906,1.0,0.0,0.0,0.0
3.662,0.0,0.0,1.4967578225119365,0.0,0.0,0.002943768898585043,1.0,0.0,0.0,0.0
3.664,0.0,0.0,1.4967637052886211,0.0,0.0,0.0029390077861926557,1.0,0.0,0.0,0.0
3.666,0.0,0.0,1.4967695785485093,0.0,0.0,0.002934252102082849,1.0,0.0,0.0,0.0
3.668,0.0,0.0,1.4967754423024615,0.0,0.0,0.0029295018500566255,1.0,0.0,0.0,0.0
3.67,0.0,0.0,1.4967812965613454,0.0,0.0,0.002924757033855337,1.0,0.0,0.0,0.0
3.672,0.0,0.0,1.4967871413360365,0.0,0.0,0.0029200176571609984,1.0,0.0,0.0,0.0
3.674,0.0,0.0,1.4967929766374173,0.0,0.0,0.002915283723596578,1.0,0.0,0.0,0.0
3.676,0.0,0.0,1.4967988024763776,0.0,0.0,0.002910555236726304,1.0,0.0,0.0,0.0
3.678,0.0,0.0,1.4968046188638144,0.0,0.0,0.0029058322000559624,1.0,0.0,0.0,0.0
3.68,0.0,0.0,1.4968104258106316,0.0,0.0,0.002901114617033202,1.0,0.0,0.0,0.0
3.682,0.0,0.0,1.4968162233277398,0.0,0.0,0.0028964024910478167,1.0,0.0,0.0,0.0
3.684,0.0,0.0,1.4968220114260562,0.0,0.0,0.002891695825432056,1.0,0.0,0.0,0.0
3.686,0.0,0.0,1.496827790116505,0.0,0.0,0.0028869946234609083,1.0,0.0,0.0,0.0
3.688,0.0,0.0,1.4968335594100168,0.0,0.0,0.00288229888835241,1.0,0.0,0.0,0.0
3.69,0.0,0.0,1.4968393193175284,0.0,0.0,0.0028776086232679115,1.0,0.0,0.0,0.0
3.692,0.0,0.0,1.4968450698499831,0.0,0.0,0.002872923831312396,1.0,0.0,0.0,0.0
3.694,0.0,0.0,1.49685081101833,0.0,0.0,0.002868244515534749,1.0,0.0,0.0,0.0
3.696,0.0,0.0,1.4968565428335245,0.0,0.0,0.0028635706789280607,1.0,0.0,0.0,0.0
3.698,0.0,0.0,1.496862265306528,0.0,0.0,0.0028589023244299065,1.0,0.0,0.0,0.0
3.7,0.0,0.0,1.4968679784483074,0.0,0.0,0.0028542394549226284,1.0,0.0,0.0,0.0
3.702,0.0,0.0,1.4968736822698356,0.0,0.0,0.0028495820732336316,1.0,0.0,0.0,0.0
3.704,0.0,0.0,1.496879376782091,0.0,0.0,0.0028449301821356567,1.0,0.0,0.0,0.0
3.706,0.0,0.0,1.4968850619960574,0.0,0.0,0.0028402837843470733,1.0,0.0,0.0,0.0
3.708,0.0,0.0,1.4968907379227243,0.0,0.0,0.00283564288253215,1.0,0.0,0.0,0.0
3.71,0.0,0.0,1.4968964045730861,0.0,0.0,0.0028310074793013425,1.0,0.0,0.0,0.0
3.712,0.0,0.0,1.4969020619581426,0.0,0.0,0.0028263775772115677,1.0,0.0,0.0,0.0
3.714,0.0,0.0,1.4969077100888986,0.0,0.0,0.00282175317876649,1.0,0.0,0.0,0.0
3.716,0.0,0.0,1.4969133489763637,0.0,0.0,0.0028171342864167894,1.0,0.0,0.0,0.0
3.718,0.0,0.0,1.4969189786315527,0.0,0.0,0.0028125209025604337,1.0,0.0,0.0,0.0
3.72,0.0,0.0,1.4969245990654847,0.0,0.0,0.0028079130295429675,1.0,0.0,0.0,0.0
3.722,0.0,0.0,1.496930210289184,0.0,0.0,0.0028033106696577735,1.0,0.0,0.0,0.0
3.724,0.0,0.0,1.4969358123136787,0.0,0.0,0.002798713825146348,1.0,0.0,0.0,0.0
3.726,0.0,0.0,1.496941405150002,0.0,0.0,0.002794122498198569,1.0,0.0,0.0,0.0
3.728,0.0,0.0,1.4969469888091913,0.0,0.0,0.002789536690952976,1.0,0.0,0.0,0.0
3.73,0.0,0.0,1.4969525633022878,0.0,0.0,0.0027849564054970213,1.0,0.0,0.0,0.0
3.732,0.0,0.0,1.496958128640337,0.0,0.0,0.0027803816438673624,1.0,0.0,0.0,0.0
3.734,0.0,0.0,1.496963684834389,0.0,0.0,0.002775812408050098,1.0,0.0,0.0,0.0
3.736,0.0,0.0,1.496969231895497,0.0,0.0,0.002771248699981059,1.0,0.0,0.0,0.0
3.738,0.0,0.0,1.4969747698347184,0.0,0.0,0.0027666905215460646,1.0,0.0,0.0,0.0
3.74,0.0,0.0,1.4969802986631147,0.0,0.0,0.0027621378745811757,1.0,0.0,0.0,0.0
3.742,0.0,0.0,1.4969858183917502,0.0,0.0,0.0027575907608729734,1.0,0.0,0.0,0.0
3.744,0.0,0.0,1.4969913290316932,0.0,0.0,0.0027530491821588093,1.0,0.0,0.0,0.0
3.746,0.0,0.0,1.4969968305940156,0.0,0.0,0.0027485131401270677,1.0,0.0,0.0,0.0
3.748,0.0,0.0,1.4970023230897922,0.0,0.0,0.002743982636417422,1.0,0.0,0.0,0.0
3.75,0.0,0.0,1.4970078065301011,0.0,0.0,0.002739457672621094,1.0,0.0,0.0,0.0
3.7520000000000002,0.0,0.0,1.497013280926024,0.0,0.0,0.0027349382502811193,1.0,0.0,0.0,0.0
3.754,0.0,0.0,1.497018746288645,0.0,0.0,0.00273042437089259,1.0,0.0,0.0,0.0
3.7560000000000002,0.0,0.0,1.497024202629052,0.0,0.0,0.0027259160359029136,1.0,0.0,0.0,0.0
3.758,0.0,0.0,1.4970296499583344,0.0,0.0,0.0027214132467120655,1.0,0.0,0.0,0.0
3.7600000000000002,0.0,0.0,1.4970350882875858,0.0,0.0,0.002716916004672848,1.0,0.0,0.0,0.0
3.762,0.0,0.0,1.4970405176279016,0.0,0.0,0.0027124243110911313,1.0,0.0,0.0,0.0
3.7640000000000002,0.0,0.0,1.49704593799038,0.0,0.0,0.0027079381672261084,1.0,0.0,0.0,0.0
3.766,0.0,0.0,1.4970513493861215,0.0,0.0,0.0027034575742905507,1.0,0.0,0.0,0.0
3.7680000000000002,0.0,0.0,1.4970567518262292,0.0,0.0,0.0026989825334510454,1.0,0.0,0.0,0.0
3.77,0.0,0.0,1.4970621453218085,0.0,0.0,0.002694513045828246,1.0,0.0,0.0,0.0
3.7720000000000002,0.0,0.0,1.4970675298839669,0.0,0.0,0.002690049112497122,1.0,0.0,0.0,0.0
3.774,0.0,0.0,1.497072905523814,0.0,0.0,0.0026855907344872005,1.0,0.0,0.0,0.0
3.7760000000000002,0.0,0.0,1.4970782722524612,0.0,0.0,0.00268113791278281,1.0,0.0,0.0,0.0
3.778,0.0,0.0,1.4970836300810222,0.0,0.0,0.002676690648323327,1.0,0.0,0.0,0.0
3.7800000000000002,0.0,0.0,1.4970889790206126,0.0,0.0,0.0026722489420034144,1.0,0.0,0.0,0.0
3.782,0.0,0.0,1.4970943190823491,0.0,0.0,0.002667812794673261,1.0,0.0,0.0,0.0
3.7840000000000003,0.0,0.0,1.497099650277351,0.0,0.0,0.0026633822071388284,1.0,0.0,0.0,0.0
3.786,0.0,0.0,1.4971049726167382,0.0,0.0,0.002658957180162081,1.0,0.0,0.0,0.0
3.7880000000000003,0.0,0.0,1.4971102861116328,0.0,0.0,0.0026545377144612248,1.0,0.0,0.0,0.0
3.79,0.0,0.0,1.497115590773158,0.0,0.0,0.0026501238107109557,1.0,0.0,0.0,0.0
3.7920000000000003,0.0,0.0,1.4971208866124381,0.0,0.0,0.0026457154695426837,1.0,0.0,0.0,0.0
3.794,0.0,0.0,1.4971261736405992,0.0,0.0,0.002641312691544766,1.0,0.0,0.0,0.0
3.7960000000000003,0.0,0.0,1.497131451868768,0.0,0.0,0.0026369154772627546,1.0,0.0,0.0,0.0
3.798,0.0,0.0,1.4971367213080724,0.0,0.0,0.0026325238271996134,1.0,0.0,0.0,0.0
3.8000000000000003,0.0,0.0,1.4971419819696414,0.0,0.0,0.002628137741815963,1.0,0.0,0.0,0.0
3.802,0.0,0.0,1.4971472338646048,0.0,0.0,0.002623757221530302,1.0,0.0,0.0,0.0
3.8040000000000003,0.0,0.0,1.4971524770040932,0.0,0.0,0.0026193822667192395,1.0,0.0,0.0,0.0
3.806,0.0,0.0,1.4971577113992376,0.0,0.0,0.002615012877717729,1.0,0.0,0.0,0.0
3.8080000000000003,0.0,0.0,1.49716293706117,0.0,0.0,0.0026106490548192885,1.0,0.0,0.0,0.0
3.81,0.0,0.0,1.497168154001023,0.0,0.0,0.0026062907982762388,1.0,0.0,0.0,0.0
3.8120000000000003,0.0,0.0,1.4971733622299297,0.0,0.0,0.0026019381082999166,1.0,0.0,0.0,0.0
3.814,0.0,0.0,1.497178561759023,0.0,0.0,0.002597590985060909,1.0,0.0,0.0,0.0
3.8160000000000003,0.0,0.0,1.4971837525994367,0.0,0.0,0.002593249428689267,1.0,0.0,0.0,0.0
3.818,0.0,0.0,1.4971889347623046,0.0,0.0,0.002588913439274746,1.0,0.0,0.0,0.0
3.8200000000000003,0.0,0.0,1.4971941082587608,0.0,0.0,0.002584583016867009,1.0,0.0,0.0,0.0
3.822,0.0,0.0,1.497199273099939,0.0,0.0,0.0025802581614758624,1.0,0.0,0.0,0.0
3.8240000000000003,0.0,0.0,1.4972044292969735,0.0,0.0,0.002575938873071466,1.0,0.0,0.0,0.0
3.826,0.0,0.0,1.497209576860998,0.0,0.0,0.002571625151584564,1.0,0.0,0.0,0.0
3.8280000000000003,0.0,0.0,1.4972147158031466,0.0,0.0,0.002567316996906692,1.0,0.0,0.0,0.0
3.83,0.0,0.0,1.4972198461345523,0.0,0.0,0.0025630144088903974,1.0,0.0,0.0,0.0
3.8320000000000003,0.0,0.0,1.4972249678663485,0.0,0.0,0.002558717387349462,1.0,0.0,0.0,0.0
3.834,0.0,0.0,1.497230081009668,0.0,0.0,0.0025544259320591086,1.0,0.0,0.0,0.0
3.8360000000000003,0.0,0.0,1.4972351855756427,0.0,0.0,0.0025501400427562306,1.0,0.0,0.0,0.0
3.838,0.0,0.0,1.4972402815754047,0.0,0.0,0.0025458597191395827,1.0,0.0,0.0,0.0
3.84,0.0,0.0,1.4972453690200846,0.0,0.0,0.002541584960870016,1.0,0.0,0.0,0.0
3.842,0.0,0.0,1.497250447920813,0.0,0.0,0.0025373157675706794,1.0,0.0,0.0,0.0
3.844,0.0,0.0,1.4972555182887195,0.0,0.0,0.002533052138827231,1.0,0.0,0.0,0.0
3.846,0.0,0.0,1.4972605801349326,0.0,0.0,0.00252879407418805,1.0,0.0,0.0,0.0
3.848,0.0,0.0,1.4972656334705798,0.0,0.0,0.0025245415731644494,1.0,0.0,0.0,0.0
3.85,0.0,0.0,1.4972706783067882,0.0,0.0,0.0025202946352308802,1.0,0.0,0.0,0.0
3.852,0.0,0.0,1.4972757146546831,0.0,0.0,0.0025160532598251326,1.0,0.0,0.0,0.0
3.854,0.0,0.0,1.4972807425253893,0.0,0.0,0.0025118174463485635,1.0,0.0,0.0,0.0
3.856,0.0,0.0,1.49728576193003,0.0,0.0,0.0025075871941662746,1.0,0.0,0.0,0.0
3.858,0.0,0.0,1.4972907728797267,0.0,0.0,0.002503362502607336,1.0,0.0,0.0,0.0
3.86,0.0,0.0,1.4972957753856002,0.0,0.0,0.002499143370964992,1.0,0.0,0.0,0.0
3.862,0.0,0.0,1.4973007694587697,0.0,0.0,0.0024949297984968497,1.0,0.0,0.0,0.0
3.864,0.0,0.0,1.4973057551103526,0.0,0.0,0.0024907217844250995,1.0,0.0,0.0,0.0
3.866,0.0,0.0,1.497310732351465,0.0,0.0,0.002486519327936692,1.0,0.0,0.0,0.0
3.868,0.0,0.0,1.497315701193221,0.0,0.0,0.0024823224281835666,1.0,0.0,0.0,0.0
3.87,0.0,0.0,1.4973206616467334,0.0,0.0,0.0024781310842828344,1.0,0.0,0.0,0.0
3.872,0.0,0.0,1.497325613723113,0.0,0.0,0.0024739452953169714,1.0,0.0,0.0,0.0
3.874,0.0,0.0,1.4973305574334688,0.0,0.0,0.002469765060334035,1.0,0.0,0.0,0.0
3.876,0.0,0.0,1.4973354927889075,0.0,0.0,0.002465590378347853,1.0,0.0,0.0,0.0
3.878,0.0,0.0,1.4973404198005342,0.0,0.0,0.00246142124833821,1.0,0.0,0.0,0.0
3.88,0.0,0.0,1.4973453384794517,0.0,0.0,0.0024572576692510617,1.0,0.0,0.0,0.0
3.882,0.0,0.0,1.497350248836761,0.0,0.0,0.0024530996399987097,1.0,0.0,0.0,0.0
3.884,0.0,0.0,1.4973551508835603,0.0,0.0,0.00244894715946001,1.0,0.0,0.0,0.0
3.886,0.0,0.0,1.4973600446309463,0.0,0.0,0.002444800226480561,1.0,0.0,0.0,0.0
3.888,0.0,0.0,1.4973649300900127,0.0,0.0,0.0024406588398728935,1.0,0.0,0.0,0.0
3.89,0.0,0.0,1.497369807271851,0.0,0.0,0.0024365229984166644,1.0,0.0,0.0,0.0
3.892,0.0,0.0,1.4973746761875504,0.0,0.0,0.0024323927008588426,1.0,0.0,0.0,0.0
3.894,0.0,0.0,1.4973795368481972,0.0,0.0,0.00242826794591391,1.0,0.0,0.0,0.0
3.896,0.0,0.0,1.4973843892648755,0.0,0.0,0.002424148732264038,1.0,0.0,0.0,0.0
3.898,0.0,0.0,1.4973892334486663,0.0,0.0,0.0024200350585592873,1.0,0.0,0.0,0.0
3.9,0.0,0.0,1.4973940694106482,0.0,0.0,0.00241592692341778,1.0,0.0,0.0,0.0
3.902,0.0,0.0,1.497398897161897,0.0,0.0,0.002411824325425895,1.0,0.0,0.0,0.0
3.904,0.0,0.0,1.4974037167134855,0.0,0.0,0.0024077272631384595,1.0,0.0,0.0,0.0
3.906,0.0,0.0,1.4974085280764837,0.0,0.0,0.0024036357350789195,1.0,0.0,0.0,0.0
3.908,0.0,0.0,1.4974133312619586,0.0,0.0,0.0023995497397395426,1.0,0.0,0.0,0.0
3.91,0.0,0.0,1.497418126280974,0.0,0.0,0.0023954692755815735,1.0,0.0,0.0,0.0
3.912,0.0,0.0,1.4974229131445906,0.0,0.0,0.0023913943410354484,1.0,0.0,0.0,0.0
3.914,0.0,0.0,1.4974276918638663,0.0,0.0,0.0023873249345009503,1.0,0.0,0.0,0.0
3.916,0.0,0.0,1.4974324624498552,0.0,0.0,0.0023832610543474088,1.0,0.0,0.0,0.0
3.918,0.0,0.0,1.4974372249136085,0.0,0.0,0.002379202698913866,1.0,0.0,0.0,0.0
3.92,0.0,0.0,1.497441979266174,0.0,0.0,0.0023751498665092693,1.0,0.0,0.0,0.0
3.922,0.0,0.0,1.497446725518596,0.0,0.0,0.002371102555412631,1.0,0.0,0.0,0.0
3.924,0.0,0.0,1.4974514636819152,0.0,0.0,0.0023670607638732275,1.0,0.0,0.0,0.0
3.926,0.0,0.0,1.497456193767169,0.0,0.0,0.002363024490110765,1.0,0.0,0.0,0.0
3.928,0.0,0.0,1.4974609157853915,0.0,0.0,0.0023589937323155513,1.0,0.0,0.0,0.0
3.93,0.0,0.0,1.4974656297476125,0.0,0.0,0.0023549684886486778,1.0,0.0,0.0,0.0
3.932,0.0,0.0,1.4974703356648584,0.0,0.0,0.0023509487572422015,1.0,0.0,0.0,0.0
3.934,0.0,0.0,1.497475033548152,0.0,0.0,0.002346934536199297,1.0,0.0,0.0,0.0
3.936,0.0,0.0,1.4974797234085118,0.0,0.0,0.0023429258235944535,1.0,0.0,0.0,0.0
3.938,0.0,0.0,1.497484405256953,0.0,0.0,0.0023389226174736328,1.0,0.0,0.0,0.0
3.94,0.0,0.0,1.4974890791044861,0.0,0.0,0.0023349249158544486,1.0,0.0,0.0,0.0
3.942,0.0,0.0,1.4974937449621186,0.0,0.0,0.0023309327167263245,1.0,0.0,0.0,0.0
3.944,0.0,0.0,1.4974984028408533,0.0,0.0,0.002326946018050685,1.0,0.0,0.0,0.0
3.946,0.0,0.0,1.497503052751689,0.0,0.0,0.0023229648177611013,1.0,0.0,0.0,0.0
3.948,0.0,0.0,1.4975076947056205,0.0,0.0,0.0023189891137634835,1.0,0.0,0.0,0.0
3.95,0.0,0.0,1.4975123287136383,0.0,0.0,0.0023150189039362287,1.0,0.0,0.0,0.0
3.952,0.0,0.0,1.4975169547867284,0.0,0.0,0.0023110541861303996,1.0,0.0,0.0,0.0
3.954,0.0,0.0,1.4975215729358726,0.0,0.0,0.002307094958169885,1.0,0.0,0.0,0.0
3.956,0.0,0.0,1.4975261831720486,0.0,0.0,0.002303141217851576,1.0,0.0,0.0,0.0
3.958,0.0,0.0,1.4975307855062294,0.0,0.0,0.002299192962945516,1.0,0.0,0.0,0.0
3.96,0.0,0.0,1.4975353799493836,0.0,0.0,0.002295250191195067,1.0,0.0,0.0,0.0
3.962,0.0,0.0,1.4975399665124751,0.0,0.0,0.0022913129003170924,1.0,0.0,0.0,0.0
3.964,0.0,0.0,1.4975445452064635,0.0,0.0,0.0022873810880020932,1.0,0.0,0.0,0.0
3.966,0.0,0.0,1.4975491160423033,0.0,0.0,0.0022834547519143883,1.0,0.0,0.0,0.0
3.968,0.0,0.0,1.497553679030945,0.0,0.0,0.0022795338896922715,1.0,0.0,0.0,0.0
3.97,0.0,0.0,1.4975582341833336,0.0,0.0,0.00227561849894817,1.0,0.0,0.0,0.0
3.972,0.0,0.0,1.4975627815104098,0.0,0.0,0.0022717085772688043,1.0,0.0,0.0,0.0
3.974,0.0,0.0,1.4975673210231093,0.0,0.0,0.0022678041222153494,1.0,0.0,0.0,0.0
3.976,0.0,0.0,1.497571852732363,0.0,0.0,0.00226390513132359,1.0,0.0,0.0,0.0
3.978,0.0,0.0,1.4975763766490964,0.0,0.0,0.0022600116021040868,1.0,0.0,0.0,0.0
3.98,0.0,0.0,1.4975808927842305,0.0,0.0,0.002256123532042321,1.0,0.0,0.0,0.0
3.982,0.0,0.0,1.497585401148681,0.0,0.0,0.0022522409185988658,1.0,0.0,0.0,0.0
3.984,0.0,0.0,1.497589901753359,0.0,0.0,0.002248363759209529,1.0,0.0,0.0,0.0
3.986,0.0,0.0,1.4975943946091694,0.0,0.0,0.0022444920512855165,1.0,0.0,0.0,0.0
3.988,0.0,0.0,1.497598879727013,0.0,0.0,0.002240625792213579,1.0,0.0,0.0,0.0
3.99,0.0,0.0,1.4976033571177845,0.0,0.0,0.002236764979356175,1.0,0.0,0.0,0.0
3.992,0.0,0.0,1.4976078267923738,0.0,0.0,0.002232909610051615,1.0,0.0,0.0,0.0
3.994,0.0,0.0,1.4976122887616654,0.0,0.0,0.0022290596816142254,1.0,0.0,0.0,0.0
3.996,0.0,0.0,1.4976167430365384,0.0,0.0,0.0022252151913344826,1.0,0.0,0.0,0.0
3.998,0.0,0.0,1.4976211896278662,0.0,0.0,0.0022213761364791845,1.0,0.0,0.0,0.0
4.0,0.0,0.0,1.497625628546517,0.0,0.0,0.0022175425142915888,1.0,0.0,0.0,0.0
4.002,0.0,0.0,1.4976300598033534,0.0,0.0,0.0022137143219915583,1.0,0.0,0.0,0.0
4.0040000000000004,0.0,0.0,1.497634483409232,0.0,0.0,0.0022098915567757287,1.0,0.0,0.0,0.0
4.006,0.0,0.0,1.4976388993750047,0.0,0.0,0.002206074215817635,1.0,0.0,0.0,0.0
4.008,0.0,0.0,1.4976433077115168,0.0,0.0,0.00220226229626787,1.0,0.0,0.0,0.0
4.01,0.0,0.0,1.4976477084296083,0.0,0.0,0.0021984557952542385,1.0,0.0,0.0,0.0
4.0120000000000005,0.0,0.0,1.4976521015401134,0.0,0.0,0.00219465470988189,1.0,0.0,0.0,0.0
4.014,0.0,0.0,1.4976564870538605,0.0,0.0,0.002190859037233475,1.0,0.0,0.0,0.0
4.016,0.0,0.0,1.497660864981672,0.0,0.0,0.0021870687743692817,1.0,0.0,0.0,0.0
4.018,0.0,0.0,1.4976652353343647,0.0,0.0,0.002183283918327382,1.0,0.0,0.0,0.0
4.0200000000000005,0.0,0.0,1.4976695981227492,0.0,0.0,0.002179504466123783,1.0,0.0,0.0,0.0
4.022,0.0,0.0,1.4976739533576302,0.0,0.0,0.0021757304147525663,1.0,0.0,0.0,0.0
4.024,0.0,0.0,1.497678301049806,0.0,0.0,0.002171961761186028,1.0,0.0,0.0,0.0
4.026,0.0,0.0,1.4976826412100697,0.0,0.0,0.0021681985023748233,1.0,0.0,0.0,0.0
4.0280000000000005,0.0,0.0,1.4976869738492073,0.0,0.0,0.0021644406352481008,1.0,0.0,0.0,0.0
4.03,0.0,0.0,1.4976912989779994,0.0,0.0,0.0021606881567136564,1.0,0.0,0.0,0.0
4.032,0.0,0.0,1.4976956166072197,0.0,0.0,0.0021569410636580657,1.0,0.0,0.0,0.0
4.034,0.0,0.0,1.4976999267476363,0.0,0.0,0.0021531993529468195,1.0,0.0,0.0,0.0
4.0360000000000005,0.0,0.0,1.4977042294100107,0.0,0.0,0.0021494630214244723,1.0,0.0,0.0,0.0
4.038,0.0,0.0,1.497708524605098,0.0,0.0,0.0021457320659147732,1.0,0.0,0.0,0.0
4.04,0.0,0.0,1.4977128123436472,0.0,0.0,0.0021420064832208064,1.0,0.0,0.0,0.0
4.042,0.0,0.0,1.4977170926364005,0.0,0.0,0.0021382862701251272,1.0,0.0,0.0,0.0
4.0440000000000005,0.0,0.0,1.497721365494094,0.0,0.0,0.002134571423389899,1.0,0.0,0.0,0.0
4.046,0.0,0.0,1.4977256309274571,0.0,0.0,0.0021308619397570313,1.0,0.0,0.0,0.0
4.048,0.0,0.0,1.4977298889472128,0.0,0.0,0.0021271578159483074,1.0,0.0,0.0,0.0
4.05,0.0,0.0,1.4977341395640775,0.0,0.0,0.002123459048665526,1.0,0.0,0.0,0.0
4.0520000000000005,0.0,0.0,1.4977383827887607,0.0,0.0,0.002119765634590634,1.0,0.0,0.0,0.0
4.054,0.0,0.0,1.4977426186319658,0.0,0.0,0.0021160775703858606,1.0,0.0,0.0,0.0
4.056,0.0,0.0,1.4977468471043889,0.0,0.0,0.0021123948526938488,1.0,0.0,0.0,0.0
4.058,0.0,0.0,1.4977510682167197,0.0,0.0,0.002108717478137783,1.0,0.0,0.0,0.0
4.0600000000000005,0.0,0.0,1.4977552819796411,0.0,0.0,0.002105045443321528,1.0,0.0,0.0,0.0
4.062,0.0,0.0,1.4977594884038292,0.0,0.0,0.002101378744829758,1.0,0.0,0.0,0.0
4.064,0.0,0.0,1.4977636874999534,0.0,0.0,0.0020977173792280854,1.0,0.0,0.0,0.0
4.066,0.0,0.0,1.4977678792786757,0.0,0.0,0.002094061343063187,1.0,0.0,0.0,0.0
4.0680000000000005,0.0,0.0,1.4977720637506517,0.0,0.0,0.002090410632862947,1.0,0.0,0.0,0.0
4.07,0.0,0.0,1.4977762409265298,0.0,0.0,0.0020867652451365673,1.0,0.0,0.0,0.0
4.072,0.0,0.0,1.4977804108169512,0.0,0.0,0.0020831251763747064,1.0,0.0,0.0,0.0
4.074,0.0,0.0,1.4977845734325506,0.0,0.0,0.002079490423049608,1.0,0.0,0.0,0.0
4.0760000000000005,0.0,0.0,1.4977887287839553,0.0,0.0,0.00207586098161522,1.0,0.0,0.0,0.0
4.078,0.0,0.0,1.4977928768817854,0.0,0.0,0.002072236848507329,1.0,0.0,0.0,0.0
4.08,0.0,0.0,1.497797017736654,0.0,0.0,0.0020686180201436835,1.0,0.0,0.0,0.0
4.082,0.0,0.0,1.4978011513591671,0.0,0.0,0.0020650044929241165,1.0,0.0,0.0,0.0
4.0840000000000005,0.0,0.0,1.4978052777599233,0.0,0.0,0.0020613962632306756,1.0,0.0,0.0,0.0
4.086,0.0,0.0,1.497809396949514,0.0,0.0,0.0020577933274277373,1.0,0.0,0.0,0.0
4.088,0.0,0.0,1.4978135089385234,0.0,0.0,0.0020541956818621427,1.0,0.0,0.0,0.0
4.09,0.0,0.0,1.497817613737528,0.0,0.0,0.0020506033228633127,1.0,0.0,0.0,0.0
4.0920000000000005,0.0,0.0,1.4978217113570977,0.0,0.0,0.002047016246743371,1.0,0.0,0.0,0.0
4.094,0.0,0.0,1.4978258018077943,0.0,0.0,0.002043434449797263,1.0,0.0,0.0,0.0
4.096,0.0,0.0,1.4978298851001723,0.0,0.0,0.0020398579283028963,1.0,0.0,0.0,0.0
4.098,0.0,0.0,1.497833961244779,0.0,0.0,0.002036286678521232,1.0,0.0,0.0,0.0
4.1,0.0,0.0,1.4978380302521543,0.0,0.0,0.002032720696696422,1.0,0.0,0.0,0.0
4.102,0.0,0.0,1.4978420921328301,0.0,0.0,0.0020291599790559322,1.0,0.0,0.0,0.0
4.104,0.0,0.0,1.497846146897331,0.0,0.0,0.002025604521810652,1.0,0.0,0.0,0.0
4.106,0.0,0.0,1.497850194556174,0.0,0.0,0.0020220543211550133,1.0,0.0,0.0,0.0
4.108,0.0,0.0,1.4978542351198685,0.0,0.0,0.0020185093732671138,1.0,0.0,0.0,0.0
4.11,0.0,0.0,1.4978582685989161,0.0,0.0,0.002014969674308836,1.0,0.0,0.0,0.0
4.112,0.0,0.0,1.497862295003811,0.0,0.0,0.0020114352204259577,1.0,0.0,0.0,0.0
4.114,0.0,0.0,1.497866314345039,0.0,0.0,0.0020079060077482737,1.0,0.0,0.0,0.0
4.116,0.0,0.0,1.497870326633079,0.0,0.0,0.002004382032389705,1.0,0.0,0.0,0.0
4.118,0.0,0.0,1.4978743318784018,0.0,0.0,0.0020008632904484234,1.0,0.0,0.0,0.0
4.12,0.0,0.0,1.4978783300914702,0.0,0.0,0.001997349778006958,1.0,0.0,0.0,0.0
4.122,0.0,0.0,1.4978823212827392,0.0,0.0,0.0019938414911323133,1.0,0.0,0.0,0.0
4.124,0.0,0.0,1.4978863054626563,0.0,0.0,0.001990338425876088,1.0,0.0,0.0,0.0
4.126,0.0,0.0,1.4978902826416605,0.0,0.0,0.0019868405782745725,1.0,0.0,0.0,0.0
4.128,0.0,0.0,1.497894252830183,0.0,0.0,0.0019833479443488807,1.0,0.0,0.0,0.0
4.13,0.0,0.0,1.4978982160386476,0.0,0.0,0.001979860520105055,1.0,0.0,0.0,0.0
4.132,0.0,0.0,1.4979021722774692,0.0,0.0,0.001976378301534171,1.0,0.0,0.0,0.0
4.134,0.0,0.0,1.4979061215570555,0.0,0.0,0.001972901284612457,1.0,0.0,0.0,0.0
4.136,0.0,0.0,1.4979100638878053,0.0,0.0,0.0019694294653014046,1.0,0.0,0.0,0.0
4.138,0.0,0.0,1.4979139992801103,0.0,0.0,0.0019659628395478725,1.0,0.0,0.0,0.0
4.14,0.0,0.0,1.497917927744353,0.0,0.0,0.0019625014032842057,1.0,0.0,0.0,0.0
4.142,0.0,0.0,1.4979218492909088,0.0,0.0,0.001959045152428333,1.0,0.0,0.0,0.0
4.144,0.0,0.0,1.497925763930144,0.0,0.0,0.001955594082883886,1.0,0.0,0.0,0.0
4.146,0.0,0.0,1.4979296716724173,0.0,0.0,0.0019521481905403048,1.0,0.0,0.0,0.0
4.148,0.0,0.0,1.4979335725280791,0.0,0.0,0.0019487074712729415,1.0,0.0,0.0,0.0
4.15,0.0,0.0,1.4979374665074714,0.0,0.0,0.0019452719209431726,1.0,0.0,0.0,0.0
4.152,0.0,0.0,1.4979413536209278,0.0,0.0,0.0019418415353984974,1.0,0.0,0.0,0.0
4.154,0.0,0.0,1.4979452338787738,0.0,0.0,0.0019384163104726629,1.0,0.0,0.0,0.0
4.156,0.0,0.0,1.4979491072913262,0.0,0.0,0.0019349962419857416,1.0,0.0,0.0,0.0
4.158,0.0,0.0,1.497952973868894,0.0,0.0,0.0019315813257442596,1.0,0.0,0.0,0.0
4.16,0.0,0.0,1.4979568336217772,0.0,0.0,0.0019281715575412957,1.0,0.0,0.0,0.0
4.162,0.0,0.0,1.497960686560268,0.0,0.0,0.0019247669331565814,1.0,0.0,0.0,0.0
4.164,0.0,0.0,1.4979645326946494,0.0,0.0,0.001921367448356607,1.0,0.0,0.0,0.0
4.166,0.0,0.0,1.4979683720351966,0.0,0.0,0.0019179730988947252,1.0,0.0,0.0,0.0
4.168,0.0,0.0,1.497972204592176,0.0,0.0,0.00191458388051125,1.0,0.0,0.0,0.0
4.17,0.0,0.0,1.4979760303758454,0.0,0.0,0.0019111997889335707,1.0,0.0,0.0,0.0
4.172,0.0,0.0,1.4979798493964542,0.0,0.0,0.0019078208198762443,1.0,0.0,0.0,0.0
4.174,0.0,0.0,1.4979836616642432,0.0,0.0,0.001904446969041091,1.0,0.0,0.0,0.0
4.176,0.0,0.0,1.4979874671894444,0.0,0.0,0.0019010782321173085,1.0,0.0,0.0,0.0
4.178,0.0,0.0,1.4979912659822814,0.0,0.0,0.0018977146047815675,1.0,0.0,0.0,0.0
4.18,0.0,0.0,1.4979950580529688,0.0,0.0,0.001894356082698108,1.0,0.0,0.0,0.0
4.182,0.0,0.0,1.497998843411713,0.0,0.0,0.0018910026615188453,1.0,0.0,0.0,0.0
4.184,0.0,0.0,1.4980026220687115,0.0,0.0,0.0018876543368834629,1.0,0.0,0.0,0.0
4.186,0.0,0.0,1.4980063940341528,0.0,0.0,0.0018843111044195115,1.0,0.0,0.0,0.0
4.188,0.0,0.0,1.498010159318217,0.0,0.0,0.0018809729597425164,1.0,0.0,0.0,0.0
4.19,0.0,0.0,1.4980139179310752,0.0,0.0,0.001877639898456062,1.0,0.0,0.0,0.0
4.192,0.0,0.0,1.4980176698828898,0.0,0.0,0.001874311916151891,1.0,0.0,0.0,0.0
4.194,0.0,0.0,1.4980214151838143,0.0,0.0,0.0018709890084100227,1.0,0.0,0.0,0.0
4.196,0.0,0.0,1.4980251538439935,0.0,0.0,0.001867671170798813,1.0,0.0,0.0,0.0
4.198,0.0,0.0,1.498028885873563,0.0,0.0,0.0018643583988750816,1.0,0.0,0.0,0.0
4.2,0.0,0.0,1.49803261128265,0.0,0.0,0.001861050688184191,1.0,0.0,0.0,0.0
4.202,0.0,0.0,1.4980363300813726,0.0,0.0,0.0018577480342601492,1.0,0.0,0.0,0.0
4.204,0.0,0.0,1.4980400422798394,0.0,0.0,0.0018544504326256951,1.0,0.0,0.0,0.0
4.206,0.0,0.0,1.4980437478881508,0.0,0.0,0.0018511578787924047,1.0,0.0,0.0,0.0
4.208,0.0,0.0,1.4980474469163978,0.0,0.0,0.0018478703682607732,1.0,0.0,0.0,0.0
4.21,0.0,0.0,1.4980511393746625,0.0,0.0,0.0018445878965203145,1.0,0.0,0.0,0.0
4.212,0.0,0.0,1.4980548252730181,0.0,0.0,0.0018413104590496569,1.0,0.0,0.0,0.0
4.214,0.0,0.0,1.4980585046215285,0.0,0.0,0.0018380380513166282,1.0,0.0,0.0,0.0
4.216,0.0,0.0,1.4980621774302485,0.0,0.0,0.0018347706687783522,1.0,0.0,0.0,0.0
4.218,0.0,0.0,1.4980658437092242,0.0,0.0,0.0018315083068813373,1.0,0.0,0.0,0.0
4.22,0.0,0.0,1.498069503468492,0.0,0.0,0.0018282509610615756,1.0,0.0,0.0,0.0
4.222,0.0,0.0,1.4980731567180798,0.0,0.0,0.0018249986267446178,1.0,0.0,0.0,0.0
4.224,0.0,0.0,1.4980768034680059,0.0,0.0,0.0018217512993456797,1.0,0.0,0.0,0.0
4.226,0.0,0.0,1.4980804437282795,0.0,0.0,0.001818508974269724,1.0,0.0,0.0,0.0
4.228,0.0,0.0,1.4980840775089006,0.0,0.0,0.0018152716469115493,1.0,0.0,0.0,0.0
4.23,0.0,0.0,1.4980877048198602,0.0,0.0,0.0018120393126558785,1.0,0.0,0.0,0.0
4.232,0.0,0.0,1.4980913256711397,0.0,0.0,0.001808811966877455,1.0,0.0,0.0,0.0
4.234,0.0,0.0,1.4980949400727115,0.0,0.0,0.0018055896049411243,1.0,0.0,0.0,0.0
4.236,0.0,0.0,1.4980985480345386,0.0,0.0,0.0018023722222019194,1.0,0.0,0.0,0.0
4.238,0.0,0.0,1.4981021495665747,0.0,0.0,0.0017991598140051528,1.0,0.0,0.0,0.0
4.24,0.0,0.0,1.4981057446787645,0.0,0.0,0.0017959523756865023,1.0,0.0,0.0,0.0
4.242,0.0,0.0,1.4981093333810427,0.0,0.0,0.001792749902572096,1.0,0.0,0.0,0.0
4.244,0.0,0.0,1.4981129156833353,0.0,0.0,0.001789552389978601,1.0,0.0,0.0,0.0
4.246,0.0,0.0,1.4981164915955585,0.0,0.0,0.0017863598332133056,1.0,0.0,0.0,0.0
4.248,0.0,0.0,1.4981200611276193,0.0,0.0,0.001783172227574207,1.0,0.0,0.0,0.0
4.25,0.0,0.0,1.4981236242894151,0.0,0.0,0.001779989568350091,1.0,0.0,0.0,0.0
4.252,0.0,0.0,1.4981271810908343,0.0,0.0,0.0017768118508206339,1.0,0.0,0.0,0.0
4.2540000000000004,0.0,0.0,1.4981307315417554,0.0,0.0,0.0017736390702564595,1.0,0.0,0.0,0.0
4.256,0.0,0.0,1.4981342756520475,0.0,0.0,0.0017704712219192428,1.0,0.0,0.0,0.0
4.258,0.0,0.0,1.4981378134315704,0.0,0.0,0.001767308301061787,1.0,0.0,0.0,0.0
4.26,0.0,0.0,1.4981413448901744,0.0,0.0,0.0017641503029281066,1.0,0.0,0.0,0.0
4.2620000000000005,0.0,0.0,1.4981448700377,0.0,0.0,0.001760997222753508,1.0,0.0,0.0,0.0
4.264,0.0,0.0,1.4981483888839786,0.0,0.0,0.0017578490557646714,1.0,0.0,0.0,0.0
4.266,0.0,0.0,1.4981519014388316,0.0,0.0,0.0017547057971797405,1.0,0.0,0.0,0.0
4.268,0.0,0.0,1.498155407712071,0.0,0.0,0.0017515674422083887,1.0,0.0,0.0,0.0
4.2700000000000005,0.0,0.0,1.4981589077134991,0.0,0.0,0.001748433986051916,1.0,0.0,0.0,0.0
4.272,0.0,0.0,1.4981624014529091,0.0,0.0,0.0017453054239033197,1.0,0.0,0.0,0.0
4.274,0.0,0.0,1.498165888940084,0.0,0.0,0.0017421817509473793,1.0,0.0,0.0,0.0
4.276,0.0,0.0,1.4981693701847973,0.0,0.0,0.001739062962360725,1.0,0.0,0.0,0.0
4.2780000000000005,0.0,0.0,1.498172845196813,0.0,0.0,0.001735949053311936,1.0,0.0,0.0,0.0
4.28,0.0,0.0,1.4981763139858852,0.0,0.0,0.0017328400189616086,1.0,0.0,0.0,0.0
4.282,0.0,0.0,1.4981797765617586,0.0,0.0,0.0017297358544624277,1.0,0.0,0.0,0.0
4.284,0.0,0.0,1.498183232934168,0.0,0.0,0.0017266365549592616,1.0,0.0,0.0,0.0
4.2860000000000005,0.0,0.0,1.4981866831128385,0.0,0.0,0.0017235421155892235,1.0,0.0,0.0,0.0
4.288,0.0,0.0,1.4981901271074856,0.0,0.0,0.0017204525314817598,1.0,0.0,0.0,0.0
4.29,0.0,0.0,1.4981935649278149,0.0,0.0,0.0017173677977587243,1.0,0.0,0.0,0.0
4.292,0.0,0.0,1.4981969965835222,0.0,0.0,0.0017142879095344502,1.0,0.0,0.0,0.0
4.2940000000000005,0.0,0.0,1.4982004220842937,0.0,0.0,0.0017112128619158381,1.0,0.0,0.0,0.0
4.296,0.0,0.0,1.4982038414398056,0.0,0.0,0.0017081426500024134,1.0,0.0,0.0,0.0
4.298,0.0,0.0,1.4982072546597245,0.0,0.0,0.001705077268886422,1.0,0.0,0.0,0.0
4.3,0.0,0.0,1.498210661753707,0.0,0.0,0.0017020167136528974,1.0,0.0,0.0,0.0
4.3020000000000005,0.0,0.0,1.4982140627314,0.0,0.0,0.001698960979379729,1.0,0.0,0.0,0.0
4.304,0.0,0.0,1.4982174576024405,0.0,0.0,0.0016959100611377363,1.0,0.0,0.0,0.0
4.306,0.0,0.0,1.4982208463764557,0.0,0.0,0.0016928639539907646,1.0,0.0,0.0,0.0
4.308,0.0,0.0,1.4982242290630627,0.0,0.0,0.0016898226529957281,1.0,0.0,0.0,0.0
4.3100000000000005,0.0,0.0,1.4982276056718689,0.0,0.0,0.001686786153202709,1.0,0.0,0.0,0.0
4.312,0.0,0.0,1.4982309762124717,0.0,0.0,0.0016837544496550072,1.0,0.0,0.0,0.0
4.314,0.0,0.0,1.4982343406944587,0.0,0.0,0.0016807275373892365,1.0,0.0,0.0,0.0
4.316,0.0,0.0,1.4982376991274076,0.0,0.0,0.0016777054114353851,1.0,0.0,0.0,0.0
4.3180000000000005,0.0,0.0,1.4982410515208857,0.0,0.0,0.0016746880668168827,1.0,0.0,0.0,0.0
4.32,0.0,0.0,1.498244397884451,0.0,0.0,0.001671675498550679,1.0,0.0,0.0,0.0
4.322,0.0,0.0,1.4982477382276513,0.0,0.0,0.0016686677016473177,1.0,0.0,0.0,0.0
4.324,0.0,0.0,1.498251072560024,0.0,0.0,0.001665664671110998,1.0,0.0,0.0,0.0
4.3260000000000005,0.0,0.0,1.498254400891097,0.0,0.0,0.0016626664019396516,1.0,0.0,0.0,0.0
4.328,0.0,0.0,1.498257723230388,0.0,0.0,0.0016596728891250182,1.0,0.0,0.0,0.0
4.33,0.0,0.0,1.4982610395874048,0.0,0.0,0.0016566841276527016,1.0,0.0,0.0,0.0
4.332,0.0,0.0,1.4982643499716448,0.0,0.0,0.0016537001125022485,1.0,0.0,0.0,0.0
4.3340000000000005,0.0,0.0,1.498267654392596,0.0,0.0,0.0016507208386472194,1.0,0.0,0.0,0.0
4.336,0.0,0.0,1.4982709528597355,0.0,0.0,0.001647746301055252,1.0,0.0,0.0,0.0
4.338,0.0,0.0,1.4982742453825313,0.0,0.0,0.0016447764946881294,1.0,0.0,0.0,0.0
4.34,0.0,0.0,1.4982775319704404,0.0,0.0,0.0016418114145018542,1.0,0.0,0.0,0.0
4.3420000000000005,0.0,0.0,1.4982808126329104,0.0,0.0,0.0016388510554467097,1.0,0.0,0.0,0.0
4.344,0.0,0.0,1.4982840873793783,0.0,0.0,0.0016358954124673333,1.0,0.0,0.0,0.0
4.346,0.0,0.0,1.4982873562192713,0.0,0.0,0.0016329444805027813,1.0,0.0,0.0,0.0
4.348,0.0,0.0,1.4982906191620062,0.0,0.0,0.0016299982544865893,1.0,0.0,0.0,0.0
4.3500000000000005,0.0,0.0,1.4982938762169902,0.0,0.0,0.0016270567293468533,1.0,0.0,0.0,0.0
4.352,0.0,0.0,1.4982971273936194,0.0,0.0,0.00162411990000628,1.0,0.0,0.0,0.0
4.354,0.0,0.0,1.498300372701281,0.0,0.0,0.0016211877613822652,1.0,0.0,0.0,0.0
4.356,0.0,0.0,1.4983036121493507,0.0,0.0,0.0016182603083869497,1.0,0.0,0.0,0.0
4.358,0.0,0.0,1.498306845747195,0.0,0.0,0.0016153375359272944,1.0,0.0,0.0,0.0
4.36,0.0,0.0,1.49831007350417,0.0,0.0,0.0016124194389051376,1.0,0.0,0.0,0.0
4.362,0.0,0.0,1.498313295429621,0.0,0.0,0.0016095060122172584,1.0,0.0,0.0,0.0
4.364,0.0,0.0,1.498316511532884,0.0,0.0,0.0016065972507554478,1.0,0.0,0.0,0.0
4.366,0.0,0.0,1.4983197218232842,0.0,0.0,0.0016036931494065691,1.0,0.0,0.0,0.0
4.368,0.0,0.0,1.4983229263101367,0.0,0.0,0.0016007937030526186,1.0,0.0,0.0,0.0
4.37,0.0,0.0,1.4983261250027464,0.0,0.0,0.0015978989065707965,1.0,0.0,0.0,0.0
4.372,0.0,0.0,1.4983293179104078,0.0,0.0,0.0015950087548335596,1.0,0.0,0.0,0.0
4.374,0.0,0.0,1.4983325050424054,0.0,0.0,0.001592123242708697,1.0,0.0,0.0,0.0
4.376,0.0,0.0,1.4983356864080133,0.0,0.0,0.0015892423650593793,1.0,0.0,0.0,0.0
4.378,0.0,0.0,1.498338862016495,0.0,0.0,0.0015863661167442255,1.0,0.0,0.0,0.0
4.38,0.0,0.0,1.4983420318771044,0.0,0.0,0.0015834944926173713,1.0,0.0,0.0,0.0
4.382,0.0,0.0,1.4983451959990846,0.0,0.0,0.001580627487528519,1.0,0.0,0.0,0.0
4.384,0.0,0.0,1.4983483543916685,0.0,0.0,0.0015777650963230045,1.0,0.0,0.0,0.0
4.386,0.0,0.0,1.4983515070640787,0.0,0.0,0.0015749073138418646,1.0,0.0,0.0,0.0
4.388,0.0,0.0,1.4983546540255275,0.0,0.0,0.0015720541349218836,1.0,0.0,0.0,0.0
4.39,0.0,0.0,1.4983577952852167,0.0,0.0,0.0015692055543956643,1.0,0.0,0.0,0.0
4.392,0.0,0.0,1.4983609308523382,0.0,0.0,0.0015663615670916814,1.0,0.0,0.0,0.0
4.394,0.0,0.0,1.498364060736073,0.0,0.0,0.0015635221678343485,1.0,0.0,0.0,0.0
4.396,0.0,0.0,1.4983671849455924,0.0,0.0,0.0015606873514440688,1.0,0.0,0.0,0.0
4.398,0.0,0.0,1.4983703034900566,0.0,0.0,0.0015578571127373047,1.0,0.0,0.0,0.0
4.4,0.0,0.0,1.498373416378616,0.0,0.0,0.0015550314465266255,1.0,0.0,0.0,0.0
4.402,0.0,0.0,1.49837652362041,0.0,0.0,0.0015522103476207669,1.0,0.0,0.0,0.0
4.404,0.0,0.0,1.4983796252245685,0.0,0.0,0.0015493938108246987,1.0,0.0,0.0,0.0
4.406,0.0,0.0,1.4983827212002103,0.0,0.0,0.0015465818309396673,1.0,0.0,0.0,0.0
4.408,0.0,0.0,1.4983858115564441,0.0,0.0,0.0015437744027632745,1.0,0.0,0.0,0.0
4.41,0.0,0.0,1.498388896302368,0.0,0.0,0.0015409715210895156,1.0,0.0,0.0,0.0
4.412,0.0,0.0,1.4983919754470698,0.0,0.0,0.001538173180708844,1.0,0.0,0.0,0.0
4.414,0.0,0.0,1.498395048999627,0.0,0.0,0.0015353793764082318,1.0,0.0,0.0,0.0
4.416,0.0,0.0,1.4983981169691063,0.0,0.0,0.0015325901029712113,1.0,0.0,0.0,0.0
4.418,0.0,0.0,1.4984011793645644,0.0,0.0,0.0015298053551779473,1.0,0.0,0.0,0.0
4.42,0.0,0.0,1.4984042361950474,0.0,0.0,0.0015270251278052902,1.0,0.0,0.0,0.0
4.422,0.0,0.0,1.4984072874695908,0.0,0.0,0.0015242494156268215,1.0,0.0,0.0,0.0
4.424,0.0,0.0,1.4984103331972198,0.0,0.0,0.001521478213412918,1.0,0.0,0.0,0.0
4.426,0.0,0.0,1.4984133733869491,0.0,0.0,0.0015187115159308092,1.0,0.0,0.0,0.0
4.428,0.0,0.0,1.498416408047783,0.0,0.0,0.0015159493179446194,1.0,0.0,0.0,0.0
4.43,0.0,0.0,1.4984194371887152,0.0,0.0,0.0015131916142154282,1.0,0.0,0.0,0.0
4.432,0.0,0.0,1.4984224608187289,0.0,0.0,0.0015104383995013378,1.0,0.0,0.0,0.0
4.434,0.0,0.0,1.498425478946797,0.0,0.0,0.001507689668557502,1.0,0.0,0.0,0.0
4.436,0.0,0.0,1.4984284915818817,0.0,0.0,0.0015049454161362042,1.0,0.0,0.0,0.0
4.438,0.0,0.0,1.4984314987329348,0.0,0.0,0.001502205636986892,1.0,0.0,0.0,0.0
4.44,0.0,0.0,1.4984345004088977,0.0,0.0,0.0014994703258562423,1.0,0.0,0.0,0.0
4.442,0.0,0.0,1.498437496618701,0.0,0.0,0.0014967394774882002,1.0,0.0,0.0,0.0
4.444,0.0,0.0,1.4984404873712651,0.0,0.0,0.0014940130866240493,1.0,0.0,0.0,0.0
4.446,0.0,0.0,1.4984434726754998,0.0,0.0,0.0014912911480024517,1.0,0.0,0.0,0.0
4.448,0.0,0.0,1.4984464525403043,0.0,0.0,0.0014885736563595045,1.0,0.0,0.0,0.0
4.45,0.0,0.0,1.4984494269745672,0.0,0.0,0.001485860606428789,1.0,0.0,0.0,0.0
4.452,0.0,0.0,1.4984523959871665,0.0,0.0,0.0014831519929414212,1.0,0.0,0.0,0.0
4.454,0.0,0.0,1.49845535958697,0.0,0.0,0.0014804478106261085,1.0,0.0,0.0,0.0
4.456,0.0,0.0,1.498458317782835,0.0,0.0,0.0014777480542091956,1.0,0.0,0.0,0.0
4.458,0.0,0.0,1.4984612705836076,0.0,0.0,0.0014750527184147109,1.0,0.0,0.0,0.0
4.46,0.0,0.0,1.498464217998124,0.0,0.0,0.0014723617979644336,1.0,0.0,0.0,0.0
4.462,0.0,0.0,1.4984671600352095,0.0,0.0,0.001469675287577923,1.0,0.0,0.0,0.0
4.464,0.0,0.0,1.498470096703679,0.0,0.0,0.001466993181972578,1.0,0.0,0.0,0.0
4.466,0.0,0.0,1.4984730280123368,0.0,0.0,0.0014643154758636945,1.0,0.0,0.0,0.0
4.468,0.0,0.0,1.4984759539699766,0.0,0.0,0.0014616421639644967,1.0,0.0,0.0,0.0
4.47,0.0,0.0,1.4984788745853814,0.0,0.0,0.0014589732409861986,1.0,0.0,0.0,0.0
4.472,0.0,0.0,1.498481789867324,0.0,0.0,0.001456308701638049,1.0,0.0,0.0,0.0
4.474,0.0,0.0,1.4984846998245662,0.0,0.0,0.0014536485406273895,1.0,0.0,0.0,0.0
4.476,0.0,0.0,1.4984876044658595,0.0,0.0,0.0014509927526596817,1.0,0.0,0.0,0.0
4.478,0.0,0.0,1.4984905037999445,0.0,0.0,0.0014483413324385755,1.0,0.0,0.0,0.0
4.48,0.0,0.0,1.4984933978355517,0.0,0.0,0.0014456942746659484,1.0,0.0,0.0,0.0
4.482,0.0,0.0,1.4984962865814004,0.0,0.0,0.001443051574041947,1.0,0.0,0.0,0.0
4.484,0.0,0.0,1.4984991700461998,0.0,0.0,0.001440413225265049,1.0,0.0,0.0,0.0
4.486,0.0,0.0,1.4985020482386482,0.0,0.0,0.0014377792230320934,1.0,0.0,0.0,0.0
4.488,0.0,0.0,1.4985049211674333,0.0,0.0,0.0014351495620383422,1.0,0.0,0.0,0.0
4.49,0.0,0.0,1.4985077888412324,0.0,0.0,0.001432524236977523,1.0,0.0,0.0,0.0
4.492,0.0,0.0,1.4985106512687119,0.0,0.0,0.0014299032425418672,1.0,0.0,0.0,0.0
4.494,0.0,0.0,1.498513508458528,0.0,0.0,0.0014272865734221603,1.0,0.0,0.0,0.0
4.496,0.0,0.0,1.4985163604193257,0.0,0.0,0.0014246742243077916,1.0,0.0,0.0,0.0
4.498,0.0,0.0,1.49851920715974,0.0,0.0,0.0014220661898867973,1.0,0.0,0.0,0.0
4.5,0.0,0.0,1.4985220486883948,0.0,0.0,0.0014194624648459018,1.0,0.0,0.0,0.0
4.502,0.0,0.0,1.4985248850139035,0.0,0.0,0.0014168630438705725,1.0,0.0,0.0,0.0
4.5040000000000004,0.0,0.0,1.498527716144869,0.0,0.0,0.0014142679216450544,1.0,0.0,0.0,0.0
4.506,0.0,0.0,1.4985305420898833,0.0,0.0,0.0014116770928524168,1.0,0.0,0.0,0.0
4.508,0.0,0.0,1.4985333628575284,0.0,0.0,0.0014090905521746023,1.0,0.0,0.0,0.0
4.51,0.0,0.0,1.4985361784563749,0.0,0.0,0.0014065082942924703,1.0,0.0,0.0,0.0
4.5120000000000005,0.0,0.0,1.4985389888949832,0.0,0.0,0.0014039303138858286,1.0,0.0,0.0,0.0
4.514,0.0,0.0,1.4985417941819026,0.0,0.0,0.0014013566056334972,1.0,0.0,0.0,0.0
4.516,0.0,0.0,1.4985445943256723,0.0,0.0,0.001398787164213337,1.0,0.0,0.0,0.0
4.518,0.0,0.0,1.498547389334821,0.0,0.0,0.0013962219843022992,1.0,0.0,0.0,0.0
4.5200000000000005,0.0,0.0,1.4985501792178657,0.0,0.0,0.0013936610605764612,1.0,0.0,0.0,0.0
4.522,0.0,0.0,1.498552963983314,0.0,0.0,0.0013911043877110798,1.0,0.0,0.0,0.0
4.524,0.0,0.0,1.498555743639662,0.0,0.0,0.0013885519603806264,1.0,0.0,0.0,0.0
4.526,0.0,0.0,1.4985585181953955,0.0,0.0,0.0013860037732588337,1.0,0.0,0.0,0.0
4.5280000000000005,0.0,0.0,1.4985612876589898,0.0,0.0,0.0013834598210187273,1.0,0.0,0.0,0.0
4.53,0.0,0.0,1.4985640520389092,0.0,0.0,0.0013809200983326824,1.0,0.0,0.0,0.0
4.532,0.0,0.0,1.4985668113436075,0.0,0.0,0.0013783845998724565,1.0,0.0,0.0,0.0
4.534,0.0,0.0,1.4985695655815277,0.0,0.0,0.0013758533203092277,1.0,0.0,0.0,0.0
4.5360000000000005,0.0,0.0,1.4985723147611023,0.0,0.0,0.0013733262543136411,1.0,0.0,0.0,0.0
4.538,0.0,0.0,1.4985750588907532,0.0,0.0,0.001370803396555852,1.0,0.0,0.0,0.0
4.54,0.0,0.0,1.4985777979788915,0.0,0.0,0.001368284741705564,1.0,0.0,0.0,0.0
4.542,0.0,0.0,1.4985805320339176,0.0,0.0,0.0013657702844320687,1.0,0.0,0.0,0.0
4.5440000000000005,0.0,0.0,1.4985832610642214,0.0,0.0,0.0013632600194042814,1.0,0.0,0.0,0.0
4.546,0.0,0.0,1.498585985078182,0.0,0.0,0.0013607539412907937,1.0,0.0,0.0,0.0
4.548,0.0,0.0,1.498588704084168,0.0,0.0,0.001358252044759892,1.0,0.0,0.0,0.0
4.55,0.0,0.0,1.4985914180905373,0.0,0.0,0.0013557543244796246,1.0,0.0,0.0,0.0
4.5520000000000005,0.0,0.0,1.4985941271056369,0.0,0.0,0.0013532607751178159,1.0,0.0,0.0,0.0
4.554,0.0,0.0,1.4985968311378033,0.0,0.0,0.0013507713913421232,1.0,0.0,0.0,0.0
4.556,0.0,0.0,1.4985995301953625,0.0,0.0,0.0013482861678200619,1.0,0.0,0.0,0.0
4.558,0.0,0.0,1.4986022242866295,0.0,0.0,0.0013458050992190584,1.0,0.0,0.0,0.0
4.5600000000000005,0.0,0.0,1.4986049134199089,0.0,0.0,0.0013433281802064754,1.0,0.0,0.0,0.0
4.562,0.0,0.0,1.4986075976034945,0.0,0.0,0.001340855405449654,1.0,0.0,0.0,0.0
4.564,0.0,0.0,1.4986102768456695,0.0,0.0,0.001338386769615964,1.0,0.0,0.0,0.0
4.566,0.0,0.0,1.4986129511547064,0.0,0.0,0.0013359222673728177,1.0,0.0,0.0,0.0
4.5680000000000005,0.0,0.0,1.4986156205388672,0.0,0.0,0.0013334618933877338,1.0,0.0,0.0,0.0
4.57,0.0,0.0,1.498618285006403,0.0,0.0,0.0013310056423283484,1.0,0.0,0.0,0.0
4.572,0.0,0.0,1.498620944565554,0.0,0.0,0.001328553508862479,1.0,0.0,0.0,0.0
4.574,0.0,0.0,1.4986235992245507,0.0,0.0,0.0013261054876581382,1.0,0.0,0.0,0.0
4.5760000000000005,0.0,0.0,1.4986262489916118,0.0,0.0,0.001323661573383584,1.0,0.0,0.0,0.0
4.578,0.0,0.0,1.498628893874946,0.0,0.0,0.0013212217607073548,1.0,0.0,0.0,0.0
4.58,0.0,0.0,1.498631533882751,0.0,0.0,0.001318786044298298,1.0,0.0,0.0,0.0
4.582,0.0,0.0,1.4986341690232141,0.0,0.0,0.0013163544188256203,1.0,0.0,0.0,0.0
4.5840000000000005,0.0,0.0,1.498636799304512,0.0,0.0,0.0013139268789589152,1.0,0.0,0.0,0.0
4.586,0.0,0.0,1.4986394247348103,0.0,0.0,0.0013115034193681885,1.0,0.0,0.0,0.0
4.588,0.0,0.0,1.4986420453222644,0.0,0.0,0.0013090840347239115,1.0,0.0,0.0,0.0
4.59,0.0,0.0,1.4986446610750188,0.0,0.0,0.0013066687196970563,1.0,0.0,0.0,0.0
4.5920000000000005,0.0,0.0,1.4986472720012074,0.0,0.0,0.00130425746895911,1.0,0.0,0.0,0.0
4.594,0.0,0.0,1.4986498781089534,0.0,0.0,0.0013018502771821319,1.0,0.0,0.0,0.0
4.596,0.0,0.0,1.4986524794063696,0.0,0.0,0.0012994471390387781,1.0,0.0,0.0,0.0
4.598,0.0,0.0,1.4986550759015578,0.0,0.0,0.0012970480492023372,1.0,0.0,0.0,0.0
4.6000000000000005,0.0,0.0,1.4986576676026093,0.0,0.0,0.0012946530023467688,1.0,0.0,0.0,0.0
4.602,0.0,0.0,1.4986602545176049,0.0,0.0,0.0012922619931467262,1.0,0.0,0.0,0.0
4.604,0.0,0.0,1.4986628366546142,0.0,0.0,0.0012898750162776077,1.0,0.0,0.0,0.0
4.606,0.0,0.0,1.4986654140216968,0.0,0.0,0.001287492066415576,1.0,0.0,0.0,0.0
4.6080000000000005,0.0,0.0,1.4986679866269015,0.0,0.0,0.001285113138237597,1.0,0.0,0.0,0.0
4.61,0.0,0.0,1.4986705544782661,0.0,0.0,0.0012827382264214778,1.0,0.0,0.0,0.0
4.612,0.0,0.0,1.4986731175838182,0.0,0.0,0.0012803673256458858,1.0,0.0,0.0,0.0
4.614,0.0,0.0,1.4986756759515745,0.0,0.0,0.0012780004305904052,1.0,0.0,0.0,0.0
4.616,0.0,0.0,1.4986782295895409,0.0,0.0,0.0012756375359355397,1.0,0.0,0.0,0.0
4.618,0.0,0.0,1.4986807785057132,0.0,0.0,0.001273278636362774,1.0,0.0,0.0,0.0
4.62,0.0,0.0,1.4986833227080762,0.0,0.0,0.0012709237265545875,1.0,0.0,0.0,0.0
4.622,0.0,0.0,1.498685862204604,0.0,0.0,0.0012685728011944898,1.0,0.0,0.0,0.0
4.624,0.0,0.0,1.49868839700326,0.0,0.0,0.001266225854967067,1.0,0.0,0.0,0.0
4.626,0.0,0.0,1.4986909271119977,0.0,0.0,0.0012638828825579922,1.0,0.0,0.0,0.0
4.628,0.0,0.0,1.498693452538759,0.0,0.0,0.0012615438786540687,1.0,0.0,0.0,0.0
4.63,0.0,0.0,1.4986959732914755,0.0,0.0,0.0012592088379432612,1.0,0.0,0.0,0.0
4.632,0.0,0.0,1.4986984893780686,0.0,0.0,0.001256877755114728,1.0,0.0,0.0,0.0
4.634,0.0,0.0,1.4987010008064485,0.0,0.0,0.0012545506248588497,1.0,0.0,0.0,0.0
4.636,0.0,0.0,1.4987035075845152,0.0,0.0,0.0012522274418672575,1.0,0.0,0.0,0.0
4.638,0.0,0.0,1.4987060097201579,0.0,0.0,0.0012499082008328721,1.0,0.0,0.0,0.0
4.64,0.0,0.0,1.4987085072212551,0.0,0.0,0.0012475928964499254,1.0,0.0,0.0,0.0
4.642,0.0,0.0,1.498711000095675,0.0,0.0,0.001245281523413992,1.0,0.0,0.0,0.0
4.644,0.0,0.0,1.4987134883512747,0.0,0.0,0.0012429740764220356,1.0,0.0,0.0,0.0
4.646,0.0,0.0,1.4987159719959013,0.0,0.0,0.0012406705501724125,1.0,0.0,0.0,0.0
4.648,0.0,0.0,1.498718451037391,0.0,0.0,0.001238370939364922,1.0,0.0,0.0,0.0
4.65,0.0,0.0,1.498720925483569,0.0,0.0,0.0012360752387008261,1.0,0.0,0.0,0.0
4.652,0.0,0.0,1.4987233953422505,0.0,0.0,0.00123378344288288,1.0,0.0,0.0,0.0
4.654,0.0,0.0,1.49872586062124,0.0,0.0,0.0012314955466153727,1.0,0.0,0.0,0.0
4.656,0.0,0.0,1.4987283213283311,0.0,0.0,0.001229211544604136,1.0,0.0,0.0,0.0
4.658,0.0,0.0,1.4987307774713072,0.0,0.0,0.0012269314315565922,1.0,0.0,0.0,0.0
4.66,0.0,0.0,1.498733229057941,0.0,0.0,0.0012246552021817742,1.0,0.0,0.0,0.0
4.662,0.0,0.0,1.4987356760959942,0.0,0.0,0.0012223828511903556,1.0,0.0,0.0,0.0
4.664,0.0,0.0,1.4987381185932187,0.0,0.0,0.0012201143732946797,1.0,0.0,0.0,0.0
4.666,0.0,0.0,1.4987405565573553,0.0,0.0,0.0012178497632087848,1.0,0.0,0.0,0.0
4.668,0.0,0.0,1.4987429899961342,0.0,0.0,0.0012155890156484354,1.0,0.0,0.0,0.0
4.67,0.0,0.0,1.498745418917275,0.0,0.0,0.001213332125331148,1.0,0.0,0.0,0.0
4.672,0.0,0.0,1.4987478433284873,0.0,0.0,0.0012110790869762256,1.0,0.0,0.0,0.0
4.674,0.0,0.0,1.4987502632374696,0.0,0.0,0.0012088298953047798,1.0,0.0,0.0,0.0
4.676,0.0,0.0,1.4987526786519099,0.0,0.0,0.0012065845450397554,1.0,0.0,0.0,0.0
4.678,0.0,0.0,1.4987550895794859,0.0,0.0,0.001204343030905966,1.0,0.0,0.0,0.0
4.68,0.0,0.0,1.4987574960278645,0.0,0.0,0.001202105347630115,1.0,0.0,0.0,0.0
4.682,0.0,0.0,1.498759898004702,0.0,0.0,0.001199871489940821,1.0,0.0,0.0,0.0
4.684,0.0,0.0,1.4987622955176447,0.0,0.0,0.0011976414525686524,1.0,0.0,0.0,0.0
4.686,0.0,0.0,1.4987646885743275,0.0,0.0,0.0011954152302461468,1.0,0.0,0.0,0.0
4.688,0.0,0.0,1.4987670771823756,0.0,0.0,0.0011931928177078414,1.0,0.0,0.0,0.0
4.69,0.0,0.0,1.498769461349403,0.0,0.0,0.0011909742096903018,1.0,0.0,0.0,0.0
4.692,0.0,0.0,1.4987718410830135,0.0,0.0,0.0011887594009321405,1.0,0.0,0.0,0.0
4.694,0.0,0.0,1.4987742163908007,0.0,0.0,0.001186548386174048,1.0,0.0,0.0,0.0
4.696,0.0,0.0,1.498776587280347,0.0,0.0,0.0011843411601588146,1.0,0.0,0.0,0.0
4.698,0.0,0.0,1.4987789537592247,0.0,0.0,0.001182137717631369,1.0,0.0,0.0,0.0
4.7,0.0,0.0,1.4987813158349956,0.0,0.0,0.0011799380533387862,1.0,0.0,0.0,0.0
4.702,0.0,0.0,1.498783673515211,0.0,0.0,0.0011777421620303259,1.0,0.0,0.0,0.0
4.704,0.0,0.0,1.4987860268074114,0.0,0.0,0.0011755500384574504,1.0,0.0,0.0,0.0
4.706,0.0,0.0,1.4987883757191272,0.0,0.0,0.0011733616773738568,1.0,0.0,0.0,0.0
4.708,0.0,0.0,1.498790720257878,0.0,0.0,0.0011711770735354946,1.0,0.0,0.0,0.0
4.71,0.0,0.0,1.4987930604311732,0.0,0.0,0.0011689962217005904,1.0,0.0,0.0,0.0
4.712,0.0,0.0,1.4987953962465115,0.0,0.0,0.0011668191166296735,1.0,0.0,0.0,0.0
4.714,0.0,0.0,1.498797727711381,0.0,0.0,0.0011646457530856138,1.0,0.0,0.0,0.0
4.716,0.0,0.0,1.49880005483326,0.0,0.0,0.0011624761258336297,1.0,0.0,0.0,0.0
4.718,0.0,0.0,1.4988023776196155,0.0,0.0,0.0011603102296413167,1.0,0.0,0.0,0.0
4.72,0.0,0.0,1.4988046960779045,0.0,0.0,0.001158148059278668,1.0,0.0,0.0,0.0
4.722,0.0,0.0,1.4988070102155733,0.0,0.0,0.001155989609518107,1.0,0.0,0.0,0.0
4.724,0.0,0.0,1.4988093200400578,0.0,0.0,0.0011538348751345157,1.0,0.0,0.0,0.0
4.726,0.0,0.0,1.4988116255587838,0.0,0.0,0.0011516838509052344,1.0,0.0,0.0,0.0
4.728,0.0,0.0,1.4988139267791663,0.0,0.0,0.0011495365316101082,1.0,0.0,0.0,0.0
4.73,0.0,0.0,1.4988162237086098,0.0,0.0,0.0011473929120314938,1.0,0.0,0.0,0.0
4.732,0.0,0.0,1.4988185163545087,0.0,0.0,0.0011452529869543095,1.0,0.0,0.0,0.0
4.734,0.0,0.0,1.4988208047242468,0.0,0.0,0.0011431167511660209,1.0,0.0,0.0,0.0
4.736,0.0,0.0,1.4988230888251974,0.0,0.0,0.0011409841994566943,1.0,0.0,0.0,0.0
4.738,0.0,0.0,1.4988253686647235,0.0,0.0,0.0011388553266189999,1.0,0.0,0.0,0.0
4.74,0.0,0.0,1.4988276442501776,0.0,0.0,0.0011367301274482476,1.0,0.0,0.0,0.0
4.742,0.0,0.0,1.4988299155889018,0.0,0.0,0.0011346085967424014,1.0,0.0,0.0,0.0
4.744,0.0,0.0,1.4988321826882278,0.0,0.0,0.0011324907293021075,1.0,0.0,0.0,0.0
4.746,0.0,0.0,1.498834445555477,0.0,0.0,0.0011303765199307157,1.0,0.0,0.0,0.0
4.748,0.0,0.0,1.4988367041979602,0.0,0.0,0.0011282659634342933,1.0,0.0,0.0,0.0
4.75,0.0,0.0,1.4988389586229782,0.0,0.0,0.0011261590546216545,1.0,0.0,0.0,0.0
4.752,0.0,0.0,1.4988412088378211,0.0,0.0,0.0011240557883043841,1.0,0.0,0.0,0.0
4.7540000000000004,0.0,0.0,1.4988434548497687,0.0,0.0,0.0011219561592968454,1.0,0.0,0.0,0.0
4.756,0.0,0.0,1.4988456966660904,0.0,0.0,0.0011198601624162257,1.0,0.0,0.0,0.0
4.758,0.0,0.0,1.4988479342940453,0.0,0.0,0.0011177677924825338,1.0,0.0,0.0,0.0
4.76,0.0,0.0,1.498850167740882,0.0,0.0,0.001115679044318638,1.0,0.0,0.0,0.0
4.7620000000000005,0.0,0.0,1.4988523970138392,0.0,0.0,0.0011135939127502738,1.0,0.0,0.0,0.0
4.764,0.0,0.0,1.4988546221201446,0.0,0.0,0.0011115123926060718,1.0,0.0,0.0,0.0
4.766,0.0,0.0,1.498856843067016,0.0,0.0,0.0011094344787175834,1.0,0.0,0.0,0.0
4.768,0.0,0.0,1.4988590598616607,0.0,0.0,0.0011073601659192874,1.0,0.0,0.0,0.0
4.7700000000000005,0.0,0.0,1.4988612725112755,0.0,0.0,0.0011052894490486322,1.0,0.0,0.0,0.0
4.772,0.0,0.0,1.4988634810230475,0.0,0.0,0.0011032223229460263,1.0,0.0,0.0,0.0
4.774,0.0,0.0,1.4988656854041529,0.0,0.0,0.0011011587824548868,1.0,0.0,0.0,0.0
4.776,0.0,0.0,1.4988678856617577,0.0,0.0,0.0010990988224216507,1.0,0.0,0.0,0.0
4.7780000000000005,0.0,0.0,1.4988700818030178,0.0,0.0,0.0010970424376957786,1.0,0.0,0.0,0.0
4.78,0.0,0.0,1.4988722738350786,0.0,0.0,0.0010949896231298004,1.0,0.0,0.0,0.0
4.782,0.0,0.0,1.4988744617650753,0.0,0.0,0.0010929403735793122,1.0,0.0,0.0,0.0
4.784,0.0,0.0,1.4988766456001328,0.0,0.0,0.001090894683903015,1.0,0.0,0.0,0.0
4.7860000000000005,0.0,0.0,1.4988788253473657,0.0,0.0,0.0010888525489627255,1.0,0.0,0.0,0.0
4.788,0.0,0.0,1.4988810010138782,0.0,0.0,0.0010868139636233869,1.0,0.0,0.0,0.0
4.79,0.0,0.0,1.4988831726067646,0.0,0.0,0.0010847789227531044,1.0,0.0,0.0,0.0
4.792,0.0,0.0,1.4988853401331086,0.0,0.0,0.001082747421223152,1.0,0.0,0.0,0.0
4.7940000000000005,0.0,0.0,1.4988875035999838,0.0,0.0,0.001080719453907998,1.0,0.0,0.0,0.0
4.796,0.0,0.0,1.4988896630144535,0.0,0.0,0.0010786950156853215,1.0,0.0,0.0,0.0
4.798,0.0,0.0,1.4988918183835707,0.0,0.0,0.0010766741014360283,1.0,0.0,0.0,0.0
4.8,0.0,0.0,1.4988939697143782,0.0,0.0,0.0010746567060442784,1.0,0.0,0.0,0.0
4.8020000000000005,0.0,0.0,1.4988961170139086,0.0,0.0,0.0010726428243974892,1.0,0.0,0.0,0.0
4.804,0.0,0.0,1.4988982602891843,0.0,0.0,0.0010706324513863718,1.0,0.0,0.0,0.0
4.806,0.0,0.0,1.4989003995472177,0.0,0.0,0.001068625581904934,1.0,0.0,0.0,0.0
4.808,0.0,0.0,1.4989025347950105,0.0,0.0,0.0010666222108505093,1.0,0.0,0.0,0.0
4.8100000000000005,0.0,0.0,1.4989046660395544,0.0,0.0,0.0010646223331237633,1.0,0.0,0.0,0.0
4.812,0.0,0.0,1.4989067932878313,0.0,0.0,0.0010626259436287296,1.0,0.0,0.0,0.0
4.814,0.0,0.0,1.4989089165468121,0.0,0.0,0.0010606330372728064,1.0,0.0,0.0,0.0
4.816,0.0,0.0,1.4989110358234583,0.0,0.0,0.0010586436089667882,1.0,0.0,0.0,0.0
4.8180000000000005,0.0,0.0,1.498913151124721,0.0,0.0,0.0010566576536248766,1.0,0.0,0.0,0.0
4.82,0.0,0.0,1.4989152624575406,0.0,0.0,0.0010546751661647013,1.0,0.0,0.0,0.0
4.822,0.0,0.0,1.4989173698288483,0.0,0.0,0.001052696141507335,1.0,0.0,0.0,0.0
4.824,0.0,0.0,1.4989194732455644,0.0,0.0,0.0010507205745773104,1.0,0.0,0.0,0.0
4.8260000000000005,0.0,0.0,1.4989215727145992,0.0,0.0,0.001048748460302642,1.0,0.0,0.0,0.0
4.828,0.0,0.0,1.498923668242853,0.0,0.0,0.001046779793614837,1.0,0.0,0.0,0.0
4.83,0.0,0.0,1.498925759837216,0.0,0.0,0.0010448145694489117,1.0,0.0,0.0,0.0
4.832,0.0,0.0,1.4989278475045682,0.0,0.0,0.0010428527827434147,1.0,0.0,0.0,0.0
4.8340000000000005,0.0,0.0,1.4989299312517794,0.0,0.0,0.0010408944284404364,1.0,0.0,0.0,0.0
4.836,0.0,0.0,1.4989320110857094,0.0,0.0,0.0010389395014856271,1.0,0.0,0.0,0.0
4.838,0.0,0.0,1.4989340870132077,0.0,0.0,0.001036987996828218,1.0,0.0,0.0,0.0
4.84,0.0,0.0,1.4989361590411139,0.0,0.0,0.001035039909421032,1.0,0.0,0.0,0.0
4.8420000000000005,0.0,0.0,1.4989382271762575,0.0,0.0,0.0010330952342204982,1.0,0.0,0.0,0.0
4.844,0.0,0.0,1.498940291425458,0.0,0.0,0.0010311539661866768,1.0,0.0,0.0,0.0
4.846,0.0,0.0,1.4989423517955245,0.0,0.0,0.0010292161002832623,1.0,0.0,0.0,0.0
4.848,0.0,0.0,1.4989444082932561,0.0,0.0,0.0010272816314776082,1.0,0.0,0.0,0.0
4.8500000000000005,0.0,0.0,1.4989464609254424,0.0,0.0,0.0010253505547407453,1.0,0.0,0.0,0.0
4.852,0.0,0.0,1.4989485096988622,0.0,0.0,0.0010234228650473848,1.0,0.0,0.0,0.0
4.854,0.0,0.0,1.4989505546202846,0.0,0.0,0.0010214985573759438,1.0,0.0,0.0,0.0
4.856,0.0,0.0,1.4989525956964687,0.0,0.0,0.001019577626708566,1.0,0.0,0.0,0.0
4.8580000000000005,0.0,0.0,1.4989546329341634,0.0,0.0,0.0010176600680311143,1.0,0.0,0.0,0.0
4.86,0.0,0.0,1.4989566663401077,0.0,0.0,0.0010157458763332041,1.0,0.0,0.0,0.0
4.862,0.0,0.0,1.4989586959210306,0.0,0.0,0.0010138350466082234,1.0,0.0,0.0,0.0
4.864,0.0,0.0,1.4989607216836511,0.0,0.0,0.0010119275738533294,1.0,0.0,0.0,0.0
4.866,0.0,0.0,1.498962743634678,0.0,0.0,0.0010100234530694703,1.0,0.0,0.0,0.0
4.868,0.0,0.0,1.4989647617808104,0.0,0.0,0.0010081226792614099,1.0,0.0,0.0,0.0
4.87,0.0,0.0,1.498966776128737,0.0,0.0,0.0010062252474377278,1.0,0.0,0.0,0.0
4.872,0.0,0.0,1.4989687866851371,0.0,0.0,0.00100433115261084,1.0,0.0,0.0,0.0
4.874,0.0,0.0,1.4989707934566796,0.0,0.0,0.0010024403897970176,1.0,0.0,0.0,0.0
4.876,0.0,0.0,1.4989727964500235,0.0,0.0,0.0010005529540163937,1.0,0.0,0.0,0.0
4.878,0.0,0.0,1.4989747956718178,0.0,0.0,0.0009986688402929733,1.0,0.0,0.0,0.0
4.88,0.0,0.0,1.4989767911287017,0.0,0.0,0.000996788043654666,1.0,0.0,0.0,0.0
4.882,0.0,0.0,1.4989787828273045,0.0,0.0,0.000994910559133279,1.0,0.0,0.0,0.0
4.884,0.0,0.0,1.4989807707742453,0.0,0.0,0.0009930363817645487,1.0,0.0,0.0,0.0
4.886,0.0,0.0,1.4989827549761336,0.0,0.0,0.0009911655065881334,1.0,0.0,0.0,0.0
4.888,0.0,0.0,1.498984735439569,0.0,0.0,0.000989297928647646,1.0,0.0,0.0,0.0
4.89,0.0,0.0,1.4989867121711404,0.0,0.0,0.0009874336429906642,1.0,0.0,0.0,0.0
4.892,0.0,0.0,1.4989886851774281,0.0,0.0,0.0009855726446687265,1.0,0.0,0.0,0.0
4.894,0.0,0.0,1.4989906544650016,0.0,0.0,0.000983714928737372,1.0,0.0,0.0,0.0
4.896,0.0,0.0,1.4989926200404207,0.0,0.0,0.0009818604902561334,1.0,0.0,0.0,0.0
4.898,0.0,0.0,1.4989945819102353,0.0,0.0,0.000980009324288554,1.0,0.0,0.0,0.0
4.9,0.0,0.0,1.4989965400809855,0.0,0.0,0.0009781614259022093,1.0,0.0,0.0,0.0
4.902,0.0,0.0,1.4989984945592016,0.0,0.0,0.0009763167901687148,1.0,0.0,0.0,0.0
4.904,0.0,0.0,1.499000445351404,0.0,0.0,0.0009744754121637322,1.0,0.0,0.0,0.0
4.906,0.0,0.0,1.4990023924641032,0.0,0.0,0.0009726372869669874,1.0,0.0,0.0,0.0
4.908,0.0,0.0,1.4990043359038,0.0,0.0,0.0009708024096622923,1.0,0.0,0.0,0.0
4.91,0.0,0.0,1.4990062756769849,0.0,0.0,0.0009689707753375403,1.0,0.0,0.0,0.0
4.912,0.0,0.0,1.4990082117901393,0.0,0.0,0.0009671423790847286,1.0,0.0,0.0,0.0
4.914,0.0,0.0,1.4990101442497343,0.0,0.0,0.0009653172159999649,1.0,0.0,0.0,0.0
4.916,0.0,0.0,1.4990120730622316,0.0,0.0,0.0009634952811834886,1.0,0.0,0.0,0.0
4.918,0.0,0.0,1.4990139982340824,0.0,0.0,0.0009616765697396745,1.0,0.0,0.0,0.0
4.92,0.0,0.0,1.499015919771729,0.0,0.0,0.0009598610767770432,1.0,0.0,0.0,0.0
4.922,0.0,0.0,1.4990178376816032,0.0,0.0,0.0009580487974082864,1.0,0.0,0.0,0.0
4.924,0.0,0.0,1.4990197519701274,0.0,0.0,0.0009562397267502597,1.0,0.0,0.0,0.0
4.926,0.0,0.0,1.499021662643714,0.0,0.0,0.0009544338599240107,1.0,0.0,0.0,0.0
4.928,0.0,0.0,1.499023569708766,0.0,0.0,0.0009526311920547791,1.0,0.0,0.0,0.0
4.93,0.0,0.0,1.4990254731716763,0.0,0.0,0.000950831718272022,1.0,0.0,0.0,0.0
4.932,0.0,0.0,1.4990273730388284,0.0,0.0,0.0009490354337094027,1.0,0.0,0.0,0.0
4.934,0.0,0.0,1.4990292693165956,0.0,0.0,0.0009472423335048228,1.0,0.0,0.0,0.0
4.936,0.0,0.0,1.499031162011342,0.0,0.0,0.0009454524128004225,1.0,0.0,0.0,0.0
4.938,0.0,0.0,1.4990330511294214,0.0,0.0,0.000943665666742598,1.0,0.0,0.0,0.0
4.94,0.0,0.0,1.4990349366771787,0.0,0.0,0.0009418820904820124,1.0,0.0,0.0,0.0
4.942,0.0,0.0,1.4990368186609484,0.0,0.0,0.0009401016791735957,1.0,0.0,0.0,0.0
4.944,0.0,0.0,1.4990386970870555,0.0,0.0,0.0009383244279765763,1.0,0.0,0.0,0.0
4.946,0.0,0.0,1.4990405719618156,0.0,0.0,0.0009365503320544641,1.0,0.0,0.0,0.0
4.948,0.0,0.0,1.4990424432915344,0.0,0.0,0.0009347793865750853,1.0,0.0,0.0,0.0
4.95,0.0,0.0,1.4990443110825076,0.0,0.0,0.0009330115867105825,1.0,0.0,0.0,0.0
4.952,0.0,0.0,1.499046175341022,0.0,0.0,0.0009312469276374224,1.0,0.0,0.0,0.0
4.954,0.0,0.0,1.4990480360733542,0.0,0.0,0.0009294854045364163,1.0,0.0,0.0,0.0
4.956,0.0,0.0,1.4990498932857714,0.0,0.0,0.0009277270125927204,1.0,0.0,0.0,0.0
4.958,0.0,0.0,1.499051746984531,0.0,0.0,0.000925971746995854,1.0,0.0,0.0,0.0
4.96,0.0,0.0,1.499053597175881,0.0,0.0,0.0009242196029396988,1.0,0.0,0.0,0.0
4.962,0.0,0.0,1.4990554438660595,0.0,0.0,0.0009224705756225208,1.0,0.0,0.0,0.0
4.964,0.0,0.0,1.4990572870612953,0.0,0.0,0.0009207246602469768,1.0,0.0,0.0,0.0
4.966,0.0,0.0,1.4990591267678075,0.0,0.0,0.0009189818520201153,1.0,0.0,0.0,0.0
4.968,0.0,0.0,1.4990609629918057,0.0,0.0,0.0009172421461534003,1.0,0.0,0.0,0.0
4.97,0.0,0.0,1.4990627957394898,0.0,0.0,0.0009155055378627085,1.0,0.0,0.0,0.0
4.972,0.0,0.0,1.49906462501705,0.0,0.0,0.0009137720223683468,1.0,0.0,0.0,0.0
4.974,0.0,0.0,1.4990664508306673,0.0,0.0,0.0009120415948950632,1.0,0.0,0.0,0.0
4.976,0.0,0.0,1.4990682731865128,0.0,0.0,0.0009103142506720497,1.0,0.0,0.0,0.0
4.978,0.0,0.0,1.4990700920907485,0.0,0.0,0.0009085899849329538,1.0,0.0,0.0,0.0
4.98,0.0,0.0,1.4990719075495262,0.0,0.0,0.000906868792915885,1.0,0.0,0.0,0.0
4.982,0.0,0.0,1.499073719568989,0.0,0.0,0.0009051506698634364,1.0,0.0,0.0,0.0
4.984,0.0,0.0,1.49907552815527,0.0,0.0,0.000903435611022674,1.0,0.0,0.0,0.0
4.986,0.0,0.0,1.4990773333144927,0.0,0.0,0.0009017236116451686,1.0,0.0,0.0,0.0
4.988,0.0,0.0,1.4990791350527712,0.0,0.0,0.0009000146669869816,1.0,0.0,0.0,0.0
4.99,0.0,0.0,1.4990809333762105,0.0,0.0,0.0008983087723086899,1.0,0.0,0.0,0.0
4.992,0.0,0.0,1.4990827282909056,0.0,0.0,0.0008966059228753895,1.0,0.0,0.0,0.0
4.994,0.0,0.0,1.4990845198029426,0.0,0.0,0.0008949061139567025,1.0,0.0,0.0,0.0
4.996,0.0,0.0,1.4990863079183974,0.0,0.0,0.0008932093408267913,1.0,0.0,0.0,0.0
4.998,0.0,0.0,1.499088092643337,0.0,0.0,0.000891515598764359,1.0,0.0,0.0,0.0
5.0,0.0,0.0,1.4990898739838188,0.0,0.0,0.0008898248830526629,1.0,0.0,0.0,0.0
5.002,0.0,0.0,1.4990916519458908,0.0,0.0,0.0008881371889795257,1.0,0.0,0.0,0.0
5.0040000000000004,0.0,0.0,1.4990934265355915,0.0,0.0,0.0008864525118373389,1.0,0.0,0.0,0.0
5.006,0.0,0.0,1.4990951977589504,0.0,0.0,0.0008847708469230699,1.0,0.0,0.0,0.0
5.008,0.0,0.0,1.4990969656219868,0.0,0.0,0.0008830921895382726,1.0,0.0,0.0,0.0
5.01,0.0,0.0,1.4990987301307113,0.0,0.0,0.0008814165349890946,1.0,0.0,0.0,0.0
5.0120000000000005,0.0,0.0,1.4991004912911248,0.0,0.0,0.0008797438785862913,1.0,0.0,0.0,0.0
5.014,0.0,0.0,1.499102249109219,0.0,0.0,0.000878074215645226,1.0,0.0,0.0,0.0
5.016,0.0,0.0,1.4991040035909762,0.0,0.0,0.000876407541485877,1.0,0.0,0.0,0.0
5.018,0.0,0.0,1.4991057547423692,0.0,0.0,0.0008747438514328519,1.0,0.0,0.0,0.0
5.0200000000000005,0.0,0.0,1.4991075025693614,0.0,0.0,0.0008730831408153873,1.0,0.0,0.0,0.0
5.022,0.0,0.0,1.4991092470779073,0.0,0.0,0.0008714254049673703,1.0,0.0,0.0,0.0
5.024,0.0,0.0,1.4991109882739515,0.0,0.0,0.0008697706392273245,1.0,0.0,0.0,0.0
5.026,0.0,0.0,1.4991127261634296,0.0,0.0,0.0008681188389384379,1.0,0.0,0.0,0.0
5.0280000000000005,0.0,0.0,1.499114460752268,0.0,0.0,0.0008664699994485635,1.0,0.0,0.0,0.0
5.03,0.0,0.0,1.4991161920463836,0.0,0.0,0.0008648241161102189,1.0,0.0,0.0,0.0
5.032,0.0,0.0,1.499117920051684,0.0,0.0,0.0008631811842806006,1.0,0.0,0.0,0.0
5.034,0.0,0.0,1.4991196447740676,0.0,0.0,0.0008615411993215948,1.0,0.0,0.0,0.0
5.0360000000000005,0.0,0.0,1.4991213662194234,0.0,0.0,0.0008599041565997735,1.0,0.0,0.0,0.0
5.038,0.0,0.0,1.4991230843936314,0.0,0.0,0.0008582700514864162,1.0,0.0,0.0,0.0
5.04,0.0,0.0,1.4991247993025623,0.0,0.0,0.0008566388793575027,1.0,0.0,0.0,0.0
5.042,0.0,0.0,1.4991265109520773,0.0,0.0,0.0008550106355937271,1.0,0.0,0.0,0.0
5.0440000000000005,0.0,0.0,1.4991282193480284,0.0,0.0,0.0008533853155805016,1.0,0.0,0.0,0.0
5.046,0.0,0.0,1.4991299244962588,0.0,0.0,0.0008517629147079636,1.0,0.0,0.0,0.0
5.048,0.0,0.0,1.499131626402602,0.0,0.0,0.0008501434283709931,1.0,0.0,0.0,0.0
5.05,0.0,0.0,1.4991333250728824,0.0,0.0,0.0008485268519692025,1.0,0.0,0.0,0.0
5.0520000000000005,0.0,0.0,1.4991350205129153,0.0,0.0,0.0008469131809069471,1.0,0.0,0.0,0.0
5.054,0.0,0.0,1.4991367127285067,0.0,0.0,0.0008453024105933428,1.0,0.0,0.0,0.0
5.056,0.0,0.0,1.4991384017254537,0.0,0.0,0.0008436945364422589,1.0,0.0,0.0,0.0
5.058,0.0,0.0,1.499140087509544,0.0,0.0,0.0008420895538723326,1.0,0.0,0.0,0.0
5.0600000000000005,0.0,0.0,1.4991417700865561,0.0,0.0,0.0008404874583069725,1.0,0.0,0.0,0.0
5.062,0.0,0.0,1.4991434494622595,0.0,0.0,0.0008388882451743617,1.0,0.0,0.0,0.0
5.064,0.0,0.0,1.4991451256424146,0.0,0.0,0.0008372919099074726,1.0,0.0,0.0,0.0
5.066,0.0,0.0,1.4991467986327724,0.0,0.0,0.0008356984479440667,1.0,0.0,0.0,0.0
5.0680000000000005,0.0,0.0,1.499148468439075,0.0,0.0,0.0008341078547266979,1.0,0.0,0.0,0.0
5.07,0.0,0.0,1.4991501350670555,0.0,0.0,0.00083252012570272,1.0,0.0,0.0,0.0
5.072,0.0,0.0,1.4991517985224376,0.0,0.0,0.0008309352563243007,1.0,0.0,0.0,0.0
5.074,0.0,0.0,1.499153458810936,0.0,0.0,0.0008293532420484181,1.0,0.0,0.0,0.0
5.0760000000000005,0.0,0.0,1.4991551159382566,0.0,0.0,0.0008277740783368676,1.0,0.0,0.0,0.0
5.078,0.0,0.0,1.4991567699100956,0.0,0.0,0.0008261977606562693,1.0,0.0,0.0,0.0
5.08,0.0,0.0,1.4991584207321407,0.0,0.0,0.000824624284478075,1.0,0.0,0.0,0.0
5.082,0.0,0.0,1.4991600684100703,0.0,0.0,0.0008230536452785718,1.0,0.0,0.0,0.0
5.0840000000000005,0.0,0.0,1.4991617129495542,0.0,0.0,0.0008214858385388927,1.0,0.0,0.0,0.0
5.086,0.0,0.0,1.4991633543562526,0.0,0.0,0.0008199208597450057,1.0,0.0,0.0,0.0
5.088,0.0,0.0,1.4991649926358168,0.0,0.0,0.0008183587043877428,1.0,0.0,0.0,0.0
5.09,0.0,0.0,1.499166627793889,0.0,0.0,0.0008167993679627818,1.0,0.0,0.0,0.0
5.0920000000000005,0.0,0.0,1.4991682598361031,0.0,0.0,0.000815242845970671,1.0,0.0,0.0,0.0
5.094,0.0,0.0,1.499169888768083,0.0,0.0,0.0008136891339168192,1.0,0.0,0.0,0.0
5.096,0.0,0.0,1.4991715145954443,0.0,0.0,0.0008121382273115164,1.0,0.0,0.0,0.0
5.098,0.0,0.0,1.4991731373237933,0.0,0.0,0.0008105901216699235,1.0,0.0,0.0,0.0
5.1000000000000005,0.0,0.0,1.4991747569587275,0.0,0.0,0.0008090448125120828,1.0,0.0,0.0,0.0
5.102,0.0,0.0,1.4991763735058354,0.0,0.0,0.0008075022953629284,1.0,0.0,0.0,0.0
5.104,0.0,0.0,1.4991779869706965,0.0,0.0,0.0008059625657522835,1.0,0.0,0.0,0.0
5.106,0.0,0.0,1.4991795973588815,0.0,0.0,0.0008044256192148663,1.0,0.0,0.0,0.0
5.1080000000000005,0.0,0.0,1.499181204675952,0.0,0.0,0.0008028914512902983,1.0,0.0,0.0,0.0
5.11,0.0,0.0,1.4991828089274608,0.0,0.0,0.0008013600575231071,1.0,0.0,0.0,0.0
5.112,0.0,0.0,1.4991844101189518,0.0,0.0,0.00079983143346273,1.0,0.0,0.0,0.0
5.114,0.0,0.0,1.4991860082559598,0.0,0.0,0.0007983055746635213,1.0,0.0,0.0,0.0
5.1160000000000005,0.0,0.0,1.4991876033440112,0.0,0.0,0.000796782476684749,1.0,0.0,0.0,0.0
5.118,0.0,0.0,1.499189195388623,0.0,0.0,0.0007952621350906082,1.0,0.0,0.0,0.0
5.12,0.0,0.0,1.4991907843953034,0.0,0.0,0.0007937445454502257,1.0,0.0,0.0,0.0
5.122,0.0,0.0,1.4991923703695522,0.0,0.0,0.0007922297033376556,1.0,0.0,0.0,0.0
5.124,0.0,0.0,1.49919395331686,0.0,0.0,0.0007907176043318902,1.0,0.0,0.0,0.0
5.126,0.0,0.0,1.4991955332427083,0.0,0.0,0.000789208244016864,1.0,0.0,0.0,0.0
5.128,0.0,0.0,1.4991971101525703,0.0,0.0,0.0007877016179814529,1.0,0.0,0.0,0.0
5.13,0.0,0.0,1.49919868405191,0.0,0.0,0.0007861977218194856,1.0,0.0,0.0,0.0
5.132,0.0,0.0,1.499200254946183,0.0,0.0,0.0007846965511297359,1.0,0.0,0.0,0.0
5.134,0.0,0.0,1.4992018228408355,0.0,0.0,0.0007831981015159446,1.0,0.0,0.0,0.0
5.136,0.0,0.0,1.4992033877413056,0.0,0.0,0.0007817023685868082,1.0,0.0,0.0,0.0
5.138,0.0,0.0,1.4992049496530222,0.0,0.0,0.0007802093479559832,1.0,0.0,0.0,0.0
5.14,0.0,0.0,1.4992065085814055,0.0,0.0,0.0007787190352421031,1.0,0.0,0.0,0.0
5.142,0.0,0.0,1.4992080645318668,0.0,0.0,0.0007772314260687646,1.0,0.0,0.0,0.0
5.144,0.0,0.0,1.499209617509809,0.0,0.0,0.000775746516064549,1.0,0.0,0.0,0.0
5.146,0.0,0.0,1.499211167520626,0.0,0.0,0.0007742643008630006,1.0,0.0,0.0,0.0
5.148,0.0,0.0,1.4992127145697032,0.0,0.0,0.0007727847761026661,1.0,0.0,0.0,0.0
5.15,0.0,0.0,1.4992142586624166,0.0,0.0,0.0007713079374270657,1.0,0.0,0.0,0.0
5.152,0.0,0.0,1.4992157998041347,0.0,0.0,0.0007698337804847079,1.0,0.0,0.0,0.0
5.154,0.0,0.0,1.499217338000216,0.0,0.0,0.0007683623009290999,1.0,0.0,0.0,0.0
5.156,0.0,0.0,1.4992188732560114,0.0,0.0,0.0007668934944187471,1.0,0.0,0.0,0.0
5.158,0.0,0.0,1.4992204055768625,0.0,0.0,0.000765427356617147,1.0,0.0,0.0,0.0
5.16,0.0,0.0,1.4992219349681024,0.0,0.0,0.0007639638831927955,1.0,0.0,0.0,0.0
5.162,0.0,0.0,1.4992234614350555,0.0,0.0,0.0007625030698192086,1.0,0.0,0.0,0.0
5.164,0.0,0.0,1.4992249849830375,0.0,0.0,0.0007610449121749008,1.0,0.0,0.0,0.0
5.166,0.0,0.0,1.4992265056173555,0.0,0.0,0.0007595894059433996,1.0,0.0,0.0,0.0
5.168,0.0,0.0,1.4992280233433082,0.0,0.0,0.0007581365468132455,1.0,0.0,0.0,0.0
5.17,0.0,0.0,1.4992295381661855,0.0,0.0,0.0007566863304780023,1.0,0.0,0.0,0.0
5.172,0.0,0.0,1.4992310500912687,0.0,0.0,0.0007552387526362539,1.0,0.0,0.0,0.0
5.174,0.0,0.0,1.4992325591238302,0.0,0.0,0.0007537938089916006,1.0,0.0,0.0,0.0
5.176,0.0,0.0,1.4992340652691345,0.0,0.0,0.0007523514952526734,1.0,0.0,0.0,0.0
5.178,0.0,0.0,1.4992355685324368,0.0,0.0,0.0007509118071331302,1.0,0.0,0.0,0.0
5.18,0.0,0.0,1.4992370689189842,0.0,0.0,0.0007494747403516635,1.0,0.0,0.0,0.0
5.182,0.0,0.0,1.4992385664340153,0.0,0.0,0.0007480402906319961,1.0,0.0,0.0,0.0
5.184,0.0,0.0,1.4992400610827596,0.0,0.0,0.0007466084537028886,1.0,0.0,0.0,0.0
5.186,0.0,0.0,1.4992415528704386,0.0,0.0,0.0007451792252981429,1.0,0.0,0.0,0.0
5.188,0.0,0.0,1.499243041802265,0.0,0.0,0.0007437526011566022,1.0,0.0,0.0,0.0
5.19,0.0,0.0,1.4992445278834432,0.0,0.0,0.0007423285770221477,1.0,0.0,0.0,0.0
5.192,0.0,0.0,1.4992460111191688,0.0,0.0,0.0007409071486437158,1.0,0.0,0.0,0.0
5.194,0.0,0.0,1.4992474915146292,0.0,0.0,0.0007394883117752877,1.0,0.0,0.0,0.0
5.196,0.0,0.0,1.4992489690750033,0.0,0.0,0.0007380720621758933,1.0,0.0,0.0,0.0
5.198,0.0,0.0,1.499250443805461,0.0,0.0,0.0007366583956096215,1.0,0.0,0.0,0.0
5.2,0.0,0.0,1.4992519157111646,0.0,0.0,0.0007352473078456058,1.0,0.0,0.0,0.0
5.202,0.0,0.0,1.499253384797267,0.0,0.0,0.0007338387946580533,1.0,0.0,0.0,0.0
5.204,0.0,0.0,1.4992548510689137,0.0,0.0,0.0007324328518262194,1.0,0.0,0.0,0.0
5.206,0.0,0.0,1.4992563145312405,0.0,0.0,0.0007310294751344217,1.0,0.0,0.0,0.0
5.208,0.0,0.0,1.499257775189376,0.0,0.0,0.0007296286603720448,1.0,0.0,0.0,0.0
5.21,0.0,0.0,1.4992592330484398,0.0,0.0,0.0007282304033335387,1.0,0.0,0.0,0.0
5.212,0.0,0.0,1.4992606881135428,0.0,0.0,0.0007268346998184165,1.0,0.0,0.0,0.0
5.214,0.0,0.0,1.4992621403897883,0.0,0.0,0.000725441545631268,1.0,0.0,0.0,0.0
5.216,0.0,0.0,1.4992635898822706,0.0,0.0,0.0007240509365817525,1.0,0.0,0.0,0.0
5.218,0.0,0.0,1.4992650365960756,0.0,0.0,0.0007226628684845958,1.0,0.0,0.0,0.0
5.22,0.0,0.0,1.4992664805362812,0.0,0.0,0.0007212773371596038,1.0,0.0,0.0,0.0
5.222,0.0,0.0,1.4992679217079568,0.0,0.0,0.0007198943384316524,1.0,0.0,0.0,0.0
5.224,0.0,0.0,1.4992693601161633,0.0,0.0,0.0007185138681307047,1.0,0.0,0.0,0.0
5.226,0.0,0.0,1.4992707957659535,0.0,0.0,0.0007171359220918008,1.0,0.0,0.0,0.0
5.228,0.0,0.0,1.4992722286623716,0.0,0.0,0.0007157604961550578,1.0,0.0,0.0,0.0
5.23,0.0,0.0,1.499273658810454,0.0,0.0,0.0007143875861656797,1.0,0.0,0.0,0.0
5.232,0.0,0.0,1.4992750862152282,0.0,0.0,0.0007130171879739481,1.0,0.0,0.0,0.0
5.234,0.0,0.0,1.4992765108817137,0.0,0.0,0.0007116492974352349,1.0,0.0,0.0,0.0
5.236,0.0,0.0,1.4992779328149215,0.0,0.0,0.0007102839104100001,1.0,0.0,0.0,0.0
5.238,0.0,0.0,1.4992793520198546,0.0,0.0,0.0007089210227637873,1.0,0.0,0.0,0.0
5.24,0.0,0.0,1.4992807685015077,0.0,0.0,0.0007075606303672347,1.0,0.0,0.0,0.0
5.242,0.0,0.0,1.4992821822648672,0.0,0.0,0.0007062027290960645,1.0,0.0,0.0,0.0
5.244,0.0,0.0,1.4992835933149111,0.0,0.0,0.0007048473148310936,1.0,0.0,0.0,0.0
5.246,0.0,0.0,1.4992850016566095,0.0,0.0,0.0007034943834582332,1.0,0.0,0.0,0.0
5.248,0.0,0.0,1.499286407294924,0.0,0.0,0.0007021439308684858,1.0,0.0,0.0,0.0
5.25,0.0,0.0,1.4992878102348077,0.0,0.0,0.0007007959529579484,1.0,0.0,0.0,0.0
5.252,0.0,0.0,1.4992892104812063,0.0,0.0,0.0006994504456278197,1.0,0.0,0.0,0.0
5.2540000000000004,0.0,0.0,1.4992906080390567,0.0,0.0,0.0006981074047843894,1.0,0.0,0.0,0.0
5.256,0.0,0.0,1.499292002913288,0.0,0.0,0.0006967668263390454,1.0,0.0,0.0,0.0
5.258,0.0,0.0,1.4992933951088205,0.0,0.0,0.0006954287062082809,1.0,0.0,0.0,0.0
5.26,0.0,0.0,1.499294784630567,0.0,0.0,0.0006940930403136765,1.0,0.0,0.0,0.0
5.2620000000000005,0.0,0.0,1.499296171483432,0.0,0.0,0.000692759824581925,1.0,0.0,0.0,0.0
5.264,0.0,0.0,1.4992975556723116,0.0,0.0,0.0006914290549448142,1.0,0.0,0.0,0.0
5.266,0.0,0.0,1.499298937202094,0.0,0.0,0.0006901007273392334,1.0,0.0,0.0,0.0
5.268,0.0,0.0,1.499300316077659,0.0,0.0,0.0006887748377071769,1.0,0.0,0.0,0.0
5.2700000000000005,0.0,0.0,1.4993016923038787,0.0,0.0,0.0006874513819957411,1.0,0.0,0.0,0.0
5.272,0.0,0.0,1.4993030658856168,0.0,0.0,0.0006861303561571308,1.0,0.0,0.0,0.0
5.274,0.0,0.0,1.499304436827729,0.0,0.0,0.0006848117561486458,1.0,0.0,0.0,0.0
5.276,0.0,0.0,1.4993058051350632,0.0,0.0,0.0006834955779326979,1.0,0.0,0.0,0.0
5.2780000000000005,0.0,0.0,1.4993071708124586,0.0,0.0,0.0006821818174768009,1.0,0.0,0.0,0.0
5.28,0.0,0.0,1.4993085338647467,0.0,0.0,0.0006808704707535772,1.0,0.0,0.0,0.0
5.282,0.0,0.0,1.4993098942967513,0.0,0.0,0.0006795615337407509,1.0,0.0,0.0,0.0
5.284,0.0,0.0,1.4993112521132874,0.0,0.0,0.0006782550024211585,1.0,0.0,0.0,0.0
5.2860000000000005,0.0,0.0,1.4993126073191627,0.0,0.0,0.0006769508727827384,1.0,0.0,0.0,0.0
5.288,0.0,0.0,1.4993139599191763,0.0,0.0,0.0006756491408185409,1.0,0.0,0.0,0.0
5.29,0.0,0.0,1.4993153099181196,0.0,0.0,0.0006743498025267185,1.0,0.0,0.0,0.0
5.292,0.0,0.0,1.499316657320776,0.0,0.0,0.0006730528539105355,1.0,0.0,0.0,0.0
5.2940000000000005,0.0,0.0,1.4993180021319208,0.0,0.0,0.0006717582909783621,1.0,0.0,0.0,0.0
5.296,0.0,0.0,1.4993193443563215,0.0,0.0,0.0006704661097436732,1.0,0.0,0.0,0.0
5.298,0.0,0.0,1.4993206839987374,0.0,0.0,0.0006691763062250599,1.0,0.0,0.0,0.0
5.3,0.0,0.0,1.49932202106392,0.0,0.0,0.0006678888764462149,1.0,0.0,0.0,0.0
5.3020000000000005,0.0,0.0,1.4993233555566128,0.0,0.0,0.0006666038164359398,1.0,0.0,0.0,0.0
5.304,0.0,0.0,1.4993246874815513,0.0,0.0,0.0006653211222281483,1.0,0.0,0.0,0.0
5.306,0.0,0.0,1.4993260168434634,0.0,0.0,0.0006640407898618596,1.0,0.0,0.0,0.0
5.308,0.0,0.0,1.4993273436470687,0.0,0.0,0.0006627628153811981,1.0,0.0,0.0,0.0
5.3100000000000005,0.0,0.0,1.499328667897079,0.0,0.0,0.0006614871948354005,1.0,0.0,0.0,0.0
5.312,0.0,0.0,1.4993299895981982,0.0,0.0,0.0006602139242788089,1.0,0.0,0.0,0.0
5.314,0.0,0.0,1.4993313087551223,0.0,0.0,0.0006589429997708739,1.0,0.0,0.0,0.0
5.316,0.0,0.0,1.4993326253725394,0.0,0.0,0.0006576744173761516,1.0,0.0,0.0,0.0
5.3180000000000005,0.0,0.0,1.49933393945513,0.0,0.0,0.0006564081731643068,1.0,0.0,0.0,0.0
5.32,0.0,0.0,1.4993352510075664,0.0,0.0,0.0006551442632101133,1.0,0.0,0.0,0.0
5.322,0.0,0.0,1.4993365600345132,0.0,0.0,0.0006538826835934462,1.0,0.0,0.0,0.0
5.324,0.0,0.0,1.4993378665406272,0.0,0.0,0.0006526234303992933,1.0,0.0,0.0,0.0
5.3260000000000005,0.0,0.0,1.4993391705305572,0.0,0.0,0.000651366499717744,1.0,0.0,0.0,0.0
5.328,0.0,0.0,1.4993404720089445,0.0,0.0,0.0006501118876439893,1.0,0.0,0.0,0.0
5.33,0.0,0.0,1.4993417709804224,0.0,0.0,0.0006488595902783327,1.0,0.0,0.0,0.0
5.332,0.0,0.0,1.4993430674496164,0.0,0.0,0.0006476096037261793,1.0,0.0,0.0,0.0
5.3340000000000005,0.0,0.0,1.4993443614211444,0.0,0.0,0.0006463619240980361,1.0,0.0,0.0,0.0
5.336,0.0,0.0,1.4993456528996159,0.0,0.0,0.0006451165475095149,1.0,0.0,0.0,0.0
5.338,0.0,0.0,1.4993469418896335,0.0,0.0,0.0006438734700813295,1.0,0.0,0.0,0.0
5.34,0.0,0.0,1.4993482283957915,0.0,0.0,0.0006426326879392956,1.0,0.0,0.0,0.0
5.3420000000000005,0.0,0.0,1.4993495124226768,0.0,0.0,0.0006413941972143301,1.0,0.0,0.0,0.0
5.344,0.0,0.0,1.499350793974868,0.0,0.0,0.0006401579940424485,1.0,0.0,0.0,0.0
5.346,0.0,0.0,1.4993520730569367,0.0,0.0,0.0006389240745647714,1.0,0.0,0.0,0.0
5.348,0.0,0.0,1.4993533496734461,0.0,0.0,0.0006376924349275137,1.0,0.0,0.0,0.0
5.3500000000000005,0.0,0.0,1.4993546238289523,0.0,0.0,0.0006364630712819961,1.0,0.0,0.0,0.0
5.352,0.0,0.0,1.4993558955280035,0.0,0.0,0.0006352359797846299,1.0,0.0,0.0,0.0
5.354,0.0,0.0,1.4993571647751398,0.0,0.0,0.0006340111565969212,1.0,0.0,0.0,0.0
5.356,0.0,0.0,1.4993584315748942,0.0,0.0,0.0006327885978854776,1.0,0.0,0.0,0.0
5.3580000000000005,0.0,0.0,1.4993596959317919,0.0,0.0,0.000631568299821998,1.0,0.0,0.0,0.0
5.36,0.0,0.0,1.4993609578503502,0.0,0.0,0.0006303502585832791,1.0,0.0,0.0,0.0
5.362,0.0,0.0,1.4993622173350791,0.0,0.0,0.0006291344703512055,1.0,0.0,0.0,0.0
5.364,0.0,0.0,1.499363474390481,0.0,0.0,0.0006279209313127597,1.0,0.0,0.0,0.0
5.3660000000000005,0.0,0.0,1.49936472902105,0.0,0.0,0.0006267096376600082,1.0,0.0,0.0,0.0
5.368,0.0,0.0,1.4993659812312732,0.0,0.0,0.000625500585590112,1.0,0.0,0.0,0.0
5.37,0.0,0.0,1.49936723102563,0.0,0.0,0.0006242937713053197,1.0,0.0,0.0,0.0
5.372,0.0,0.0,1.4993684784085923,0.0,0.0,0.0006230891910129673,1.0,0.0,0.0,0.0
5.3740000000000006,0.0,0.0,1.4993697233846244,0.0,0.0,0.0006218868409254784,1.0,0.0,0.0,0.0
5.376,0.0,0.0,1.4993709659581826,0.0,0.0,0.0006206867172603604,1.0,0.0,0.0,0.0
5.378,0.0,0.0,1.4993722061337162,0.0,0.0,0.0006194888162402047,1.0,0.0,0.0,0.0
5.38,0.0,0.0,1.4993734439156665,0.0,0.0,0.000618293134092683,1.0,0.0,0.0,0.0
5.382,0.0,0.0,1.4993746793084677,0.0,0.0,0.0006170996670505547,1.0,0.0,0.0,0.0
5.384,0.0,0.0,1.499375912316546,0.0,0.0,0.0006159084113516558,1.0,0.0,0.0,0.0
5.386,0.0,0.0,1.4993771429443206,0.0,0.0,0.0006147193632389028,1.0,0.0,0.0,0.0
5.388,0.0,0.0,1.4993783711962028,0.0,0.0,0.0006135325189602854,1.0,0.0,0.0,0.0
5.39,0.0,0.0,1.4993795970765964,0.0,0.0,0.0006123478747688738,1.0,0.0,0.0,0.0
5.392,0.0,0.0,1.4993808205898982,0.0,0.0,0.0006111654269228078,1.0,0.0,0.0,0.0
5.394,0.0,0.0,1.4993820417404968,0.0,0.0,0.0006099851716853075,1.0,0.0,0.0,0.0
5.396,0.0,0.0,1.499383260532774,0.0,0.0,0.0006088071053246595,1.0,0.0,0.0,0.0
5.398,0.0,0.0,1.4993844769711033,0.0,0.0,0.0006076312241142199,1.0,0.0,0.0,0.0
5.4,0.0,0.0,1.4993856910598518,0.0,0.0,0.0006064575243324215,1.0,0.0,0.0,0.0
5.402,0.0,0.0,1.4993869028033784,0.0,0.0,0.0006052860022627564,1.0,0.0,0.0,0.0
5.404,0.0,0.0,1.4993881122060349,0.0,0.0,0.0006041166541937793,1.0,0.0,0.0,0.0
5.406,0.0,0.0,1.4993893192721655,0.0,0.0,0.0006029494764191179,1.0,0.0,0.0,0.0
5.408,0.0,0.0,1.4993905240061072,0.0,0.0,0.0006017844652374523,1.0,0.0,0.0,0.0
5.41,0.0,0.0,1.4993917264121894,0.0,0.0,0.0006006216169525319,1.0,0.0,0.0,0.0
5.412,0.0,0.0,1.4993929264947343,0.0,0.0,0.0005994609278731654,1.0,0.0,0.0,0.0
5.414,0.0,0.0,1.4993941242580564,0.0,0.0,0.0005983023943132134,1.0,0.0,0.0,0.0
5.416,0.0,0.0,1.4993953197064633,0.0,0.0,0.000597146012591592,1.0,0.0,0.0,0.0
5.418,0.0,0.0,1.499396512844255,0.0,0.0,0.000595991779032273,1.0,0.0,0.0,0.0
5.42,0.0,0.0,1.499397703675724,0.0,0.0,0.0005948396899642761,1.0,0.0,0.0,0.0
5.422,0.0,0.0,1.4993988922051558,0.0,0.0,0.0005936897417216772,1.0,0.0,0.0,0.0
5.424,0.0,0.0,1.4994000784368282,0.0,0.0,0.0005925419306435965,1.0,0.0,0.0,0.0
5.426,0.0,0.0,1.499401262375012,0.0,0.0,0.0005913962530741993,1.0,0.0,0.0,0.0
5.428,0.0,0.0,1.4994024440239704,0.0,0.0,0.0005902527053627028,1.0,0.0,0.0,0.0
5.43,0.0,0.0,1.4994036233879595,0.0,0.0,0.0005891112838633584,1.0,0.0,0.0,0.0
5.432,0.0,0.0,1.4994048004712284,0.0,0.0,0.0005879719849354589,1.0,0.0,0.0,0.0
5.434,0.0,0.0,1.4994059752780182,0.0,0.0,0.0005868348049433382,1.0,0.0,0.0,0.0
5.436,0.0,0.0,1.4994071478125635,0.0,0.0,0.0005856997402563645,1.0,0.0,0.0,0.0
5.438,0.0,0.0,1.499408318079091,0.0,0.0,0.0005845667872489403,1.0,0.0,0.0,0.0
5.44,0.0,0.0,1.4994094860818206,0.0,0.0,0.0005834359423005092,1.0,0.0,0.0,0.0
5.442,0.0,0.0,1.4994106518249646,0.0,0.0,0.0005823072017955314,1.0,0.0,0.0,0.0
5.444,0.0,0.0,1.4994118153127285,0.0,0.0,0.0005811805621234976,1.0,0.0,0.0,0.0
5.446,0.0,0.0,1.4994129765493103,0.0,0.0,0.0005800560196789329,1.0,0.0,0.0,0.0
5.448,0.0,0.0,1.4994141355389008,0.0,0.0,0.0005789335708613856,1.0,0.0,0.0,0.0
5.45,0.0,0.0,1.4994152922856838,0.0,0.0,0.0005778132120754174,1.0,0.0,0.0,0.0
5.452,0.0,0.0,1.4994164467938356,0.0,0.0,0.000576694939730613,1.0,0.0,0.0,0.0
5.454,0.0,0.0,1.4994175990675256,0.0,0.0,0.0005755787502415773,1.0,0.0,0.0,0.0
5.456,0.0,0.0,1.4994187491109159,0.0,0.0,0.0005744646400279281,1.0,0.0,0.0,0.0
5.458,0.0,0.0,1.4994198969281614,0.0,0.0,0.0005733526055142926,1.0,0.0,0.0,0.0
5.46,0.0,0.0,1.49942104252341,0.0,0.0,0.0005722426431303179,1.0,0.0,0.0,0.0
5.462,0.0,0.0,1.4994221859008026,0.0,0.0,0.0005711347493106497,1.0,0.0,0.0,0.0
5.464,0.0,0.0,1.4994233270644723,0.0,0.0,0.0005700289204949431,1.0,0.0,0.0,0.0
5.466,0.0,0.0,1.499424466018546,0.0,0.0,0.0005689251531278589,1.0,0.0,0.0,0.0
5.468,0.0,0.0,1.4994256027671429,0.0,0.0,0.0005678234436590567,1.0,0.0,0.0,0.0
5.47,0.0,0.0,1.499426737314375,0.0,0.0,0.0005667237885431912,1.0,0.0,0.0,0.0
5.472,0.0,0.0,1.4994278696643477,0.0,0.0,0.0005656261842399193,1.0,0.0,0.0,0.0
5.474,0.0,0.0,1.4994289998211592,0.0,0.0,0.0005645306272138893,1.0,0.0,0.0,0.0
5.476,0.0,0.0,1.4994301277889004,0.0,0.0,0.0005634371139347412,1.0,0.0,0.0,0.0
5.478,0.0,0.0,1.4994312535716552,0.0,0.0,0.0005623456408770994,1.0,0.0,0.0,0.0
5.48,0.0,0.0,1.4994323771735005,0.0,0.0,0.0005612562045205837,1.0,0.0,0.0,0.0
5.482,0.0,0.0,1.4994334985985065,0.0,0.0,0.0005601688013497909,1.0,0.0,0.0,0.0
5.484,0.0,0.0,1.4994346178507356,0.0,0.0,0.0005590834278542988,1.0,0.0,0.0,0.0
5.486,0.0,0.0,1.499435734934244,0.0,0.0,0.0005580000805286661,1.0,0.0,0.0,0.0
5.488,0.0,0.0,1.4994368498530803,0.0,0.0,0.000556918755872429,1.0,0.0,0.0,0.0
5.49,0.0,0.0,1.4994379626112866,0.0,0.0,0.0005558394503900937,1.0,0.0,0.0,0.0
5.492,0.0,0.0,1.4994390732128975,0.0,0.0,0.0005547621605911369,1.0,0.0,0.0,0.0
5.494,0.0,0.0,1.4994401816619412,0.0,0.0,0.000553686882990009,1.0,0.0,0.0,0.0
5.496,0.0,0.0,1.4994412879624381,0.0,0.0,0.0005526136141061162,1.0,0.0,0.0,0.0
5.498,0.0,0.0,1.4994423921184028,0.0,0.0,0.0005515423504638389,1.0,0.0,0.0,0.0
5.5,0.0,0.0,1.499443494133842,0.0,0.0,0.0005504730885925096,1.0,0.0,0.0,0.0
5.502,0.0,0.0,1.4994445940127556,0.0,0.0,0.0005494058250264172,1.0,0.0,0.0,0.0
5.5040000000000004,0.0,0.0,1.499445691759137,0.0,0.0,0.0005483405563048064,1.0,0.0,0.0,0.0
5.506,0.0,0.0,1.4994467873769723,0.0,0.0,0.0005472772789718779,1.0,0.0,0.0,0.0
5.508,0.0,0.0,1.499447880870241,0.0,0.0,0.0005462159895767745,1.0,0.0,0.0,0.0
5.51,0.0,0.0,1.4994489722429152,0.0,0.0,0.0005451566846735948,1.0,0.0,0.0,0.0
5.5120000000000005,0.0,0.0,1.4994500614989608,0.0,0.0,0.0005440993608213722,1.0,0.0,0.0,0.0
5.514,0.0,0.0,1.499451148642336,0.0,0.0,0.0005430440145840782,1.0,0.0,0.0,0.0
5.516,0.0,0.0,1.499452233676993,0.0,0.0,0.0005419906425306264,1.0,0.0,0.0,0.0
5.518,0.0,0.0,1.4994533166068769,0.0,0.0,0.0005409392412348685,1.0,0.0,0.0,0.0
5.5200000000000005,0.0,0.0,1.4994543974359253,0.0,0.0,0.0005398898072755839,1.0,0.0,0.0,0.0
5.522,0.0,0.0,1.4994554761680698,0.0,0.0,0.0005388423372364796,1.0,0.0,0.0,0.0
5.524,0.0,0.0,1.4994565528072348,0.0,0.0,0.0005377968277061902,1.0,0.0,0.0,0.0
5.526,0.0,0.0,1.4994576273573377,0.0,0.0,0.0005367532752782706,1.0,0.0,0.0,0.0
5.5280000000000005,0.0,0.0,1.4994586998222894,0.0,0.0,0.0005357116765511966,1.0,0.0,0.0,0.0
5.53,0.0,0.0,1.4994597702059942,0.0,0.0,0.0005346720281283643,1.0,0.0,0.0,0.0
5.532,0.0,0.0,1.499460838512349,0.0,0.0,0.000533634326618076,1.0,0.0,0.0,0.0
5.534,0.0,0.0,1.4994619047452442,0.0,0.0,0.0005325985686335512,1.0,0.0,0.0,0.0
5.5360000000000005,0.0,0.0,1.4994629689085637,0.0,0.0,0.0005315647507929119,1.0,0.0,0.0,0.0
5.538,0.0,0.0,1.4994640310061842,0.0,0.0,0.0005305328697191865,1.0,0.0,0.0,0.0
5.54,0.0,0.0,1.499465091041976,0.0,0.0,0.0005295029220403064,1.0,0.0,0.0,0.0
5.542,0.0,0.0,1.4994661490198025,0.0,0.0,0.0005284749043891016,1.0,0.0,0.0,0.0
5.5440000000000005,0.0,0.0,1.4994672049435203,0.0,0.0,0.0005274488134032947,1.0,0.0,0.0,0.0
5.546,0.0,0.0,1.4994682588169794,0.0,0.0,0.0005264246457255003,1.0,0.0,0.0,0.0
5.548,0.0,0.0,1.4994693106440231,0.0,0.0,0.0005254023980032248,1.0,0.0,0.0,0.0
5.55,0.0,0.0,1.499470360428488,0.0,0.0,0.0005243820668888599,1.0,0.0,0.0,0.0
5.5520000000000005,0.0,0.0,1.499471408174204,0.0,0.0,0.0005233636490396716,1.0,0.0,0.0,0.0
5.554,0.0,0.0,1.4994724538849942,0.0,0.0,0.0005223471411178142,1.0,0.0,0.0,0.0
5.556,0.0,0.0,1.499473497564675,0.0,0.0,0.0005213325397903165,1.0,0.0,0.0,0.0
5.558,0.0,0.0,1.4994745392170565,0.0,0.0,0.0005203198417290781,1.0,0.0,0.0,0.0
5.5600000000000005,0.0,0.0,1.499475578845942,0.0,0.0,0.0005193090436108622,1.0,0.0,0.0,0.0
5.562,0.0,0.0,1.4994766164551276,0.0,0.0,0.0005183001421173099,1.0,0.0,0.0,0.0
5.564,0.0,0.0,1.4994776520484037,0.0,0.0,0.0005172931339349187,1.0,0.0,0.0,0.0
5.566,0.0,0.0,1.4994786856295534,0.0,0.0,0.0005162880157550464,1.0,0.0,0.0,0.0
5.5680000000000005,0.0,0.0,1.4994797172023535,0.0,0.0,0.0005152847842739003,1.0,0.0,0.0,0.0
5.57,0.0,0.0,1.499480746770574,0.0,0.0,0.0005142834361925477,1.0,0.0,0.0,0.0
5.572,0.0,0.0,1.4994817743379785,0.0,0.0,0.0005132839682169089,1.0,0.0,0.0,0.0
5.574,0.0,0.0,1.4994827999083238,0.0,0.0,0.0005122863770577393,1.0,0.0,0.0,0.0
5.5760000000000005,0.0,0.0,1.4994838234853602,0.0,0.0,0.0005112906594306477,1.0,0.0,0.0,0.0
5.578,0.0,0.0,1.4994848450728318,0.0,0.0,0.0005102968120560743,1.0,0.0,0.0,0.0
5.58,0.0,0.0,1.4994858646744755,0.0,0.0,0.0005093048316592946,1.0,0.0,0.0,0.0
5.582,0.0,0.0,1.4994868822940222,0.0,0.0,0.0005083147149704229,1.0,0.0,0.0,0.0
5.5840000000000005,0.0,0.0,1.4994878979351958,0.0,0.0,0.0005073264587243945,1.0,0.0,0.0,0.0
5.586,0.0,0.0,1.499488911601714,0.0,0.0,0.00050634005966098,1.0,0.0,0.0,0.0
5.588,0.0,0.0,1.4994899232972883,0.0,0.0,0.0005053555145247604,1.0,0.0,0.0,0.0
5.59,0.0,0.0,1.4994909330256228,0.0,0.0,0.0005043728200651448,1.0,0.0,0.0,0.0
5.5920000000000005,0.0,0.0,1.499491940790416,0.0,0.0,0.000503391973036349,1.0,0.0,0.0,0.0
5.594,0.0,0.0,1.4994929465953593,0.0,0.0,0.000502412970197403,1.0,0.0,0.0,0.0
5.596,0.0,0.0,1.4994939504441378,0.0,0.0,0.0005014358083121434,1.0,0.0,0.0,0.0
5.598,0.0,0.0,1.4994949523404302,0.0,0.0,0.0005004604841492171,1.0,0.0,0.0,0.0
5.6000000000000005,0.0,0.0,1.4994959522879088,0.0,0.0,0.0004994869944820639,1.0,0.0,0.0,0.0
5.602,0.0,0.0,1.4994969502902393,0.0,0.0,0.0004985153360889197,1.0,0.0,0.0,0.0
5.604,0.0,0.0,1.4994979463510811,0.0,0.0,0.0004975455057528198,1.0,0.0,0.0,0.0
5.606,0.0,0.0,1.499498940474087,0.0,0.0,0.0004965775002615889,1.0,0.0,0.0,0.0
5.6080000000000005,0.0,0.0,1.4994999326629037,0.0,0.0,0.0004956113164078335,1.0,0.0,0.0,0.0
5.61,0.0,0.0,1.499500922921171,0.0,0.0,0.0004946469509889386,1.0,0.0,0.0,0.0
5.612,0.0,0.0,1.499501911252523,0.0,0.0,0.0004936844008070817,1.0,0.0,0.0,0.0
5.614,0.0,0.0,1.4995028976605864,0.0,0.0,0.0004927236626692011,1.0,0.0,0.0,0.0
5.6160000000000005,0.0,0.0,1.4995038821489826,0.0,0.0,0.0004917647333870132,1.0,0.0,0.0,0.0
5.618,0.0,0.0,1.4995048647213258,0.0,0.0,0.0004908076097770024,1.0,0.0,0.0,0.0
5.62,0.0,0.0,1.4995058453812242,0.0,0.0,0.0004898522886604138,1.0,0.0,0.0,0.0
5.622,0.0,0.0,1.4995068241322798,0.0,0.0,0.0004888987668632528,1.0,0.0,0.0,0.0
5.6240000000000006,0.0,0.0,1.4995078009780878,0.0,0.0,0.00048794704121628215,1.0,0.0,0.0,0.0
5.626,0.0,0.0,1.4995087759222376,0.0,0.0,0.0004869971085550181,1.0,0.0,0.0,0.0
5.628,0.0,0.0,1.499509748968312,0.0,0.0,0.0004860489657197232,1.0,0.0,0.0,0.0
5.63,0.0,0.0,1.4995107201198874,0.0,0.0,0.00048510260955541017,1.0,0.0,0.0,0.0
5.632,0.0,0.0,1.4995116893805338,0.0,0.0,0.0004841580369118273,1.0,0.0,0.0,0.0
5.634,0.0,0.0,1.4995126567538153,0.0,0.0,0.0004832152446434624,1.0,0.0,0.0,0.0
5.636,0.0,0.0,1.4995136222432894,0.0,0.0,0.0004822742296095389,1.0,0.0,0.0,0.0
5.638,0.0,0.0,1.4995145858525076,0.0,0.0,0.00048133498867400533,1.0,0.0,0.0,0.0
5.64,0.0,0.0,1.499515547585015,0.0,0.0,0.000480397518705539,1.0,0.0,0.0,0.0
5.642,0.0,0.0,1.4995165074443504,0.0,0.0,0.0004794618165775351,1.0,0.0,0.0,0.0
5.644,0.0,0.0,1.4995174654340462,0.0,0.0,0.0004785278791681141,1.0,0.0,0.0,0.0
5.646,0.0,0.0,1.4995184215576287,0.0,0.0,0.0004775957033601071,1.0,0.0,0.0,0.0
5.648,0.0,0.0,1.499519375818618,0.0,0.0,0.0004766652860410564,1.0,0.0,0.0,0.0
5.65,0.0,0.0,1.4995203282205283,0.0,0.0,0.00047573662410321137,1.0,0.0,0.0,0.0
5.652,0.0,0.0,1.4995212787668668,0.0,0.0,0.00047480971444351826,1.0,0.0,0.0,0.0
5.654,0.0,0.0,1.4995222274611353,0.0,0.0,0.000473884553963627,1.0,0.0,0.0,0.0
5.656,0.0,0.0,1.499523174306829,0.0,0.0,0.0004729611395698808,1.0,0.0,0.0,0.0
5.658,0.0,0.0,1.4995241193074367,0.0,0.0,0.0004720394681733123,1.0,0.0,0.0,0.0
5.66,0.0,0.0,1.4995250624664416,0.0,0.0,0.0004711195366896473,1.0,0.0,0.0,0.0
5.662,0.0,0.0,1.4995260037873204,0.0,0.0,0.0004702013420392835,1.0,0.0,0.0,0.0
5.664,0.0,0.0,1.4995269432735436,0.0,0.0,0.0004692848811473046,1.0,0.0,0.0,0.0
5.666,0.0,0.0,1.4995278809285757,0.0,0.0,0.00046837015094346955,1.0,0.0,0.0,0.0
5.668,0.0,0.0,1.499528816755875,0.0,0.0,0.0004674571483622022,1.0,0.0,0.0,0.0
5.67,0.0,0.0,1.4995297507588936,0.0,0.0,0.0004665458703425981,1.0,0.0,0.0,0.0
5.672,0.0,0.0,1.4995306829410777,0.0,0.0,0.00046563631382841395,1.0,0.0,0.0,0.0
5.674,0.0,0.0,1.4995316133058674,0.0,0.0,0.0004647284757680642,1.0,0.0,0.0,0.0
5.676,0.0,0.0,1.4995325418566963,0.0,0.0,0.00046382235311461716,1.0,0.0,0.0,0.0
5.678,0.0,0.0,1.499533468596992,0.0,0.0,0.00046291794282579533,1.0,0.0,0.0,0.0
5.68,0.0,0.0,1.4995343935301768,0.0,0.0,0.0004620152418639646,1.0,0.0,0.0,0.0
5.682,0.0,0.0,1.4995353166596659,0.0,0.0,0.0004611142471961306,1.0,0.0,0.0,0.0
5.684,0.0,0.0,1.4995362379888688,0.0,0.0,0.000460214955793946,1.0,0.0,0.0,0.0
5.686,0.0,0.0,1.4995371575211893,0.0,0.0,0.0004593173646336856,1.0,0.0,0.0,0.0
5.688,0.0,0.0,1.4995380752600247,0.0,0.0,0.0004584214706962603,1.0,0.0,0.0,0.0
5.69,0.0,0.0,1.4995389912087664,0.0,0.0,0.00045752727096720684,1.0,0.0,0.0,0.0
5.692,0.0,0.0,1.4995399053707998,0.0,0.0,0.0004566347624366839,1.0,0.0,0.0,0.0
5.694,0.0,0.0,1.4995408177495044,0.0,0.0,0.0004557439420994688,1.0,0.0,0.0,0.0
5.696,0.0,0.0,1.4995417283482535,0.0,0.0,0.00045485480695494664,1.0,0.0,0.0,0.0
5.698,0.0,0.0,1.4995426371704144,0.0,0.0,0.0004539673540071175,1.0,0.0,0.0,0.0
5.7,0.0,0.0,1.4995435442193485,0.0,0.0,0.00045308158026458235,1.0,0.0,0.0,0.0
5.702,0.0,0.0,1.4995444494984116,0.0,0.0,0.00045219748274054274,1.0,0.0,0.0,0.0
5.704,0.0,0.0,1.4995453530109528,0.0,0.0,0.00045131505845280107,1.0,0.0,0.0,0.0
5.706,0.0,0.0,1.4995462547603158,0.0,0.0,0.00045043430442375345,1.0,0.0,0.0,0.0
5.708,0.0,0.0,1.4995471547498378,0.0,0.0,0.0004495552176803753,1.0,0.0,0.0,0.0
5.71,0.0,0.0,1.4995480529828507,0.0,0.0,0.00044867779525423234,1.0,0.0,0.0,0.0
5.712,0.0,0.0,1.4995489494626801,0.0,0.0,0.000447802034181466,1.0,0.0,0.0,0.0
5.714,0.0,0.0,1.4995498441926458,0.0,0.0,0.00044692793150280085,1.0,0.0,0.0,0.0
5.716,0.0,0.0,1.4995507371760615,0.0,0.0,0.00044605548426352305,1.0,0.0,0.0,0.0
5.718,0.0,0.0,1.4995516284162353,0.0,0.0,0.0004451846895134911,1.0,0.0,0.0,0.0
5.72,0.0,0.0,1.4995525179164693,0.0,0.0,0.00044431554430712176,1.0,0.0,0.0,0.0
5.722,0.0,0.0,1.4995534056800592,0.0,0.0,0.00044344804570340036,1.0,0.0,0.0,0.0
5.724,0.0,0.0,1.4995542917102958,0.0,0.0,0.00044258219076585283,1.0,0.0,0.0,0.0
5.726,0.0,0.0,1.499555176010463,0.0,0.0,0.0004417179765625631,1.0,0.0,0.0,0.0
5.728,0.0,0.0,1.49955605858384,0.0,0.0,0.000440855400166159,1.0,0.0,0.0,0.0
5.73,0.0,0.0,1.4995569394336987,0.0,0.0,0.0004399944586538088,1.0,0.0,0.0,0.0
5.732,0.0,0.0,1.4995578185633065,0.0,0.0,0.00043913514910722115,1.0,0.0,0.0,0.0
5.734,0.0,0.0,1.4995586959759242,0.0,0.0,0.0004382774686126237,1.0,0.0,0.0,0.0
5.736,0.0,0.0,1.4995595716748071,0.0,0.0,0.0004374214142607916,1.0,0.0,0.0,0.0
5.738,0.0,0.0,1.4995604456632046,0.0,0.0,0.0004365669831470119,1.0,0.0,0.0,0.0
5.74,0.0,0.0,1.49956131794436,0.0,0.0,0.0004357141723710943,1.0,0.0,0.0,0.0
5.742,0.0,0.0,1.4995621885215116,0.0,0.0,0.00043486297903736046,1.0,0.0,0.0,0.0
5.744,0.0,0.0,1.4995630573978909,0.0,0.0,0.0004340134002546475,1.0,0.0,0.0,0.0
5.746,0.0,0.0,1.4995639245767243,0.0,0.0,0.0004331654331362938,1.0,0.0,0.0,0.0
5.748,0.0,0.0,1.4995647900612321,0.0,0.0,0.0004323190748001427,1.0,0.0,0.0,0.0
5.75,0.0,0.0,1.4995656538546294,0.0,0.0,0.0004314743223685352,1.0,0.0,0.0,0.0
5.752,0.0,0.0,1.4995665159601248,0.0,0.0,0.0004306311729683028,1.0,0.0,0.0,0.0
5.7540000000000004,0.0,0.0,1.4995673763809214,0.0,0.0,0.00042978962373076796,1.0,0.0,0.0,0.0
5.756,0.0,0.0,1.4995682351202169,0.0,0.0,0.0004289496717917363,1.0,0.0,0.0,0.0
5.758,0.0,0.0,1.499569092181203,0.0,0.0,0.00042811131429149366,1.0,0.0,0.0,0.0
5.76,0.0,0.0,1.4995699475670656,0.0,0.0,0.0004272745483748022,1.0,0.0,0.0,0.0
5.7620000000000005,0.0,0.0,1.4995708012809852,0.0,0.0,0.0004264393711908934,1.0,0.0,0.0,0.0
5.764,0.0,0.0,1.4995716533261363,0.0,0.0,0.00042560577989346807,1.0,0.0,0.0,0.0
5.766,0.0,0.0,1.4995725037056877,0.0,0.0,0.0004247737716406821,1.0,0.0,0.0,0.0
5.768,0.0,0.0,1.499573352422803,0.0,0.0,0.0004239433435951572,1.0,0.0,0.0,0.0
5.7700000000000005,0.0,0.0,1.4995741994806395,0.0,0.0,0.000423114492923963,1.0,0.0,0.0,0.0
5.772,0.0,0.0,1.4995750448823493,0.0,0.0,0.0004222872167986207,1.0,0.0,0.0,0.0
5.774,0.0,0.0,1.4995758886310784,0.0,0.0,0.00042146151239509243,1.0,0.0,0.0,0.0
5.776,0.0,0.0,1.4995767307299677,0.0,0.0,0.00042063737689378475,1.0,0.0,0.0,0.0
5.7780000000000005,0.0,0.0,1.499577571182152,0.0,0.0,0.0004198148074795309,1.0,0.0,0.0,0.0
5.78,0.0,0.0,1.4995784099907608,0.0,0.0,0.00041899380134160146,1.0,0.0,0.0,0.0
5.782,0.0,0.0,1.4995792471589178,0.0,0.0,0.0004181743556736937,1.0,0.0,0.0,0.0
5.784,0.0,0.0,1.4995800826897412,0.0,0.0,0.00041735646767392435,1.0,0.0,0.0,0.0
5.7860000000000005,0.0,0.0,1.4995809165863434,0.0,0.0,0.0004165401345448263,1.0,0.0,0.0,0.0
5.788,0.0,0.0,1.4995817488518315,0.0,0.0,0.00041572535349334493,1.0,0.0,0.0,0.0
5.79,0.0,0.0,1.4995825794893067,0.0,0.0,0.0004149121217308345,1.0,0.0,0.0,0.0
5.792,0.0,0.0,1.499583408501865,0.0,0.0,0.00041410043647305804,1.0,0.0,0.0,0.0
5.7940000000000005,0.0,0.0,1.4995842358925964,0.0,0.0,0.00041329029494016644,1.0,0.0,0.0,0.0
5.796,0.0,0.0,1.4995850616645856,0.0,0.0,0.00041248169435670866,1.0,0.0,0.0,0.0
5.798,0.0,0.0,1.499585885820912,0.0,0.0,0.00041167463195162845,1.0,0.0,0.0,0.0
5.8,0.0,0.0,1.4995867083646488,0.0,0.0,0.0004108691049582536,1.0,0.0,0.0,0.0
5.8020000000000005,0.0,0.0,1.4995875292988643,0.0,0.0,0.00041006511061428876,1.0,0.0,0.0,0.0
5.804,0.0,0.0,1.499588348626621,0.0,0.0,0.00040926264616181565,1.0,0.0,0.0,0.0
5.806,0.0,0.0,1.4995891663509762,0.0,0.0,0.00040846170884729287,1.0,0.0,0.0,0.0
5.808,0.0,0.0,1.499589982474981,0.0,0.0,0.0004076622959215346,1.0,0.0,0.0,0.0
5.8100000000000005,0.0,0.0,1.4995907970016815,0.0,0.0,0.000406864404639725,1.0,0.0,0.0,0.0
5.812,0.0,0.0,1.4995916099341184,0.0,0.0,0.00040606803226140724,1.0,0.0,0.0,0.0
5.814,0.0,0.0,1.4995924212753267,0.0,0.0,0.00040527317605047313,1.0,0.0,0.0,0.0
5.816,0.0,0.0,1.499593231028336,0.0,0.0,0.0004044798332751665,1.0,0.0,0.0,0.0
5.8180000000000005,0.0,0.0,1.4995940391961704,0.0,0.0,0.0004036880012080726,1.0,0.0,0.0,0.0
5.82,0.0,0.0,1.4995948457818487,0.0,0.0,0.0004028976771261146,1.0,0.0,0.0,0.0
5.822,0.0,0.0,1.499595650788384,0.0,0.0,0.000402108858310557,1.0,0.0,0.0,0.0
5.824,0.0,0.0,1.4995964542187845,0.0,0.0,0.00040132154204698445,1.0,0.0,0.0,0.0
5.8260000000000005,0.0,0.0,1.4995972560760522,0.0,0.0,0.00040053572562531237,1.0,0.0,0.0,0.0
5.828,0.0,0.0,1.499598056363184,0.0,0.0,0.0003997514063397798,1.0,0.0,0.0,0.0
5.83,0.0,0.0,1.499598855083172,0.0,0.0,0.0003989685814889352,1.0,0.0,0.0,0.0
5.832,0.0,0.0,1.4995996522390018,0.0,0.0,0.00039818724837564014,1.0,0.0,0.0,0.0
5.8340000000000005,0.0,0.0,1.4996004478336544,0.0,0.0,0.0003974074043070655,1.0,0.0,0.0,0.0
5.836,0.0,0.0,1.4996012418701052,0.0,0.0,0.0003966290465946845,1.0,0.0,0.0,0.0
5.838,0.0,0.0,1.4996020343513243,0.0,0.0,0.00039585217255426214,1.0,0.0,0.0,0.0
5.84,0.0,0.0,1.4996028252802764,0.0,0.0,0.0003950767795058657,1.0,0.0,0.0,0.0
5.8420000000000005,0.0,0.0,1.4996036146599208,0.0,0.0,0.00039430286477383985,1.0,0.0,0.0,0.0
5.844,0.0,0.0,1.4996044024932111,0.0,0.0,0.00039353042568681756,1.0,0.0,0.0,0.0
5.846,0.0,0.0,1.4996051887830963,0.0,0.0,0.0003927594595777127,1.0,0.0,0.0,0.0
5.848,0.0,0.0,1.4996059735325198,0.0,0.0,0.0003919899637837059,1.0,0.0,0.0,0.0
5.8500000000000005,0.0,0.0,1.4996067567444191,0.0,0.0,0.00039122193564625543,1.0,0.0,0.0,0.0
5.852,0.0,0.0,1.4996075384217273,0.0,0.0,0.0003904553725110791,1.0,0.0,0.0,0.0
5.854,0.0,0.0,1.4996083185673716,0.0,0.0,0.00038969027172815456,1.0,0.0,0.0,0.0
5.856,0.0,0.0,1.499609097184274,0.0,0.0,0.00038892663065171547,1.0,0.0,0.0,0.0
5.8580000000000005,0.0,0.0,1.4996098742753512,0.0,0.0,0.00038816444664024457,1.0,0.0,0.0,0.0
5.86,0.0,0.0,1.4996106498435149,0.0,0.0,0.00038740371705647375,1.0,0.0,0.0,0.0
5.862,0.0,0.0,1.4996114238916711,0.0,0.0,0.0003866444392673767,1.0,0.0,0.0,0.0
5.864,0.0,0.0,1.4996121964227211,0.0,0.0,0.000385886610644155,1.0,0.0,0.0,0.0
5.8660000000000005,0.0,0.0,1.4996129674395604,0.0,0.0,0.0003851302285622484,1.0,0.0,0.0,0.0
5.868,0.0,0.0,1.4996137369450793,0.0,0.0,0.0003843752904013211,1.0,0.0,0.0,0.0
5.87,0.0,0.0,1.4996145049421632,0.0,0.0,0.00038362179354526125,1.0,0.0,0.0,0.0
5.872,0.0,0.0,1.499615271433692,0.0,0.0,0.00038286973538217414,1.0,0.0,0.0,0.0
5.8740000000000006,0.0,0.0,1.4996160364225408,0.0,0.0,0.00038211911330437504,1.0,0.0,0.0,0.0
5.876,0.0,0.0,1.4996167999115788,0.0,0.0,0.00038136992470838923,1.0,0.0,0.0,0.0
5.878,0.0,0.0,1.4996175619036705,0.0,0.0,0.00038062216699494473,1.0,0.0,0.0,0.0
5.88,0.0,0.0,1.499618322401675,0.0,0.0,0.0003798758375689654,1.0,0.0,0.0,0.0
5.882000000000001,0.0,0.0,1.4996190814084465,0.0,0.0,0.0003791309338395709,1.0,0.0,0.0,0.0
5.884,0.0,0.0,1.4996198389268336,0.0,0.0,0.00037838745322006943,1.0,0.0,0.0,0.0
5.886,0.0,0.0,1.49962059495968,0.0,0.0,0.00037764539312795436,1.0,0.0,0.0,0.0
5.888,0.0,0.0,1.499621349509824,0.0,0.0,0.000376904750984897,1.0,0.0,0.0,0.0
5.89,0.0,0.0,1.4996221025800993,0.0,0.0,0.0003761655242167396,1.0,0.0,0.0,0.0
5.892,0.0,0.0,1.4996228541733339,0.0,0.0,0.0003754277102534988,1.0,0.0,0.0,0.0
5.894,0.0,0.0,1.4996236042923505,0.0,0.0,0.0003746913065293551,1.0,0.0,0.0,0.0
5.896,0.0,0.0,1.4996243529399675,0.0,0.0,0.0003739563104826455,1.0,0.0,0.0,0.0
5.898,0.0,0.0,1.4996251001189975,0.0,0.0,0.00037322271955586746,1.0,0.0,0.0,0.0
5.9,0.0,0.0,1.4996258458322482,0.0,0.0,0.00037249053119566786,1.0,0.0,0.0,0.0
5.902,0.0,0.0,1.4996265900825223,0.0,0.0,0.00037175974285283604,1.0,0.0,0.0,0.0
5.904,0.0,0.0,1.499627332872617,0.0,0.0,0.0003710303519823039,1.0,0.0,0.0,0.0
5.906,0.0,0.0,1.4996280742053252,0.0,0.0,0.0003703023560431386,1.0,0.0,0.0,0.0
5.908,0.0,0.0,1.4996288140834337,0.0,0.0,0.0003695757524985427,1.0,0.0,0.0,0.0
5.91,0.0,0.0,1.499629552509725,0.0,0.0,0.00036885053881584355,1.0,0.0,0.0,0.0
5.912,0.0,0.0,1.4996302894869762,0.0,0.0,0.0003681267124664824,1.0,0.0,0.0,0.0
5.914,0.0,0.0,1.4996310250179596,0.0,0.0,0.00036740427092602873,1.0,0.0,0.0,0.0
5.916,0.0,0.0,1.4996317591054422,0.0,0.0,0.00036668321167416265,1.0,0.0,0.0,0.0
5.918,0.0,0.0,1.4996324917521862,0.0,0.0,0.00036596353219466054,1.0,0.0,0.0,0.0
5.92,0.0,0.0,1.4996332229609484,0.0,0.0,0.00036524522997541267,1.0,0.0,0.0,0.0
5.922,0.0,0.0,1.4996339527344809,0.0,0.0,0.0003645283025083987,1.0,0.0,0.0,0.0
5.924,0.0,0.0,1.4996346810755306,0.0,0.0,0.0003638127472896979,1.0,0.0,0.0,0.0
5.926,0.0,0.0,1.4996354079868397,0.0,0.0,0.00036309856181947523,1.0,0.0,0.0,0.0
5.928,0.0,0.0,1.4996361334711452,0.0,0.0,0.00036238574360197785,1.0,0.0,0.0,0.0
5.93,0.0,0.0,1.499636857531179,0.0,0.0,0.00036167429014553133,1.0,0.0,0.0,0.0
5.932,0.0,0.0,1.499637580169668,0.0,0.0,0.0003609641989625362,1.0,0.0,0.0,0.0
5.934,0.0,0.0,1.4996383013893344,0.0,0.0,0.0003602554675694573,1.0,0.0,0.0,0.0
5.936,0.0,0.0,1.4996390211928954,0.0,0.0,0.0003595480934868273,1.0,0.0,0.0,0.0
5.938,0.0,0.0,1.4996397395830632,0.0,0.0,0.00035884207423923965,1.0,0.0,0.0,0.0
5.94,0.0,0.0,1.4996404565625447,0.0,0.0,0.00035813740735533443,1.0,0.0,0.0,0.0
5.942,0.0,0.0,1.4996411721340426,0.0,0.0,0.00035743409036780873,1.0,0.0,0.0,0.0
5.944,0.0,0.0,1.4996418863002539,0.0,0.0,0.0003567321208134028,1.0,0.0,0.0,0.0
5.946,0.0,0.0,1.4996425990638709,0.0,0.0,0.0003560314962328856,1.0,0.0,0.0,0.0
5.948,0.0,0.0,1.4996433104275813,0.0,0.0,0.00035533221417107967,1.0,0.0,0.0,0.0
5.95,0.0,0.0,1.4996440203940675,0.0,0.0,0.00035463427217682225,1.0,0.0,0.0,0.0
5.952,0.0,0.0,1.4996447289660075,0.0,0.0,0.0003539376678029828,1.0,0.0,0.0,0.0
5.954,0.0,0.0,1.499645436146074,0.0,0.0,0.000353242398606449,1.0,0.0,0.0,0.0
5.956,0.0,0.0,1.4996461419369347,0.0,0.0,0.00035254846214811936,1.0,0.0,0.0,0.0
5.958,0.0,0.0,1.499646846341253,0.0,0.0,0.0003518558559929072,1.0,0.0,0.0,0.0
5.96,0.0,0.0,1.4996475493616865,0.0,0.0,0.00035116457770973666,1.0,0.0,0.0,0.0
5.962,0.0,0.0,1.499648251000889,0.0,0.0,0.00035047462487152527,1.0,0.0,0.0,0.0
5.964,0.0,0.0,1.499648951261509,0.0,0.0,0.00034978599505518373,1.0,0.0,0.0,0.0
5.966,0.0,0.0,1.4996496501461898,0.0,0.0,0.00034909868584162665,1.0,0.0,0.0,0.0
5.968,0.0,0.0,1.4996503476575704,0.0,0.0,0.00034841269481574057,1.0,0.0,0.0,0.0
5.97,0.0,0.0,1.4996510437982848,0.0,0.0,0.0003477280195663982,1.0,0.0,0.0,0.0
5.972,0.0,0.0,1.499651738570962,0.0,0.0,0.0003470446576864513,1.0,0.0,0.0,0.0
5.974,0.0,0.0,1.4996524319782265,0.0,0.0,0.00034636260677272003,1.0,0.0,0.0,0.0
5.976,0.0,0.0,1.4996531240226978,0.0,0.0,0.00034568186442599283,1.0,0.0,0.0,0.0
5.978,0.0,0.0,1.4996538147069904,0.0,0.0,0.0003450024282510195,1.0,0.0,0.0,0.0
5.98,0.0,0.0,1.4996545040337146,0.0,0.0,0.0003443242958565111,1.0,0.0,0.0,0.0
5.982,0.0,0.0,1.4996551920054753,0.0,0.0,0.00034364746485512215,1.0,0.0,0.0,0.0
5.984,0.0,0.0,1.499655878624873,0.0,0.0,0.0003429719328634579,1.0,0.0,0.0,0.0
5.986,0.0,0.0,1.4996565638945034,0.0,0.0,0.00034229769750206346,1.0,0.0,0.0,0.0
5.988,0.0,0.0,1.4996572478169574,0.0,0.0,0.00034162475639542753,1.0,0.0,0.0,0.0
5.99,0.0,0.0,1.499657930394821,0.0,0.0,0.000340953107171968,1.0,0.0,0.0,0.0
5.992,0.0,0.0,1.4996586116306756,0.0,0.0,0.00034028274746403215,1.0,0.0,0.0,0.0
5.994,0.0,0.0,1.4996592915270979,0.0,0.0,0.00033961367490788593,1.0,0.0,0.0,0.0
5.996,0.0,0.0,1.49965997008666,0.0,0.0,0.00033894588714371385,1.0,0.0,0.0,0.0
5.998,0.0,0.0,1.499660647311929,0.0,0.0,0.00033827938181561556,1.0,0.0,0.0,0.0
